INSERT INTO Paper (PaperID, Title, Year, MDate, Key, DOI) VALUES (88, 'Oc800Aeacute; at CLEF 2003.', 2003, '2017-05-24', 'conf/clef/BrandBDIK03', 'https://doi.org/10.1007/978-3-540-30222-3_28');
INSERT INTO Write (AuthorID, PaperID) VALUES (443, 88);
INSERT INTO Paper (PaperID, Title, Year, MDate, Key, DOI) VALUES (603, 'Some Terms are more Interchangeable than Others.', 2001, '2014-08-15', 'conf/clef/KlokDB01a', 'http://ceur-ws.org/Vol-1167/CLEF2001wn-adhoc-KlokEt2001.pdf');
INSERT INTO Write (AuthorID, PaperID) VALUES (443, 603);
INSERT INTO Paper (PaperID, Title, Year, MDate, Key, DOI) VALUES (609, 'Oc800Aeacute; at CLEF 2003.', 2003, '2014-08-15', 'conf/clef/BrandBDIK03a', 'http://ceur-ws.org/Vol-1169/CLEF2003wn-adhoc-BrandEt2003.pdf');
INSERT INTO Write (AuthorID, PaperID) VALUES (443, 609);
INSERT INTO Paper (PaperID, Title, Year, MDate, Key, DOI) VALUES (1938, 'Oc800Aeacute; at CLEF 2002.', 2002, '2014-08-15', 'conf/clef/BrandB02a', 'http://ceur-ws.org/Vol-1168/CLEF2002wn-adhoc-BrandEt2002.pdf');
INSERT INTO Write (AuthorID, PaperID) VALUES (443, 1938);
INSERT INTO Paper (PaperID, Title, Year, MDate, Key, DOI) VALUES (2204, 'Oc800Aeacute; at CLEF 2002.', 2002, '2017-05-24', 'conf/clef/BrandB02', 'https://doi.org/10.1007/978-3-540-45237-9_5');
INSERT INTO Write (AuthorID, PaperID) VALUES (443, 2204);
INSERT INTO Paper (PaperID, Title, Year, MDate, Key, DOI) VALUES (3182, 'Some Terms Are More Interchangeable than Others.', 2001, '2017-05-24', 'conf/clef/KlokDB01', 'https://doi.org/10.1007/3-540-45691-0_29');
INSERT INTO Write (AuthorID, PaperID) VALUES (443, 3182);
INSERT INTO Author (AuthorID, Name) VALUES (444, 'Peter Wilkins');
INSERT INTO Write (AuthorID, PaperID) VALUES (444, 863);
INSERT INTO Write (AuthorID, PaperID) VALUES (444, 1786);
INSERT INTO Write (AuthorID, PaperID) VALUES (444, 2111);
INSERT INTO Write (AuthorID, PaperID) VALUES (444, 2279);
INSERT INTO Write (AuthorID, PaperID) VALUES (444, 2791);
INSERT INTO Write (AuthorID, PaperID) VALUES (444, 2958);
INSERT INTO Author (AuthorID, Name) VALUES (445, 'Jos&eacute; M. Go&ntilde;i');
INSERT INTO Write (AuthorID, PaperID) VALUES (445, 39);
INSERT INTO Write (AuthorID, PaperID) VALUES (445, 1925);
INSERT INTO Write (AuthorID, PaperID) VALUES (445, 1996);
INSERT INTO Write (AuthorID, PaperID) VALUES (445, 2569);
INSERT INTO Write (AuthorID, PaperID) VALUES (445, 2633);
INSERT INTO Write (AuthorID, PaperID) VALUES (445, 3372);
INSERT INTO Author (AuthorID, Name) VALUES (446, 'Alicia Ageno');
INSERT INTO Write (AuthorID, PaperID) VALUES (446, 216);
INSERT INTO Write (AuthorID, PaperID) VALUES (446, 492);
INSERT INTO Write (AuthorID, PaperID) VALUES (446, 916);
INSERT INTO Write (AuthorID, PaperID) VALUES (446, 1908);
INSERT INTO Write (AuthorID, PaperID) VALUES (446, 1950);
INSERT INTO Write (AuthorID, PaperID) VALUES (446, 2352);
INSERT INTO Author (AuthorID, Name) VALUES (447, 'David Zellh&ouml;fer');
INSERT INTO Write (AuthorID, PaperID) VALUES (447, 537);
INSERT INTO Paper (PaperID, Title, Year, MDate, Key, DOI) VALUES (791, 'Overview of the Personal Photo Retrieval Pilot Task at ImageCLEF 2012.', 2012, '2014-09-24', 'conf/clef/Zellhoefer12', 'http://www.clef-initiative.eu/documents/71612/51ce9787-6183-4172-acb4-b9f892c17995');
INSERT INTO Write (AuthorID, PaperID) VALUES (447, 791);
INSERT INTO Paper (PaperID, Title, Year, MDate, Key, DOI) VALUES (1494, 'BTU DBIS'' Personal Photo Retrieval Runs at ImageCLEF 2013.', 2013, '2014-09-10', 'conf/clef/BottcherZS13', 'http://ceur-ws.org/Vol-1179/CLEF2013wn-ImageCLEF-BottcherEt2013.pdf');
INSERT INTO Write (AuthorID, PaperID) VALUES (447, 1494);
INSERT INTO Paper (PaperID, Title, Year, MDate, Key, DOI) VALUES (1879, 'BTU DBIS'' Multimodal Wikipedia Retrieval Runs at ImageCLEF 2011.', 2011, '2014-09-24', 'conf/clef/ZellhoferB11', 'http://www.clef-initiative.eu/documents/71612/86377/CLEF2011wn-ImageCLEF-ZellhoeferEt2011.pdf');
INSERT INTO Write (AuthorID, PaperID) VALUES (447, 1879);
INSERT INTO Paper (PaperID, Title, Year, MDate, Key, DOI) VALUES (2234, 'Overview of the ImageCLEF 2013 Personal Photo Retrieval Subtask.', 2013, '2014-09-10', 'conf/clef/Zellhofer13', 'http://ceur-ws.org/Vol-1179/CLEF2013wn-ImageCLEF-Zellhofer2013.pdf');
INSERT INTO Write (AuthorID, PaperID) VALUES (447, 2234);
INSERT INTO Paper (PaperID, Title, Year, MDate, Key, DOI) VALUES (2831, 'BTU DBIS'' Plant Identification Runs at ImageCLEF 2012.', 2012, '2014-09-24', 'conf/clef/BottcherSZS12', 'http://www.clef-initiative.eu/documents/71612/54279c80-990d-4635-8d8c-53816839726d');
INSERT INTO Write (AuthorID, PaperID) VALUES (447, 2831);
INSERT INTO Author (AuthorID, Name) VALUES (448, 'Dan I. Moldovan');
INSERT INTO Paper (PaperID, Title, Year, MDate, Key, DOI) VALUES (253, 'Multilingual Question Answering through Intermediate Translation: LCC''s PowerAnswer at QA@CLEF 2007.', 2007, '2014-09-23', 'conf/clef/BowdenOSDM07a', 'http://ceur-ws.org/Vol-1173/CLEF2007wn-QACLEF-BowdenEt2007.pdf');
INSERT INTO Write (AuthorID, PaperID) VALUES (448, 253);
INSERT INTO Paper (PaperID, Title, Year, MDate, Key, DOI) VALUES (1120, 'LCC''s PowerAnswer at QA@CLEF 2006.', 2006, '2014-08-15', 'conf/clef/BowdenOSCM06a', 'http://ceur-ws.org/Vol-1172/CLEF2006wn-QACLEF-BowdenEt2006.pdf');
INSERT INTO Write (AuthorID, PaperID) VALUES (448, 1120);
INSERT INTO Paper (PaperID, Title, Year, MDate, Key, DOI) VALUES (2246, 'Automatic Answer Validation Using COGEX.', 2006, '2017-05-24', 'conf/clef/TatuIM06', 'https://doi.org/10.1007/978-3-540-74999-8_59');
INSERT INTO Write (AuthorID, PaperID) VALUES (448, 2246);
INSERT INTO Paper (PaperID, Title, Year, MDate, Key, DOI) VALUES (3464, 'LCC''s PowerAnswer at QA@CLEF 2006.', 2006, '2017-05-24', 'conf/clef/BowdenOSCM06', 'https://doi.org/10.1007/978-3-540-74999-8_38');
INSERT INTO Write (AuthorID, PaperID) VALUES (448, 3464);
INSERT INTO Paper (PaperID, Title, Year, MDate, Key, DOI) VALUES (3520, 'Multilingual Question Answering through Intermediate Translation: LCC''s PowerAnswer at QA@CLEF 2007.', 2007, '2017-05-24', 'conf/clef/BowdenOSDM07', 'https://doi.org/10.1007/978-3-540-85760-0_33');
INSERT INTO Write (AuthorID, PaperID) VALUES (448, 3520);
INSERT INTO Paper (PaperID, Title, Year, MDate, Key, DOI) VALUES (3528, 'Automatic Answer Validation using COGEX.', 2006, '2014-08-15', 'conf/clef/TatuIM06a', 'http://ceur-ws.org/Vol-1172/CLEF2006wn-QACLEF-TatuEt2006.pdf');
INSERT INTO Write (AuthorID, PaperID) VALUES (448, 3528);
INSERT INTO Author (AuthorID, Name) VALUES (449, 'Monica Rogati');
INSERT INTO Paper (PaperID, Title, Year, MDate, Key, DOI) VALUES (852, 'Cross-Lingual Pseudo-Relevance Feedback Using a Comparable Corpus.', 2001, '2017-05-24', 'conf/clef/RogatiY01', 'https://doi.org/10.1007/3-540-45691-0_12');
INSERT INTO Write (AuthorID, PaperID) VALUES (449, 852);
INSERT INTO Write (AuthorID, PaperID) VALUES (449, 1703);
INSERT INTO Write (AuthorID, PaperID) VALUES (449, 2183);
INSERT INTO Paper (PaperID, Title, Year, MDate, Key, DOI) VALUES (2184, 'CMU PRF using a Comparable Corpus.', 2001, '2014-08-15', 'conf/clef/RogatiY01a', 'http://ceur-ws.org/Vol-1167/CLEF2001wn-adhoc-RogatiEt2001.pdf');
INSERT INTO Write (AuthorID, PaperID) VALUES (449, 2184);
INSERT INTO Paper (PaperID, Title, Year, MDate, Key, DOI) VALUES (2682, 'CONTROL: CLEF-2003 with Open, Transparent Resources Off-Line.', 2003, '2014-08-15', 'conf/clef/RogatiY03a', 'http://ceur-ws.org/Vol-1169/CLEF2003wn-adhoc-RogatiEt2003.pdf');
INSERT INTO Write (AuthorID, PaperID) VALUES (449, 2682);
INSERT INTO Paper (PaperID, Title, Year, MDate, Key, DOI) VALUES (3006, 'Multilingual Information Retrieval Using Open, Transparent Resources in CLEF 2003.', 2003, '2017-05-24', 'conf/clef/RogatiY03', 'https://doi.org/10.1007/978-3-540-30222-3_12');
INSERT INTO Write (AuthorID, PaperID) VALUES (449, 3006);
INSERT INTO Author (AuthorID, Name) VALUES (450, 'Hugo Zaragoza');
INSERT INTO Write (AuthorID, PaperID) VALUES (450, 820);
INSERT INTO Write (AuthorID, PaperID) VALUES (450, 1332);
INSERT INTO Paper (PaperID, Title, Year, MDate, Key, DOI) VALUES (1719, 'UCM-Y!R at CLEF 2008 Robust and WSD tasks.', 2008, '2014-09-29', 'conf/clef/Perez-AgueraZ08a', 'http://ceur-ws.org/Vol-1174/CLEF2008wn-adhoc-PerezAgueraEt2008.pdf');
INSERT INTO Write (AuthorID, PaperID) VALUES (450, 1719);
INSERT INTO Write (AuthorID, PaperID) VALUES (450, 1863);
INSERT INTO Write (AuthorID, PaperID) VALUES (450, 2388);
INSERT INTO Paper (PaperID, Title, Year, MDate, Key, DOI) VALUES (2856, 'Query Clauses and Term Independence.', 2008, '2017-05-24', 'conf/clef/Perez-AgueraZ08', 'https://doi.org/10.1007/978-3-642-04447-2_17');
INSERT INTO Write (AuthorID, PaperID) VALUES (450, 2856);
INSERT INTO Author (AuthorID, Name) VALUES (451, 'Vassilis Plachouras');
INSERT INTO Write (AuthorID, PaperID) VALUES (451, 1049);
INSERT INTO Write (AuthorID, PaperID) VALUES (451, 1883);
INSERT INTO Write (AuthorID, PaperID) VALUES (451, 2367);
INSERT INTO Write (AuthorID, PaperID) VALUES (451, 2619);
INSERT INTO Write (AuthorID, PaperID) VALUES (451, 3004);
INSERT INTO Write (AuthorID, PaperID) VALUES (451, 3095);
INSERT INTO Author (AuthorID, Name) VALUES (452, 'Maristella Agosti');
INSERT INTO Write (AuthorID, PaperID) VALUES (452, 1194);
INSERT INTO Write (AuthorID, PaperID) VALUES (452, 1984);
INSERT INTO Write (AuthorID, PaperID) VALUES (452, 2425);
INSERT INTO Write (AuthorID, PaperID) VALUES (452, 3179);
INSERT INTO Write (AuthorID, PaperID) VALUES (452, 3287);
INSERT INTO Write (AuthorID, PaperID) VALUES (452, 3507);
INSERT INTO Author (AuthorID, Name) VALUES (453, 'Partha Pakray');
INSERT INTO Write (AuthorID, PaperID) VALUES (453, 25);
INSERT INTO Write (AuthorID, PaperID) VALUES (453, 125);
INSERT INTO Write (AuthorID, PaperID) VALUES (453, 941);
INSERT INTO Write (AuthorID, PaperID) VALUES (453, 2150);
INSERT INTO Write (AuthorID, PaperID) VALUES (453, 2227);
INSERT INTO Write (AuthorID, PaperID) VALUES (453, 3379);
INSERT INTO Author (AuthorID, Name) VALUES (454, 'Ben He');
INSERT INTO Write (AuthorID, PaperID) VALUES (454, 1049);
INSERT INTO Write (AuthorID, PaperID) VALUES (454, 1883);
INSERT INTO Write (AuthorID, PaperID) VALUES (454, 2367);
INSERT INTO Write (AuthorID, PaperID) VALUES (454, 2619);
INSERT INTO Write (AuthorID, PaperID) VALUES (454, 3004);
INSERT INTO Write (AuthorID, PaperID) VALUES (454, 3095);
INSERT INTO Author (AuthorID, Name) VALUES (455, 'Emanuela Boros');
INSERT INTO Write (AuthorID, PaperID) VALUES (455, 605);
INSERT INTO Write (AuthorID, PaperID) VALUES (455, 1117);
INSERT INTO Write (AuthorID, PaperID) VALUES (455, 1731);
INSERT INTO Write (AuthorID, PaperID) VALUES (455, 1840);
INSERT INTO Write (AuthorID, PaperID) VALUES (455, 2465);
INSERT INTO Write (AuthorID, PaperID) VALUES (455, 3397);
INSERT INTO Author (AuthorID, Name) VALUES (456, 'Raquel G&oacute;mez D&iacute;az');
INSERT INTO Write (AuthorID, PaperID) VALUES (456, 1453);
INSERT INTO Write (AuthorID, PaperID) VALUES (456, 1733);
INSERT INTO Write (AuthorID, PaperID) VALUES (456, 1910);
INSERT INTO Write (AuthorID, PaperID) VALUES (456, 2280);
INSERT INTO Write (AuthorID, PaperID) VALUES (456, 2417);
INSERT INTO Write (AuthorID, PaperID) VALUES (456, 3517);
INSERT INTO Author (AuthorID, Name) VALUES (457, 'Ad&aacute;n Cassan');
INSERT INTO Write (AuthorID, PaperID) VALUES (457, 136);
INSERT INTO Write (AuthorID, PaperID) VALUES (457, 189);
INSERT INTO Write (AuthorID, PaperID) VALUES (457, 1639);
INSERT INTO Write (AuthorID, PaperID) VALUES (457, 1684);
INSERT INTO Write (AuthorID, PaperID) VALUES (457, 2923);
INSERT INTO Write (AuthorID, PaperID) VALUES (457, 3232);
INSERT INTO Author (AuthorID, Name) VALUES (458, 'Leonardo Andrade 0001');
INSERT INTO Write (AuthorID, PaperID) VALUES (458, 51);
INSERT INTO Write (AuthorID, PaperID) VALUES (458, 619);
INSERT INTO Write (AuthorID, PaperID) VALUES (458, 2613);
INSERT INTO Write (AuthorID, PaperID) VALUES (458, 2692);
INSERT INTO Write (AuthorID, PaperID) VALUES (458, 2968);
INSERT INTO Write (AuthorID, PaperID) VALUES (458, 3461);
INSERT INTO Author (AuthorID, Name) VALUES (459, 'Lonneke van der Plas');
INSERT INTO Write (AuthorID, PaperID) VALUES (459, 115);
INSERT INTO Write (AuthorID, PaperID) VALUES (459, 155);
INSERT INTO Write (AuthorID, PaperID) VALUES (459, 348);
INSERT INTO Write (AuthorID, PaperID) VALUES (459, 425);
INSERT INTO Write (AuthorID, PaperID) VALUES (459, 1860);
INSERT INTO Write (AuthorID, PaperID) VALUES (459, 3306);
INSERT INTO Author (AuthorID, Name) VALUES (460, 'Eric Bilinski');
INSERT INTO Write (AuthorID, PaperID) VALUES (460, 1200);
INSERT INTO Write (AuthorID, PaperID) VALUES (460, 1532);
INSERT INTO Write (AuthorID, PaperID) VALUES (460, 2223);
INSERT INTO Write (AuthorID, PaperID) VALUES (460, 3131);
INSERT INTO Write (AuthorID, PaperID) VALUES (460, 3300);
INSERT INTO Write (AuthorID, PaperID) VALUES (460, 3439);
INSERT INTO Author (AuthorID, Name) VALUES (461, 'Ben Verhoeven');
INSERT INTO Write (AuthorID, PaperID) VALUES (461, 109);
INSERT INTO Write (AuthorID, PaperID) VALUES (461, 187);
INSERT INTO Write (AuthorID, PaperID) VALUES (461, 1386);
INSERT INTO Write (AuthorID, PaperID) VALUES (461, 2304);
INSERT INTO Write (AuthorID, PaperID) VALUES (461, 2544);
INSERT INTO Write (AuthorID, PaperID) VALUES (461, 3074);
INSERT INTO Author (AuthorID, Name) VALUES (462, 'Jana Kludas');
INSERT INTO Write (AuthorID, PaperID) VALUES (462, 363);
INSERT INTO Write (AuthorID, PaperID) VALUES (462, 798);
INSERT INTO Write (AuthorID, PaperID) VALUES (462, 871);
INSERT INTO Write (AuthorID, PaperID) VALUES (462, 1032);
INSERT INTO Write (AuthorID, PaperID) VALUES (462, 1616);
INSERT INTO Write (AuthorID, PaperID) VALUES (462, 2884);
INSERT INTO Author (AuthorID, Name) VALUES (463, 'Antonio Toral');
INSERT INTO Write (AuthorID, PaperID) VALUES (463, 548);
INSERT INTO Write (AuthorID, PaperID) VALUES (463, 682);
INSERT INTO Write (AuthorID, PaperID) VALUES (463, 1199);
INSERT INTO Write (AuthorID, PaperID) VALUES (463, 2302);
INSERT INTO Write (AuthorID, PaperID) VALUES (463, 2792);
INSERT INTO Write (AuthorID, PaperID) VALUES (463, 2930);
INSERT INTO Author (AuthorID, Name) VALUES (464, 'Irina Chugur');
INSERT INTO Write (AuthorID, PaperID) VALUES (464, 299);
INSERT INTO Write (AuthorID, PaperID) VALUES (464, 505);
INSERT INTO Write (AuthorID, PaperID) VALUES (464, 2648);
INSERT INTO Write (AuthorID, PaperID) VALUES (464, 2931);
INSERT INTO Write (AuthorID, PaperID) VALUES (464, 3074);
INSERT INTO Write (AuthorID, PaperID) VALUES (464, 3121);
INSERT INTO Author (AuthorID, Name) VALUES (465, 'Stefanie Nowak');
INSERT INTO Paper (PaperID, Title, Year, MDate, Key, DOI) VALUES (1877, 'THESEUS Meets ImageCLEF: Combining Evaluation Strategies for a New Visual Concept Detection Task 2009.', 2008, '2017-05-24', 'conf/clef/NowakDP08', 'https://doi.org/10.1007/978-3-642-04447-2_82');
INSERT INTO Write (AuthorID, PaperID) VALUES (465, 1877);
INSERT INTO Paper (PaperID, Title, Year, MDate, Key, DOI) VALUES (2463, 'The Fraunhofer IDMT at ImageCLEF 2011 Photo Annotation Task.', 2011, '2014-09-24', 'conf/clef/NagelNKW11', 'http://www.clef-initiative.eu/documents/71612/86377/CLEF2011wn-ImageCLEF-NagelEt2011.pdf');
INSERT INTO Write (AuthorID, PaperID) VALUES (465, 2463);
INSERT INTO Paper (PaperID, Title, Year, MDate, Key, DOI) VALUES (2869, 'Overview of the CLEF 2009 Large-Scale Visual Concept Detection and Annotation Task.', 2009, '2017-05-24', 'conf/clef/NowakD09', 'https://doi.org/10.1007/978-3-642-15751-6_10');
INSERT INTO Write (AuthorID, PaperID) VALUES (465, 2869);
INSERT INTO Paper (PaperID, Title, Year, MDate, Key, DOI) VALUES (2899, 'The CLEF 2011 Photo Annotation and Concept-based Retrieval Tasks.', 2011, '2014-09-24', 'conf/clef/NowakNL11', 'http://www.clef-initiative.eu/documents/71612/86377/CLEF2011wn-ImageCLEF-NowakEt2011.pdf');
INSERT INTO Write (AuthorID, PaperID) VALUES (465, 2899);
INSERT INTO Paper (PaperID, Title, Year, MDate, Key, DOI) VALUES (2937, 'Overview of the CLEF 2009 Large Scale - Visual Concept Detection and Annotation Task.', 2009, '2014-09-29', 'conf/clef/NowakD09a', 'http://ceur-ws.org/Vol-1175/CLEF2009wn-ImageCLEF-NowakEt2009.pdf');
INSERT INTO Write (AuthorID, PaperID) VALUES (465, 2937);
INSERT INTO Paper (PaperID, Title, Year, MDate, Key, DOI) VALUES (3337, 'New Strategies for Image Annotation: Overview of the Photo Annotation Task at ImageCLEF 2010.', 2010, '2014-09-24', 'conf/clef/NowakH10', 'http://www.clef-initiative.eu/documents/71612/86374/CLEF2010wn-ImageCLEF-NowakEt2010.pdf');
INSERT INTO Write (AuthorID, PaperID) VALUES (465, 3337);
INSERT INTO Author (AuthorID, Name) VALUES (466, 'Maria Husarciuc');
INSERT INTO Write (AuthorID, PaperID) VALUES (466, 327);
INSERT INTO Write (AuthorID, PaperID) VALUES (466, 525);
INSERT INTO Write (AuthorID, PaperID) VALUES (466, 1424);
INSERT INTO Write (AuthorID, PaperID) VALUES (466, 2680);
INSERT INTO Write (AuthorID, PaperID) VALUES (466, 3126);
INSERT INTO Write (AuthorID, PaperID) VALUES (466, 3397);
INSERT INTO Author (AuthorID, Name) VALUES (467, 'Shlomo Geva');
INSERT INTO Paper (PaperID, Title, Year, MDate, Key, DOI) VALUES (124, 'Overview of the INEX 2012 Relevance Feedback Track.', 2012, '2014-09-24', 'conf/clef/ChappellG12', 'http://www.clef-initiative.eu/documents/71612/239b3e11-ba1c-403c-abfc-bde17b3ca05d');
INSERT INTO Write (AuthorID, PaperID) VALUES (467, 124);
INSERT INTO Write (AuthorID, PaperID) VALUES (467, 378);
INSERT INTO Write (AuthorID, PaperID) VALUES (467, 1324);
INSERT INTO Paper (PaperID, Title, Year, MDate, Key, DOI) VALUES (1744, 'Working Notes for TopSig at ShARe/CLEF eHealth 2013.', 2013, '2014-09-10', 'conf/clef/ChappellG13', 'http://ceur-ws.org/Vol-1179/CLEF2013wn-CLEFeHealth-ChappellEt2013.pdf');
INSERT INTO Write (AuthorID, PaperID) VALUES (467, 1744);
INSERT INTO Write (AuthorID, PaperID) VALUES (467, 2460);
INSERT INTO Write (AuthorID, PaperID) VALUES (467, 2709);
INSERT INTO Author (AuthorID, Name) VALUES (468, 'Anne Vilnat');
INSERT INTO Write (AuthorID, PaperID) VALUES (468, 75);
INSERT INTO Write (AuthorID, PaperID) VALUES (468, 229);
INSERT INTO Write (AuthorID, PaperID) VALUES (468, 601);
INSERT INTO Write (AuthorID, PaperID) VALUES (468, 1763);
INSERT INTO Write (AuthorID, PaperID) VALUES (468, 1940);
INSERT INTO Write (AuthorID, PaperID) VALUES (468, 3237);
INSERT INTO Author (AuthorID, Name) VALUES (469, 'Joaqu&iacute;n P&eacute;rez-Iglesias');
INSERT INTO Write (AuthorID, PaperID) VALUES (469, 19);
INSERT INTO Write (AuthorID, PaperID) VALUES (469, 35);
INSERT INTO Write (AuthorID, PaperID) VALUES (469, 1643);
INSERT INTO Write (AuthorID, PaperID) VALUES (469, 1659);
INSERT INTO Write (AuthorID, PaperID) VALUES (469, 1932);
INSERT INTO Write (AuthorID, PaperID) VALUES (469, 3505);
INSERT INTO Author (AuthorID, Name) VALUES (470, 'Sumithra Velupillai');
INSERT INTO Paper (PaperID, Title, Year, MDate, Key, DOI) VALUES (377, 'SCAN: A Swedish Clinical Abbreviation Normalizer - Further Development and Adaptation to Radiology.', 2014, '2017-05-24', 'conf/clef/KvistV14', 'https://doi.org/10.1007/978-3-319-11382-1_7');
INSERT INTO Write (AuthorID, PaperID) VALUES (470, 377);
INSERT INTO Paper (PaperID, Title, Year, MDate, Key, DOI) VALUES (777, 'Initial Results in the Development of SCAN A Swedish Clinical Abbreviation Normalizer.', 2012, '2014-09-24', 'conf/clef/IseniusVK12', 'http://www.clef-initiative.eu/documents/71612/66047d57-078e-400e-a04f-c09fc982ac8a');
INSERT INTO Write (AuthorID, PaperID) VALUES (470, 777);
INSERT INTO Write (AuthorID, PaperID) VALUES (470, 1126);
INSERT INTO Paper (PaperID, Title, Year, MDate, Key, DOI) VALUES (1259, 'KCL-Health-NLP@CLEF eHealth 2018 Task 1: ICD-10 Coding of French and Italian Death Certificates with Character-Level Convolutional Neural Networks.', 2018, '2018-08-08', 'conf/clef/IveVCBV18', 'http://ceur-ws.org/Vol-2125/paper_108.pdf');
INSERT INTO Write (AuthorID, PaperID) VALUES (470, 1259);
INSERT INTO Write (AuthorID, PaperID) VALUES (470, 1586);
INSERT INTO Write (AuthorID, PaperID) VALUES (470, 2189);
INSERT INTO Author (AuthorID, Name) VALUES (471, 'Borja Navarro');
INSERT INTO Write (AuthorID, PaperID) VALUES (471, 788);
INSERT INTO Write (AuthorID, PaperID) VALUES (471, 873);
INSERT INTO Write (AuthorID, PaperID) VALUES (471, 997);
INSERT INTO Write (AuthorID, PaperID) VALUES (471, 1154);
INSERT INTO Write (AuthorID, PaperID) VALUES (471, 1314);
INSERT INTO Write (AuthorID, PaperID) VALUES (471, 2641);
INSERT INTO Author (AuthorID, Name) VALUES (472, 'Yasen Kiprov');
INSERT INTO Write (AuthorID, PaperID) VALUES (472, 659);
INSERT INTO Write (AuthorID, PaperID) VALUES (472, 1105);
INSERT INTO Write (AuthorID, PaperID) VALUES (472, 1249);
INSERT INTO Write (AuthorID, PaperID) VALUES (472, 1520);
INSERT INTO Write (AuthorID, PaperID) VALUES (472, 2704);
INSERT INTO Write (AuthorID, PaperID) VALUES (472, 3263);
INSERT INTO Author (AuthorID, Name) VALUES (473, 'Walid Magdy');
INSERT INTO Write (AuthorID, PaperID) VALUES (473, 104);
INSERT INTO Write (AuthorID, PaperID) VALUES (473, 666);
INSERT INTO Write (AuthorID, PaperID) VALUES (473, 1214);
INSERT INTO Write (AuthorID, PaperID) VALUES (473, 2022);
INSERT INTO Write (AuthorID, PaperID) VALUES (473, 2622);
INSERT INTO Write (AuthorID, PaperID) VALUES (473, 2896);
INSERT INTO Author (AuthorID, Name) VALUES (474, 'Mostafa Dehghani 0001');
INSERT INTO Write (AuthorID, PaperID) VALUES (474, 154);
INSERT INTO Write (AuthorID, PaperID) VALUES (474, 1053);
INSERT INTO Write (AuthorID, PaperID) VALUES (474, 1470);
INSERT INTO Write (AuthorID, PaperID) VALUES (474, 1514);
INSERT INTO Write (AuthorID, PaperID) VALUES (474, 1538);
INSERT INTO Write (AuthorID, PaperID) VALUES (474, 1890);
INSERT INTO Author (AuthorID, Name) VALUES (475, 'Lars Asker');
INSERT INTO Write (AuthorID, PaperID) VALUES (475, 203);
INSERT INTO Write (AuthorID, PaperID) VALUES (475, 251);
INSERT INTO Write (AuthorID, PaperID) VALUES (475, 709);
INSERT INTO Write (AuthorID, PaperID) VALUES (475, 796);
INSERT INTO Write (AuthorID, PaperID) VALUES (475, 3094);
INSERT INTO Write (AuthorID, PaperID) VALUES (475, 3512);
INSERT INTO Author (AuthorID, Name) VALUES (476, 'Ben Heuwing');
INSERT INTO Write (AuthorID, PaperID) VALUES (476, 85);
INSERT INTO Write (AuthorID, PaperID) VALUES (476, 301);
INSERT INTO Write (AuthorID, PaperID) VALUES (476, 590);
INSERT INTO Write (AuthorID, PaperID) VALUES (476, 597);
INSERT INTO Write (AuthorID, PaperID) VALUES (476, 1099);
INSERT INTO Write (AuthorID, PaperID) VALUES (476, 1864);
INSERT INTO Author (AuthorID, Name) VALUES (477, 'Kazuaki Kishida');
INSERT INTO Write (AuthorID, PaperID) VALUES (477, 164);
INSERT INTO Write (AuthorID, PaperID) VALUES (477, 756);
INSERT INTO Write (AuthorID, PaperID) VALUES (477, 899);
INSERT INTO Write (AuthorID, PaperID) VALUES (477, 1335);
INSERT INTO Write (AuthorID, PaperID) VALUES (477, 3065);
INSERT INTO Write (AuthorID, PaperID) VALUES (477, 3349);
INSERT INTO Author (AuthorID, Name) VALUES (478, 'Michael Kluck');
INSERT INTO Paper (PaperID, Title, Year, MDate, Key, DOI) VALUES (1277, 'The Domain-Specific Track in CLEF 2004: Overview of the Results and Remarks on the Assessment Process.', 2004, '2017-05-24', 'conf/clef/Kluck05', 'https://doi.org/10.1007/11519645_27');
INSERT INTO Write (AuthorID, PaperID) VALUES (478, 1277);
INSERT INTO Paper (PaperID, Title, Year, MDate, Key, DOI) VALUES (1489, 'The GIRT Data in the Evaluation of CLIR Systems - from 1997 Until 2003.', 2003, '2017-05-24', 'conf/clef/Kluck03', 'https://doi.org/10.1007/978-3-540-30222-3_37');
INSERT INTO Write (AuthorID, PaperID) VALUES (478, 1489);
INSERT INTO Write (AuthorID, PaperID) VALUES (478, 1800);
INSERT INTO Write (AuthorID, PaperID) VALUES (478, 2165);
INSERT INTO Write (AuthorID, PaperID) VALUES (478, 2498);
INSERT INTO Write (AuthorID, PaperID) VALUES (478, 2595);
INSERT INTO Author (AuthorID, Name) VALUES (479, 'J&ouml;rg Tiedemann');
INSERT INTO Write (AuthorID, PaperID) VALUES (479, 115);
INSERT INTO Write (AuthorID, PaperID) VALUES (479, 155);
INSERT INTO Write (AuthorID, PaperID) VALUES (479, 348);
INSERT INTO Write (AuthorID, PaperID) VALUES (479, 425);
INSERT INTO Write (AuthorID, PaperID) VALUES (479, 1860);
INSERT INTO Write (AuthorID, PaperID) VALUES (479, 3306);
INSERT INTO Author (AuthorID, Name) VALUES (480, 'Leif Hanlen');
INSERT INTO Paper (PaperID, Title, Year, MDate, Key, DOI) VALUES (766, 'Automatic Clinical Speech Recognition for CLEF 2015 eHealth Challenge.', 2015, '2015-09-03', 'conf/clef/LuuPDHC15', 'http://ceur-ws.org/Vol-1391/71-CR.pdf');
INSERT INTO Write (AuthorID, PaperID) VALUES (480, 766);
INSERT INTO Write (AuthorID, PaperID) VALUES (480, 1156);
INSERT INTO Write (AuthorID, PaperID) VALUES (480, 1732);
INSERT INTO Write (AuthorID, PaperID) VALUES (480, 2398);
INSERT INTO Write (AuthorID, PaperID) VALUES (480, 2492);
INSERT INTO Paper (PaperID, Title, Year, MDate, Key, DOI) VALUES (2689, 'National eHealth Living Lab: Removing the "E" from E-Health.', 2012, '2014-09-24', 'conf/clef/Hanlen12', 'http://www.clef-initiative.eu/documents/71612/11564993-ad80-403c-b411-45014b0adba6');
INSERT INTO Write (AuthorID, PaperID) VALUES (480, 2689);
INSERT INTO Author (AuthorID, Name) VALUES (481, 'Michel Beigbeder');
INSERT INTO Paper (PaperID, Title, Year, MDate, Key, DOI) VALUES (147, 'ENSM-SE at CLEF 2005: Uses of Fuzzy Proximity Matching Function.', 2005, '2014-08-15', 'conf/clef/MercierIB05a', 'http://ceur-ws.org/Vol-1171/CLEF2005wn-adhoc-MercierEt2005.pdf');
INSERT INTO Write (AuthorID, PaperID) VALUES (481, 147);
INSERT INTO Paper (PaperID, Title, Year, MDate, Key, DOI) VALUES (441, 'ENSM-SE at CLEF 2005: Using a Fuzzy Proximity Matching Function.', 2005, '2017-05-24', 'conf/clef/MercierIB05', 'https://doi.org/10.1007/11878773_21');
INSERT INTO Write (AuthorID, PaperID) VALUES (481, 441);
INSERT INTO Paper (PaperID, Title, Year, MDate, Key, DOI) VALUES (1961, 'ENSM-SE at INEX 2012: Basic Experiments.', 2012, '2014-09-24', 'conf/clef/BeauneBJ12', 'http://www.clef-initiative.eu/documents/71612/d07e74d1-6ef0-4b3e-84a0-0edc509681ef');
INSERT INTO Write (AuthorID, PaperID) VALUES (481, 1961);
INSERT INTO Paper (PaperID, Title, Year, MDate, Key, DOI) VALUES (1983, 'ENSM-SE at CLEF 2006 : Fuzzy Proxmity Method with an Adhoc Influence Function.', 2006, '2017-05-24', 'conf/clef/MercierB06', 'https://doi.org/10.1007/978-3-540-74999-8_11');
INSERT INTO Write (AuthorID, PaperID) VALUES (481, 1983);
INSERT INTO Paper (PaperID, Title, Year, MDate, Key, DOI) VALUES (2049, 'ENSM-SE at CLEF 2006: AdHoc Uses of Fuzzy Proximity Matching Function.', 2006, '2014-08-15', 'conf/clef/MercierB06a', 'http://ceur-ws.org/Vol-1172/CLEF2006wn-adhoc-MercierEt2006.pdf');
INSERT INTO Write (AuthorID, PaperID) VALUES (481, 2049);
INSERT INTO Write (AuthorID, PaperID) VALUES (481, 2479);
INSERT INTO Author (AuthorID, Name) VALUES (482, 'Syandra Sari');
INSERT INTO Write (AuthorID, PaperID) VALUES (482, 278);
INSERT INTO Write (AuthorID, PaperID) VALUES (482, 1005);
INSERT INTO Write (AuthorID, PaperID) VALUES (482, 1040);
INSERT INTO Write (AuthorID, PaperID) VALUES (482, 1560);
INSERT INTO Write (AuthorID, PaperID) VALUES (482, 2133);
INSERT INTO Author (AuthorID, Name) VALUES (483, 'Ana Cristina Mendes');
INSERT INTO Paper (PaperID, Title, Year, MDate, Key, DOI) VALUES (219, 'Testing Lexical Approaches in QA4MRE.', 2012, '2016-11-05', 'conf/clef/RodriguesCMRM12', 'http://www.clef-initiative.eu/documents/71612/ffee69b9-b9d8-4b9f-af6d-e4c8e8e6fcdf');
INSERT INTO Write (AuthorID, PaperID) VALUES (483, 219);
INSERT INTO Paper (PaperID, Title, Year, MDate, Key, DOI) VALUES (255, 'QA@L2F, Second Steps at QA@CLEF.', 2008, '2014-09-29', 'conf/clef/CoheurMGM008', 'http://ceur-ws.org/Vol-1174/CLEF2008wn-QACLEF-CoheurEt2008.pdf');
INSERT INTO Write (AuthorID, PaperID) VALUES (483, 255);
INSERT INTO Paper (PaperID, Title, Year, MDate, Key, DOI) VALUES (506, 'QA@L2F, First Steps at QA@CLEF.', 2007, '2018-11-02', 'conf/clef/MendesCMRBM07', 'https://doi.org/10.1007/978-3-540-85760-0_45');
INSERT INTO Write (AuthorID, PaperID) VALUES (483, 506);
INSERT INTO Paper (PaperID, Title, Year, MDate, Key, DOI) VALUES (951, 'Question Interpretation in QA@L<sup>2</sup>F.', 2008, '2018-11-02', 'conf/clef/CoheurMGMR08', 'https://doi.org/10.1007/978-3-642-04447-2_44');
INSERT INTO Write (AuthorID, PaperID) VALUES (483, 951);
INSERT INTO Paper (PaperID, Title, Year, MDate, Key, DOI) VALUES (1974, 'QA@L2F@QA@CLEF.', 2007, '2014-09-23', 'conf/clef/MendesCMRL0BM07', 'http://ceur-ws.org/Vol-1173/CLEF2007wn-QACLEF-MendesEt2007.pdf');
INSERT INTO Write (AuthorID, PaperID) VALUES (483, 1974);
INSERT INTO Author (AuthorID, Name) VALUES (484, 'Valent&iacute;n Sama');
INSERT INTO Write (AuthorID, PaperID) VALUES (484, 94);
INSERT INTO Write (AuthorID, PaperID) VALUES (484, 357);
INSERT INTO Write (AuthorID, PaperID) VALUES (484, 1450);
INSERT INTO Write (AuthorID, PaperID) VALUES (484, 2705);
INSERT INTO Write (AuthorID, PaperID) VALUES (484, 3254);
INSERT INTO Author (AuthorID, Name) VALUES (485, 'Jonas Seiler');
INSERT INTO Write (AuthorID, PaperID) VALUES (485, 829);
INSERT INTO Write (AuthorID, PaperID) VALUES (485, 1093);
INSERT INTO Write (AuthorID, PaperID) VALUES (485, 1104);
INSERT INTO Write (AuthorID, PaperID) VALUES (485, 1320);
INSERT INTO Write (AuthorID, PaperID) VALUES (485, 1609);
INSERT INTO Author (AuthorID, Name) VALUES (486, 'Esteban Castillo');
INSERT INTO Write (AuthorID, PaperID) VALUES (486, 1267);
INSERT INTO Write (AuthorID, PaperID) VALUES (486, 2075);
INSERT INTO Write (AuthorID, PaperID) VALUES (486, 2083);
INSERT INTO Write (AuthorID, PaperID) VALUES (486, 2427);
INSERT INTO Write (AuthorID, PaperID) VALUES (486, 3501);
INSERT INTO Author (AuthorID, Name) VALUES (487, 'Carsten Eickhoff');
INSERT INTO Write (AuthorID, PaperID) VALUES (487, 383);
INSERT INTO Write (AuthorID, PaperID) VALUES (487, 870);
INSERT INTO Paper (PaperID, Title, Year, MDate, Key, DOI) VALUES (932, 'Ranking and Feedback-based Stopping for Recall-Centric Document Retrieval.', 2017, '2017-08-15', 'conf/clef/HollmannE17', 'http://ceur-ws.org/Vol-1866/paper_102.pdf');
INSERT INTO Write (AuthorID, PaperID) VALUES (487, 932);
INSERT INTO Write (AuthorID, PaperID) VALUES (487, 2132);
INSERT INTO Write (AuthorID, PaperID) VALUES (487, 2327);
INSERT INTO Author (AuthorID, Name) VALUES (488, 'Parth Gupta');
INSERT INTO Write (AuthorID, PaperID) VALUES (488, 978);
INSERT INTO Write (AuthorID, PaperID) VALUES (488, 1564);
INSERT INTO Write (AuthorID, PaperID) VALUES (488, 1847);
INSERT INTO Write (AuthorID, PaperID) VALUES (488, 1979);
INSERT INTO Write (AuthorID, PaperID) VALUES (488, 2113);
INSERT INTO Author (AuthorID, Name) VALUES (489, 'Ioannis P. Vlahavas');
INSERT INTO Write (AuthorID, PaperID) VALUES (489, 380);
INSERT INTO Write (AuthorID, PaperID) VALUES (489, 745);
INSERT INTO Write (AuthorID, PaperID) VALUES (489, 1006);
INSERT INTO Write (AuthorID, PaperID) VALUES (489, 2673);
INSERT INTO Write (AuthorID, PaperID) VALUES (489, 2822);
INSERT INTO Author (AuthorID, Name) VALUES (490, 'Jos&eacute; Manuel Mart&iacute;n Ramos');
INSERT INTO Paper (PaperID, Title, Year, MDate, Key, DOI) VALUES (350, 'Crosslingual CoReMo System (Contextual Reference Monotony) - Notebook for PAN at CLEF 2011.', 2011, '2014-09-24', 'conf/clef/TorrejonR11', 'http://www.clef-initiative.eu/documents/71612/86377/CLEF2011wn-PAN-Torrejon2011.pdf');
INSERT INTO Write (AuthorID, PaperID) VALUES (490, 350);
INSERT INTO Paper (PaperID, Title, Year, MDate, Key, DOI) VALUES (638, 'CoReMo 2.3 Plagiarism Detector Text Alignment Module - Notebook for PAN at CLEF 2014.', 2014, '2016-06-03', 'conf/clef/Rodriguez-TorrejonR14', 'http://ceur-ws.org/Vol-1180/CLEF2014wn-Pan-RodriguezTorrejonEt2014.pdf');
INSERT INTO Write (AuthorID, PaperID) VALUES (490, 638);
INSERT INTO Paper (PaperID, Title, Year, MDate, Key, DOI) VALUES (1007, 'Detailed Comparison Module in CoReMo 1.9 Plagiarism Detector.', 2012, '2014-09-24', 'conf/clef/TorrejonR12', 'http://www.clef-initiative.eu/documents/71612/d15c5c36-b9c2-4faa-8c95-33467837d38b');
INSERT INTO Write (AuthorID, PaperID) VALUES (490, 1007);
INSERT INTO Paper (PaperID, Title, Year, MDate, Key, DOI) VALUES (2108, 'Text Alignment Module in CoReMo 2.1 Plagiarism Detector Notebook for PAN at CLEF 2013.', 2013, '2014-09-11', 'conf/clef/TorrejonR13', 'http://ceur-ws.org/Vol-1179/CLEF2013wn-PAN-RodriguezTorrejonEt2013.pdf');
INSERT INTO Write (AuthorID, PaperID) VALUES (490, 2108);
INSERT INTO Paper (PaperID, Title, Year, MDate, Key, DOI) VALUES (2124, 'CoReMo System (Contextual Reference Monotony) - Lab Report for PAN at CLEF 2010.', 2010, '2016-06-01', 'conf/clef/TorrejonR10', 'http://www.clef-initiative.eu/documents/71612/86374/CLEF2010wn-PAN-Rodri%CC%81guez%20Torrejo%CC%81nEt2010.pdf');
INSERT INTO Write (AuthorID, PaperID) VALUES (490, 2124);
INSERT INTO Author (AuthorID, Name) VALUES (491, 'Chokri Ben Amar');
INSERT INTO Write (AuthorID, PaperID) VALUES (491, 1510);
INSERT INTO Write (AuthorID, PaperID) VALUES (491, 2275);
INSERT INTO Write (AuthorID, PaperID) VALUES (491, 3176);
INSERT INTO Write (AuthorID, PaperID) VALUES (491, 3251);
INSERT INTO Write (AuthorID, PaperID) VALUES (491, 3313);
INSERT INTO Author (AuthorID, Name) VALUES (492, 'Bo Qiu');
INSERT INTO Paper (PaperID, Title, Year, MDate, Key, DOI) VALUES (275, 'Combining Multilevel Visual Features for Medical Image Retrieval in ImageCLEFmed 2005.', 2005, '2018-06-22', 'conf/clef/XiongQTXOF05a', 'http://ceur-ws.org/Vol-1171/CLEF2005wn-ImageCLEF-XiongEt2005.pdf');
INSERT INTO Write (AuthorID, PaperID) VALUES (492, 275);
INSERT INTO Paper (PaperID, Title, Year, MDate, Key, DOI) VALUES (1607, 'Report on the Annotation Task in ImageCLEFmed 2005.', 2005, '2018-06-22', 'conf/clef/QiuXTX05', 'http://ceur-ws.org/Vol-1171/CLEF2005wn-ImageCLEF-QiuEt2005.pdf');
INSERT INTO Write (AuthorID, PaperID) VALUES (492, 1607);
INSERT INTO Paper (PaperID, Title, Year, MDate, Key, DOI) VALUES (1770, 'A Refined SVM Applied in Medical Image Annotation.', 2006, '2017-05-24', 'conf/clef/Qiu06', 'https://doi.org/10.1007/978-3-540-74999-8_85');
INSERT INTO Write (AuthorID, PaperID) VALUES (492, 1770);
INSERT INTO Paper (PaperID, Title, Year, MDate, Key, DOI) VALUES (2409, 'Two-stage SVM for Medical Image Annotation.', 2006, '2018-06-22', 'conf/clef/QiuXT06', 'http://ceur-ws.org/Vol-1172/CLEF2006wn-ImageCLEF-QiuEt2006.pdf');
INSERT INTO Write (AuthorID, PaperID) VALUES (492, 2409);
INSERT INTO Paper (PaperID, Title, Year, MDate, Key, DOI) VALUES (2862, 'Combining Visual Features for Medical Image Retrieval and Annotation.', 2005, '2018-06-22', 'conf/clef/XiongQTXOF05', 'https://doi.org/10.1007/11878773_70');
INSERT INTO Write (AuthorID, PaperID) VALUES (492, 2862);
INSERT INTO Author (AuthorID, Name) VALUES (493, 'Hadi Amiri');
INSERT INTO Paper (PaperID, Title, Year, MDate, Key, DOI) VALUES (329, 'Investigation on Application of Local Cluster Analysis and Part of Speech Tagging on Persian Text.', 2008, '2014-09-29', 'conf/clef/JadidinejadMA08', 'http://ceur-ws.org/Vol-1174/CLEF2008wn-adhoc-JadidinejadEt2008.pdf');
INSERT INTO Write (AuthorID, PaperID) VALUES (493, 329);
INSERT INTO Write (AuthorID, PaperID) VALUES (493, 1909);
INSERT INTO Write (AuthorID, PaperID) VALUES (493, 2684);
INSERT INTO Write (AuthorID, PaperID) VALUES (493, 3344);
INSERT INTO Write (AuthorID, PaperID) VALUES (493, 3361);
INSERT INTO Author (AuthorID, Name) VALUES (494, 'George F. Foster');
INSERT INTO Paper (PaperID, Title, Year, MDate, Key, DOI) VALUES (340, 'Using COTS Search Engines and Custom Query Strategies at CLEF.', 2004, '2017-05-24', 'conf/clef/NadeauJBFJ05', 'https://doi.org/10.1007/11519645_10');
INSERT INTO Write (AuthorID, PaperID) VALUES (494, 340);
INSERT INTO Write (AuthorID, PaperID) VALUES (494, 367);
INSERT INTO Paper (PaperID, Title, Year, MDate, Key, DOI) VALUES (889, 'Quantum, a French/English Cross-Language Question Answering System.', 2003, '2014-08-15', 'conf/clef/PlamondonF03a', 'http://ceur-ws.org/Vol-1169/CLEF2003wn-QACLEF-PlamondonEt2003.pdf');
INSERT INTO Write (AuthorID, PaperID) VALUES (494, 889);
INSERT INTO Paper (PaperID, Title, Year, MDate, Key, DOI) VALUES (1927, 'Quantum, a French/English Cross-Language Question Answering System.', 2003, '2017-05-24', 'conf/clef/PlamondonF03', 'https://doi.org/10.1007/978-3-540-30222-3_53');
INSERT INTO Write (AuthorID, PaperID) VALUES (494, 1927);
INSERT INTO Paper (PaperID, Title, Year, MDate, Key, DOI) VALUES (3196, 'Using COTS Search Engines and Custom Query Strategies at CLEF.', 2004, '2014-08-15', 'conf/clef/NadeauJBFJ04', 'http://ceur-ws.org/Vol-1170/CLEF2004wn-adhoc-NadeauEt2004.pdf');
INSERT INTO Write (AuthorID, PaperID) VALUES (494, 3196);
INSERT INTO Author (AuthorID, Name) VALUES (495, 'Pierpaolo Basile');
INSERT INTO Paper (PaperID, Title, Year, MDate, Key, DOI) VALUES (1085, 'UNIBA-SENSE @ CLEF 2009: Robust WSD Task.', 2009, '2017-06-02', 'conf/clef/BasileCS09', 'https://doi.org/10.1007/978-3-642-15754-7_18');
INSERT INTO Write (AuthorID, PaperID) VALUES (495, 1085);
INSERT INTO Paper (PaperID, Title, Year, MDate, Key, DOI) VALUES (1212, 'UNIBA-SENSE at CLEF 2008: SEmantic N-levels Search Engine.', 2008, '2014-09-29', 'conf/clef/BasileCS08', 'http://ceur-ws.org/Vol-1174/CLEF2008wn-adhoc-BasileEt2008.pdf');
INSERT INTO Write (AuthorID, PaperID) VALUES (495, 1212);
INSERT INTO Paper (PaperID, Title, Year, MDate, Key, DOI) VALUES (2749, 'UNIBA-SENSE @ CLEF 2009: Robust WSD task.', 2009, '2014-09-29', 'conf/clef/BasileCS09a', 'http://ceur-ws.org/Vol-1175/CLEF2009wn-adhoc-BasileEt2009.pdf');
INSERT INTO Write (AuthorID, PaperID) VALUES (495, 2749);
INSERT INTO Paper (PaperID, Title, Year, MDate, Key, DOI) VALUES (2795, 'SENSE: SEmantic N-levels Search Engine at CLEF2008 Ad Hoc Robust-WSD Track.', 2008, '2017-06-02', 'conf/clef/CaputoBS08', 'https://doi.org/10.1007/978-3-642-04447-2_15');
INSERT INTO Write (AuthorID, PaperID) VALUES (495, 2795);
INSERT INTO Paper (PaperID, Title, Year, MDate, Key, DOI) VALUES (3499, 'An Automatic Procedure for Generating Datasets for Conversational Recommender Systems.', 2017, '2017-08-15', 'conf/clef/Suglia0BSC17', 'http://ceur-ws.org/Vol-1866/paper_197.pdf');
INSERT INTO Write (AuthorID, PaperID) VALUES (495, 3499);
INSERT INTO Author (AuthorID, Name) VALUES (496, 'Chong Wang 0002');
INSERT INTO Write (AuthorID, PaperID) VALUES (496, 353);
INSERT INTO Write (AuthorID, PaperID) VALUES (496, 564);
INSERT INTO Write (AuthorID, PaperID) VALUES (496, 1008);
INSERT INTO Write (AuthorID, PaperID) VALUES (496, 1298);
INSERT INTO Write (AuthorID, PaperID) VALUES (496, 2797);
INSERT INTO Author (AuthorID, Name) VALUES (497, 'Koen E. A. van de Sande');
INSERT INTO Paper (PaperID, Title, Year, MDate, Key, DOI) VALUES (1613, 'The University of Amsterdam''s Concept Detection System at ImageCLEF 2011.', 2011, '2014-09-24', 'conf/clef/SandeS11', 'http://www.clef-initiative.eu/documents/71612/86377/CLEF2011wn-ImageCLEF-vanDeSandeEt2011.pdf');
INSERT INTO Write (AuthorID, PaperID) VALUES (497, 1613);
INSERT INTO Paper (PaperID, Title, Year, MDate, Key, DOI) VALUES (1882, 'The University of Amsterdam''s Concept Detection System at ImageCLEF 2009.', 2009, '2014-09-29', 'conf/clef/SandeGS09a', 'http://ceur-ws.org/Vol-1175/CLEF2009wn-ImageCLEF-vandeSandeEt2009.pdf');
INSERT INTO Write (AuthorID, PaperID) VALUES (497, 1882);
INSERT INTO Paper (PaperID, Title, Year, MDate, Key, DOI) VALUES (1978, 'The University of Amsterdam''s Concept Detection System at ImageCLEF 2009.', 2009, '2017-05-24', 'conf/clef/SandeGS09', 'https://doi.org/10.1007/978-3-642-15751-6_32');
INSERT INTO Write (AuthorID, PaperID) VALUES (497, 1978);
INSERT INTO Paper (PaperID, Title, Year, MDate, Key, DOI) VALUES (2226, 'Melange: Components for Cross-Lingual Retrieval.', 2005, '2014-08-15', 'conf/clef/PfingsthornSN05', 'http://ceur-ws.org/Vol-1171/CLEF2005wn-WebCLEF-PfingsthornEt2005.pdf');
INSERT INTO Write (AuthorID, PaperID) VALUES (497, 2226);
INSERT INTO Paper (PaperID, Title, Year, MDate, Key, DOI) VALUES (2859, 'The University of Amsterdam''s Concept Detection System at ImageCLEF 2010.', 2010, '2016-06-01', 'conf/clef/SandeG10', 'http://www.clef-initiative.eu/documents/71612/86374/CLEF2010wn-ImageCLEF-van%20de%20SandeEt2010.pdf');
INSERT INTO Write (AuthorID, PaperID) VALUES (497, 2859);
INSERT INTO Author (AuthorID, Name) VALUES (498, 'Bevan Koopman');
INSERT INTO Write (AuthorID, PaperID) VALUES (498, 674);
INSERT INTO Write (AuthorID, PaperID) VALUES (498, 795);
INSERT INTO Write (AuthorID, PaperID) VALUES (498, 1326);
INSERT INTO Write (AuthorID, PaperID) VALUES (498, 2768);
INSERT INTO Write (AuthorID, PaperID) VALUES (498, 2952);
INSERT INTO Author (AuthorID, Name) VALUES (499, 'Miguel A. Garc&iacute;a-Cumbreras');
INSERT INTO Write (AuthorID, PaperID) VALUES (499, 847);
INSERT INTO Write (AuthorID, PaperID) VALUES (499, 1630);
INSERT INTO Write (AuthorID, PaperID) VALUES (499, 2288);
INSERT INTO Write (AuthorID, PaperID) VALUES (499, 3075);
INSERT INTO Write (AuthorID, PaperID) VALUES (499, 3380);
INSERT INTO Author (AuthorID, Name) VALUES (500, 'Concetto Spampinato');
INSERT INTO Write (AuthorID, PaperID) VALUES (500, 2);
INSERT INTO Write (AuthorID, PaperID) VALUES (500, 596);
INSERT INTO Write (AuthorID, PaperID) VALUES (500, 1140);
INSERT INTO Paper (PaperID, Title, Year, MDate, Key, DOI) VALUES (1269, 'Overview of the LifeCLEF 2014 Fish Task.', 2014, '2014-09-10', 'conf/clef/SpampinatoPBF14', 'http://ceur-ws.org/Vol-1180/CLEF2014wn-Life-SpampinatoEt2014.pdf');
INSERT INTO Write (AuthorID, PaperID) VALUES (500, 1269);
INSERT INTO Write (AuthorID, PaperID) VALUES (500, 1876);
INSERT INTO Author (AuthorID, Name) VALUES (501, 'St&eacute;fan Jacques Darmoni');
INSERT INTO Paper (PaperID, Title, Year, MDate, Key, DOI) VALUES (400, 'SIBM at CLEF eHealth Evaluation Lab 2016: Extracting Concepts in French Medical Texts with ECMT and CIMIND.', 2016, '2016-08-11', 'conf/clef/CabotSDD16', 'http://ceur-ws.org/Vol-1609/16090047.pdf');
INSERT INTO Write (AuthorID, PaperID) VALUES (501, 400);
INSERT INTO Paper (PaperID, Title, Year, MDate, Key, DOI) VALUES (582, 'MedIC at ImageCLEF 2006: Automatic Image Categorization and Annotation Using Combined Visual Representations.', 2006, '2018-11-14', 'conf/clef/FloreaRBBD06', 'https://www.wikidata.org/entity/Q58062677');
INSERT INTO Write (AuthorID, PaperID) VALUES (501, 582);
INSERT INTO Paper (PaperID, Title, Year, MDate, Key, DOI) VALUES (602, 'SIBM at CLEF e-Health Evaluation Lab 2015.', 2015, '2015-09-03', 'conf/clef/SoualmiaCDD15', 'http://ceur-ws.org/Vol-1391/125-CR.pdf');
INSERT INTO Write (AuthorID, PaperID) VALUES (501, 602);
INSERT INTO Paper (PaperID, Title, Year, MDate, Key, DOI) VALUES (1478, 'SIBM at CLEF eHealth Evaluation Lab 2017: Multilingual Information Extraction with CIM-IND.', 2017, '2017-08-15', 'conf/clef/CabotSD17', 'http://ceur-ws.org/Vol-1866/paper_63.pdf');
INSERT INTO Write (AuthorID, PaperID) VALUES (501, 1478);
INSERT INTO Paper (PaperID, Title, Year, MDate, Key, DOI) VALUES (1673, 'MedIC/CISMeF at ImageCLEF 2006: Image Annotation and Retrieval Tasks.', 2006, '2014-08-15', 'conf/clef/FloreaRCBD06', 'http://ceur-ws.org/Vol-1172/CLEF2006wn-ImageCLEF-FloreaEt2006.pdf');
INSERT INTO Write (AuthorID, PaperID) VALUES (501, 1673);
INSERT INTO Author (AuthorID, Name) VALUES (502, 'Heung-Seon Oh');
INSERT INTO Paper (PaperID, Title, Year, MDate, Key, DOI) VALUES (170, 'A Multiple-Stage Approach to Re-ranking Medical Documents.', 2015, '2017-05-24', 'conf/clef/OhJK15', 'https://doi.org/10.1007/978-3-319-24027-5_14');
INSERT INTO Write (AuthorID, PaperID) VALUES (502, 170);
INSERT INTO Paper (PaperID, Title, Year, MDate, Key, DOI) VALUES (289, 'A Multiple-stage Approach to Re-ranking Clinical Documents.', 2014, '2014-09-10', 'conf/clef/OhJ14', 'http://ceur-ws.org/Vol-1180/CLEF2014wn-eHealth-OhEt2014.pdf');
INSERT INTO Write (AuthorID, PaperID) VALUES (502, 289);
INSERT INTO Paper (PaperID, Title, Year, MDate, Key, DOI) VALUES (516, 'KISTI at CLEF eHealth 2017 Patient-Centered Information Retrieval Task-1: Improving Medical Document Retrieval with Query Expansion.', 2017, '2017-08-15', 'conf/clef/OhJ17', 'http://ceur-ws.org/Vol-1866/paper_84.pdf');
INSERT INTO Write (AuthorID, PaperID) VALUES (502, 516);
INSERT INTO Paper (PaperID, Title, Year, MDate, Key, DOI) VALUES (2523, 'KISTI at CLEF eHealth 2016 Task 3: Ranking Medical Documents using Word Vectors.', 2016, '2016-08-11', 'conf/clef/OhJ16', 'http://ceur-ws.org/Vol-1609/16090103.pdf');
INSERT INTO Write (AuthorID, PaperID) VALUES (502, 2523);
INSERT INTO Paper (PaperID, Title, Year, MDate, Key, DOI) VALUES (3193, 'KISTI at CLEF eHealth 2015 Task 2.', 2015, '2015-09-03', 'conf/clef/OhJK15a', 'http://ceur-ws.org/Vol-1391/17-CR.pdf');
INSERT INTO Write (AuthorID, PaperID) VALUES (502, 3193);
INSERT INTO Author (AuthorID, Name) VALUES (503, 'Sairam Gurajada');
INSERT INTO Write (AuthorID, PaperID) VALUES (503, 378);
INSERT INTO Write (AuthorID, PaperID) VALUES (503, 946);
INSERT INTO Write (AuthorID, PaperID) VALUES (503, 1034);
INSERT INTO Paper (PaperID, Title, Year, MDate, Key, DOI) VALUES (2001, 'Running SPARQL-Fulltext Queries Inside a Relational DBMS.', 2012, '2014-09-24', 'conf/clef/MishraGT12', 'http://www.clef-initiative.eu/documents/71612/4f3e7bbd-41be-449e-9a8f-923632344d0a');
INSERT INTO Write (AuthorID, PaperID) VALUES (503, 2001);
INSERT INTO Paper (PaperID, Title, Year, MDate, Key, DOI) VALUES (2552, 'SPAR-Key: Processing SPARQL-Fulltext Queries to Solve Jeopardy! Clues.', 2013, '2014-09-10', 'conf/clef/MishraGT13', 'http://ceur-ws.org/Vol-1179/CLEF2013wn-INEX-MishraEt2013.pdf');
INSERT INTO Write (AuthorID, PaperID) VALUES (503, 2552);
INSERT INTO Author (AuthorID, Name) VALUES (504, 'Stefan Kahl');
INSERT INTO Write (AuthorID, PaperID) VALUES (504, 90);
INSERT INTO Write (AuthorID, PaperID) VALUES (504, 1776);
INSERT INTO Write (AuthorID, PaperID) VALUES (504, 1856);
INSERT INTO Write (AuthorID, PaperID) VALUES (504, 2209);
INSERT INTO Write (AuthorID, PaperID) VALUES (504, 2629);
INSERT INTO Author (AuthorID, Name) VALUES (505, 'David Martins de Matos');
INSERT INTO Write (AuthorID, PaperID) VALUES (505, 219);
INSERT INTO Write (AuthorID, PaperID) VALUES (505, 506);
INSERT INTO Paper (PaperID, Title, Year, MDate, Key, DOI) VALUES (1904, 'IdSay: Question Answering for Portuguese.', 2008, '2014-09-29', 'conf/clef/CarvalhoMR08a', 'http://ceur-ws.org/Vol-1174/CLEF2008wn-QACLEF-CarvalhoEt2008.pdf');
INSERT INTO Write (AuthorID, PaperID) VALUES (505, 1904);
INSERT INTO Write (AuthorID, PaperID) VALUES (505, 1974);
INSERT INTO Paper (PaperID, Title, Year, MDate, Key, DOI) VALUES (2497, 'IdSay: Question Answering for Portuguese.', 2008, '2017-06-02', 'conf/clef/CarvalhoMR08', 'https://doi.org/10.1007/978-3-642-04447-2_40');
INSERT INTO Write (AuthorID, PaperID) VALUES (505, 2497);
INSERT INTO Author (AuthorID, Name) VALUES (506, 'Jimmy');
INSERT INTO Write (AuthorID, PaperID) VALUES (506, 531);
INSERT INTO Write (AuthorID, PaperID) VALUES (506, 795);
INSERT INTO Write (AuthorID, PaperID) VALUES (506, 910);
INSERT INTO Write (AuthorID, PaperID) VALUES (506, 2768);
INSERT INTO Write (AuthorID, PaperID) VALUES (506, 2997);
INSERT INTO Author (AuthorID, Name) VALUES (507, 'Haoliang Qi');
INSERT INTO Paper (PaperID, Title, Year, MDate, Key, DOI) VALUES (267, 'Approaches for Source Retrieval and Text Alignment of Plagiarism Detection Notebook for PAN at CLEF 2013.', 2013, '2014-09-10', 'conf/clef/KongQDWH13', 'http://ceur-ws.org/Vol-1179/CLEF2013wn-PAN-LeileiEt2013.pdf');
INSERT INTO Write (AuthorID, PaperID) VALUES (507, 267);
INSERT INTO Paper (PaperID, Title, Year, MDate, Key, DOI) VALUES (1109, 'Source Retrieval and Text Alignment Corpus Construction for Plagiarism Detection.', 2015, '2015-09-03', 'conf/clef/KongLHQHWHZ15', 'http://ceur-ws.org/Vol-1391/42-CR.pdf');
INSERT INTO Write (AuthorID, PaperID) VALUES (507, 1109);
INSERT INTO Paper (PaperID, Title, Year, MDate, Key, DOI) VALUES (1738, 'HIT2Lab at CLEF: an Exploration of the TEL Task.', 2009, '2014-09-29', 'conf/clef/HeQWYLX09', 'http://ceur-ws.org/Vol-1175/CLEF2009wn-adhoc-XiaoningEt2009.pdf');
INSERT INTO Write (AuthorID, PaperID) VALUES (507, 1738);
INSERT INTO Paper (PaperID, Title, Year, MDate, Key, DOI) VALUES (1918, 'Approaches for Candidate Document Retrieval and Detailed Comparison of Plagiarism Detection.', 2012, '2014-09-24', 'conf/clef/KongQWDWH12', 'http://www.clef-initiative.eu/documents/71612/4b5dd9dc-cc73-4599-912e-ecabb2f71fcb');
INSERT INTO Write (AuthorID, PaperID) VALUES (507, 1918);
INSERT INTO Paper (PaperID, Title, Year, MDate, Key, DOI) VALUES (2514, 'Source Retrieval Based on Learning to Rank and Text Alignment Based on Plagiarism Type Recognition for Plagiarism Detection.', 2014, '2014-09-10', 'conf/clef/KongHHYWZQ14', 'http://ceur-ws.org/Vol-1180/CLEF2014wn-Pan-KongEt2014.pdf');
INSERT INTO Write (AuthorID, PaperID) VALUES (507, 2514);
INSERT INTO Author (AuthorID, Name) VALUES (508, 'Annalina Caputo');
INSERT INTO Write (AuthorID, PaperID) VALUES (508, 1085);
INSERT INTO Write (AuthorID, PaperID) VALUES (508, 1212);
INSERT INTO Write (AuthorID, PaperID) VALUES (508, 2749);
INSERT INTO Write (AuthorID, PaperID) VALUES (508, 2795);
INSERT INTO Write (AuthorID, PaperID) VALUES (508, 3499);
INSERT INTO Author (AuthorID, Name) VALUES (509, 'Charles E. Kahn Jr.');
INSERT INTO Write (AuthorID, PaperID) VALUES (509, 631);
INSERT INTO Write (AuthorID, PaperID) VALUES (509, 1168);
INSERT INTO Write (AuthorID, PaperID) VALUES (509, 1280);
INSERT INTO Write (AuthorID, PaperID) VALUES (509, 1505);
INSERT INTO Write (AuthorID, PaperID) VALUES (509, 1537);
INSERT INTO Author (AuthorID, Name) VALUES (510, 'Matthew S. Simpson');
INSERT INTO Write (AuthorID, PaperID) VALUES (510, 127);
INSERT INTO Write (AuthorID, PaperID) VALUES (510, 869);
INSERT INTO Write (AuthorID, PaperID) VALUES (510, 1012);
INSERT INTO Write (AuthorID, PaperID) VALUES (510, 1017);
INSERT INTO Write (AuthorID, PaperID) VALUES (510, 2301);
INSERT INTO Author (AuthorID, Name) VALUES (511, 'Yuchul Jung');
INSERT INTO Write (AuthorID, PaperID) VALUES (511, 170);
INSERT INTO Write (AuthorID, PaperID) VALUES (511, 289);
INSERT INTO Write (AuthorID, PaperID) VALUES (511, 516);
INSERT INTO Write (AuthorID, PaperID) VALUES (511, 2523);
INSERT INTO Write (AuthorID, PaperID) VALUES (511, 3193);
INSERT INTO Author (AuthorID, Name) VALUES (512, 'Itheri Yahiaoui');
INSERT INTO Write (AuthorID, PaperID) VALUES (512, 837);
INSERT INTO Write (AuthorID, PaperID) VALUES (512, 867);
INSERT INTO Write (AuthorID, PaperID) VALUES (512, 1811);
INSERT INTO Write (AuthorID, PaperID) VALUES (512, 2830);
INSERT INTO Write (AuthorID, PaperID) VALUES (512, 3284);
INSERT INTO Author (AuthorID, Name) VALUES (513, 'Liting Zhou');
INSERT INTO Write (AuthorID, PaperID) VALUES (513, 249);
INSERT INTO Write (AuthorID, PaperID) VALUES (513, 383);
INSERT INTO Write (AuthorID, PaperID) VALUES (513, 920);
INSERT INTO Write (AuthorID, PaperID) VALUES (513, 1837);
INSERT INTO Write (AuthorID, PaperID) VALUES (513, 2562);
INSERT INTO Author (AuthorID, Name) VALUES (514, 'Manoj Kumar Chinnakotla');
INSERT INTO Paper (PaperID, Title, Year, MDate, Key, DOI) VALUES (2240, 'WebShodh: A Code Mixed Factoid Question Answering System for Web.', 2017, '2018-12-27', 'conf/clef/RaghaviCBS17', 'https://doi.org/10.1007/978-3-319-65813-1_9');
INSERT INTO Write (AuthorID, PaperID) VALUES (514, 2240);
INSERT INTO Paper (PaperID, Title, Year, MDate, Key, DOI) VALUES (2951, 'IIITH at BioASQ Challange 2015 Task 3b: Bio-Medical Question Answering System.', 2015, '2018-12-27', 'conf/clef/YenalaKSC15', 'http://ceur-ws.org/Vol-1391/55-CR.pdf');
INSERT INTO Write (AuthorID, PaperID) VALUES (514, 2951);
INSERT INTO Paper (PaperID, Title, Year, MDate, Key, DOI) VALUES (2985, 'Hindi and Marathi to English Cross Language Information Retrieval at CLEF 2007.', 2007, '2014-09-23', 'conf/clef/ChinnakotlaRBD07', 'http://ceur-ws.org/Vol-1173/CLEF2007wn-adhoc-KumarChinnakotlaEt2007.pdf');
INSERT INTO Write (AuthorID, PaperID) VALUES (514, 2985);
INSERT INTO Paper (PaperID, Title, Year, MDate, Key, DOI) VALUES (3015, 'Hindi to English and Marathi to English Cross Language Information Retrieval Evaluation.', 2007, '2017-05-24', 'conf/clef/ChinnakotlaRDB07', 'https://doi.org/10.1007/978-3-540-85760-0_14');
INSERT INTO Write (AuthorID, PaperID) VALUES (514, 3015);
INSERT INTO Paper (PaperID, Title, Year, MDate, Key, DOI) VALUES (3025, 'IIITH at BioASQ Challenge 2015 Task 3a: Extreme Classification of PubMed Articles using MeSH Labels.', 2015, '2018-12-27', 'conf/clef/KamineniFDSC15', 'http://ceur-ws.org/Vol-1391/54-CR.pdf');
INSERT INTO Write (AuthorID, PaperID) VALUES (514, 3025);
INSERT INTO Author (AuthorID, Name) VALUES (515, 'Olatz Ansa');
INSERT INTO Write (AuthorID, PaperID) VALUES (515, 820);
INSERT INTO Write (AuthorID, PaperID) VALUES (515, 1155);
INSERT INTO Write (AuthorID, PaperID) VALUES (515, 1446);
INSERT INTO Write (AuthorID, PaperID) VALUES (515, 2388);
INSERT INTO Write (AuthorID, PaperID) VALUES (515, 3475);
INSERT INTO Author (AuthorID, Name) VALUES (516, 'Giovanni Semeraro');
INSERT INTO Write (AuthorID, PaperID) VALUES (516, 1085);
INSERT INTO Write (AuthorID, PaperID) VALUES (516, 1212);
INSERT INTO Write (AuthorID, PaperID) VALUES (516, 2749);
INSERT INTO Write (AuthorID, PaperID) VALUES (516, 2795);
INSERT INTO Write (AuthorID, PaperID) VALUES (516, 3499);
INSERT INTO Author (AuthorID, Name) VALUES (517, 'Cyril Grouin');
INSERT INTO Write (AuthorID, PaperID) VALUES (517, 64);
INSERT INTO Write (AuthorID, PaperID) VALUES (517, 657);
INSERT INTO Write (AuthorID, PaperID) VALUES (517, 1046);
INSERT INTO Write (AuthorID, PaperID) VALUES (517, 1422);
INSERT INTO Write (AuthorID, PaperID) VALUES (517, 2398);
INSERT INTO Author (AuthorID, Name) VALUES (518, 'Eduardo F. Morales');
INSERT INTO Write (AuthorID, PaperID) VALUES (518, 116);
INSERT INTO Write (AuthorID, PaperID) VALUES (518, 550);
INSERT INTO Write (AuthorID, PaperID) VALUES (518, 2104);
INSERT INTO Write (AuthorID, PaperID) VALUES (518, 2317);
INSERT INTO Write (AuthorID, PaperID) VALUES (518, 2759);
INSERT INTO Author (AuthorID, Name) VALUES (519, 'Michael Mulcahy');
INSERT INTO Write (AuthorID, PaperID) VALUES (519, 732);
INSERT INTO Write (AuthorID, PaperID) VALUES (519, 969);
INSERT INTO Write (AuthorID, PaperID) VALUES (519, 2131);
INSERT INTO Write (AuthorID, PaperID) VALUES (519, 2414);
INSERT INTO Write (AuthorID, PaperID) VALUES (519, 2851);
INSERT INTO Author (AuthorID, Name) VALUES (520, 'Massih-Reza Amini');
INSERT INTO Write (AuthorID, PaperID) VALUES (520, 27);
INSERT INTO Write (AuthorID, PaperID) VALUES (520, 722);
INSERT INTO Write (AuthorID, PaperID) VALUES (520, 1445);
INSERT INTO Write (AuthorID, PaperID) VALUES (520, 1833);
INSERT INTO Write (AuthorID, PaperID) VALUES (520, 2734);
INSERT INTO Author (AuthorID, Name) VALUES (521, 'Anne Schuth');
INSERT INTO Write (AuthorID, PaperID) VALUES (521, 600);
INSERT INTO Write (AuthorID, PaperID) VALUES (521, 946);
INSERT INTO Write (AuthorID, PaperID) VALUES (521, 1361);
INSERT INTO Paper (PaperID, Title, Year, MDate, Key, DOI) VALUES (1682, 'Evaluation Methods for Rankings of Facetvalues for Faceted Search.', 2011, '2017-09-16', 'conf/clef/SchuthM11', 'https://doi.org/10.1007/978-3-642-23708-9_15');
INSERT INTO Write (AuthorID, PaperID) VALUES (521, 1682);
INSERT INTO Write (AuthorID, PaperID) VALUES (521, 2440);
INSERT INTO Author (AuthorID, Name) VALUES (522, 'Santiago Correa');
INSERT INTO Write (AuthorID, PaperID) VALUES (522, 416);
INSERT INTO Write (AuthorID, PaperID) VALUES (522, 1193);
INSERT INTO Write (AuthorID, PaperID) VALUES (522, 1508);
INSERT INTO Write (AuthorID, PaperID) VALUES (522, 1873);
INSERT INTO Write (AuthorID, PaperID) VALUES (522, 2618);
INSERT INTO Author (AuthorID, Name) VALUES (523, 'Guillermo Garrido');
INSERT INTO Write (AuthorID, PaperID) VALUES (523, 19);
INSERT INTO Write (AuthorID, PaperID) VALUES (523, 35);
INSERT INTO Write (AuthorID, PaperID) VALUES (523, 1643);
INSERT INTO Write (AuthorID, PaperID) VALUES (523, 1659);
INSERT INTO Write (AuthorID, PaperID) VALUES (523, 3505);
INSERT INTO Author (AuthorID, Name) VALUES (524, 'Mouna Torjmen');
INSERT INTO Write (AuthorID, PaperID) VALUES (524, 1457);
INSERT INTO Write (AuthorID, PaperID) VALUES (524, 1923);
INSERT INTO Write (AuthorID, PaperID) VALUES (524, 2389);
INSERT INTO Write (AuthorID, PaperID) VALUES (524, 2779);
INSERT INTO Write (AuthorID, PaperID) VALUES (524, 3214);
INSERT INTO Author (AuthorID, Name) VALUES (525, 'Antonio Ju&aacute;rez-Gonz&aacute;lez');
INSERT INTO Write (AuthorID, PaperID) VALUES (525, 261);
INSERT INTO Write (AuthorID, PaperID) VALUES (525, 1875);
INSERT INTO Write (AuthorID, PaperID) VALUES (525, 2339);
INSERT INTO Write (AuthorID, PaperID) VALUES (525, 2611);
INSERT INTO Write (AuthorID, PaperID) VALUES (525, 3009);
INSERT INTO Author (AuthorID, Name) VALUES (526, 'Lu&iacute;s Sarmento');
INSERT INTO Paper (PaperID, Title, Year, MDate, Key, DOI) VALUES (320, 'Hunting Answers with RAPOSA (FOX).', 2006, '2014-08-15', 'conf/clef/Sarmento06a', 'http://ceur-ws.org/Vol-1172/CLEF2006wn-QACLEF-Sarmento2006.pdf');
INSERT INTO Write (AuthorID, PaperID) VALUES (526, 320);
INSERT INTO Paper (PaperID, Title, Year, MDate, Key, DOI) VALUES (339, 'Experiments with Query Expansion in the RAPOSA (FOX) Question Answering System.', 2008, '2014-09-29', 'conf/clef/SarmentoTO08a', 'http://ceur-ws.org/Vol-1174/CLEF2008wn-QACLEF-SarmentoEt2008.pdf');
INSERT INTO Write (AuthorID, PaperID) VALUES (526, 339);
INSERT INTO Paper (PaperID, Title, Year, MDate, Key, DOI) VALUES (1721, 'Making RAPOSA (FOX) Smarter.', 2007, '2014-09-23', 'conf/clef/SarmentoO07', 'http://ceur-ws.org/Vol-1173/CLEF2007wn-QACLEF-SarmentoEt2007.pdf');
INSERT INTO Write (AuthorID, PaperID) VALUES (526, 1721);
INSERT INTO Paper (PaperID, Title, Year, MDate, Key, DOI) VALUES (2169, 'Assessing the Impact of Thesaurus-Based Expansion Techniques in QA-Centric IR.', 2008, '2017-06-02', 'conf/clef/SarmentoTO08', 'https://doi.org/10.1007/978-3-642-04447-2_37');
INSERT INTO Write (AuthorID, PaperID) VALUES (526, 2169);
INSERT INTO Paper (PaperID, Title, Year, MDate, Key, DOI) VALUES (2191, 'A First Step to Address Biography Generation as an Iterative QA Task.', 2006, '2017-05-24', 'conf/clef/Sarmento06', 'https://doi.org/10.1007/978-3-540-74999-8_56');
INSERT INTO Write (AuthorID, PaperID) VALUES (526, 2191);
INSERT INTO Author (AuthorID, Name) VALUES (527, 'Mathias Creutz');
INSERT INTO Write (AuthorID, PaperID) VALUES (527, 359);
INSERT INTO Write (AuthorID, PaperID) VALUES (527, 831);
INSERT INTO Write (AuthorID, PaperID) VALUES (527, 1131);
INSERT INTO Write (AuthorID, PaperID) VALUES (527, 1608);
INSERT INTO Write (AuthorID, PaperID) VALUES (527, 3142);
INSERT INTO Author (AuthorID, Name) VALUES (528, 'Simon Clematide');
INSERT INTO Write (AuthorID, PaperID) VALUES (528, 672);
INSERT INTO Paper (PaperID, Title, Year, MDate, Key, DOI) VALUES (808, 'Deriving an English Biomedical Silver Standard Corpus for CLEF-ER.', 2013, '2014-09-10', 'conf/clef/LewinC13', 'http://ceur-ws.org/Vol-1179/CLEF2013wn-CLEFER-LewinEt2013.pdf');
INSERT INTO Write (AuthorID, PaperID) VALUES (528, 808);
INSERT INTO Write (AuthorID, PaperID) VALUES (528, 1412);
INSERT INTO Write (AuthorID, PaperID) VALUES (528, 2350);
INSERT INTO Write (AuthorID, PaperID) VALUES (528, 2906);
INSERT INTO Author (AuthorID, Name) VALUES (529, 'Ivano Masiero');
INSERT INTO Write (AuthorID, PaperID) VALUES (529, 507);
INSERT INTO Write (AuthorID, PaperID) VALUES (529, 1194);
INSERT INTO Write (AuthorID, PaperID) VALUES (529, 1687);
INSERT INTO Write (AuthorID, PaperID) VALUES (529, 2071);
INSERT INTO Write (AuthorID, PaperID) VALUES (529, 3295);
INSERT INTO Author (AuthorID, Name) VALUES (530, 'Gianmaria Silvello');
INSERT INTO Write (AuthorID, PaperID) VALUES (530, 913);
INSERT INTO Write (AuthorID, PaperID) VALUES (530, 1194);
INSERT INTO Write (AuthorID, PaperID) VALUES (530, 2268);
INSERT INTO Write (AuthorID, PaperID) VALUES (530, 2821);
INSERT INTO Write (AuthorID, PaperID) VALUES (530, 3411);
INSERT INTO Author (AuthorID, Name) VALUES (531, 'Lynda Tamine');
INSERT INTO Paper (PaperID, Title, Year, MDate, Key, DOI) VALUES (228, 'A Product Feature-Based User-Centric Ranking Model for E-Commerce Search.', 2016, '2017-05-24', 'conf/clef/JabeurSTM15', 'https://doi.org/10.1007/978-3-319-44564-9_14');
INSERT INTO Write (AuthorID, PaperID) VALUES (531, 228);
INSERT INTO Paper (PaperID, Title, Year, MDate, Key, DOI) VALUES (514, 'IRIT at ImageCLEF 2011: Medical Retrieval Task.', 2011, '2014-09-24', 'conf/clef/DinhT11', 'http://www.clef-initiative.eu/documents/71612/86377/CLEF2011wn-ImageCLEF-DinhEt2011.pdf');
INSERT INTO Write (AuthorID, PaperID) VALUES (531, 514);
INSERT INTO Paper (PaperID, Title, Year, MDate, Key, DOI) VALUES (1933, 'Living Ranking: from Online to Real-time Information Retrieval Evaluation.', 2016, '2016-08-11', 'conf/clef/JabeurSMT16', 'http://ceur-ws.org/Vol-1609/16090587.pdf');
INSERT INTO Write (AuthorID, PaperID) VALUES (531, 1933);
INSERT INTO Paper (PaperID, Title, Year, MDate, Key, DOI) VALUES (2945, 'IRIT at CLEF 2015: A Product Search Model for Head Queries.', 2015, '2015-09-03', 'conf/clef/JabeurST15', 'http://ceur-ws.org/Vol-1391/111-CR.pdf');
INSERT INTO Write (AuthorID, PaperID) VALUES (531, 2945);
INSERT INTO Paper (PaperID, Title, Year, MDate, Key, DOI) VALUES (2982, 'IRIT at ImageCLEF 2010: Medical Retrieval Track.', 2010, '2014-09-24', 'conf/clef/DinhT10', 'http://www.clef-initiative.eu/documents/71612/86374/CLEF2010wn-ImageCLEF-DinhEt2010.pdf');
INSERT INTO Write (AuthorID, PaperID) VALUES (531, 2982);
INSERT INTO Author (AuthorID, Name) VALUES (532, 'G&aacute;bor Sz&uuml;cs');
INSERT INTO Paper (PaperID, Title, Year, MDate, Key, DOI) VALUES (15, 'SVM classification of moving objects tracked by Kalman filter and Hungarian method.', 2015, '2015-09-03', 'conf/clef/SzucsPL15', 'http://ceur-ws.org/Vol-1391/40-CR.pdf');
INSERT INTO Write (AuthorID, PaperID) VALUES (532, 15);
INSERT INTO Paper (PaperID, Title, Year, MDate, Key, DOI) VALUES (2357, 'Object Detection, Classification, Tracking and individual Recognition for Sea Images and Videos.', 2016, '2016-08-11', 'conf/clef/PappLS16', 'http://ceur-ws.org/Vol-1609/16090525.pdf');
INSERT INTO Write (AuthorID, PaperID) VALUES (532, 2357);
INSERT INTO Paper (PaperID, Title, Year, MDate, Key, DOI) VALUES (2487, 'Viewpoints Combined Classification Method in Image-based Plant Identification Task.', 2014, '2014-09-10', 'conf/clef/SzucsPL14', 'http://ceur-ws.org/Vol-1180/CLEF2014wn-Life-SzucsEt2014.pdf');
INSERT INTO Write (AuthorID, PaperID) VALUES (532, 2487);
INSERT INTO Paper (PaperID, Title, Year, MDate, Key, DOI) VALUES (3257, 'Image Matching for Individual Recognition with SIFT, RANSAC and MCL.', 2017, '2017-08-15', 'conf/clef/PappMS17', 'http://ceur-ws.org/Vol-1866/paper_163.pdf');
INSERT INTO Write (AuthorID, PaperID) VALUES (532, 3257);
INSERT INTO Paper (PaperID, Title, Year, MDate, Key, DOI) VALUES (3526, 'Deep Learning and SVM Classification for Plant Recognition in Content-Based Large Scale Image Retrieval.', 2016, '2016-10-05', 'conf/clef/TothTPS16', 'http://ceur-ws.org/Vol-1609/16090569.pdf');
INSERT INTO Write (AuthorID, PaperID) VALUES (532, 3526);
INSERT INTO Author (AuthorID, Name) VALUES (533, 'Luis Enrique Sucar');
INSERT INTO Write (AuthorID, PaperID) VALUES (533, 116);
INSERT INTO Write (AuthorID, PaperID) VALUES (533, 550);
INSERT INTO Write (AuthorID, PaperID) VALUES (533, 2104);
INSERT INTO Write (AuthorID, PaperID) VALUES (533, 2317);
INSERT INTO Write (AuthorID, PaperID) VALUES (533, 2759);
INSERT INTO Author (AuthorID, Name) VALUES (534, 'Alexei Belov');
INSERT INTO Paper (PaperID, Title, Year, MDate, Key, DOI) VALUES (883, 'Developing High-resolution Universal Multy-type n-gram Text Similarity Detector.', 2014, '2014-09-10', 'conf/clef/PalkovskiiB14', 'http://ceur-ws.org/Vol-1180/CLEF2014wn-Pan-PalkovskiiEt2014.pdf');
INSERT INTO Write (AuthorID, PaperID) VALUES (534, 883);
INSERT INTO Paper (PaperID, Title, Year, MDate, Key, DOI) VALUES (1592, 'Exploring Fingerprinting as External Plagiarism Detection Method - Lab Report for PAN at CLEF 2010.', 2010, '2014-09-24', 'conf/clef/PalkovskiiBM10', 'http://www.clef-initiative.eu/documents/71612/86374/CLEF2010wn-PAN-PalkovskiiEt2010.pdf');
INSERT INTO Write (AuthorID, PaperID) VALUES (534, 1592);
INSERT INTO Paper (PaperID, Title, Year, MDate, Key, DOI) VALUES (1881, 'Using Hybrid Similarity Methods for Plagiarism Detection Notebook for PAN at CLEF 2013.', 2013, '2014-09-10', 'conf/clef/PalkovskiiB13', 'http://ceur-ws.org/Vol-1179/CLEF2013wn-PAN-PalkovskiiEt2013.pdf');
INSERT INTO Write (AuthorID, PaperID) VALUES (534, 1881);
INSERT INTO Paper (PaperID, Title, Year, MDate, Key, DOI) VALUES (2597, 'Using WordNet-based Semantic Similarity Measurement in External Plagiarism Detection - Notebook for PAN at CLEF 2011.', 2011, '2014-09-24', 'conf/clef/PalkovskiiBM11', 'http://www.clef-initiative.eu/documents/71612/86377/CLEF2011wn-PAN-PalkovskiiEt2011.pdf');
INSERT INTO Write (AuthorID, PaperID) VALUES (534, 2597);
INSERT INTO Paper (PaperID, Title, Year, MDate, Key, DOI) VALUES (2872, 'Applying Specific Clusterization and Fingerprint Density Distribution with Genetic Algorithm Overall Tuning in External Plagiarism Detection.', 2012, '2014-09-24', 'conf/clef/PalkovskiiB12', 'http://www.clef-initiative.eu/documents/71612/00b0c9b8-8a9e-4f6a-aebd-0953efdf852b');
INSERT INTO Write (AuthorID, PaperID) VALUES (534, 2872);
INSERT INTO Author (AuthorID, Name) VALUES (535, 'D&aacute;vid Papp');
INSERT INTO Write (AuthorID, PaperID) VALUES (535, 15);
INSERT INTO Write (AuthorID, PaperID) VALUES (535, 2357);
INSERT INTO Write (AuthorID, PaperID) VALUES (535, 2487);
INSERT INTO Write (AuthorID, PaperID) VALUES (535, 3257);
INSERT INTO Write (AuthorID, PaperID) VALUES (535, 3526);
INSERT INTO Author (AuthorID, Name) VALUES (536, 'Anni J&auml;rvelin');
INSERT INTO Write (AuthorID, PaperID) VALUES (536, 344);
INSERT INTO Write (AuthorID, PaperID) VALUES (536, 376);
INSERT INTO Paper (PaperID, Title, Year, MDate, Key, DOI) VALUES (1958, 'Towards Improving Search Results for Medical Experts and Laypersons.', 2012, '2014-09-24', 'conf/clef/FribergJ12', 'http://www.clef-initiative.eu/documents/71612/805108e6-9a14-451f-b7a5-0827c7345f4c');
INSERT INTO Write (AuthorID, PaperID) VALUES (536, 1958);
INSERT INTO Write (AuthorID, PaperID) VALUES (536, 2791);
INSERT INTO Write (AuthorID, PaperID) VALUES (536, 2958);
INSERT INTO Author (AuthorID, Name) VALUES (537, 'Cristian Grozea');
INSERT INTO Paper (PaperID, Title, Year, MDate, Key, DOI) VALUES (67, 'Encoplot - Tuned for High Recall (also Proposing a New Plagiarism Detection Score).', 2012, '2014-09-24', 'conf/clef/GrozeaP12', 'http://www.clef-initiative.eu/documents/71612/8e0512ad-aea1-4441-a2d8-36cf8ed83eec');
INSERT INTO Write (AuthorID, PaperID) VALUES (537, 67);
INSERT INTO Paper (PaperID, Title, Year, MDate, Key, DOI) VALUES (107, 'Brainsignals Submission to Plant Identification Task at ImageCLEF 2012.', 2012, '2014-09-24', 'conf/clef/Grozea12', 'http://www.clef-initiative.eu/documents/71612/07492838-ce24-4da4-931d-bf97b5bd4a92');
INSERT INTO Write (AuthorID, PaperID) VALUES (537, 107);
INSERT INTO Paper (PaperID, Title, Year, MDate, Key, DOI) VALUES (212, 'Encoplot - Performance in the Second International Plagiarism Detection Challenge - Lab Report for PAN at CLEF 2010 .', 2010, '2014-09-24', 'conf/clef/GrozeaP10', 'http://www.clef-initiative.eu/documents/71612/86374/CLEF2010wn-PAN-GrozeaEt2010.pdf');
INSERT INTO Write (AuthorID, PaperID) VALUES (537, 212);
INSERT INTO Paper (PaperID, Title, Year, MDate, Key, DOI) VALUES (3064, 'Kernel Methods and String Kernels for Authorship Analysis.', 2012, '2014-09-24', 'conf/clef/PopescuG12', 'http://www.clef-initiative.eu/documents/71612/1ac61df8-6706-4821-a9fb-09697371aad3');
INSERT INTO Write (AuthorID, PaperID) VALUES (537, 3064);
INSERT INTO Paper (PaperID, Title, Year, MDate, Key, DOI) VALUES (3381, 'The Encoplot Similarity Measure for Automatic Detection of Plagiarism - Notebook for PAN at CLEF 2011.', 2011, '2014-09-24', 'conf/clef/GrozeaP11', 'http://www.clef-initiative.eu/documents/71612/86377/CLEF2011wn-PAN-GrozeaEt2011.pdf');
INSERT INTO Write (AuthorID, PaperID) VALUES (537, 3381);
INSERT INTO Author (AuthorID, Name) VALUES (538, 'Iv&aacute;n Vladimir Meza Ru&iacute;z');
INSERT INTO Paper (PaperID, Title, Year, MDate, Key, DOI) VALUES (1110, 'Homotopy Based Classification for Author Verification Task: Notebook for PAN at CLEF 2015.', 2015, '2016-07-07', 'conf/clef/HernandezCLPR15', 'http://ceur-ws.org/Vol-1391/74-CR.pdf');
INSERT INTO Write (AuthorID, PaperID) VALUES (538, 1110);
INSERT INTO Paper (PaperID, Title, Year, MDate, Key, DOI) VALUES (1986, 'SVM Candidates and Sparse Representation for Bird Identification.', 2014, '2015-09-03', 'conf/clef/MartinezSOFR14', 'http://ceur-ws.org/Vol-1180/CLEF2014wn-Life-MartinezEt2014.pdf');
INSERT INTO Write (AuthorID, PaperID) VALUES (538, 1986);
INSERT INTO Paper (PaperID, Title, Year, MDate, Key, DOI) VALUES (2871, 'A Fast Baseline System for Large Scale Bird Identification.', 2015, '2016-07-09', 'conf/clef/RuizGHO15', 'http://ceur-ws.org/Vol-1391/79-CR.pdf');
INSERT INTO Write (AuthorID, PaperID) VALUES (538, 2871);
INSERT INTO Paper (PaperID, Title, Year, MDate, Key, DOI) VALUES (2938, 'A Single Author Style Representation for the Author Verification Task.', 2014, '2015-09-03', 'conf/clef/MayorHCMLFR14', 'http://ceur-ws.org/Vol-1180/CLEF2014wn-Pan-MayorEt2014.pdf');
INSERT INTO Write (AuthorID, PaperID) VALUES (538, 2938);
INSERT INTO Write (AuthorID, PaperID) VALUES (538, 3362);
INSERT INTO Author (AuthorID, Name) VALUES (539, '&Aacute;ngel Mart&iacute;nez-Gonz&aacute;lez');
INSERT INTO Write (AuthorID, PaperID) VALUES (539, 202);
INSERT INTO Write (AuthorID, PaperID) VALUES (539, 2141);
INSERT INTO Write (AuthorID, PaperID) VALUES (539, 2260);
INSERT INTO Write (AuthorID, PaperID) VALUES (539, 3091);
INSERT INTO Write (AuthorID, PaperID) VALUES (539, 3527);
INSERT INTO Author (AuthorID, Name) VALUES (540, 'Birger Larsen');
INSERT INTO Write (AuthorID, PaperID) VALUES (540, 337);
INSERT INTO Write (AuthorID, PaperID) VALUES (540, 1618);
INSERT INTO Write (AuthorID, PaperID) VALUES (540, 2055);
INSERT INTO Write (AuthorID, PaperID) VALUES (540, 2781);
INSERT INTO Write (AuthorID, PaperID) VALUES (540, 3321);
INSERT INTO Author (AuthorID, Name) VALUES (541, 'Aude Robert');
INSERT INTO Write (AuthorID, PaperID) VALUES (541, 190);
INSERT INTO Write (AuthorID, PaperID) VALUES (541, 531);
INSERT INTO Write (AuthorID, PaperID) VALUES (541, 657);
INSERT INTO Write (AuthorID, PaperID) VALUES (541, 822);
INSERT INTO Write (AuthorID, PaperID) VALUES (541, 1422);
INSERT INTO Author (AuthorID, Name) VALUES (542, 'Zhisheng Li');
INSERT INTO Write (AuthorID, PaperID) VALUES (542, 353);
INSERT INTO Write (AuthorID, PaperID) VALUES (542, 564);
INSERT INTO Write (AuthorID, PaperID) VALUES (542, 1008);
INSERT INTO Write (AuthorID, PaperID) VALUES (542, 1298);
INSERT INTO Write (AuthorID, PaperID) VALUES (542, 2797);
INSERT INTO Author (AuthorID, Name) VALUES (543, 'Ashnil Kumar');
INSERT INTO Paper (PaperID, Title, Year, MDate, Key, DOI) VALUES (262, 'Convolutional Neural Networks for Subfigure Classification.', 2015, '2016-04-04', 'conf/clef/LyndonKKLF15a', 'http://ceur-ws.org/Vol-1391/53-CR.pdf');
INSERT INTO Write (AuthorID, PaperID) VALUES (543, 262);
INSERT INTO Paper (PaperID, Title, Year, MDate, Key, DOI) VALUES (614, 'Automatic Annotation of Liver CT Images: the Submission of the BMET Group to ImageCLEFmed 2014.', 2014, '2016-04-04', 'conf/clef/KumarDLLK14', 'http://ceur-ws.org/Vol-1180/CLEF2014wn-Image-KumarEt2014.pdf');
INSERT INTO Write (AuthorID, PaperID) VALUES (543, 614);
INSERT INTO Paper (PaperID, Title, Year, MDate, Key, DOI) VALUES (650, 'Convolutional Neural Networks for Medical Clustering.', 2015, '2016-04-04', 'conf/clef/LyndonKKLF15', 'http://ceur-ws.org/Vol-1391/52-CR.pdf');
INSERT INTO Write (AuthorID, PaperID) VALUES (543, 650);
INSERT INTO Paper (PaperID, Title, Year, MDate, Key, DOI) VALUES (1850, 'Subfigure and Multi-Label Classification using a Fine-Tuned Convolutional Neural Network.', 2016, '2016-08-11', 'conf/clef/KumarLKF16', 'http://ceur-ws.org/Vol-1609/16090318.pdf');
INSERT INTO Write (AuthorID, PaperID) VALUES (543, 1850);
INSERT INTO Paper (PaperID, Title, Year, MDate, Key, DOI) VALUES (2858, 'Neural Captioning for the ImageCLEF 2017 Medical Image Challenges.', 2017, '2017-08-15', 'conf/clef/LyndonKK17', 'http://ceur-ws.org/Vol-1866/paper_145.pdf');
INSERT INTO Write (AuthorID, PaperID) VALUES (543, 2858);
INSERT INTO Author (AuthorID, Name) VALUES (544, 'Javier Parapar');
INSERT INTO Write (AuthorID, PaperID) VALUES (544, 58);
INSERT INTO Write (AuthorID, PaperID) VALUES (544, 729);
INSERT INTO Write (AuthorID, PaperID) VALUES (544, 2312);
INSERT INTO Write (AuthorID, PaperID) VALUES (544, 3060);
INSERT INTO Write (AuthorID, PaperID) VALUES (544, 3303);
INSERT INTO Author (AuthorID, Name) VALUES (545, 'Simon Suchomel');
INSERT INTO Write (AuthorID, PaperID) VALUES (545, 2119);
INSERT INTO Write (AuthorID, PaperID) VALUES (545, 2376);
INSERT INTO Write (AuthorID, PaperID) VALUES (545, 2816);
INSERT INTO Write (AuthorID, PaperID) VALUES (545, 2989);
INSERT INTO Write (AuthorID, PaperID) VALUES (545, 3293);
INSERT INTO Author (AuthorID, Name) VALUES (546, 'Roser Morante');
INSERT INTO Write (AuthorID, PaperID) VALUES (546, 346);
INSERT INTO Write (AuthorID, PaperID) VALUES (546, 896);
INSERT INTO Write (AuthorID, PaperID) VALUES (546, 1831);
INSERT INTO Write (AuthorID, PaperID) VALUES (546, 2468);
INSERT INTO Write (AuthorID, PaperID) VALUES (546, 2711);
INSERT INTO Author (AuthorID, Name) VALUES (547, 'Martin Halvey');
INSERT INTO Write (AuthorID, PaperID) VALUES (547, 681);
INSERT INTO Write (AuthorID, PaperID) VALUES (547, 699);
INSERT INTO Write (AuthorID, PaperID) VALUES (547, 1418);
INSERT INTO Write (AuthorID, PaperID) VALUES (547, 2515);
INSERT INTO Write (AuthorID, PaperID) VALUES (547, 2765);
INSERT INTO Author (AuthorID, Name) VALUES (548, 'Arunav Mishra');
INSERT INTO Write (AuthorID, PaperID) VALUES (548, 378);
INSERT INTO Write (AuthorID, PaperID) VALUES (548, 946);
INSERT INTO Write (AuthorID, PaperID) VALUES (548, 1034);
INSERT INTO Write (AuthorID, PaperID) VALUES (548, 2001);
INSERT INTO Write (AuthorID, PaperID) VALUES (548, 2552);
INSERT INTO Author (AuthorID, Name) VALUES (549, 'Martin Theobald');
INSERT INTO Write (AuthorID, PaperID) VALUES (549, 378);
INSERT INTO Write (AuthorID, PaperID) VALUES (549, 946);
INSERT INTO Write (AuthorID, PaperID) VALUES (549, 1034);
INSERT INTO Write (AuthorID, PaperID) VALUES (549, 2001);
INSERT INTO Write (AuthorID, PaperID) VALUES (549, 2552);
INSERT INTO Author (AuthorID, Name) VALUES (550, 'Habibollah Asghari');
INSERT INTO Paper (PaperID, Title, Year, MDate, Key, DOI) VALUES (459, 'Evaluation of Text Reuse Corpora for Text Alignment Task of plagiarism Detection.', 2015, '2015-09-03', 'conf/clef/ZarrabiRKAM15', 'http://ceur-ws.org/Vol-1391/147-CR.pdf');
INSERT INTO Write (AuthorID, PaperID) VALUES (550, 459);
INSERT INTO Paper (PaperID, Title, Year, MDate, Key, DOI) VALUES (540, 'Developing Monolingual English Corpus for Plagiarism Detection using Human Annotated Paraphrase Corpus.', 2015, '2015-09-03', 'conf/clef/MohtajAZ15', 'http://ceur-ws.org/Vol-1391/144-CR.pdf');
INSERT INTO Write (AuthorID, PaperID) VALUES (550, 540);
INSERT INTO Paper (PaperID, Title, Year, MDate, Key, DOI) VALUES (903, 'Developing Bilingual Plagiarism Detection Corpus Using Sentence Aligned Parallel Corpus: Notebook for PAN at CLEF 2015.', 2015, '2015-09-03', 'conf/clef/AsghariKFF15', 'http://ceur-ws.org/Vol-1391/148-CR.pdf');
INSERT INTO Write (AuthorID, PaperID) VALUES (550, 903);
INSERT INTO Paper (PaperID, Title, Year, MDate, Key, DOI) VALUES (1144, 'Developing Monolingual Persian Corpus for Extrinsic Plagiarism Detection Using Artificial Obfuscation: Notebook for PAN at CLEF 2015.', 2015, '2015-09-03', 'conf/clef/KhoshnavataherZ15', 'http://ceur-ws.org/Vol-1391/146-CR.pdf');
INSERT INTO Write (AuthorID, PaperID) VALUES (550, 1144);
INSERT INTO Paper (PaperID, Title, Year, MDate, Key, DOI) VALUES (2255, 'Source Retrieval Plagiarism Detection based on Weighted Noun phrase and Key phrase Extraction.', 2015, '2015-09-03', 'conf/clef/RafieiMZA15', 'http://ceur-ws.org/Vol-1391/143-CR.pdf');
INSERT INTO Write (AuthorID, PaperID) VALUES (550, 2255);
INSERT INTO Author (AuthorID, Name) VALUES (551, 'Md Zia Ullah');
INSERT INTO Write (AuthorID, PaperID) VALUES (551, 1033);
INSERT INTO Write (AuthorID, PaperID) VALUES (551, 2030);
INSERT INTO Write (AuthorID, PaperID) VALUES (551, 2326);
INSERT INTO Write (AuthorID, PaperID) VALUES (551, 2513);
INSERT INTO Write (AuthorID, PaperID) VALUES (551, 2806);
INSERT INTO Author (AuthorID, Name) VALUES (552, 'Diego Antonio Rodr&iacute;guez Torrej&oacute;n');
INSERT INTO Write (AuthorID, PaperID) VALUES (552, 350);
INSERT INTO Write (AuthorID, PaperID) VALUES (552, 638);
INSERT INTO Write (AuthorID, PaperID) VALUES (552, 1007);
INSERT INTO Write (AuthorID, PaperID) VALUES (552, 2108);
INSERT INTO Write (AuthorID, PaperID) VALUES (552, 2124);
INSERT INTO Author (AuthorID, Name) VALUES (553, 'Suzana Loskovska');
INSERT INTO Write (AuthorID, PaperID) VALUES (553, 489);
INSERT INTO Write (AuthorID, PaperID) VALUES (553, 1211);
INSERT INTO Write (AuthorID, PaperID) VALUES (553, 2029);
INSERT INTO Write (AuthorID, PaperID) VALUES (553, 2126);
INSERT INTO Write (AuthorID, PaperID) VALUES (553, 2763);
INSERT INTO Author (AuthorID, Name) VALUES (554, 'Dolf Trieschnigg');
INSERT INTO Write (AuthorID, PaperID) VALUES (554, 169);
INSERT INTO Write (AuthorID, PaperID) VALUES (554, 994);
INSERT INTO Write (AuthorID, PaperID) VALUES (554, 1090);
INSERT INTO Write (AuthorID, PaperID) VALUES (554, 2505);
INSERT INTO Write (AuthorID, PaperID) VALUES (554, 2568);
INSERT INTO Author (AuthorID, Name) VALUES (555, 'Nawal Ould Amer');
INSERT INTO Write (AuthorID, PaperID) VALUES (555, 59);
INSERT INTO Write (AuthorID, PaperID) VALUES (555, 243);
INSERT INTO Write (AuthorID, PaperID) VALUES (555, 1398);
INSERT INTO Write (AuthorID, PaperID) VALUES (555, 1623);
INSERT INTO Write (AuthorID, PaperID) VALUES (555, 1762);
INSERT INTO Author (AuthorID, Name) VALUES (556, 'Mandar Mitra');
INSERT INTO Write (AuthorID, PaperID) VALUES (556, 178);
INSERT INTO Write (AuthorID, PaperID) VALUES (556, 312);
INSERT INTO Write (AuthorID, PaperID) VALUES (556, 2664);
INSERT INTO Write (AuthorID, PaperID) VALUES (556, 2764);
INSERT INTO Write (AuthorID, PaperID) VALUES (556, 3056);
INSERT INTO Author (AuthorID, Name) VALUES (557, 'Theo Gevers');
INSERT INTO Write (AuthorID, PaperID) VALUES (557, 71);
INSERT INTO Write (AuthorID, PaperID) VALUES (557, 1044);
INSERT INTO Write (AuthorID, PaperID) VALUES (557, 1882);
INSERT INTO Write (AuthorID, PaperID) VALUES (557, 1978);
INSERT INTO Write (AuthorID, PaperID) VALUES (557, 2859);
INSERT INTO Author (AuthorID, Name) VALUES (558, 'Xabier Arregi');
INSERT INTO Write (AuthorID, PaperID) VALUES (558, 820);
INSERT INTO Write (AuthorID, PaperID) VALUES (558, 1155);
INSERT INTO Write (AuthorID, PaperID) VALUES (558, 1446);
INSERT INTO Write (AuthorID, PaperID) VALUES (558, 2388);
INSERT INTO Write (AuthorID, PaperID) VALUES (558, 3475);
INSERT INTO Author (AuthorID, Name) VALUES (559, 'Marc El-B&egrave;ze');
INSERT INTO Write (AuthorID, PaperID) VALUES (559, 291);
INSERT INTO Write (AuthorID, PaperID) VALUES (559, 1042);
INSERT INTO Write (AuthorID, PaperID) VALUES (559, 1425);
INSERT INTO Write (AuthorID, PaperID) VALUES (559, 2441);
INSERT INTO Write (AuthorID, PaperID) VALUES (559, 2602);
INSERT INTO Author (AuthorID, Name) VALUES (560, 'Emmanuel Desmontils');
INSERT INTO Write (AuthorID, PaperID) VALUES (560, 220);
INSERT INTO Write (AuthorID, PaperID) VALUES (560, 1982);
INSERT INTO Write (AuthorID, PaperID) VALUES (560, 2591);
INSERT INTO Write (AuthorID, PaperID) VALUES (560, 2866);
INSERT INTO Write (AuthorID, PaperID) VALUES (560, 3178);
INSERT INTO Author (AuthorID, Name) VALUES (561, 'Hongfang Liu');
INSERT INTO Paper (PaperID, Title, Year, MDate, Key, DOI) VALUES (276, 'Integrated cTAKES for Concept Mention Detection and Normalization.', 2013, '2014-09-10', 'conf/clef/LiuWJS13', 'http://ceur-ws.org/Vol-1179/CLEF2013wn-CLEFeHealth-LiuEt2013.pdf');
INSERT INTO Write (AuthorID, PaperID) VALUES (561, 276);
INSERT INTO Paper (PaperID, Title, Year, MDate, Key, DOI) VALUES (839, 'An Incremental Approach for MEDLINE MeSH Indexing.', 2013, '2014-08-15', 'conf/clef/ZhuLCL13', 'http://ceur-ws.org/Vol-1094/bioasq2013_submission_7.pdf');
INSERT INTO Write (AuthorID, PaperID) VALUES (561, 839);
INSERT INTO Paper (PaperID, Title, Year, MDate, Key, DOI) VALUES (2341, 'MayoBMI at ImageCLEF 2016 Handwritten Document Retrieval Task.', 2016, '2017-12-14', 'conf/clef/LiuWMLL16', 'http://ceur-ws.org/Vol-1609/16090347.pdf');
INSERT INTO Write (AuthorID, PaperID) VALUES (561, 2341);
INSERT INTO Paper (PaperID, Title, Year, MDate, Key, DOI) VALUES (2573, 'Using Discharge Summaries to Improve Information Retrieval in Clinical Domain.', 2013, '2016-08-29', 'conf/clef/ZhuWMCL13', 'http://ceur-ws.org/Vol-1179/CLEF2013wn-CLEFeHealth-ZhuEt2013.pdf');
INSERT INTO Write (AuthorID, PaperID) VALUES (561, 2573);
INSERT INTO Paper (PaperID, Title, Year, MDate, Key, DOI) VALUES (2677, 'MayoNLPTeam at the 2016 CLEF eHealth Information Retrieval Task 1.', 2016, '2016-08-29', 'conf/clef/WangWL16', 'http://ceur-ws.org/Vol-1609/16090198.pdf');
INSERT INTO Write (AuthorID, PaperID) VALUES (561, 2677);
INSERT INTO Author (AuthorID, Name) VALUES (562, 'Patrick Juola');
INSERT INTO Write (AuthorID, PaperID) VALUES (562, 187);
INSERT INTO Write (AuthorID, PaperID) VALUES (562, 1386);
INSERT INTO Paper (PaperID, Title, Year, MDate, Key, DOI) VALUES (2328, 'Overview of the International Authorship Identification Competition at PAN-2011.', 2011, '2014-09-24', 'conf/clef/ArgamonJ11', 'http://www.clef-initiative.eu/documents/71612/86377/CLEF2011wn-PAN-ArgamonEt2011.pdf');
INSERT INTO Write (AuthorID, PaperID) VALUES (562, 2328);
INSERT INTO Write (AuthorID, PaperID) VALUES (562, 2572);
INSERT INTO Paper (PaperID, Title, Year, MDate, Key, DOI) VALUES (3010, 'An Overview of the Traditional Authorship Attribution Subtask.', 2012, '2014-09-24', 'conf/clef/Juola12', 'http://www.clef-initiative.eu/documents/71612/6eedb34d-afda-4f7b-a847-0b99db065033');
INSERT INTO Write (AuthorID, PaperID) VALUES (562, 3010);
INSERT INTO Author (AuthorID, Name) VALUES (563, 'Ilia Markov');
INSERT INTO Write (AuthorID, PaperID) VALUES (563, 2303);
INSERT INTO Write (AuthorID, PaperID) VALUES (563, 2553);
INSERT INTO Write (AuthorID, PaperID) VALUES (563, 2783);
INSERT INTO Write (AuthorID, PaperID) VALUES (563, 3201);
INSERT INTO Write (AuthorID, PaperID) VALUES (563, 3503);
INSERT INTO Author (AuthorID, Name) VALUES (564, 'Ricardo Ribeiro 0001');
INSERT INTO Write (AuthorID, PaperID) VALUES (564, 219);
INSERT INTO Write (AuthorID, PaperID) VALUES (564, 255);
INSERT INTO Write (AuthorID, PaperID) VALUES (564, 506);
INSERT INTO Write (AuthorID, PaperID) VALUES (564, 951);
INSERT INTO Write (AuthorID, PaperID) VALUES (564, 1974);
INSERT INTO Author (AuthorID, Name) VALUES (565, 'Anna Vartapetiance');
INSERT INTO Write (AuthorID, PaperID) VALUES (565, 588);
INSERT INTO Write (AuthorID, PaperID) VALUES (565, 1846);
INSERT INTO Write (AuthorID, PaperID) VALUES (565, 2715);
INSERT INTO Write (AuthorID, PaperID) VALUES (565, 3143);
INSERT INTO Write (AuthorID, PaperID) VALUES (565, 3281);
INSERT INTO Author (AuthorID, Name) VALUES (566, 'Fa&iuml;ez Gargouri');
INSERT INTO Write (AuthorID, PaperID) VALUES (566, 384);
INSERT INTO Write (AuthorID, PaperID) VALUES (566, 2480);
INSERT INTO Write (AuthorID, PaperID) VALUES (566, 2748);
INSERT INTO Write (AuthorID, PaperID) VALUES (566, 2772);
INSERT INTO Write (AuthorID, PaperID) VALUES (566, 3283);
INSERT INTO Author (AuthorID, Name) VALUES (567, 'Carlos A. Hern&aacute;ndez');
INSERT INTO Write (AuthorID, PaperID) VALUES (567, 116);
INSERT INTO Write (AuthorID, PaperID) VALUES (567, 550);
INSERT INTO Write (AuthorID, PaperID) VALUES (567, 2104);
INSERT INTO Write (AuthorID, PaperID) VALUES (567, 2317);
INSERT INTO Write (AuthorID, PaperID) VALUES (567, 2759);
INSERT INTO Author (AuthorID, Name) VALUES (568, 'Yurii Palkovskii');
INSERT INTO Write (AuthorID, PaperID) VALUES (568, 883);
INSERT INTO Write (AuthorID, PaperID) VALUES (568, 1592);
INSERT INTO Write (AuthorID, PaperID) VALUES (568, 1881);
INSERT INTO Write (AuthorID, PaperID) VALUES (568, 2597);
INSERT INTO Write (AuthorID, PaperID) VALUES (568, 2872);
INSERT INTO Author (AuthorID, Name) VALUES (569, 'Marin Ferecatu');
INSERT INTO Write (AuthorID, PaperID) VALUES (569, 1013);
INSERT INTO Write (AuthorID, PaperID) VALUES (569, 1511);
INSERT INTO Write (AuthorID, PaperID) VALUES (569, 1611);
INSERT INTO Write (AuthorID, PaperID) VALUES (569, 1833);
INSERT INTO Write (AuthorID, PaperID) VALUES (569, 2263);
INSERT INTO Author (AuthorID, Name) VALUES (570, 'Elaine G. Toms');
INSERT INTO Write (AuthorID, PaperID) VALUES (570, 507);
INSERT INTO Paper (PaperID, Title, Year, MDate, Key, DOI) VALUES (713, '"Would You Trust Your IR System to Choose Your Date?" Re-thinking IR Evaluation in the 21st Century.', 2011, '2018-06-26', 'conf/clef/Toms11', 'https://doi.org/10.1007/978-3-642-23708-9_1');
INSERT INTO Write (AuthorID, PaperID) VALUES (570, 713);
INSERT INTO Write (AuthorID, PaperID) VALUES (570, 1437);
INSERT INTO Write (AuthorID, PaperID) VALUES (570, 1678);
INSERT INTO Write (AuthorID, PaperID) VALUES (570, 2589);
INSERT INTO Author (AuthorID, Name) VALUES (571, 'Lu&iacute;sa Coheur');
INSERT INTO Write (AuthorID, PaperID) VALUES (571, 219);
INSERT INTO Write (AuthorID, PaperID) VALUES (571, 255);
INSERT INTO Write (AuthorID, PaperID) VALUES (571, 506);
INSERT INTO Write (AuthorID, PaperID) VALUES (571, 951);
INSERT INTO Write (AuthorID, PaperID) VALUES (571, 1974);
INSERT INTO Author (AuthorID, Name) VALUES (572, 'Gabriella Kazai');
INSERT INTO Write (AuthorID, PaperID) VALUES (572, 378);
INSERT INTO Write (AuthorID, PaperID) VALUES (572, 1438);
INSERT INTO Write (AuthorID, PaperID) VALUES (572, 2460);
INSERT INTO Write (AuthorID, PaperID) VALUES (572, 2584);
INSERT INTO Write (AuthorID, PaperID) VALUES (572, 3458);
INSERT INTO Author (AuthorID, Name) VALUES (573, 'Julien Ah-Pine');
INSERT INTO Write (AuthorID, PaperID) VALUES (573, 137);
INSERT INTO Write (AuthorID, PaperID) VALUES (573, 1213);
INSERT INTO Write (AuthorID, PaperID) VALUES (573, 1253);
INSERT INTO Write (AuthorID, PaperID) VALUES (573, 2424);
INSERT INTO Write (AuthorID, PaperID) VALUES (573, 3221);
INSERT INTO Author (AuthorID, Name) VALUES (574, 'Karim Benzineb');
INSERT INTO Write (AuthorID, PaperID) VALUES (574, 2608);
INSERT INTO Write (AuthorID, PaperID) VALUES (574, 2727);
INSERT INTO Write (AuthorID, PaperID) VALUES (574, 3049);
INSERT INTO Write (AuthorID, PaperID) VALUES (574, 3422);
INSERT INTO Write (AuthorID, PaperID) VALUES (574, 3500);
INSERT INTO Author (AuthorID, Name) VALUES (575, 'Pavel Ircing');
INSERT INTO Paper (PaperID, Title, Year, MDate, Key, DOI) VALUES (481, 'Czech Monolingual Information Retrieval Using Off-The-Shelf Components - the University of West Bohemia at CLEF 2007 Ad-Hoc track.', 2007, '2014-09-23', 'conf/clef/IrcingM07a', 'http://ceur-ws.org/Vol-1173/CLEF2007wn-adhoc-IrcingEt2007.pdf');
INSERT INTO Write (AuthorID, PaperID) VALUES (575, 481);
INSERT INTO Paper (PaperID, Title, Year, MDate, Key, DOI) VALUES (2410, 'Benefit of Proper Language Processing for Czech Speech Retrieval in the CL-SR Task at CLEF 2006.', 2006, '2017-05-24', 'conf/clef/IrcingM06', 'https://doi.org/10.1007/978-3-540-74999-8_95');
INSERT INTO Write (AuthorID, PaperID) VALUES (575, 2410);
INSERT INTO Paper (PaperID, Title, Year, MDate, Key, DOI) VALUES (3219, 'The University of West Bohemia at CLEF 2006, the CL-SR Track.', 2006, '2014-08-15', 'conf/clef/IrcingM06a', 'http://ceur-ws.org/Vol-1172/CLEF2006wn-CLSR-IrcingEt2006.pdf');
INSERT INTO Write (AuthorID, PaperID) VALUES (575, 3219);
INSERT INTO Paper (PaperID, Title, Year, MDate, Key, DOI) VALUES (3248, 'Attempts to Search Czech Spontaneous Spoken Interviews - the University of West Bohemia at CLEF 2007 CL-SR track.', 2007, '2014-09-23', 'conf/clef/IrcingM07', 'http://ceur-ws.org/Vol-1173/CLEF2007wn-CLSR-IrcingEt2007.pdf');
INSERT INTO Write (AuthorID, PaperID) VALUES (575, 3248);
INSERT INTO Paper (PaperID, Title, Year, MDate, Key, DOI) VALUES (3277, 'What Can and Cannot Be Found in Czech Spontaneous Speech Using Document-Oriented IR Methods - UWB at CLEF 2007 CL-SR Track.', 2007, '2017-05-24', 'conf/clef/IrcingPV07', 'https://doi.org/10.1007/978-3-540-85760-0_90');
INSERT INTO Write (AuthorID, PaperID) VALUES (575, 3277);
INSERT INTO Author (AuthorID, Name) VALUES (576, 'Menno van Zaanen');
INSERT INTO Paper (PaperID, Title, Year, MDate, Key, DOI) VALUES (1645, 'Multi-modal Information Retrieval Using FINT.', 2004, '2017-05-24', 'conf/clef/ZaanenC05', 'https://doi.org/10.1007/11519645_71');
INSERT INTO Write (AuthorID, PaperID) VALUES (576, 1645);
INSERT INTO Paper (PaperID, Title, Year, MDate, Key, DOI) VALUES (1760, 'AnswerFinder at QAst 2007: Named Entity Recognition for QA on Speech Transcripts.', 2007, '2014-09-24', 'conf/clef/MollaCZ07', 'http://ceur-ws.org/Vol-1173/CLEF2007wn-QACLEF-MollaEt2007.pdf');
INSERT INTO Write (AuthorID, PaperID) VALUES (576, 1760);
INSERT INTO Paper (PaperID, Title, Year, MDate, Key, DOI) VALUES (2502, 'AnswerFinder at QA@CLEF 2007.', 2007, '2014-09-23', 'conf/clef/ZaanenM07', 'http://ceur-ws.org/Vol-1173/CLEF2007wn-QACLEF-vanZaanenEt2007.pdf');
INSERT INTO Write (AuthorID, PaperID) VALUES (576, 2502);
INSERT INTO Paper (PaperID, Title, Year, MDate, Key, DOI) VALUES (2827, 'FINT: Find Images aNd Text.', 2004, '2014-08-15', 'conf/clef/ZaanenC04', 'http://ceur-ws.org/Vol-1170/CLEF2004wn-ImageCLEF-vanZaanenEt2004.pdf');
INSERT INTO Write (AuthorID, PaperID) VALUES (576, 2827);
