INSERT INTO Write (AuthorID, PaperID) VALUES (949, 1470);
INSERT INTO Author (AuthorID, Name) VALUES (950, 'Carlos Costa 0001');
INSERT INTO Write (AuthorID, PaperID) VALUES (950, 2028);
INSERT INTO Write (AuthorID, PaperID) VALUES (950, 2314);
INSERT INTO Write (AuthorID, PaperID) VALUES (950, 2855);
INSERT INTO Author (AuthorID, Name) VALUES (951, 'Seifeddine Mechti');
INSERT INTO Write (AuthorID, PaperID) VALUES (951, 6);
INSERT INTO Write (AuthorID, PaperID) VALUES (951, 1377);
INSERT INTO Write (AuthorID, PaperID) VALUES (951, 2374);
INSERT INTO Author (AuthorID, Name) VALUES (952, 'Emanuele Di Buccio');
INSERT INTO Write (AuthorID, PaperID) VALUES (952, 1138);
INSERT INTO Write (AuthorID, PaperID) VALUES (952, 1194);
INSERT INTO Write (AuthorID, PaperID) VALUES (952, 1687);
INSERT INTO Author (AuthorID, Name) VALUES (953, 'Maher Jaoua');
INSERT INTO Write (AuthorID, PaperID) VALUES (953, 6);
INSERT INTO Write (AuthorID, PaperID) VALUES (953, 1377);
INSERT INTO Write (AuthorID, PaperID) VALUES (953, 2374);
INSERT INTO Author (AuthorID, Name) VALUES (954, 'Thierry Pun');
INSERT INTO Paper (PaperID, Title, Year, MDate, Key, DOI) VALUES (428, 'Identification of Narrative Peaks in Clips: Text Features Perform Best.', 2009, '2014-09-29', 'conf/clef/KierkelsSP09b', 'http://ceur-ws.org/Vol-1175/CLEF2009wn-INFILE-kierkelsEt2009.pdf');
INSERT INTO Write (AuthorID, PaperID) VALUES (954, 428);
INSERT INTO Paper (PaperID, Title, Year, MDate, Key, DOI) VALUES (654, 'Identification of Narrative Peaks in Clips: Text Features Perform Best.', 2009, '2014-09-29', 'conf/clef/KierkelsSP09a', 'http://ceur-ws.org/Vol-1175/CLEF2009wn-VideoCLEF-KierkelsEt2009.pdf');
INSERT INTO Write (AuthorID, PaperID) VALUES (954, 654);
INSERT INTO Paper (PaperID, Title, Year, MDate, Key, DOI) VALUES (3346, 'Identification of Narrative Peaks in Video Clips: Text Features Perform Best.', 2009, '2017-05-24', 'conf/clef/KierkelsSP09', 'https://doi.org/10.1007/978-3-642-15751-6_51');
INSERT INTO Write (AuthorID, PaperID) VALUES (954, 3346);
INSERT INTO Author (AuthorID, Name) VALUES (955, 'Gabriel Illouz');
INSERT INTO Write (AuthorID, PaperID) VALUES (955, 601);
INSERT INTO Write (AuthorID, PaperID) VALUES (955, 1940);
INSERT INTO Write (AuthorID, PaperID) VALUES (955, 1988);
INSERT INTO Author (AuthorID, Name) VALUES (956, 'Qinan Hu');
INSERT INTO Write (AuthorID, PaperID) VALUES (956, 1486);
INSERT INTO Write (AuthorID, PaperID) VALUES (956, 1793);
INSERT INTO Write (AuthorID, PaperID) VALUES (956, 1903);
INSERT INTO Author (AuthorID, Name) VALUES (957, 'Sue Han Lee');
INSERT INTO Write (AuthorID, PaperID) VALUES (957, 655);
INSERT INTO Write (AuthorID, PaperID) VALUES (957, 757);
INSERT INTO Write (AuthorID, PaperID) VALUES (957, 2099);
INSERT INTO Author (AuthorID, Name) VALUES (958, 'Heidy Marisol Mar&iacute;n Castro');
INSERT INTO Write (AuthorID, PaperID) VALUES (958, 71);
INSERT INTO Write (AuthorID, PaperID) VALUES (958, 1044);
INSERT INTO Write (AuthorID, PaperID) VALUES (958, 2759);
INSERT INTO Author (AuthorID, Name) VALUES (959, 'Motoaki Kawanabe');
INSERT INTO Write (AuthorID, PaperID) VALUES (959, 502);
INSERT INTO Write (AuthorID, PaperID) VALUES (959, 1371);
INSERT INTO Write (AuthorID, PaperID) VALUES (959, 2145);
INSERT INTO Author (AuthorID, Name) VALUES (960, 'Masoud Rahgozar');
INSERT INTO Write (AuthorID, PaperID) VALUES (960, 523);
INSERT INTO Write (AuthorID, PaperID) VALUES (960, 1021);
INSERT INTO Write (AuthorID, PaperID) VALUES (960, 1523);
INSERT INTO Author (AuthorID, Name) VALUES (961, 'Anne Diekema');
INSERT INTO Write (AuthorID, PaperID) VALUES (961, 2373);
INSERT INTO Paper (PaperID, Title, Year, MDate, Key, DOI) VALUES (2526, 'Cross-Language Information Retrieval Using Dutch Query Translation.', 2000, '2017-05-24', 'conf/clef/DiekemaH00', 'https://doi.org/10.1007/3-540-44645-1_22');
INSERT INTO Write (AuthorID, PaperID) VALUES (961, 2526);
INSERT INTO Write (AuthorID, PaperID) VALUES (961, 2626);
INSERT INTO Author (AuthorID, Name) VALUES (962, 'Guillaume Jacquet');
INSERT INTO Write (AuthorID, PaperID) VALUES (962, 488);
INSERT INTO Write (AuthorID, PaperID) VALUES (962, 818);
INSERT INTO Write (AuthorID, PaperID) VALUES (962, 2424);
INSERT INTO Author (AuthorID, Name) VALUES (963, 'Lee M. Christensen');
INSERT INTO Write (AuthorID, PaperID) VALUES (963, 928);
INSERT INTO Write (AuthorID, PaperID) VALUES (963, 1126);
INSERT INTO Write (AuthorID, PaperID) VALUES (963, 1740);
INSERT INTO Author (AuthorID, Name) VALUES (964, 'Andreas Eiselt');
INSERT INTO Write (AuthorID, PaperID) VALUES (964, 532);
INSERT INTO Write (AuthorID, PaperID) VALUES (964, 1137);
INSERT INTO Paper (PaperID, Title, Year, MDate, Key, DOI) VALUES (2297, 'Innovandio S.A. at CLEF-IP 2013.', 2013, '2014-09-10', 'conf/clef/EiseltO13', 'http://ceur-ws.org/Vol-1179/CLEF2013wn-CLEFIP-EiseltEt2013.pdf');
INSERT INTO Write (AuthorID, PaperID) VALUES (964, 2297);
INSERT INTO Author (AuthorID, Name) VALUES (965, 'Mariana L. Neves');
INSERT INTO Paper (PaperID, Title, Year, MDate, Key, DOI) VALUES (427, 'HPI in-memory-based Database System in Task 2b of BioASQ.', 2014, '2015-01-08', 'conf/clef/Neves14', 'http://ceur-ws.org/Vol-1180/CLEF2014wn-QA-Neves2014.pdf');
INSERT INTO Write (AuthorID, PaperID) VALUES (965, 427);
INSERT INTO Paper (PaperID, Title, Year, MDate, Key, DOI) VALUES (2136, 'HPI Question Answering System in the BioASQ 2015 Challenge.', 2015, '2016-08-05', 'conf/clef/Neves15', 'http://ceur-ws.org/Vol-1391/59-CR.pdf');
INSERT INTO Write (AuthorID, PaperID) VALUES (965, 2136);
INSERT INTO Paper (PaperID, Title, Year, MDate, Key, DOI) VALUES (2571, 'Applying In-Memory Technology for Automatic Template Filling in the Clinical Domain.', 2014, '2015-01-08', 'conf/clef/HerbstFNS14', 'http://ceur-ws.org/Vol-1180/CLEF2014wn-eHealth-HerbstEt2014.pdf');
INSERT INTO Write (AuthorID, PaperID) VALUES (965, 2571);
INSERT INTO Author (AuthorID, Name) VALUES (966, 'Spas Kyuchukov');
INSERT INTO Write (AuthorID, PaperID) VALUES (966, 233);
INSERT INTO Write (AuthorID, PaperID) VALUES (966, 524);
INSERT INTO Write (AuthorID, PaperID) VALUES (966, 953);
INSERT INTO Author (AuthorID, Name) VALUES (967, 'Saso Dzeroski');
INSERT INTO Write (AuthorID, PaperID) VALUES (967, 1211);
INSERT INTO Write (AuthorID, PaperID) VALUES (967, 2029);
INSERT INTO Write (AuthorID, PaperID) VALUES (967, 2126);
INSERT INTO Author (AuthorID, Name) VALUES (968, 'Suraj Maharjan');
INSERT INTO Write (AuthorID, PaperID) VALUES (968, 858);
INSERT INTO Write (AuthorID, PaperID) VALUES (968, 1715);
INSERT INTO Write (AuthorID, PaperID) VALUES (968, 3473);
INSERT INTO Author (AuthorID, Name) VALUES (969, 'Pepa Atanasova');
INSERT INTO Write (AuthorID, PaperID) VALUES (969, 233);
INSERT INTO Write (AuthorID, PaperID) VALUES (969, 524);
INSERT INTO Write (AuthorID, PaperID) VALUES (969, 953);
INSERT INTO Author (AuthorID, Name) VALUES (970, 'Lamjed Ben Jabeur');
INSERT INTO Write (AuthorID, PaperID) VALUES (970, 228);
INSERT INTO Write (AuthorID, PaperID) VALUES (970, 1933);
INSERT INTO Write (AuthorID, PaperID) VALUES (970, 2945);
INSERT INTO Author (AuthorID, Name) VALUES (971, 'Xiangying Jiang');
INSERT INTO Write (AuthorID, PaperID) VALUES (971, 69);
INSERT INTO Write (AuthorID, PaperID) VALUES (971, 3069);
INSERT INTO Write (AuthorID, PaperID) VALUES (971, 3427);
INSERT INTO Author (AuthorID, Name) VALUES (972, 'Maria Simi');
INSERT INTO Paper (PaperID, Title, Year, MDate, Key, DOI) VALUES (1141, 'Index Expansion for Machine Reading and Question Answering.', 2012, '2014-09-24', 'conf/clef/AttardiAS12', 'http://www.clef-initiative.eu/documents/71612/f12b5bf7-43a3-4ee2-a51c-c54c37e2353a');
INSERT INTO Write (AuthorID, PaperID) VALUES (972, 1141);
INSERT INTO Paper (PaperID, Title, Year, MDate, Key, DOI) VALUES (2174, 'QA at ILC-UniPI: Description of the Prototype.', 2004, '2014-08-15', 'conf/clef/BertagnaCS04', 'http://ceur-ws.org/Vol-1170/CLEF2004wn-QACLEF-BertagnaEt2004.pdf');
INSERT INTO Write (AuthorID, PaperID) VALUES (972, 2174);
INSERT INTO Paper (PaperID, Title, Year, MDate, Key, DOI) VALUES (2585, 'ILC-UniPI Italian QA.', 2004, '2017-05-24', 'conf/clef/BertagnaCS05', 'https://doi.org/10.1007/11519645_56');
INSERT INTO Write (AuthorID, PaperID) VALUES (972, 2585);
INSERT INTO Author (AuthorID, Name) VALUES (973, 'Daniel Barth&eacute;l&eacute;my');
INSERT INTO Write (AuthorID, PaperID) VALUES (973, 837);
INSERT INTO Write (AuthorID, PaperID) VALUES (973, 2015);
INSERT INTO Write (AuthorID, PaperID) VALUES (973, 3072);
INSERT INTO Author (AuthorID, Name) VALUES (974, 'Yun He');
INSERT INTO Write (AuthorID, PaperID) VALUES (974, 608);
INSERT INTO Write (AuthorID, PaperID) VALUES (974, 2100);
INSERT INTO Write (AuthorID, PaperID) VALUES (974, 2984);
INSERT INTO Author (AuthorID, Name) VALUES (975, 'Antoine Vacavant');
INSERT INTO Write (AuthorID, PaperID) VALUES (975, 1534);
INSERT INTO Write (AuthorID, PaperID) VALUES (975, 2024);
INSERT INTO Write (AuthorID, PaperID) VALUES (975, 3262);
INSERT INTO Author (AuthorID, Name) VALUES (976, 'Christian Lovis');
INSERT INTO Write (AuthorID, PaperID) VALUES (976, 2002);
INSERT INTO Write (AuthorID, PaperID) VALUES (976, 3120);
INSERT INTO Write (AuthorID, PaperID) VALUES (976, 3333);
INSERT INTO Author (AuthorID, Name) VALUES (977, 'Ningning Liu');
INSERT INTO Paper (PaperID, Title, Year, MDate, Key, DOI) VALUES (354, 'BUAA-iCC at ImageCLEF 2015 Scalable Concept Image Annotation Challenge.', 2015, '2015-09-03', 'conf/clef/WangCLZ15', 'http://ceur-ws.org/Vol-1391/120-CR.pdf');
INSERT INTO Write (AuthorID, PaperID) VALUES (977, 354);
INSERT INTO Write (AuthorID, PaperID) VALUES (977, 702);
INSERT INTO Write (AuthorID, PaperID) VALUES (977, 1252);
INSERT INTO Author (AuthorID, Name) VALUES (978, 'Ana&iuml;s Ollagnier');
INSERT INTO Write (AuthorID, PaperID) VALUES (978, 105);
INSERT INTO Write (AuthorID, PaperID) VALUES (978, 1209);
INSERT INTO Write (AuthorID, PaperID) VALUES (978, 2450);
INSERT INTO Author (AuthorID, Name) VALUES (979, 'Andr&eacute;a Carneiro Linhares');
INSERT INTO Paper (PaperID, Title, Year, MDate, Key, DOI) VALUES (162, 'An Automatic Greedy Summarization System at INEX 2013 Tweet Contextualization Track.', 2013, '2014-09-10', 'conf/clef/Linhares13', 'http://ceur-ws.org/Vol-1179/CLEF2013wn-INEX-CarneiroLinhares2013.pdf');
INSERT INTO Write (AuthorID, PaperID) VALUES (979, 162);
INSERT INTO Write (AuthorID, PaperID) VALUES (979, 2751);
INSERT INTO Write (AuthorID, PaperID) VALUES (979, 3511);
INSERT INTO Author (AuthorID, Name) VALUES (980, 'Liviu-Daniel Stefan');
INSERT INTO Write (AuthorID, PaperID) VALUES (980, 1166);
INSERT INTO Write (AuthorID, PaperID) VALUES (980, 1614);
INSERT INTO Write (AuthorID, PaperID) VALUES (980, 1905);
INSERT INTO Author (AuthorID, Name) VALUES (981, 'Joep J. M. Kierkels');
INSERT INTO Write (AuthorID, PaperID) VALUES (981, 428);
INSERT INTO Write (AuthorID, PaperID) VALUES (981, 654);
INSERT INTO Write (AuthorID, PaperID) VALUES (981, 3346);
INSERT INTO Author (AuthorID, Name) VALUES (982, 'Luis Pellegrin');
INSERT INTO Write (AuthorID, PaperID) VALUES (982, 129);
INSERT INTO Write (AuthorID, PaperID) VALUES (982, 3019);
INSERT INTO Write (AuthorID, PaperID) VALUES (982, 3414);
INSERT INTO Author (AuthorID, Name) VALUES (983, 'Mohammad Soleymani');
INSERT INTO Write (AuthorID, PaperID) VALUES (983, 428);
INSERT INTO Write (AuthorID, PaperID) VALUES (983, 654);
INSERT INTO Write (AuthorID, PaperID) VALUES (983, 3346);
INSERT INTO Author (AuthorID, Name) VALUES (984, 'Caglar Tirkaz');
INSERT INTO Write (AuthorID, PaperID) VALUES (984, 1041);
INSERT INTO Write (AuthorID, PaperID) VALUES (984, 2210);
INSERT INTO Write (AuthorID, PaperID) VALUES (984, 2978);
INSERT INTO Author (AuthorID, Name) VALUES (985, 'Llu&iacute;s M&agrave;rquez');
INSERT INTO Write (AuthorID, PaperID) VALUES (985, 233);
INSERT INTO Write (AuthorID, PaperID) VALUES (985, 524);
INSERT INTO Write (AuthorID, PaperID) VALUES (985, 953);
INSERT INTO Author (AuthorID, Name) VALUES (986, 'Guillaume Cerutti');
INSERT INTO Write (AuthorID, PaperID) VALUES (986, 1534);
INSERT INTO Write (AuthorID, PaperID) VALUES (986, 2024);
INSERT INTO Write (AuthorID, PaperID) VALUES (986, 3262);
INSERT INTO Author (AuthorID, Name) VALUES (987, 'Sanmitra Bhattacharya');
INSERT INTO Paper (PaperID, Title, Year, MDate, Key, DOI) VALUES (2078, 'The University of Iowa at CLEF 2014: eHealth Task 3.', 2014, '2014-09-10', 'conf/clef/YangBS14', 'http://ceur-ws.org/Vol-1180/CLEF2014wn-eHealth-YangEt2014.pdf');
INSERT INTO Write (AuthorID, PaperID) VALUES (987, 2078);
INSERT INTO Paper (PaperID, Title, Year, MDate, Key, DOI) VALUES (2309, 'Question Answering for Alzheimer Disease Using Information Retrieval.', 2012, '2014-09-24', 'conf/clef/BhattacharyaT12', 'http://www.clef-initiative.eu/documents/71612/c1c82df0-f1cd-453e-9a08-8740becd04a3');
INSERT INTO Write (AuthorID, PaperID) VALUES (987, 2309);
INSERT INTO Paper (PaperID, Title, Year, MDate, Key, DOI) VALUES (2660, 'Lexical and Machine Learning Approaches Toward Online Reputation Management.', 2012, '2014-09-24', 'conf/clef/YangBS12', 'http://www.clef-initiative.eu/documents/71612/4e6eb41a-fdc2-42d2-9fbd-357d81bfb19f');
INSERT INTO Write (AuthorID, PaperID) VALUES (987, 2660);
INSERT INTO Author (AuthorID, Name) VALUES (988, 'Ali Hosseinzadeh Vahid');
INSERT INTO Write (AuthorID, PaperID) VALUES (988, 800);
INSERT INTO Write (AuthorID, PaperID) VALUES (988, 2172);
INSERT INTO Write (AuthorID, PaperID) VALUES (988, 3436);
INSERT INTO Author (AuthorID, Name) VALUES (989, 'Verginica Barbu Mititelu');
INSERT INTO Write (AuthorID, PaperID) VALUES (989, 445);
INSERT INTO Write (AuthorID, PaperID) VALUES (989, 1020);
INSERT INTO Write (AuthorID, PaperID) VALUES (989, 2845);
INSERT INTO Author (AuthorID, Name) VALUES (990, 'Baptiste Chardon');
INSERT INTO Write (AuthorID, PaperID) VALUES (990, 465);
INSERT INTO Write (AuthorID, PaperID) VALUES (990, 2731);
INSERT INTO Write (AuthorID, PaperID) VALUES (990, 3184);
INSERT INTO Author (AuthorID, Name) VALUES (991, 'Malek Hajjem');
INSERT INTO Write (AuthorID, PaperID) VALUES (991, 84);
INSERT INTO Write (AuthorID, PaperID) VALUES (991, 1975);
INSERT INTO Write (AuthorID, PaperID) VALUES (991, 2738);
INSERT INTO Author (AuthorID, Name) VALUES (992, 'Fr&eacute;d&eacute;ric Precioso');
INSERT INTO Write (AuthorID, PaperID) VALUES (992, 1555);
INSERT INTO Write (AuthorID, PaperID) VALUES (992, 1638);
INSERT INTO Write (AuthorID, PaperID) VALUES (992, 2963);
INSERT INTO Author (AuthorID, Name) VALUES (993, 'Yong Han');
INSERT INTO Write (AuthorID, PaperID) VALUES (993, 1109);
INSERT INTO Write (AuthorID, PaperID) VALUES (993, 1918);
INSERT INTO Write (AuthorID, PaperID) VALUES (993, 2514);
INSERT INTO Author (AuthorID, Name) VALUES (994, 'Fabio Rinaldi 0001');
INSERT INTO Write (AuthorID, PaperID) VALUES (994, 672);
INSERT INTO Write (AuthorID, PaperID) VALUES (994, 1412);
INSERT INTO Write (AuthorID, PaperID) VALUES (994, 2906);
INSERT INTO Author (AuthorID, Name) VALUES (995, 'Jorge S&aacute;nchez');
INSERT INTO Paper (PaperID, Title, Year, MDate, Key, DOI) VALUES (167, 'Leveraging Robust Signatures for Mobile Robot Semantic Localization.', 2012, '2014-09-24', 'conf/clef/RedolfiS12', 'http://www.clef-initiative.eu/documents/71612/3a0661d9-78f0-4eb1-8a96-19d898f40fb3');
INSERT INTO Write (AuthorID, PaperID) VALUES (995, 167);
INSERT INTO Write (AuthorID, PaperID) VALUES (995, 2424);
INSERT INTO Write (AuthorID, PaperID) VALUES (995, 3063);
INSERT INTO Author (AuthorID, Name) VALUES (996, 'Vlado Keselj');
INSERT INTO Write (AuthorID, PaperID) VALUES (996, 2039);
INSERT INTO Write (AuthorID, PaperID) VALUES (996, 2459);
INSERT INTO Write (AuthorID, PaperID) VALUES (996, 2825);
INSERT INTO Author (AuthorID, Name) VALUES (997, 'Mario Zechner');
INSERT INTO Write (AuthorID, PaperID) VALUES (997, 1668);
INSERT INTO Write (AuthorID, PaperID) VALUES (997, 3021);
INSERT INTO Write (AuthorID, PaperID) VALUES (997, 3371);
INSERT INTO Author (AuthorID, Name) VALUES (998, 'Chee Seng Chan');
INSERT INTO Write (AuthorID, PaperID) VALUES (998, 655);
INSERT INTO Write (AuthorID, PaperID) VALUES (998, 757);
INSERT INTO Write (AuthorID, PaperID) VALUES (998, 2099);
INSERT INTO Author (AuthorID, Name) VALUES (999, 'Ghada Feki');
INSERT INTO Write (AuthorID, PaperID) VALUES (999, 1510);
INSERT INTO Write (AuthorID, PaperID) VALUES (999, 3176);
INSERT INTO Write (AuthorID, PaperID) VALUES (999, 3313);
INSERT INTO Author (AuthorID, Name) VALUES (1000, 'Matthew Trappett');
INSERT INTO Write (AuthorID, PaperID) VALUES (1000, 378);
INSERT INTO Write (AuthorID, PaperID) VALUES (1000, 1324);
INSERT INTO Write (AuthorID, PaperID) VALUES (1000, 2709);
INSERT INTO Author (AuthorID, Name) VALUES (1001, 'Milan Sulc');
INSERT INTO Paper (PaperID, Title, Year, MDate, Key, DOI) VALUES (1204, 'Plant Recognition by Inception Networks with Test-time Class Prior Estimation.', 2018, '2018-08-08', 'conf/clef/SulcPM18', 'http://ceur-ws.org/Vol-2125/paper_152.pdf');
INSERT INTO Write (AuthorID, PaperID) VALUES (1001, 1204);
INSERT INTO Paper (PaperID, Title, Year, MDate, Key, DOI) VALUES (2362, 'Very Deep Residual Networks with MaxOut for Plant Identification in the Wild.', 2016, '2016-08-11', 'conf/clef/SulcMM16', 'http://ceur-ws.org/Vol-1609/16090579.pdf');
INSERT INTO Write (AuthorID, PaperID) VALUES (1001, 2362);
INSERT INTO Paper (PaperID, Title, Year, MDate, Key, DOI) VALUES (3223, 'Learning with Noisy and Trusted Labels for Fine-Grained Plant Recognition.', 2017, '2017-08-15', 'conf/clef/SulcM17', 'http://ceur-ws.org/Vol-1866/paper_167.pdf');
INSERT INTO Write (AuthorID, PaperID) VALUES (1001, 3223);
INSERT INTO Author (AuthorID, Name) VALUES (1002, 'Jamal Ahmad Khan');
INSERT INTO Paper (PaperID, Title, Year, MDate, Key, DOI) VALUES (556, 'Style Breach Detection: An Unsupervised Detection Model.', 2017, '2017-08-15', 'conf/clef/Khan17a', 'http://ceur-ws.org/Vol-1866/paper_106.pdf');
INSERT INTO Write (AuthorID, PaperID) VALUES (1002, 556);
INSERT INTO Paper (PaperID, Title, Year, MDate, Key, DOI) VALUES (1185, 'A Model for Style Breach Detection at a Glance: Notebook for PAN at CLEF 2018.', 2018, '2018-08-08', 'conf/clef/Khan18', 'http://ceur-ws.org/Vol-2125/paper_170.pdf');
INSERT INTO Write (AuthorID, PaperID) VALUES (1002, 1185);
INSERT INTO Paper (PaperID, Title, Year, MDate, Key, DOI) VALUES (2843, 'Author Profile Prediction Using Trend and Word Frequency Based Analysis in Text.', 2017, '2017-08-15', 'conf/clef/Khan17', 'http://ceur-ws.org/Vol-1866/paper_52.pdf');
INSERT INTO Write (AuthorID, PaperID) VALUES (1002, 2843);
INSERT INTO Author (AuthorID, Name) VALUES (1003, 'Martha Tatusch');
INSERT INTO Write (AuthorID, PaperID) VALUES (1003, 2117);
INSERT INTO Write (AuthorID, PaperID) VALUES (1003, 2790);
INSERT INTO Write (AuthorID, PaperID) VALUES (1003, 2829);
INSERT INTO Author (AuthorID, Name) VALUES (1004, 'Lina Fatima Soualmia');
INSERT INTO Write (AuthorID, PaperID) VALUES (1004, 400);
INSERT INTO Write (AuthorID, PaperID) VALUES (1004, 602);
INSERT INTO Write (AuthorID, PaperID) VALUES (1004, 1478);
INSERT INTO Author (AuthorID, Name) VALUES (1005, 'Jan Kasprzak');
INSERT INTO Write (AuthorID, PaperID) VALUES (1005, 2061);
INSERT INTO Write (AuthorID, PaperID) VALUES (1005, 2816);
INSERT INTO Write (AuthorID, PaperID) VALUES (1005, 2989);
INSERT INTO Author (AuthorID, Name) VALUES (1006, 'Frantz Thiessard');
INSERT INTO Write (AuthorID, PaperID) VALUES (1006, 527);
INSERT INTO Write (AuthorID, PaperID) VALUES (1006, 1694);
INSERT INTO Write (AuthorID, PaperID) VALUES (1006, 2721);
INSERT INTO Author (AuthorID, Name) VALUES (1007, 'D&aacute;niel Lovas');
INSERT INTO Write (AuthorID, PaperID) VALUES (1007, 15);
INSERT INTO Write (AuthorID, PaperID) VALUES (1007, 2357);
INSERT INTO Write (AuthorID, PaperID) VALUES (1007, 2487);
INSERT INTO Author (AuthorID, Name) VALUES (1008, 'Hongyu Liu');
INSERT INTO Write (AuthorID, PaperID) VALUES (1008, 608);
INSERT INTO Write (AuthorID, PaperID) VALUES (1008, 1512);
INSERT INTO Write (AuthorID, PaperID) VALUES (1008, 2100);
INSERT INTO Author (AuthorID, Name) VALUES (1009, 'Trong-Ton Pham');
INSERT INTO Write (AuthorID, PaperID) VALUES (1009, 1292);
INSERT INTO Write (AuthorID, PaperID) VALUES (1009, 1579);
INSERT INTO Write (AuthorID, PaperID) VALUES (1009, 1644);
INSERT INTO Author (AuthorID, Name) VALUES (1010, 'Jaroslav Kuchar');
INSERT INTO Paper (PaperID, Title, Year, MDate, Key, DOI) VALUES (398, 'Benchmark of Rule-Based Classifiers in the News Recommendation Task.', 2015, '2017-05-24', 'conf/clef/KliegrK15', 'https://doi.org/10.1007/978-3-319-24027-5_11');
INSERT INTO Write (AuthorID, PaperID) VALUES (1010, 398);
INSERT INTO Paper (PaperID, Title, Year, MDate, Key, DOI) VALUES (1487, 'InBeat: Recommender System as a Service.', 2014, '2014-09-10', 'conf/clef/KucharK14', 'http://ceur-ws.org/Vol-1180/CLEF2014wn-Newsreel-KucharEt2014.pdf');
INSERT INTO Write (AuthorID, PaperID) VALUES (1010, 1487);
INSERT INTO Paper (PaperID, Title, Year, MDate, Key, DOI) VALUES (3186, 'News Recommender System based on Association Rules @ CLEF NewsREEL 2017.', 2017, '2017-08-15', 'conf/clef/GolianK17', 'http://ceur-ws.org/Vol-1866/paper_173.pdf');
INSERT INTO Write (AuthorID, PaperID) VALUES (1010, 3186);
INSERT INTO Author (AuthorID, Name) VALUES (1011, 'Paloma Moreda');
INSERT INTO Write (AuthorID, PaperID) VALUES (1011, 752);
INSERT INTO Write (AuthorID, PaperID) VALUES (1011, 2207);
INSERT INTO Write (AuthorID, PaperID) VALUES (1011, 2733);
INSERT INTO Author (AuthorID, Name) VALUES (1012, 'Rafael Berlanga Llavori');
INSERT INTO Write (AuthorID, PaperID) VALUES (1012, 102);
INSERT INTO Write (AuthorID, PaperID) VALUES (1012, 2102);
INSERT INTO Write (AuthorID, PaperID) VALUES (1012, 2343);
INSERT INTO Author (AuthorID, Name) VALUES (1013, 'Donald B. Crouch');
INSERT INTO Paper (PaperID, Title, Year, MDate, Key, DOI) VALUES (1373, 'Refining Methodologies for the INEX 2013 Snippet Generation and Tweet Contextualization Tracks.', 2013, '2014-09-10', 'conf/clef/CrouchCNABK13', 'http://ceur-ws.org/Vol-1179/CLEF2013wn-INEX-CrouchEt2013.pdf');
INSERT INTO Write (AuthorID, PaperID) VALUES (1013, 1373);
INSERT INTO Paper (PaperID, Title, Year, MDate, Key, DOI) VALUES (2454, 'A Methodology for Social Book Search.', 2014, '2014-09-10', 'conf/clef/CrouchCSTR14', 'http://ceur-ws.org/Vol-1180/CLEF2014wn-Inex-CrouchEt2014.pdf');
INSERT INTO Write (AuthorID, PaperID) VALUES (1013, 2454);
INSERT INTO Paper (PaperID, Title, Year, MDate, Key, DOI) VALUES (2517, 'The 2012 INEX Snippet and Tweet Contextualization Tasks.', 2012, '2014-09-24', 'conf/clef/CrouchCCNKN12', 'http://www.clef-initiative.eu/documents/71612/9c4e5b24-268e-4e17-857e-300a2d0a6a2e');
INSERT INTO Write (AuthorID, PaperID) VALUES (1013, 2517);
INSERT INTO Author (AuthorID, Name) VALUES (1014, 'Liang-Pu Chen');
INSERT INTO Write (AuthorID, PaperID) VALUES (1014, 22);
INSERT INTO Write (AuthorID, PaperID) VALUES (1014, 664);
INSERT INTO Write (AuthorID, PaperID) VALUES (1014, 1230);
INSERT INTO Author (AuthorID, Name) VALUES (1015, 'Erwin Chan');
INSERT INTO Paper (PaperID, Title, Year, MDate, Key, DOI) VALUES (73, 'A Rule-Based Unsupervised Morphology Learning Framework.', 2009, '2019-04-01', 'conf/clef/LignosCMY09a', 'http://ceur-ws.org/Vol-1175/CLEF2009wn-MorphoChallenge-LignosEt2009.pdf');
INSERT INTO Write (AuthorID, PaperID) VALUES (1015, 73);
INSERT INTO Paper (PaperID, Title, Year, MDate, Key, DOI) VALUES (952, 'A Rule-Based Acquisition Model Adapted for Morphological Analysis.', 2009, '2019-04-01', 'conf/clef/LignosCMY09', 'https://www.wikidata.org/entity/Q57706690');
INSERT INTO Write (AuthorID, PaperID) VALUES (1015, 952);
INSERT INTO Paper (PaperID, Title, Year, MDate, Key, DOI) VALUES (2466, 'Towards Unsupervised Induction of Morphophonemic Rules.', 2007, '2014-09-23', 'conf/clef/Chan07', 'http://ceur-ws.org/Vol-1173/CLEF2007wn-MorphoChallenge-Chan2007.pdf');
INSERT INTO Write (AuthorID, PaperID) VALUES (1015, 2466);
INSERT INTO Author (AuthorID, Name) VALUES (1016, 'Chris McCool');
INSERT INTO Paper (PaperID, Title, Year, MDate, Key, DOI) VALUES (774, 'Feature Learning via Mixtures of DCNNs for Fine-Grained Plant Classification.', 2016, '2016-08-11', 'conf/clef/McCoolGC16', 'http://ceur-ws.org/Vol-1609/16090511.pdf');
INSERT INTO Write (AuthorID, PaperID) VALUES (1016, 774);
INSERT INTO Paper (PaperID, Title, Year, MDate, Key, DOI) VALUES (950, 'Content Specific Feature Learning for Fine-Grained Plant Classification.', 2015, '2015-09-03', 'conf/clef/GeMSC15', 'http://ceur-ws.org/Vol-1391/39-CR.pdf');
INSERT INTO Write (AuthorID, PaperID) VALUES (1016, 950);
INSERT INTO Paper (PaperID, Title, Year, MDate, Key, DOI) VALUES (1059, 'Fine-Grained Plant Classification Using Convolutional Neural Networks for Feature Extraction.', 2014, '2015-02-02', 'conf/clef/SunderhaufMUP14', 'http://ceur-ws.org/Vol-1180/CLEF2014wn-Life-SunderhaufEt2014.pdf');
INSERT INTO Write (AuthorID, PaperID) VALUES (1016, 1059);
INSERT INTO Author (AuthorID, Name) VALUES (1017, 'Qin Jin');
INSERT INTO Write (AuthorID, PaperID) VALUES (1017, 269);
INSERT INTO Write (AuthorID, PaperID) VALUES (1017, 279);
INSERT INTO Write (AuthorID, PaperID) VALUES (1017, 3292);
INSERT INTO Author (AuthorID, Name) VALUES (1018, 'Hua Xu 0001');
INSERT INTO Write (AuthorID, PaperID) VALUES (1018, 347);
INSERT INTO Write (AuthorID, PaperID) VALUES (1018, 1018);
INSERT INTO Write (AuthorID, PaperID) VALUES (1018, 2185);
INSERT INTO Author (AuthorID, Name) VALUES (1019, 'Jos&eacute; M. G&oacute;mez');
INSERT INTO Write (AuthorID, PaperID) VALUES (1019, 752);
INSERT INTO Write (AuthorID, PaperID) VALUES (1019, 1802);
INSERT INTO Write (AuthorID, PaperID) VALUES (1019, 2207);
INSERT INTO Author (AuthorID, Name) VALUES (1020, 'Sen Na');
INSERT INTO Write (AuthorID, PaperID) VALUES (1020, 1486);
INSERT INTO Write (AuthorID, PaperID) VALUES (1020, 1793);
INSERT INTO Write (AuthorID, PaperID) VALUES (1020, 1903);
INSERT INTO Author (AuthorID, Name) VALUES (1021, 'Antoine Doucet');
INSERT INTO Write (AuthorID, PaperID) VALUES (1021, 378);
INSERT INTO Write (AuthorID, PaperID) VALUES (1021, 2584);
INSERT INTO Write (AuthorID, PaperID) VALUES (1021, 3458);
INSERT INTO Author (AuthorID, Name) VALUES (1022, 'Fei Yan 0001');
INSERT INTO Write (AuthorID, PaperID) VALUES (1022, 33);
INSERT INTO Write (AuthorID, PaperID) VALUES (1022, 948);
INSERT INTO Write (AuthorID, PaperID) VALUES (1022, 3423);
INSERT INTO Author (AuthorID, Name) VALUES (1023, 'Jean-Fran&ccedil;ois Molino');
INSERT INTO Write (AuthorID, PaperID) VALUES (1023, 837);
INSERT INTO Write (AuthorID, PaperID) VALUES (1023, 2015);
INSERT INTO Write (AuthorID, PaperID) VALUES (1023, 3072);
INSERT INTO Author (AuthorID, Name) VALUES (1024, 'Istv&aacute;n Petr&aacute;s');
INSERT INTO Write (AuthorID, PaperID) VALUES (1024, 1001);
INSERT INTO Write (AuthorID, PaperID) VALUES (1024, 1746);
INSERT INTO Write (AuthorID, PaperID) VALUES (1024, 2259);
INSERT INTO Author (AuthorID, Name) VALUES (1025, 'Laure Tougne');
INSERT INTO Write (AuthorID, PaperID) VALUES (1025, 1534);
INSERT INTO Write (AuthorID, PaperID) VALUES (1025, 2024);
INSERT INTO Write (AuthorID, PaperID) VALUES (1025, 3262);
INSERT INTO Author (AuthorID, Name) VALUES (1026, 'Muhammad Atif Qureshi 0001');
INSERT INTO Write (AuthorID, PaperID) VALUES (1026, 922);
INSERT INTO Write (AuthorID, PaperID) VALUES (1026, 1106);
INSERT INTO Write (AuthorID, PaperID) VALUES (1026, 3252);
INSERT INTO Author (AuthorID, Name) VALUES (1027, 'Jacob Goldberger');
INSERT INTO Write (AuthorID, PaperID) VALUES (1027, 787);
INSERT INTO Write (AuthorID, PaperID) VALUES (1027, 2603);
INSERT INTO Write (AuthorID, PaperID) VALUES (1027, 2895);
INSERT INTO Author (AuthorID, Name) VALUES (1028, 'Richard J. Hartley');
INSERT INTO Write (AuthorID, PaperID) VALUES (1028, 1309);
INSERT INTO Write (AuthorID, PaperID) VALUES (1028, 2215);
INSERT INTO Write (AuthorID, PaperID) VALUES (1028, 3187);
INSERT INTO Author (AuthorID, Name) VALUES (1029, 'Julia J&uuml;rgens');
INSERT INTO Write (AuthorID, PaperID) VALUES (1029, 152);
INSERT INTO Write (AuthorID, PaperID) VALUES (1029, 2994);
INSERT INTO Write (AuthorID, PaperID) VALUES (1029, 3451);
INSERT INTO Author (AuthorID, Name) VALUES (1030, 'Reem Suwaileh');
INSERT INTO Write (AuthorID, PaperID) VALUES (1030, 233);
INSERT INTO Write (AuthorID, PaperID) VALUES (1030, 524);
INSERT INTO Write (AuthorID, PaperID) VALUES (1030, 953);
INSERT INTO Author (AuthorID, Name) VALUES (1031, 'Asma Ben Abacha');
INSERT INTO Write (AuthorID, PaperID) VALUES (1031, 2546);
INSERT INTO Write (AuthorID, PaperID) VALUES (1031, 3133);
INSERT INTO Write (AuthorID, PaperID) VALUES (1031, 3406);
INSERT INTO Author (AuthorID, Name) VALUES (1032, 'Gibran Fuentes');
INSERT INTO Paper (PaperID, Title, Year, MDate, Key, DOI) VALUES (1286, 'Distance Learning for Author Verification Notebook for PAN at CLEF 2013.', 2013, '2015-09-03', 'conf/clef/LedesmaFJTM13', 'http://ceur-ws.org/Vol-1179/CLEF2013wn-PAN-LedesmaEt2013.pdf');
INSERT INTO Write (AuthorID, PaperID) VALUES (1032, 1286);
INSERT INTO Write (AuthorID, PaperID) VALUES (1032, 1986);
INSERT INTO Write (AuthorID, PaperID) VALUES (1032, 2938);
INSERT INTO Author (AuthorID, Name) VALUES (1033, 'Chahinez Benkoussas');
INSERT INTO Write (AuthorID, PaperID) VALUES (1033, 586);
INSERT INTO Write (AuthorID, PaperID) VALUES (1033, 1209);
INSERT INTO Write (AuthorID, PaperID) VALUES (1033, 2450);
INSERT INTO Author (AuthorID, Name) VALUES (1034, 'Emilio Rodr&iacute;guez V&aacute;zquez de Aldana');
INSERT INTO Write (AuthorID, PaperID) VALUES (1034, 1288);
INSERT INTO Write (AuthorID, PaperID) VALUES (1034, 2722);
INSERT INTO Write (AuthorID, PaperID) VALUES (1034, 3230);
INSERT INTO Author (AuthorID, Name) VALUES (1035, 'Martin Tippmann');
INSERT INTO Write (AuthorID, PaperID) VALUES (1035, 323);
INSERT INTO Write (AuthorID, PaperID) VALUES (1035, 2113);
INSERT INTO Write (AuthorID, PaperID) VALUES (1035, 3276);
INSERT INTO Author (AuthorID, Name) VALUES (1036, 'V&iacute;ctor Manuel Darriba Bilbao');
INSERT INTO Paper (PaperID, Title, Year, MDate, Key, DOI) VALUES (1063, 'Two Hierarchical Text Categorization Approaches for BioASQ Semantic Indexing Challenge.', 2013, '2015-09-03', 'conf/clef/Ribadas-PenaIBR13', 'http://ceur-ws.org/Vol-1094/bioasq2013_submission_4.pdf');
INSERT INTO Write (AuthorID, PaperID) VALUES (1036, 1063);
INSERT INTO Paper (PaperID, Title, Year, MDate, Key, DOI) VALUES (1287, 'CoLe and UTAI Participation at the 2014 BioASQ Semantic Indexing Challenge.', 2014, '2015-09-03', 'conf/clef/Ribadas-PenaIBR14', 'http://ceur-ws.org/Vol-1180/CLEF2014wn-QA-RibadasPenaEt2014.pdf');
INSERT INTO Write (AuthorID, PaperID) VALUES (1036, 1287);
INSERT INTO Paper (PaperID, Title, Year, MDate, Key, DOI) VALUES (2193, 'CoLe and UTAI at BioASQ 2015: Experiments with Similarity Based Descriptor Assignment.', 2015, '2015-09-03', 'conf/clef/Ribadas-PenaCBR15', 'http://ceur-ws.org/Vol-1391/84-CR.pdf');
INSERT INTO Write (AuthorID, PaperID) VALUES (1036, 2193);
INSERT INTO Author (AuthorID, Name) VALUES (1037, 'Nozha Boujemaa');
INSERT INTO Write (AuthorID, PaperID) VALUES (1037, 837);
INSERT INTO Write (AuthorID, PaperID) VALUES (1037, 2015);
INSERT INTO Write (AuthorID, PaperID) VALUES (1037, 3072);
INSERT INTO Author (AuthorID, Name) VALUES (1038, 'Leonidas Valavanis');
INSERT INTO Write (AuthorID, PaperID) VALUES (1038, 779);
INSERT INTO Write (AuthorID, PaperID) VALUES (1038, 2488);
INSERT INTO Write (AuthorID, PaperID) VALUES (1038, 3240);
INSERT INTO Author (AuthorID, Name) VALUES (1039, 'Petra Welter');
INSERT INTO Write (AuthorID, PaperID) VALUES (1039, 461);
INSERT INTO Write (AuthorID, PaperID) VALUES (1039, 1517);
INSERT INTO Write (AuthorID, PaperID) VALUES (1039, 3098);
INSERT INTO Author (AuthorID, Name) VALUES (1040, 'Christophe Botella');
INSERT INTO Write (AuthorID, PaperID) VALUES (1040, 1522);
INSERT INTO Write (AuthorID, PaperID) VALUES (1040, 2700);
INSERT INTO Write (AuthorID, PaperID) VALUES (1040, 2949);
INSERT INTO Author (AuthorID, Name) VALUES (1041, 'Zhongqiu Zhao');
INSERT INTO Write (AuthorID, PaperID) VALUES (1041, 494);
INSERT INTO Write (AuthorID, PaperID) VALUES (1041, 1677);
INSERT INTO Write (AuthorID, PaperID) VALUES (1041, 2412);
INSERT INTO Author (AuthorID, Name) VALUES (1042, 'Karam Abdulahhad');
INSERT INTO Write (AuthorID, PaperID) VALUES (1042, 59);
INSERT INTO Write (AuthorID, PaperID) VALUES (1042, 476);
INSERT INTO Write (AuthorID, PaperID) VALUES (1042, 2964);
INSERT INTO Author (AuthorID, Name) VALUES (1043, 'Philip Heng Wai Leong');
INSERT INTO Write (AuthorID, PaperID) VALUES (1043, 262);
INSERT INTO Write (AuthorID, PaperID) VALUES (1043, 614);
INSERT INTO Write (AuthorID, PaperID) VALUES (1043, 650);
INSERT INTO Author (AuthorID, Name) VALUES (1044, 'St&eacute;phane Huet');
INSERT INTO Write (AuthorID, PaperID) VALUES (1044, 1322);
INSERT INTO Write (AuthorID, PaperID) VALUES (1044, 2751);
INSERT INTO Write (AuthorID, PaperID) VALUES (1044, 3511);
INSERT INTO Author (AuthorID, Name) VALUES (1045, 'Maximilien Servajean');
INSERT INTO Paper (PaperID, Title, Year, MDate, Key, DOI) VALUES (1216, 'Temporal Mood Variation: at the CLEF eRisk-2018 Tasks for Early Risk Detection on The Internet.', 2018, '2018-08-08', 'conf/clef/RaghebMABS18', 'http://ceur-ws.org/Vol-2125/paper_78.pdf');
INSERT INTO Write (AuthorID, PaperID) VALUES (1045, 1216);
INSERT INTO Write (AuthorID, PaperID) VALUES (1045, 1547);
INSERT INTO Write (AuthorID, PaperID) VALUES (1045, 2949);
INSERT INTO Author (AuthorID, Name) VALUES (1046, 'Lukas Graner');
INSERT INTO Write (AuthorID, PaperID) VALUES (1046, 257);
INSERT INTO Write (AuthorID, PaperID) VALUES (1046, 1352);
INSERT INTO Write (AuthorID, PaperID) VALUES (1046, 1421);
INSERT INTO Author (AuthorID, Name) VALUES (1047, 'Udo Hahn');
INSERT INTO Write (AuthorID, PaperID) VALUES (1047, 672);
INSERT INTO Write (AuthorID, PaperID) VALUES (1047, 1412);
INSERT INTO Write (AuthorID, PaperID) VALUES (1047, 3357);
INSERT INTO Author (AuthorID, Name) VALUES (1048, 'Paola Ledesma');
INSERT INTO Write (AuthorID, PaperID) VALUES (1048, 1110);
INSERT INTO Write (AuthorID, PaperID) VALUES (1048, 1286);
INSERT INTO Write (AuthorID, PaperID) VALUES (1048, 2938);
INSERT INTO Author (AuthorID, Name) VALUES (1049, 'Alfonso E. Romero');
INSERT INTO Write (AuthorID, PaperID) VALUES (1049, 1063);
INSERT INTO Write (AuthorID, PaperID) VALUES (1049, 1287);
INSERT INTO Write (AuthorID, PaperID) VALUES (1049, 2193);
INSERT INTO Author (AuthorID, Name) VALUES (1050, 'Dawei Song 0001');
INSERT INTO Write (AuthorID, PaperID) VALUES (1050, 648);
INSERT INTO Write (AuthorID, PaperID) VALUES (1050, 1173);
INSERT INTO Paper (PaperID, Title, Year, MDate, Key, DOI) VALUES (3307, 'RGU at ImageCLEF2010 Wikipedia Retrieval Task.', 2010, '2017-10-25', 'conf/clef/WangSK10', 'http://www.clef-initiative.eu/documents/71612/86374/CLEF2010wn-ImageCLEF-WangEt2010.pdf');
INSERT INTO Write (AuthorID, PaperID) VALUES (1050, 3307);
INSERT INTO Author (AuthorID, Name) VALUES (1051, 'Cristian-Alexandru Dragusanu');
INSERT INTO Write (AuthorID, PaperID) VALUES (1051, 1593);
INSERT INTO Write (AuthorID, PaperID) VALUES (1051, 1841);
INSERT INTO Write (AuthorID, PaperID) VALUES (1051, 1920);
INSERT INTO Author (AuthorID, Name) VALUES (1052, 'Michal Batko');
INSERT INTO Write (AuthorID, PaperID) VALUES (1052, 1092);
INSERT INTO Write (AuthorID, PaperID) VALUES (1052, 2560);
INSERT INTO Write (AuthorID, PaperID) VALUES (1052, 2761);
INSERT INTO Author (AuthorID, Name) VALUES (1053, 'Bouke Huurnink');
INSERT INTO Paper (PaperID, Title, Year, MDate, Key, DOI) VALUES (213, 'The University of Amsterdam at the CLEF Cross Language Speech Retrieval Track 2007.', 2007, '2014-09-23', 'conf/clef/Huurnink07', 'http://ceur-ws.org/Vol-1173/CLEF2007wn-CLSR-Huurnink2007.pdf');
INSERT INTO Write (AuthorID, PaperID) VALUES (1053, 213);
INSERT INTO Write (AuthorID, PaperID) VALUES (1053, 956);
INSERT INTO Write (AuthorID, PaperID) VALUES (1053, 1615);
INSERT INTO Author (AuthorID, Name) VALUES (1054, 'Roghaiyeh Gachpaz Hamed');
INSERT INTO Write (AuthorID, PaperID) VALUES (1054, 800);
INSERT INTO Write (AuthorID, PaperID) VALUES (1054, 2172);
INSERT INTO Write (AuthorID, PaperID) VALUES (1054, 3436);
INSERT INTO Author (AuthorID, Name) VALUES (1055, 'Jing Liu 0001');
INSERT INTO Write (AuthorID, PaperID) VALUES (1055, 2739);
INSERT INTO Paper (PaperID, Title, Year, MDate, Key, DOI) VALUES (3305, 'Hybrid Learning Framework for Large-Scale Web Image Annotation and Localization.', 2015, '2017-09-11', 'conf/clef/LiLWLFGWSYL15', 'http://ceur-ws.org/Vol-1391/81-CR.pdf');
INSERT INTO Write (AuthorID, PaperID) VALUES (1055, 3305);
INSERT INTO Write (AuthorID, PaperID) VALUES (1055, 3356);
INSERT INTO Author (AuthorID, Name) VALUES (1056, 'Gayo Diallo');
INSERT INTO Paper (PaperID, Title, Year, MDate, Key, DOI) VALUES (1316, 'SITIS-ISPED in CLEF eHealth 2018 Task 1 : ICD10 coding using Deep Learning.', 2018, '2018-08-08', 'conf/clef/RebyCBD18', 'http://ceur-ws.org/Vol-2125/paper_144.pdf');
INSERT INTO Write (AuthorID, PaperID) VALUES (1056, 1316);
INSERT INTO Write (AuthorID, PaperID) VALUES (1056, 1694);
INSERT INTO Write (AuthorID, PaperID) VALUES (1056, 2766);
INSERT INTO Author (AuthorID, Name) VALUES (1057, 'Carolyn J. Crouch');
INSERT INTO Write (AuthorID, PaperID) VALUES (1057, 1373);
INSERT INTO Write (AuthorID, PaperID) VALUES (1057, 2454);
INSERT INTO Write (AuthorID, PaperID) VALUES (1057, 2517);
INSERT INTO Author (AuthorID, Name) VALUES (1058, 'Philipp Sorg');
INSERT INTO Write (AuthorID, PaperID) VALUES (1058, 352);
INSERT INTO Write (AuthorID, PaperID) VALUES (1058, 539);
INSERT INTO Write (AuthorID, PaperID) VALUES (1058, 2361);
INSERT INTO Author (AuthorID, Name) VALUES (1059, 'Min Jiang');
INSERT INTO Write (AuthorID, PaperID) VALUES (1059, 347);
INSERT INTO Write (AuthorID, PaperID) VALUES (1059, 1018);
INSERT INTO Write (AuthorID, PaperID) VALUES (1059, 2185);
INSERT INTO Author (AuthorID, Name) VALUES (1060, 'Manish Shrivastava 0001');
INSERT INTO Write (AuthorID, PaperID) VALUES (1060, 2240);
INSERT INTO Write (AuthorID, PaperID) VALUES (1060, 2951);
INSERT INTO Write (AuthorID, PaperID) VALUES (1060, 3025);
INSERT INTO Author (AuthorID, Name) VALUES (1061, 'Maher Ben Jemaa');
INSERT INTO Write (AuthorID, PaperID) VALUES (1061, 985);
INSERT INTO Write (AuthorID, PaperID) VALUES (1061, 1406);
INSERT INTO Write (AuthorID, PaperID) VALUES (1061, 3061);
INSERT INTO Author (AuthorID, Name) VALUES (1062, 'Udo Kruschwitz');
INSERT INTO Paper (PaperID, Title, Year, MDate, Key, DOI) VALUES (234, 'University of Essex at LogCLEF 2011: Studying Query Refinement.', 2011, '2015-04-06', 'conf/clef/AlbakourK11', 'http://www.clef-initiative.eu/documents/71612/86377/CLEF2011wn-LogCLEF-AlbakourEt2011.pdf');
INSERT INTO Write (AuthorID, PaperID) VALUES (1062, 234);
INSERT INTO Write (AuthorID, PaperID) VALUES (1062, 1372);
INSERT INTO Write (AuthorID, PaperID) VALUES (1062, 1452);
INSERT INTO Author (AuthorID, Name) VALUES (1063, 'Avi Arampatzis');
INSERT INTO Paper (PaperID, Title, Year, MDate, Key, DOI) VALUES (298, 'DUTH at ImageCLEF 2011 Wikipedia Retrieval.', 2011, '2014-09-24', 'conf/clef/ArampatzisZC11', 'http://www.clef-initiative.eu/documents/71612/86377/CLEF2011wn-ImageCLEF-ArampatzisEt2011.pdf');
INSERT INTO Write (AuthorID, PaperID) VALUES (1063, 298);
INSERT INTO Paper (PaperID, Title, Year, MDate, Key, DOI) VALUES (2295, 'Multimedia Search with Noisy Modalities: Fusion and Multistage Retrieval.', 2010, '2014-09-24', 'conf/clef/ArampatzisCZ10', 'http://www.clef-initiative.eu/documents/71612/86374/CLEF2010wn-ImageCLEF-ArampatzisEt2010.pdf');
INSERT INTO Write (AuthorID, PaperID) VALUES (1063, 2295);
INSERT INTO Paper (PaperID, Title, Year, MDate, Key, DOI) VALUES (3447, 'DUTh at the ImageCLEF 2016 Image Annotation Task: Content Selection.', 2016, '2016-08-11', 'conf/clef/BarlasNA16', 'http://ceur-ws.org/Vol-1609/16090279.pdf');
INSERT INTO Write (AuthorID, PaperID) VALUES (1063, 3447);
INSERT INTO Author (AuthorID, Name) VALUES (1064, 'Maria Maistro');
INSERT INTO Write (AuthorID, PaperID) VALUES (1064, 46);
INSERT INTO Write (AuthorID, PaperID) VALUES (1064, 1072);
INSERT INTO Write (AuthorID, PaperID) VALUES (1064, 2540);
INSERT INTO Author (AuthorID, Name) VALUES (1065, 'Andreea Bodnari');
INSERT INTO Write (AuthorID, PaperID) VALUES (1065, 773);
INSERT INTO Write (AuthorID, PaperID) VALUES (1065, 1133);
INSERT INTO Write (AuthorID, PaperID) VALUES (1065, 1914);
INSERT INTO Author (AuthorID, Name) VALUES (1066, 'Gr&eacute;goire Rey');
INSERT INTO Write (AuthorID, PaperID) VALUES (1066, 190);
INSERT INTO Write (AuthorID, PaperID) VALUES (1066, 657);
INSERT INTO Write (AuthorID, PaperID) VALUES (1066, 1422);
INSERT INTO Author (AuthorID, Name) VALUES (1067, 'Prasha Shrestha');
INSERT INTO Write (AuthorID, PaperID) VALUES (1067, 1339);
INSERT INTO Write (AuthorID, PaperID) VALUES (1067, 1715);
INSERT INTO Write (AuthorID, PaperID) VALUES (1067, 3473);
INSERT INTO Author (AuthorID, Name) VALUES (1068, 'Gabriel Oberreuter');
INSERT INTO Paper (PaperID, Title, Year, MDate, Key, DOI) VALUES (568, 'Approaches for Intrinsic and External Plagiarism Detection - Notebook for PAN at CLEF 2011.', 2011, '2014-09-24', 'conf/clef/OberreuterLRV11', 'http://www.clef-initiative.eu/documents/71612/86377/CLEF2011wn-PAN-OberreuterEt2011.pdf');
INSERT INTO Write (AuthorID, PaperID) VALUES (1068, 568);
INSERT INTO Paper (PaperID, Title, Year, MDate, Key, DOI) VALUES (739, 'FastDocode: Finding Approximated Segments of N-Grams for Document Copy Detection - Lab Report for PAN at CLEF 2010.', 2010, '2014-09-24', 'conf/clef/OberreuterLRV10', 'http://www.clef-initiative.eu/documents/71612/86374/CLEF2010wn-PAN-OberreuterEt2010.pdf');
INSERT INTO Write (AuthorID, PaperID) VALUES (1068, 739);
INSERT INTO Write (AuthorID, PaperID) VALUES (1068, 2297);
INSERT INTO Author (AuthorID, Name) VALUES (1069, 'Zhiyong Lu');
INSERT INTO Paper (PaperID, Title, Year, MDate, Key, DOI) VALUES (1233, 'NCBI at the 2015 BioASQ Challenge Task: Baseline Results from MeSH Now.', 2015, '2015-09-03', 'conf/clef/MaoL15', 'http://ceur-ws.org/Vol-1391/168-CR.pdf');
INSERT INTO Write (AuthorID, PaperID) VALUES (1069, 1233);
INSERT INTO Paper (PaperID, Title, Year, MDate, Key, DOI) VALUES (1707, 'NCBI at the 2014 BioASQ Challenge Task: Large-scale Biomedical Semantic Indexing and Question Answering.', 2014, '2014-09-10', 'conf/clef/MaoWL14', 'http://ceur-ws.org/Vol-1180/CLEF2014wn-QA-MaoEt2014.pdf');
INSERT INTO Write (AuthorID, PaperID) VALUES (1069, 1707);
INSERT INTO Paper (PaperID, Title, Year, MDate, Key, DOI) VALUES (2251, 'NCBI at 2013 ShARe/CLEF eHealth Shared Task: Disorder Normalization in Clinical Notes with Dnorm.', 2013, '2014-09-10', 'conf/clef/LeamanKL13', 'http://ceur-ws.org/Vol-1179/CLEF2013wn-CLEFeHealth-LeamanEt2013.pdf');
INSERT INTO Write (AuthorID, PaperID) VALUES (1069, 2251);
INSERT INTO Author (AuthorID, Name) VALUES (1070, 'Jiri Matas');
INSERT INTO Write (AuthorID, PaperID) VALUES (1070, 1204);
INSERT INTO Write (AuthorID, PaperID) VALUES (1070, 2362);
INSERT INTO Write (AuthorID, PaperID) VALUES (1070, 3223);
INSERT INTO Author (AuthorID, Name) VALUES (1071, 'Xiaoshi Zhong');
INSERT INTO Write (AuthorID, PaperID) VALUES (1071, 1486);
INSERT INTO Write (AuthorID, PaperID) VALUES (1071, 1793);
INSERT INTO Write (AuthorID, PaperID) VALUES (1071, 1903);
INSERT INTO Author (AuthorID, Name) VALUES (1072, 'Yuridiana Alem&aacute;n');
INSERT INTO Write (AuthorID, PaperID) VALUES (1072, 106);
INSERT INTO Write (AuthorID, PaperID) VALUES (1072, 1348);
INSERT INTO Write (AuthorID, PaperID) VALUES (1072, 2538);
INSERT INTO Author (AuthorID, Name) VALUES (1073, 'Karl Kreiner');
INSERT INTO Paper (PaperID, Title, Year, MDate, Key, DOI) VALUES (2379, 'On the Use of Text Messaging in a Diabetes Telehealth System Results and Evaluation of a Content Analysis.', 2012, '2014-09-24', 'conf/clef/KreinerEHK12', 'http://www.clef-initiative.eu/documents/71612/6b31a90d-695f-47c5-9611-fd52a51eb1b8');
INSERT INTO Write (AuthorID, PaperID) VALUES (1073, 2379);
INSERT INTO Write (AuthorID, PaperID) VALUES (1073, 2492);
INSERT INTO Write (AuthorID, PaperID) VALUES (1073, 2702);
INSERT INTO Author (AuthorID, Name) VALUES (1074, 'Nazanin Dehghani');
INSERT INTO Paper (PaperID, Title, Year, MDate, Key, DOI) VALUES (2082, 'A Dependency-Inspired Semantic Evaluation of Machine Translation Systems.', 2013, '2017-05-24', 'conf/clef/MirsarrafD13', 'https://doi.org/10.1007/978-3-642-40802-1_8');
INSERT INTO Write (AuthorID, PaperID) VALUES (1074, 2082);
INSERT INTO Write (AuthorID, PaperID) VALUES (1074, 2684);
INSERT INTO Write (AuthorID, PaperID) VALUES (1074, 3344);
INSERT INTO Author (AuthorID, Name) VALUES (1075, 'Roger Schaer');
INSERT INTO Write (AuthorID, PaperID) VALUES (1075, 33);
INSERT INTO Write (AuthorID, PaperID) VALUES (1075, 2750);
INSERT INTO Write (AuthorID, PaperID) VALUES (1075, 3504);
INSERT INTO Author (AuthorID, Name) VALUES (1076, 'Samira Abnar');
INSERT INTO Write (AuthorID, PaperID) VALUES (1076, 1053);
INSERT INTO Write (AuthorID, PaperID) VALUES (1076, 1538);
INSERT INTO Write (AuthorID, PaperID) VALUES (1076, 1890);
INSERT INTO Author (AuthorID, Name) VALUES (1077, 'Fariborz Mahmoudi');
INSERT INTO Write (AuthorID, PaperID) VALUES (1077, 1100);
INSERT INTO Write (AuthorID, PaperID) VALUES (1077, 1365);
INSERT INTO Write (AuthorID, PaperID) VALUES (1077, 1712);
INSERT INTO Author (AuthorID, Name) VALUES (1078, 'Tapio Salakoski');
INSERT INTO Write (AuthorID, PaperID) VALUES (1078, 1556);
INSERT INTO Write (AuthorID, PaperID) VALUES (1078, 1557);
INSERT INTO Write (AuthorID, PaperID) VALUES (1078, 2372);
INSERT INTO Author (AuthorID, Name) VALUES (1079, 'Francisco J. Ribadas-Pena');
INSERT INTO Write (AuthorID, PaperID) VALUES (1079, 1063);
INSERT INTO Write (AuthorID, PaperID) VALUES (1079, 1287);
INSERT INTO Write (AuthorID, PaperID) VALUES (1079, 2193);
INSERT INTO Author (AuthorID, Name) VALUES (1080, 'Xabier Saralegi');
INSERT INTO Write (AuthorID, PaperID) VALUES (1080, 820);
INSERT INTO Write (AuthorID, PaperID) VALUES (1080, 2388);
INSERT INTO Write (AuthorID, PaperID) VALUES (1080, 3475);
INSERT INTO Author (AuthorID, Name) VALUES (1081, 'Chandra Kambhamettu');
INSERT INTO Write (AuthorID, PaperID) VALUES (1081, 69);
INSERT INTO Write (AuthorID, PaperID) VALUES (1081, 3069);
INSERT INTO Write (AuthorID, PaperID) VALUES (1081, 3427);
INSERT INTO Author (AuthorID, Name) VALUES (1082, 'Alan R. Aronson');
INSERT INTO Write (AuthorID, PaperID) VALUES (1082, 453);
INSERT INTO Write (AuthorID, PaperID) VALUES (1082, 909);
INSERT INTO Write (AuthorID, PaperID) VALUES (1082, 3413);
INSERT INTO Author (AuthorID, Name) VALUES (1083, 'Andy Way');
INSERT INTO Write (AuthorID, PaperID) VALUES (1083, 812);
INSERT INTO Write (AuthorID, PaperID) VALUES (1083, 1635);
INSERT INTO Write (AuthorID, PaperID) VALUES (1083, 1651);
INSERT INTO Author (AuthorID, Name) VALUES (1084, 'Petra Bud&iacute;kov&aacute;');
INSERT INTO Write (AuthorID, PaperID) VALUES (1084, 1092);
INSERT INTO Write (AuthorID, PaperID) VALUES (1084, 2560);
INSERT INTO Write (AuthorID, PaperID) VALUES (1084, 2761);
INSERT INTO Author (AuthorID, Name) VALUES (1085, 'Bonaventura Coppola');
INSERT INTO Write (AuthorID, PaperID) VALUES (1085, 397);
INSERT INTO Write (AuthorID, PaperID) VALUES (1085, 515);
INSERT INTO Write (AuthorID, PaperID) VALUES (1085, 570);
INSERT INTO Author (AuthorID, Name) VALUES (1086, 'Dimitrios Markonis');
INSERT INTO Write (AuthorID, PaperID) VALUES (1086, 2125);
INSERT INTO Write (AuthorID, PaperID) VALUES (1086, 2667);
INSERT INTO Write (AuthorID, PaperID) VALUES (1086, 3504);
INSERT INTO Author (AuthorID, Name) VALUES (1087, 'Veronika Zenz');
INSERT INTO Write (AuthorID, PaperID) VALUES (1087, 1664);
INSERT INTO Write (AuthorID, PaperID) VALUES (1087, 3213);
INSERT INTO Write (AuthorID, PaperID) VALUES (1087, 3412);
INSERT INTO Author (AuthorID, Name) VALUES (1088, 'Yunqing Xia');
INSERT INTO Write (AuthorID, PaperID) VALUES (1088, 1486);
INSERT INTO Write (AuthorID, PaperID) VALUES (1088, 1793);
INSERT INTO Write (AuthorID, PaperID) VALUES (1088, 1903);
INSERT INTO Author (AuthorID, Name) VALUES (1089, 'Emmanuel Ferreira');
INSERT INTO Write (AuthorID, PaperID) VALUES (1089, 291);
INSERT INTO Write (AuthorID, PaperID) VALUES (1089, 1425);
INSERT INTO Author (AuthorID, Name) VALUES (1090, 'Sebastian Gerke');
INSERT INTO Paper (PaperID, Title, Year, MDate, Key, DOI) VALUES (157, 'Sample Selection, Category Specific Features and Reasoning.', 2011, '2014-09-24', 'conf/clef/MbanyaGHN11', 'http://www.clef-initiative.eu/documents/71612/86377/CLEF2011wn-ImageCLEF-MbanyaEt2011.pdf');
INSERT INTO Write (AuthorID, PaperID) VALUES (1090, 157);
INSERT INTO Paper (PaperID, Title, Year, MDate, Key, DOI) VALUES (758, 'Augmenting Bag-of-Words - Category Specific Features and Concept Reasoning.', 2010, '2014-09-24', 'conf/clef/MbanyaHGLNN10', 'http://www.clef-initiative.eu/documents/71612/86374/CLEF2010wn-ImageCLEF-MbanyaEt2010.pdf');
INSERT INTO Write (AuthorID, PaperID) VALUES (1090, 758);
INSERT INTO Author (AuthorID, Name) VALUES (1091, 'Sudip Kumar Naskar');
INSERT INTO Write (AuthorID, PaperID) VALUES (1091, 2484);
INSERT INTO Write (AuthorID, PaperID) VALUES (1091, 3428);
INSERT INTO Author (AuthorID, Name) VALUES (1092, 'Waqas Arshad Cheema');
INSERT INTO Write (AuthorID, PaperID) VALUES (1092, 1176);
INSERT INTO Write (AuthorID, PaperID) VALUES (1092, 1945);
INSERT INTO Author (AuthorID, Name) VALUES (1093, 'Tom&aacute;s Kliegr');
INSERT INTO Write (AuthorID, PaperID) VALUES (1093, 398);
INSERT INTO Write (AuthorID, PaperID) VALUES (1093, 1487);
INSERT INTO Author (AuthorID, Name) VALUES (1094, 'Vera L&uacute;cia Strube de Lima');
INSERT INTO Paper (PaperID, Title, Year, MDate, Key, DOI) VALUES (1716, 'The PUCRS-PLN Group Participation at CLEF 2006.', 2006, '2014-08-15', 'conf/clef/GonzalezL06a', 'http://ceur-ws.org/Vol-1172/CLEF2006wn-adhoc-GonzalezEt2006.pdf');
INSERT INTO Write (AuthorID, PaperID) VALUES (1094, 1716);
INSERT INTO Paper (PaperID, Title, Year, MDate, Key, DOI) VALUES (2807, 'The PUCRS NLP-Group Participation in CLEF2006: Information Retrieval Based on Linguistic Resources.', 2006, '2017-05-24', 'conf/clef/GonzalezL06', 'https://doi.org/10.1007/978-3-540-74999-8_9');
INSERT INTO Write (AuthorID, PaperID) VALUES (1094, 2807);
INSERT INTO Author (AuthorID, Name) VALUES (1095, 'Michael Burke');
INSERT INTO Write (AuthorID, PaperID) VALUES (1095, 1045);
INSERT INTO Write (AuthorID, PaperID) VALUES (1095, 1174);
INSERT INTO Author (AuthorID, Name) VALUES (1096, 'Rong-Sing Huang');
INSERT INTO Write (AuthorID, PaperID) VALUES (1096, 3171);
INSERT INTO Write (AuthorID, PaperID) VALUES (1096, 3350);
INSERT INTO Author (AuthorID, Name) VALUES (1097, 'Jos&eacute; Gayo-Avello');
INSERT INTO Paper (PaperID, Title, Year, MDate, Key, DOI) VALUES (2685, 'Application of Variable Length <i>N</i>-Gram Vectors to Monolingual and Bilingual Information Retrieval.', 2004, '2017-05-24', 'conf/clef/Gayo-AvelloGG05', 'https://doi.org/10.1007/11519645_7');
INSERT INTO Write (AuthorID, PaperID) VALUES (1097, 2685);
INSERT INTO Paper (PaperID, Title, Year, MDate, Key, DOI) VALUES (2782, 'Application of Variable Length N-gram Vectors to Monolingual and Bilingual Information Retrieval.', 2004, '2014-08-15', 'conf/clef/Gayo-AvelloGG04', 'http://ceur-ws.org/Vol-1170/CLEF2004wn-adhoc-GayoAvelloEt2004.pdf');
INSERT INTO Write (AuthorID, PaperID) VALUES (1097, 2782);
INSERT INTO Author (AuthorID, Name) VALUES (1098, 'Holger Klinck');
INSERT INTO Write (AuthorID, PaperID) VALUES (1098, 90);
INSERT INTO Write (AuthorID, PaperID) VALUES (1098, 1776);
INSERT INTO Author (AuthorID, Name) VALUES (1099, 'Olivier Buisson');
INSERT INTO Write (AuthorID, PaperID) VALUES (1099, 2679);
INSERT INTO Write (AuthorID, PaperID) VALUES (1099, 3152);
INSERT INTO Author (AuthorID, Name) VALUES (1100, 'Azucena Montes');
INSERT INTO Paper (PaperID, Title, Year, MDate, Key, DOI) VALUES (2187, 'Tweets Classification using Corpus Dependent Tags, Character and POS N-grams.', 2015, '2015-09-03', 'conf/clef/Gonzalez-Gallardo15', 'http://ceur-ws.org/Vol-1391/104-CR.pdf');
INSERT INTO Write (AuthorID, PaperID) VALUES (1100, 2187);
INSERT INTO Paper (PaperID, Title, Year, MDate, Key, DOI) VALUES (3208, 'Authorship Verification by combining SVMs with Kernels Optimized for Different Feature Categories.', 2015, '2018-04-17', 'conf/clef/SolorzanoMPLMS15', 'http://ceur-ws.org/Vol-1391/129-CR.pdf');
INSERT INTO Write (AuthorID, PaperID) VALUES (1100, 3208);
INSERT INTO Author (AuthorID, Name) VALUES (1101, 'Toaki Esa&uacute; Villareal Olvera');
INSERT INTO Write (AuthorID, PaperID) VALUES (1101, 1986);
INSERT INTO Write (AuthorID, PaperID) VALUES (1101, 2871);
INSERT INTO Author (AuthorID, Name) VALUES (1102, 'Mahboob Alam Khalid');
INSERT INTO Write (AuthorID, PaperID) VALUES (1102, 386);
INSERT INTO Write (AuthorID, PaperID) VALUES (1102, 2418);
INSERT INTO Author (AuthorID, Name) VALUES (1103, 'Mark Knudson');
INSERT INTO Write (AuthorID, PaperID) VALUES (1103, 87);
INSERT INTO Write (AuthorID, PaperID) VALUES (1103, 782);
INSERT INTO Author (AuthorID, Name) VALUES (1104, 'Van-Minh Pho');
INSERT INTO Write (AuthorID, PaperID) VALUES (1104, 1988);
INSERT INTO Write (AuthorID, PaperID) VALUES (1104, 2546);
INSERT INTO Author (AuthorID, Name) VALUES (1105, 'Raquel M. Crespo Garc&iacute;a');
INSERT INTO Write (AuthorID, PaperID) VALUES (1105, 483);
INSERT INTO Write (AuthorID, PaperID) VALUES (1105, 2588);
INSERT INTO Author (AuthorID, Name) VALUES (1106, 'Georgios Balikas');
INSERT INTO Write (AuthorID, PaperID) VALUES (1106, 589);
INSERT INTO Write (AuthorID, PaperID) VALUES (1106, 1633);
INSERT INTO Author (AuthorID, Name) VALUES (1107, 'Alexandre Delorme');
INSERT INTO Paper (PaperID, Title, Year, MDate, Key, DOI) VALUES (395, 'Re-Ranking Microblogs Using Word2Vec in Microblog Search Task, University of Avignon.', 2017, '2017-10-11', 'conf/clef/Delorme17', 'http://ceur-ws.org/Vol-1866/paper_74.pdf');
INSERT INTO Write (AuthorID, PaperID) VALUES (1107, 395);
INSERT INTO Paper (PaperID, Title, Year, MDate, Key, DOI) VALUES (2289, 'LIA@CLEF 2018: Mining Events Opinion Argumentation from Raw Unlabeled Twitter Data using Convolutional Neural Network.', 2018, '2018-08-08', 'conf/clef/DufourRDM18', 'http://ceur-ws.org/Vol-2125/paper_209.pdf');
INSERT INTO Write (AuthorID, PaperID) VALUES (1107, 2289);
INSERT INTO Author (AuthorID, Name) VALUES (1108, 'Dongyan Zhao 0001');
INSERT INTO Paper (PaperID, Title, Year, MDate, Key, DOI) VALUES (1658, 'Answering Natural Language Questions via Phrasal Semantic Parsing.', 2014, '2019-03-06', 'conf/clef/XuFZ14', 'http://ceur-ws.org/Vol-1180/CLEF2014wn-QA-XuEt2014.pdf');
INSERT INTO Write (AuthorID, PaperID) VALUES (1108, 1658);
INSERT INTO Paper (PaperID, Title, Year, MDate, Key, DOI) VALUES (2284, 'Question Answering via Phrasal Semantic Parsing.', 2015, '2019-03-06', 'conf/clef/XuFHZ15', 'https://doi.org/10.1007/978-3-319-24027-5_43');
INSERT INTO Write (AuthorID, PaperID) VALUES (1108, 2284);
INSERT INTO Author (AuthorID, Name) VALUES (1109, 'Narges Tavakolpoursaleh');
INSERT INTO Write (AuthorID, PaperID) VALUES (1109, 1791);
INSERT INTO Write (AuthorID, PaperID) VALUES (1109, 2883);
INSERT INTO Author (AuthorID, Name) VALUES (1110, 'Nefise Meltem Ceylan');
INSERT INTO Write (AuthorID, PaperID) VALUES (1110, 800);
INSERT INTO Write (AuthorID, PaperID) VALUES (1110, 3062);
INSERT INTO Author (AuthorID, Name) VALUES (1111, 'Leticia C. Cagnina');
INSERT INTO Write (AuthorID, PaperID) VALUES (1111, 1367);
INSERT INTO Write (AuthorID, PaperID) VALUES (1111, 1627);
INSERT INTO Author (AuthorID, Name) VALUES (1112, 'Bart Mellebeek');
INSERT INTO Write (AuthorID, PaperID) VALUES (1112, 1635);
INSERT INTO Write (AuthorID, PaperID) VALUES (1112, 1651);
INSERT INTO Author (AuthorID, Name) VALUES (1113, 'Oliver Ferschke');
INSERT INTO Write (AuthorID, PaperID) VALUES (1113, 2708);
INSERT INTO Write (AuthorID, PaperID) VALUES (1113, 2932);
INSERT INTO Author (AuthorID, Name) VALUES (1114, 'Duy Dinh');
INSERT INTO Write (AuthorID, PaperID) VALUES (1114, 514);
INSERT INTO Write (AuthorID, PaperID) VALUES (1114, 2982);
INSERT INTO Author (AuthorID, Name) VALUES (1115, 'Santiago Gonz&aacute;lez-Tortosa');
INSERT INTO Write (AuthorID, PaperID) VALUES (1115, 784);
INSERT INTO Write (AuthorID, PaperID) VALUES (1115, 1596);
INSERT INTO Author (AuthorID, Name) VALUES (1116, 'Alexandra Ploedt');
INSERT INTO Write (AuthorID, PaperID) VALUES (1116, 2092);
INSERT INTO Write (AuthorID, PaperID) VALUES (1116, 2801);
INSERT INTO Author (AuthorID, Name) VALUES (1117, 'Muharram Mansoorizadeh');
INSERT INTO Write (AuthorID, PaperID) VALUES (1117, 1435);
INSERT INTO Write (AuthorID, PaperID) VALUES (1117, 2359);
INSERT INTO Author (AuthorID, Name) VALUES (1118, 'Louise Del&eacute;ger');
INSERT INTO Write (AuthorID, PaperID) VALUES (1118, 1133);
INSERT INTO Write (AuthorID, PaperID) VALUES (1118, 1914);
INSERT INTO Author (AuthorID, Name) VALUES (1119, 'Abhishek Kolagunda');
INSERT INTO Write (AuthorID, PaperID) VALUES (1119, 69);
INSERT INTO Write (AuthorID, PaperID) VALUES (1119, 3427);
INSERT INTO Author (AuthorID, Name) VALUES (1120, 'Seonyeong Park');
INSERT INTO Paper (PaperID, Title, Year, MDate, Key, DOI) VALUES (551, 'ISOFT at QALD-4: Semantic Similarity-based Question Answering System over Linked Data.', 2014, '2014-09-10', 'conf/clef/ParkSL14', 'http://ceur-ws.org/Vol-1180/CLEF2014wn-QA-ParkEt2014.pdf');
INSERT INTO Write (AuthorID, PaperID) VALUES (1120, 551);
INSERT INTO Paper (PaperID, Title, Year, MDate, Key, DOI) VALUES (2012, 'ISOFT at QALD-5: Hybrid Question Answering System over Linked Data and Text Data.', 2015, '2015-09-03', 'conf/clef/ParkKKL15', 'http://ceur-ws.org/Vol-1391/127-CR.pdf');
INSERT INTO Write (AuthorID, PaperID) VALUES (1120, 2012);
INSERT INTO Author (AuthorID, Name) VALUES (1121, 'George Rosca');
INSERT INTO Write (AuthorID, PaperID) VALUES (1121, 1117);
INSERT INTO Write (AuthorID, PaperID) VALUES (1121, 1840);
INSERT INTO Author (AuthorID, Name) VALUES (1122, 'Daniel Dichiu');
INSERT INTO Paper (PaperID, Title, Year, MDate, Key, DOI) VALUES (961, 'Using Machine Learning Algorithms for Author Profiling In Social Media.', 2016, '2016-08-11', 'conf/clef/DichiuR16', 'http://ceur-ws.org/Vol-1609/16090858.pdf');
INSERT INTO Write (AuthorID, PaperID) VALUES (1122, 961);
INSERT INTO Paper (PaperID, Title, Year, MDate, Key, DOI) VALUES (2819, 'Automatic Profiling of Twitter Users Based on Their Tweets: Notebook for PAN at CLEF 2015.', 2015, '2015-09-03', 'conf/clef/SuleaD15', 'http://ceur-ws.org/Vol-1391/48-CR.pdf');
INSERT INTO Write (AuthorID, PaperID) VALUES (1122, 2819);
INSERT INTO Author (AuthorID, Name) VALUES (1123, 'Loredana Vamanu');
INSERT INTO Write (AuthorID, PaperID) VALUES (1123, 733);
INSERT INTO Write (AuthorID, PaperID) VALUES (1123, 887);
INSERT INTO Author (AuthorID, Name) VALUES (1124, 'Rosa Mar&iacute;a Ortega-Mendoza');
INSERT INTO Write (AuthorID, PaperID) VALUES (1124, 1977);
INSERT INTO Write (AuthorID, PaperID) VALUES (1124, 2080);
INSERT INTO Author (AuthorID, Name) VALUES (1125, 'Zhijuan Zhang');
INSERT INTO Write (AuthorID, PaperID) VALUES (1125, 343);
INSERT INTO Write (AuthorID, PaperID) VALUES (1125, 1565);
INSERT INTO Author (AuthorID, Name) VALUES (1126, 'Jen-Yuan Yeh');
INSERT INTO Write (AuthorID, PaperID) VALUES (1126, 1150);
INSERT INTO Write (AuthorID, PaperID) VALUES (1126, 1872);
INSERT INTO Author (AuthorID, Name) VALUES (1127, 'Konstantinos Zagoris');
INSERT INTO Write (AuthorID, PaperID) VALUES (1127, 298);
INSERT INTO Write (AuthorID, PaperID) VALUES (1127, 2295);
INSERT INTO Author (AuthorID, Name) VALUES (1128, 'Faisal Alvi');
INSERT INTO Write (AuthorID, PaperID) VALUES (1128, 318);
INSERT INTO Write (AuthorID, PaperID) VALUES (1128, 2698);
INSERT INTO Author (AuthorID, Name) VALUES (1129, 'Juan Manuel Cigarr&aacute;n Recuero');
INSERT INTO Write (AuthorID, PaperID) VALUES (1129, 1477);
INSERT INTO Write (AuthorID, PaperID) VALUES (1129, 2430);
INSERT INTO Author (AuthorID, Name) VALUES (1130, 'Andr&eacute;s Montejo');
INSERT INTO Write (AuthorID, PaperID) VALUES (1130, 1368);
INSERT INTO Write (AuthorID, PaperID) VALUES (1130, 2429);
INSERT INTO Author (AuthorID, Name) VALUES (1131, 'Michael Bagur');
INSERT INTO Write (AuthorID, PaperID) VALUES (1131, 229);
INSERT INTO Write (AuthorID, PaperID) VALUES (1131, 3237);
INSERT INTO Author (AuthorID, Name) VALUES (1132, 'Ben Carterette');
INSERT INTO Write (AuthorID, PaperID) VALUES (1132, 839);
INSERT INTO Write (AuthorID, PaperID) VALUES (1132, 2573);
INSERT INTO Author (AuthorID, Name) VALUES (1133, 'Damian Bargiel');
INSERT INTO Write (AuthorID, PaperID) VALUES (1133, 266);
INSERT INTO Write (AuthorID, PaperID) VALUES (1133, 783);
INSERT INTO Author (AuthorID, Name) VALUES (1134, 'Corina Dima');
INSERT INTO Paper (PaperID, Title, Year, MDate, Key, DOI) VALUES (2499, 'Intui2: A Prototype System for Question Answering over Linked Data.', 2013, '2014-09-10', 'conf/clef/Dima13', 'http://ceur-ws.org/Vol-1179/CLEF2013wn-QALD3-Dima2013.pdf');
INSERT INTO Write (AuthorID, PaperID) VALUES (1134, 2499);
INSERT INTO Paper (PaperID, Title, Year, MDate, Key, DOI) VALUES (2961, 'Answering Natural Language Questions with Intui3.', 2014, '2014-09-10', 'conf/clef/Dima14', 'http://ceur-ws.org/Vol-1180/CLEF2014wn-QA-Dima2014.pdf');
INSERT INTO Write (AuthorID, PaperID) VALUES (1134, 2961);
INSERT INTO Author (AuthorID, Name) VALUES (1135, 'Hatem Awadi');
INSERT INTO Write (AuthorID, PaperID) VALUES (1135, 1406);
INSERT INTO Write (AuthorID, PaperID) VALUES (1135, 3061);
INSERT INTO Author (AuthorID, Name) VALUES (1136, 'Jacinto Mata V&aacute;zquez');
INSERT INTO Paper (PaperID, Title, Year, MDate, Key, DOI) VALUES (2276, 'LABERINTO at ImageCLEF 2012 Medical Image Retrieval Task.', 2012, '2014-09-24', 'conf/clef/CrespoVL12', 'http://www.clef-initiative.eu/documents/71612/e6903637-3d17-4f8a-b193-fdce885e2966');
INSERT INTO Write (AuthorID, PaperID) VALUES (1136, 2276);
INSERT INTO Paper (PaperID, Title, Year, MDate, Key, DOI) VALUES (3275, 'LABERINTO at ImageCLEF 2011 Medical Image Retrieval Task.', 2011, '2014-09-24', 'conf/clef/VazquezCL11', 'http://www.clef-initiative.eu/documents/71612/86377/CLEF2011wn-ImageCLEF-MataEt2011.pdf');
INSERT INTO Write (AuthorID, PaperID) VALUES (1136, 3275);
INSERT INTO Author (AuthorID, Name) VALUES (1137, 'David M. Zajic');
INSERT INTO Write (AuthorID, PaperID) VALUES (1137, 1946);
INSERT INTO Write (AuthorID, PaperID) VALUES (1137, 2970);
INSERT INTO Author (AuthorID, Name) VALUES (1138, 'Yuanning Li');
INSERT INTO Paper (PaperID, Title, Year, MDate, Key, DOI) VALUES (26, 'Large-Scale Cross-Media Retrieval of WikipediaMM Images with Textual and Visual Query Expansion.', 2008, '2018-03-12', 'conf/clef/ZhouTLHG08', 'https://doi.org/10.1007/978-3-642-04447-2_99');
INSERT INTO Write (AuthorID, PaperID) VALUES (1138, 26);
INSERT INTO Paper (PaperID, Title, Year, MDate, Key, DOI) VALUES (1699, 'PKU at ImageCLEF 2008: Experiments with Query Extension Techniques for Text-Based and Content-Based Image Retrieval.', 2008, '2018-03-12', 'conf/clef/ZhouTLLHG08', 'http://ceur-ws.org/Vol-1174/CLEF2008wn-ImageCLEF-ZhouEt2008b.pdf');
INSERT INTO Write (AuthorID, PaperID) VALUES (1138, 1699);
INSERT INTO Author (AuthorID, Name) VALUES (1139, 'Anna Beyer');
INSERT INTO Write (AuthorID, PaperID) VALUES (1139, 323);
INSERT INTO Write (AuthorID, PaperID) VALUES (1139, 1720);
INSERT INTO Author (AuthorID, Name) VALUES (1140, 'Linlin Ge');
INSERT INTO Paper (PaperID, Title, Year, MDate, Key, DOI) VALUES (576, 'UNSW at GeoCLEF 2006.', 2006, '2014-08-15', 'conf/clef/HuG06a', 'http://ceur-ws.org/Vol-1172/CLEF2006wn-GeoCLEF-HuEt2006.pdf');
INSERT INTO Write (AuthorID, PaperID) VALUES (1140, 576);
INSERT INTO Paper (PaperID, Title, Year, MDate, Key, DOI) VALUES (2413, 'The University of New South Wales at GeoCLEF 2006.', 2006, '2017-05-24', 'conf/clef/HuG06', 'https://doi.org/10.1007/978-3-540-74999-8_115');
INSERT INTO Write (AuthorID, PaperID) VALUES (1140, 2413);
INSERT INTO Author (AuthorID, Name) VALUES (1141, 'Gracinda Carvalho');
INSERT INTO Write (AuthorID, PaperID) VALUES (1141, 1904);
INSERT INTO Write (AuthorID, PaperID) VALUES (1141, 2497);
INSERT INTO Author (AuthorID, Name) VALUES (1142, 'I&ntilde;aki Alegr&iacute;a Loinaz');
INSERT INTO Write (AuthorID, PaperID) VALUES (1142, 907);
INSERT INTO Write (AuthorID, PaperID) VALUES (1142, 2789);
INSERT INTO Author (AuthorID, Name) VALUES (1143, 'Jiayu Tang');
INSERT INTO Write (AuthorID, PaperID) VALUES (1143, 57);
INSERT INTO Write (AuthorID, PaperID) VALUES (1143, 1769);
INSERT INTO Author (AuthorID, Name) VALUES (1144, 'Kirat Sekhon');
INSERT INTO Write (AuthorID, PaperID) VALUES (1144, 87);
INSERT INTO Write (AuthorID, PaperID) VALUES (1144, 782);
INSERT INTO Author (AuthorID, Name) VALUES (1145, 'Guido de Croon');
INSERT INTO Write (AuthorID, PaperID) VALUES (1145, 1645);
INSERT INTO Write (AuthorID, PaperID) VALUES (1145, 2827);
INSERT INTO Author (AuthorID, Name) VALUES (1146, 'Franck Sajous');
INSERT INTO Write (AuthorID, PaperID) VALUES (1146, 830);
INSERT INTO Write (AuthorID, PaperID) VALUES (1146, 838);
INSERT INTO Author (AuthorID, Name) VALUES (1147, 'Davide Malagoli');
INSERT INTO Write (AuthorID, PaperID) VALUES (1147, 1104);
INSERT INTO Write (AuthorID, PaperID) VALUES (1147, 1320);
INSERT INTO Author (AuthorID, Name) VALUES (1148, 'Sudeshna Sarkar');
INSERT INTO Paper (PaperID, Title, Year, MDate, Key, DOI) VALUES (1441, 'Bengali and Hindi to English Cross-language Text Retrieval under Limited Resources.', 2007, '2014-09-23', 'conf/clef/MandalDGBS07', 'http://ceur-ws.org/Vol-1173/CLEF2007wn-adhoc-MandalEt2007.pdf');
INSERT INTO Write (AuthorID, PaperID) VALUES (1148, 1441);
INSERT INTO Paper (PaperID, Title, Year, MDate, Key, DOI) VALUES (3007, 'Bengali and Hindi to English CLIR Evaluation.', 2007, '2017-05-24', 'conf/clef/MandalGDBS07', 'https://doi.org/10.1007/978-3-540-85760-0_12');
INSERT INTO Write (AuthorID, PaperID) VALUES (1148, 3007);
INSERT INTO Author (AuthorID, Name) VALUES (1149, 'Azadeh Pishdad');
INSERT INTO Write (AuthorID, PaperID) VALUES (1149, 1909);
INSERT INTO Write (AuthorID, PaperID) VALUES (1149, 3361);
INSERT INTO Author (AuthorID, Name) VALUES (1150, 'J. Andrew McCulloh');
INSERT INTO Write (AuthorID, PaperID) VALUES (1150, 130);
INSERT INTO Write (AuthorID, PaperID) VALUES (1150, 1069);
INSERT INTO Author (AuthorID, Name) VALUES (1151, 'Miguel A. S&aacute;nchez-P&eacute;rez');
INSERT INTO Write (AuthorID, PaperID) VALUES (1151, 1386);
INSERT INTO Write (AuthorID, PaperID) VALUES (1151, 3469);
INSERT INTO Author (AuthorID, Name) VALUES (1152, 'Dipasree Pal');
INSERT INTO Write (AuthorID, PaperID) VALUES (1152, 312);
INSERT INTO Write (AuthorID, PaperID) VALUES (1152, 2664);
INSERT INTO Author (AuthorID, Name) VALUES (1153, 'Novi Patricia');
INSERT INTO Write (AuthorID, PaperID) VALUES (1153, 408);
INSERT INTO Write (AuthorID, PaperID) VALUES (1153, 1068);
INSERT INTO Author (AuthorID, Name) VALUES (1154, 'Jiyin He');
INSERT INTO Write (AuthorID, PaperID) VALUES (1154, 1125);
INSERT INTO Write (AuthorID, PaperID) VALUES (1154, 2065);
INSERT INTO Author (AuthorID, Name) VALUES (1155, 'Laurianne Sitbon');
INSERT INTO Write (AuthorID, PaperID) VALUES (1155, 1042);
INSERT INTO Write (AuthorID, PaperID) VALUES (1155, 2441);
INSERT INTO Author (AuthorID, Name) VALUES (1156, 'Sujan Kumar Saha');
INSERT INTO Paper (PaperID, Title, Year, MDate, Key, DOI) VALUES (1451, 'A Statistical Analysis Approach to Author Identification Using Latent Semantic Analysis.', 2014, '2014-09-10', 'conf/clef/SatyamADS14', 'http://ceur-ws.org/Vol-1180/CLEF2014wn-Pan-SatyamEt2014.pdf');
INSERT INTO Write (AuthorID, PaperID) VALUES (1156, 1451);
INSERT INTO Paper (PaperID, Title, Year, MDate, Key, DOI) VALUES (1805, 'Experiments on Document Chunking and Query Formation for Plagiarism Source Retrieval.', 2014, '2014-09-10', 'conf/clef/PrakashS14', 'http://ceur-ws.org/Vol-1180/CLEF2014wn-Pan-PrakashEt2014.pdf');
INSERT INTO Write (AuthorID, PaperID) VALUES (1156, 1805);
INSERT INTO Author (AuthorID, Name) VALUES (1157, 'Ioannis Partalas');
INSERT INTO Write (AuthorID, PaperID) VALUES (1157, 749);
INSERT INTO Write (AuthorID, PaperID) VALUES (1157, 1633);
INSERT INTO Author (AuthorID, Name) VALUES (1158, 'Vicente Morell');
INSERT INTO Write (AuthorID, PaperID) VALUES (1158, 1068);
INSERT INTO Write (AuthorID, PaperID) VALUES (1158, 2046);
INSERT INTO Author (AuthorID, Name) VALUES (1159, 'Paul Mousset');
INSERT INTO Write (AuthorID, PaperID) VALUES (1159, 228);
INSERT INTO Write (AuthorID, PaperID) VALUES (1159, 1933);
INSERT INTO Author (AuthorID, Name) VALUES (1160, 'Doaa Samy');
INSERT INTO Write (AuthorID, PaperID) VALUES (1160, 1231);
INSERT INTO Write (AuthorID, PaperID) VALUES (1160, 1669);
INSERT INTO Author (AuthorID, Name) VALUES (1161, 'Liming Chen 0002');
INSERT INTO Write (AuthorID, PaperID) VALUES (1161, 702);
INSERT INTO Write (AuthorID, PaperID) VALUES (1161, 1252);
INSERT INTO Author (AuthorID, Name) VALUES (1162, 'Sara Atito');
INSERT INTO Write (AuthorID, PaperID) VALUES (1162, 322);
INSERT INTO Write (AuthorID, PaperID) VALUES (1162, 1714);
INSERT INTO Author (AuthorID, Name) VALUES (1163, 'Dhruv Khattar');
INSERT INTO Write (AuthorID, PaperID) VALUES (1163, 1722);
INSERT INTO Write (AuthorID, PaperID) VALUES (1163, 2737);
INSERT INTO Author (AuthorID, Name) VALUES (1164, 'Zi Yang');
INSERT INTO Paper (PaperID, Title, Year, MDate, Key, DOI) VALUES (718, 'Building Optimal Question Answering System Automatically using Configuration Space Exploration (CSE) for QA4MRE 2013 Tasks.', 2013, '2014-09-10', 'conf/clef/PatelYNM13', 'http://ceur-ws.org/Vol-1179/CLEF2013wn-QA4MRE-PatelEt2013.pdf');
INSERT INTO Write (AuthorID, PaperID) VALUES (1164, 718);
INSERT INTO Paper (PaperID, Title, Year, MDate, Key, DOI) VALUES (3403, 'Learning to Answer Biomedical Factoid 800Aamp; List Questions: OAQA at BioASQ 3B.', 2015, '2015-09-03', 'conf/clef/YangGSXZN15', 'http://ceur-ws.org/Vol-1391/114-CR.pdf');
INSERT INTO Write (AuthorID, PaperID) VALUES (1164, 3403);
INSERT INTO Author (AuthorID, Name) VALUES (1165, 'Xue Li');
INSERT INTO Write (AuthorID, PaperID) VALUES (1165, 764);
INSERT INTO Write (AuthorID, PaperID) VALUES (1165, 2177);
INSERT INTO Author (AuthorID, Name) VALUES (1166, 'Prokopis Prokopidis');
INSERT INTO Write (AuthorID, PaperID) VALUES (1166, 907);
INSERT INTO Write (AuthorID, PaperID) VALUES (1166, 1205);
INSERT INTO Author (AuthorID, Name) VALUES (1167, 'Etienne Gadeski');
INSERT INTO Write (AuthorID, PaperID) VALUES (1167, 447);
INSERT INTO Write (AuthorID, PaperID) VALUES (1167, 1273);
INSERT INTO Author (AuthorID, Name) VALUES (1168, 'Christian R. Huyck');
INSERT INTO Write (AuthorID, PaperID) VALUES (1168, 156);
INSERT INTO Write (AuthorID, PaperID) VALUES (1168, 2787);
INSERT INTO Author (AuthorID, Name) VALUES (1169, 'L&eacute;a Laporte');
INSERT INTO Write (AuthorID, PaperID) VALUES (1169, 1258);
INSERT INTO Write (AuthorID, PaperID) VALUES (1169, 1542);
INSERT INTO Author (AuthorID, Name) VALUES (1170, 'Kareem Darwish');
INSERT INTO Write (AuthorID, PaperID) VALUES (1170, 914);
INSERT INTO Write (AuthorID, PaperID) VALUES (1170, 3168);
INSERT INTO Author (AuthorID, Name) VALUES (1171, 'Jo&atilde;o Batista Florindo');
INSERT INTO Paper (PaperID, Title, Year, MDate, Key, DOI) VALUES (2044, 'IFSC/USP at ImageCLEF 2012: Plant Identification Task.', 2012, '2014-09-24', 'conf/clef/CasanovaFGB12', 'http://www.clef-initiative.eu/documents/71612/be6b7d7a-ae92-4e56-9ef3-198482d8e96b');
INSERT INTO Write (AuthorID, PaperID) VALUES (1171, 2044);
INSERT INTO Paper (PaperID, Title, Year, MDate, Key, DOI) VALUES (2628, 'IFSC/USP at ImageCLEF 2011: Plant Identication Task.', 2011, '2014-09-24', 'conf/clef/CasanovaFB11', 'http://www.clef-initiative.eu/documents/71612/86377/CLEF2011wn-ImageCLEF-CasanovaEt2011.pdf');
INSERT INTO Write (AuthorID, PaperID) VALUES (1171, 2628);
INSERT INTO Author (AuthorID, Name) VALUES (1172, 'Alaa Halawani');
INSERT INTO Paper (PaperID, Title, Year, MDate, Key, DOI) VALUES (2637, 'Grayscale Radiograph Annotation Using Local Relational Features.', 2006, '2017-05-24', 'conf/clef/SetiaTHB06', 'https://doi.org/10.1007/978-3-540-74999-8_79');
INSERT INTO Write (AuthorID, PaperID) VALUES (1172, 2637);
INSERT INTO Paper (PaperID, Title, Year, MDate, Key, DOI) VALUES (2967, 'University of Freiburg at ImageCLEF06 - Radiograph Annotation Using Local Relational Features.', 2006, '2014-08-15', 'conf/clef/SetiaTHB06a', 'http://ceur-ws.org/Vol-1172/CLEF2006wn-ImageCLEF-SetiaEt2006.pdf');
INSERT INTO Write (AuthorID, PaperID) VALUES (1172, 2967);
INSERT INTO Author (AuthorID, Name) VALUES (1173, 'Rafael Mu&ntilde;oz Guillena');
INSERT INTO Write (AuthorID, PaperID) VALUES (1173, 705);
INSERT INTO Write (AuthorID, PaperID) VALUES (1173, 3476);
INSERT INTO Author (AuthorID, Name) VALUES (1174, 'Thijs Westerveld');
INSERT INTO Write (AuthorID, PaperID) VALUES (1174, 1766);
INSERT INTO Write (AuthorID, PaperID) VALUES (1174, 1815);
INSERT INTO Author (AuthorID, Name) VALUES (1175, 'Faneva Ramiandrisoa');
INSERT INTO Write (AuthorID, PaperID) VALUES (1175, 811);
INSERT INTO Write (AuthorID, PaperID) VALUES (1175, 3140);
INSERT INTO Author (AuthorID, Name) VALUES (1176, 'Zulfat Miftahutdinov');
INSERT INTO Paper (PaperID, Title, Year, MDate, Key, DOI) VALUES (60, 'KFU at CLEF eHealth 2017 Task 1: ICD-10 Coding of English Death Certificates with Recurrent Neural Networks.', 2017, '2017-08-15', 'conf/clef/MiftahutdinovT17', 'http://ceur-ws.org/Vol-1866/paper_64.pdf');
INSERT INTO Write (AuthorID, PaperID) VALUES (1176, 60);
INSERT INTO Paper (PaperID, Title, Year, MDate, Key, DOI) VALUES (434, 'Deep Learning for ICD Coding: Looking for Medical Concepts in Clinical Documents in English and in French.', 2017, '2018-08-20', 'conf/clef/MiftahutdinovT17a', 'https://doi.org/10.1007/978-3-319-98932-7_19');
INSERT INTO Write (AuthorID, PaperID) VALUES (1176, 434);
INSERT INTO Author (AuthorID, Name) VALUES (1177, 'Attila Pereszl&eacute;nyi');
INSERT INTO Write (AuthorID, PaperID) VALUES (1177, 1702);
INSERT INTO Write (AuthorID, PaperID) VALUES (1177, 2056);
INSERT INTO Author (AuthorID, Name) VALUES (1178, 'Angelo Basile');
INSERT INTO Write (AuthorID, PaperID) VALUES (1178, 947);
INSERT INTO Write (AuthorID, PaperID) VALUES (1178, 1826);
INSERT INTO Author (AuthorID, Name) VALUES (1179, 'A. Kumaran 0001');
INSERT INTO Paper (PaperID, Title, Year, MDate, Key, DOI) VALUES (70, 'Cross-Lingual Information Retrieval System for Indian Languages.', 2007, '2017-01-04', 'conf/clef/JagarlamudiK07a', 'http://ceur-ws.org/Vol-1173/CLEF2007wn-adhoc-JagarlamudiEt2007.pdf');
INSERT INTO Write (AuthorID, PaperID) VALUES (1179, 70);
INSERT INTO Paper (PaperID, Title, Year, MDate, Key, DOI) VALUES (2503, 'Cross-Lingual Information Retrieval System for Indian Languages.', 2007, '2017-05-24', 'conf/clef/JagarlamudiK07', 'https://doi.org/10.1007/978-3-540-85760-0_10');
INSERT INTO Write (AuthorID, PaperID) VALUES (1179, 2503);
INSERT INTO Author (AuthorID, Name) VALUES (1180, 'Sofi&egrave;ne Mouine');
INSERT INTO Write (AuthorID, PaperID) VALUES (1180, 1811);
INSERT INTO Write (AuthorID, PaperID) VALUES (1180, 2830);
INSERT INTO Author (AuthorID, Name) VALUES (1181, 'Dongqing Zhu');
INSERT INTO Write (AuthorID, PaperID) VALUES (1181, 839);
INSERT INTO Write (AuthorID, PaperID) VALUES (1181, 2573);
INSERT INTO Author (AuthorID, Name) VALUES (1182, 'Theo W. C. Huibers');
INSERT INTO Write (AuthorID, PaperID) VALUES (1182, 2476);
INSERT INTO Write (AuthorID, PaperID) VALUES (1182, 2620);
INSERT INTO Author (AuthorID, Name) VALUES (1183, 'Ernesto Jim&eacute;nez');
INSERT INTO Write (AuthorID, PaperID) VALUES (1183, 2033);
INSERT INTO Write (AuthorID, PaperID) VALUES (1183, 2085);
INSERT INTO Author (AuthorID, Name) VALUES (1184, 'Patrick Probst');
INSERT INTO Write (AuthorID, PaperID) VALUES (1184, 559);
INSERT INTO Write (AuthorID, PaperID) VALUES (1184, 1661);
INSERT INTO Author (AuthorID, Name) VALUES (1185, 'Aminul Islam');
INSERT INTO Write (AuthorID, PaperID) VALUES (1185, 21);
INSERT INTO Write (AuthorID, PaperID) VALUES (1185, 2293);
INSERT INTO Author (AuthorID, Name) VALUES (1186, 'Shanfeng Zhu');
INSERT INTO Paper (PaperID, Title, Year, MDate, Key, DOI) VALUES (81, 'The Fudan Participation in the 2015 BioASQ Challenge: Large-scale Biomedical Semantic Indexing and Question Answering.', 2015, '2015-09-03', 'conf/clef/PengYXWZZ15', 'http://ceur-ws.org/Vol-1391/88-CR.pdf');
INSERT INTO Write (AuthorID, PaperID) VALUES (1186, 81);
INSERT INTO Paper (PaperID, Title, Year, MDate, Key, DOI) VALUES (3249, 'The Fudan-UIUC Participation in the BioASQ Challenge Task 2a: The Antinomyra system.', 2014, '2014-09-21', 'conf/clef/LiuWPZZ14', 'http://ceur-ws.org/Vol-1180/CLEF2014wn-QA-LiuEt2014.pdf');
INSERT INTO Write (AuthorID, PaperID) VALUES (1186, 3249);
INSERT INTO Author (AuthorID, Name) VALUES (1187, 'Immanuel Schwall');
INSERT INTO Write (AuthorID, PaperID) VALUES (1187, 870);
INSERT INTO Write (AuthorID, PaperID) VALUES (1187, 2132);
INSERT INTO Author (AuthorID, Name) VALUES (1188, 'Piotr Malak');
INSERT INTO Write (AuthorID, PaperID) VALUES (1188, 507);
INSERT INTO Paper (PaperID, Title, Year, MDate, Key, DOI) VALUES (2241, 'The Polish Task within Cultural Heritage in CLEF (CHiC) 2013. Torun Runs.', 2013, '2014-09-10', 'conf/clef/Malak13', 'http://ceur-ws.org/Vol-1179/CLEF2013wn-CHiC-Malak2013.pdf');
INSERT INTO Write (AuthorID, PaperID) VALUES (1188, 2241);
INSERT INTO Author (AuthorID, Name) VALUES (1189, 'John A. Goldsmith');
INSERT INTO Paper (PaperID, Title, Year, MDate, Key, DOI) VALUES (1276, 'Automatic Morphology (Summary).', 2000, '2014-08-15', 'conf/clef/GoldsmithSH00', 'http://ceur-ws.org/Vol-1166/CLEF2000wn-adhoc-GoldsmithEt2000.pdf');
INSERT INTO Write (AuthorID, PaperID) VALUES (1189, 1276);
INSERT INTO Paper (PaperID, Title, Year, MDate, Key, DOI) VALUES (1290, 'Automatic Language-Specific Stemming in Information Retrieval.', 2000, '2017-05-24', 'conf/clef/GoldsmithHS00', 'https://doi.org/10.1007/3-540-44645-1_27');
INSERT INTO Write (AuthorID, PaperID) VALUES (1189, 1290);
INSERT INTO Author (AuthorID, Name) VALUES (1190, 'Xiangyang Li 0002');
INSERT INTO Write (AuthorID, PaperID) VALUES (1190, 764);
INSERT INTO Write (AuthorID, PaperID) VALUES (1190, 2177);
INSERT INTO Author (AuthorID, Name) VALUES (1191, 'Shengwen Peng');
INSERT INTO Write (AuthorID, PaperID) VALUES (1191, 81);
INSERT INTO Write (AuthorID, PaperID) VALUES (1191, 3249);
INSERT INTO Author (AuthorID, Name) VALUES (1192, 'Robert Layton');
INSERT INTO Paper (PaperID, Title, Year, MDate, Key, DOI) VALUES (1122, 'A Simple Local n-gram Ensemble for Authorship Verification.', 2014, '2014-09-10', 'conf/clef/Layton14', 'http://ceur-ws.org/Vol-1180/CLEF2014wn-Pan-Layton2014.pdf');
INSERT INTO Write (AuthorID, PaperID) VALUES (1192, 1122);
INSERT INTO Paper (PaperID, Title, Year, MDate, Key, DOI) VALUES (1135, 'Local n-grams for Author Identification Notebook for PAN at CLEF 2013.', 2013, '2014-09-10', 'conf/clef/LaytonWD13', 'http://ceur-ws.org/Vol-1179/CLEF2013wn-PAN-LaytonEt2013.pdf');
INSERT INTO Write (AuthorID, PaperID) VALUES (1192, 1135);
INSERT INTO Author (AuthorID, Name) VALUES (1193, 'Braja Gopal Patra');
INSERT INTO Write (AuthorID, PaperID) VALUES (1193, 555);
INSERT INTO Write (AuthorID, PaperID) VALUES (1193, 3375);
INSERT INTO Author (AuthorID, Name) VALUES (1194, 'Feifan Liu');
INSERT INTO Paper (PaperID, Title, Year, MDate, Key, DOI) VALUES (3253, 'UMass at ImageCLEF Caption Prediction 2018 Task.', 2018, '2018-08-08', 'conf/clef/SuLR18', 'http://ceur-ws.org/Vol-2125/paper_155.pdf');
INSERT INTO Write (AuthorID, PaperID) VALUES (1194, 3253);
INSERT INTO Paper (PaperID, Title, Year, MDate, Key, DOI) VALUES (3340, 'UMass at ImageCLEF Medical Visual Question Answering(Med-VQA) 2018 Task.', 2018, '2018-08-08', 'conf/clef/PengL18', 'http://ceur-ws.org/Vol-2125/paper_163.pdf');
INSERT INTO Write (AuthorID, PaperID) VALUES (1194, 3340);
INSERT INTO Author (AuthorID, Name) VALUES (1195, 'Alexei Yavlinsky');
INSERT INTO Write (AuthorID, PaperID) VALUES (1195, 2732);
INSERT INTO Write (AuthorID, PaperID) VALUES (1195, 3270);
INSERT INTO Author (AuthorID, Name) VALUES (1196, 'Cheng Tan');
INSERT INTO Write (AuthorID, PaperID) VALUES (1196, 1486);
INSERT INTO Write (AuthorID, PaperID) VALUES (1196, 1793);
INSERT INTO Author (AuthorID, Name) VALUES (1197, 'Assaf B. Spanier');
INSERT INTO Paper (PaperID, Title, Year, MDate, Key, DOI) VALUES (141, 'Towards Content-Based Image Retrieval: From Computer Generated Features to Semantic Descriptions of Liver CT Scans.', 2014, '2015-02-23', 'conf/clef/SpanierJ14', 'http://ceur-ws.org/Vol-1180/CLEF2014wn-Image-SpanierEt2014.pdf');
INSERT INTO Write (AuthorID, PaperID) VALUES (1197, 141);
INSERT INTO Paper (PaperID, Title, Year, MDate, Key, DOI) VALUES (2810, 'Automatic Classification of Body Parts X-ray Images.', 2015, '2015-09-03', 'conf/clef/AboudSJ15', 'http://ceur-ws.org/Vol-1391/47-CR.pdf');
INSERT INTO Write (AuthorID, PaperID) VALUES (1197, 2810);
INSERT INTO Author (AuthorID, Name) VALUES (1198, 'Antonio Toral Ruiz');
INSERT INTO Write (AuthorID, PaperID) VALUES (1198, 112);
INSERT INTO Write (AuthorID, PaperID) VALUES (1198, 1239);
INSERT INTO Author (AuthorID, Name) VALUES (1199, 'Anthony N. Nguyen');
INSERT INTO Write (AuthorID, PaperID) VALUES (1199, 674);
INSERT INTO Write (AuthorID, PaperID) VALUES (1199, 1326);
INSERT INTO Author (AuthorID, Name) VALUES (1200, 'Hector Llorens');
INSERT INTO Write (AuthorID, PaperID) VALUES (1200, 2207);
INSERT INTO Write (AuthorID, PaperID) VALUES (1200, 2733);
INSERT INTO Author (AuthorID, Name) VALUES (1201, 'Sabino Miranda-Jim&eacute;nez');
INSERT INTO Paper (PaperID, Title, Year, MDate, Key, DOI) VALUES (1256, 'Gender and language-variety Identification with MicroTC.', 2017, '2017-08-15', 'conf/clef/TellezMGM17', 'http://ceur-ws.org/Vol-1866/paper_104.pdf');
INSERT INTO Write (AuthorID, PaperID) VALUES (1201, 1256);
