INSERT INTO Paper (PaperID, Title, Year, MDate, Key, DOI) VALUES (2393, 'Gender Identification through Multi-modal Tweet Analysis using MicroTC and Bag of Visual Words: Notebook for PAN at CLEF 2018.', 2018, '2018-08-08', 'conf/clef/TellezMMGSO18', 'http://ceur-ws.org/Vol-2125/paper_164.pdf');
INSERT INTO Write (AuthorID, PaperID) VALUES (1201, 2393);
INSERT INTO Author (AuthorID, Name) VALUES (1202, 'Richard Dufour');
INSERT INTO Write (AuthorID, PaperID) VALUES (1202, 2289);
INSERT INTO Write (AuthorID, PaperID) VALUES (1202, 2602);
INSERT INTO Author (AuthorID, Name) VALUES (1203, 'Yaakov HaCohen-Kerner');
INSERT INTO Paper (PaperID, Title, Year, MDate, Key, DOI) VALUES (2194, 'Cross-domain Authorship Attribution: Author Identification using Char Sequences, Word Uni-grams, and POS-tags Features: Notebook for PAN at CLEF 2018.', 2018, '2018-08-08', 'conf/clef/HaCohen-KernerM18', 'http://ceur-ws.org/Vol-2125/paper_75.pdf');
INSERT INTO Write (AuthorID, PaperID) VALUES (1203, 2194);
INSERT INTO Paper (PaperID, Title, Year, MDate, Key, DOI) VALUES (2683, 'Author Profiling: Gender Prediction from Tweets and Images: Notebook for PAN at CLEF 2018.', 2018, '2018-08-08', 'conf/clef/HaCohen-KernerY18', 'http://ceur-ws.org/Vol-2125/paper_74.pdf');
INSERT INTO Write (AuthorID, PaperID) VALUES (1203, 2683);
INSERT INTO Author (AuthorID, Name) VALUES (1204, 'Mohamed Ettaleb');
INSERT INTO Write (AuthorID, PaperID) VALUES (1204, 1806);
INSERT INTO Paper (PaperID, Title, Year, MDate, Key, DOI) VALUES (1817, 'INEX2014: Tweet Contextualization Using Association Rules between Terms.', 2014, '2014-09-10', 'conf/clef/ZinglaELS14', 'http://ceur-ws.org/Vol-1180/CLEF2014wn-Inex-ZinglaEt2014.pdf');
INSERT INTO Write (AuthorID, PaperID) VALUES (1204, 1817);
INSERT INTO Author (AuthorID, Name) VALUES (1205, 'Juan D. Vel&aacute;squez');
INSERT INTO Write (AuthorID, PaperID) VALUES (1205, 568);
INSERT INTO Write (AuthorID, PaperID) VALUES (1205, 739);
INSERT INTO Author (AuthorID, Name) VALUES (1206, 'Chedid Haddad');
INSERT INTO Write (AuthorID, PaperID) VALUES (1206, 2865);
INSERT INTO Write (AuthorID, PaperID) VALUES (1206, 3048);
INSERT INTO Author (AuthorID, Name) VALUES (1207, 'Qian Zhu');
INSERT INTO Write (AuthorID, PaperID) VALUES (1207, 1095);
INSERT INTO Write (AuthorID, PaperID) VALUES (1207, 1711);
INSERT INTO Author (AuthorID, Name) VALUES (1208, 'Eugenia Matoyo');
INSERT INTO Paper (PaperID, Title, Year, MDate, Key, DOI) VALUES (1797, 'Across the Bridge: CLEF 2001 - Non-english Monolingual Retrieval. The French Task.', 2001, '2017-05-24', 'conf/clef/MatoyoV01', 'https://doi.org/10.1007/3-540-45691-0_27');
INSERT INTO Write (AuthorID, PaperID) VALUES (1208, 1797);
INSERT INTO Paper (PaperID, Title, Year, MDate, Key, DOI) VALUES (1931, 'Across the Bridge: CLEF 2001 - Non-English Monolingual Retrieval. The French task.', 2001, '2014-08-15', 'conf/clef/MatoyoV01a', 'http://ceur-ws.org/Vol-1167/CLEF2001wn-adhoc-MatoyoEt2001.pdf');
INSERT INTO Write (AuthorID, PaperID) VALUES (1208, 1931);
INSERT INTO Author (AuthorID, Name) VALUES (1209, 'Amineh Ghorbani');
INSERT INTO Write (AuthorID, PaperID) VALUES (1209, 1909);
INSERT INTO Write (AuthorID, PaperID) VALUES (1209, 3361);
INSERT INTO Author (AuthorID, Name) VALUES (1210, 'Clara I. Cabezas');
INSERT INTO Write (AuthorID, PaperID) VALUES (1210, 2908);
INSERT INTO Write (AuthorID, PaperID) VALUES (1210, 3493);
INSERT INTO Author (AuthorID, Name) VALUES (1211, 'Fuman Jin');
INSERT INTO Write (AuthorID, PaperID) VALUES (1211, 1753);
INSERT INTO Write (AuthorID, PaperID) VALUES (1211, 3366);
INSERT INTO Author (AuthorID, Name) VALUES (1212, 'Alejandro H&eacute;ctor Toselli');
INSERT INTO Write (AuthorID, PaperID) VALUES (1212, 33);
INSERT INTO Write (AuthorID, PaperID) VALUES (1212, 82);
INSERT INTO Author (AuthorID, Name) VALUES (1213, 'P&eacute;ter Hal&aacute;csy');
INSERT INTO Paper (PaperID, Title, Year, MDate, Key, DOI) VALUES (1035, 'Benefits of deep NLP-based Lemmatization for Information Retrieval.', 2006, '2014-08-15', 'conf/clef/Halacsy06', 'http://ceur-ws.org/Vol-1172/CLEF2006wn-adhoc-Halacsy2006.pdf');
INSERT INTO Write (AuthorID, PaperID) VALUES (1213, 1035);
INSERT INTO Paper (PaperID, Title, Year, MDate, Key, DOI) VALUES (2380, 'Benefits of Resource-Based Stemming in Hungarian Information Retrieval.', 2006, '2017-05-24', 'conf/clef/HalacsyT06', 'https://doi.org/10.1007/978-3-540-74999-8_13');
INSERT INTO Write (AuthorID, PaperID) VALUES (1213, 2380);
INSERT INTO Author (AuthorID, Name) VALUES (1214, 'Daniel Gayo-Avello');
INSERT INTO Write (AuthorID, PaperID) VALUES (1214, 2685);
INSERT INTO Write (AuthorID, PaperID) VALUES (1214, 2782);
INSERT INTO Author (AuthorID, Name) VALUES (1215, 'Irina-Diana Lungu');
INSERT INTO Write (AuthorID, PaperID) VALUES (1215, 1118);
INSERT INTO Write (AuthorID, PaperID) VALUES (1215, 2221);
INSERT INTO Author (AuthorID, Name) VALUES (1216, 'Ulf Leser');
INSERT INTO Paper (PaperID, Title, Year, MDate, Key, DOI) VALUES (113, 'WBI at CLEF eHealth 2018 Task 1: Language-independent ICD-10 Coding using Multi-lingual Embeddings and Recurrent Neural Networks.', 2018, '2018-08-08', 'conf/clef/SevaSL18', 'http://ceur-ws.org/Vol-2125/paper_118.pdf');
INSERT INTO Write (AuthorID, PaperID) VALUES (1216, 113);
INSERT INTO Paper (PaperID, Title, Year, MDate, Key, DOI) VALUES (3298, 'Multi-lingual ICD-10 Coding using a Hybrid rule-based and Supervised Classification Approach at CLEF eHealth 2017.', 2017, '2017-08-15', 'conf/clef/SevaKRL17', 'http://ceur-ws.org/Vol-1866/paper_70.pdf');
INSERT INTO Write (AuthorID, PaperID) VALUES (1216, 3298);
INSERT INTO Author (AuthorID, Name) VALUES (1217, 'Laura-Maria Murtola');
INSERT INTO Write (AuthorID, PaperID) VALUES (1217, 928);
INSERT INTO Write (AuthorID, PaperID) VALUES (1217, 1556);
INSERT INTO Author (AuthorID, Name) VALUES (1218, 'Maria-Hendrike Peetz');
INSERT INTO Write (AuthorID, PaperID) VALUES (1218, 1896);
INSERT INTO Write (AuthorID, PaperID) VALUES (1218, 2440);
INSERT INTO Author (AuthorID, Name) VALUES (1219, 'Alfonso Valencia');
INSERT INTO Write (AuthorID, PaperID) VALUES (1219, 1831);
INSERT INTO Write (AuthorID, PaperID) VALUES (1219, 2468);
INSERT INTO Author (AuthorID, Name) VALUES (1220, 'Jan Paetzold');
INSERT INTO Write (AuthorID, PaperID) VALUES (1220, 642);
INSERT INTO Write (AuthorID, PaperID) VALUES (1220, 2510);
INSERT INTO Author (AuthorID, Name) VALUES (1221, 'Veera Raghavendra Chikka');
INSERT INTO Paper (PaperID, Title, Year, MDate, Key, DOI) VALUES (815, 'Optimizing Apache cTAKES for Disease/Disorder Template Filling: Team HITACHI in the ShARe/CLEF 2014 eHealth Evaluation Lab.', 2014, '2014-09-10', 'conf/clef/JohriNC14', 'http://ceur-ws.org/Vol-1180/CLEF2014wn-eHealth-JohriEt2014.pdf');
INSERT INTO Write (AuthorID, PaperID) VALUES (1221, 815);
INSERT INTO Paper (PaperID, Title, Year, MDate, Key, DOI) VALUES (1737, 'Information Extraction from Clinical Documents: Towards Disease/Disorder Template Filling.', 2015, '2017-05-24', 'conf/clef/ChikkaMNK15', 'https://doi.org/10.1007/978-3-319-24027-5_41');
INSERT INTO Write (AuthorID, PaperID) VALUES (1221, 1737);
INSERT INTO Author (AuthorID, Name) VALUES (1222, 'Elena Lloret');
INSERT INTO Write (AuthorID, PaperID) VALUES (1222, 1951);
INSERT INTO Write (AuthorID, PaperID) VALUES (1222, 2493);
INSERT INTO Author (AuthorID, Name) VALUES (1223, 'Gordon V. Cormack');
INSERT INTO Paper (PaperID, Title, Year, MDate, Key, DOI) VALUES (1727, 'Technology-Assisted Review in Empirical Medicine: Waterloo Participation in CLEF eHealth 2017.', 2017, '2017-08-15', 'conf/clef/CormackG17', 'http://ceur-ws.org/Vol-1866/paper_51.pdf');
INSERT INTO Write (AuthorID, PaperID) VALUES (1223, 1727);
INSERT INTO Paper (PaperID, Title, Year, MDate, Key, DOI) VALUES (2969, 'Technology-Assisted Review in Empirical Medicine: Waterloo Participation in CLEF eHealth 2018.', 2018, '2018-08-08', 'conf/clef/CormackG18', 'http://ceur-ws.org/Vol-2125/paper_89.pdf');
INSERT INTO Write (AuthorID, PaperID) VALUES (1223, 2969);
INSERT INTO Author (AuthorID, Name) VALUES (1224, 'Traian Rebedea');
INSERT INTO Paper (PaperID, Title, Year, MDate, Key, DOI) VALUES (804, 'QAnswer - Enhanced Entity Matching for Question Answering over Linked Data.', 2015, '2015-09-03', 'conf/clef/RusetiMRT15', 'http://ceur-ws.org/Vol-1391/99-CR.pdf');
INSERT INTO Write (AuthorID, PaperID) VALUES (1224, 804);
INSERT INTO Paper (PaperID, Title, Year, MDate, Key, DOI) VALUES (2397, 'Authorship Identification Using a Reduced Set of Linguistic Features.', 2012, '2014-09-24', 'conf/clef/RusetiR12', 'http://www.clef-initiative.eu/documents/71612/ab646da1-51aa-4f48-8a97-608fa67960e1');
INSERT INTO Write (AuthorID, PaperID) VALUES (1224, 2397);
INSERT INTO Author (AuthorID, Name) VALUES (1225, 'Gaston L''Huillier');
INSERT INTO Write (AuthorID, PaperID) VALUES (1225, 568);
INSERT INTO Write (AuthorID, PaperID) VALUES (1225, 739);
INSERT INTO Author (AuthorID, Name) VALUES (1226, 'Jianhan Zhu');
INSERT INTO Write (AuthorID, PaperID) VALUES (1226, 648);
INSERT INTO Write (AuthorID, PaperID) VALUES (1226, 1173);
INSERT INTO Author (AuthorID, Name) VALUES (1227, 'Jingchi Jiang');
INSERT INTO Paper (PaperID, Title, Year, MDate, Key, DOI) VALUES (844, 'WI-ENRE in CLEF eHealth Evaluation Lab 2015: Clinical Named Entity Recognition Based on CRF.', 2015, '2015-09-03', 'conf/clef/JiangGZ15a', 'http://ceur-ws.org/Vol-1391/163-CR.pdf');
INSERT INTO Write (AuthorID, PaperID) VALUES (1227, 844);
INSERT INTO Paper (PaperID, Title, Year, MDate, Key, DOI) VALUES (2713, 'WI-ENRE in CLEF eHealth Evaluation Lab 2015: Clinical Named Entity Recognition Based on CRF.', 2015, '2015-09-03', 'conf/clef/JiangGZ15', 'http://ceur-ws.org/Vol-1391/22-CR.pdf');
INSERT INTO Write (AuthorID, PaperID) VALUES (1227, 2713);
INSERT INTO Author (AuthorID, Name) VALUES (1228, 'Mihaela Juganaru-Mathieu');
INSERT INTO Write (AuthorID, PaperID) VALUES (1228, 1961);
INSERT INTO Write (AuthorID, PaperID) VALUES (1228, 2439);
INSERT INTO Author (AuthorID, Name) VALUES (1229, 'Juan Jos&eacute; Pantrigo');
INSERT INTO Write (AuthorID, PaperID) VALUES (1229, 2744);
INSERT INTO Write (AuthorID, PaperID) VALUES (1229, 2904);
INSERT INTO Author (AuthorID, Name) VALUES (1230, 'Yvonne Skalban');
INSERT INTO Write (AuthorID, PaperID) VALUES (1230, 850);
INSERT INTO Write (AuthorID, PaperID) VALUES (1230, 1255);
INSERT INTO Author (AuthorID, Name) VALUES (1231, 'Dario G. Funez');
INSERT INTO Write (AuthorID, PaperID) VALUES (1231, 1367);
INSERT INTO Write (AuthorID, PaperID) VALUES (1231, 1627);
INSERT INTO Author (AuthorID, Name) VALUES (1232, 'Korn&eacute;l G. Mark&oacute;');
INSERT INTO Write (AuthorID, PaperID) VALUES (1232, 642);
INSERT INTO Write (AuthorID, PaperID) VALUES (1232, 2510);
INSERT INTO Author (AuthorID, Name) VALUES (1233, 'Ismat Ara Reshma');
INSERT INTO Write (AuthorID, PaperID) VALUES (1233, 2513);
INSERT INTO Write (AuthorID, PaperID) VALUES (1233, 2806);
INSERT INTO Author (AuthorID, Name) VALUES (1234, 'Wendy Webber Chapman');
INSERT INTO Paper (PaperID, Title, Year, MDate, Key, DOI) VALUES (1823, 'Developing Resources to Assist in Development and Application of NLP to Clinical Texts.', 2012, '2014-09-24', 'conf/clef/Chapman12', 'http://www.clef-initiative.eu/documents/71612/63f1783f-6189-4b38-931d-e70868d1e203');
INSERT INTO Write (AuthorID, PaperID) VALUES (1234, 1823);
INSERT INTO Write (AuthorID, PaperID) VALUES (1234, 2189);
INSERT INTO Author (AuthorID, Name) VALUES (1235, 'Rejwanul Haque');
INSERT INTO Write (AuthorID, PaperID) VALUES (1235, 2484);
INSERT INTO Write (AuthorID, PaperID) VALUES (1235, 3428);
INSERT INTO Author (AuthorID, Name) VALUES (1236, 'Harith T. Al-Jumaily');
INSERT INTO Write (AuthorID, PaperID) VALUES (1236, 1231);
INSERT INTO Write (AuthorID, PaperID) VALUES (1236, 1669);
INSERT INTO Author (AuthorID, Name) VALUES (1237, 'Rinawati');
INSERT INTO Write (AuthorID, PaperID) VALUES (1237, 980);
INSERT INTO Write (AuthorID, PaperID) VALUES (1237, 1893);
INSERT INTO Author (AuthorID, Name) VALUES (1238, 'Jan-Hendrik Scheufen');
INSERT INTO Write (AuthorID, PaperID) VALUES (1238, 2092);
INSERT INTO Write (AuthorID, PaperID) VALUES (1238, 2801);
INSERT INTO Author (AuthorID, Name) VALUES (1239, 'Alistair Moffat');
INSERT INTO Write (AuthorID, PaperID) VALUES (1239, 807);
INSERT INTO Write (AuthorID, PaperID) VALUES (1239, 1680);
INSERT INTO Author (AuthorID, Name) VALUES (1240, 'M&uuml;jdat &Ccedil;etin');
INSERT INTO Paper (PaperID, Title, Year, MDate, Key, DOI) VALUES (760, 'Automated X-Ray Image Annotation - Single versus Ensemble of Support Vector Machines.', 2009, '2017-05-24', 'conf/clef/UnaySOCE09', 'https://doi.org/10.1007/978-3-642-15751-6_30');
INSERT INTO Write (AuthorID, PaperID) VALUES (1240, 760);
INSERT INTO Paper (PaperID, Title, Year, MDate, Key, DOI) VALUES (2200, 'Medical Image Retrieval and Automatic Annotation: VPA-SABANCI at ImageCLEF 2009.', 2009, '2015-12-04', 'conf/clef/UnaySOCE09a', 'http://ceur-ws.org/Vol-1175/CLEF2009wn-ImageCLEF-UnayEt2009.pdf');
INSERT INTO Write (AuthorID, PaperID) VALUES (1240, 2200);
INSERT INTO Author (AuthorID, Name) VALUES (1241, 'Nicola Cancedda');
INSERT INTO Write (AuthorID, PaperID) VALUES (1241, 241);
INSERT INTO Write (AuthorID, PaperID) VALUES (1241, 2814);
INSERT INTO Author (AuthorID, Name) VALUES (1242, 'Paul R. Dixon');
INSERT INTO Write (AuthorID, PaperID) VALUES (1242, 2277);
INSERT INTO Write (AuthorID, PaperID) VALUES (1242, 3289);
INSERT INTO Author (AuthorID, Name) VALUES (1243, 'Meriem Amina Zingla');
INSERT INTO Write (AuthorID, PaperID) VALUES (1243, 658);
INSERT INTO Write (AuthorID, PaperID) VALUES (1243, 1817);
INSERT INTO Author (AuthorID, Name) VALUES (1244, 'Jos&eacute; Palazzo M. de Oliveira');
INSERT INTO Write (AuthorID, PaperID) VALUES (1244, 1071);
INSERT INTO Write (AuthorID, PaperID) VALUES (1244, 1667);
INSERT INTO Author (AuthorID, Name) VALUES (1245, 'Varun Sood');
INSERT INTO Write (AuthorID, PaperID) VALUES (1245, 1196);
INSERT INTO Write (AuthorID, PaperID) VALUES (1245, 1346);
INSERT INTO Author (AuthorID, Name) VALUES (1246, 'Svetlana Soglasnova');
INSERT INTO Write (AuthorID, PaperID) VALUES (1246, 1276);
INSERT INTO Write (AuthorID, PaperID) VALUES (1246, 1290);
INSERT INTO Author (AuthorID, Name) VALUES (1247, 'Covadonga Rodrigo');
INSERT INTO Paper (PaperID, Title, Year, MDate, Key, DOI) VALUES (2007, 'Experiments in Calibration and Validation for Medical Content-Based Images Retrieval.', 2008, '2017-05-24', 'conf/clef/DelgadoRL08', 'https://doi.org/10.1007/978-3-642-04447-2_92');
INSERT INTO Write (AuthorID, PaperID) VALUES (1247, 2007);
INSERT INTO Write (AuthorID, PaperID) VALUES (1247, 3254);
INSERT INTO Author (AuthorID, Name) VALUES (1248, 'Caroline Sporleder');
INSERT INTO Write (AuthorID, PaperID) VALUES (1248, 2849);
INSERT INTO Write (AuthorID, PaperID) VALUES (1248, 3190);
INSERT INTO Author (AuthorID, Name) VALUES (1249, 'Patr&iacute;cia Sousa');
INSERT INTO Write (AuthorID, PaperID) VALUES (1249, 315);
INSERT INTO Write (AuthorID, PaperID) VALUES (1249, 477);
INSERT INTO Author (AuthorID, Name) VALUES (1250, 'Ren&eacute; Schneider');
INSERT INTO Write (AuthorID, PaperID) VALUES (1250, 1807);
INSERT INTO Write (AuthorID, PaperID) VALUES (1250, 2062);
INSERT INTO Author (AuthorID, Name) VALUES (1251, 'Yan Xu');
INSERT INTO Write (AuthorID, PaperID) VALUES (1251, 1490);
INSERT INTO Write (AuthorID, PaperID) VALUES (1251, 2504);
INSERT INTO Author (AuthorID, Name) VALUES (1252, 'Xinhang Song');
INSERT INTO Write (AuthorID, PaperID) VALUES (1252, 1323);
INSERT INTO Write (AuthorID, PaperID) VALUES (1252, 2177);
INSERT INTO Author (AuthorID, Name) VALUES (1253, 'Anne Verroust-Blondet');
INSERT INTO Write (AuthorID, PaperID) VALUES (1253, 1811);
INSERT INTO Write (AuthorID, PaperID) VALUES (1253, 2830);
INSERT INTO Author (AuthorID, Name) VALUES (1254, 'Eric Blaudez');
INSERT INTO Write (AuthorID, PaperID) VALUES (1254, 1042);
INSERT INTO Write (AuthorID, PaperID) VALUES (1254, 2441);
INSERT INTO Author (AuthorID, Name) VALUES (1255, 'Solange de L. Pertile');
INSERT INTO Write (AuthorID, PaperID) VALUES (1255, 1894);
INSERT INTO Write (AuthorID, PaperID) VALUES (1255, 2211);
INSERT INTO Author (AuthorID, Name) VALUES (1256, 'Ricardo Mones');
INSERT INTO Paper (PaperID, Title, Year, MDate, Key, DOI) VALUES (1244, 'Clustering and Retrieval of Spanish News Documents Using Self Organizing Maps.', 2003, '2014-08-15', 'conf/clef/FernandezMDRC03a', 'http://ceur-ws.org/Vol-1169/CLEF2003wn-adhoc-FernandezEt2003.pdf');
INSERT INTO Write (AuthorID, PaperID) VALUES (1256, 1244);
INSERT INTO Paper (PaperID, Title, Year, MDate, Key, DOI) VALUES (1683, 'Experiments with Self Organizing Maps in CLEF 2003.', 2003, '2017-05-24', 'conf/clef/FernandezMDRC03', 'https://doi.org/10.1007/978-3-540-30222-3_34');
INSERT INTO Write (AuthorID, PaperID) VALUES (1256, 1683);
INSERT INTO Author (AuthorID, Name) VALUES (1257, 'Eric Nyberg');
INSERT INTO Write (AuthorID, PaperID) VALUES (1257, 718);
INSERT INTO Write (AuthorID, PaperID) VALUES (1257, 3403);
INSERT INTO Author (AuthorID, Name) VALUES (1258, 'Mahmood Kazi Mohammed');
INSERT INTO Paper (PaperID, Title, Year, MDate, Key, DOI) VALUES (1779, 'Overview of the ImageCLEF 2015 Medical Clustering Task.', 2015, '2015-09-03', 'conf/clef/AminM15', 'http://ceur-ws.org/Vol-1391/inv-pap1-CR.pdf');
INSERT INTO Write (AuthorID, PaperID) VALUES (1258, 1779);
INSERT INTO Write (AuthorID, PaperID) VALUES (1258, 2308);
INSERT INTO Author (AuthorID, Name) VALUES (1259, 'Ritesh Kumar');
INSERT INTO Paper (PaperID, Title, Year, MDate, Key, DOI) VALUES (179, 'Social Book Search Track: ISM@CLEF''16 Suggestion Task.', 2016, '2016-08-11', 'conf/clef/KumarGP16', 'http://ceur-ws.org/Vol-1609/16091130.pdf');
INSERT INTO Write (AuthorID, PaperID) VALUES (1259, 179);
INSERT INTO Paper (PaperID, Title, Year, MDate, Key, DOI) VALUES (1407, 'Social Book Search Track: ISM@INEX''14 Suggestion Task.', 2014, '2014-09-10', 'conf/clef/KumarP14', 'http://ceur-ws.org/Vol-1180/CLEF2014wn-Inex-KumarEt2014.pdf');
INSERT INTO Write (AuthorID, PaperID) VALUES (1259, 1407);
INSERT INTO Author (AuthorID, Name) VALUES (1260, 'Giovanna Roda');
INSERT INTO Write (AuthorID, PaperID) VALUES (1260, 1664);
INSERT INTO Write (AuthorID, PaperID) VALUES (1260, 3412);
INSERT INTO Author (AuthorID, Name) VALUES (1261, 'Tudor-Alexandru Dobrila');
INSERT INTO Write (AuthorID, PaperID) VALUES (1261, 1118);
INSERT INTO Write (AuthorID, PaperID) VALUES (1261, 2221);
INSERT INTO Author (AuthorID, Name) VALUES (1262, 'Halina Kwasnicka');
INSERT INTO Paper (PaperID, Title, Year, MDate, Key, DOI) VALUES (785, 'The Wroclaw University of Technology Participation at ImageCLEF 2010 Photo Annotation Track.', 2010, '2014-09-24', 'conf/clef/StanekMK10', 'http://www.clef-initiative.eu/documents/71612/86374/CLEF2010wn-ImageCLEF-StanekEt2010.pdf');
INSERT INTO Write (AuthorID, PaperID) VALUES (1262, 785);
INSERT INTO Paper (PaperID, Title, Year, MDate, Key, DOI) VALUES (1096, 'Multimodal Photo Retrieval through Finding Similar Documents Enhanced with Visual Clues - a Baseline Method.', 2009, '2014-09-29', 'conf/clef/BrodaPK09', 'http://ceur-ws.org/Vol-1175/CLEF2009wn-ImageCLEF-BrodaEt2009.pdf');
INSERT INTO Write (AuthorID, PaperID) VALUES (1262, 1096);
INSERT INTO Author (AuthorID, Name) VALUES (1263, 'Pilar L&oacute;pez-&Uacute;beda');
INSERT INTO Write (AuthorID, PaperID) VALUES (1263, 160);
INSERT INTO Write (AuthorID, PaperID) VALUES (1263, 1734);
INSERT INTO Author (AuthorID, Name) VALUES (1264, 'S&eacute;bastien Ferr&eacute;');
INSERT INTO Paper (PaperID, Title, Year, MDate, Key, DOI) VALUES (1160, 'squall2sparql: a Translator from Controlled English to Full SPARQL 1.1.', 2013, '2014-09-10', 'conf/clef/Ferre13', 'http://ceur-ws.org/Vol-1179/CLEF2013wn-QALD3-Ferre2013.pdf');
INSERT INTO Write (AuthorID, PaperID) VALUES (1264, 1160);
INSERT INTO Paper (PaperID, Title, Year, MDate, Key, DOI) VALUES (1780, 'Scalewelis: a Scalable Query-based Faceted Search System on Top of SPARQL Endpoints.', 2013, '2014-09-10', 'conf/clef/GuyonvarchF13', 'http://ceur-ws.org/Vol-1179/CLEF2013wn-QALD3-GuyonvarchEt2013.pdf');
INSERT INTO Write (AuthorID, PaperID) VALUES (1264, 1780);
INSERT INTO Author (AuthorID, Name) VALUES (1265, 'Julien Gaillard');
INSERT INTO Write (AuthorID, PaperID) VALUES (1265, 291);
INSERT INTO Write (AuthorID, PaperID) VALUES (1265, 1425);
INSERT INTO Author (AuthorID, Name) VALUES (1266, 'Roxana Teodorescu');
INSERT INTO Write (AuthorID, PaperID) VALUES (1266, 45);
INSERT INTO Write (AuthorID, PaperID) VALUES (1266, 3132);
INSERT INTO Author (AuthorID, Name) VALUES (1267, 'Luciana Bordoni');
INSERT INTO Paper (PaperID, Title, Year, MDate, Key, DOI) VALUES (165, 'Data Compression Approach to Monolingual GIRT Task: an Agnostic Point of View.', 2003, '2014-08-15', 'conf/clef/AlderuccioBL03a', 'http://ceur-ws.org/Vol-1169/CLEF2003wn-DomainSpecific-AlderuccioEt2003.pdf');
INSERT INTO Write (AuthorID, PaperID) VALUES (1267, 165);
INSERT INTO Paper (PaperID, Title, Year, MDate, Key, DOI) VALUES (1061, 'A Data-Compression Approach to the Monolingual GIRT Task: An Agnostic Point of View.', 2003, '2017-05-24', 'conf/clef/AlderuccioBL03', 'https://doi.org/10.1007/978-3-540-30222-3_38');
INSERT INTO Write (AuthorID, PaperID) VALUES (1267, 1061);
INSERT INTO Author (AuthorID, Name) VALUES (1268, 'Tsvetomila Mihaylova');
INSERT INTO Write (AuthorID, PaperID) VALUES (1268, 659);
INSERT INTO Write (AuthorID, PaperID) VALUES (1268, 1105);
INSERT INTO Author (AuthorID, Name) VALUES (1269, 'Chun Hua Zhao');
INSERT INTO Write (AuthorID, PaperID) VALUES (1269, 343);
INSERT INTO Write (AuthorID, PaperID) VALUES (1269, 1565);
INSERT INTO Author (AuthorID, Name) VALUES (1270, 'Arnold W. M. Smeulders');
INSERT INTO Write (AuthorID, PaperID) VALUES (1270, 1882);
INSERT INTO Write (AuthorID, PaperID) VALUES (1270, 1978);
INSERT INTO Author (AuthorID, Name) VALUES (1271, 'Qianqian Lu');
INSERT INTO Paper (PaperID, Title, Year, MDate, Key, DOI) VALUES (288, 'IMU @ ImageCLEF 2012.', 2012, '2014-09-24', 'conf/clef/YanWGL12', 'http://www.clef-initiative.eu/documents/71612/2309d94f-153d-4064-bb50-e662de32b95d');
INSERT INTO Write (AuthorID, PaperID) VALUES (1271, 288);
INSERT INTO Paper (PaperID, Title, Year, MDate, Key, DOI) VALUES (1050, 'Hidden Markov Model for Term Weighting in Verbose Queries.', 2012, '2017-05-24', 'conf/clef/YanGSWZL12', 'https://doi.org/10.1007/978-3-642-33247-0_10');
INSERT INTO Write (AuthorID, PaperID) VALUES (1271, 1050);
INSERT INTO Author (AuthorID, Name) VALUES (1272, 'Eugene Charniak');
INSERT INTO Paper (PaperID, Title, Year, MDate, Key, DOI) VALUES (1937, 'A Dirichlet-Smoothed Bigram Model for Retrieving Spontaneous Speech.', 2007, '2017-06-02', 'conf/clef/LeaseC07', 'https://doi.org/10.1007/978-3-540-85760-0_87');
INSERT INTO Write (AuthorID, PaperID) VALUES (1272, 1937);
INSERT INTO Paper (PaperID, Title, Year, MDate, Key, DOI) VALUES (2756, 'Brown at CL-SR''07: Retrieving Conversational Speech in English and Czech.', 2007, '2014-09-23', 'conf/clef/LeaseC07a', 'http://ceur-ws.org/Vol-1173/CLEF2007wn-CLSR-LeaseEt2007.pdf');
INSERT INTO Write (AuthorID, PaperID) VALUES (1272, 2756);
INSERT INTO Author (AuthorID, Name) VALUES (1273, 'Franciska M. G. de Jong');
INSERT INTO Write (AuthorID, PaperID) VALUES (1273, 169);
INSERT INTO Write (AuthorID, PaperID) VALUES (1273, 2605);
INSERT INTO Author (AuthorID, Name) VALUES (1274, 'Reynier Ortega Bueno');
INSERT INTO Write (AuthorID, PaperID) VALUES (1274, 217);
INSERT INTO Write (AuthorID, PaperID) VALUES (1274, 2345);
INSERT INTO Author (AuthorID, Name) VALUES (1275, 'Avinash Kamineni');
INSERT INTO Write (AuthorID, PaperID) VALUES (1275, 2951);
INSERT INTO Write (AuthorID, PaperID) VALUES (1275, 3025);
INSERT INTO Author (AuthorID, Name) VALUES (1276, 'Javad Rafiei');
INSERT INTO Write (AuthorID, PaperID) VALUES (1276, 459);
INSERT INTO Write (AuthorID, PaperID) VALUES (1276, 2255);
INSERT INTO Author (AuthorID, Name) VALUES (1277, 'Ivandr&eacute; Paraboni');
INSERT INTO Paper (PaperID, Title, Year, MDate, Key, DOI) VALUES (282, 'EACH-USP Ensemble Cross-domain Authorship Attribution: Notebook for PAN at CLEF 2018.', 2018, '2018-08-08', 'conf/clef/CustodioP18', 'http://ceur-ws.org/Vol-2125/paper_76.pdf');
INSERT INTO Write (AuthorID, PaperID) VALUES (1277, 282);
INSERT INTO Paper (PaperID, Title, Year, MDate, Key, DOI) VALUES (381, 'Author Profiling using Word Embeddings with Subword Information: Notebook for PAN at CLEF 2018.', 2018, '2018-08-08', 'conf/clef/DiasP18', 'http://ceur-ws.org/Vol-2125/paper_97.pdf');
INSERT INTO Write (AuthorID, PaperID) VALUES (1277, 381);
INSERT INTO Author (AuthorID, Name) VALUES (1278, 'Chia-Wei Ku');
INSERT INTO Write (AuthorID, PaperID) VALUES (1278, 3171);
INSERT INTO Write (AuthorID, PaperID) VALUES (1278, 3350);
INSERT INTO Author (AuthorID, Name) VALUES (1279, 'Heiko Schuldt');
INSERT INTO Paper (PaperID, Title, Year, MDate, Key, DOI) VALUES (231, 'Speeding up IDM without Degradation of Retrieval Quality.', 2007, '2014-09-23', 'conf/clef/SpringmannS07a', 'http://ceur-ws.org/Vol-1173/CLEF2007wn-ImageCLEF-SpringmannEt2007.pdf');
INSERT INTO Write (AuthorID, PaperID) VALUES (1279, 231);
INSERT INTO Paper (PaperID, Title, Year, MDate, Key, DOI) VALUES (415, 'Speeding Up IDM without Degradation of Retrieval Quality.', 2007, '2017-05-24', 'conf/clef/SpringmannS07', 'https://doi.org/10.1007/978-3-540-85760-0_77');
INSERT INTO Write (AuthorID, PaperID) VALUES (1279, 415);
INSERT INTO Author (AuthorID, Name) VALUES (1280, 'Tiantian Liu');
INSERT INTO Write (AuthorID, PaperID) VALUES (1280, 343);
INSERT INTO Write (AuthorID, PaperID) VALUES (1280, 1565);
INSERT INTO Author (AuthorID, Name) VALUES (1281, 'Xu Zhang');
INSERT INTO Write (AuthorID, PaperID) VALUES (1281, 1125);
INSERT INTO Write (AuthorID, PaperID) VALUES (1281, 2065);
INSERT INTO Author (AuthorID, Name) VALUES (1282, 'Michela Bacchin');
INSERT INTO Write (AuthorID, PaperID) VALUES (1282, 277);
INSERT INTO Write (AuthorID, PaperID) VALUES (1282, 3287);
INSERT INTO Author (AuthorID, Name) VALUES (1283, 'Ragia Ibrahim');
INSERT INTO Paper (PaperID, Title, Year, MDate, Key, DOI) VALUES (86, 'Medical Image Retrieval: ISSR at CLEF 2009.', 2009, '2014-09-29', 'conf/clef/ArafaI09a', 'http://ceur-ws.org/Vol-1175/CLEF2009wn-ImageCLEF-ArafaEt2009.pdf');
INSERT INTO Write (AuthorID, PaperID) VALUES (1283, 86);
INSERT INTO Paper (PaperID, Title, Year, MDate, Key, DOI) VALUES (2443, 'Medical Image Retrieval: ISSR at CLEF 2009.', 2009, '2017-05-24', 'conf/clef/ArafaI09', 'https://doi.org/10.1007/978-3-642-15751-6_22');
INSERT INTO Write (AuthorID, PaperID) VALUES (1283, 2443);
INSERT INTO Author (AuthorID, Name) VALUES (1284, 'Vundavalli Srinivasarao');
INSERT INTO Paper (PaperID, Title, Year, MDate, Key, DOI) VALUES (1989, 'Mining the Behaviour of Users in a Multilingual Information Access Task.', 2008, '2014-09-29', 'conf/clef/Srinivasarao08', 'http://ceur-ws.org/Vol-1174/CLEF2008wn-iCLEF-Vundavalli2008.pdf');
INSERT INTO Write (AuthorID, PaperID) VALUES (1284, 1989);
INSERT INTO Paper (PaperID, Title, Year, MDate, Key, DOI) VALUES (2746, 'IIIT-H at ImageCLEF Wikipedia MM 2009.', 2009, '2014-09-29', 'conf/clef/Srinivasarao09', 'http://ceur-ws.org/Vol-1175/CLEF2009wn-ImageCLEF-Vundavalli2009.pdf');
INSERT INTO Write (AuthorID, PaperID) VALUES (1284, 2746);
INSERT INTO Author (AuthorID, Name) VALUES (1285, 'Elzbieta Dura');
INSERT INTO Paper (PaperID, Title, Year, MDate, Key, DOI) VALUES (1410, 'Information Retrieval based on Explicit Knowledge Representation.', 2002, '2014-08-15', 'conf/clef/DuraD02a', 'http://ceur-ws.org/Vol-1168/CLEF2002wn-adhoc-DuraEt2002.pdf');
INSERT INTO Write (AuthorID, PaperID) VALUES (1285, 1410);
INSERT INTO Paper (PaperID, Title, Year, MDate, Key, DOI) VALUES (2645, 'Information Retrieval with Language Knowledge.', 2002, '2017-05-24', 'conf/clef/DuraD02', 'https://doi.org/10.1007/978-3-540-45237-9_29');
INSERT INTO Write (AuthorID, PaperID) VALUES (1285, 2645);
INSERT INTO Author (AuthorID, Name) VALUES (1286, 'Jean-Christophe Lombardo');
INSERT INTO Write (AuthorID, PaperID) VALUES (1286, 1140);
INSERT INTO Write (AuthorID, PaperID) VALUES (1286, 2437);
INSERT INTO Author (AuthorID, Name) VALUES (1287, 'Desislava Petkova');
INSERT INTO Paper (PaperID, Title, Year, MDate, Key, DOI) VALUES (2369, 'A Clustered Retrieval Approach for Categorizing and Annotating Images.', 2005, '2017-05-24', 'conf/clef/BallesterosP05', 'https://doi.org/10.1007/11878773_73');
INSERT INTO Write (AuthorID, PaperID) VALUES (1287, 2369);
INSERT INTO Paper (PaperID, Title, Year, MDate, Key, DOI) VALUES (2986, 'Categorizing and Annotating Medical Images by Retrieving Terms Relevant to Visual Features.', 2005, '2014-08-15', 'conf/clef/PetkovaB05', 'http://ceur-ws.org/Vol-1171/CLEF2005wn-ImageCLEF-PetkovaEt2005.pdf');
INSERT INTO Write (AuthorID, PaperID) VALUES (1287, 2986);
INSERT INTO Author (AuthorID, Name) VALUES (1288, 'Tomoki Taniguchi');
INSERT INTO Paper (PaperID, Title, Year, MDate, Key, DOI) VALUES (771, 'Text and Image Synergy with Feature Cross Technique for Gender Identification: Notebook for PAN at CLEF 2018.', 2018, '2018-08-08', 'conf/clef/TakahashiTNMTO18', 'http://ceur-ws.org/Vol-2125/paper_83.pdf');
INSERT INTO Write (AuthorID, PaperID) VALUES (1288, 771);
INSERT INTO Paper (PaperID, Title, Year, MDate, Key, DOI) VALUES (802, 'Author Profiling with Word+Character Neural Attention Network.', 2017, '2017-08-15', 'conf/clef/MiuraTTO17', 'http://ceur-ws.org/Vol-1866/paper_90.pdf');
INSERT INTO Write (AuthorID, PaperID) VALUES (1288, 802);
INSERT INTO Author (AuthorID, Name) VALUES (1289, 'Stuart Shapiro');
INSERT INTO Write (AuthorID, PaperID) VALUES (1289, 1999);
INSERT INTO Write (AuthorID, PaperID) VALUES (1289, 2838);
INSERT INTO Author (AuthorID, Name) VALUES (1290, 'Micheline Beaulieu');
INSERT INTO Write (AuthorID, PaperID) VALUES (1290, 1646);
INSERT INTO Write (AuthorID, PaperID) VALUES (1290, 2491);
INSERT INTO Author (AuthorID, Name) VALUES (1291, 'Roberto Tronci');
INSERT INTO Write (AuthorID, PaperID) VALUES (1291, 1968);
INSERT INTO Write (AuthorID, PaperID) VALUES (1291, 2600);
INSERT INTO Author (AuthorID, Name) VALUES (1292, 'Xuwen Wang');
INSERT INTO Paper (PaperID, Title, Year, MDate, Key, DOI) VALUES (80, 'A Web-Based CLIR System with Cross-Lingual Topical Pseudo Relevance Feedback.', 2013, '2017-05-24', 'conf/clef/WangWZ13', 'https://doi.org/10.1007/978-3-642-40802-1_13');
INSERT INTO Write (AuthorID, PaperID) VALUES (1292, 80);
INSERT INTO Paper (PaperID, Title, Year, MDate, Key, DOI) VALUES (939, 'ImageSem at ImageCLEF 2018 Caption Task: Image Retrieval and Transfer Learning.', 2018, '2018-08-08', 'conf/clef/WangZGL18', 'http://ceur-ws.org/Vol-2125/paper_129.pdf');
INSERT INTO Write (AuthorID, PaperID) VALUES (1292, 939);
INSERT INTO Author (AuthorID, Name) VALUES (1293, 'Teerapong Leelanupab');
INSERT INTO Write (AuthorID, PaperID) VALUES (1293, 2515);
INSERT INTO Write (AuthorID, PaperID) VALUES (1293, 2765);
INSERT INTO Author (AuthorID, Name) VALUES (1294, 'Hendrik Vincent Koops');
INSERT INTO Paper (PaperID, Title, Year, MDate, Key, DOI) VALUES (1603, 'A Deep Neural Network Approach to the LifeCLEF 2014 Bird Task.', 2014, '2014-09-10', 'conf/clef/KoopsBW14', 'http://ceur-ws.org/Vol-1180/CLEF2014wn-Life-KoopsEt2014.pdf');
INSERT INTO Write (AuthorID, PaperID) VALUES (1294, 1603);
INSERT INTO Paper (PaperID, Title, Year, MDate, Key, DOI) VALUES (2674, 'Automatic Segmentation and Deep Learning of Bird Sounds.', 2015, '2017-05-24', 'conf/clef/KoopsBW15', 'https://doi.org/10.1007/978-3-319-24027-5_26');
INSERT INTO Write (AuthorID, PaperID) VALUES (1294, 2674);
INSERT INTO Author (AuthorID, Name) VALUES (1295, 'Akira Maeda');
INSERT INTO Paper (PaperID, Title, Year, MDate, Key, DOI) VALUES (2508, 'Query Expansion Techniques for the CLEF Bilingual Track.', 2001, '2017-05-24', 'conf/clef/SadatMYU01', 'https://doi.org/10.1007/3-540-45691-0_15');
INSERT INTO Write (AuthorID, PaperID) VALUES (1295, 2508);
INSERT INTO Paper (PaperID, Title, Year, MDate, Key, DOI) VALUES (3101, 'Query Expansion Techniques for the CLEF Bilingual Track.', 2001, '2014-08-15', 'conf/clef/SadatMYU01a', 'http://ceur-ws.org/Vol-1167/CLEF2001wn-adhoc-SadatEt2001.pdf');
INSERT INTO Write (AuthorID, PaperID) VALUES (1295, 3101);
INSERT INTO Author (AuthorID, Name) VALUES (1296, 'Guillaume Bourdil');
INSERT INTO Write (AuthorID, PaperID) VALUES (1296, 601);
INSERT INTO Write (AuthorID, PaperID) VALUES (1296, 1940);
INSERT INTO Author (AuthorID, Name) VALUES (1297, 'Kalyankumar Datta');
INSERT INTO Write (AuthorID, PaperID) VALUES (1297, 178);
INSERT INTO Write (AuthorID, PaperID) VALUES (1297, 2764);
INSERT INTO Author (AuthorID, Name) VALUES (1298, 'Antonio S. Montemayor');
INSERT INTO Write (AuthorID, PaperID) VALUES (1298, 2744);
INSERT INTO Write (AuthorID, PaperID) VALUES (1298, 2904);
INSERT INTO Author (AuthorID, Name) VALUES (1299, 'Jagadeesh Jagarlamudi');
INSERT INTO Write (AuthorID, PaperID) VALUES (1299, 70);
INSERT INTO Write (AuthorID, PaperID) VALUES (1299, 2503);
INSERT INTO Author (AuthorID, Name) VALUES (1300, 'Laura Tolosi');
INSERT INTO Write (AuthorID, PaperID) VALUES (1300, 2998);
INSERT INTO Write (AuthorID, PaperID) VALUES (1300, 3117);
INSERT INTO Author (AuthorID, Name) VALUES (1301, 'David Cruz');
INSERT INTO Write (AuthorID, PaperID) VALUES (1301, 36);
INSERT INTO Write (AuthorID, PaperID) VALUES (1301, 562);
INSERT INTO Author (AuthorID, Name) VALUES (1302, 'John Judge');
INSERT INTO Write (AuthorID, PaperID) VALUES (1302, 1045);
INSERT INTO Write (AuthorID, PaperID) VALUES (1302, 1174);
INSERT INTO Author (AuthorID, Name) VALUES (1303, 'Daniel Racoceanu');
INSERT INTO Write (AuthorID, PaperID) VALUES (1303, 45);
INSERT INTO Write (AuthorID, PaperID) VALUES (1303, 3132);
INSERT INTO Author (AuthorID, Name) VALUES (1304, 'Wouter Weerkamp');
INSERT INTO Write (AuthorID, PaperID) VALUES (1304, 1125);
INSERT INTO Write (AuthorID, PaperID) VALUES (1304, 2065);
INSERT INTO Author (AuthorID, Name) VALUES (1305, 'Mariam Tariq');
INSERT INTO Write (AuthorID, PaperID) VALUES (1305, 2921);
INSERT INTO Write (AuthorID, PaperID) VALUES (1305, 2991);
INSERT INTO Author (AuthorID, Name) VALUES (1306, 'Asif Ekbal');
INSERT INTO Write (AuthorID, PaperID) VALUES (1306, 2484);
INSERT INTO Write (AuthorID, PaperID) VALUES (1306, 3428);
INSERT INTO Author (AuthorID, Name) VALUES (1307, 'Zhi Zhou');
INSERT INTO Write (AuthorID, PaperID) VALUES (1307, 26);
INSERT INTO Write (AuthorID, PaperID) VALUES (1307, 1699);
INSERT INTO Author (AuthorID, Name) VALUES (1308, 'Natalia Grabar');
INSERT INTO Write (AuthorID, PaperID) VALUES (1308, 527);
INSERT INTO Write (AuthorID, PaperID) VALUES (1308, 3189);
INSERT INTO Author (AuthorID, Name) VALUES (1309, 'Qi Li');
INSERT INTO Write (AuthorID, PaperID) VALUES (1309, 2670);
INSERT INTO Write (AuthorID, PaperID) VALUES (1309, 2675);
INSERT INTO Author (AuthorID, Name) VALUES (1310, 'Estela Saquete Bor&oacute;');
INSERT INTO Write (AuthorID, PaperID) VALUES (1310, 112);
INSERT INTO Write (AuthorID, PaperID) VALUES (1310, 1239);
INSERT INTO Author (AuthorID, Name) VALUES (1311, 'Tiphaine Dalmas');
INSERT INTO Write (AuthorID, PaperID) VALUES (1311, 1114);
INSERT INTO Write (AuthorID, PaperID) VALUES (1311, 1188);
INSERT INTO Author (AuthorID, Name) VALUES (1312, 'Nils Pharo');
INSERT INTO Write (AuthorID, PaperID) VALUES (1312, 1043);
INSERT INTO Paper (PaperID, Title, Year, MDate, Key, DOI) VALUES (3202, 'Seven Years of INEX Interactive Retrieval Experiments - Lessons and Challenges.', 2012, '2017-06-02', 'conf/clef/NordlieP12', 'https://doi.org/10.1007/978-3-642-33247-0_2');
INSERT INTO Write (AuthorID, PaperID) VALUES (1312, 3202);
INSERT INTO Author (AuthorID, Name) VALUES (1313, 'Daniel Hienert');
INSERT INTO Write (AuthorID, PaperID) VALUES (1313, 2149);
INSERT INTO Paper (PaperID, Title, Year, MDate, Key, DOI) VALUES (2381, 'Data Requirements for Evaluation of Personalization of Information Retrieval. A Position Paper.', 2017, '2017-08-15', 'conf/clef/BelkinHMS17', 'http://ceur-ws.org/Vol-1866/paper_193.pdf');
INSERT INTO Write (AuthorID, PaperID) VALUES (1313, 2381);
INSERT INTO Author (AuthorID, Name) VALUES (1314, 'Jakob Grue Simonsen');
INSERT INTO Write (AuthorID, PaperID) VALUES (1314, 1618);
INSERT INTO Write (AuthorID, PaperID) VALUES (1314, 2529);
INSERT INTO Author (AuthorID, Name) VALUES (1315, 'Oier Lopez de Lacalle');
INSERT INTO Write (AuthorID, PaperID) VALUES (1315, 194);
INSERT INTO Write (AuthorID, PaperID) VALUES (1315, 2580);
INSERT INTO Author (AuthorID, Name) VALUES (1316, 'Ergina Kavallieratou');
INSERT INTO Paper (PaperID, Title, Year, MDate, Key, DOI) VALUES (470, 'Concept Detection on Medical Images using Deep Residual Learning Network.', 2017, '2017-08-15', 'conf/clef/KatsiosK17', 'http://ceur-ws.org/Vol-1866/paper_122.pdf');
INSERT INTO Write (AuthorID, PaperID) VALUES (1316, 470);
INSERT INTO Paper (PaperID, Title, Year, MDate, Key, DOI) VALUES (860, 'Retrieving Events in Life Logging.', 2018, '2019-03-07', 'conf/clef/KavallieratoudC18', 'http://ceur-ws.org/Vol-2125/paper_86.pdf');
INSERT INTO Write (AuthorID, PaperID) VALUES (1316, 860);
INSERT INTO Author (AuthorID, Name) VALUES (1317, 'Ren&eacute;e Pohlmann');
INSERT INTO Write (AuthorID, PaperID) VALUES (1317, 1766);
INSERT INTO Write (AuthorID, PaperID) VALUES (1317, 1815);
INSERT INTO Author (AuthorID, Name) VALUES (1318, 'Irina Matveeva');
INSERT INTO Write (AuthorID, PaperID) VALUES (1318, 990);
INSERT INTO Write (AuthorID, PaperID) VALUES (1318, 1892);
INSERT INTO Author (AuthorID, Name) VALUES (1319, 'Roberto Turrin');
INSERT INTO Write (AuthorID, PaperID) VALUES (1319, 829);
INSERT INTO Write (AuthorID, PaperID) VALUES (1319, 1093);
INSERT INTO Author (AuthorID, Name) VALUES (1320, 'Jes&uacute;s A. Gonz&aacute;lez');
INSERT INTO Write (AuthorID, PaperID) VALUES (1320, 550);
INSERT INTO Write (AuthorID, PaperID) VALUES (1320, 2104);
INSERT INTO Author (AuthorID, Name) VALUES (1321, 'Diego Moll&aacute;');
INSERT INTO Write (AuthorID, PaperID) VALUES (1321, 1760);
INSERT INTO Write (AuthorID, PaperID) VALUES (1321, 2502);
INSERT INTO Author (AuthorID, Name) VALUES (1322, 'Cuixia Du');
INSERT INTO Write (AuthorID, PaperID) VALUES (1322, 267);
INSERT INTO Write (AuthorID, PaperID) VALUES (1322, 1918);
INSERT INTO Author (AuthorID, Name) VALUES (1323, 'Zsuzsa Weiner');
INSERT INTO Write (AuthorID, PaperID) VALUES (1323, 1746);
INSERT INTO Write (AuthorID, PaperID) VALUES (1323, 2259);
INSERT INTO Author (AuthorID, Name) VALUES (1324, 'Joshua C. Denny');
INSERT INTO Write (AuthorID, PaperID) VALUES (1324, 347);
INSERT INTO Write (AuthorID, PaperID) VALUES (1324, 1018);
INSERT INTO Author (AuthorID, Name) VALUES (1325, 'Yahya Slimani');
INSERT INTO Write (AuthorID, PaperID) VALUES (1325, 658);
INSERT INTO Write (AuthorID, PaperID) VALUES (1325, 1817);
INSERT INTO Author (AuthorID, Name) VALUES (1326, 'Farah Benamara');
INSERT INTO Write (AuthorID, PaperID) VALUES (1326, 811);
INSERT INTO Write (AuthorID, PaperID) VALUES (1326, 3140);
INSERT INTO Author (AuthorID, Name) VALUES (1327, 'Robert B. Fisher');
INSERT INTO Write (AuthorID, PaperID) VALUES (1327, 596);
INSERT INTO Write (AuthorID, PaperID) VALUES (1327, 1269);
INSERT INTO Author (AuthorID, Name) VALUES (1328, 'Rahil Garnavi');
INSERT INTO Paper (PaperID, Title, Year, MDate, Key, DOI) VALUES (2630, 'IBM Research Australia at LifeCLEF2014: Plant Identification Task.', 2014, '2014-09-10', 'conf/clef/ChenAGL14', 'http://ceur-ws.org/Vol-1180/CLEF2014wn-Life-ChenEt2014.pdf');
INSERT INTO Write (AuthorID, PaperID) VALUES (1328, 2630);
INSERT INTO Paper (PaperID, Title, Year, MDate, Key, DOI) VALUES (2892, 'IBM Research at Image CLEF 2015: Medical Clustering Task.', 2015, '2016-06-22', 'conf/clef/SedaiLACCG15', 'http://ceur-ws.org/Vol-1391/56-CR.pdf');
INSERT INTO Write (AuthorID, PaperID) VALUES (1328, 2892);
INSERT INTO Author (AuthorID, Name) VALUES (1329, 'Caroline Barri&egrave;re');
INSERT INTO Write (AuthorID, PaperID) VALUES (1329, 340);
INSERT INTO Write (AuthorID, PaperID) VALUES (1329, 3196);
INSERT INTO Author (AuthorID, Name) VALUES (1330, 'Am&eacute;lie Imafouo');
INSERT INTO Write (AuthorID, PaperID) VALUES (1330, 147);
INSERT INTO Write (AuthorID, PaperID) VALUES (1330, 441);
INSERT INTO Author (AuthorID, Name) VALUES (1331, 'Victoria Elizalde');
INSERT INTO Paper (PaperID, Title, Year, MDate, Key, DOI) VALUES (2239, 'Using Noun Phrases and Tf-idf for Plagiarized Document Retrieval.', 2014, '2014-09-10', 'conf/clef/Elizalde14', 'http://ceur-ws.org/Vol-1180/CLEF2014wn-Pan-Elizalde2014.pdf');
INSERT INTO Write (AuthorID, PaperID) VALUES (1331, 2239);
INSERT INTO Paper (PaperID, Title, Year, MDate, Key, DOI) VALUES (3111, 'Using Statistic and Semantic Analysis to Detect Plagiarism Notebook for PAN at CLEF 2013.', 2013, '2014-09-10', 'conf/clef/Elizalde13', 'http://ceur-ws.org/Vol-1179/CLEF2013wn-PAN-Elizalde2013.pdf');
INSERT INTO Write (AuthorID, PaperID) VALUES (1331, 3111);
INSERT INTO Author (AuthorID, Name) VALUES (1332, 'Laurens van der Werff');
INSERT INTO Write (AuthorID, PaperID) VALUES (1332, 2041);
INSERT INTO Write (AuthorID, PaperID) VALUES (1332, 3199);
INSERT INTO Author (AuthorID, Name) VALUES (1333, 'Julie Budaher');
INSERT INTO Write (AuthorID, PaperID) VALUES (1333, 144);
INSERT INTO Write (AuthorID, PaperID) VALUES (1333, 2059);
INSERT INTO Author (AuthorID, Name) VALUES (1334, 'Andi Rexha');
INSERT INTO Write (AuthorID, PaperID) VALUES (1334, 520);
INSERT INTO Write (AuthorID, PaperID) VALUES (1334, 2366);
INSERT INTO Author (AuthorID, Name) VALUES (1335, 'John Anton Chrisostom Ronald');
INSERT INTO Write (AuthorID, PaperID) VALUES (1335, 224);
INSERT INTO Write (AuthorID, PaperID) VALUES (1335, 1544);
INSERT INTO Author (AuthorID, Name) VALUES (1336, 'Max Mignotte');
INSERT INTO Write (AuthorID, PaperID) VALUES (1336, 2181);
INSERT INTO Write (AuthorID, PaperID) VALUES (1336, 3408);
INSERT INTO Author (AuthorID, Name) VALUES (1337, 'Alecsandru Grigoriu');
INSERT INTO Write (AuthorID, PaperID) VALUES (1337, 1593);
INSERT INTO Write (AuthorID, PaperID) VALUES (1337, 1841);
INSERT INTO Author (AuthorID, Name) VALUES (1338, 'Piek Vossen');
INSERT INTO Write (AuthorID, PaperID) VALUES (1338, 194);
INSERT INTO Write (AuthorID, PaperID) VALUES (1338, 2580);
INSERT INTO Author (AuthorID, Name) VALUES (1339, 'George-Razvan Oancea');
INSERT INTO Write (AuthorID, PaperID) VALUES (1339, 3012);
INSERT INTO Write (AuthorID, PaperID) VALUES (1339, 3440);
INSERT INTO Author (AuthorID, Name) VALUES (1340, 'Concepci&oacute;n Polo-Bayo');
INSERT INTO Write (AuthorID, PaperID) VALUES (1340, 2141);
INSERT INTO Write (AuthorID, PaperID) VALUES (1340, 3527);
INSERT INTO Author (AuthorID, Name) VALUES (1341, 'Xiaolong Wang 0006');
INSERT INTO Write (AuthorID, PaperID) VALUES (1341, 69);
INSERT INTO Write (AuthorID, PaperID) VALUES (1341, 3427);
INSERT INTO Author (AuthorID, Name) VALUES (1342, 'Brandon Iles');
INSERT INTO Write (AuthorID, PaperID) VALUES (1342, 2246);
INSERT INTO Write (AuthorID, PaperID) VALUES (1342, 3528);
INSERT INTO Author (AuthorID, Name) VALUES (1343, 'Gary Geunbae Lee');
INSERT INTO Write (AuthorID, PaperID) VALUES (1343, 551);
INSERT INTO Write (AuthorID, PaperID) VALUES (1343, 2012);
INSERT INTO Author (AuthorID, Name) VALUES (1344, 'Jesus A. Gonzalez');
INSERT INTO Write (AuthorID, PaperID) VALUES (1344, 2075);
INSERT INTO Write (AuthorID, PaperID) VALUES (1344, 2317);
INSERT INTO Author (AuthorID, Name) VALUES (1345, 'Santanu Pal');
INSERT INTO Write (AuthorID, PaperID) VALUES (1345, 2150);
INSERT INTO Write (AuthorID, PaperID) VALUES (1345, 2666);
INSERT INTO Author (AuthorID, Name) VALUES (1346, 'Khaled F. Shaalan');
INSERT INTO Write (AuthorID, PaperID) VALUES (1346, 2320);
INSERT INTO Write (AuthorID, PaperID) VALUES (1346, 2567);
INSERT INTO Author (AuthorID, Name) VALUES (1347, 'Jurica Seva');
INSERT INTO Write (AuthorID, PaperID) VALUES (1347, 113);
INSERT INTO Write (AuthorID, PaperID) VALUES (1347, 3298);
INSERT INTO Author (AuthorID, Name) VALUES (1348, 'M. A. Garc&iacute;a');
INSERT INTO Write (AuthorID, PaperID) VALUES (1348, 1368);
INSERT INTO Write (AuthorID, PaperID) VALUES (1348, 2429);
INSERT INTO Author (AuthorID, Name) VALUES (1349, 'S. V. Ramanan');
INSERT INTO Paper (PaperID, Title, Year, MDate, Key, DOI) VALUES (2915, 'Cocoa: Extending a Rule-based System to Tag Disease Attributes in Clinical Records.', 2014, '2014-09-10', 'conf/clef/RamananN14', 'http://ceur-ws.org/Vol-1180/CLEF2014wn-eHealth-RamananEt2014.pdf');
INSERT INTO Write (AuthorID, PaperID) VALUES (1349, 2915);
INSERT INTO Paper (PaperID, Title, Year, MDate, Key, DOI) VALUES (3059, 'Performance of a Multi-class Biomedical Tagger on Clinical Records.', 2013, '2014-09-10', 'conf/clef/RamananBN13', 'http://ceur-ws.org/Vol-1179/CLEF2013wn-CLEFeHealth-RamananEt2013.pdf');
INSERT INTO Write (AuthorID, PaperID) VALUES (1349, 3059);
INSERT INTO Author (AuthorID, Name) VALUES (1350, 'Fionn Murtagh');
INSERT INTO Paper (PaperID, Title, Year, MDate, Key, DOI) VALUES (725, 'Semantic Mapping: Towards Contextual and Trend Analysis of Behaviours and Practices.', 2016, '2016-08-11', 'conf/clef/Murtagh16', 'http://ceur-ws.org/Vol-1609/16091207.pdf');
INSERT INTO Write (AuthorID, PaperID) VALUES (1350, 725);
INSERT INTO Write (AuthorID, PaperID) VALUES (1350, 1436);
INSERT INTO Author (AuthorID, Name) VALUES (1351, 'Gunnar Eriksson');
INSERT INTO Paper (PaperID, Title, Year, MDate, Key, DOI) VALUES (248, 'Shadow Answers as an Intermediary in Email Answer Retrieval.', 2015, '2017-05-24', 'conf/clef/AlfalahiES15', 'https://doi.org/10.1007/978-3-319-24027-5_18');
INSERT INTO Write (AuthorID, PaperID) VALUES (1351, 248);
INSERT INTO Write (AuthorID, PaperID) VALUES (1351, 2582);
INSERT INTO Author (AuthorID, Name) VALUES (1352, 'Mario Jarmasz');
INSERT INTO Write (AuthorID, PaperID) VALUES (1352, 340);
INSERT INTO Write (AuthorID, PaperID) VALUES (1352, 3196);
INSERT INTO Author (AuthorID, Name) VALUES (1353, 'Yusuke Kamoi');
INSERT INTO Write (AuthorID, PaperID) VALUES (1353, 981);
INSERT INTO Write (AuthorID, PaperID) VALUES (1353, 2926);
INSERT INTO Author (AuthorID, Name) VALUES (1354, 'B&aacute;lint P&aacute;l T&oacute;th');
INSERT INTO Paper (PaperID, Title, Year, MDate, Key, DOI) VALUES (2661, 'Convolutional Neural Networks for Large-Scale Bird Song Classification in Noisy Environment.', 2016, '2016-08-11', 'conf/clef/TothC16', 'http://ceur-ws.org/Vol-1609/16090560.pdf');
INSERT INTO Write (AuthorID, PaperID) VALUES (1354, 2661);
INSERT INTO Write (AuthorID, PaperID) VALUES (1354, 3526);
INSERT INTO Author (AuthorID, Name) VALUES (1355, 'Raquel Mart&iacute;nez-Unanue');
INSERT INTO Write (AuthorID, PaperID) VALUES (1355, 2744);
INSERT INTO Write (AuthorID, PaperID) VALUES (1355, 2904);
INSERT INTO Author (AuthorID, Name) VALUES (1356, 'Hen-Hsen Huang');
INSERT INTO Write (AuthorID, PaperID) VALUES (1356, 1246);
INSERT INTO Write (AuthorID, PaperID) VALUES (1356, 3188);
INSERT INTO Author (AuthorID, Name) VALUES (1357, 'Yonghui Wu');
INSERT INTO Write (AuthorID, PaperID) VALUES (1357, 347);
INSERT INTO Write (AuthorID, PaperID) VALUES (1357, 1018);
INSERT INTO Author (AuthorID, Name) VALUES (1358, 'Gang Yang 0001');
INSERT INTO Write (AuthorID, PaperID) VALUES (1358, 269);
INSERT INTO Write (AuthorID, PaperID) VALUES (1358, 3292);
INSERT INTO Author (AuthorID, Name) VALUES (1359, 'June M. Abbas');
INSERT INTO Write (AuthorID, PaperID) VALUES (1359, 1999);
INSERT INTO Write (AuthorID, PaperID) VALUES (1359, 2838);
INSERT INTO Author (AuthorID, Name) VALUES (1360, 'Yoshiki Niwa');
INSERT INTO Write (AuthorID, PaperID) VALUES (1360, 815);
INSERT INTO Write (AuthorID, PaperID) VALUES (1360, 1737);
INSERT INTO Author (AuthorID, Name) VALUES (1361, 'Elyashiv Shayovitz');
INSERT INTO Write (AuthorID, PaperID) VALUES (1361, 2194);
INSERT INTO Write (AuthorID, PaperID) VALUES (1361, 2683);
INSERT INTO Author (AuthorID, Name) VALUES (1362, 'Stefan Bordag');
INSERT INTO Paper (PaperID, Title, Year, MDate, Key, DOI) VALUES (101, 'Unsupervised and Knowledge-free Morpheme Segmentation and Analysis.', 2007, '2014-09-23', 'conf/clef/Bordag07a', 'http://ceur-ws.org/Vol-1173/CLEF2007wn-MorphoChallenge-Bordag2007.pdf');
INSERT INTO Write (AuthorID, PaperID) VALUES (1362, 101);
INSERT INTO Paper (PaperID, Title, Year, MDate, Key, DOI) VALUES (1751, 'Unsupervised and Knowledge-Free Morpheme Segmentation and Analysis.', 2007, '2017-06-13', 'conf/clef/Bordag07', 'https://doi.org/10.1007/978-3-540-85760-0_113');
INSERT INTO Write (AuthorID, PaperID) VALUES (1362, 1751);
INSERT INTO Author (AuthorID, Name) VALUES (1363, 'X. Alvarado');
INSERT INTO Write (AuthorID, PaperID) VALUES (1363, 755);
INSERT INTO Write (AuthorID, PaperID) VALUES (1363, 2192);
INSERT INTO Author (AuthorID, Name) VALUES (1364, 'S. M. Jaisakthi');
INSERT INTO Paper (PaperID, Title, Year, MDate, Key, DOI) VALUES (1342, 'Automatic Whale Matching System using Feature Descriptor.', 2017, '2018-12-21', 'conf/clef/JaisakthiMJ17', 'http://ceur-ws.org/Vol-1866/paper_155.pdf');
INSERT INTO Write (AuthorID, PaperID) VALUES (1364, 1342);
INSERT INTO Paper (PaperID, Title, Year, MDate, Key, DOI) VALUES (2694, 'Convolutional Long Short-Term Memory Neural Networks for Hierarchical Species Prediction.', 2018, '2018-12-21', 'conf/clef/MoudhgalyaSDMAJ18', 'http://ceur-ws.org/Vol-2125/paper_184.pdf');
INSERT INTO Write (AuthorID, PaperID) VALUES (1364, 2694);
INSERT INTO Author (AuthorID, Name) VALUES (1365, 'Annius Groenink');
INSERT INTO Paper (PaperID, Title, Year, MDate, Key, DOI) VALUES (945, 'Minimalistic Test Runs of the Eidetica Indexer.', 2001, '2017-05-24', 'conf/clef/FrizzarinG01', 'https://doi.org/10.1007/3-540-45691-0_26');
INSERT INTO Write (AuthorID, PaperID) VALUES (1365, 945);
INSERT INTO Paper (PaperID, Title, Year, MDate, Key, DOI) VALUES (3209, 'Minimalistic Test Runs of the Eidetica Indexer.', 2001, '2014-08-15', 'conf/clef/FrizzarinG01a', 'http://ceur-ws.org/Vol-1167/CLEF2001wn-adhoc-FrizzarinEt2001.pdf');
INSERT INTO Write (AuthorID, PaperID) VALUES (1365, 3209);
INSERT INTO Author (AuthorID, Name) VALUES (1366, 'Ayt&uuml;l Er&ccedil;il');
INSERT INTO Write (AuthorID, PaperID) VALUES (1366, 760);
INSERT INTO Write (AuthorID, PaperID) VALUES (1366, 2200);
INSERT INTO Author (AuthorID, Name) VALUES (1367, 'Yasushi Ogawa');
INSERT INTO Write (AuthorID, PaperID) VALUES (1367, 449);
INSERT INTO Write (AuthorID, PaperID) VALUES (1367, 1325);
INSERT INTO Author (AuthorID, Name) VALUES (1368, 'Savvas A. Chatzichristofis');
INSERT INTO Write (AuthorID, PaperID) VALUES (1368, 298);
INSERT INTO Write (AuthorID, PaperID) VALUES (1368, 2295);
INSERT INTO Author (AuthorID, Name) VALUES (1369, 'Meriama La&iuml;b');
INSERT INTO Write (AuthorID, PaperID) VALUES (1369, 2103);
INSERT INTO Write (AuthorID, PaperID) VALUES (1369, 3296);
INSERT INTO Author (AuthorID, Name) VALUES (1370, 'Teresa Holfeld');
INSERT INTO Write (AuthorID, PaperID) VALUES (1370, 1417);
INSERT INTO Write (AuthorID, PaperID) VALUES (1370, 2977);
INSERT INTO Author (AuthorID, Name) VALUES (1371, 'Boris V. Dobrov');
INSERT INTO Paper (PaperID, Title, Year, MDate, Key, DOI) VALUES (1416, 'Socio-Political Thesaurus in Concept-Based Information Retrieval.', 2005, '2017-05-24', 'conf/clef/AgeevDL05', 'https://doi.org/10.1007/11878773_15');
INSERT INTO Write (AuthorID, PaperID) VALUES (1371, 1416);
INSERT INTO Paper (PaperID, Title, Year, MDate, Key, DOI) VALUES (3407, 'Sociopolitical Thesaurus in Concept-based Information Retrieval.', 2005, '2014-08-15', 'conf/clef/AgeevDL05a', 'http://ceur-ws.org/Vol-1171/CLEF2005wn-adhoc-AgeevEt2005.pdf');
INSERT INTO Write (AuthorID, PaperID) VALUES (1371, 3407);
INSERT INTO Author (AuthorID, Name) VALUES (1372, 'Christopher Norman');
INSERT INTO Write (AuthorID, PaperID) VALUES (1372, 2697);
INSERT INTO Write (AuthorID, PaperID) VALUES (1372, 2840);
INSERT INTO Author (AuthorID, Name) VALUES (1373, 'Iv&aacute;n Olmos');
INSERT INTO Write (AuthorID, PaperID) VALUES (1373, 2075);
INSERT INTO Write (AuthorID, PaperID) VALUES (1373, 2427);
INSERT INTO Author (AuthorID, Name) VALUES (1374, 'Elena Tutubalina');
INSERT INTO Write (AuthorID, PaperID) VALUES (1374, 60);
INSERT INTO Write (AuthorID, PaperID) VALUES (1374, 434);
INSERT INTO Author (AuthorID, Name) VALUES (1375, 'Franco Rojas L&oacute;pez');
INSERT INTO Write (AuthorID, PaperID) VALUES (1375, 904);
INSERT INTO Write (AuthorID, PaperID) VALUES (1375, 1129);
INSERT INTO Author (AuthorID, Name) VALUES (1376, 'Jianke Zhu');
INSERT INTO Write (AuthorID, PaperID) VALUES (1376, 3031);
INSERT INTO Write (AuthorID, PaperID) VALUES (1376, 3085);
INSERT INTO Author (AuthorID, Name) VALUES (1377, 'Zheng Ye');
INSERT INTO Paper (PaperID, Title, Year, MDate, Key, DOI) VALUES (772, 'Towards A Better Performance for Medical Image Retrieval Using An Integrated Approach.', 2009, '2014-09-29', 'conf/clef/YeHL09', 'http://ceur-ws.org/Vol-1175/CLEF2009wn-ImageCLEF-YeEt2009.pdf');
INSERT INTO Write (AuthorID, PaperID) VALUES (1377, 772);
INSERT INTO Write (AuthorID, PaperID) VALUES (1377, 2604);
INSERT INTO Author (AuthorID, Name) VALUES (1378, 'Andr&aacute;s Kornai');
INSERT INTO Paper (PaperID, Title, Year, MDate, Key, DOI) VALUES (599, 'MetaCarta at GeoCLEF 2005.', 2005, '2014-08-15', 'conf/clef/Kornai05a', 'http://ceur-ws.org/Vol-1171/CLEF2005wn-GeoCLEF-Kornai2005.pdf');
INSERT INTO Write (AuthorID, PaperID) VALUES (1378, 599);
INSERT INTO Paper (PaperID, Title, Year, MDate, Key, DOI) VALUES (2292, 'Evaluating Geographic Information Retrieval.', 2005, '2017-05-24', 'conf/clef/Kornai05', 'https://doi.org/10.1007/11878773_104');
INSERT INTO Write (AuthorID, PaperID) VALUES (1378, 2292);
INSERT INTO Author (AuthorID, Name) VALUES (1379, 'Katrin Lamm');
INSERT INTO Write (AuthorID, PaperID) VALUES (1379, 227);
INSERT INTO Write (AuthorID, PaperID) VALUES (1379, 2146);
INSERT INTO Author (AuthorID, Name) VALUES (1380, 'Ragnar Nordlie');
INSERT INTO Write (AuthorID, PaperID) VALUES (1380, 1043);
INSERT INTO Write (AuthorID, PaperID) VALUES (1380, 3202);
INSERT INTO Author (AuthorID, Name) VALUES (1381, 'Ehsan Kamalloo');
INSERT INTO Write (AuthorID, PaperID) VALUES (1381, 523);
INSERT INTO Write (AuthorID, PaperID) VALUES (1381, 1021);
INSERT INTO Author (AuthorID, Name) VALUES (1382, 'Suresh Manandhar');
INSERT INTO Paper (PaperID, Title, Year, MDate, Key, DOI) VALUES (902, 'Clustering Morphological Paradigms Using Syntactic Categories.', 2009, '2017-05-24', 'conf/clef/CanM09', 'https://doi.org/10.1007/978-3-642-15754-7_77');
INSERT INTO Write (AuthorID, PaperID) VALUES (1382, 902);
INSERT INTO Paper (PaperID, Title, Year, MDate, Key, DOI) VALUES (3023, 'Unsupervised Learning of Morphology by using Syntactic Categories.', 2009, '2014-09-29', 'conf/clef/CanM09a', 'http://ceur-ws.org/Vol-1175/CLEF2009wn-MorphoChallenge-CanEt2009.pdf');
INSERT INTO Write (AuthorID, PaperID) VALUES (1382, 3023);
INSERT INTO Author (AuthorID, Name) VALUES (1383, 'Mohammad Aminian');
INSERT INTO Write (AuthorID, PaperID) VALUES (1383, 1435);
INSERT INTO Write (AuthorID, PaperID) VALUES (1383, 2359);
INSERT INTO Author (AuthorID, Name) VALUES (1384, 'S&aacute;ndor Szedm&aacute;k');
INSERT INTO Paper (PaperID, Title, Year, MDate, Key, DOI) VALUES (864, 'Kronecker Decomposition for Image Classification.', 2016, '2017-05-24', 'conf/clef/FontanellaRPS15', 'https://doi.org/10.1007/978-3-319-44564-9_11');
INSERT INTO Write (AuthorID, PaperID) VALUES (1384, 864);
INSERT INTO Paper (PaperID, Title, Year, MDate, Key, DOI) VALUES (1282, 'IIS at ImageCLEF 2015: Multi-label Classification Task.', 2015, '2015-09-03', 'conf/clef/Rodriguez-Sanchez15', 'http://ceur-ws.org/Vol-1391/67-CR.pdf');
INSERT INTO Write (AuthorID, PaperID) VALUES (1384, 1282);
INSERT INTO Author (AuthorID, Name) VALUES (1385, 'Alexander S. Yeh');
INSERT INTO Write (AuthorID, PaperID) VALUES (1385, 1984);
INSERT INTO Write (AuthorID, PaperID) VALUES (1385, 3179);
INSERT INTO Author (AuthorID, Name) VALUES (1386, 'Graham Neubig');
INSERT INTO Write (AuthorID, PaperID) VALUES (1386, 281);
INSERT INTO Write (AuthorID, PaperID) VALUES (1386, 1274);
INSERT INTO Author (AuthorID, Name) VALUES (1387, 'Ville Viitaniemi');
INSERT INTO Write (AuthorID, PaperID) VALUES (1387, 71);
INSERT INTO Write (AuthorID, PaperID) VALUES (1387, 1044);
INSERT INTO Author (AuthorID, Name) VALUES (1388, 'Ashequl Qadir');
INSERT INTO Write (AuthorID, PaperID) VALUES (1388, 905);
INSERT INTO Write (AuthorID, PaperID) VALUES (1388, 1995);
INSERT INTO Author (AuthorID, Name) VALUES (1389, 'Alberto Sim&otilde;es');
INSERT INTO Write (AuthorID, PaperID) VALUES (1389, 619);
INSERT INTO Write (AuthorID, PaperID) VALUES (1389, 2968);
INSERT INTO Author (AuthorID, Name) VALUES (1390, 'Zo&euml; Bathie');
INSERT INTO Write (AuthorID, PaperID) VALUES (1390, 311);
INSERT INTO Write (AuthorID, PaperID) VALUES (1390, 2878);
INSERT INTO Author (AuthorID, Name) VALUES (1391, 'S. H. Ong');
INSERT INTO Write (AuthorID, PaperID) VALUES (1391, 275);
INSERT INTO Write (AuthorID, PaperID) VALUES (1391, 2862);
INSERT INTO Author (AuthorID, Name) VALUES (1392, 'Caroline Lacoste');
INSERT INTO Write (AuthorID, PaperID) VALUES (1392, 45);
INSERT INTO Write (AuthorID, PaperID) VALUES (1392, 3132);
INSERT INTO Author (AuthorID, Name) VALUES (1393, 'Ioannis A. Kakadiaris');
INSERT INTO Write (AuthorID, PaperID) VALUES (1393, 589);
INSERT INTO Write (AuthorID, PaperID) VALUES (1393, 1891);
INSERT INTO Author (AuthorID, Name) VALUES (1394, 'Deniz Kilin&ccedil;');
INSERT INTO Paper (PaperID, Title, Year, MDate, Key, DOI) VALUES (1403, 'DEU at ImageCLEF 2009 WikipediaMM Task: Experiments with Expansion and Reranking Approaches.', 2009, '2014-09-29', 'conf/clef/KilincA09', 'http://ceur-ws.org/Vol-1175/CLEF2009wn-ImageCLEF-KilincEt2009.pdf');
INSERT INTO Write (AuthorID, PaperID) VALUES (1394, 1403);
INSERT INTO Write (AuthorID, PaperID) VALUES (1394, 1540);
INSERT INTO Author (AuthorID, Name) VALUES (1395, 'Kamil Safin');
INSERT INTO Paper (PaperID, Title, Year, MDate, Key, DOI) VALUES (280, 'Style Breach Detection with Neural Sentence Embeddings.', 2017, '2017-08-15', 'conf/clef/SafinK17', 'http://ceur-ws.org/Vol-1866/paper_69.pdf');
INSERT INTO Write (AuthorID, PaperID) VALUES (1395, 280);
INSERT INTO Paper (PaperID, Title, Year, MDate, Key, DOI) VALUES (1798, 'Detecting a Change of Style using Text Statistics: Notebook for PAN at CLEF 2018.', 2018, '2018-08-08', 'conf/clef/SafinO18', 'http://ceur-ws.org/Vol-2125/paper_104.pdf');
INSERT INTO Write (AuthorID, PaperID) VALUES (1395, 1798);
INSERT INTO Author (AuthorID, Name) VALUES (1396, 'Jo&atilde;o Guimar&atilde;es');
INSERT INTO Write (AuthorID, PaperID) VALUES (1396, 255);
INSERT INTO Write (AuthorID, PaperID) VALUES (1396, 951);
INSERT INTO Author (AuthorID, Name) VALUES (1397, 'Jos&eacute; Carlos Toucedo');
INSERT INTO Write (AuthorID, PaperID) VALUES (1397, 2442);
INSERT INTO Write (AuthorID, PaperID) VALUES (1397, 2462);
INSERT INTO Author (AuthorID, Name) VALUES (1398, 'Pedro Paulo Balage Filho');
INSERT INTO Write (AuthorID, PaperID) VALUES (1398, 748);
INSERT INTO Write (AuthorID, PaperID) VALUES (1398, 2070);
INSERT INTO Author (AuthorID, Name) VALUES (1399, 'Hans Burkhardt');
INSERT INTO Write (AuthorID, PaperID) VALUES (1399, 2637);
INSERT INTO Write (AuthorID, PaperID) VALUES (1399, 2967);
INSERT INTO Author (AuthorID, Name) VALUES (1400, 'Dingcheng Li');
INSERT INTO Write (AuthorID, PaperID) VALUES (1400, 839);
INSERT INTO Write (AuthorID, PaperID) VALUES (1400, 2341);
INSERT INTO Author (AuthorID, Name) VALUES (1401, 'Burcu Can');
INSERT INTO Write (AuthorID, PaperID) VALUES (1401, 902);
INSERT INTO Write (AuthorID, PaperID) VALUES (1401, 3023);
INSERT INTO Author (AuthorID, Name) VALUES (1402, 'Douglas Theodoro');
INSERT INTO Write (AuthorID, PaperID) VALUES (1402, 93);
INSERT INTO Write (AuthorID, PaperID) VALUES (1402, 2269);
INSERT INTO Author (AuthorID, Name) VALUES (1403, 'Hung-Hsuan Chen');
INSERT INTO Paper (PaperID, Title, Year, MDate, Key, DOI) VALUES (368, 'Unsupervised Ranking for Plagiarism Source Retrieval Notebook for PAN at CLEF 2013.', 2013, '2014-09-10', 'conf/clef/WilliamsCCG13', 'http://ceur-ws.org/Vol-1179/CLEF2013wn-PAN-WilliamsEt2013.pdf');
INSERT INTO Write (AuthorID, PaperID) VALUES (1403, 368);
INSERT INTO Paper (PaperID, Title, Year, MDate, Key, DOI) VALUES (3229, 'Supervised Ranking for Plagiarism Source Retrieval.', 2014, '2014-09-10', 'conf/clef/WilliamsCG14', 'http://ceur-ws.org/Vol-1180/CLEF2014wn-Pan-WilliamsEt2014.pdf');
INSERT INTO Write (AuthorID, PaperID) VALUES (1403, 3229);
INSERT INTO Author (AuthorID, Name) VALUES (1404, 'Thomas Mensink');
INSERT INTO Paper (PaperID, Title, Year, MDate, Key, DOI) VALUES (1899, 'INRIA-LEAR''s Participation in ImageCLEF 2009.', 2009, '2014-09-29', 'conf/clef/DouzeGMSV09', 'http://ceur-ws.org/Vol-1175/CLEF2009wn-ImageCLEF-DouzeEt2009.pdf');
INSERT INTO Write (AuthorID, PaperID) VALUES (1404, 1899);
INSERT INTO Write (AuthorID, PaperID) VALUES (1404, 3063);
INSERT INTO Author (AuthorID, Name) VALUES (1405, 'Roland Roller');
INSERT INTO Write (AuthorID, PaperID) VALUES (1405, 861);
INSERT INTO Write (AuthorID, PaperID) VALUES (1405, 3298);
INSERT INTO Author (AuthorID, Name) VALUES (1406, 'Clement H. C. Leung');
INSERT INTO Write (AuthorID, PaperID) VALUES (1406, 237);
INSERT INTO Write (AuthorID, PaperID) VALUES (1406, 1414);
INSERT INTO Author (AuthorID, Name) VALUES (1407, 'Christine Doran');
INSERT INTO Write (AuthorID, PaperID) VALUES (1407, 1984);
INSERT INTO Write (AuthorID, PaperID) VALUES (1407, 3179);
INSERT INTO Author (AuthorID, Name) VALUES (1408, 'Pratyush Banerjee');
INSERT INTO Write (AuthorID, PaperID) VALUES (1408, 1441);
INSERT INTO Write (AuthorID, PaperID) VALUES (1408, 3007);
INSERT INTO Author (AuthorID, Name) VALUES (1409, 'Wolfgang Macherey');
INSERT INTO Write (AuthorID, PaperID) VALUES (1409, 1562);
INSERT INTO Write (AuthorID, PaperID) VALUES (1409, 2306);
INSERT INTO Author (AuthorID, Name) VALUES (1410, 'Julien Velcin');
INSERT INTO Paper (PaperID, Title, Year, MDate, Key, DOI) VALUES (936, 'ECSTRA-INSERM @ CLEF eHealth2016-task 2: ICD10 Code Extraction from Death Certificates.', 2016, '2016-08-11', 'conf/clef/DermoucheLFCVT16', 'http://ceur-ws.org/Vol-1609/16090061.pdf');
INSERT INTO Write (AuthorID, PaperID) VALUES (1410, 936);
INSERT INTO Write (AuthorID, PaperID) VALUES (1410, 2992);
INSERT INTO Author (AuthorID, Name) VALUES (1411, 'Laurent Gillard');
INSERT INTO Write (AuthorID, PaperID) VALUES (1411, 1042);
INSERT INTO Write (AuthorID, PaperID) VALUES (1411, 2441);
INSERT INTO Author (AuthorID, Name) VALUES (1412, 'Benjamin Herbert');
INSERT INTO Write (AuthorID, PaperID) VALUES (1412, 3329);
INSERT INTO Write (AuthorID, PaperID) VALUES (1412, 3384);
INSERT INTO Author (AuthorID, Name) VALUES (1413, 'Helj&auml; Lundgr&eacute;n-Laine');
INSERT INTO Write (AuthorID, PaperID) VALUES (1413, 1556);
INSERT INTO Write (AuthorID, PaperID) VALUES (1413, 1557);
INSERT INTO Author (AuthorID, Name) VALUES (1414, 'Badisse Dahamna');
INSERT INTO Write (AuthorID, PaperID) VALUES (1414, 400);
INSERT INTO Write (AuthorID, PaperID) VALUES (1414, 602);
INSERT INTO Author (AuthorID, Name) VALUES (1415, 'Jan Botorek');
INSERT INTO Write (AuthorID, PaperID) VALUES (1415, 2560);
INSERT INTO Write (AuthorID, PaperID) VALUES (1415, 2761);
INSERT INTO Author (AuthorID, Name) VALUES (1416, 'Rafael Guzm&aacute;n-Cabrera');
INSERT INTO Write (AuthorID, PaperID) VALUES (1416, 933);
INSERT INTO Paper (PaperID, Title, Year, MDate, Key, DOI) VALUES (2654, 'Semantic-based Features for Author Profiling Identification: First insights Notebook for PAN at CLEF 2013.', 2013, '2014-09-10', 'conf/clef/HernandezGRR13', 'http://ceur-ws.org/Vol-1179/CLEF2013wn-PAN-HernandezEt2013.pdf');
INSERT INTO Write (AuthorID, PaperID) VALUES (1416, 2654);
INSERT INTO Author (AuthorID, Name) VALUES (1417, 'Antonios Anagnostou');
INSERT INTO Write (AuthorID, PaperID) VALUES (1417, 1006);
INSERT INTO Write (AuthorID, PaperID) VALUES (1417, 2318);
INSERT INTO Author (AuthorID, Name) VALUES (1418, 'Alin Ceausu');
INSERT INTO Write (AuthorID, PaperID) VALUES (1418, 2347);
INSERT INTO Write (AuthorID, PaperID) VALUES (1418, 2545);
INSERT INTO Author (AuthorID, Name) VALUES (1419, 'Srinivasa Rao Godhavarthy');
INSERT INTO Write (AuthorID, PaperID) VALUES (1419, 2484);
INSERT INTO Write (AuthorID, PaperID) VALUES (1419, 3428);
INSERT INTO Author (AuthorID, Name) VALUES (1420, 'Julian St&ouml;ttinger');
INSERT INTO Write (AuthorID, PaperID) VALUES (1420, 71);
INSERT INTO Write (AuthorID, PaperID) VALUES (1420, 1044);
INSERT INTO Author (AuthorID, Name) VALUES (1421, 'Mohamed Issolah');
INSERT INTO Write (AuthorID, PaperID) VALUES (1421, 1555);
INSERT INTO Write (AuthorID, PaperID) VALUES (1421, 2963);
INSERT INTO Author (AuthorID, Name) VALUES (1422, 'Joel Adams');
INSERT INTO Write (AuthorID, PaperID) VALUES (1422, 78);
INSERT INTO Write (AuthorID, PaperID) VALUES (1422, 2911);
INSERT INTO Author (AuthorID, Name) VALUES (1423, 'Gy&ouml;rgy Szarvas');
INSERT INTO Write (AuthorID, PaperID) VALUES (1423, 3329);
INSERT INTO Write (AuthorID, PaperID) VALUES (1423, 3384);
INSERT INTO Author (AuthorID, Name) VALUES (1424, 'Janine Garc&iacute;a-Morera');
INSERT INTO Write (AuthorID, PaperID) VALUES (1424, 56);
INSERT INTO Write (AuthorID, PaperID) VALUES (1424, 1485);
INSERT INTO Author (AuthorID, Name) VALUES (1425, 'Hans Moen');
INSERT INTO Paper (PaperID, Title, Year, MDate, Key, DOI) VALUES (1057, 'Towards Retrieving and Ranking Clinical Recommendations with Cross-Lingual Random Indexing.', 2012, '2014-09-24', 'conf/clef/MoenM12', 'http://www.clef-initiative.eu/documents/71612/f0ce44a0-de6d-45dd-9433-642610c6f089');
INSERT INTO Write (AuthorID, PaperID) VALUES (1425, 1057);
INSERT INTO Write (AuthorID, PaperID) VALUES (1425, 1556);
INSERT INTO Author (AuthorID, Name) VALUES (1426, 'Chao Yang');
INSERT INTO Write (AuthorID, PaperID) VALUES (1426, 2078);
INSERT INTO Write (AuthorID, PaperID) VALUES (1426, 2660);
INSERT INTO Author (AuthorID, Name) VALUES (1427, 'Qiang Chen');
INSERT INTO Write (AuthorID, PaperID) VALUES (1427, 2630);
INSERT INTO Write (AuthorID, PaperID) VALUES (1427, 2892);
INSERT INTO Author (AuthorID, Name) VALUES (1428, 'Michael H. F. Wilkinson');
INSERT INTO Paper (PaperID, Title, Year, MDate, Key, DOI) VALUES (462, 'Content-Based Image Retrieval Using Combined 2D Attribute Pattern Spectra.', 2007, '2017-05-24', 'conf/clef/TushabeW07', 'https://doi.org/10.1007/978-3-540-85760-0_69');
INSERT INTO Write (AuthorID, PaperID) VALUES (1428, 462);
INSERT INTO Paper (PaperID, Title, Year, MDate, Key, DOI) VALUES (1795, 'Content-based Image Retrieval Using Shape-Size Pattern Spectra.', 2007, '2014-09-23', 'conf/clef/TushabeW07a', 'http://ceur-ws.org/Vol-1173/CLEF2007wn-ImageCLEF-TushabeEt2007.pdf');
INSERT INTO Write (AuthorID, PaperID) VALUES (1428, 1795);
INSERT INTO Author (AuthorID, Name) VALUES (1429, 'Irene Sanchez');
INSERT INTO Paper (PaperID, Title, Year, MDate, Key, DOI) VALUES (723, 'UCM at CLEF eHealth 2013 Shared Task1a.', 2013, '2016-08-29', 'conf/clef/HervasMSD13', 'http://ceur-ws.org/Vol-1179/CLEF2013wn-CLEFeHealth-HervasEt2013.pdf');
INSERT INTO Write (AuthorID, PaperID) VALUES (1429, 723);
INSERT INTO Paper (PaperID, Title, Year, MDate, Key, DOI) VALUES (1605, 'UCM at CLEF eHealth 2013 Shared Task1b.', 2013, '2016-08-29', 'conf/clef/HervasMSD13a', 'http://ceur-ws.org/Vol-1179/CLEF2013wn-CLEFeHealth-HervasEt2013b.pdf');
INSERT INTO Write (AuthorID, PaperID) VALUES (1429, 1605);
INSERT INTO Author (AuthorID, Name) VALUES (1430, 'Luo Si');
INSERT INTO Paper (PaperID, Title, Year, MDate, Key, DOI) VALUES (607, 'CLEF 2005: Multilingual Retrieval by Combining Multiple Multilingual Ranked Lists.', 2005, '2017-05-24', 'conf/clef/SiC05', 'https://doi.org/10.1007/11878773_13');
INSERT INTO Write (AuthorID, PaperID) VALUES (1430, 607);
INSERT INTO Paper (PaperID, Title, Year, MDate, Key, DOI) VALUES (1536, 'CLEF 2005: Multilingual Retrieval by Combining Multiple Multilingual Ranked Lists.', 2005, '2014-08-15', 'conf/clef/SiC05a', 'http://ceur-ws.org/Vol-1171/CLEF2005wn-adhoc-SiEt2005.pdf');
INSERT INTO Write (AuthorID, PaperID) VALUES (1430, 1536);
INSERT INTO Author (AuthorID, Name) VALUES (1431, 'Florian Boudin');
INSERT INTO Write (AuthorID, PaperID) VALUES (1431, 836);
INSERT INTO Write (AuthorID, PaperID) VALUES (1431, 1832);
INSERT INTO Author (AuthorID, Name) VALUES (1432, 'Hongfei Lin');
INSERT INTO Write (AuthorID, PaperID) VALUES (1432, 772);
INSERT INTO Write (AuthorID, PaperID) VALUES (1432, 2604);
INSERT INTO Author (AuthorID, Name) VALUES (1433, 'Yanshan Wang');
INSERT INTO Write (AuthorID, PaperID) VALUES (1433, 2341);
INSERT INTO Write (AuthorID, PaperID) VALUES (1433, 2677);
INSERT INTO Author (AuthorID, Name) VALUES (1434, 'P. Punitha');
INSERT INTO Write (AuthorID, PaperID) VALUES (1434, 2515);
INSERT INTO Write (AuthorID, PaperID) VALUES (1434, 2765);
INSERT INTO Author (AuthorID, Name) VALUES (1435, 'Nicolas Maillot');
INSERT INTO Write (AuthorID, PaperID) VALUES (1435, 2067);
INSERT INTO Write (AuthorID, PaperID) VALUES (1435, 3374);
INSERT INTO Author (AuthorID, Name) VALUES (1436, 'Patrick Ndjiki-Nya');
INSERT INTO Write (AuthorID, PaperID) VALUES (1436, 157);
INSERT INTO Write (AuthorID, PaperID) VALUES (1436, 758);
INSERT INTO Author (AuthorID, Name) VALUES (1437, 'Chris Callison-Burch');
INSERT INTO Paper (PaperID, Title, Year, MDate, Key, DOI) VALUES (534, 'Paraphrase Substitution for Recognizing Textual Entailment.', 2006, '2014-08-15', 'conf/clef/BosmaC06a', 'http://ceur-ws.org/Vol-1172/CLEF2006wn-QACLEF-BosmaEt2006.pdf');
INSERT INTO Write (AuthorID, PaperID) VALUES (1437, 534);
INSERT INTO Paper (PaperID, Title, Year, MDate, Key, DOI) VALUES (935, 'Paraphrase Substitution for Recognizing Textual Entailment.', 2006, '2017-05-24', 'conf/clef/BosmaC06', 'https://doi.org/10.1007/978-3-540-74999-8_60');
INSERT INTO Write (AuthorID, PaperID) VALUES (1437, 935);
INSERT INTO Author (AuthorID, Name) VALUES (1438, 'Masatoshi Yoshikawa');
INSERT INTO Write (AuthorID, PaperID) VALUES (1438, 2508);
INSERT INTO Write (AuthorID, PaperID) VALUES (1438, 3101);
INSERT INTO Author (AuthorID, Name) VALUES (1439, 'Mitchell P. Marcus');
INSERT INTO Write (AuthorID, PaperID) VALUES (1439, 73);
INSERT INTO Write (AuthorID, PaperID) VALUES (1439, 952);
INSERT INTO Author (AuthorID, Name) VALUES (1440, 'Payam Karisani');
INSERT INTO Write (AuthorID, PaperID) VALUES (1440, 546);
INSERT INTO Write (AuthorID, PaperID) VALUES (1440, 1523);
INSERT INTO Author (AuthorID, Name) VALUES (1441, 'Wataru Kameyama');
INSERT INTO Paper (PaperID, Title, Year, MDate, Key, DOI) VALUES (183, 'Joint Equal Contribution of Global and Local Features for Image Annotation.', 2009, '2014-09-29', 'conf/clef/SarinK09', 'http://ceur-ws.org/Vol-1175/CLEF2009wn-ImageCLEF-SarinEt2009.pdf');
INSERT INTO Write (AuthorID, PaperID) VALUES (1441, 183);
INSERT INTO Paper (PaperID, Title, Year, MDate, Key, DOI) VALUES (1526, 'Targeting Diversity in Photographic Retrieval Task with Commonsense Knowledge.', 2008, '2014-09-29', 'conf/clef/SarinK08', 'http://ceur-ws.org/Vol-1174/CLEF2008wn-ImageCLEF-SarinEt2008.pdf');
INSERT INTO Write (AuthorID, PaperID) VALUES (1441, 1526);
INSERT INTO Author (AuthorID, Name) VALUES (1442, 'Simon R&aacute;cz');
INSERT INTO Write (AuthorID, PaperID) VALUES (1442, 1702);
INSERT INTO Write (AuthorID, PaperID) VALUES (1442, 2056);
INSERT INTO Author (AuthorID, Name) VALUES (1443, 'Ulf Hermjakob');
INSERT INTO Write (AuthorID, PaperID) VALUES (1443, 2802);
INSERT INTO Write (AuthorID, PaperID) VALUES (1443, 3492);
INSERT INTO Author (AuthorID, Name) VALUES (1444, 'Lea Helmers');
INSERT INTO Write (AuthorID, PaperID) VALUES (1444, 1334);
INSERT INTO Write (AuthorID, PaperID) VALUES (1444, 2758);
INSERT INTO Author (AuthorID, Name) VALUES (1445, 'Devrim &Uuml;nay');
INSERT INTO Write (AuthorID, PaperID) VALUES (1445, 760);
INSERT INTO Write (AuthorID, PaperID) VALUES (1445, 2200);
INSERT INTO Author (AuthorID, Name) VALUES (1446, 'Mitra Akasereh');
INSERT INTO Write (AuthorID, PaperID) VALUES (1446, 370);
INSERT INTO Write (AuthorID, PaperID) VALUES (1446, 2248);
INSERT INTO Author (AuthorID, Name) VALUES (1447, 'Bilal Ghanem');
INSERT INTO Write (AuthorID, PaperID) VALUES (1447, 1350);
INSERT INTO Write (AuthorID, PaperID) VALUES (1447, 2451);
INSERT INTO Author (AuthorID, Name) VALUES (1448, 'Nayanika Dogra');
INSERT INTO Write (AuthorID, PaperID) VALUES (1448, 243);
INSERT INTO Write (AuthorID, PaperID) VALUES (1448, 1398);
INSERT INTO Author (AuthorID, Name) VALUES (1449, 'Luminita Chiran');
INSERT INTO Write (AuthorID, PaperID) VALUES (1449, 2174);
INSERT INTO Write (AuthorID, PaperID) VALUES (1449, 2585);
INSERT INTO Author (AuthorID, Name) VALUES (1450, 'Cristina Ribeiro 0001');
INSERT INTO Write (AuthorID, PaperID) VALUES (1450, 2063);
INSERT INTO Write (AuthorID, PaperID) VALUES (1450, 2115);
INSERT INTO Author (AuthorID, Name) VALUES (1451, 'Jonathan Clark');
INSERT INTO Write (AuthorID, PaperID) VALUES (1451, 1120);
INSERT INTO Write (AuthorID, PaperID) VALUES (1451, 3464);
INSERT INTO Author (AuthorID, Name) VALUES (1452, 'Kathy Lee');
INSERT INTO Write (AuthorID, PaperID) VALUES (1452, 905);
INSERT INTO Write (AuthorID, PaperID) VALUES (1452, 1995);
INSERT INTO Author (AuthorID, Name) VALUES (1453, 'Mar&iacute;a del Mar Rold&aacute;n Garc&iacute;a');
INSERT INTO Write (AuthorID, PaperID) VALUES (1453, 54);
INSERT INTO Write (AuthorID, PaperID) VALUES (1453, 2308);
INSERT INTO Author (AuthorID, Name) VALUES (1454, 'Victor Martinez');
INSERT INTO Write (AuthorID, PaperID) VALUES (1454, 723);
INSERT INTO Write (AuthorID, PaperID) VALUES (1454, 1605);
INSERT INTO Author (AuthorID, Name) VALUES (1455, 'Imene Bensalem');
INSERT INTO Write (AuthorID, PaperID) VALUES (1455, 1482);
INSERT INTO Write (AuthorID, PaperID) VALUES (1455, 1847);
INSERT INTO Author (AuthorID, Name) VALUES (1456, 'Xueliang Yan');
INSERT INTO Write (AuthorID, PaperID) VALUES (1456, 288);
INSERT INTO Write (AuthorID, PaperID) VALUES (1456, 1050);
INSERT INTO Author (AuthorID, Name) VALUES (1457, 'Samadrita Banerjee');
INSERT INTO Write (AuthorID, PaperID) VALUES (1457, 125);
INSERT INTO Write (AuthorID, PaperID) VALUES (1457, 941);
INSERT INTO Author (AuthorID, Name) VALUES (1458, 'Demetrios G. Glinos');
INSERT INTO Paper (PaperID, Title, Year, MDate, Key, DOI) VALUES (519, 'Discovering Similar Passages within Large Text Documents.', 2014, '2017-05-24', 'conf/clef/Glinos14', 'https://doi.org/10.1007/978-3-319-11382-1_10');
INSERT INTO Write (AuthorID, PaperID) VALUES (1458, 519);
INSERT INTO Paper (PaperID, Title, Year, MDate, Key, DOI) VALUES (2649, 'A Hybrid Architecture for Plagiarism Detection.', 2014, '2016-10-05', 'conf/clef/Glinos14a', 'http://ceur-ws.org/Vol-1180/CLEF2014wn-Pan-Glinos2014.pdf');
INSERT INTO Write (AuthorID, PaperID) VALUES (1458, 2649);
INSERT INTO Author (AuthorID, Name) VALUES (1459, 'Shunsuke Uemura');
INSERT INTO Write (AuthorID, PaperID) VALUES (1459, 2508);
INSERT INTO Write (AuthorID, PaperID) VALUES (1459, 3101);
INSERT INTO Author (AuthorID, Name) VALUES (1460, 'Yi Li');
INSERT INTO Write (AuthorID, PaperID) VALUES (1460, 807);
INSERT INTO Write (AuthorID, PaperID) VALUES (1460, 1680);
INSERT INTO Author (AuthorID, Name) VALUES (1461, 'Naoyuki Gunji');
INSERT INTO Write (AuthorID, PaperID) VALUES (1461, 1569);
INSERT INTO Write (AuthorID, PaperID) VALUES (1461, 3100);
INSERT INTO Author (AuthorID, Name) VALUES (1462, 'S. Tolga Yildiran');
INSERT INTO Write (AuthorID, PaperID) VALUES (1462, 1541);
INSERT INTO Write (AuthorID, PaperID) VALUES (1462, 2210);
INSERT INTO Author (AuthorID, Name) VALUES (1463, 'Chris Pool');
INSERT INTO Paper (PaperID, Title, Year, MDate, Key, DOI) VALUES (240, 'Author Profiling based on Text and Images: Notebook for PAN at CLEF 2018.', 2018, '2018-08-08', 'conf/clef/StoutMP18', 'http://ceur-ws.org/Vol-2125/paper_79.pdf');
INSERT INTO Write (AuthorID, PaperID) VALUES (1463, 240);
INSERT INTO Write (AuthorID, PaperID) VALUES (1463, 294);
INSERT INTO Author (AuthorID, Name) VALUES (1464, 'Andrew Trotman');
INSERT INTO Write (AuthorID, PaperID) VALUES (1464, 1324);
INSERT INTO Write (AuthorID, PaperID) VALUES (1464, 2709);
INSERT INTO Author (AuthorID, Name) VALUES (1465, 'Mathias Verbeke');
INSERT INTO Paper (PaperID, Title, Year, MDate, Key, DOI) VALUES (528, 'Combining Text Mining Techniques for QA4MRE 2013.', 2013, '2014-09-10', 'conf/clef/MarquesV13', 'http://ceur-ws.org/Vol-1179/CLEF2013wn-QA4MRE-deOliveiraDaCostaMarquesEt2013.pdf');
INSERT INTO Write (AuthorID, PaperID) VALUES (1465, 528);
INSERT INTO Paper (PaperID, Title, Year, MDate, Key, DOI) VALUES (1481, 'A Text Mining Approach as Baseline for QA4MRE''12.', 2012, '2014-09-24', 'conf/clef/VerbekeD12', 'http://www.clef-initiative.eu/documents/71612/234cb84c-03a3-45c3-8844-9b1ca448d976');
INSERT INTO Write (AuthorID, PaperID) VALUES (1465, 1481);
INSERT INTO Author (AuthorID, Name) VALUES (1466, 'Emanuele Pianta');
INSERT INTO Write (AuthorID, PaperID) VALUES (1466, 2955);
INSERT INTO Write (AuthorID, PaperID) VALUES (1466, 3431);
INSERT INTO Author (AuthorID, Name) VALUES (1467, 'Juha Makkonen');
INSERT INTO Write (AuthorID, PaperID) VALUES (1467, 1136);
INSERT INTO Write (AuthorID, PaperID) VALUES (1467, 1916);
INSERT INTO Author (AuthorID, Name) VALUES (1468, 'Om P. Damani');
INSERT INTO Write (AuthorID, PaperID) VALUES (1468, 2985);
INSERT INTO Write (AuthorID, PaperID) VALUES (1468, 3015);
INSERT INTO Author (AuthorID, Name) VALUES (1469, 'Josu&eacute; Gerardo Guti&eacute;rrez Hern&aacute;ndez');
INSERT INTO Write (AuthorID, PaperID) VALUES (1469, 1110);
INSERT INTO Write (AuthorID, PaperID) VALUES (1469, 2938);
INSERT INTO Author (AuthorID, Name) VALUES (1470, 'Sandipan Dandapat');
INSERT INTO Write (AuthorID, PaperID) VALUES (1470, 1441);
INSERT INTO Write (AuthorID, PaperID) VALUES (1470, 3007);
INSERT INTO Author (AuthorID, Name) VALUES (1471, 'Lydia-Mai Ho-Dac');
INSERT INTO Paper (PaperID, Title, Year, MDate, Key, DOI) VALUES (1900, 'LITL at CLEF eHealth2017: Automatic Classification of Death Reports.', 2017, '2017-08-15', 'conf/clef/Ho-DacFBBBCDGKP17', 'http://ceur-ws.org/Vol-1866/paper_60.pdf');
INSERT INTO Write (AuthorID, PaperID) VALUES (1471, 1900);
INSERT INTO Write (AuthorID, PaperID) VALUES (1471, 2686);
INSERT INTO Author (AuthorID, Name) VALUES (1472, 'Lisa Ballesteros');
INSERT INTO Write (AuthorID, PaperID) VALUES (1472, 2369);
INSERT INTO Write (AuthorID, PaperID) VALUES (1472, 2986);
INSERT INTO Author (AuthorID, Name) VALUES (1473, 'Alexandrina Rogozan');
INSERT INTO Write (AuthorID, PaperID) VALUES (1473, 582);
INSERT INTO Write (AuthorID, PaperID) VALUES (1473, 1673);
INSERT INTO Author (AuthorID, Name) VALUES (1474, 'Ahmad Khwileh');
INSERT INTO Write (AuthorID, PaperID) VALUES (1474, 812);
INSERT INTO Write (AuthorID, PaperID) VALUES (1474, 2875);
INSERT INTO Author (AuthorID, Name) VALUES (1475, 'Carolina Mart&iacute;n-Del-Campo-Rodr&iacute;guez');
INSERT INTO Write (AuthorID, PaperID) VALUES (1475, 2538);
INSERT INTO Write (AuthorID, PaperID) VALUES (1475, 2894);
INSERT INTO Author (AuthorID, Name) VALUES (1476, 'Abdelaziz Bensrhair');
INSERT INTO Write (AuthorID, PaperID) VALUES (1476, 582);
INSERT INTO Write (AuthorID, PaperID) VALUES (1476, 1673);
INSERT INTO Author (AuthorID, Name) VALUES (1477, 'Keith van Rijsbergen');
INSERT INTO Write (AuthorID, PaperID) VALUES (1477, 2550);
INSERT INTO Write (AuthorID, PaperID) VALUES (1477, 3338);
INSERT INTO Author (AuthorID, Name) VALUES (1478, 'Chee Wee Leong');
INSERT INTO Write (AuthorID, PaperID) VALUES (1478, 1010);
INSERT INTO Write (AuthorID, PaperID) VALUES (1478, 2966);
INSERT INTO Author (AuthorID, Name) VALUES (1479, 'Charles Yang 0001');
INSERT INTO Write (AuthorID, PaperID) VALUES (1479, 73);
INSERT INTO Write (AuthorID, PaperID) VALUES (1479, 952);
INSERT INTO Author (AuthorID, Name) VALUES (1480, 'S&eacute;bastien Fournier');
INSERT INTO Write (AuthorID, PaperID) VALUES (1480, 105);
INSERT INTO Write (AuthorID, PaperID) VALUES (1480, 3250);
INSERT INTO Author (AuthorID, Name) VALUES (1481, 'Declan Groves');
INSERT INTO Write (AuthorID, PaperID) VALUES (1481, 1635);
INSERT INTO Write (AuthorID, PaperID) VALUES (1481, 1651);
INSERT INTO Author (AuthorID, Name) VALUES (1482, 'Paul H. Lewis');
INSERT INTO Paper (PaperID, Title, Year, MDate, Key, DOI) VALUES (1362, 'IAM@ImageCLEFphoto 2009: Experiments on Maximising Diversity using Image Features.', 2009, '2014-09-29', 'conf/clef/HareDL09', 'http://ceur-ws.org/Vol-1175/CLEF2009wn-ImageCLEF-HareEt2009.pdf');
INSERT INTO Write (AuthorID, PaperID) VALUES (1482, 1362);
INSERT INTO Paper (PaperID, Title, Year, MDate, Key, DOI) VALUES (2837, 'IAM@ImageCLEFPhotoAnnotation 2009: Na800Aiuml;ve Application of a Linear-Algebraic Semantic Space.', 2009, '2014-09-29', 'conf/clef/HareL09', 'http://ceur-ws.org/Vol-1175/CLEF2009wn-ImageCLEF-HareEt2009b.pdf');
INSERT INTO Write (AuthorID, PaperID) VALUES (1482, 2837);
INSERT INTO Author (AuthorID, Name) VALUES (1483, 'Alberto D&iacute;az 0001');
INSERT INTO Write (AuthorID, PaperID) VALUES (1483, 723);
INSERT INTO Write (AuthorID, PaperID) VALUES (1483, 1605);
INSERT INTO Author (AuthorID, Name) VALUES (1484, 'Anuj Goyal');
INSERT INTO Write (AuthorID, PaperID) VALUES (1484, 2515);
INSERT INTO Write (AuthorID, PaperID) VALUES (1484, 2765);
INSERT INTO Author (AuthorID, Name) VALUES (1485, 'Alexei Vinokourov');
INSERT INTO Write (AuthorID, PaperID) VALUES (1485, 241);
INSERT INTO Write (AuthorID, PaperID) VALUES (1485, 2814);
INSERT INTO Author (AuthorID, Name) VALUES (1486, 'Farah Harrathi');
INSERT INTO Write (AuthorID, PaperID) VALUES (1486, 906);
INSERT INTO Write (AuthorID, PaperID) VALUES (1486, 3343);
INSERT INTO Author (AuthorID, Name) VALUES (1487, 'Nathalie Denos');
INSERT INTO Write (AuthorID, PaperID) VALUES (1487, 440);
INSERT INTO Write (AuthorID, PaperID) VALUES (1487, 1755);
INSERT INTO Author (AuthorID, Name) VALUES (1488, 'C. Lee Giles');
INSERT INTO Write (AuthorID, PaperID) VALUES (1488, 368);
INSERT INTO Write (AuthorID, PaperID) VALUES (1488, 3229);
INSERT INTO Author (AuthorID, Name) VALUES (1489, 'Eric Medvet');
INSERT INTO Paper (PaperID, Title, Year, MDate, Key, DOI) VALUES (2011, 'An Author Profiling Approach Based on Language-dependent Content and Stylometric Features.', 2015, '2015-09-03', 'conf/clef/BartoliLLMT15', 'http://ceur-ws.org/Vol-1391/106-CR.pdf');
INSERT INTO Write (AuthorID, PaperID) VALUES (1489, 2011);
INSERT INTO Paper (PaperID, Title, Year, MDate, Key, DOI) VALUES (2848, 'An Author Verification Approach Based on Differential Features: Notebook for PAN at CLEF 2015.', 2015, '2015-09-03', 'conf/clef/BartoliDLMT15', 'http://ceur-ws.org/Vol-1391/41-CR.pdf');
INSERT INTO Write (AuthorID, PaperID) VALUES (1489, 2848);
INSERT INTO Author (AuthorID, Name) VALUES (1490, 'Leonardo Campillos Llanos');
INSERT INTO Write (AuthorID, PaperID) VALUES (1490, 360);
INSERT INTO Write (AuthorID, PaperID) VALUES (1490, 469);
INSERT INTO Author (AuthorID, Name) VALUES (1491, 'Leila Safari');
INSERT INTO Paper (PaperID, Title, Year, MDate, Key, DOI) VALUES (263, 'ShARe/CLEF eHealth 2013 Normalization of Acronyms/Abbreviations Challenge.', 2013, '2014-09-10', 'conf/clef/PatrickSO13a', 'http://ceur-ws.org/Vol-1179/CLEF2013wn-CLEFeHealth-PatrickEt2013b.pdf');
INSERT INTO Write (AuthorID, PaperID) VALUES (1491, 263);
INSERT INTO Paper (PaperID, Title, Year, MDate, Key, DOI) VALUES (1870, 'ShARe/CLEF eHealth 2013 Named Entity Recognition and Normalization of Disorders Challenge.', 2013, '2014-09-10', 'conf/clef/PatrickSO13', 'http://ceur-ws.org/Vol-1179/CLEF2013wn-CLEFeHealth-PatrickEt2013.pdf');
INSERT INTO Write (AuthorID, PaperID) VALUES (1491, 1870);
INSERT INTO Author (AuthorID, Name) VALUES (1492, 'Hubert Naets');
INSERT INTO Write (AuthorID, PaperID) VALUES (1492, 957);
INSERT INTO Write (AuthorID, PaperID) VALUES (1492, 3077);
INSERT INTO Author (AuthorID, Name) VALUES (1493, 'Xiaohua Liu');
INSERT INTO Write (AuthorID, PaperID) VALUES (1493, 225);
INSERT INTO Write (AuthorID, PaperID) VALUES (1493, 3216);
INSERT INTO Author (AuthorID, Name) VALUES (1494, 'Enrique M&eacute;ndez D&iacute;az');
INSERT INTO Paper (PaperID, Title, Year, MDate, Key, DOI) VALUES (1935, 'COLE Experiments at QA@CLEF 2004 Spanish Monolingual Track.', 2004, '2017-05-24', 'conf/clef/DiazFS05', 'https://doi.org/10.1007/11519645_53');
INSERT INTO Write (AuthorID, PaperID) VALUES (1494, 1935);
INSERT INTO Paper (PaperID, Title, Year, MDate, Key, DOI) VALUES (3070, 'COLE at CLEF 2004: Rapid Prototyping of a QA System for Spanish.', 2004, '2014-08-15', 'conf/clef/DiazFS04', 'http://ceur-ws.org/Vol-1170/CLEF2004wn-QACLEF-MendezDiazEt2004.pdf');
INSERT INTO Write (AuthorID, PaperID) VALUES (1494, 3070);
INSERT INTO Author (AuthorID, Name) VALUES (1495, 'Elisabeth Wolf');
INSERT INTO Write (AuthorID, PaperID) VALUES (1495, 898);
