INSERT INTO Write (AuthorID, PaperID) VALUES (3132, 3096);
INSERT INTO Author (AuthorID, Name) VALUES (3133, 'Aki Loponen');
INSERT INTO Write (AuthorID, PaperID) VALUES (3133, 3160);
INSERT INTO Author (AuthorID, Name) VALUES (3134, 'Sylvie Calabretto');
INSERT INTO Write (AuthorID, PaperID) VALUES (3134, 3343);
INSERT INTO Author (AuthorID, Name) VALUES (3135, 'Promita Maitra');
INSERT INTO Write (AuthorID, PaperID) VALUES (3135, 1810);
INSERT INTO Author (AuthorID, Name) VALUES (3136, 'Konstantinos Sechidis');
INSERT INTO Write (AuthorID, PaperID) VALUES (3136, 2673);
INSERT INTO Author (AuthorID, Name) VALUES (3137, 'Surendran K');
INSERT INTO Write (AuthorID, PaperID) VALUES (3137, 993);
INSERT INTO Author (AuthorID, Name) VALUES (3138, 'Tawan Sierek');
INSERT INTO Write (AuthorID, PaperID) VALUES (3138, 211);
INSERT INTO Author (AuthorID, Name) VALUES (3139, 'Yanxiong Lu');
INSERT INTO Write (AuthorID, PaperID) VALUES (3139, 279);
INSERT INTO Author (AuthorID, Name) VALUES (3140, 'Daniela Epure');
INSERT INTO Write (AuthorID, PaperID) VALUES (3140, 1593);
INSERT INTO Author (AuthorID, Name) VALUES (3141, 'Min-Huan Fu');
INSERT INTO Write (AuthorID, PaperID) VALUES (3141, 1246);
INSERT INTO Author (AuthorID, Name) VALUES (3142, 'Vijay Chandrasekhar');
INSERT INTO Write (AuthorID, PaperID) VALUES (3142, 1380);
INSERT INTO Author (AuthorID, Name) VALUES (3143, 'Oscar Alfonso Jim&iacute;nez del Toro');
INSERT INTO Write (AuthorID, PaperID) VALUES (3143, 1166);
INSERT INTO Author (AuthorID, Name) VALUES (3144, 'James A. Thom');
INSERT INTO Write (AuthorID, PaperID) VALUES (3144, 3150);
INSERT INTO Author (AuthorID, Name) VALUES (3145, 'Jiyun Luo');
INSERT INTO Write (AuthorID, PaperID) VALUES (3145, 3037);
INSERT INTO Author (AuthorID, Name) VALUES (3146, 'Matthijs Douze');
INSERT INTO Write (AuthorID, PaperID) VALUES (3146, 1899);
INSERT INTO Author (AuthorID, Name) VALUES (3147, 'Ricardo Usbeck');
INSERT INTO Write (AuthorID, PaperID) VALUES (3147, 1973);
INSERT INTO Author (AuthorID, Name) VALUES (3148, 'Jorge Z&uacute;&ntilde;iga');
INSERT INTO Write (AuthorID, PaperID) VALUES (3148, 3217);
INSERT INTO Author (AuthorID, Name) VALUES (3149, 'Gundram Leifert');
INSERT INTO Write (AuthorID, PaperID) VALUES (3149, 679);
INSERT INTO Author (AuthorID, Name) VALUES (3150, 'Sagnik Ray Choudhury');
INSERT INTO Write (AuthorID, PaperID) VALUES (3150, 368);
INSERT INTO Author (AuthorID, Name) VALUES (3151, 'Chang Liu');
INSERT INTO Write (AuthorID, PaperID) VALUES (3151, 2959);
INSERT INTO Author (AuthorID, Name) VALUES (3152, 'Xin Kang');
INSERT INTO Write (AuthorID, PaperID) VALUES (3152, 2681);
INSERT INTO Author (AuthorID, Name) VALUES (3153, 'K. P. Soman');
INSERT INTO Paper (PaperID, Title, Year, MDate, Key, DOI) VALUES (635, 'Statistical Semantics in Context Space : Amrita_CEN@Author Profiling.', 2016, '2016-08-11', 'conf/clef/BKS16', 'http://ceur-ws.org/Vol-1609/16090881.pdf');
INSERT INTO Write (AuthorID, PaperID) VALUES (3153, 635);
INSERT INTO Author (AuthorID, Name) VALUES (3154, 'Florin-Tudor Cristea');
INSERT INTO Write (AuthorID, PaperID) VALUES (3154, 2940);
INSERT INTO Author (AuthorID, Name) VALUES (3155, 'Pieter Bons');
INSERT INTO Write (AuthorID, PaperID) VALUES (3155, 724);
INSERT INTO Author (AuthorID, Name) VALUES (3156, 'Rafael Forcada');
INSERT INTO Write (AuthorID, PaperID) VALUES (3156, 102);
INSERT INTO Author (AuthorID, Name) VALUES (3157, 'Manuela H&uuml;rlimann');
INSERT INTO Write (AuthorID, PaperID) VALUES (3157, 2160);
INSERT INTO Author (AuthorID, Name) VALUES (3158, 'Bernardo Cabaleiro');
INSERT INTO Write (AuthorID, PaperID) VALUES (3158, 1385);
INSERT INTO Author (AuthorID, Name) VALUES (3159, 'Pravin Kakar');
INSERT INTO Write (AuthorID, PaperID) VALUES (3159, 895);
INSERT INTO Author (AuthorID, Name) VALUES (3160, 'Tom&aacute;s Folt&yacute;nek');
INSERT INTO Write (AuthorID, PaperID) VALUES (3160, 3392);
INSERT INTO Author (AuthorID, Name) VALUES (3161, 'Alexandra Leahu');
INSERT INTO Write (AuthorID, PaperID) VALUES (3161, 2159);
INSERT INTO Author (AuthorID, Name) VALUES (3162, 'Tiansi Dong');
INSERT INTO Write (AuthorID, PaperID) VALUES (3162, 2088);
INSERT INTO Author (AuthorID, Name) VALUES (3163, 'Amy Vogel');
INSERT INTO Write (AuthorID, PaperID) VALUES (3163, 1740);
INSERT INTO Author (AuthorID, Name) VALUES (3164, 'Ruixue Wang');
INSERT INTO Write (AuthorID, PaperID) VALUES (3164, 769);
INSERT INTO Author (AuthorID, Name) VALUES (3165, 'Luis M. de Campos');
INSERT INTO Write (AuthorID, PaperID) VALUES (3165, 2193);
INSERT INTO Author (AuthorID, Name) VALUES (3166, 'Romain Agez');
INSERT INTO Write (AuthorID, PaperID) VALUES (3166, 1460);
INSERT INTO Author (AuthorID, Name) VALUES (3167, 'Yanchun Zhang');
INSERT INTO Write (AuthorID, PaperID) VALUES (3167, 81);
INSERT INTO Author (AuthorID, Name) VALUES (3168, 'Alexis Palmer');
INSERT INTO Write (AuthorID, PaperID) VALUES (3168, 2110);
INSERT INTO Author (AuthorID, Name) VALUES (3169, 'V&iacute;tor Beires Nogueira');
INSERT INTO Write (AuthorID, PaperID) VALUES (3169, 111);
INSERT INTO Author (AuthorID, Name) VALUES (3170, 'Tingting Wang');
INSERT INTO Write (AuthorID, PaperID) VALUES (3170, 412);
INSERT INTO Author (AuthorID, Name) VALUES (3171, 'Federica Mandreoli');
INSERT INTO Write (AuthorID, PaperID) VALUES (3171, 504);
INSERT INTO Author (AuthorID, Name) VALUES (3172, 'Jie Lin');
INSERT INTO Write (AuthorID, PaperID) VALUES (3172, 1380);
INSERT INTO Author (AuthorID, Name) VALUES (3173, 'Kostas Perifanos');
INSERT INTO Paper (PaperID, Title, Year, MDate, Key, DOI) VALUES (2743, 'Authorship Identification in Large Email Collections: Experiments Using Features that Belong to Different Linguistic Levels - Notebook for PAN at CLEF 2011.', 2011, '2014-09-24', 'conf/clef/MikrosP11', 'http://www.clef-initiative.eu/documents/71612/86377/CLEF2011wn-PAN-MikrosEt2011.pdf');
INSERT INTO Write (AuthorID, PaperID) VALUES (3173, 2743);
INSERT INTO Author (AuthorID, Name) VALUES (3174, 'Gilles Hubert');
INSERT INTO Write (AuthorID, PaperID) VALUES (3174, 1152);
INSERT INTO Author (AuthorID, Name) VALUES (3175, 'Robert Musters');
INSERT INTO Write (AuthorID, PaperID) VALUES (3175, 240);
INSERT INTO Author (AuthorID, Name) VALUES (3176, 'Ren-Dar Yang');
INSERT INTO Write (AuthorID, PaperID) VALUES (3176, 22);
INSERT INTO Author (AuthorID, Name) VALUES (3177, 'Maunendra Sankar Desarkar');
INSERT INTO Write (AuthorID, PaperID) VALUES (3177, 133);
INSERT INTO Author (AuthorID, Name) VALUES (3178, 'Linjie Xing');
INSERT INTO Write (AuthorID, PaperID) VALUES (3178, 698);
INSERT INTO Author (AuthorID, Name) VALUES (3179, 'Linda Cappellato');
INSERT INTO Write (AuthorID, PaperID) VALUES (3179, 699);
INSERT INTO Author (AuthorID, Name) VALUES (3180, 'Taemin Lee');
INSERT INTO Write (AuthorID, PaperID) VALUES (3180, 615);
INSERT INTO Author (AuthorID, Name) VALUES (3181, 'Anouk Birski');
INSERT INTO Write (AuthorID, PaperID) VALUES (3181, 1900);
INSERT INTO Author (AuthorID, Name) VALUES (3182, 'Xiaoning He');
INSERT INTO Write (AuthorID, PaperID) VALUES (3182, 1738);
INSERT INTO Author (AuthorID, Name) VALUES (3183, 'Cornelius A. Ludmann');
INSERT INTO Paper (PaperID, Title, Year, MDate, Key, DOI) VALUES (3235, 'Recommending News Articles in the CLEF News Recommendation Evaluation Lab with the Data Stream Management System Odysseus.', 2017, '2017-08-15', 'conf/clef/Ludmann17', 'http://ceur-ws.org/Vol-1866/paper_111.pdf');
INSERT INTO Write (AuthorID, PaperID) VALUES (3183, 3235);
INSERT INTO Author (AuthorID, Name) VALUES (3184, 'Razvan Iulian Lupu');
INSERT INTO Write (AuthorID, PaperID) VALUES (3184, 3302);
INSERT INTO Author (AuthorID, Name) VALUES (3185, 'Kelly Reynolds');
INSERT INTO Write (AuthorID, PaperID) VALUES (3185, 3316);
INSERT INTO Author (AuthorID, Name) VALUES (3186, 'Gerard Lynch');
INSERT INTO Write (AuthorID, PaperID) VALUES (3186, 3084);
INSERT INTO Author (AuthorID, Name) VALUES (3187, 'Geoffroy Peeters');
INSERT INTO Write (AuthorID, PaperID) VALUES (3187, 490);
INSERT INTO Author (AuthorID, Name) VALUES (3188, 'Fabio Celli');
INSERT INTO Write (AuthorID, PaperID) VALUES (3188, 3172);
INSERT INTO Author (AuthorID, Name) VALUES (3189, 'Kuangkai Sun');
INSERT INTO Write (AuthorID, PaperID) VALUES (3189, 1981);
INSERT INTO Author (AuthorID, Name) VALUES (3190, 'Iv&aacute;n Meza');
INSERT INTO Write (AuthorID, PaperID) VALUES (3190, 1286);
INSERT INTO Author (AuthorID, Name) VALUES (3191, 'Fabrizio Sebastiani 0001');
INSERT INTO Write (AuthorID, PaperID) VALUES (3191, 2448);
INSERT INTO Author (AuthorID, Name) VALUES (3192, 'Junqiu Wu');
INSERT INTO Write (AuthorID, PaperID) VALUES (3192, 3249);
INSERT INTO Author (AuthorID, Name) VALUES (3193, 'B&aacute;lint Czeba');
INSERT INTO Write (AuthorID, PaperID) VALUES (3193, 2661);
INSERT INTO Author (AuthorID, Name) VALUES (3194, 'Mayte Gim&eacute;nez');
INSERT INTO Write (AuthorID, PaperID) VALUES (3194, 876);
INSERT INTO Author (AuthorID, Name) VALUES (3195, 'Alexander Sachs');
INSERT INTO Write (AuthorID, PaperID) VALUES (3195, 3106);
INSERT INTO Author (AuthorID, Name) VALUES (3196, 'Ragia Ibrahim Waleed Arafa');
INSERT INTO Paper (PaperID, Title, Year, MDate, Key, DOI) VALUES (983, 'Medical Image Retrieval: ISSR at CLEF 2010.', 2010, '2014-09-24', 'conf/clef/Arafa10', 'http://www.clef-initiative.eu/documents/71612/86374/CLEF2010wn-ImageCLEF-IbrahimEt2010.pdf');
INSERT INTO Write (AuthorID, PaperID) VALUES (3196, 983);
INSERT INTO Author (AuthorID, Name) VALUES (3197, 'Ilektra Skepetari');
INSERT INTO Write (AuthorID, PaperID) VALUES (3197, 2693);
INSERT INTO Author (AuthorID, Name) VALUES (3198, 'Antonio Carlos Dom&iacute;nguez-Brito');
INSERT INTO Write (AuthorID, PaperID) VALUES (3198, 1642);
INSERT INTO Author (AuthorID, Name) VALUES (3199, 'Yoshitaka Ushiku');
INSERT INTO Write (AuthorID, PaperID) VALUES (3199, 1569);
INSERT INTO Author (AuthorID, Name) VALUES (3200, 'Maj Lauge Ward Jensen');
INSERT INTO Write (AuthorID, PaperID) VALUES (3200, 2781);
INSERT INTO Author (AuthorID, Name) VALUES (3201, 'Harsh Trivedi');
INSERT INTO Write (AuthorID, PaperID) VALUES (3201, 1347);
INSERT INTO Author (AuthorID, Name) VALUES (3202, 'Roberto L&oacute;pez-Santill&aacute;n');
INSERT INTO Write (AuthorID, PaperID) VALUES (3202, 2307);
INSERT INTO Author (AuthorID, Name) VALUES (3203, 'Miki Eto');
INSERT INTO Write (AuthorID, PaperID) VALUES (3203, 981);
INSERT INTO Author (AuthorID, Name) VALUES (3204, 'Daniel Hern&aacute;ndez-Sosa');
INSERT INTO Write (AuthorID, PaperID) VALUES (3204, 1642);
INSERT INTO Author (AuthorID, Name) VALUES (3205, 'Sylvie Ranwez');
INSERT INTO Write (AuthorID, PaperID) VALUES (3205, 1960);
INSERT INTO Author (AuthorID, Name) VALUES (3206, 'Christian Winter 0001');
INSERT INTO Write (AuthorID, PaperID) VALUES (3206, 1636);
INSERT INTO Author (AuthorID, Name) VALUES (3207, 'Georgios Petkos');
INSERT INTO Write (AuthorID, PaperID) VALUES (3207, 1781);
INSERT INTO Author (AuthorID, Name) VALUES (3208, 'Ignazio Gallo');
INSERT INTO Write (AuthorID, PaperID) VALUES (3208, 2013);
INSERT INTO Author (AuthorID, Name) VALUES (3209, 'Ling Cao');
INSERT INTO Write (AuthorID, PaperID) VALUES (3209, 3508);
INSERT INTO Author (AuthorID, Name) VALUES (3210, 'Andreas H. Kelch');
INSERT INTO Write (AuthorID, PaperID) VALUES (3210, 1404);
INSERT INTO Author (AuthorID, Name) VALUES (3211, 'Uwe K&uuml;hhirt');
INSERT INTO Write (AuthorID, PaperID) VALUES (3211, 2463);
INSERT INTO Author (AuthorID, Name) VALUES (3212, 'Anca Marginean');
INSERT INTO Paper (PaperID, Title, Year, MDate, Key, DOI) VALUES (1728, 'GFMed: Question Answering over BioMedical Linked Data with Grammatical Framework.', 2014, '2014-09-10', 'conf/clef/Marginean14', 'http://ceur-ws.org/Vol-1180/CLEF2014wn-QA-Marginean2014.pdf');
INSERT INTO Write (AuthorID, PaperID) VALUES (3212, 1728);
INSERT INTO Author (AuthorID, Name) VALUES (3213, 'C. de Pablo');
INSERT INTO Write (AuthorID, PaperID) VALUES (3213, 1996);
INSERT INTO Author (AuthorID, Name) VALUES (3214, 'Jaana Kek&auml;l&auml;inen');
INSERT INTO Write (AuthorID, PaperID) VALUES (3214, 2014);
INSERT INTO Author (AuthorID, Name) VALUES (3215, 'Rodrigo Agerri');
INSERT INTO Write (AuthorID, PaperID) VALUES (3215, 1820);
INSERT INTO Author (AuthorID, Name) VALUES (3216, 'Jiajin Wu');
INSERT INTO Paper (PaperID, Title, Year, MDate, Key, DOI) VALUES (2091, 'Task 3a: Team YORKU.', 2014, '2014-09-10', 'conf/clef/WuH14', 'http://ceur-ws.org/Vol-1180/CLEF2014wn-eHealth-WuEt2014.pdf');
INSERT INTO Write (AuthorID, PaperID) VALUES (3216, 2091);
INSERT INTO Author (AuthorID, Name) VALUES (3217, 'Binbin Liu');
INSERT INTO Write (AuthorID, PaperID) VALUES (3217, 3292);
INSERT INTO Author (AuthorID, Name) VALUES (3218, 'Sisi Liang');
INSERT INTO Write (AuthorID, PaperID) VALUES (3218, 764);
INSERT INTO Author (AuthorID, Name) VALUES (3219, 'Yong Xue');
INSERT INTO Write (AuthorID, PaperID) VALUES (3219, 1738);
INSERT INTO Author (AuthorID, Name) VALUES (3220, 'Md. Faisal Mahbub Chowdhury');
INSERT INTO Write (AuthorID, PaperID) VALUES (3220, 2546);
INSERT INTO Author (AuthorID, Name) VALUES (3221, 'Kazi Rifat Ahmed');
INSERT INTO Write (AuthorID, PaperID) VALUES (3221, 266);
INSERT INTO Author (AuthorID, Name) VALUES (3222, 'Jim Basilakis');
INSERT INTO Write (AuthorID, PaperID) VALUES (3222, 1156);
INSERT INTO Author (AuthorID, Name) VALUES (3223, 'Vlad Alexa');
INSERT INTO Write (AuthorID, PaperID) VALUES (3223, 2940);
INSERT INTO Author (AuthorID, Name) VALUES (3224, 'Kiran Bushireddy');
INSERT INTO Write (AuthorID, PaperID) VALUES (3224, 1373);
INSERT INTO Author (AuthorID, Name) VALUES (3225, 'Sijia Liu 0002');
INSERT INTO Write (AuthorID, PaperID) VALUES (3225, 2341);
INSERT INTO Author (AuthorID, Name) VALUES (3226, 'Marie Picard');
INSERT INTO Write (AuthorID, PaperID) VALUES (3226, 3072);
INSERT INTO Author (AuthorID, Name) VALUES (3227, 'Peter Corke');
INSERT INTO Write (AuthorID, PaperID) VALUES (3227, 950);
INSERT INTO Author (AuthorID, Name) VALUES (3228, 'Masaru Mizuochi');
INSERT INTO Write (AuthorID, PaperID) VALUES (3228, 1257);
INSERT INTO Author (AuthorID, Name) VALUES (3229, 'Carmen Pel&aacute;ez-Moreno');
INSERT INTO Write (AuthorID, PaperID) VALUES (3229, 1389);
INSERT INTO Author (AuthorID, Name) VALUES (3230, 'Le-Le Zhang');
INSERT INTO Write (AuthorID, PaperID) VALUES (3230, 1127);
INSERT INTO Author (AuthorID, Name) VALUES (3231, 'V&eacute;ronique Gaildrat');
INSERT INTO Write (AuthorID, PaperID) VALUES (3231, 783);
INSERT INTO Author (AuthorID, Name) VALUES (3232, 'Norman Meuschke');
INSERT INTO Write (AuthorID, PaperID) VALUES (3232, 2598);
INSERT INTO Author (AuthorID, Name) VALUES (3233, 'Don Kodiyan');
INSERT INTO Write (AuthorID, PaperID) VALUES (3233, 1097);
INSERT INTO Author (AuthorID, Name) VALUES (3234, 'Holger Kundisch');
INSERT INTO Write (AuthorID, PaperID) VALUES (3234, 3180);
INSERT INTO Author (AuthorID, Name) VALUES (3235, 'Peter Szolovits');
INSERT INTO Write (AuthorID, PaperID) VALUES (3235, 773);
INSERT INTO Author (AuthorID, Name) VALUES (3236, 'Marcelo de Bairros P. Filho');
INSERT INTO Write (AuthorID, PaperID) VALUES (3236, 2281);
INSERT INTO Author (AuthorID, Name) VALUES (3237, 'J. Antonio Nu&ntilde;ez-Ju&aacute;rez');
INSERT INTO Write (AuthorID, PaperID) VALUES (3237, 2187);
INSERT INTO Author (AuthorID, Name) VALUES (3238, 'Nuno Miranda');
INSERT INTO Write (AuthorID, PaperID) VALUES (3238, 458);
INSERT INTO Author (AuthorID, Name) VALUES (3239, 'Joris Guyonvarch');
INSERT INTO Write (AuthorID, PaperID) VALUES (3239, 1780);
INSERT INTO Author (AuthorID, Name) VALUES (3240, 'Xiangyu Sun');
INSERT INTO Write (AuthorID, PaperID) VALUES (3240, 3403);
INSERT INTO Author (AuthorID, Name) VALUES (3241, 'Satoshi Sekine');
INSERT INTO Write (AuthorID, PaperID) VALUES (3241, 1754);
INSERT INTO Author (AuthorID, Name) VALUES (3242, 'Takumi Takahashi');
INSERT INTO Write (AuthorID, PaperID) VALUES (3242, 771);
INSERT INTO Author (AuthorID, Name) VALUES (3243, 'Ralph Koelle');
INSERT INTO Write (AuthorID, PaperID) VALUES (3243, 2146);
INSERT INTO Author (AuthorID, Name) VALUES (3244, 'Laura Rivi&egrave;re');
INSERT INTO Write (AuthorID, PaperID) VALUES (3244, 2686);
INSERT INTO Author (AuthorID, Name) VALUES (3245, 'Hristina Taneva');
INSERT INTO Paper (PaperID, Title, Year, MDate, Key, DOI) VALUES (841, 'Multilingual Expert Search using Linked Open Data as Interlingual Representation.', 2010, '2014-09-24', 'conf/clef/HerzigT10', 'http://www.clef-initiative.eu/documents/71612/86374/CLEF2010wn-CriES-HerzigEt2010.pdf');
INSERT INTO Write (AuthorID, PaperID) VALUES (3245, 841);
INSERT INTO Author (AuthorID, Name) VALUES (3246, 'Raquel Mart&iacute;nez');
INSERT INTO Write (AuthorID, PaperID) VALUES (3246, 2786);
INSERT INTO Author (AuthorID, Name) VALUES (3247, 'Martin Davtyan');
INSERT INTO Write (AuthorID, PaperID) VALUES (3247, 2906);
INSERT INTO Author (AuthorID, Name) VALUES (3248, 'Adil Alpko&ccedil;ak');
INSERT INTO Write (AuthorID, PaperID) VALUES (3248, 1403);
INSERT INTO Author (AuthorID, Name) VALUES (3249, 'Aline Villavicencio');
INSERT INTO Write (AuthorID, PaperID) VALUES (3249, 2717);
INSERT INTO Author (AuthorID, Name) VALUES (3250, 'Symeon Papadopoulos');
INSERT INTO Write (AuthorID, PaperID) VALUES (3250, 1781);
INSERT INTO Author (AuthorID, Name) VALUES (3251, 'Tiberio Uricchio');
INSERT INTO Write (AuthorID, PaperID) VALUES (3251, 118);
INSERT INTO Author (AuthorID, Name) VALUES (3252, 'Miguel &Aacute;ngel &Aacute;lvarez Carmona');
INSERT INTO Write (AuthorID, PaperID) VALUES (3252, 1344);
INSERT INTO Author (AuthorID, Name) VALUES (3253, 'Lahsen Abouenour');
INSERT INTO Write (AuthorID, PaperID) VALUES (3253, 2842);
INSERT INTO Author (AuthorID, Name) VALUES (3254, 'Claudia Peersman');
INSERT INTO Write (AuthorID, PaperID) VALUES (3254, 3382);
INSERT INTO Author (AuthorID, Name) VALUES (3255, 'George K. Mikros');
INSERT INTO Write (AuthorID, PaperID) VALUES (3255, 2743);
INSERT INTO Author (AuthorID, Name) VALUES (3256, 'Anjan Dutta 0001');
INSERT INTO Write (AuthorID, PaperID) VALUES (3256, 1589);
INSERT INTO Author (AuthorID, Name) VALUES (3257, 'Pere R. Comas');
INSERT INTO Write (AuthorID, PaperID) VALUES (3257, 2543);
INSERT INTO Author (AuthorID, Name) VALUES (3258, 'Yangyang Zhou');
INSERT INTO Write (AuthorID, PaperID) VALUES (3258, 2681);
INSERT INTO Author (AuthorID, Name) VALUES (3259, 'N. Kiran Kumar');
INSERT INTO Write (AuthorID, PaperID) VALUES (3259, 1691);
INSERT INTO Author (AuthorID, Name) VALUES (3260, 'Karthikeyan Pasupathy');
INSERT INTO Write (AuthorID, PaperID) VALUES (3260, 422);
INSERT INTO Author (AuthorID, Name) VALUES (3261, 'Faza Elkateb');
INSERT INTO Write (AuthorID, PaperID) VALUES (3261, 601);
INSERT INTO Author (AuthorID, Name) VALUES (3262, 'Marlon Braun');
INSERT INTO Write (AuthorID, PaperID) VALUES (3262, 352);
INSERT INTO Author (AuthorID, Name) VALUES (3263, 'Harald Eckmann');
INSERT INTO Write (AuthorID, PaperID) VALUES (3263, 2379);
INSERT INTO Author (AuthorID, Name) VALUES (3264, 'Niraj Aswani');
INSERT INTO Write (AuthorID, PaperID) VALUES (3264, 3032);
INSERT INTO Author (AuthorID, Name) VALUES (3265, 'Anthony Yeo');
INSERT INTO Write (AuthorID, PaperID) VALUES (3265, 1156);
INSERT INTO Author (AuthorID, Name) VALUES (3266, 'Hamed Babaei Giglou');
INSERT INTO Write (AuthorID, PaperID) VALUES (3266, 1590);
INSERT INTO Author (AuthorID, Name) VALUES (3267, 'Andr&eacute;s Fuster Guill&oacute;');
INSERT INTO Write (AuthorID, PaperID) VALUES (3267, 3515);
INSERT INTO Author (AuthorID, Name) VALUES (3268, 'Martin Trenkmann');
INSERT INTO Write (AuthorID, PaperID) VALUES (3268, 3074);
INSERT INTO Author (AuthorID, Name) VALUES (3269, 'F&aacute;bio Pinto');
INSERT INTO Write (AuthorID, PaperID) VALUES (3269, 3118);
INSERT INTO Author (AuthorID, Name) VALUES (3270, 'Dimitrios Dimitriadis');
INSERT INTO Write (AuthorID, PaperID) VALUES (3270, 380);
INSERT INTO Author (AuthorID, Name) VALUES (3271, 'Hong-Wei Hao');
INSERT INTO Write (AuthorID, PaperID) VALUES (3271, 728);
INSERT INTO Author (AuthorID, Name) VALUES (3272, 'Mario S&auml;nger');
INSERT INTO Write (AuthorID, PaperID) VALUES (3272, 113);
INSERT INTO Author (AuthorID, Name) VALUES (3273, 'Quoc-Bao Nguyen');
INSERT INTO Write (AuthorID, PaperID) VALUES (3273, 2815);
INSERT INTO Author (AuthorID, Name) VALUES (3274, 'Akshay Budhkar');
INSERT INTO Write (AuthorID, PaperID) VALUES (3274, 1182);
INSERT INTO Author (AuthorID, Name) VALUES (3275, 'Tanik Saikh');
INSERT INTO Write (AuthorID, PaperID) VALUES (3275, 555);
INSERT INTO Author (AuthorID, Name) VALUES (3276, 'Alex Dagri');
INSERT INTO Write (AuthorID, PaperID) VALUES (3276, 2848);
INSERT INTO Author (AuthorID, Name) VALUES (3277, 'Caroline Brun');
INSERT INTO Write (AuthorID, PaperID) VALUES (3277, 737);
INSERT INTO Author (AuthorID, Name) VALUES (3278, 'Bo Luo');
INSERT INTO Write (AuthorID, PaperID) VALUES (3278, 3036);
INSERT INTO Author (AuthorID, Name) VALUES (3279, 'Martyna Patera');
INSERT INTO Write (AuthorID, PaperID) VALUES (3279, 473);
INSERT INTO Author (AuthorID, Name) VALUES (3280, 'Wendel Scardua');
INSERT INTO Write (AuthorID, PaperID) VALUES (3280, 1358);
INSERT INTO Author (AuthorID, Name) VALUES (3281, 'Alexandru Moldovan');
INSERT INTO Write (AuthorID, PaperID) VALUES (3281, 3154);
INSERT INTO Author (AuthorID, Name) VALUES (3282, 'Shakil Ahmed');
INSERT INTO Write (AuthorID, PaperID) VALUES (3282, 1945);
INSERT INTO Author (AuthorID, Name) VALUES (3283, 'Volker Sorge');
INSERT INTO Write (AuthorID, PaperID) VALUES (3283, 715);
INSERT INTO Author (AuthorID, Name) VALUES (3284, 'Khushboo Singhal');
INSERT INTO Write (AuthorID, PaperID) VALUES (3284, 1564);
INSERT INTO Author (AuthorID, Name) VALUES (3285, 'Iain James Marshall');
INSERT INTO Write (AuthorID, PaperID) VALUES (3285, 3365);
INSERT INTO Author (AuthorID, Name) VALUES (3286, 'Ludovic Denoyer');
INSERT INTO Write (AuthorID, PaperID) VALUES (3286, 256);
INSERT INTO Author (AuthorID, Name) VALUES (3287, 'Athanasios Staikopoulos');
INSERT INTO Write (AuthorID, PaperID) VALUES (3287, 1465);
INSERT INTO Author (AuthorID, Name) VALUES (3288, 'M. MacFarlane');
INSERT INTO Paper (PaperID, Title, Year, MDate, Key, DOI) VALUES (1251, 'Pliers and Snowball at CLEF 2002.', 2002, '2017-05-24', 'conf/clef/MacFarlane02', 'https://doi.org/10.1007/978-3-540-45237-9_27');
INSERT INTO Write (AuthorID, PaperID) VALUES (3288, 1251);
INSERT INTO Author (AuthorID, Name) VALUES (3289, 'Insup Lee');
INSERT INTO Write (AuthorID, PaperID) VALUES (3289, 2531);
INSERT INTO Author (AuthorID, Name) VALUES (3290, 'Peng Zheng');
INSERT INTO Write (AuthorID, PaperID) VALUES (3290, 1622);
INSERT INTO Author (AuthorID, Name) VALUES (3291, 'Lukas M&uuml;ller');
INSERT INTO Paper (PaperID, Title, Year, MDate, Key, DOI) VALUES (362, 'Bird Sound Classification using a Bidirectional LSTM.', 2018, '2018-08-08', 'conf/clef/MullerM18', 'http://ceur-ws.org/Vol-2125/paper_134.pdf');
INSERT INTO Write (AuthorID, PaperID) VALUES (3291, 362);
INSERT INTO Author (AuthorID, Name) VALUES (3292, 'Andias Wira-Alam');
INSERT INTO Write (AuthorID, PaperID) VALUES (3292, 2149);
INSERT INTO Author (AuthorID, Name) VALUES (3293, 'M-Dyaa Albakour');
INSERT INTO Write (AuthorID, PaperID) VALUES (3293, 234);
INSERT INTO Author (AuthorID, Name) VALUES (3294, 'Anne R. Diekema');
INSERT INTO Write (AuthorID, PaperID) VALUES (3294, 2026);
INSERT INTO Author (AuthorID, Name) VALUES (3295, 'Emmanouil Archontakis');
INSERT INTO Write (AuthorID, PaperID) VALUES (3295, 683);
INSERT INTO Author (AuthorID, Name) VALUES (3296, 'Steve Cassidy');
INSERT INTO Write (AuthorID, PaperID) VALUES (3296, 1760);
INSERT INTO Author (AuthorID, Name) VALUES (3297, 'Yupeng Su');
INSERT INTO Write (AuthorID, PaperID) VALUES (3297, 3253);
INSERT INTO Author (AuthorID, Name) VALUES (3298, 'Luca de Alfaro');
INSERT INTO Paper (PaperID, Title, Year, MDate, Key, DOI) VALUES (41, 'Detecting Wikipedia Vandalism using WikiTrust - Lab Report for PAN at CLEF 2010.', 2010, '2014-09-24', 'conf/clef/AdlerAP10', 'http://www.clef-initiative.eu/documents/71612/86374/CLEF2010wn-PAN-AdlerEt2010.pdf');
INSERT INTO Write (AuthorID, PaperID) VALUES (3298, 41);
INSERT INTO Author (AuthorID, Name) VALUES (3299, 'Suhong Wang');
INSERT INTO Write (AuthorID, PaperID) VALUES (3299, 1918);
INSERT INTO Author (AuthorID, Name) VALUES (3300, 'Vittorio Di Tomaso');
INSERT INTO Write (AuthorID, PaperID) VALUES (3300, 2105);
INSERT INTO Author (AuthorID, Name) VALUES (3301, 'Andreea Cristina Bursuc');
INSERT INTO Write (AuthorID, PaperID) VALUES (3301, 3302);
INSERT INTO Author (AuthorID, Name) VALUES (3302, 'Fr&eacute;d&eacute;ric Gianetti');
INSERT INTO Write (AuthorID, PaperID) VALUES (3302, 1988);
INSERT INTO Author (AuthorID, Name) VALUES (3303, 'Eugen Ignat');
INSERT INTO Write (AuthorID, PaperID) VALUES (3303, 2038);
INSERT INTO Author (AuthorID, Name) VALUES (3304, 'Nektaria Potha');
INSERT INTO Write (AuthorID, PaperID) VALUES (3304, 971);
INSERT INTO Author (AuthorID, Name) VALUES (3305, 'Michelle Ananda-Rajah');
INSERT INTO Write (AuthorID, PaperID) VALUES (3305, 3421);
INSERT INTO Author (AuthorID, Name) VALUES (3306, 'Changjun Hu');
INSERT INTO Write (AuthorID, PaperID) VALUES (3306, 1019);
INSERT INTO Author (AuthorID, Name) VALUES (3307, 'Jung-Wei Fan');
INSERT INTO Write (AuthorID, PaperID) VALUES (3307, 407);
INSERT INTO Author (AuthorID, Name) VALUES (3308, 'Lakshmi Lavanya Singampalli');
INSERT INTO Write (AuthorID, PaperID) VALUES (3308, 2454);
INSERT INTO Author (AuthorID, Name) VALUES (3309, 'Chiara Orsi');
INSERT INTO Write (AuthorID, PaperID) VALUES (3309, 190);
INSERT INTO Author (AuthorID, Name) VALUES (3310, 'Barathi Ganesh H. B.');
INSERT INTO Write (AuthorID, PaperID) VALUES (3310, 635);
INSERT INTO Author (AuthorID, Name) VALUES (3311, 'Giancarlo Ruffo');
INSERT INTO Write (AuthorID, PaperID) VALUES (3311, 2516);
INSERT INTO Author (AuthorID, Name) VALUES (3312, 'John Cardiff');
INSERT INTO Write (AuthorID, PaperID) VALUES (3312, 2665);
INSERT INTO Author (AuthorID, Name) VALUES (3313, 'Weiyu Lan');
INSERT INTO Write (AuthorID, PaperID) VALUES (3313, 279);
INSERT INTO Author (AuthorID, Name) VALUES (3314, 'Yuan-Chi Chang');
INSERT INTO Write (AuthorID, PaperID) VALUES (3314, 2815);
INSERT INTO Author (AuthorID, Name) VALUES (3315, 'Karol J. Piczak');
INSERT INTO Paper (PaperID, Title, Year, MDate, Key, DOI) VALUES (1271, 'Recognizing Bird Species in Audio Recordings using Deep Convolutional Neural Networks.', 2016, '2016-08-11', 'conf/clef/Piczak16', 'http://ceur-ws.org/Vol-1609/16090534.pdf');
INSERT INTO Write (AuthorID, PaperID) VALUES (3315, 1271);
INSERT INTO Author (AuthorID, Name) VALUES (3316, 'Oleg Bakhteev');
INSERT INTO Write (AuthorID, PaperID) VALUES (3316, 1338);
INSERT INTO Author (AuthorID, Name) VALUES (3317, 'Desislava Zhekova');
INSERT INTO Write (AuthorID, PaperID) VALUES (3317, 3506);
INSERT INTO Author (AuthorID, Name) VALUES (3318, 'Eugen Barbu');
INSERT INTO Write (AuthorID, PaperID) VALUES (3318, 582);
INSERT INTO Author (AuthorID, Name) VALUES (3319, 'Alejandro Mosquera L&oacute;pez');
INSERT INTO Write (AuthorID, PaperID) VALUES (3319, 752);
INSERT INTO Author (AuthorID, Name) VALUES (3320, 'Konstantin Avrachenkov');
INSERT INTO Write (AuthorID, PaperID) VALUES (3320, 2050);
INSERT INTO Author (AuthorID, Name) VALUES (3321, 'Manish Gupta 0001');
INSERT INTO Write (AuthorID, PaperID) VALUES (3321, 2737);
INSERT INTO Author (AuthorID, Name) VALUES (3322, 'Huaying Wu');
INSERT INTO Write (AuthorID, PaperID) VALUES (3322, 412);
INSERT INTO Author (AuthorID, Name) VALUES (3323, 'Jacinto Jes&uacute;s Mena Lome&ntilde;a');
INSERT INTO Write (AuthorID, PaperID) VALUES (3323, 2054);
INSERT INTO Author (AuthorID, Name) VALUES (3324, 'Hatem Loukil');
INSERT INTO Write (AuthorID, PaperID) VALUES (3324, 2748);
INSERT INTO Author (AuthorID, Name) VALUES (3325, 'Pepa Gencheva');
INSERT INTO Write (AuthorID, PaperID) VALUES (3325, 2704);
INSERT INTO Author (AuthorID, Name) VALUES (3326, 'Nut Limsopatham');
INSERT INTO Write (AuthorID, PaperID) VALUES (3326, 2965);
INSERT INTO Author (AuthorID, Name) VALUES (3327, 'Khaled Yasser');
INSERT INTO Write (AuthorID, PaperID) VALUES (3327, 2607);
INSERT INTO Author (AuthorID, Name) VALUES (3328, 'Wei Wu');
INSERT INTO Write (AuthorID, PaperID) VALUES (3328, 288);
INSERT INTO Author (AuthorID, Name) VALUES (3329, 'Halil Kilicoglu');
INSERT INTO Write (AuthorID, PaperID) VALUES (3329, 1954);
INSERT INTO Author (AuthorID, Name) VALUES (3330, 'Ping-Che Yang');
INSERT INTO Write (AuthorID, PaperID) VALUES (3330, 1230);
INSERT INTO Author (AuthorID, Name) VALUES (3331, 'Vincent Looten');
INSERT INTO Write (AuthorID, PaperID) VALUES (3331, 936);
INSERT INTO Author (AuthorID, Name) VALUES (3332, 'Olivier Pauly');
INSERT INTO Write (AuthorID, PaperID) VALUES (3332, 1083);
INSERT INTO Author (AuthorID, Name) VALUES (3333, 'Xiao-Ping Cui');
INSERT INTO Write (AuthorID, PaperID) VALUES (3333, 728);
INSERT INTO Author (AuthorID, Name) VALUES (3334, 'Andreas Kerren');
INSERT INTO Write (AuthorID, PaperID) VALUES (3334, 2385);
INSERT INTO Author (AuthorID, Name) VALUES (3335, 'R&uuml;st&uuml; T&uuml;rkay');
INSERT INTO Write (AuthorID, PaperID) VALUES (3335, 479);
INSERT INTO Author (AuthorID, Name) VALUES (3336, 'Iuliana Draghici');
INSERT INTO Write (AuthorID, PaperID) VALUES (3336, 3073);
INSERT INTO Author (AuthorID, Name) VALUES (3337, 'Gayathri Vasudevan');
INSERT INTO Write (AuthorID, PaperID) VALUES (3337, 1598);
INSERT INTO Author (AuthorID, Name) VALUES (3338, 'Karl Aberer');
INSERT INTO Write (AuthorID, PaperID) VALUES (3338, 565);
INSERT INTO Author (AuthorID, Name) VALUES (3339, 'Guohua Lei');
INSERT INTO Write (AuthorID, PaperID) VALUES (3339, 1738);
INSERT INTO Author (AuthorID, Name) VALUES (3340, 'M. R. Ghaeini');
INSERT INTO Paper (PaperID, Title, Year, MDate, Key, DOI) VALUES (1524, 'Intrinsic Author Identification Using Modified Weighted KNN Notebook for PAN at CLEF 2013.', 2013, '2014-09-10', 'conf/clef/Ghaeini13', 'http://ceur-ws.org/Vol-1179/CLEF2013wn-PAN-Ghaeini2013.pdf');
INSERT INTO Write (AuthorID, PaperID) VALUES (3340, 1524);
INSERT INTO Author (AuthorID, Name) VALUES (3341, 'Hasan Zeynali');
INSERT INTO Write (AuthorID, PaperID) VALUES (3341, 1590);
INSERT INTO Author (AuthorID, Name) VALUES (3342, 'Ankur Teredesai');
INSERT INTO Write (AuthorID, PaperID) VALUES (3342, 1598);
INSERT INTO Author (AuthorID, Name) VALUES (3343, 'Jinglin Kang');
INSERT INTO Write (AuthorID, PaperID) VALUES (3343, 1455);
INSERT INTO Author (AuthorID, Name) VALUES (3344, 'Wojciech Samek');
INSERT INTO Write (AuthorID, PaperID) VALUES (3344, 502);
INSERT INTO Author (AuthorID, Name) VALUES (3345, 'Jaean Lee');
INSERT INTO Write (AuthorID, PaperID) VALUES (3345, 989);
INSERT INTO Author (AuthorID, Name) VALUES (3346, 'Atsushi Kanehira');
INSERT INTO Write (AuthorID, PaperID) VALUES (3346, 1306);
INSERT INTO Author (AuthorID, Name) VALUES (3347, 'Pascal Monestiez');
INSERT INTO Write (AuthorID, PaperID) VALUES (3347, 2700);
INSERT INTO Author (AuthorID, Name) VALUES (3348, 'Arantza Casillas');
INSERT INTO Write (AuthorID, PaperID) VALUES (3348, 2786);
INSERT INTO Author (AuthorID, Name) VALUES (3349, 'Bingyuan Liu');
INSERT INTO Write (AuthorID, PaperID) VALUES (3349, 3305);
INSERT INTO Author (AuthorID, Name) VALUES (3350, 'Michael Ryan');
INSERT INTO Paper (PaperID, Title, Year, MDate, Key, DOI) VALUES (1226, 'Mixture of Experts Authorship Attribution.', 2012, '2014-09-24', 'conf/clef/RyanN12', 'http://www.clef-initiative.eu/documents/71612/df6cc42b-3873-4af8-93d5-8221a3f5b1a4');
INSERT INTO Write (AuthorID, PaperID) VALUES (3350, 1226);
INSERT INTO Author (AuthorID, Name) VALUES (3351, 'Fan Fang');
INSERT INTO Write (AuthorID, PaperID) VALUES (3351, 1127);
INSERT INTO Author (AuthorID, Name) VALUES (3352, 'Peter Kampstra');
INSERT INTO Write (AuthorID, PaperID) VALUES (3352, 724);
INSERT INTO Author (AuthorID, Name) VALUES (3353, 'Walid Mahdi');
INSERT INTO Write (AuthorID, PaperID) VALUES (3353, 1426);
INSERT INTO Author (AuthorID, Name) VALUES (3354, 'F&aacute;bio Augusto Faria');
INSERT INTO Write (AuthorID, PaperID) VALUES (3354, 3164);
INSERT INTO Author (AuthorID, Name) VALUES (3355, 'Yanli Song');
INSERT INTO Write (AuthorID, PaperID) VALUES (3355, 1084);
INSERT INTO Author (AuthorID, Name) VALUES (3356, 'G. S. K. Santosh');
INSERT INTO Write (AuthorID, PaperID) VALUES (3356, 1691);
INSERT INTO Author (AuthorID, Name) VALUES (3357, 'Ehsan Sherkat');
INSERT INTO Write (AuthorID, PaperID) VALUES (3357, 2992);
INSERT INTO Author (AuthorID, Name) VALUES (3358, 'Fl&aacute;via Bernardini');
INSERT INTO Write (AuthorID, PaperID) VALUES (3358, 1266);
INSERT INTO Author (AuthorID, Name) VALUES (3359, 'Kumar Gourav Das');
INSERT INTO Write (AuthorID, PaperID) VALUES (3359, 3375);
INSERT INTO Author (AuthorID, Name) VALUES (3360, 'Ayan Bandyopadhyay');
INSERT INTO Write (AuthorID, PaperID) VALUES (3360, 3056);
INSERT INTO Author (AuthorID, Name) VALUES (3361, 'Fanglin Chen');
INSERT INTO Write (AuthorID, PaperID) VALUES (3361, 2334);
INSERT INTO Author (AuthorID, Name) VALUES (3362, 'Olatz Perez-de-Vi&ntilde;aspre');
INSERT INTO Write (AuthorID, PaperID) VALUES (3362, 2786);
INSERT INTO Author (AuthorID, Name) VALUES (3363, 'Jessie Lim');
INSERT INTO Write (AuthorID, PaperID) VALUES (3363, 2886);
INSERT INTO Author (AuthorID, Name) VALUES (3364, 'Jitendra Jonnagaddala');
INSERT INTO Write (AuthorID, PaperID) VALUES (3364, 2348);
INSERT INTO Author (AuthorID, Name) VALUES (3365, 'Marcos Zampieri');
INSERT INTO Write (AuthorID, PaperID) VALUES (3365, 1765);
INSERT INTO Author (AuthorID, Name) VALUES (3366, 'Felix Hamborg');
INSERT INTO Write (AuthorID, PaperID) VALUES (3366, 2598);
INSERT INTO Author (AuthorID, Name) VALUES (3367, 'Jir&iacute; Rybicka');
INSERT INTO Write (AuthorID, PaperID) VALUES (3367, 3392);
INSERT INTO Author (AuthorID, Name) VALUES (3368, 'Chengbo Tian');
INSERT INTO Write (AuthorID, PaperID) VALUES (3368, 1186);
INSERT INTO Author (AuthorID, Name) VALUES (3369, 'Dang Vo');
INSERT INTO Write (AuthorID, PaperID) VALUES (3369, 242);
INSERT INTO Author (AuthorID, Name) VALUES (3370, 'Pius von D&auml;niken');
INSERT INTO Write (AuthorID, PaperID) VALUES (3370, 625);
INSERT INTO Author (AuthorID, Name) VALUES (3371, 'Zhen Guo');
INSERT INTO Write (AuthorID, PaperID) VALUES (3371, 939);
INSERT INTO Author (AuthorID, Name) VALUES (3372, 'Alan W. Black');
INSERT INTO Write (AuthorID, PaperID) VALUES (3372, 2240);
INSERT INTO Author (AuthorID, Name) VALUES (3373, 'Francisco J. Valverde-Albacete');
INSERT INTO Write (AuthorID, PaperID) VALUES (3373, 1389);
INSERT INTO Author (AuthorID, Name) VALUES (3374, 'Antonio Reyes');
INSERT INTO Write (AuthorID, PaperID) VALUES (3374, 2654);
INSERT INTO Author (AuthorID, Name) VALUES (3375, 'Jimmy Huang');
INSERT INTO Write (AuthorID, PaperID) VALUES (3375, 2091);
INSERT INTO Author (AuthorID, Name) VALUES (3376, 'Weip&eacute;ng Hu&aacute;ng');
INSERT INTO Write (AuthorID, PaperID) VALUES (3376, 2072);
INSERT INTO Author (AuthorID, Name) VALUES (3377, 'Jos&eacute; Ortiz-Bejar');
INSERT INTO Write (AuthorID, PaperID) VALUES (3377, 2393);
INSERT INTO Author (AuthorID, Name) VALUES (3378, 'Lamberto Ballan');
INSERT INTO Write (AuthorID, PaperID) VALUES (3378, 118);
INSERT INTO Author (AuthorID, Name) VALUES (3379, 'Marc Bron');
INSERT INTO Write (AuthorID, PaperID) VALUES (3379, 1615);
INSERT INTO Author (AuthorID, Name) VALUES (3380, 'Moniek Nieuwenhuis');
INSERT INTO Write (AuthorID, PaperID) VALUES (3380, 767);
INSERT INTO Author (AuthorID, Name) VALUES (3381, 'Walter Lucetti');
INSERT INTO Paper (PaperID, Title, Year, MDate, Key, DOI) VALUES (1484, 'Combination of Classifiers for Indoor Room Recognition CGS participation at ImageCLEF2010 Robot Vision Task.', 2010, '2014-09-24', 'conf/clef/LucettiL10', 'http://www.clef-initiative.eu/documents/71612/86374/CLEF2010wn-ImageCLEF-LucettiEt2010.pdf');
INSERT INTO Write (AuthorID, PaperID) VALUES (3381, 1484);
INSERT INTO Author (AuthorID, Name) VALUES (3382, 'Paraic Sheridan');
INSERT INTO Write (AuthorID, PaperID) VALUES (3382, 2165);
INSERT INTO Author (AuthorID, Name) VALUES (3383, 'Christi&aacute;n Golian');
INSERT INTO Write (AuthorID, PaperID) VALUES (3383, 3186);
INSERT INTO Author (AuthorID, Name) VALUES (3384, 'Elisa Piccinini');
INSERT INTO Write (AuthorID, PaperID) VALUES (3384, 1900);
INSERT INTO Author (AuthorID, Name) VALUES (3385, 'Maarten van der Heijden');
INSERT INTO Write (AuthorID, PaperID) VALUES (3385, 641);
INSERT INTO Author (AuthorID, Name) VALUES (3386, 'Kelvin Weng Chiong Foong');
INSERT INTO Write (AuthorID, PaperID) VALUES (3386, 275);
INSERT INTO Author (AuthorID, Name) VALUES (3387, 'Patrick Bordes');
INSERT INTO Write (AuthorID, PaperID) VALUES (3387, 893);
INSERT INTO Author (AuthorID, Name) VALUES (3388, 'Levente Kov&aacute;cs');
INSERT INTO Write (AuthorID, PaperID) VALUES (3388, 103);
INSERT INTO Author (AuthorID, Name) VALUES (3389, 'Mohamed Saleem Haja Nazmudeen');
INSERT INTO Write (AuthorID, PaperID) VALUES (3389, 707);
INSERT INTO Author (AuthorID, Name) VALUES (3390, 'Rianne Kaptein');
INSERT INTO Paper (PaperID, Title, Year, MDate, Key, DOI) VALUES (2023, 'Learning to Analyze Relevancy and Polarity of Tweets.', 2012, '2014-09-24', 'conf/clef/Kaptein12', 'http://www.clef-initiative.eu/documents/71612/ea6f75b3-2ed3-4fd3-a39f-683b6007ede4');
INSERT INTO Write (AuthorID, PaperID) VALUES (3390, 2023);
INSERT INTO Author (AuthorID, Name) VALUES (3391, 'Kavishwar B. Wagholikar');
INSERT INTO Write (AuthorID, PaperID) VALUES (3391, 276);
INSERT INTO Author (AuthorID, Name) VALUES (3392, 'Bob Fisher');
INSERT INTO Write (AuthorID, PaperID) VALUES (3392, 1876);
INSERT INTO Author (AuthorID, Name) VALUES (3393, 'Xianzhi Deng');
INSERT INTO Write (AuthorID, PaperID) VALUES (3393, 1981);
INSERT INTO Author (AuthorID, Name) VALUES (3394, 'Jun Fu');
INSERT INTO Write (AuthorID, PaperID) VALUES (3394, 3305);
INSERT INTO Author (AuthorID, Name) VALUES (3395, 'Xian-Hua Han');
INSERT INTO Write (AuthorID, PaperID) VALUES (3395, 3225);
INSERT INTO Author (AuthorID, Name) VALUES (3396, 'Fernando Llopis Pascual');
INSERT INTO Write (AuthorID, PaperID) VALUES (3396, 3515);
INSERT INTO Author (AuthorID, Name) VALUES (3397, 'L&aacute;szl&oacute; Ny&uacute;l');
INSERT INTO Write (AuthorID, PaperID) VALUES (3397, 3322);
INSERT INTO Author (AuthorID, Name) VALUES (3398, 'Will Edman');
INSERT INTO Write (AuthorID, PaperID) VALUES (3398, 3425);
INSERT INTO Author (AuthorID, Name) VALUES (3399, 'Ofelia Cervantes');
INSERT INTO Write (AuthorID, PaperID) VALUES (3399, 3501);
INSERT INTO Author (AuthorID, Name) VALUES (3400, 'Michael Tepper');
INSERT INTO Paper (PaperID, Title, Year, MDate, Key, DOI) VALUES (2518, 'Using Hand-Written Rewrite Rules to Induce Underlying Morphology.', 2007, '2014-09-23', 'conf/clef/Tepper07', 'http://ceur-ws.org/Vol-1173/CLEF2007wn-MorphoChallenge-Tepper2007.pdf');
INSERT INTO Write (AuthorID, PaperID) VALUES (3400, 2518);
INSERT INTO Author (AuthorID, Name) VALUES (3401, 'Leonard Kr&auml;mer');
INSERT INTO Write (AuthorID, PaperID) VALUES (3401, 2598);
INSERT INTO Author (AuthorID, Name) VALUES (3402, 'Henrik I. Christensen');
INSERT INTO Write (AuthorID, PaperID) VALUES (3402, 2925);
INSERT INTO Author (AuthorID, Name) VALUES (3403, 'Assafa El Kaidi');
INSERT INTO Write (AuthorID, PaperID) VALUES (3403, 3140);
INSERT INTO Author (AuthorID, Name) VALUES (3404, 'Daniel M. Herzig');
INSERT INTO Write (AuthorID, PaperID) VALUES (3404, 841);
INSERT INTO Author (AuthorID, Name) VALUES (3405, 'Luis A. Leiva');
INSERT INTO Write (AuthorID, PaperID) VALUES (3405, 2527);
INSERT INTO Author (AuthorID, Name) VALUES (3406, 'Qiang Zhang');
INSERT INTO Write (AuthorID, PaperID) VALUES (3406, 80);
INSERT INTO Author (AuthorID, Name) VALUES (3407, 'Cindy F&auml;hnrich');
INSERT INTO Write (AuthorID, PaperID) VALUES (3407, 2571);
INSERT INTO Author (AuthorID, Name) VALUES (3408, 'Jimeng Sun');
INSERT INTO Write (AuthorID, PaperID) VALUES (3408, 1132);
INSERT INTO Author (AuthorID, Name) VALUES (3409, 'Hiroshi Muraoka');
INSERT INTO Write (AuthorID, PaperID) VALUES (3409, 1569);
INSERT INTO Author (AuthorID, Name) VALUES (3410, 'Hyosup Shim');
INSERT INTO Write (AuthorID, PaperID) VALUES (3410, 551);
INSERT INTO Author (AuthorID, Name) VALUES (3411, 'Timo Petmanson');
INSERT INTO Paper (PaperID, Title, Year, MDate, Key, DOI) VALUES (2918, 'Authorship Identification Using Correlations of Frequent Features Notebook for PAN at CLEF 2013.', 2013, '2014-09-10', 'conf/clef/Petmanson13', 'http://ceur-ws.org/Vol-1179/CLEF2013wn-PAN-Petmanson2013.pdf');
INSERT INTO Write (AuthorID, PaperID) VALUES (3411, 2918);
INSERT INTO Author (AuthorID, Name) VALUES (3412, 'Joyce Y. Chai');
INSERT INTO Write (AuthorID, PaperID) VALUES (3412, 226);
INSERT INTO Author (AuthorID, Name) VALUES (3413, 'Karin Friberg');
INSERT INTO Write (AuthorID, PaperID) VALUES (3413, 1958);
INSERT INTO Author (AuthorID, Name) VALUES (3414, 'Souvick Ghosh');
INSERT INTO Write (AuthorID, PaperID) VALUES (3414, 1810);
INSERT INTO Author (AuthorID, Name) VALUES (3415, 'Jing Yang');
INSERT INTO Write (AuthorID, PaperID) VALUES (3415, 1884);
INSERT INTO Author (AuthorID, Name) VALUES (3416, 'Aonghus Lawlor');
INSERT INTO Write (AuthorID, PaperID) VALUES (3416, 1827);
INSERT INTO Author (AuthorID, Name) VALUES (3417, 'Rim Fakhfakh');
INSERT INTO Write (AuthorID, PaperID) VALUES (3417, 1510);
INSERT INTO Author (AuthorID, Name) VALUES (3418, 'Ines Chami');
INSERT INTO Write (AuthorID, PaperID) VALUES (3418, 447);
INSERT INTO Author (AuthorID, Name) VALUES (3419, 'Rick Kosse');
INSERT INTO Write (AuthorID, PaperID) VALUES (3419, 1816);
INSERT INTO Author (AuthorID, Name) VALUES (3420, 'Daniel A. Keim');
INSERT INTO Write (AuthorID, PaperID) VALUES (3420, 7);
INSERT INTO Author (AuthorID, Name) VALUES (3421, 'B. Thomas Adler');
INSERT INTO Write (AuthorID, PaperID) VALUES (3421, 41);
INSERT INTO Author (AuthorID, Name) VALUES (3422, 'Youssef Tamaazousti');
INSERT INTO Write (AuthorID, PaperID) VALUES (3422, 447);
INSERT INTO Author (AuthorID, Name) VALUES (3423, 'Farig Sadeque');
INSERT INTO Write (AuthorID, PaperID) VALUES (3423, 2981);
INSERT INTO Author (AuthorID, Name) VALUES (3424, 'Gr&eacute;gory Senay');
INSERT INTO Write (AuthorID, PaperID) VALUES (3424, 2602);
INSERT INTO Author (AuthorID, Name) VALUES (3425, 'Rik van Noord');
INSERT INTO Write (AuthorID, PaperID) VALUES (3425, 962);
INSERT INTO Author (AuthorID, Name) VALUES (3426, 'Dobrinka Tabakova');
INSERT INTO Write (AuthorID, PaperID) VALUES (3426, 3263);
INSERT INTO Author (AuthorID, Name) VALUES (3427, 'Xuchen Yao');
INSERT INTO Write (AuthorID, PaperID) VALUES (3427, 2045);
INSERT INTO Author (AuthorID, Name) VALUES (3428, 'Chao Zhu');
INSERT INTO Write (AuthorID, PaperID) VALUES (3428, 1252);
INSERT INTO Author (AuthorID, Name) VALUES (3429, 'Ana Garcia del Molino');
INSERT INTO Write (AuthorID, PaperID) VALUES (3429, 1380);
INSERT INTO Author (AuthorID, Name) VALUES (3430, 'Vladislav Blinov');
INSERT INTO Write (AuthorID, PaperID) VALUES (3430, 2089);
INSERT INTO Author (AuthorID, Name) VALUES (3431, 'Amilcare Gentili');
INSERT INTO Paper (PaperID, Title, Year, MDate, Key, DOI) VALUES (2747, 'ImageCLEF2018: Transfer Learning for Deep Learning with CNN for Tuberculosis Classification.', 2018, '2018-08-08', 'conf/clef/Gentili18', 'http://ceur-ws.org/Vol-2125/paper_145.pdf');
INSERT INTO Write (AuthorID, PaperID) VALUES (3431, 2747);
INSERT INTO Author (AuthorID, Name) VALUES (3432, 'Alina-Elena Mih&aring;il&aring;');
INSERT INTO Write (AuthorID, PaperID) VALUES (3432, 2863);
INSERT INTO Author (AuthorID, Name) VALUES (3433, 'Sho Inaba');
INSERT INTO Write (AuthorID, PaperID) VALUES (3433, 1569);
INSERT INTO Author (AuthorID, Name) VALUES (3434, 'A. Akilandeswari');
INSERT INTO Write (AuthorID, PaperID) VALUES (3434, 3083);
INSERT INTO Author (AuthorID, Name) VALUES (3435, 'Mark J. Huiskes');
INSERT INTO Write (AuthorID, PaperID) VALUES (3435, 3337);
INSERT INTO Author (AuthorID, Name) VALUES (3436, 'Thomas Gottron');
INSERT INTO Paper (PaperID, Title, Year, MDate, Key, DOI) VALUES (2060, 'External Plagiarism Detection Based on Standard IR Technology and Fast Recognition of Common Subsequences - Lab Report for PAN at CLEF 2010.', 2010, '2014-09-24', 'conf/clef/Gottron10', 'http://www.clef-initiative.eu/documents/71612/86374/CLEF2010wn-PAN-Gottron2010.pdf');
INSERT INTO Write (AuthorID, PaperID) VALUES (3436, 2060);
INSERT INTO Author (AuthorID, Name) VALUES (3437, 'Tristan Perez');
INSERT INTO Write (AuthorID, PaperID) VALUES (3437, 1059);
INSERT INTO Author (AuthorID, Name) VALUES (3438, 'Jan Pawellek');
INSERT INTO Write (AuthorID, PaperID) VALUES (3438, 2236);
INSERT INTO Author (AuthorID, Name) VALUES (3439, 'Ferron Saan');
INSERT INTO Write (AuthorID, PaperID) VALUES (3439, 1470);
INSERT INTO Author (AuthorID, Name) VALUES (3440, 'Jian Qin');
INSERT INTO Write (AuthorID, PaperID) VALUES (3440, 2334);
INSERT INTO Author (AuthorID, Name) VALUES (3441, 'Oskar Maier');
INSERT INTO Write (AuthorID, PaperID) VALUES (3441, 785);
INSERT INTO Author (AuthorID, Name) VALUES (3442, 'Vianney Jouhet');
INSERT INTO Write (AuthorID, PaperID) VALUES (3442, 1694);
INSERT INTO Author (AuthorID, Name) VALUES (3443, 'Ismini Lourentzou');
INSERT INTO Write (AuthorID, PaperID) VALUES (3443, 1430);
INSERT INTO Author (AuthorID, Name) VALUES (3444, 'Beyza Ermis');
INSERT INTO Write (AuthorID, PaperID) VALUES (3444, 1640);
INSERT INTO Author (AuthorID, Name) VALUES (3445, 'Soonyoung Jung');
INSERT INTO Write (AuthorID, PaperID) VALUES (3445, 615);
INSERT INTO Author (AuthorID, Name) VALUES (3446, 'Hitoshi Terai');
INSERT INTO Write (AuthorID, PaperID) VALUES (3446, 1242);
INSERT INTO Author (AuthorID, Name) VALUES (3447, 'Alkesh Patel');
INSERT INTO Write (AuthorID, PaperID) VALUES (3447, 718);
INSERT INTO Author (AuthorID, Name) VALUES (3448, 'Shereen Broido');
INSERT INTO Write (AuthorID, PaperID) VALUES (3448, 3059);
INSERT INTO Author (AuthorID, Name) VALUES (3449, 'David Rex');
INSERT INTO Write (AuthorID, PaperID) VALUES (3449, 1404);
INSERT INTO Author (AuthorID, Name) VALUES (3450, 'Quoc Ho');
INSERT INTO Write (AuthorID, PaperID) VALUES (3450, 1248);
INSERT INTO Author (AuthorID, Name) VALUES (3451, 'Raul Moreno');
INSERT INTO Write (AuthorID, PaperID) VALUES (3451, 2072);
INSERT INTO Author (AuthorID, Name) VALUES (3452, 'Beatrice Alex');
INSERT INTO Write (AuthorID, PaperID) VALUES (3452, 1114);
INSERT INTO Author (AuthorID, Name) VALUES (3453, 'Pol Cirujeda');
INSERT INTO Write (AuthorID, PaperID) VALUES (3453, 1011);
INSERT INTO Author (AuthorID, Name) VALUES (3454, 'Wen-Juan Hou');
INSERT INTO Write (AuthorID, PaperID) VALUES (3454, 1962);
INSERT INTO Author (AuthorID, Name) VALUES (3455, 'Ilya S. Geller');
INSERT INTO Paper (PaperID, Title, Year, MDate, Key, DOI) VALUES (1480, 'LexiClone Inc. at CLEF WiQA.', 2006, '2014-08-15', 'conf/clef/Geller06', 'http://ceur-ws.org/Vol-1172/CLEF2006wn-QACLEF-Geller2006.pdf');
INSERT INTO Write (AuthorID, PaperID) VALUES (3455, 1480);
INSERT INTO Author (AuthorID, Name) VALUES (3456, 'Polyxeni Katsiouli');
INSERT INTO Write (AuthorID, PaperID) VALUES (3456, 2109);
INSERT INTO Author (AuthorID, Name) VALUES (3457, 'Mengting Li');
INSERT INTO Write (AuthorID, PaperID) VALUES (3457, 1884);
INSERT INTO Author (AuthorID, Name) VALUES (3458, 'Ifrah Pervaz');
INSERT INTO Write (AuthorID, PaperID) VALUES (3458, 1885);
INSERT INTO Author (AuthorID, Name) VALUES (3459, 'Jolanta Mizera-Pietraszko');
INSERT INTO Paper (PaperID, Title, Year, MDate, Key, DOI) VALUES (3162, 'Accuracy of the AID System''s Information Retrieval in Processing Huge Data Collections.', 2006, '2014-08-15', 'conf/clef/Mizera-Pietraszko06', 'http://ceur-ws.org/Vol-1172/CLEF2006wn-QACLEF-MizeraPietraszko2006.pdf');
INSERT INTO Write (AuthorID, PaperID) VALUES (3459, 3162);
INSERT INTO Author (AuthorID, Name) VALUES (3460, 'Romain Beaumont');
INSERT INTO Write (AuthorID, PaperID) VALUES (3460, 1022);
INSERT INTO Author (AuthorID, Name) VALUES (3461, 'Jonathan Goh');
INSERT INTO Write (AuthorID, PaperID) VALUES (3461, 1610);
INSERT INTO Author (AuthorID, Name) VALUES (3462, 'Stefan Schulz 0001');
INSERT INTO Write (AuthorID, PaperID) VALUES (3462, 2644);
INSERT INTO Author (AuthorID, Name) VALUES (3463, 'Sergio Mancera');
INSERT INTO Write (AuthorID, PaperID) VALUES (3463, 581);
INSERT INTO Author (AuthorID, Name) VALUES (3464, 'Pierre-Olivier Mazagol');
INSERT INTO Write (AuthorID, PaperID) VALUES (3464, 3262);
INSERT INTO Author (AuthorID, Name) VALUES (3465, 'Masathosi Hidaka');
INSERT INTO Write (AuthorID, PaperID) VALUES (3465, 1306);
INSERT INTO Author (AuthorID, Name) VALUES (3466, 'Ilia Kaufman');
INSERT INTO Write (AuthorID, PaperID) VALUES (3466, 2729);
INSERT INTO Author (AuthorID, Name) VALUES (3467, 'Viktor Hangya');
INSERT INTO Write (AuthorID, PaperID) VALUES (3467, 982);
INSERT INTO Author (AuthorID, Name) VALUES (3468, 'Marine Wauquier');
INSERT INTO Write (AuthorID, PaperID) VALUES (3468, 2686);
INSERT INTO Author (AuthorID, Name) VALUES (3469, 'Christine D. Piatko');
INSERT INTO Write (AuthorID, PaperID) VALUES (3469, 349);
INSERT INTO Author (AuthorID, Name) VALUES (3470, 'Yang Huang');
INSERT INTO Write (AuthorID, PaperID) VALUES (3470, 407);
INSERT INTO Author (AuthorID, Name) VALUES (3471, 'Jiao Qu');
INSERT INTO Write (AuthorID, PaperID) VALUES (3471, 728);
INSERT INTO Author (AuthorID, Name) VALUES (3472, 'Julia Ive');
INSERT INTO Write (AuthorID, PaperID) VALUES (3472, 1259);
INSERT INTO Author (AuthorID, Name) VALUES (3473, 'S&eacute;bastien D&eacute;jean');
INSERT INTO Write (AuthorID, PaperID) VALUES (3473, 2712);
INSERT INTO Author (AuthorID, Name) VALUES (3474, 'Simon Ostermann 0002');
INSERT INTO Write (AuthorID, PaperID) VALUES (3474, 2110);
INSERT INTO Author (AuthorID, Name) VALUES (3475, 'Rachael Rafter');
INSERT INTO Write (AuthorID, PaperID) VALUES (3475, 1827);
INSERT INTO Author (AuthorID, Name) VALUES (3476, 'Antoine Isaac');
INSERT INTO Write (AuthorID, PaperID) VALUES (3476, 3295);
INSERT INTO Author (AuthorID, Name) VALUES (3477, 'Venkataravikiran Ravva');
INSERT INTO Write (AuthorID, PaperID) VALUES (3477, 2454);
INSERT INTO Author (AuthorID, Name) VALUES (3478, 'David Paul Dupplaw');
INSERT INTO Write (AuthorID, PaperID) VALUES (3478, 1362);
INSERT INTO Author (AuthorID, Name) VALUES (3479, 'Simon Wakeling');
INSERT INTO Write (AuthorID, PaperID) VALUES (3479, 1599);
INSERT INTO Author (AuthorID, Name) VALUES (3480, 'Giannis Tsakonas');
INSERT INTO Write (AuthorID, PaperID) VALUES (3480, 1428);
INSERT INTO Author (AuthorID, Name) VALUES (3481, 'Marco Jungwirth');
INSERT INTO Write (AuthorID, PaperID) VALUES (3481, 712);
INSERT INTO Author (AuthorID, Name) VALUES (3482, 'Joe Reisetter');
INSERT INTO Write (AuthorID, PaperID) VALUES (3482, 631);
INSERT INTO Author (AuthorID, Name) VALUES (3483, 'Ningjie Lu');
INSERT INTO Write (AuthorID, PaperID) VALUES (3483, 1884);
INSERT INTO Author (AuthorID, Name) VALUES (3484, 'Shashank Gupta 0001');
INSERT INTO Write (AuthorID, PaperID) VALUES (3484, 2737);
INSERT INTO Author (AuthorID, Name) VALUES (3485, 'Miguel &Aacute;ngel Garc&iacute;a Calder&oacute;n');
INSERT INTO Write (AuthorID, PaperID) VALUES (3485, 1871);
INSERT INTO Author (AuthorID, Name) VALUES (3486, 'Bela Gipp');
INSERT INTO Write (AuthorID, PaperID) VALUES (3486, 2598);
INSERT INTO Author (AuthorID, Name) VALUES (3487, 'Wei Lu');
INSERT INTO Write (AuthorID, PaperID) VALUES (3487, 769);
INSERT INTO Author (AuthorID, Name) VALUES (3488, 'Martin Boyanov');
INSERT INTO Write (AuthorID, PaperID) VALUES (3488, 2704);
INSERT INTO Author (AuthorID, Name) VALUES (3489, 'Rohit G. Bharadwaj');
INSERT INTO Write (AuthorID, PaperID) VALUES (3489, 1503);
INSERT INTO Author (AuthorID, Name) VALUES (3490, 'Imane Nedjar');
INSERT INTO Write (AuthorID, PaperID) VALUES (3490, 3294);
INSERT INTO Author (AuthorID, Name) VALUES (3491, 'Martyna Spiewak');
INSERT INTO Write (AuthorID, PaperID) VALUES (3491, 3465);
INSERT INTO Author (AuthorID, Name) VALUES (3492, 'Mario Marti');
INSERT INTO Write (AuthorID, PaperID) VALUES (3492, 362);
INSERT INTO Author (AuthorID, Name) VALUES (3493, 'Valeria Bolotova');
INSERT INTO Write (AuthorID, PaperID) VALUES (3493, 2089);
INSERT INTO Author (AuthorID, Name) VALUES (3494, 'Alessandro Zamberletti');
INSERT INTO Write (AuthorID, PaperID) VALUES (3494, 2013);
INSERT INTO Author (AuthorID, Name) VALUES (3495, 'Ferm&iacute;n L. Cruz');
INSERT INTO Write (AuthorID, PaperID) VALUES (3495, 686);
INSERT INTO Author (AuthorID, Name) VALUES (3496, 'Robert Anderson');
INSERT INTO Write (AuthorID, PaperID) VALUES (3496, 1422);
INSERT INTO Author (AuthorID, Name) VALUES (3497, 'Ipek Ganiyusufoglu');
INSERT INTO Write (AuthorID, PaperID) VALUES (3497, 322);
INSERT INTO Author (AuthorID, Name) VALUES (3498, 'Alexander Kalinovsky');
INSERT INTO Write (AuthorID, PaperID) VALUES (3498, 743);
INSERT INTO Author (AuthorID, Name) VALUES (3499, 'Matthieu Guillaumin');
INSERT INTO Write (AuthorID, PaperID) VALUES (3499, 1899);
INSERT INTO Author (AuthorID, Name) VALUES (3500, 'Lily Fitria');
INSERT INTO Write (AuthorID, PaperID) VALUES (3500, 890);
INSERT INTO Author (AuthorID, Name) VALUES (3501, 'Arnaldo de Albuquerque Ara&uacute;jo');
INSERT INTO Write (AuthorID, PaperID) VALUES (3501, 3393);
INSERT INTO Author (AuthorID, Name) VALUES (3502, 'Wilfred Blom');
INSERT INTO Write (AuthorID, PaperID) VALUES (3502, 2891);
INSERT INTO Author (AuthorID, Name) VALUES (3503, 'Vinh-Tiep Nguyen');
INSERT INTO Write (AuthorID, PaperID) VALUES (3503, 1058);
INSERT INTO Author (AuthorID, Name) VALUES (3504, 'Matthias Samwald');
INSERT INTO Write (AuthorID, PaperID) VALUES (3504, 3106);
INSERT INTO Author (AuthorID, Name) VALUES (3505, 'Damien Malinas');
INSERT INTO Write (AuthorID, PaperID) VALUES (3505, 2289);
INSERT INTO Author (AuthorID, Name) VALUES (3506, 'Aniruddha Ghosh');
INSERT INTO Write (AuthorID, PaperID) VALUES (3506, 2666);
INSERT INTO Author (AuthorID, Name) VALUES (3507, 'David Semedo');
INSERT INTO Write (AuthorID, PaperID) VALUES (3507, 976);
INSERT INTO Author (AuthorID, Name) VALUES (3508, 'Liyuan Zhou');
INSERT INTO Write (AuthorID, PaperID) VALUES (3508, 2472);
INSERT INTO Author (AuthorID, Name) VALUES (3509, 'Costantino Grana');
INSERT INTO Write (AuthorID, PaperID) VALUES (3509, 504);
INSERT INTO Author (AuthorID, Name) VALUES (3510, 'Zheng Zhou');
INSERT INTO Write (AuthorID, PaperID) VALUES (3510, 1265);
INSERT INTO Author (AuthorID, Name) VALUES (3511, 'Minoru Yoshida');
INSERT INTO Write (AuthorID, PaperID) VALUES (3511, 2313);
INSERT INTO Author (AuthorID, Name) VALUES (3512, 'Joan Codina');
INSERT INTO Write (AuthorID, PaperID) VALUES (3512, 2405);
INSERT INTO Author (AuthorID, Name) VALUES (3513, 'Khadijeh Khoshnavataher');
INSERT INTO Write (AuthorID, PaperID) VALUES (3513, 1144);
INSERT INTO Author (AuthorID, Name) VALUES (3514, 'George Due&ntilde;as');
INSERT INTO Write (AuthorID, PaperID) VALUES (3514, 581);
INSERT INTO Author (AuthorID, Name) VALUES (3515, 'Paolo Quaresma');
INSERT INTO Write (AuthorID, PaperID) VALUES (3515, 2074);
INSERT INTO Author (AuthorID, Name) VALUES (3516, 'Cl&eacute;ment Jonquet');
INSERT INTO Write (AuthorID, PaperID) VALUES (3516, 1169);
INSERT INTO Author (AuthorID, Name) VALUES (3517, 'Aras Yildiz');
INSERT INTO Write (AuthorID, PaperID) VALUES (3517, 322);
INSERT INTO Author (AuthorID, Name) VALUES (3518, 'Valentin Zmiycharov');
INSERT INTO Write (AuthorID, PaperID) VALUES (3518, 1520);
INSERT INTO Author (AuthorID, Name) VALUES (3519, 'Minh-Son Dao');
INSERT INTO Write (AuthorID, PaperID) VALUES (3519, 707);
INSERT INTO Author (AuthorID, Name) VALUES (3520, 'Georgi Karadzhov');
INSERT INTO Write (AuthorID, PaperID) VALUES (3520, 1105);
INSERT INTO Author (AuthorID, Name) VALUES (3521, 'Ian Pye');
INSERT INTO Write (AuthorID, PaperID) VALUES (3521, 41);
INSERT INTO Author (AuthorID, Name) VALUES (3522, 'Rafael Felipe Sandroni Dias');
INSERT INTO Write (AuthorID, PaperID) VALUES (3522, 381);
INSERT INTO Author (AuthorID, Name) VALUES (3523, 'Enrique Flores');
INSERT INTO Write (AuthorID, PaperID) VALUES (3523, 1847);
INSERT INTO Author (AuthorID, Name) VALUES (3524, 'Rudolf Ravas');
INSERT INTO Write (AuthorID, PaperID) VALUES (3524, 150);
INSERT INTO Author (AuthorID, Name) VALUES (3525, 'Marco Manfredi');
INSERT INTO Write (AuthorID, PaperID) VALUES (3525, 504);
INSERT INTO Author (AuthorID, Name) VALUES (3526, 'Changyang Li');
INSERT INTO Write (AuthorID, PaperID) VALUES (3526, 614);
INSERT INTO Author (AuthorID, Name) VALUES (3527, 'Khadidja Abi-Yad');
INSERT INTO Write (AuthorID, PaperID) VALUES (3527, 3294);
INSERT INTO Author (AuthorID, Name) VALUES (3528, 'Thomas L&uuml;ke');
INSERT INTO Write (AuthorID, PaperID) VALUES (3528, 2149);
INSERT INTO Author (AuthorID, Name) VALUES (3529, 'Anestis Gkanogiannis');
INSERT INTO Write (AuthorID, PaperID) VALUES (3529, 2980);
INSERT INTO Author (AuthorID, Name) VALUES (3530, 'Andrea Horbach');
INSERT INTO Write (AuthorID, PaperID) VALUES (3530, 2110);
INSERT INTO Author (AuthorID, Name) VALUES (3531, 'R&oacute;bert Orm&aacute;ndi');
INSERT INTO Write (AuthorID, PaperID) VALUES (3531, 1130);
INSERT INTO Author (AuthorID, Name) VALUES (3532, 'Ming Li');
INSERT INTO Write (AuthorID, PaperID) VALUES (3532, 2534);
INSERT INTO Author (AuthorID, Name) VALUES (3533, 'Noah Hollmann');
INSERT INTO Write (AuthorID, PaperID) VALUES (3533, 932);
INSERT INTO Author (AuthorID, Name) VALUES (3534, 'Baris Sevilmis');
INSERT INTO Write (AuthorID, PaperID) VALUES (3534, 322);
INSERT INTO Author (AuthorID, Name) VALUES (3535, 'Christopher Baker');
INSERT INTO Paper (PaperID, Title, Year, MDate, Key, DOI) VALUES (2384, 'Proof of Concept Framework for Prediction.', 2014, '2014-09-10', 'conf/clef/Baker14', 'http://ceur-ws.org/Vol-1180/CLEF2014wn-Pan-Baker2014.pdf');
INSERT INTO Write (AuthorID, PaperID) VALUES (3535, 2384);
INSERT INTO Author (AuthorID, Name) VALUES (3536, 'Juli&aacute;n Sol&oacute;rzano-Soto');
INSERT INTO Write (AuthorID, PaperID) VALUES (3536, 3208);
INSERT INTO Author (AuthorID, Name) VALUES (3537, 'Jiao Li');
INSERT INTO Write (AuthorID, PaperID) VALUES (3537, 939);
INSERT INTO Author (AuthorID, Name) VALUES (3538, 'K. Santosh');
INSERT INTO Write (AuthorID, PaperID) VALUES (3538, 1066);
INSERT INTO Author (AuthorID, Name) VALUES (3539, 'Alejandro Molina-Villegas');
INSERT INTO Write (AuthorID, PaperID) VALUES (3539, 2477);
INSERT INTO Author (AuthorID, Name) VALUES (3540, 'Joachim Denzler');
INSERT INTO Write (AuthorID, PaperID) VALUES (3540, 1172);
INSERT INTO Author (AuthorID, Name) VALUES (3541, 'Steve Goering');
INSERT INTO Write (AuthorID, PaperID) VALUES (3541, 307);
INSERT INTO Author (AuthorID, Name) VALUES (3542, 'Ryan Knudson');
INSERT INTO Write (AuthorID, PaperID) VALUES (3542, 422);
INSERT INTO Author (AuthorID, Name) VALUES (3543, 'Max Hinne');
INSERT INTO Write (AuthorID, PaperID) VALUES (3543, 641);
INSERT INTO Author (AuthorID, Name) VALUES (3544, 'D&eacute;nes Paczolay');
INSERT INTO Write (AuthorID, PaperID) VALUES (3544, 3322);
INSERT INTO Author (AuthorID, Name) VALUES (3545, 'Ana Freire');
INSERT INTO Write (AuthorID, PaperID) VALUES (3545, 114);
INSERT INTO Author (AuthorID, Name) VALUES (3546, 'Yanlin Liu');
INSERT INTO Write (AuthorID, PaperID) VALUES (3546, 698);
INSERT INTO Author (AuthorID, Name) VALUES (3547, 'Kian Lam Tan');
INSERT INTO Write (AuthorID, PaperID) VALUES (3547, 3103);
INSERT INTO Author (AuthorID, Name) VALUES (3548, 'Erwin Marsi');
INSERT INTO Write (AuthorID, PaperID) VALUES (3548, 1057);
INSERT INTO Author (AuthorID, Name) VALUES (3549, 'Wei-Lun Xiao');
INSERT INTO Write (AuthorID, PaperID) VALUES (3549, 22);
INSERT INTO Author (AuthorID, Name) VALUES (3550, 'Alexandra Siriteanu');
INSERT INTO Write (AuthorID, PaperID) VALUES (3550, 1987);
INSERT INTO Author (AuthorID, Name) VALUES (3551, 'James White');
INSERT INTO Write (AuthorID, PaperID) VALUES (3551, 3390);
INSERT INTO Author (AuthorID, Name) VALUES (3552, 'Sara Stymne');
INSERT INTO Write (AuthorID, PaperID) VALUES (3552, 1901);
INSERT INTO Author (AuthorID, Name) VALUES (3553, 'Grace Hui Yang');
INSERT INTO Write (AuthorID, PaperID) VALUES (3553, 2944);
INSERT INTO Author (AuthorID, Name) VALUES (3554, 'Diana Cotelea');
INSERT INTO Write (AuthorID, PaperID) VALUES (3554, 3073);
INSERT INTO Author (AuthorID, Name) VALUES (3555, 'Peter Wrobel');
INSERT INTO Write (AuthorID, PaperID) VALUES (3555, 972);
INSERT INTO Author (AuthorID, Name) VALUES (3556, 'Jordi Atserias');
INSERT INTO Write (AuthorID, PaperID) VALUES (3556, 1025);
INSERT INTO Author (AuthorID, Name) VALUES (3557, 'Simon Suster');
INSERT INTO Write (AuthorID, PaperID) VALUES (3557, 2160);
INSERT INTO Author (AuthorID, Name) VALUES (3558, 'El&ouml;d Egyed-Zsigmond');
INSERT INTO Write (AuthorID, PaperID) VALUES (3558, 1258);
INSERT INTO Author (AuthorID, Name) VALUES (3559, 'Luca Atzori');
INSERT INTO Write (AuthorID, PaperID) VALUES (3559, 1141);
INSERT INTO Author (AuthorID, Name) VALUES (3560, 'Michael Hess 0001');
INSERT INTO Write (AuthorID, PaperID) VALUES (3560, 2165);
INSERT INTO Author (AuthorID, Name) VALUES (3561, 'Mattia Nicchio');
INSERT INTO Write (AuthorID, PaperID) VALUES (3561, 3295);
INSERT INTO Author (AuthorID, Name) VALUES (3562, 'Neil Dhruva');
INSERT INTO Write (AuthorID, PaperID) VALUES (3562, 2932);
INSERT INTO Author (AuthorID, Name) VALUES (3563, 'Eloi Zablocki');
INSERT INTO Write (AuthorID, PaperID) VALUES (3563, 893);
INSERT INTO Author (AuthorID, Name) VALUES (3564, 'Claude de Loupy');
INSERT INTO Write (AuthorID, PaperID) VALUES (3564, 1070);
INSERT INTO Author (AuthorID, Name) VALUES (3565, '&Ouml;zge Sevgili');
INSERT INTO Write (AuthorID, PaperID) VALUES (3565, 3177);
INSERT INTO Author (AuthorID, Name) VALUES (3566, 'Xianglong Liu');
INSERT INTO Write (AuthorID, PaperID) VALUES (3566, 824);
INSERT INTO Author (AuthorID, Name) VALUES (3567, 'C&aring;lin Turliuc');
INSERT INTO Write (AuthorID, PaperID) VALUES (3567, 525);
INSERT INTO Author (AuthorID, Name) VALUES (3568, 'Chirag Shah');
INSERT INTO Write (AuthorID, PaperID) VALUES (3568, 2381);
INSERT INTO Author (AuthorID, Name) VALUES (3569, 'Vadim V. Strijov');
INSERT INTO Write (AuthorID, PaperID) VALUES (3569, 326);
INSERT INTO Author (AuthorID, Name) VALUES (3570, 'Abdelkader Hamadi');
INSERT INTO Paper (PaperID, Title, Year, MDate, Key, DOI) VALUES (2228, 'ImageCLEF 2018: Semantic Descriptors for Tuberculosis CT Image Classification.', 2018, '2018-08-08', 'conf/clef/HamadiY18', 'http://ceur-ws.org/Vol-2125/paper_82.pdf');
INSERT INTO Write (AuthorID, PaperID) VALUES (3570, 2228);
INSERT INTO Author (AuthorID, Name) VALUES (3571, 'Koldo Gojenola');
INSERT INTO Write (AuthorID, PaperID) VALUES (3571, 2786);
INSERT INTO Author (AuthorID, Name) VALUES (3572, 'Serena Jeblee');
INSERT INTO Write (AuthorID, PaperID) VALUES (3572, 1182);
INSERT INTO Author (AuthorID, Name) VALUES (3573, 'Hitomi Saito');
INSERT INTO Write (AuthorID, PaperID) VALUES (3573, 1242);
INSERT INTO Author (AuthorID, Name) VALUES (3574, 'Seif Sendi');
INSERT INTO Write (AuthorID, PaperID) VALUES (3574, 3218);
INSERT INTO Author (AuthorID, Name) VALUES (3575, 'Shulin Liu');
INSERT INTO Write (AuthorID, PaperID) VALUES (3575, 1413);
INSERT INTO Author (AuthorID, Name) VALUES (3576, 'Willem Robert van Hage');
INSERT INTO Write (AuthorID, PaperID) VALUES (3576, 2500);
INSERT INTO Author (AuthorID, Name) VALUES (3577, 'Xi Li 0001');
INSERT INTO Write (AuthorID, PaperID) VALUES (3577, 443);
INSERT INTO Author (AuthorID, Name) VALUES (3578, 'Finde Xumara');
INSERT INTO Write (AuthorID, PaperID) VALUES (3578, 1491);
INSERT INTO Author (AuthorID, Name) VALUES (3579, 'Tatiana Litvinova');
INSERT INTO Write (AuthorID, PaperID) VALUES (3579, 38);
INSERT INTO Author (AuthorID, Name) VALUES (3580, 'Tingyu Wei');
INSERT INTO Write (AuthorID, PaperID) VALUES (3580, 1884);
INSERT INTO Author (AuthorID, Name) VALUES (3581, 'David Vilares');
INSERT INTO Write (AuthorID, PaperID) VALUES (3581, 3317);
INSERT INTO Author (AuthorID, Name) VALUES (3582, 'Gabriela Jasso');
INSERT INTO Write (AuthorID, PaperID) VALUES (3582, 1286);
INSERT INTO Author (AuthorID, Name) VALUES (3583, 'Theo P. van der Weide');
INSERT INTO Write (AuthorID, PaperID) VALUES (3583, 641);
INSERT INTO Author (AuthorID, Name) VALUES (3584, 'Dhouha Bouamor');
INSERT INTO Write (AuthorID, PaperID) VALUES (3584, 360);
INSERT INTO Author (AuthorID, Name) VALUES (3585, 'Emilia Apostolova');
INSERT INTO Write (AuthorID, PaperID) VALUES (3585, 2301);
INSERT INTO Author (AuthorID, Name) VALUES (3586, 'Ioannis Kanellos');
INSERT INTO Write (AuthorID, PaperID) VALUES (3586, 3086);
INSERT INTO Author (AuthorID, Name) VALUES (3587, 'Yuichiro Tsuchiya');
INSERT INTO Write (AuthorID, PaperID) VALUES (3587, 1306);
INSERT INTO Author (AuthorID, Name) VALUES (3588, 'Michele Merler');
INSERT INTO Write (AuthorID, PaperID) VALUES (3588, 2815);
INSERT INTO Author (AuthorID, Name) VALUES (3589, 'Hongbo Deng');
INSERT INTO Write (AuthorID, PaperID) VALUES (3589, 2900);
INSERT INTO Author (AuthorID, Name) VALUES (3590, 'Jason J. Lau');
INSERT INTO Write (AuthorID, PaperID) VALUES (3590, 3133);
INSERT INTO Author (AuthorID, Name) VALUES (3591, 'Stanimir Nikolov');
INSERT INTO Write (AuthorID, PaperID) VALUES (3591, 3263);
INSERT INTO Author (AuthorID, Name) VALUES (3592, 'Megha Bassi');
INSERT INTO Write (AuthorID, PaperID) VALUES (3592, 1897);
INSERT INTO Author (AuthorID, Name) VALUES (3593, 'Niels Johannes');
INSERT INTO Write (AuthorID, PaperID) VALUES (3593, 1334);
INSERT INTO Author (AuthorID, Name) VALUES (3594, 'Philip Harrison');
INSERT INTO Write (AuthorID, PaperID) VALUES (3594, 2045);
INSERT INTO Author (AuthorID, Name) VALUES (3595, 'Ronny Paduschek');
INSERT INTO Write (AuthorID, PaperID) VALUES (3595, 1877);
INSERT INTO Author (AuthorID, Name) VALUES (3596, 'Youri Schuur');
INSERT INTO Write (AuthorID, PaperID) VALUES (3596, 1816);
INSERT INTO Author (AuthorID, Name) VALUES (3597, 'Titouan Lorieul');
INSERT INTO Write (AuthorID, PaperID) VALUES (3597, 1547);
INSERT INTO Author (AuthorID, Name) VALUES (3598, 'Juan Ek');
INSERT INTO Write (AuthorID, PaperID) VALUES (3598, 2187);
INSERT INTO Author (AuthorID, Name) VALUES (3599, 'Lenuta Alboaie');
INSERT INTO Write (AuthorID, PaperID) VALUES (3599, 1987);
INSERT INTO Author (AuthorID, Name) VALUES (3600, 'Luc Mottin');
INSERT INTO Write (AuthorID, PaperID) VALUES (3600, 3198);
INSERT INTO Author (AuthorID, Name) VALUES (3601, 'Peiqin Zhuang');
INSERT INTO Write (AuthorID, PaperID) VALUES (3601, 698);
INSERT INTO Author (AuthorID, Name) VALUES (3602, 'Christoph Schmidt');
INSERT INTO Write (AuthorID, PaperID) VALUES (3602, 2831);
INSERT INTO Author (AuthorID, Name) VALUES (3603, 'Han Wang');
INSERT INTO Write (AuthorID, PaperID) VALUES (3603, 824);
INSERT INTO Author (AuthorID, Name) VALUES (3604, 'Lautaro Quiroz');
INSERT INTO Write (AuthorID, PaperID) VALUES (3604, 1514);
INSERT INTO Author (AuthorID, Name) VALUES (3605, 'Cordelia Schmid');
INSERT INTO Write (AuthorID, PaperID) VALUES (3605, 1899);
INSERT INTO Author (AuthorID, Name) VALUES (3606, 'Diana Irina Tanase');
INSERT INTO Write (AuthorID, PaperID) VALUES (3606, 272);
INSERT INTO Author (AuthorID, Name) VALUES (3607, 'Charles L. A. Clarke');
INSERT INTO Paper (PaperID, Title, Year, MDate, Key, DOI) VALUES (1488, 'Waterloo Experiments for the CLEF05 SDR Track.', 2005, '2014-08-15', 'conf/clef/Clarke05', 'http://ceur-ws.org/Vol-1171/CLEF2005wn-CLSR-Clarke2005.pdf');
INSERT INTO Write (AuthorID, PaperID) VALUES (3607, 1488);
INSERT INTO Author (AuthorID, Name) VALUES (3608, 'Iosif S. Paraskevas');
INSERT INTO Write (AuthorID, PaperID) VALUES (3608, 783);
INSERT INTO Author (AuthorID, Name) VALUES (3609, 'Henry Anaya-S&aacute;nchez');
INSERT INTO Write (AuthorID, PaperID) VALUES (3609, 1385);
INSERT INTO Author (AuthorID, Name) VALUES (3610, 'Mounia Lalmas');
INSERT INTO Write (AuthorID, PaperID) VALUES (3610, 1654);
INSERT INTO Author (AuthorID, Name) VALUES (3611, 'Lini Thomas');
INSERT INTO Write (AuthorID, PaperID) VALUES (3611, 2121);
INSERT INTO Author (AuthorID, Name) VALUES (3612, 'Marina Cufliuc');
INSERT INTO Write (AuthorID, PaperID) VALUES (3612, 1920);
INSERT INTO Author (AuthorID, Name) VALUES (3613, 'Jimmy Xiangji Huang');
INSERT INTO Write (AuthorID, PaperID) VALUES (3613, 2473);
INSERT INTO Author (AuthorID, Name) VALUES (3614, 'John Noecker Jr.');
INSERT INTO Write (AuthorID, PaperID) VALUES (3614, 1226);
INSERT INTO Author (AuthorID, Name) VALUES (3615, 'Aldo Lipani');
INSERT INTO Write (AuthorID, PaperID) VALUES (3615, 882);
INSERT INTO Author (AuthorID, Name) VALUES (3616, 'Saloua Litayem');
INSERT INTO Write (AuthorID, PaperID) VALUES (3616, 1811);
INSERT INTO Author (AuthorID, Name) VALUES (3617, 'Gabriela Ferraro');
INSERT INTO Write (AuthorID, PaperID) VALUES (3617, 7);
INSERT INTO Author (AuthorID, Name) VALUES (3618, 'J&eacute;r&ocirc;me Az&eacute;');
INSERT INTO Write (AuthorID, PaperID) VALUES (3618, 1216);
INSERT INTO Author (AuthorID, Name) VALUES (3619, 'Claudio Greco 0002');
INSERT INTO Write (AuthorID, PaperID) VALUES (3619, 3499);
INSERT INTO Author (AuthorID, Name) VALUES (3620, 'Roc&iacute;o L&oacute;pez-Anguita');
