INSERT INTO Paper (PaperID, Title, Year, MDate, Key, DOI) VALUES (2833, 'Using Answer Retrieval Patterns to Answer Portuguese Questions.', 2008, '2017-05-24', 'conf/clef/Costa08', 'https://doi.org/10.1007/978-3-642-04447-2_42');
INSERT INTO Write (AuthorID, PaperID) VALUES (333, 2833);
INSERT INTO Author (AuthorID, Name) VALUES (334, 'Azadeh Shakery');
INSERT INTO Paper (PaperID, Title, Year, MDate, Key, DOI) VALUES (91, 'Exploiting Multiple Translation Resources for English-Persian Cross Language Information Retrieval.', 2013, '2017-05-24', 'conf/clef/AzarbonyadSF13', 'https://doi.org/10.1007/978-3-642-40802-1_11');
INSERT INTO Write (AuthorID, PaperID) VALUES (334, 91);
INSERT INTO Write (AuthorID, PaperID) VALUES (334, 108);
INSERT INTO Paper (PaperID, Title, Year, MDate, Key, DOI) VALUES (1053, 'Meta Text Aligner: Text Alignment Based on Predicted Plagiarism Relation.', 2015, '2018-03-06', 'conf/clef/AbnarDS15', 'https://doi.org/10.1007/978-3-319-24027-5_16');
INSERT INTO Write (AuthorID, PaperID) VALUES (334, 1053);
INSERT INTO Paper (PaperID, Title, Year, MDate, Key, DOI) VALUES (1538, 'Expanded N-Grams for Semantic Text Alignment Notebook for PAN at CLEF 2014.', 2014, '2018-03-06', 'conf/clef/AbnarDZS14', 'http://ceur-ws.org/Vol-1180/CLEF2014wn-Pan-AbnarEt2014.pdf');
INSERT INTO Write (AuthorID, PaperID) VALUES (334, 1538);
INSERT INTO Paper (PaperID, Title, Year, MDate, Key, DOI) VALUES (1890, 'Authorship Identification Using Dynamic Selection of Features from Probabilistic Feature Set.', 2014, '2018-03-06', 'conf/clef/ZamaniEBADS14', 'https://doi.org/10.1007/978-3-319-11382-1_13');
INSERT INTO Write (AuthorID, PaperID) VALUES (334, 1890);
INSERT INTO Paper (PaperID, Title, Year, MDate, Key, DOI) VALUES (2887, 'SS4MCT: A Statistical Stemmer for Morphologically Complex Texts.', 2016, '2017-05-24', 'conf/clef/DadashkarimiEFS15', 'https://doi.org/10.1007/978-3-319-44564-9_16');
INSERT INTO Write (AuthorID, PaperID) VALUES (334, 2887);
INSERT INTO Paper (PaperID, Title, Year, MDate, Key, DOI) VALUES (2912, 'Creating a Persian-English Comparable Corpus.', 2010, '2017-05-24', 'conf/clef/HashemiSF10', 'https://doi.org/10.1007/978-3-642-15998-5_5');
INSERT INTO Write (AuthorID, PaperID) VALUES (334, 2912);
INSERT INTO Author (AuthorID, Name) VALUES (335, 'Thomas Lavergne');
INSERT INTO Write (AuthorID, PaperID) VALUES (335, 360);
INSERT INTO Write (AuthorID, PaperID) VALUES (335, 657);
INSERT INTO Write (AuthorID, PaperID) VALUES (335, 1133);
INSERT INTO Write (AuthorID, PaperID) VALUES (335, 1422);
INSERT INTO Write (AuthorID, PaperID) VALUES (335, 1473);
INSERT INTO Write (AuthorID, PaperID) VALUES (335, 1914);
INSERT INTO Write (AuthorID, PaperID) VALUES (335, 1952);
INSERT INTO Author (AuthorID, Name) VALUES (336, 'Gina-Anne Levow');
INSERT INTO Write (AuthorID, PaperID) VALUES (336, 545);
INSERT INTO Write (AuthorID, PaperID) VALUES (336, 854);
INSERT INTO Paper (PaperID, Title, Year, MDate, Key, DOI) VALUES (990, 'University of Chicago at CLEF2004: Cross-language Text and Spoken Document Retrieval.', 2004, '2014-08-15', 'conf/clef/LevowM04', 'http://ceur-ws.org/Vol-1170/CLEF2004wn-adhoc-LevowEt2004.pdf');
INSERT INTO Write (AuthorID, PaperID) VALUES (336, 990);
INSERT INTO Paper (PaperID, Title, Year, MDate, Key, DOI) VALUES (1748, 'University of Chicago at the CLEF 2007 Cross Language Speech Retrieval Track.', 2007, '2014-09-23', 'conf/clef/Levow07', 'http://ceur-ws.org/Vol-1173/CLEF2007wn-CLSR-Levow2007.pdf');
INSERT INTO Write (AuthorID, PaperID) VALUES (336, 1748);
INSERT INTO Paper (PaperID, Title, Year, MDate, Key, DOI) VALUES (1892, 'University of Chicago at CLEF2004: Cross-Language Text and Spoken Document Retrieval.', 2004, '2017-05-24', 'conf/clef/LevowM05', 'https://doi.org/10.1007/11519645_18');
INSERT INTO Write (AuthorID, PaperID) VALUES (336, 1892);
INSERT INTO Write (AuthorID, PaperID) VALUES (336, 2908);
INSERT INTO Write (AuthorID, PaperID) VALUES (336, 3493);
INSERT INTO Author (AuthorID, Name) VALUES (337, 'Maximiliano Saiz-Noeda');
INSERT INTO Write (AuthorID, PaperID) VALUES (337, 629);
INSERT INTO Write (AuthorID, PaperID) VALUES (337, 653);
INSERT INTO Write (AuthorID, PaperID) VALUES (337, 1796);
INSERT INTO Write (AuthorID, PaperID) VALUES (337, 2147);
INSERT INTO Write (AuthorID, PaperID) VALUES (337, 2406);
INSERT INTO Write (AuthorID, PaperID) VALUES (337, 2583);
INSERT INTO Write (AuthorID, PaperID) VALUES (337, 3265);
INSERT INTO Author (AuthorID, Name) VALUES (338, 'Sabine Bergler');
INSERT INTO Paper (PaperID, Title, Year, MDate, Key, DOI) VALUES (334, 'Image Query Expansion Using Semantic Selectional Restrictions.', 2009, '2017-05-24', 'conf/clef/DemerdashBK09', 'https://doi.org/10.1007/978-3-642-15751-6_16');
INSERT INTO Write (AuthorID, PaperID) VALUES (338, 334);
INSERT INTO Paper (PaperID, Title, Year, MDate, Key, DOI) VALUES (457, 'Text-Based Clustering of the ImageCLEFphoto Collection for Augmenting the Retrieved Results.', 2007, '2017-05-24', 'conf/clef/DemerdashKB07', 'https://doi.org/10.1007/978-3-540-85760-0_70');
INSERT INTO Write (AuthorID, PaperID) VALUES (338, 457);
INSERT INTO Paper (PaperID, Title, Year, MDate, Key, DOI) VALUES (1250, 'Experiments with Clustering the Collection at ImageCLEF 2007.', 2007, '2014-09-23', 'conf/clef/DemerdashKB07a', 'http://ceur-ws.org/Vol-1173/CLEF2007wn-ImageCLEF-ElDemerdashEt2007.pdf');
INSERT INTO Write (AuthorID, PaperID) VALUES (338, 1250);
INSERT INTO Paper (PaperID, Title, Year, MDate, Key, DOI) VALUES (1725, 'CLaC at ImageCLEFPhoto 2008.', 2008, '2014-09-29', 'conf/clef/DemerdashKB08a', 'http://ceur-ws.org/Vol-1174/CLEF2008wn-ImageCLEF-ElDemerdashEt2008.pdf');
INSERT INTO Write (AuthorID, PaperID) VALUES (338, 1725);
INSERT INTO Paper (PaperID, Title, Year, MDate, Key, DOI) VALUES (1954, 'CLaC Labs: Processing Modality and Negation. Working Notes for QA4MRE Pilot Task at CLEF 2012.', 2012, '2014-09-24', 'conf/clef/RosenbergKB12', 'http://www.clef-initiative.eu/documents/71612/57b1a8cd-87db-42c3-9501-d4e128134b0f');
INSERT INTO Write (AuthorID, PaperID) VALUES (338, 1954);
INSERT INTO Paper (PaperID, Title, Year, MDate, Key, DOI) VALUES (3112, 'CLaC at ImageCLEF 2009.', 2009, '2014-09-29', 'conf/clef/DemerdashBK09a', 'http://ceur-ws.org/Vol-1175/CLEF2009wn-ImageCLEF-DemerdashEt2009.pdf');
INSERT INTO Write (AuthorID, PaperID) VALUES (338, 3112);
INSERT INTO Paper (PaperID, Title, Year, MDate, Key, DOI) VALUES (3438, 'Image Retrieval by Inter-media Fusion and Pseudo-relevance Feedback.', 2008, '2017-05-24', 'conf/clef/DemerdashKB08', 'https://doi.org/10.1007/978-3-642-04447-2_75');
INSERT INTO Write (AuthorID, PaperID) VALUES (338, 3438);
INSERT INTO Author (AuthorID, Name) VALUES (339, 'Ruben Granados');
INSERT INTO Write (AuthorID, PaperID) VALUES (339, 851);
INSERT INTO Write (AuthorID, PaperID) VALUES (339, 996);
INSERT INTO Write (AuthorID, PaperID) VALUES (339, 1820);
INSERT INTO Write (AuthorID, PaperID) VALUES (339, 2198);
INSERT INTO Write (AuthorID, PaperID) VALUES (339, 2330);
INSERT INTO Write (AuthorID, PaperID) VALUES (339, 2569);
INSERT INTO Write (AuthorID, PaperID) VALUES (339, 3035);
INSERT INTO Author (AuthorID, Name) VALUES (340, 'Lourdes Araujo');
INSERT INTO Write (AuthorID, PaperID) VALUES (340, 19);
INSERT INTO Write (AuthorID, PaperID) VALUES (340, 35);
INSERT INTO Paper (PaperID, Title, Year, MDate, Key, DOI) VALUES (1297, 'Graph-based Word Clustering Applied to Question Answering and Reading Comprehension Tests.', 2011, '2014-09-24', 'conf/clef/Martinez-RomoA11', 'http://www.clef-initiative.eu/documents/71612/86377/CLEF2011wn-QA4MRE-Martinez-RomoEt2011.pdf');
INSERT INTO Write (AuthorID, PaperID) VALUES (340, 1297);
INSERT INTO Write (AuthorID, PaperID) VALUES (340, 1643);
INSERT INTO Write (AuthorID, PaperID) VALUES (340, 1659);
INSERT INTO Write (AuthorID, PaperID) VALUES (340, 2360);
INSERT INTO Write (AuthorID, PaperID) VALUES (340, 3505);
INSERT INTO Author (AuthorID, Name) VALUES (341, 'Jo&atilde;o Magalh&atilde;es');
INSERT INTO Write (AuthorID, PaperID) VALUES (341, 296);
INSERT INTO Paper (PaperID, Title, Year, MDate, Key, DOI) VALUES (976, 'NovaSearch at ImageCLEFmed 2016 Subfigure Classification Task.', 2016, '2016-08-11', 'conf/clef/SemedoM16', 'http://ceur-ws.org/Vol-1609/16090386.pdf');
INSERT INTO Write (AuthorID, PaperID) VALUES (341, 976);
INSERT INTO Paper (PaperID, Title, Year, MDate, Key, DOI) VALUES (1107, 'NovaSearch on Medical ImageCLEF 2013.', 2013, '2014-09-11', 'conf/clef/MouraoMM13', 'http://ceur-ws.org/Vol-1179/CLEF2013wn-ImageCLEF-MouraoEt2013.pdf');
INSERT INTO Write (AuthorID, PaperID) VALUES (341, 1107);
INSERT INTO Write (AuthorID, PaperID) VALUES (341, 2420);
INSERT INTO Write (AuthorID, PaperID) VALUES (341, 2914);
INSERT INTO Write (AuthorID, PaperID) VALUES (341, 3114);
INSERT INTO Write (AuthorID, PaperID) VALUES (341, 3241);
INSERT INTO Author (AuthorID, Name) VALUES (342, 'Alexandru Ceausu');
INSERT INTO Write (AuthorID, PaperID) VALUES (342, 205);
INSERT INTO Write (AuthorID, PaperID) VALUES (342, 230);
INSERT INTO Write (AuthorID, PaperID) VALUES (342, 445);
INSERT INTO Write (AuthorID, PaperID) VALUES (342, 1020);
INSERT INTO Write (AuthorID, PaperID) VALUES (342, 2151);
INSERT INTO Write (AuthorID, PaperID) VALUES (342, 2845);
INSERT INTO Write (AuthorID, PaperID) VALUES (342, 3109);
INSERT INTO Author (AuthorID, Name) VALUES (343, 'David Mart&iacute;nez 0001');
INSERT INTO Write (AuthorID, PaperID) VALUES (343, 928);
INSERT INTO Write (AuthorID, PaperID) VALUES (343, 1126);
INSERT INTO Write (AuthorID, PaperID) VALUES (343, 1586);
INSERT INTO Write (AuthorID, PaperID) VALUES (343, 1740);
INSERT INTO Write (AuthorID, PaperID) VALUES (343, 2189);
INSERT INTO Write (AuthorID, PaperID) VALUES (343, 3421);
INSERT INTO Paper (PaperID, Title, Year, MDate, Key, DOI) VALUES (3474, 'Simple Similarity-based Question Answering Strategies for Biomedical Text.', 2012, '2015-07-24', 'conf/clef/MartinezMACV12', 'http://www.clef-initiative.eu/documents/71612/7d675041-4950-4b7a-af86-01ffb8710bc9');
INSERT INTO Write (AuthorID, PaperID) VALUES (343, 3474);
INSERT INTO Author (AuthorID, Name) VALUES (344, 'Adil Alpkocak');
INSERT INTO Paper (PaperID, Title, Year, MDate, Key, DOI) VALUES (330, 'An Extended Vector Space Model for Content Based Image Retrieval.', 2009, '2017-05-24', 'conf/clef/BerberA09', 'https://doi.org/10.1007/978-3-642-15751-6_26');
INSERT INTO Write (AuthorID, PaperID) VALUES (344, 330);
INSERT INTO Paper (PaperID, Title, Year, MDate, Key, DOI) VALUES (800, 'DEMIR at ImageCLEFMed 2012.', 2012, '2014-09-24', 'conf/clef/VahidAHCO12', 'http://www.clef-initiative.eu/documents/71612/93a66c84-5e00-49d7-a800-82a2e8a4020e');
INSERT INTO Write (AuthorID, PaperID) VALUES (344, 800);
INSERT INTO Paper (PaperID, Title, Year, MDate, Key, DOI) VALUES (1540, 'DEMIR at CLEF eHealth: The Effects of Selective Query Expansion to Information Retrieval.', 2014, '2014-09-10', 'conf/clef/OzturkmenogluAK14', 'http://ceur-ws.org/Vol-1180/CLEF2014wn-eHealth-OzturkmenogluEt2014.pdf');
INSERT INTO Write (AuthorID, PaperID) VALUES (344, 1540);
INSERT INTO Paper (PaperID, Title, Year, MDate, Key, DOI) VALUES (1866, 'DEU at ImageCLEFmed 2009: Evaluating a Re-ranking and Integrated Retrieval Model.', 2009, '2014-09-30', 'conf/clef/BerberA09a', 'http://ceur-ws.org/Vol-1175/CLEF2009wn-ImageCLEF-BerberEt2009.pdf');
INSERT INTO Write (AuthorID, PaperID) VALUES (344, 1866);
INSERT INTO Paper (PaperID, Title, Year, MDate, Key, DOI) VALUES (2172, 'DEMIR at ImageCLEFwiki 2011: Evaluating Different Weighting Schemes in Information Retrieval.', 2011, '2014-09-24', 'conf/clef/BerberVOHA11', 'http://www.clef-initiative.eu/documents/71612/86377/CLEF2011wn-ImageCLEF-BerberEt2011.pdf');
INSERT INTO Write (AuthorID, PaperID) VALUES (344, 2172);
INSERT INTO Paper (PaperID, Title, Year, MDate, Key, DOI) VALUES (3062, 'DEMIR at ImageCLEFMed 2013: The Effects of Modality Classification to Information Retrieval.', 2013, '2014-09-10', 'conf/clef/OzturkmenogluCA13', 'http://ceur-ws.org/Vol-1179/CLEF2013wn-ImageCLEF-OzturkmenogluEt2013.pdf');
INSERT INTO Write (AuthorID, PaperID) VALUES (344, 3062);
INSERT INTO Paper (PaperID, Title, Year, MDate, Key, DOI) VALUES (3436, 'DEMIR at ImageCLEFMed 2011: Evaluation of Fusion Techniques for Multimodal Content-based Medical Image Retrieval.', 2011, '2014-09-24', 'conf/clef/AlpkocakOBVH11', 'http://www.clef-initiative.eu/documents/71612/86377/CLEF2011wn-ImageCLEF-AlpkocakEt2011.pdf');
INSERT INTO Write (AuthorID, PaperID) VALUES (344, 3436);
INSERT INTO Author (AuthorID, Name) VALUES (345, 'Erik M. van Mulligen');
INSERT INTO Paper (PaperID, Title, Year, MDate, Key, DOI) VALUES (242, 'Erasmus MC at CLEF eHealth 2016: Concept Recognition and Coding in French Texts.', 2016, '2016-08-11', 'conf/clef/MulligenAAVK16', 'http://ceur-ws.org/Vol-1609/16090171.pdf');
INSERT INTO Write (AuthorID, PaperID) VALUES (345, 242);
INSERT INTO Paper (PaperID, Title, Year, MDate, Key, DOI) VALUES (672, 'Multilingual Semantic Resources and Parallel Corpora in the Biomedical Domain: the CLEF-ER Challenge.', 2013, '2018-02-13', 'conf/clef/Rebholz-SchuhmannCRKMBHLMPJHK13a', 'http://ceur-ws.org/Vol-1179/CLEF2013wn-CLEFER-Rebholz-SchuhmannEt2013.pdf');
INSERT INTO Write (AuthorID, PaperID) VALUES (345, 672);
INSERT INTO Paper (PaperID, Title, Year, MDate, Key, DOI) VALUES (891, 'Concept Recognition in French Biomedical Text Using Automatic Translation.', 2016, '2017-05-24', 'conf/clef/AfzalAHMK15a', 'https://doi.org/10.1007/978-3-319-44564-9_13');
INSERT INTO Write (AuthorID, PaperID) VALUES (345, 891);
INSERT INTO Paper (PaperID, Title, Year, MDate, Key, DOI) VALUES (1412, 'Entity Recognition in Parallel Multi-lingual Biomedical Corpora: The CLEF-ER Laboratory Overview.', 2013, '2018-11-14', 'conf/clef/Rebholz-SchuhmannCRKMBHLMPJHK13', 'https://www.wikidata.org/entity/Q56509209');
INSERT INTO Write (AuthorID, PaperID) VALUES (345, 1412);
INSERT INTO Paper (PaperID, Title, Year, MDate, Key, DOI) VALUES (1454, 'Biomedical Concept Recognition in French Text Using Automatic Translation of English Terms.', 2015, '2015-09-03', 'conf/clef/AfzalAHMK15', 'http://ceur-ws.org/Vol-1391/36-CR.pdf');
INSERT INTO Write (AuthorID, PaperID) VALUES (345, 1454);
INSERT INTO Paper (PaperID, Title, Year, MDate, Key, DOI) VALUES (2350, 'Creating Multilingual Gold Standard Corpora for Biomedical Concept Recognition.', 2013, '2014-09-10', 'conf/clef/KorsCAMR13', 'http://ceur-ws.org/Vol-1179/CLEF2013wn-CLEFER-KorsEt2013.pdf');
INSERT INTO Write (AuthorID, PaperID) VALUES (345, 2350);
INSERT INTO Paper (PaperID, Title, Year, MDate, Key, DOI) VALUES (3034, 'Machine Translation of Bio-Thesauri.', 2013, '2014-09-10', 'conf/clef/MulligenBK13', 'http://ceur-ws.org/Vol-1179/CLEF2013wn-CLEFER-vanMulligenEt2013.pdf');
INSERT INTO Write (AuthorID, PaperID) VALUES (345, 3034);
INSERT INTO Author (AuthorID, Name) VALUES (346, 'D&aacute;vid Sikl&oacute;si');
INSERT INTO Write (AuthorID, PaperID) VALUES (346, 1054);
INSERT INTO Write (AuthorID, PaperID) VALUES (346, 1401);
INSERT INTO Write (AuthorID, PaperID) VALUES (346, 1702);
INSERT INTO Write (AuthorID, PaperID) VALUES (346, 1746);
INSERT INTO Write (AuthorID, PaperID) VALUES (346, 2056);
INSERT INTO Write (AuthorID, PaperID) VALUES (346, 2235);
INSERT INTO Write (AuthorID, PaperID) VALUES (346, 2259);
INSERT INTO Author (AuthorID, Name) VALUES (347, 'Christof Monz');
INSERT INTO Write (AuthorID, PaperID) VALUES (347, 31);
INSERT INTO Write (AuthorID, PaperID) VALUES (347, 48);
INSERT INTO Write (AuthorID, PaperID) VALUES (347, 379);
INSERT INTO Write (AuthorID, PaperID) VALUES (347, 2551);
INSERT INTO Write (AuthorID, PaperID) VALUES (347, 2631);
INSERT INTO Paper (PaperID, Title, Year, MDate, Key, DOI) VALUES (2788, 'Statistical Machine Translation and Cross-Language IR: QMUL at CLEF 2006.', 2006, '2014-08-15', 'conf/clef/Monz06', 'http://ceur-ws.org/Vol-1172/CLEF2006wn-adhoc-Monz2006.pdf');
INSERT INTO Write (AuthorID, PaperID) VALUES (347, 2788);
INSERT INTO Write (AuthorID, PaperID) VALUES (347, 2957);
INSERT INTO Author (AuthorID, Name) VALUES (348, 'Esther de Ves');
INSERT INTO Write (AuthorID, PaperID) VALUES (348, 209);
INSERT INTO Write (AuthorID, PaperID) VALUES (348, 851);
INSERT INTO Write (AuthorID, PaperID) VALUES (348, 996);
INSERT INTO Write (AuthorID, PaperID) VALUES (348, 1820);
INSERT INTO Write (AuthorID, PaperID) VALUES (348, 2198);
INSERT INTO Write (AuthorID, PaperID) VALUES (348, 2621);
INSERT INTO Write (AuthorID, PaperID) VALUES (348, 3035);
INSERT INTO Author (AuthorID, Name) VALUES (349, 'Chiraz Latiri');
INSERT INTO Write (AuthorID, PaperID) VALUES (349, 84);
INSERT INTO Paper (PaperID, Title, Year, MDate, Key, DOI) VALUES (658, 'Tweet Contextualization Using Association Rules Mining and DBpedia.', 2015, '2017-05-24', 'conf/clef/ZinglaLS15', 'https://doi.org/10.1007/978-3-319-24027-5_35');
INSERT INTO Write (AuthorID, PaperID) VALUES (349, 658);
INSERT INTO Write (AuthorID, PaperID) VALUES (349, 1806);
INSERT INTO Paper (PaperID, Title, Year, MDate, Key, DOI) VALUES (1843, 'Opinion Polarity Detection in Twitter Data combining Sequence Mining and Topic Modeling.', 2017, '2017-08-15', 'conf/clef/OuertataniL17', 'http://ceur-ws.org/Vol-1866/paper_121.pdf');
INSERT INTO Write (AuthorID, PaperID) VALUES (349, 1843);
INSERT INTO Write (AuthorID, PaperID) VALUES (349, 1975);
INSERT INTO Paper (PaperID, Title, Year, MDate, Key, DOI) VALUES (2738, 'Microblog Search Task at CLEF 2017: Query Generation using IR and LDA Topic Modeling Combination.', 2017, '2017-08-15', 'conf/clef/HajjemL17', 'http://ceur-ws.org/Vol-1866/paper_123.pdf');
INSERT INTO Write (AuthorID, PaperID) VALUES (349, 2738);
INSERT INTO Paper (PaperID, Title, Year, MDate, Key, DOI) VALUES (3218, 'Opinion Argumentation based on Combined Information Retrieval and Topic Modeling.', 2018, '2018-08-08', 'conf/clef/SendiL18', 'http://ceur-ws.org/Vol-2125/paper_214.pdf');
INSERT INTO Write (AuthorID, PaperID) VALUES (349, 3218);
INSERT INTO Author (AuthorID, Name) VALUES (350, 'Nicola Orio');
INSERT INTO Write (AuthorID, PaperID) VALUES (350, 193);
INSERT INTO Write (AuthorID, PaperID) VALUES (350, 247);
INSERT INTO Paper (PaperID, Title, Year, MDate, Key, DOI) VALUES (490, 'MusiClef: Multimodal Music Tagging Task.', 2012, '2017-05-24', 'conf/clef/OrioLPS12', 'https://doi.org/10.1007/978-3-642-33247-0_5');
INSERT INTO Write (AuthorID, PaperID) VALUES (350, 490);
INSERT INTO Write (AuthorID, PaperID) VALUES (350, 875);
INSERT INTO Paper (PaperID, Title, Year, MDate, Key, DOI) VALUES (1138, 'University of Padua at MusiCLEF 2011: Music Identification Task.', 2011, '2014-09-24', 'conf/clef/BuccioMO11', 'http://www.clef-initiative.eu/documents/71612/86377/CLEF2011wn-MusiCLEF-Di_BuccioEt2011.pdf');
INSERT INTO Write (AuthorID, PaperID) VALUES (350, 1138);
INSERT INTO Write (AuthorID, PaperID) VALUES (350, 2176);
INSERT INTO Paper (PaperID, Title, Year, MDate, Key, DOI) VALUES (2432, 'Overview of MusiCLEF 2011.', 2011, '2014-09-24', 'conf/clef/OrioR11', 'http://www.clef-initiative.eu/documents/71612/86377/CLEF2011wn-MusiCLEF-OrioEt2011.pdf');
INSERT INTO Write (AuthorID, PaperID) VALUES (350, 2432);
INSERT INTO Author (AuthorID, Name) VALUES (351, 'Claudia Hauff');
INSERT INTO Write (AuthorID, PaperID) VALUES (351, 169);
INSERT INTO Write (AuthorID, PaperID) VALUES (351, 994);
INSERT INTO Paper (PaperID, Title, Year, MDate, Key, DOI) VALUES (1090, 'University of Twente at GeoCLEF 2006: Geofiltered Document Retrieval.', 2006, '2017-05-24', 'conf/clef/HauffTR06', 'https://doi.org/10.1007/978-3-540-74999-8_123');
INSERT INTO Write (AuthorID, PaperID) VALUES (351, 1090);
INSERT INTO Write (AuthorID, PaperID) VALUES (351, 2004);
INSERT INTO Write (AuthorID, PaperID) VALUES (351, 2505);
INSERT INTO Paper (PaperID, Title, Year, MDate, Key, DOI) VALUES (2568, 'University of Twente at GeoCLEF 2006: Geofiltered Document Retrieval.', 2006, '2014-08-15', 'conf/clef/HauffTR06a', 'http://ceur-ws.org/Vol-1172/CLEF2006wn-GeoCLEF-HauffEt2006.pdf');
INSERT INTO Write (AuthorID, PaperID) VALUES (351, 2568);
INSERT INTO Write (AuthorID, PaperID) VALUES (351, 2605);
INSERT INTO Author (AuthorID, Name) VALUES (352, 'M&aacute;ty&aacute;s Brendel');
INSERT INTO Write (AuthorID, PaperID) VALUES (352, 71);
INSERT INTO Write (AuthorID, PaperID) VALUES (352, 1044);
INSERT INTO Write (AuthorID, PaperID) VALUES (352, 1054);
INSERT INTO Write (AuthorID, PaperID) VALUES (352, 1401);
INSERT INTO Write (AuthorID, PaperID) VALUES (352, 1702);
INSERT INTO Write (AuthorID, PaperID) VALUES (352, 2056);
INSERT INTO Write (AuthorID, PaperID) VALUES (352, 3378);
INSERT INTO Author (AuthorID, Name) VALUES (353, 'Mario Lasseck');
INSERT INTO Paper (PaperID, Title, Year, MDate, Key, DOI) VALUES (455, 'Improving Bird Identification using Multiresolution Template Matching and Feature Selection during Training.', 2016, '2016-08-11', 'conf/clef/Lasseck16', 'http://ceur-ws.org/Vol-1609/16090490.pdf');
INSERT INTO Write (AuthorID, PaperID) VALUES (353, 455);
INSERT INTO Paper (PaperID, Title, Year, MDate, Key, DOI) VALUES (511, 'Machines vs. Human Experts: Contribution to the ExpertLifeCLEF 2018 Plant Identification Task.', 2018, '2018-08-08', 'conf/clef/Lasseck18a', 'http://ceur-ws.org/Vol-2125/paper_151.pdf');
INSERT INTO Write (AuthorID, PaperID) VALUES (353, 511);
INSERT INTO Paper (PaperID, Title, Year, MDate, Key, DOI) VALUES (1009, 'Improved Automatic Bird Identification through Decision Tree based Feature Selection and Bagging.', 2015, '2015-09-03', 'conf/clef/Lasseck15a', 'http://ceur-ws.org/Vol-1391/160-CR.pdf');
INSERT INTO Write (AuthorID, PaperID) VALUES (353, 1009);
INSERT INTO Paper (PaperID, Title, Year, MDate, Key, DOI) VALUES (1217, 'Image-based Plant Species Identification with Deep Convolutional Neural Networks.', 2017, '2017-08-15', 'conf/clef/Lasseck17', 'http://ceur-ws.org/Vol-1866/paper_174.pdf');
INSERT INTO Write (AuthorID, PaperID) VALUES (353, 1217);
INSERT INTO Paper (PaperID, Title, Year, MDate, Key, DOI) VALUES (2206, 'Towards Automatic Large-Scale Identification of Birds in Audio Recordings.', 2015, '2017-05-24', 'conf/clef/Lasseck15', 'https://doi.org/10.1007/978-3-319-24027-5_39');
INSERT INTO Write (AuthorID, PaperID) VALUES (353, 2206);
INSERT INTO Paper (PaperID, Title, Year, MDate, Key, DOI) VALUES (2481, 'Large-scale Identification of Birds in Audio Recordings.', 2014, '2014-09-10', 'conf/clef/Lasseck14', 'http://ceur-ws.org/Vol-1180/CLEF2014wn-Life-Lasseck2014.pdf');
INSERT INTO Write (AuthorID, PaperID) VALUES (353, 2481);
INSERT INTO Paper (PaperID, Title, Year, MDate, Key, DOI) VALUES (3448, 'Audio-based Bird Species Identification with Deep Convolutional Neural Networks.', 2018, '2018-08-08', 'conf/clef/Lasseck18', 'http://ceur-ws.org/Vol-2125/paper_140.pdf');
INSERT INTO Write (AuthorID, PaperID) VALUES (353, 3448);
INSERT INTO Author (AuthorID, Name) VALUES (354, 'Mark M. Hall');
INSERT INTO Write (AuthorID, PaperID) VALUES (354, 429);
INSERT INTO Write (AuthorID, PaperID) VALUES (354, 507);
INSERT INTO Write (AuthorID, PaperID) VALUES (354, 1437);
INSERT INTO Write (AuthorID, PaperID) VALUES (354, 1546);
INSERT INTO Write (AuthorID, PaperID) VALUES (354, 2460);
INSERT INTO Write (AuthorID, PaperID) VALUES (354, 2530);
INSERT INTO Paper (PaperID, Title, Year, MDate, Key, DOI) VALUES (2589, 'The CHiC Interactive Task (CHiCi) at CLEF2013.', 2013, '2014-09-10', 'conf/clef/TomsH13', 'http://ceur-ws.org/Vol-1179/CLEF2013wn-CHiC-TomsEt2013.pdf');
INSERT INTO Write (AuthorID, PaperID) VALUES (354, 2589);
INSERT INTO Author (AuthorID, Name) VALUES (355, 'Ismael Garc&iacute;a-Varea');
INSERT INTO Write (AuthorID, PaperID) VALUES (355, 77);
INSERT INTO Write (AuthorID, PaperID) VALUES (355, 138);
INSERT INTO Write (AuthorID, PaperID) VALUES (355, 430);
INSERT INTO Write (AuthorID, PaperID) VALUES (355, 537);
INSERT INTO Write (AuthorID, PaperID) VALUES (355, 874);
INSERT INTO Write (AuthorID, PaperID) VALUES (355, 1068);
INSERT INTO Write (AuthorID, PaperID) VALUES (355, 2046);
INSERT INTO Author (AuthorID, Name) VALUES (356, 'Jan A. Kors');
INSERT INTO Write (AuthorID, PaperID) VALUES (356, 242);
INSERT INTO Write (AuthorID, PaperID) VALUES (356, 672);
INSERT INTO Write (AuthorID, PaperID) VALUES (356, 891);
INSERT INTO Write (AuthorID, PaperID) VALUES (356, 1412);
INSERT INTO Write (AuthorID, PaperID) VALUES (356, 1454);
INSERT INTO Write (AuthorID, PaperID) VALUES (356, 2350);
INSERT INTO Write (AuthorID, PaperID) VALUES (356, 3034);
INSERT INTO Author (AuthorID, Name) VALUES (357, 'Mark Michael Hall');
INSERT INTO Write (AuthorID, PaperID) VALUES (357, 675);
INSERT INTO Write (AuthorID, PaperID) VALUES (357, 1245);
INSERT INTO Paper (PaperID, Title, Year, MDate, Key, DOI) VALUES (1678, 'Building a Common Framework for IIR Evaluation.', 2013, '2017-06-02', 'conf/clef/HallT13', 'https://doi.org/10.1007/978-3-642-40802-1_3');
INSERT INTO Write (AuthorID, PaperID) VALUES (357, 1678);
INSERT INTO Write (AuthorID, PaperID) VALUES (357, 2939);
INSERT INTO Write (AuthorID, PaperID) VALUES (357, 2975);
INSERT INTO Write (AuthorID, PaperID) VALUES (357, 3370);
INSERT INTO Write (AuthorID, PaperID) VALUES (357, 3456);
INSERT INTO Author (AuthorID, Name) VALUES (358, 'Liang He 0001');
INSERT INTO Write (AuthorID, PaperID) VALUES (358, 412);
INSERT INTO Write (AuthorID, PaperID) VALUES (358, 608);
INSERT INTO Write (AuthorID, PaperID) VALUES (358, 1405);
INSERT INTO Write (AuthorID, PaperID) VALUES (358, 1512);
INSERT INTO Write (AuthorID, PaperID) VALUES (358, 2100);
INSERT INTO Write (AuthorID, PaperID) VALUES (358, 2386);
INSERT INTO Write (AuthorID, PaperID) VALUES (358, 2984);
INSERT INTO Author (AuthorID, Name) VALUES (359, 'Frank Hopfgartner');
INSERT INTO Write (AuthorID, PaperID) VALUES (359, 126);
INSERT INTO Write (AuthorID, PaperID) VALUES (359, 829);
INSERT INTO Write (AuthorID, PaperID) VALUES (359, 1093);
INSERT INTO Write (AuthorID, PaperID) VALUES (359, 1104);
INSERT INTO Write (AuthorID, PaperID) VALUES (359, 1320);
INSERT INTO Write (AuthorID, PaperID) VALUES (359, 1609);
INSERT INTO Write (AuthorID, PaperID) VALUES (359, 2909);
INSERT INTO Author (AuthorID, Name) VALUES (360, 'Alexandru-Lucian G&icirc;nsca');
INSERT INTO Write (AuthorID, PaperID) VALUES (360, 447);
INSERT INTO Write (AuthorID, PaperID) VALUES (360, 605);
INSERT INTO Write (AuthorID, PaperID) VALUES (360, 1731);
INSERT INTO Write (AuthorID, PaperID) VALUES (360, 2465);
INSERT INTO Write (AuthorID, PaperID) VALUES (360, 3086);
INSERT INTO Write (AuthorID, PaperID) VALUES (360, 3126);
INSERT INTO Write (AuthorID, PaperID) VALUES (360, 3397);
INSERT INTO Author (AuthorID, Name) VALUES (361, 'Peter Sch&auml;uble');
INSERT INTO Write (AuthorID, PaperID) VALUES (361, 1030);
INSERT INTO Write (AuthorID, PaperID) VALUES (361, 2165);
INSERT INTO Write (AuthorID, PaperID) VALUES (361, 2229);
INSERT INTO Write (AuthorID, PaperID) VALUES (361, 2496);
INSERT INTO Write (AuthorID, PaperID) VALUES (361, 2541);
INSERT INTO Write (AuthorID, PaperID) VALUES (361, 2723);
INSERT INTO Write (AuthorID, PaperID) VALUES (361, 2960);
INSERT INTO Author (AuthorID, Name) VALUES (362, 'Ville T. Turunen');
INSERT INTO Write (AuthorID, PaperID) VALUES (362, 9);
INSERT INTO Write (AuthorID, PaperID) VALUES (362, 258);
INSERT INTO Write (AuthorID, PaperID) VALUES (362, 359);
INSERT INTO Write (AuthorID, PaperID) VALUES (362, 831);
INSERT INTO Write (AuthorID, PaperID) VALUES (362, 1131);
INSERT INTO Write (AuthorID, PaperID) VALUES (362, 2387);
INSERT INTO Write (AuthorID, PaperID) VALUES (362, 3220);
INSERT INTO Author (AuthorID, Name) VALUES (363, 'Sven Koitka');
INSERT INTO Write (AuthorID, PaperID) VALUES (363, 245);
INSERT INTO Write (AuthorID, PaperID) VALUES (363, 677);
INSERT INTO Write (AuthorID, PaperID) VALUES (363, 1190);
INSERT INTO Write (AuthorID, PaperID) VALUES (363, 1404);
INSERT INTO Write (AuthorID, PaperID) VALUES (363, 1710);
INSERT INTO Write (AuthorID, PaperID) VALUES (363, 2291);
INSERT INTO Write (AuthorID, PaperID) VALUES (363, 3424);
INSERT INTO Author (AuthorID, Name) VALUES (364, 'Constantin Orasan');
INSERT INTO Write (AuthorID, PaperID) VALUES (364, 110);
INSERT INTO Write (AuthorID, PaperID) VALUES (364, 268);
INSERT INTO Write (AuthorID, PaperID) VALUES (364, 730);
INSERT INTO Write (AuthorID, PaperID) VALUES (364, 814);
INSERT INTO Write (AuthorID, PaperID) VALUES (364, 2545);
INSERT INTO Write (AuthorID, PaperID) VALUES (364, 2879);
INSERT INTO Write (AuthorID, PaperID) VALUES (364, 3050);
INSERT INTO Author (AuthorID, Name) VALUES (365, 'Michael Tschuggnall');
INSERT INTO Write (AuthorID, PaperID) VALUES (365, 109);
INSERT INTO Write (AuthorID, PaperID) VALUES (365, 372);
INSERT INTO Paper (PaperID, Title, Year, MDate, Key, DOI) VALUES (1957, 'Dynamic Parameter Search for Cross-Domain Authorship Attribution: Notebook for PAN at CLEF 2018.', 2018, '2018-08-08', 'conf/clef/MurauerTS18', 'http://ceur-ws.org/Vol-2125/paper_84.pdf');
INSERT INTO Write (AuthorID, PaperID) VALUES (365, 1957);
INSERT INTO Write (AuthorID, PaperID) VALUES (365, 2544);
INSERT INTO Write (AuthorID, PaperID) VALUES (365, 2578);
INSERT INTO Write (AuthorID, PaperID) VALUES (365, 3404);
INSERT INTO Write (AuthorID, PaperID) VALUES (365, 3482);
INSERT INTO Author (AuthorID, Name) VALUES (366, 'Sisay Fissaha Adafre');
INSERT INTO Paper (PaperID, Title, Year, MDate, Key, DOI) VALUES (314, 'Dublin City University at WebCLEF 2007.', 2007, '2014-09-23', 'conf/clef/Adafre07', 'http://ceur-ws.org/Vol-1173/CLEF2007wn-WebCLEF-Adafre2007.pdf');
INSERT INTO Write (AuthorID, PaperID) VALUES (366, 314);
INSERT INTO Paper (PaperID, Title, Year, MDate, Key, DOI) VALUES (778, 'Dublin City University at QA@CLEF 2008.', 2008, '2017-05-24', 'conf/clef/AdafreG08', 'https://doi.org/10.1007/978-3-642-04447-2_41');
INSERT INTO Write (AuthorID, PaperID) VALUES (366, 778);
INSERT INTO Write (AuthorID, PaperID) VALUES (366, 1354);
INSERT INTO Write (AuthorID, PaperID) VALUES (366, 2500);
INSERT INTO Write (AuthorID, PaperID) VALUES (366, 2596);
INSERT INTO Write (AuthorID, PaperID) VALUES (366, 2614);
INSERT INTO Paper (PaperID, Title, Year, MDate, Key, DOI) VALUES (2701, 'Dublin City University at QA@CLEF 2008.', 2008, '2014-09-29', 'conf/clef/AdafreG08a', 'http://ceur-ws.org/Vol-1174/CLEF2008wn-QACLEF-AdafreEt2008.pdf');
INSERT INTO Write (AuthorID, PaperID) VALUES (366, 2701);
INSERT INTO Author (AuthorID, Name) VALUES (367, 'Antonio Moreno-Sandoval');
INSERT INTO Write (AuthorID, PaperID) VALUES (367, 448);
INSERT INTO Write (AuthorID, PaperID) VALUES (367, 469);
INSERT INTO Write (AuthorID, PaperID) VALUES (367, 1231);
INSERT INTO Write (AuthorID, PaperID) VALUES (367, 1278);
INSERT INTO Write (AuthorID, PaperID) VALUES (367, 1669);
INSERT INTO Write (AuthorID, PaperID) VALUES (367, 2212);
INSERT INTO Write (AuthorID, PaperID) VALUES (367, 3046);
INSERT INTO Author (AuthorID, Name) VALUES (368, 'Malvina Nissim');
INSERT INTO Paper (PaperID, Title, Year, MDate, Key, DOI) VALUES (11, 'Answer Translation: An Alternative Approach to Cross-Lingual Question Answering.', 2006, '2017-05-24', 'conf/clef/BosN06', 'https://doi.org/10.1007/978-3-540-74999-8_36');
INSERT INTO Write (AuthorID, PaperID) VALUES (368, 11);
INSERT INTO Paper (PaperID, Title, Year, MDate, Key, DOI) VALUES (294, 'GronUP: Groningen User Profiling.', 2016, '2016-08-11', 'conf/clef/VollenbroekCKMP16', 'http://ceur-ws.org/Vol-1609/16090846.pdf');
INSERT INTO Write (AuthorID, PaperID) VALUES (368, 294);
INSERT INTO Paper (PaperID, Title, Year, MDate, Key, DOI) VALUES (947, 'N-GrAM: New Groningen Author-profiling Model.', 2017, '2017-08-15', 'conf/clef/BasileDMRHN17', 'http://ceur-ws.org/Vol-1866/paper_71.pdf');
INSERT INTO Write (AuthorID, PaperID) VALUES (368, 947);
INSERT INTO Paper (PaperID, Title, Year, MDate, Key, DOI) VALUES (1513, 'Cross-Lingual Question Answering by Answer Translation.', 2006, '2014-08-15', 'conf/clef/BosN06a', 'http://ceur-ws.org/Vol-1172/CLEF2006wn-QACLEF-BosEt2006.pdf');
INSERT INTO Write (AuthorID, PaperID) VALUES (368, 1513);
INSERT INTO Paper (PaperID, Title, Year, MDate, Key, DOI) VALUES (1826, 'Simply the Best: Minimalist System Trumps Complex Models in Author Profiling.', 2017, '2018-09-13', 'conf/clef/BasileDMRHN17a', 'https://doi.org/10.1007/978-3-319-98932-7_14');
INSERT INTO Write (AuthorID, PaperID) VALUES (368, 1826);
INSERT INTO Paper (PaperID, Title, Year, MDate, Key, DOI) VALUES (2160, 'GLAD: Groningen Lightweight Authorship Detection.', 2015, '2015-09-03', 'conf/clef/HurlimannWBSN15', 'http://ceur-ws.org/Vol-1391/141-CR.pdf');
INSERT INTO Write (AuthorID, PaperID) VALUES (368, 2160);
INSERT INTO Paper (PaperID, Title, Year, MDate, Key, DOI) VALUES (2163, 'An Analysis of Cross-Genre and In-Genre Performance for Author Profiling in Social Media.', 2017, '2017-08-31', 'conf/clef/MedvedevaHN17', 'https://doi.org/10.1007/978-3-319-65813-1_21');
INSERT INTO Write (AuthorID, PaperID) VALUES (368, 2163);
INSERT INTO Author (AuthorID, Name) VALUES (369, 'Jorge Carrillo de Albornoz');
INSERT INTO Write (AuthorID, PaperID) VALUES (369, 299);
INSERT INTO Write (AuthorID, PaperID) VALUES (369, 505);
INSERT INTO Paper (PaperID, Title, Year, MDate, Key, DOI) VALUES (1389, 'A Proposal for New Evaluation Metrics and Result Visualization Technique for Sentiment Analysis Tasks.', 2013, '2017-06-02', 'conf/clef/Valverde-AlbaceteAP13', 'https://doi.org/10.1007/978-3-642-40802-1_5');
INSERT INTO Write (AuthorID, PaperID) VALUES (369, 1389);
INSERT INTO Write (AuthorID, PaperID) VALUES (369, 2648);
INSERT INTO Write (AuthorID, PaperID) VALUES (369, 2931);
INSERT INTO Write (AuthorID, PaperID) VALUES (369, 3039);
INSERT INTO Write (AuthorID, PaperID) VALUES (369, 3121);
INSERT INTO Author (AuthorID, Name) VALUES (370, 'Xing Xie 0001');
INSERT INTO Write (AuthorID, PaperID) VALUES (370, 353);
INSERT INTO Write (AuthorID, PaperID) VALUES (370, 564);
INSERT INTO Write (AuthorID, PaperID) VALUES (370, 1008);
INSERT INTO Write (AuthorID, PaperID) VALUES (370, 1298);
INSERT INTO Write (AuthorID, PaperID) VALUES (370, 2797);
INSERT INTO Write (AuthorID, PaperID) VALUES (370, 2820);
INSERT INTO Write (AuthorID, PaperID) VALUES (370, 3521);
INSERT INTO Author (AuthorID, Name) VALUES (371, 'Benedikt Fischer');
INSERT INTO Write (AuthorID, PaperID) VALUES (371, 992);
INSERT INTO Write (AuthorID, PaperID) VALUES (371, 1036);
INSERT INTO Write (AuthorID, PaperID) VALUES (371, 1197);
INSERT INTO Write (AuthorID, PaperID) VALUES (371, 2009);
INSERT INTO Write (AuthorID, PaperID) VALUES (371, 2140);
INSERT INTO Write (AuthorID, PaperID) VALUES (371, 3128);
INSERT INTO Write (AuthorID, PaperID) VALUES (371, 3297);
INSERT INTO Author (AuthorID, Name) VALUES (372, 'Stefan Conrad 0001');
INSERT INTO Paper (PaperID, Title, Year, MDate, Key, DOI) VALUES (451, 'A Set-Based Approach to Plagiarism Detection.', 2012, '2014-12-22', 'conf/clef/KuppersC12', 'http://www.clef-initiative.eu/documents/71612/3e997692-3518-4cc9-b9db-c93f25481f26');
INSERT INTO Write (AuthorID, PaperID) VALUES (372, 451);
INSERT INTO Paper (PaperID, Title, Year, MDate, Key, DOI) VALUES (688, 'Exploring the Effects of Cross-Genre Machine Learning for Author Profiling in PAN 2016.', 2016, '2016-08-11', 'conf/clef/ModaresiL016', 'http://ceur-ws.org/Vol-1609/16090970.pdf');
INSERT INTO Write (AuthorID, PaperID) VALUES (372, 688);
INSERT INTO Paper (PaperID, Title, Year, MDate, Key, DOI) VALUES (2117, 'Feature-Based Approach for Severity Scoring of Lung Tuberculosis from CT Images.', 2018, '2018-08-08', 'conf/clef/BogomasovHKT018', 'http://ceur-ws.org/Vol-2125/paper_154.pdf');
INSERT INTO Write (AuthorID, PaperID) VALUES (372, 2117);
INSERT INTO Paper (PaperID, Title, Year, MDate, Key, DOI) VALUES (2290, 'Evaluating Safety, Soundness and Sensibleness of Obfuscation Systems.', 2016, '2016-08-11', 'conf/clef/LiebeckM016', 'http://ceur-ws.org/Vol-1609/16090920.pdf');
INSERT INTO Write (AuthorID, PaperID) VALUES (372, 2290);
INSERT INTO Paper (PaperID, Title, Year, MDate, Key, DOI) VALUES (2790, 'Convolutional Neural Networks for Multidrug-resistant and Drug-sensitive Tuberculosis Distinction.', 2017, '2017-08-15', 'conf/clef/0002ST017', 'http://ceur-ws.org/Vol-1866/paper_150.pdf');
INSERT INTO Write (AuthorID, PaperID) VALUES (372, 2790);
INSERT INTO Paper (PaperID, Title, Year, MDate, Key, DOI) VALUES (2829, 'Detection of Multidrug-resistant Tuberculosis using Convolutional Neural Networks and Decision Trees.', 2018, '2018-08-08', 'conf/clef/Tatusch018', 'http://ceur-ws.org/Vol-2125/paper_125.pdf');
INSERT INTO Write (AuthorID, PaperID) VALUES (372, 2829);
INSERT INTO Paper (PaperID, Title, Year, MDate, Key, DOI) VALUES (3149, 'DBRIS at ImageCLEF 2012 Photo Annotation Task.', 2012, '2014-12-22', 'conf/clef/RischkaC12', 'http://www.clef-initiative.eu/documents/71612/e5e0f7fb-7995-4f2e-9de6-f4dbaa6eadfa');
INSERT INTO Write (AuthorID, PaperID) VALUES (372, 3149);
INSERT INTO Author (AuthorID, Name) VALUES (373, 'Laura Monceaux');
INSERT INTO Paper (PaperID, Title, Year, MDate, Key, DOI) VALUES (220, 'The Answer Validation System ProdicosAV.', 2008, '2014-09-29', 'conf/clef/JacquinMD08a', 'http://ceur-ws.org/Vol-1174/CLEF2008wn-QACLEF-JacquinEt2008.pdf');
INSERT INTO Write (AuthorID, PaperID) VALUES (373, 220);
INSERT INTO Write (AuthorID, PaperID) VALUES (373, 601);
INSERT INTO Write (AuthorID, PaperID) VALUES (373, 1940);
INSERT INTO Paper (PaperID, Title, Year, MDate, Key, DOI) VALUES (1982, 'The Query Answering System PRODICOS.', 2005, '2017-05-24', 'conf/clef/MonceauxJD05', 'https://doi.org/10.1007/11878773_59');
INSERT INTO Write (AuthorID, PaperID) VALUES (373, 1982);
INSERT INTO Paper (PaperID, Title, Year, MDate, Key, DOI) VALUES (2591, 'Prodicos Experiment Feedback for QA@CLEF2006.', 2006, '2014-08-15', 'conf/clef/DesmontilsJM06a', 'http://ceur-ws.org/Vol-1172/CLEF2006wn-QACLEF-DesmontilsEt2006.pdf');
INSERT INTO Write (AuthorID, PaperID) VALUES (373, 2591);
INSERT INTO Paper (PaperID, Title, Year, MDate, Key, DOI) VALUES (2866, 'Question Types Specification for the Use of Specialized Patterns in Prodicos System.', 2006, '2017-05-24', 'conf/clef/DesmontilsJM06', 'https://doi.org/10.1007/978-3-540-74999-8_35');
INSERT INTO Write (AuthorID, PaperID) VALUES (373, 2866);
INSERT INTO Paper (PaperID, Title, Year, MDate, Key, DOI) VALUES (3178, 'The Answer Validation System ProdicosAV Dedicated to French.', 2008, '2017-05-24', 'conf/clef/JacquinMD08', 'https://doi.org/10.1007/978-3-642-04447-2_54');
INSERT INTO Write (AuthorID, PaperID) VALUES (373, 3178);
INSERT INTO Author (AuthorID, Name) VALUES (374, 'Dietrich Rebholz-Schuhmann');
INSERT INTO Write (AuthorID, PaperID) VALUES (374, 672);
INSERT INTO Write (AuthorID, PaperID) VALUES (374, 1412);
INSERT INTO Paper (PaperID, Title, Year, MDate, Key, DOI) VALUES (2102, 'An Evaluation of the Concept Retrieval Annotation for Spanish-English CLEFER Parallel Corpora.', 2013, '2014-09-10', 'conf/clef/LlavoriJCR13a', 'http://ceur-ws.org/Vol-1179/CLEF2013wn-CLEFER-BerlangaEt2013.pdf');
INSERT INTO Write (AuthorID, PaperID) VALUES (374, 2102);
INSERT INTO Paper (PaperID, Title, Year, MDate, Key, DOI) VALUES (2343, 'Context-Dependent Semantic Annotation in Cross-Lingual Biomedical Resources.', 2013, '2017-06-02', 'conf/clef/LlavoriJCR13', 'https://doi.org/10.1007/978-3-642-40802-1_15');
INSERT INTO Write (AuthorID, PaperID) VALUES (374, 2343);
INSERT INTO Write (AuthorID, PaperID) VALUES (374, 2350);
INSERT INTO Paper (PaperID, Title, Year, MDate, Key, DOI) VALUES (2906, 'Exploiting BabelNet for Multilingual Biomedical Synonym Expansion.', 2013, '2018-02-13', 'conf/clef/ClematideDRR13', 'http://ceur-ws.org/Vol-1179/CLEF2013wn-CLEFER-ClematideEt2013.pdf');
INSERT INTO Write (AuthorID, PaperID) VALUES (374, 2906);
INSERT INTO Write (AuthorID, PaperID) VALUES (374, 3068);
INSERT INTO Author (AuthorID, Name) VALUES (375, 'Vassili Kovalev');
INSERT INTO Write (AuthorID, PaperID) VALUES (375, 366);
INSERT INTO Write (AuthorID, PaperID) VALUES (375, 383);
INSERT INTO Write (AuthorID, PaperID) VALUES (375, 743);
INSERT INTO Write (AuthorID, PaperID) VALUES (375, 870);
INSERT INTO Paper (PaperID, Title, Year, MDate, Key, DOI) VALUES (1023, 'ImageCLEF 2017: Supervoxels and Co-occurrence for Tuberculosis CT Image Classification.', 2017, '2017-08-15', 'conf/clef/LiauchukK17', 'http://ceur-ws.org/Vol-1866/paper_146.pdf');
INSERT INTO Write (AuthorID, PaperID) VALUES (375, 1023);
INSERT INTO Paper (PaperID, Title, Year, MDate, Key, DOI) VALUES (2282, 'United Institute of Informatics - Problems at CLEF 2009 Medical Image Retrieval Task.', 2009, '2014-09-29', 'conf/clef/KovalevSDP09', 'http://ceur-ws.org/Vol-1175/CLEF2009wn-ImageCLEF-KovalevEt2009.pdf');
INSERT INTO Write (AuthorID, PaperID) VALUES (375, 2282);
INSERT INTO Paper (PaperID, Title, Year, MDate, Key, DOI) VALUES (3502, 'ImageCLEF 2018: Lesion-based TB-descriptor for CT Image Analysis.', 2018, '2018-08-08', 'conf/clef/LiauchukTSKGR18', 'http://ceur-ws.org/Vol-2125/paper_70.pdf');
INSERT INTO Write (AuthorID, PaperID) VALUES (375, 3502);
INSERT INTO Author (AuthorID, Name) VALUES (376, 'Bj&ouml;rn Pelzer');
INSERT INTO Write (AuthorID, PaperID) VALUES (376, 140);
INSERT INTO Write (AuthorID, PaperID) VALUES (376, 819);
INSERT INTO Write (AuthorID, PaperID) VALUES (376, 1289);
INSERT INTO Write (AuthorID, PaperID) VALUES (376, 2088);
INSERT INTO Write (AuthorID, PaperID) VALUES (376, 2839);
INSERT INTO Write (AuthorID, PaperID) VALUES (376, 2920);
INSERT INTO Write (AuthorID, PaperID) VALUES (376, 3486);
INSERT INTO Author (AuthorID, Name) VALUES (377, 'Kalervo J&auml;rvelin');
INSERT INTO Write (AuthorID, PaperID) VALUES (377, 478);
INSERT INTO Write (AuthorID, PaperID) VALUES (377, 598);
INSERT INTO Write (AuthorID, PaperID) VALUES (377, 797);
INSERT INTO Write (AuthorID, PaperID) VALUES (377, 2014);
INSERT INTO Write (AuthorID, PaperID) VALUES (377, 2268);
INSERT INTO Write (AuthorID, PaperID) VALUES (377, 2332);
INSERT INTO Paper (PaperID, Title, Year, MDate, Key, DOI) VALUES (3160, 'A Dictionary- and Corpus-Independent Statistical Lemmatizer for Information Retrieval in Low Resource Languages.', 2010, '2017-05-24', 'conf/clef/LoponenJ10', 'https://doi.org/10.1007/978-3-642-15998-5_3');
INSERT INTO Write (AuthorID, PaperID) VALUES (377, 3160);
INSERT INTO Author (AuthorID, Name) VALUES (378, 'Igal Gabbay');
INSERT INTO Write (AuthorID, PaperID) VALUES (378, 5);
INSERT INTO Write (AuthorID, PaperID) VALUES (378, 732);
INSERT INTO Write (AuthorID, PaperID) VALUES (378, 969);
INSERT INTO Write (AuthorID, PaperID) VALUES (378, 2131);
INSERT INTO Write (AuthorID, PaperID) VALUES (378, 2414);
INSERT INTO Write (AuthorID, PaperID) VALUES (378, 2851);
INSERT INTO Write (AuthorID, PaperID) VALUES (378, 3335);
INSERT INTO Author (AuthorID, Name) VALUES (379, 'Philipp Cimiano');
INSERT INTO Paper (PaperID, Title, Year, MDate, Key, DOI) VALUES (352, 'Cross-lingual Information Retrieval based on Multiple Indexes.', 2009, '2014-09-29', 'conf/clef/SorgBNC09', 'http://ceur-ws.org/Vol-1175/CLEF2009wn-adhoc-SorgEt2009.pdf');
INSERT INTO Write (AuthorID, PaperID) VALUES (379, 352);
INSERT INTO Write (AuthorID, PaperID) VALUES (379, 518);
INSERT INTO Paper (PaperID, Title, Year, MDate, Key, DOI) VALUES (539, 'Cross-language Information Retrieval with Explicit Semantic Analysis.', 2008, '2014-09-29', 'conf/clef/SorgC08', 'http://ceur-ws.org/Vol-1174/CLEF2008wn-adhoc-SorgEt2008.pdf');
INSERT INTO Write (AuthorID, PaperID) VALUES (379, 539);
INSERT INTO Write (AuthorID, PaperID) VALUES (379, 694);
INSERT INTO Write (AuthorID, PaperID) VALUES (379, 809);
INSERT INTO Paper (PaperID, Title, Year, MDate, Key, DOI) VALUES (2361, 'Overview of the Cross-lingual Expert Search (CriES) Pilot Challenge.', 2010, '2014-09-24', 'conf/clef/SorgCSS10', 'http://www.clef-initiative.eu/documents/71612/86374/CLEF2010wn-CriES-SorgEt2010.pdf');
INSERT INTO Write (AuthorID, PaperID) VALUES (379, 2361);
INSERT INTO Write (AuthorID, PaperID) VALUES (379, 3051);
INSERT INTO Author (AuthorID, Name) VALUES (380, 'Torben Brodt');
INSERT INTO Write (AuthorID, PaperID) VALUES (380, 126);
INSERT INTO Write (AuthorID, PaperID) VALUES (380, 829);
INSERT INTO Write (AuthorID, PaperID) VALUES (380, 1093);
INSERT INTO Write (AuthorID, PaperID) VALUES (380, 1104);
INSERT INTO Write (AuthorID, PaperID) VALUES (380, 1320);
INSERT INTO Write (AuthorID, PaperID) VALUES (380, 1609);
INSERT INTO Write (AuthorID, PaperID) VALUES (380, 2909);
INSERT INTO Author (AuthorID, Name) VALUES (381, 'Christian Thies');
INSERT INTO Write (AuthorID, PaperID) VALUES (381, 992);
INSERT INTO Write (AuthorID, PaperID) VALUES (381, 1036);
INSERT INTO Write (AuthorID, PaperID) VALUES (381, 1197);
INSERT INTO Write (AuthorID, PaperID) VALUES (381, 2009);
INSERT INTO Write (AuthorID, PaperID) VALUES (381, 2140);
INSERT INTO Write (AuthorID, PaperID) VALUES (381, 3128);
INSERT INTO Write (AuthorID, PaperID) VALUES (381, 3297);
INSERT INTO Author (AuthorID, Name) VALUES (382, 'Georgi Georgiev');
INSERT INTO Write (AuthorID, PaperID) VALUES (382, 659);
INSERT INTO Write (AuthorID, PaperID) VALUES (382, 1105);
INSERT INTO Write (AuthorID, PaperID) VALUES (382, 1520);
INSERT INTO Paper (PaperID, Title, Year, MDate, Key, DOI) VALUES (1773, 'Towards Knowledge-enriched Cross-Lingual Answer Validation.', 2013, '2014-09-10', 'conf/clef/ZhikovG13', 'http://ceur-ws.org/Vol-1179/CLEF2013wn-QA4MRE-ZhikovEt2013.pdf');
INSERT INTO Write (AuthorID, PaperID) VALUES (382, 1773);
INSERT INTO Write (AuthorID, PaperID) VALUES (382, 2704);
INSERT INTO Write (AuthorID, PaperID) VALUES (382, 2998);
INSERT INTO Write (AuthorID, PaperID) VALUES (382, 3117);
INSERT INTO Author (AuthorID, Name) VALUES (383, 'Sanna Salanter&auml;');
INSERT INTO Write (AuthorID, PaperID) VALUES (383, 928);
INSERT INTO Paper (PaperID, Title, Year, MDate, Key, DOI) VALUES (1556, 'Using Text Mining to Explore Factors Associated with Acute Confusion in Cardiac Patients Documentation.', 2013, '2014-09-10', 'conf/clef/MurtolaKMLSS13', 'http://ceur-ws.org/Vol-1179/CLEF2013wn-CLEFeHealth-MurtolaEt2013.pdf');
INSERT INTO Write (AuthorID, PaperID) VALUES (383, 1556);
INSERT INTO Paper (PaperID, Title, Year, MDate, Key, DOI) VALUES (1557, 'Vocabulary In Discharge Documents The Patient''s Perspective.', 2012, '2014-09-24', 'conf/clef/LaippalaDLSS12', 'http://www.clef-initiative.eu/documents/71612/7aeed7d3-4aac-463a-a9d6-324309b7e7b4');
INSERT INTO Write (AuthorID, PaperID) VALUES (383, 1557);
INSERT INTO Write (AuthorID, PaperID) VALUES (383, 1729);
INSERT INTO Write (AuthorID, PaperID) VALUES (383, 2189);
INSERT INTO Paper (PaperID, Title, Year, MDate, Key, DOI) VALUES (2372, 'An Ontology to Improve Accessibility and Quality of Patient Instructions.', 2012, '2014-09-24', 'conf/clef/HeimonenSS12', 'http://www.clef-initiative.eu/documents/71612/a63d09ab-28f5-43c7-bb25-15de5d262212');
INSERT INTO Write (AuthorID, PaperID) VALUES (383, 2372);
INSERT INTO Write (AuthorID, PaperID) VALUES (383, 2702);
INSERT INTO Author (AuthorID, Name) VALUES (384, 'Patrick S&eacute;gu&eacute;la');
INSERT INTO Write (AuthorID, PaperID) VALUES (384, 168);
INSERT INTO Write (AuthorID, PaperID) VALUES (384, 468);
INSERT INTO Write (AuthorID, PaperID) VALUES (384, 761);
INSERT INTO Write (AuthorID, PaperID) VALUES (384, 1787);
INSERT INTO Write (AuthorID, PaperID) VALUES (384, 2731);
INSERT INTO Write (AuthorID, PaperID) VALUES (384, 2976);
INSERT INTO Write (AuthorID, PaperID) VALUES (384, 3184);
INSERT INTO Author (AuthorID, Name) VALUES (385, 'George R. Thoma');
INSERT INTO Write (AuthorID, PaperID) VALUES (385, 127);
INSERT INTO Write (AuthorID, PaperID) VALUES (385, 869);
INSERT INTO Write (AuthorID, PaperID) VALUES (385, 1012);
INSERT INTO Write (AuthorID, PaperID) VALUES (385, 1017);
INSERT INTO Write (AuthorID, PaperID) VALUES (385, 1476);
INSERT INTO Write (AuthorID, PaperID) VALUES (385, 2000);
INSERT INTO Write (AuthorID, PaperID) VALUES (385, 2301);
INSERT INTO Author (AuthorID, Name) VALUES (386, 'Roberto Paredes');
INSERT INTO Write (AuthorID, PaperID) VALUES (386, 537);
INSERT INTO Write (AuthorID, PaperID) VALUES (386, 1068);
INSERT INTO Write (AuthorID, PaperID) VALUES (386, 1581);
INSERT INTO Write (AuthorID, PaperID) VALUES (386, 2527);
INSERT INTO Write (AuthorID, PaperID) VALUES (386, 2658);
INSERT INTO Write (AuthorID, PaperID) VALUES (386, 3402);
INSERT INTO Author (AuthorID, Name) VALUES (387, 'Steven C. H. Hoi');
INSERT INTO Write (AuthorID, PaperID) VALUES (387, 71);
INSERT INTO Paper (PaperID, Title, Year, MDate, Key, DOI) VALUES (856, 'Cross-Language and Cross-Media Image Retrieval: An Empirical Study at ImageCLEF2007.', 2007, '2017-05-24', 'conf/clef/Hoi07', 'https://doi.org/10.1007/978-3-540-85760-0_67');
INSERT INTO Write (AuthorID, PaperID) VALUES (387, 856);
INSERT INTO Write (AuthorID, PaperID) VALUES (387, 1044);
INSERT INTO Paper (PaperID, Title, Year, MDate, Key, DOI) VALUES (2338, 'Cross-Language and Cross-Media Image Retrieval: An Empirical Study at ImageCLEF2007.', 2007, '2014-09-23', 'conf/clef/Hoi07a', 'http://ceur-ws.org/Vol-1173/CLEF2007wn-ImageCLEF-Hoi2007.pdf');
INSERT INTO Write (AuthorID, PaperID) VALUES (387, 2338);
INSERT INTO Paper (PaperID, Title, Year, MDate, Key, DOI) VALUES (3031, 'CUHK Experiments with ImageCLEF 2005.', 2005, '2014-08-15', 'conf/clef/HoiZL05a', 'http://ceur-ws.org/Vol-1171/CLEF2005wn-ImageCLEF-HoiEt2005.pdf');
INSERT INTO Write (AuthorID, PaperID) VALUES (387, 3031);
INSERT INTO Paper (PaperID, Title, Year, MDate, Key, DOI) VALUES (3085, 'CUHK at ImageCLEF 2005: Cross-Language and Cross-Media Image Retrieval.', 2005, '2017-05-24', 'conf/clef/HoiZL05', 'https://doi.org/10.1007/11878773_67');
INSERT INTO Write (AuthorID, PaperID) VALUES (387, 3085);
INSERT INTO Author (AuthorID, Name) VALUES (388, 'Robert Str&ouml;tgen');
INSERT INTO Write (AuthorID, PaperID) VALUES (388, 85);
INSERT INTO Write (AuthorID, PaperID) VALUES (388, 845);
INSERT INTO Write (AuthorID, PaperID) VALUES (388, 1807);
INSERT INTO Write (AuthorID, PaperID) VALUES (388, 1864);
INSERT INTO Write (AuthorID, PaperID) VALUES (388, 2062);
INSERT INTO Write (AuthorID, PaperID) VALUES (388, 2139);
INSERT INTO Author (AuthorID, Name) VALUES (389, 'Antonio Jimeno-Yepes');
INSERT INTO Write (AuthorID, PaperID) VALUES (389, 672);
INSERT INTO Paper (PaperID, Title, Year, MDate, Key, DOI) VALUES (909, 'Identifying Publication Types Using Machine Learning.', 2013, '2014-08-15', 'conf/clef/Jimeno-YepesMA13', 'http://ceur-ws.org/Vol-1094/bioasq2013_submission_2.pdf');
INSERT INTO Write (AuthorID, PaperID) VALUES (389, 909);
INSERT INTO Write (AuthorID, PaperID) VALUES (389, 1412);
INSERT INTO Write (AuthorID, PaperID) VALUES (389, 2102);
INSERT INTO Write (AuthorID, PaperID) VALUES (389, 2343);
INSERT INTO Paper (PaperID, Title, Year, MDate, Key, DOI) VALUES (3413, 'The NLM Medical Text Indexer System for Indexing Biomedical Literature.', 2013, '2014-08-15', 'conf/clef/MorkJA13', 'http://ceur-ws.org/Vol-1094/bioasq2013_submission_3.pdf');
INSERT INTO Write (AuthorID, PaperID) VALUES (389, 3413);
INSERT INTO Author (AuthorID, Name) VALUES (390, 'Mar&iacute;a Pardi&ntilde;o');
INSERT INTO Write (AuthorID, PaperID) VALUES (390, 122);
INSERT INTO Write (AuthorID, PaperID) VALUES (390, 1415);
INSERT INTO Write (AuthorID, PaperID) VALUES (390, 2207);
INSERT INTO Write (AuthorID, PaperID) VALUES (390, 2733);
INSERT INTO Write (AuthorID, PaperID) VALUES (390, 3462);
INSERT INTO Write (AuthorID, PaperID) VALUES (390, 3485);
INSERT INTO Author (AuthorID, Name) VALUES (391, 'Michal Brandejs');
INSERT INTO Paper (PaperID, Title, Year, MDate, Key, DOI) VALUES (2061, 'Improving the Reliability of the Plagiarism Detection System - Lab Report for PAN at CLEF 2010.', 2010, '2014-09-24', 'conf/clef/KasprzakB10', 'http://www.clef-initiative.eu/documents/71612/86374/CLEF2010wn-PAN-KasprzakEt2010.pdf');
INSERT INTO Write (AuthorID, PaperID) VALUES (391, 2061);
INSERT INTO Paper (PaperID, Title, Year, MDate, Key, DOI) VALUES (2119, 'Heterogeneous Queries for Synoptic and Phrasal Search.', 2014, '2014-09-10', 'conf/clef/SuchomelB14', 'http://ceur-ws.org/Vol-1180/CLEF2014wn-Pan-SuchomelEt2014.pdf');
INSERT INTO Write (AuthorID, PaperID) VALUES (391, 2119);
INSERT INTO Paper (PaperID, Title, Year, MDate, Key, DOI) VALUES (2376, 'Determining Window Size from Plagiarism Corpus for Stylometric Features.', 2015, '2017-05-24', 'conf/clef/SuchomelB15', 'https://doi.org/10.1007/978-3-319-24027-5_31');
INSERT INTO Write (AuthorID, PaperID) VALUES (391, 2376);
INSERT INTO Paper (PaperID, Title, Year, MDate, Key, DOI) VALUES (2816, 'Diverse Queries and Feature Type Selection for Plagiarism Discovery Notebook for PAN at CLEF 2013.', 2013, '2014-09-10', 'conf/clef/SuchomelKB13', 'http://ceur-ws.org/Vol-1179/CLEF2013wn-PAN-SuchomelEt2013.pdf');
INSERT INTO Write (AuthorID, PaperID) VALUES (391, 2816);
INSERT INTO Paper (PaperID, Title, Year, MDate, Key, DOI) VALUES (2989, 'Three Way Search Engine Queries with Multi-feature Document Comparison for Plagiarism Detection.', 2012, '2014-09-24', 'conf/clef/SuchomelKB12', 'http://www.clef-initiative.eu/documents/71612/1f71592e-ad8a-4c84-833e-46a82b44a9be');
INSERT INTO Write (AuthorID, PaperID) VALUES (391, 2989);
INSERT INTO Paper (PaperID, Title, Year, MDate, Key, DOI) VALUES (3293, 'Improving Synoptic Quering for Source Retrieval: Notebook for PAN at CLEF 2015.', 2015, '2015-09-03', 'conf/clef/SuchomelB15a', 'http://ceur-ws.org/Vol-1391/62-CR.pdf');
INSERT INTO Write (AuthorID, PaperID) VALUES (391, 3293);
INSERT INTO Author (AuthorID, Name) VALUES (392, 'Isabelle Robba');
INSERT INTO Write (AuthorID, PaperID) VALUES (392, 75);
INSERT INTO Write (AuthorID, PaperID) VALUES (392, 229);
INSERT INTO Write (AuthorID, PaperID) VALUES (392, 601);
INSERT INTO Write (AuthorID, PaperID) VALUES (392, 1763);
INSERT INTO Write (AuthorID, PaperID) VALUES (392, 1940);
INSERT INTO Write (AuthorID, PaperID) VALUES (392, 3237);
INSERT INTO Author (AuthorID, Name) VALUES (393, '&Aacute;ngel Castellanos Gonz&aacute;les');
INSERT INTO Write (AuthorID, PaperID) VALUES (393, 209);
INSERT INTO Write (AuthorID, PaperID) VALUES (393, 996);
INSERT INTO Write (AuthorID, PaperID) VALUES (393, 1477);
INSERT INTO Write (AuthorID, PaperID) VALUES (393, 2390);
INSERT INTO Write (AuthorID, PaperID) VALUES (393, 2430);
INSERT INTO Write (AuthorID, PaperID) VALUES (393, 2621);
INSERT INTO Author (AuthorID, Name) VALUES (394, 'Gertjan van Noord');
INSERT INTO Write (AuthorID, PaperID) VALUES (394, 115);
INSERT INTO Write (AuthorID, PaperID) VALUES (394, 155);
INSERT INTO Write (AuthorID, PaperID) VALUES (394, 348);
INSERT INTO Write (AuthorID, PaperID) VALUES (394, 425);
INSERT INTO Write (AuthorID, PaperID) VALUES (394, 1860);
INSERT INTO Write (AuthorID, PaperID) VALUES (394, 3306);
INSERT INTO Author (AuthorID, Name) VALUES (395, 'Jaime G. Carbonell');
INSERT INTO Write (AuthorID, PaperID) VALUES (395, 335);
INSERT INTO Write (AuthorID, PaperID) VALUES (395, 1157);
INSERT INTO Paper (PaperID, Title, Year, MDate, Key, DOI) VALUES (1703, 'Cross Lingual QA: A Modular Baseline.', 2003, '2014-08-15', 'conf/clef/LitaRC03a', 'http://ceur-ws.org/Vol-1169/CLEF2003wn-QACLEF-LitaEt2003.pdf');
INSERT INTO Write (AuthorID, PaperID) VALUES (395, 1703);
INSERT INTO Write (AuthorID, PaperID) VALUES (395, 2096);
INSERT INTO Write (AuthorID, PaperID) VALUES (395, 2156);
INSERT INTO Paper (PaperID, Title, Year, MDate, Key, DOI) VALUES (2183, 'Cross Lingual QA: A Modular Baseline in CLEF 2003.', 2003, '2017-05-24', 'conf/clef/LitaRC03', 'https://doi.org/10.1007/978-3-540-30222-3_51');
INSERT INTO Write (AuthorID, PaperID) VALUES (395, 2183);
INSERT INTO Author (AuthorID, Name) VALUES (396, 'Alessio Bosca');
INSERT INTO Write (AuthorID, PaperID) VALUES (396, 1604);
INSERT INTO Write (AuthorID, PaperID) VALUES (396, 1686);
INSERT INTO Write (AuthorID, PaperID) VALUES (396, 2256);
INSERT INTO Write (AuthorID, PaperID) VALUES (396, 2475);
INSERT INTO Write (AuthorID, PaperID) VALUES (396, 2870);
INSERT INTO Write (AuthorID, PaperID) VALUES (396, 3516);
INSERT INTO Author (AuthorID, Name) VALUES (397, 'Christina Unger');
INSERT INTO Write (AuthorID, PaperID) VALUES (397, 518);
INSERT INTO Write (AuthorID, PaperID) VALUES (397, 662);
INSERT INTO Write (AuthorID, PaperID) VALUES (397, 694);
INSERT INTO Write (AuthorID, PaperID) VALUES (397, 809);
INSERT INTO Write (AuthorID, PaperID) VALUES (397, 1891);
INSERT INTO Write (AuthorID, PaperID) VALUES (397, 3051);
INSERT INTO Author (AuthorID, Name) VALUES (398, 'Masaki Aono');
INSERT INTO Paper (PaperID, Title, Year, MDate, Key, DOI) VALUES (34, 'Residual Network with Delayed Max Pooling for Very Large Scale Plant Identification.', 2017, '2017-08-15', 'conf/clef/HangA17', 'http://ceur-ws.org/Vol-1866/paper_134.pdf');
INSERT INTO Write (AuthorID, PaperID) VALUES (398, 34);
INSERT INTO Paper (PaperID, Title, Year, MDate, Key, DOI) VALUES (1033, 'KDEIR at CLEF eHealth 2016: Health Documents Re-ranking Based on Query Variations.', 2016, '2016-08-11', 'conf/clef/UllahA16', 'http://ceur-ws.org/Vol-1609/16090167.pdf');
INSERT INTO Write (AuthorID, PaperID) VALUES (398, 1033);
INSERT INTO Paper (PaperID, Title, Year, MDate, Key, DOI) VALUES (2030, 'KDEVIR at ImageCLEF 2015 Scalable Image Annotation, Localization, and Sentence Generation task: Ontology based Multi-label Image Annotation.', 2015, '2015-09-03', 'conf/clef/UllahA15', 'http://ceur-ws.org/Vol-1391/103-CR.pdf');
INSERT INTO Write (AuthorID, PaperID) VALUES (398, 2030);
INSERT INTO Paper (PaperID, Title, Year, MDate, Key, DOI) VALUES (2513, 'KDEVIR at ImageCLEF 2013 Image Annotation Subtask.', 2013, '2014-09-11', 'conf/clef/ReshmaUA13', 'http://ceur-ws.org/Vol-1179/CLEF2013wn-ImageCLEF-ReshmaEt2013.pdf');
INSERT INTO Write (AuthorID, PaperID) VALUES (398, 2513);
INSERT INTO Paper (PaperID, Title, Year, MDate, Key, DOI) VALUES (2806, 'KDEVIR at ImageCLEF 2014 Scalable Concept Image Annotation Task: Ontology based Automatic Image Annotation.', 2014, '2014-09-10', 'conf/clef/ReshmaUA14', 'http://ceur-ws.org/Vol-1180/CLEF2014wn-Image-ReshmaEt2014.pdf');
INSERT INTO Write (AuthorID, PaperID) VALUES (398, 2806);
INSERT INTO Paper (PaperID, Title, Year, MDate, Key, DOI) VALUES (3236, 'Bluefield (KDE TUT) at LifeCLEF 2016 Plant Identification Task.', 2016, '2016-08-11', 'conf/clef/HangTA16', 'http://ceur-ws.org/Vol-1609/16090459.pdf');
INSERT INTO Write (AuthorID, PaperID) VALUES (398, 3236);
INSERT INTO Author (AuthorID, Name) VALUES (399, 'Tatiana Tommasi');
INSERT INTO Write (AuthorID, PaperID) VALUES (399, 1517);
INSERT INTO Write (AuthorID, PaperID) VALUES (399, 2237);
INSERT INTO Write (AuthorID, PaperID) VALUES (399, 2581);
INSERT INTO Write (AuthorID, PaperID) VALUES (399, 2703);
INSERT INTO Write (AuthorID, PaperID) VALUES (399, 3081);
INSERT INTO Write (AuthorID, PaperID) VALUES (399, 3098);
INSERT INTO Author (AuthorID, Name) VALUES (400, 'Maximilian Stempfhuber');
INSERT INTO Paper (PaperID, Title, Year, MDate, Key, DOI) VALUES (696, 'The Domain-Specific Track at CLEF 2006: Overview of Approaches, Results and Assessment.', 2006, '2017-05-24', 'conf/clef/StempfhuberB06', 'https://doi.org/10.1007/978-3-540-74999-8_23');
INSERT INTO Write (AuthorID, PaperID) VALUES (400, 696);
INSERT INTO Write (AuthorID, PaperID) VALUES (400, 1047);
INSERT INTO Paper (PaperID, Title, Year, MDate, Key, DOI) VALUES (1800, 'Domain-Specific Track CLEF 2005: Overview of Results and Approaches, Remarks on the Assessment Anaalysis.', 2005, '2014-08-15', 'conf/clef/KluckS05a', 'http://ceur-ws.org/Vol-1171/CLEF2005wn-DomainSpecific-KluckEt2005.pdf');
INSERT INTO Write (AuthorID, PaperID) VALUES (400, 1800);
INSERT INTO Paper (PaperID, Title, Year, MDate, Key, DOI) VALUES (2179, 'Domain-Specific Track CLEF 2006: Overview of Results and Approaches, Remarks on the Assessment Analysis.', 2006, '2014-08-15', 'conf/clef/StempfhuberB06a', 'http://ceur-ws.org/Vol-1172/CLEF2006wn-DomainSpecific-StempfhuberEt2006.pdf');
INSERT INTO Write (AuthorID, PaperID) VALUES (400, 2179);
INSERT INTO Paper (PaperID, Title, Year, MDate, Key, DOI) VALUES (2595, 'Domain-Specific Track CLEF 2005: Overview of Results and Approaches, Remarks on the Assessment Analysis.', 2005, '2017-05-24', 'conf/clef/KluckS05', 'https://doi.org/10.1007/11878773_25');
INSERT INTO Write (AuthorID, PaperID) VALUES (400, 2595);
INSERT INTO Write (AuthorID, PaperID) VALUES (400, 3027);
INSERT INTO Author (AuthorID, Name) VALUES (401, 'B&auml;rbel Ripplinger');
INSERT INTO Paper (PaperID, Title, Year, MDate, Key, DOI) VALUES (305, 'Mpro-IR in CLEF 2001.', 2001, '2017-05-24', 'conf/clef/Ripplinger01', 'https://doi.org/10.1007/3-540-45691-0_28');
INSERT INTO Write (AuthorID, PaperID) VALUES (401, 305);
INSERT INTO Paper (PaperID, Title, Year, MDate, Key, DOI) VALUES (426, 'The Use of NLP Techniques in CLIR.', 2000, '2014-08-15', 'conf/clef/Ripplinger00a', 'http://ceur-ws.org/Vol-1166/CLEF2000wn-adhoc-Ripplinger2000.pdf');
INSERT INTO Write (AuthorID, PaperID) VALUES (401, 426);
INSERT INTO Paper (PaperID, Title, Year, MDate, Key, DOI) VALUES (2264, 'The Use of NLP Techniques in CLIR.', 2000, '2017-05-24', 'conf/clef/Ripplinger00', 'https://doi.org/10.1007/3-540-44645-1_16');
INSERT INTO Write (AuthorID, PaperID) VALUES (401, 2264);
INSERT INTO Write (AuthorID, PaperID) VALUES (401, 2496);
INSERT INTO Write (AuthorID, PaperID) VALUES (401, 2960);
INSERT INTO Paper (PaperID, Title, Year, MDate, Key, DOI) VALUES (3443, 'Mpro-IR in Clef 2001.', 2001, '2014-08-15', 'conf/clef/Ripplinger01a', 'http://ceur-ws.org/Vol-1167/CLEF2001wn-adhoc-Ripplinger2001.pdf');
INSERT INTO Write (AuthorID, PaperID) VALUES (401, 3443);
INSERT INTO Author (AuthorID, Name) VALUES (402, 'Dan Cristea');
INSERT INTO Write (AuthorID, PaperID) VALUES (402, 327);
INSERT INTO Write (AuthorID, PaperID) VALUES (402, 1424);
INSERT INTO Write (AuthorID, PaperID) VALUES (402, 2347);
INSERT INTO Write (AuthorID, PaperID) VALUES (402, 2545);
INSERT INTO Write (AuthorID, PaperID) VALUES (402, 3073);
INSERT INTO Write (AuthorID, PaperID) VALUES (402, 3147);
INSERT INTO Author (AuthorID, Name) VALUES (403, 'Natalia Perelman');
INSERT INTO Write (AuthorID, PaperID) VALUES (403, 404);
INSERT INTO Write (AuthorID, PaperID) VALUES (403, 1080);
INSERT INTO Write (AuthorID, PaperID) VALUES (403, 1972);
INSERT INTO Write (AuthorID, PaperID) VALUES (403, 2208);
INSERT INTO Write (AuthorID, PaperID) VALUES (403, 2458);
INSERT INTO Write (AuthorID, PaperID) VALUES (403, 3138);
INSERT INTO Author (AuthorID, Name) VALUES (404, 'Vitali Liauchuk');
INSERT INTO Write (AuthorID, PaperID) VALUES (404, 366);
INSERT INTO Write (AuthorID, PaperID) VALUES (404, 383);
INSERT INTO Write (AuthorID, PaperID) VALUES (404, 743);
INSERT INTO Write (AuthorID, PaperID) VALUES (404, 870);
INSERT INTO Write (AuthorID, PaperID) VALUES (404, 1023);
INSERT INTO Write (AuthorID, PaperID) VALUES (404, 3502);
INSERT INTO Author (AuthorID, Name) VALUES (405, 'Thierry Hamon');
INSERT INTO Write (AuthorID, PaperID) VALUES (405, 64);
INSERT INTO Paper (PaperID, Title, Year, MDate, Key, DOI) VALUES (527, 'Description of the POMELO System for the Task 2 of QALD-2014.', 2014, '2014-09-10', 'conf/clef/HamonGMT14', 'http://ceur-ws.org/Vol-1180/CLEF2014wn-QA-HamonEt2014.pdf');
INSERT INTO Write (AuthorID, PaperID) VALUES (405, 527);
INSERT INTO Write (AuthorID, PaperID) VALUES (405, 657);
INSERT INTO Write (AuthorID, PaperID) VALUES (405, 1046);
INSERT INTO Paper (PaperID, Title, Year, MDate, Key, DOI) VALUES (2721, 'Automatic Query Selection for Acquisition and Discovery of Food-Drug Interactions.', 2018, '2018-08-20', 'conf/clef/BordeaTHM18', 'https://doi.org/10.1007/978-3-319-98932-7_10');
INSERT INTO Write (AuthorID, PaperID) VALUES (405, 2721);
INSERT INTO Paper (PaperID, Title, Year, MDate, Key, DOI) VALUES (3189, 'RePaLi Participation to CLEF eHealth IR Challenge 2014: Leveraging Term Variation.', 2014, '2014-09-10', 'conf/clef/ClaveauHGM14', 'http://ceur-ws.org/Vol-1180/CLEF2014wn-eHealth-ClaveauEt2014.pdf');
INSERT INTO Write (AuthorID, PaperID) VALUES (405, 3189);
INSERT INTO Author (AuthorID, Name) VALUES (406, 'Osama El Demerdash');
INSERT INTO Write (AuthorID, PaperID) VALUES (406, 334);
INSERT INTO Write (AuthorID, PaperID) VALUES (406, 457);
INSERT INTO Write (AuthorID, PaperID) VALUES (406, 1250);
INSERT INTO Write (AuthorID, PaperID) VALUES (406, 1725);
INSERT INTO Write (AuthorID, PaperID) VALUES (406, 3112);
INSERT INTO Write (AuthorID, PaperID) VALUES (406, 3438);
INSERT INTO Author (AuthorID, Name) VALUES (407, 'Aoife O''Gorman');
INSERT INTO Write (AuthorID, PaperID) VALUES (407, 5);
INSERT INTO Write (AuthorID, PaperID) VALUES (407, 732);
INSERT INTO Write (AuthorID, PaperID) VALUES (407, 2131);
INSERT INTO Write (AuthorID, PaperID) VALUES (407, 2414);
INSERT INTO Write (AuthorID, PaperID) VALUES (407, 2851);
INSERT INTO Write (AuthorID, PaperID) VALUES (407, 3335);
INSERT INTO Author (AuthorID, Name) VALUES (408, 'Emilio Sanchis Arnal');
INSERT INTO Write (AuthorID, PaperID) VALUES (408, 208);
INSERT INTO Write (AuthorID, PaperID) VALUES (408, 2010);
INSERT INTO Write (AuthorID, PaperID) VALUES (408, 2077);
INSERT INTO Write (AuthorID, PaperID) VALUES (408, 2218);
INSERT INTO Write (AuthorID, PaperID) VALUES (408, 2232);
INSERT INTO Write (AuthorID, PaperID) VALUES (408, 3205);
INSERT INTO Author (AuthorID, Name) VALUES (409, 'Ivan Koychev');
INSERT INTO Write (AuthorID, PaperID) VALUES (409, 659);
INSERT INTO Write (AuthorID, PaperID) VALUES (409, 1105);
INSERT INTO Write (AuthorID, PaperID) VALUES (409, 1249);
INSERT INTO Write (AuthorID, PaperID) VALUES (409, 1520);
INSERT INTO Write (AuthorID, PaperID) VALUES (409, 1568);
INSERT INTO Write (AuthorID, PaperID) VALUES (409, 2704);
INSERT INTO Author (AuthorID, Name) VALUES (410, 'Adolfo Corujo');
INSERT INTO Write (AuthorID, PaperID) VALUES (410, 299);
INSERT INTO Write (AuthorID, PaperID) VALUES (410, 505);
INSERT INTO Write (AuthorID, PaperID) VALUES (410, 780);
INSERT INTO Write (AuthorID, PaperID) VALUES (410, 2648);
INSERT INTO Write (AuthorID, PaperID) VALUES (410, 2931);
INSERT INTO Write (AuthorID, PaperID) VALUES (410, 3096);
INSERT INTO Author (AuthorID, Name) VALUES (411, 'Gilles Adda');
INSERT INTO Write (AuthorID, PaperID) VALUES (411, 1200);
INSERT INTO Write (AuthorID, PaperID) VALUES (411, 1532);
INSERT INTO Write (AuthorID, PaperID) VALUES (411, 2223);
INSERT INTO Write (AuthorID, PaperID) VALUES (411, 3131);
INSERT INTO Write (AuthorID, PaperID) VALUES (411, 3300);
INSERT INTO Write (AuthorID, PaperID) VALUES (411, 3439);
INSERT INTO Author (AuthorID, Name) VALUES (412, 'Shadi Saleh');
INSERT INTO Write (AuthorID, PaperID) VALUES (412, 235);
INSERT INTO Write (AuthorID, PaperID) VALUES (412, 2261);
INSERT INTO Write (AuthorID, PaperID) VALUES (412, 2273);
INSERT INTO Write (AuthorID, PaperID) VALUES (412, 2973);
INSERT INTO Write (AuthorID, PaperID) VALUES (412, 3054);
INSERT INTO Write (AuthorID, PaperID) VALUES (412, 3136);
INSERT INTO Author (AuthorID, Name) VALUES (413, 'Marcirio Silveira Chaves');
INSERT INTO Write (AuthorID, PaperID) VALUES (413, 36);
INSERT INTO Write (AuthorID, PaperID) VALUES (413, 51);
INSERT INTO Write (AuthorID, PaperID) VALUES (413, 562);
INSERT INTO Write (AuthorID, PaperID) VALUES (413, 2613);
INSERT INTO Write (AuthorID, PaperID) VALUES (413, 2692);
INSERT INTO Write (AuthorID, PaperID) VALUES (413, 3461);
INSERT INTO Author (AuthorID, Name) VALUES (414, 'Carlos Amaral');
INSERT INTO Write (AuthorID, PaperID) VALUES (414, 136);
INSERT INTO Write (AuthorID, PaperID) VALUES (414, 189);
INSERT INTO Write (AuthorID, PaperID) VALUES (414, 435);
INSERT INTO Write (AuthorID, PaperID) VALUES (414, 789);
INSERT INTO Write (AuthorID, PaperID) VALUES (414, 1639);
INSERT INTO Write (AuthorID, PaperID) VALUES (414, 3232);
INSERT INTO Author (AuthorID, Name) VALUES (415, 'Jeffery R. Jensen');
INSERT INTO Write (AuthorID, PaperID) VALUES (415, 382);
INSERT INTO Write (AuthorID, PaperID) VALUES (415, 1247);
INSERT INTO Write (AuthorID, PaperID) VALUES (415, 2444);
INSERT INTO Write (AuthorID, PaperID) VALUES (415, 2482);
INSERT INTO Write (AuthorID, PaperID) VALUES (415, 2817);
INSERT INTO Write (AuthorID, PaperID) VALUES (415, 3215);
INSERT INTO Author (AuthorID, Name) VALUES (416, 'Joemon M. Jose');
INSERT INTO Paper (PaperID, Title, Year, MDate, Key, DOI) VALUES (681, 'University of Glasgow at Image CLEF 2009 Robot Vision Task.', 2009, '2014-09-29', 'conf/clef/FengHJ09a', 'http://ceur-ws.org/Vol-1175/CLEF2009wn-ImageCLEF-FengEt2009.pdf');
INSERT INTO Write (AuthorID, PaperID) VALUES (416, 681);
INSERT INTO Paper (PaperID, Title, Year, MDate, Key, DOI) VALUES (1004, 'Real-Time Entity-Based Event Detection for Twitter.', 2015, '2017-05-24', 'conf/clef/McMinnJ15', 'https://doi.org/10.1007/978-3-319-24027-5_6');
INSERT INTO Write (AuthorID, PaperID) VALUES (416, 1004);
INSERT INTO Paper (PaperID, Title, Year, MDate, Key, DOI) VALUES (1399, 'Experimental Study on Semi-structured Peer-to-Peer Information Retrieval Network.', 2015, '2017-05-24', 'conf/clef/AlkhawaldehJ15', 'https://doi.org/10.1007/978-3-319-24027-5_1');
INSERT INTO Write (AuthorID, PaperID) VALUES (416, 1399);
INSERT INTO Paper (PaperID, Title, Year, MDate, Key, DOI) VALUES (1418, 'University of Glasgow at ImageCLEF 2009 Robot Vision Task: A Rule Based Approach.', 2009, '2017-06-02', 'conf/clef/FengHJ09', 'https://doi.org/10.1007/978-3-642-15751-6_38');
INSERT INTO Write (AuthorID, PaperID) VALUES (416, 1418);
INSERT INTO Write (AuthorID, PaperID) VALUES (416, 2515);
INSERT INTO Write (AuthorID, PaperID) VALUES (416, 2765);
INSERT INTO Author (AuthorID, Name) VALUES (417, 'Pierre-Alain Mo&euml;llic');
INSERT INTO Write (AuthorID, PaperID) VALUES (417, 480);
INSERT INTO Write (AuthorID, PaperID) VALUES (417, 1000);
INSERT INTO Write (AuthorID, PaperID) VALUES (417, 1224);
INSERT INTO Write (AuthorID, PaperID) VALUES (417, 2066);
INSERT INTO Write (AuthorID, PaperID) VALUES (417, 2566);
INSERT INTO Write (AuthorID, PaperID) VALUES (417, 2632);
INSERT INTO Author (AuthorID, Name) VALUES (418, 'Karen Pinel-Sauvagnat');
INSERT INTO Write (AuthorID, PaperID) VALUES (418, 1457);
INSERT INTO Write (AuthorID, PaperID) VALUES (418, 1923);
INSERT INTO Write (AuthorID, PaperID) VALUES (418, 2389);
INSERT INTO Write (AuthorID, PaperID) VALUES (418, 2779);
INSERT INTO Write (AuthorID, PaperID) VALUES (418, 3214);
INSERT INTO Write (AuthorID, PaperID) VALUES (418, 3327);
INSERT INTO Author (AuthorID, Name) VALUES (419, 'Prabir Bhattacharya');
INSERT INTO Write (AuthorID, PaperID) VALUES (419, 680);
INSERT INTO Write (AuthorID, PaperID) VALUES (419, 1196);
INSERT INTO Write (AuthorID, PaperID) VALUES (419, 1346);
INSERT INTO Write (AuthorID, PaperID) VALUES (419, 2392);
INSERT INTO Write (AuthorID, PaperID) VALUES (419, 3097);
INSERT INTO Write (AuthorID, PaperID) VALUES (419, 3399);
INSERT INTO Author (AuthorID, Name) VALUES (420, 'Spyridon Stathopoulos');
INSERT INTO Write (AuthorID, PaperID) VALUES (420, 779);
INSERT INTO Write (AuthorID, PaperID) VALUES (420, 1055);
INSERT INTO Write (AuthorID, PaperID) VALUES (420, 1263);
INSERT INTO Write (AuthorID, PaperID) VALUES (420, 1430);
INSERT INTO Write (AuthorID, PaperID) VALUES (420, 1825);
INSERT INTO Paper (PaperID, Title, Year, MDate, Key, DOI) VALUES (2488, 'IPL at ImageCLEF 2017 Concept Detection Task.', 2017, '2017-08-15', 'conf/clef/ValavanisS17', 'http://ceur-ws.org/Vol-1866/paper_144.pdf');
INSERT INTO Write (AuthorID, PaperID) VALUES (420, 2488);
INSERT INTO Author (AuthorID, Name) VALUES (421, 'Viviane Moreira Orengo');
INSERT INTO Paper (PaperID, Title, Year, MDate, Key, DOI) VALUES (3, 'A Study on the use of Stemming for Monolingual Ad-Hoc Portuguese Information Retrieval.', 2006, '2014-08-15', 'conf/clef/Orengo06', 'http://ceur-ws.org/Vol-1172/CLEF2006wn-adhoc-Orengo2006.pdf');
INSERT INTO Write (AuthorID, PaperID) VALUES (421, 3);
INSERT INTO Paper (PaperID, Title, Year, MDate, Key, DOI) VALUES (156, 'Portuguese-English Experiments using Latent Semantic Indexing.', 2002, '2014-08-15', 'conf/clef/OrengoH02', 'http://ceur-ws.org/Vol-1168/CLEF2002wn-adhoc-MoreiraOrengoEt2002.pdf');
INSERT INTO Write (AuthorID, PaperID) VALUES (421, 156);
INSERT INTO Paper (PaperID, Title, Year, MDate, Key, DOI) VALUES (259, 'A Study on the Use of Stemming for Monolingual Ad-Hoc Portuguese Information Retrieval.', 2006, '2017-05-24', 'conf/clef/OrengoBC06', 'https://doi.org/10.1007/978-3-540-74999-8_12');
INSERT INTO Write (AuthorID, PaperID) VALUES (421, 259);
INSERT INTO Paper (PaperID, Title, Year, MDate, Key, DOI) VALUES (1079, 'UFRGS@CLEF2008: Using Association Rules for Cross-Language Information Retrieval.', 2008, '2014-09-29', 'conf/clef/GeraldoO08', 'http://ceur-ws.org/Vol-1174/CLEF2008wn-adhoc-GeraldoEt2008.pdf');
INSERT INTO Write (AuthorID, PaperID) VALUES (421, 1079);
INSERT INTO Paper (PaperID, Title, Year, MDate, Key, DOI) VALUES (2717, 'UFRGS@CLEF2008: Indexing Multiword Expressions for Information Retrieval.', 2008, '2017-08-27', 'conf/clef/AcostaGOV08', 'http://ceur-ws.org/Vol-1174/CLEF2008wn-adhoc-CostaAcostaEt2008.pdf');
INSERT INTO Write (AuthorID, PaperID) VALUES (421, 2717);
INSERT INTO Paper (PaperID, Title, Year, MDate, Key, DOI) VALUES (2787, 'Portuguese-English Experiments Using Latent Semantic Indexing.', 2002, '2017-05-24', 'conf/clef/MoreiraH02', 'https://doi.org/10.1007/978-3-540-45237-9_11');
INSERT INTO Write (AuthorID, PaperID) VALUES (421, 2787);
INSERT INTO Author (AuthorID, Name) VALUES (422, 'Duc-Tien Dang-Nguyen');
INSERT INTO Write (AuthorID, PaperID) VALUES (422, 249);
INSERT INTO Write (AuthorID, PaperID) VALUES (422, 383);
INSERT INTO Write (AuthorID, PaperID) VALUES (422, 870);
INSERT INTO Write (AuthorID, PaperID) VALUES (422, 920);
INSERT INTO Write (AuthorID, PaperID) VALUES (422, 1837);
INSERT INTO Write (AuthorID, PaperID) VALUES (422, 2562);
INSERT INTO Author (AuthorID, Name) VALUES (423, 'Ivica Dimitrovski');
INSERT INTO Paper (PaperID, Title, Year, MDate, Key, DOI) VALUES (489, 'FCSE at ImageCLEF 2012: Evaluating Techniques for Medical Image Retrieval.', 2012, '2014-09-24', 'conf/clef/KitanovskiDL12', 'http://www.clef-initiative.eu/documents/71612/f14a3e97-f2af-438d-978c-0b0c582bfc8b');
INSERT INTO Write (AuthorID, PaperID) VALUES (423, 489);
INSERT INTO Paper (PaperID, Title, Year, MDate, Key, DOI) VALUES (1211, 'ImageCLEF 2009 Medical Image Annotation Task: PCTs for Hierarchical Multi-Label Classification.', 2009, '2017-05-24', 'conf/clef/DimitrovskiKLD09', 'https://doi.org/10.1007/978-3-642-15751-6_28');
INSERT INTO Write (AuthorID, PaperID) VALUES (423, 1211);
INSERT INTO Paper (PaperID, Title, Year, MDate, Key, DOI) VALUES (2029, 'ImageCLEF 2009 Medical Image Annotation Task: PCTs for Hierarchical Multi-Label Classification.', 2009, '2014-09-29', 'conf/clef/DimitrovskiKLD09a', 'http://ceur-ws.org/Vol-1175/CLEF2009wn-ImageCLEF-DimitrovskiEt2009.pdf');
INSERT INTO Write (AuthorID, PaperID) VALUES (423, 2029);
INSERT INTO Paper (PaperID, Title, Year, MDate, Key, DOI) VALUES (2126, 'Detection of Visual Concepts and Annotation of Images Using Predictive Clustering Trees.', 2010, '2014-09-24', 'conf/clef/DimitrovskiKLD10', 'http://www.clef-initiative.eu/documents/71612/86374/CLEF2010wn-ImageCLEF-DimitrovskiEt2010.pdf');
INSERT INTO Write (AuthorID, PaperID) VALUES (423, 2126);
INSERT INTO Paper (PaperID, Title, Year, MDate, Key, DOI) VALUES (2763, 'FCSE at Medical Tasks of ImageCLEF 2013.', 2013, '2014-09-10', 'conf/clef/KitanovskiDL13', 'http://ceur-ws.org/Vol-1179/CLEF2013wn-ImageCLEF-KitanovskiEt2013.pdf');
INSERT INTO Write (AuthorID, PaperID) VALUES (423, 2763);
INSERT INTO Paper (PaperID, Title, Year, MDate, Key, DOI) VALUES (3169, 'Maestra at LifeCLEF 2014 Plant Task: Plant Identification using Visual Data.', 2014, '2014-09-10', 'conf/clef/DimitrovskiMKL14', 'http://ceur-ws.org/Vol-1180/CLEF2014wn-Life-DimitrovskiEt2014.pdf');
INSERT INTO Write (AuthorID, PaperID) VALUES (423, 3169);
INSERT INTO Author (AuthorID, Name) VALUES (424, 'Leila Kosseim');
INSERT INTO Write (AuthorID, PaperID) VALUES (424, 334);
INSERT INTO Write (AuthorID, PaperID) VALUES (424, 457);
INSERT INTO Write (AuthorID, PaperID) VALUES (424, 1250);
INSERT INTO Write (AuthorID, PaperID) VALUES (424, 1725);
INSERT INTO Write (AuthorID, PaperID) VALUES (424, 3112);
INSERT INTO Write (AuthorID, PaperID) VALUES (424, 3438);
INSERT INTO Author (AuthorID, Name) VALUES (425, 'Mohamed Tmar');
INSERT INTO Paper (PaperID, Title, Year, MDate, Key, DOI) VALUES (384, 'Miracl at CLEF 2018 : Consumer Health Search Task.', 2018, '2018-08-08', 'conf/clef/ZayaniKTG18', 'http://ceur-ws.org/Vol-2125/paper_141.pdf');
INSERT INTO Write (AuthorID, PaperID) VALUES (425, 384);
INSERT INTO Paper (PaperID, Title, Year, MDate, Key, DOI) VALUES (1426, 'A Visual Search of Multimedia Documents in ImageCLEF 2014.', 2014, '2014-09-10', 'conf/clef/FakhfakhATM14', 'http://ceur-ws.org/Vol-1180/CLEF2014wn-Life-FakhfakhEt2014.pdf');
INSERT INTO Write (AuthorID, PaperID) VALUES (425, 1426);
INSERT INTO Write (AuthorID, PaperID) VALUES (425, 2480);
INSERT INTO Paper (PaperID, Title, Year, MDate, Key, DOI) VALUES (2748, 'Medical Case-based Retrieval by Using a Language Model: MIRACL at ImageCLEF 2012.', 2012, '2014-09-24', 'conf/clef/MajdoubiLTG12', 'http://www.clef-initiative.eu/documents/71612/e536f44c-f262-4141-83df-803a44e6f734');
INSERT INTO Write (AuthorID, PaperID) VALUES (425, 2748);
INSERT INTO Paper (PaperID, Title, Year, MDate, Key, DOI) VALUES (2772, 'MIRACL at ImageCLEF 2014: Plant Identification Task.', 2014, '2014-09-10', 'conf/clef/KaramtiFTG14', 'http://ceur-ws.org/Vol-1180/CLEF2014wn-Life-KaramtiEt2014.pdf');
INSERT INTO Write (AuthorID, PaperID) VALUES (425, 2772);
INSERT INTO Paper (PaperID, Title, Year, MDate, Key, DOI) VALUES (3283, 'Miracl at Clef 2014 : eHealth Information Retrieval Task.', 2014, '2014-09-16', 'conf/clef/NesrineMF14', 'http://ceur-ws.org/Vol-1180/CLEF2014wn-eHealth-NesrineEt2014.pdf');
INSERT INTO Write (AuthorID, PaperID) VALUES (425, 3283);
INSERT INTO Author (AuthorID, Name) VALUES (426, 'Sami Virpioja');
INSERT INTO Paper (PaperID, Title, Year, MDate, Key, DOI) VALUES (175, 'Allomorfessor: Towards Unsupervised Morpheme Analysis.', 2008, '2017-05-24', 'conf/clef/KohonenVK08', 'https://doi.org/10.1007/978-3-642-04447-2_129');
INSERT INTO Write (AuthorID, PaperID) VALUES (426, 175);
INSERT INTO Write (AuthorID, PaperID) VALUES (426, 258);
INSERT INTO Paper (PaperID, Title, Year, MDate, Key, DOI) VALUES (701, 'Allomorfessor: Towards Unsupervised Morpheme Analysis.', 2008, '2014-09-29', 'conf/clef/KohonenVK08a', 'http://ceur-ws.org/Vol-1174/CLEF2008wn-MorphoChallenge-KohonenEt2008.pdf');
INSERT INTO Write (AuthorID, PaperID) VALUES (426, 701);
INSERT INTO Paper (PaperID, Title, Year, MDate, Key, DOI) VALUES (1563, 'Unsupervised Morpheme Analysis with Allomorfessor.', 2009, '2017-05-24', 'conf/clef/VirpiojaKL09', 'https://doi.org/10.1007/978-3-642-15754-7_73');
INSERT INTO Write (AuthorID, PaperID) VALUES (426, 1563);
INSERT INTO Write (AuthorID, PaperID) VALUES (426, 2387);
INSERT INTO Paper (PaperID, Title, Year, MDate, Key, DOI) VALUES (2659, 'Unsupervised Morpheme Discovery with Allomorfessor.', 2009, '2014-09-29', 'conf/clef/VirpiojaK09', 'http://ceur-ws.org/Vol-1175/CLEF2009wn-MorphoChallenge-VirpiojaEt2009.pdf');
INSERT INTO Write (AuthorID, PaperID) VALUES (426, 2659);
INSERT INTO Author (AuthorID, Name) VALUES (427, 'Philipp Schaer');
INSERT INTO Paper (PaperID, Title, Year, MDate, Key, DOI) VALUES (1791, 'Historical Clicks for Product Search: GESIS at CLEF LL4IR 2015.', 2015, '2015-09-03', 'conf/clef/SchaerT15', 'http://ceur-ws.org/Vol-1391/26-CR.pdf');
INSERT INTO Write (AuthorID, PaperID) VALUES (427, 1791);
INSERT INTO Paper (PaperID, Title, Year, MDate, Key, DOI) VALUES (1869, 'Better than Their Reputation? On the Reliability of Relevance Assessments with Students.', 2012, '2017-06-02', 'conf/clef/Schaer12', 'https://doi.org/10.1007/978-3-642-33247-0_14');
INSERT INTO Write (AuthorID, PaperID) VALUES (427, 1869);
INSERT INTO Paper (PaperID, Title, Year, MDate, Key, DOI) VALUES (2149, 'Dealing with Sparse Document and Topic Representations: Lab Report for CHiC 2012.', 2012, '2014-09-24', 'conf/clef/SchaerHSWL12', 'http://www.clef-initiative.eu/documents/71612/0d6fb697-b1b5-45c7-a252-b58ae4b6c5b2');
INSERT INTO Write (AuthorID, PaperID) VALUES (427, 2149);
INSERT INTO Paper (PaperID, Title, Year, MDate, Key, DOI) VALUES (2512, 'Enriching Existing Test Collections with OXPath.', 2017, '2018-11-24', 'conf/clef/SchaerN17', 'https://www.wikidata.org/entity/Q58337153');
INSERT INTO Write (AuthorID, PaperID) VALUES (427, 2512);
INSERT INTO Paper (PaperID, Title, Year, MDate, Key, DOI) VALUES (2616, 'How Relevant is the Long Tail? - A Relevance Assessment Study on Million Short.', 2016, '2017-06-15', 'conf/clef/SchaerMSL15', 'https://doi.org/10.1007/978-3-319-44564-9_20');
INSERT INTO Write (AuthorID, PaperID) VALUES (427, 2616);
INSERT INTO Paper (PaperID, Title, Year, MDate, Key, DOI) VALUES (2883, 'Ideas for a Standard LL4IR Extension - Living Labs from a System Operator''s Perspective.', 2016, '2016-08-11', 'conf/clef/SchaerT16', 'http://ceur-ws.org/Vol-1609/16090591.pdf');
INSERT INTO Write (AuthorID, PaperID) VALUES (427, 2883);
INSERT INTO Author (AuthorID, Name) VALUES (428, 'Stefan Baerisch');
INSERT INTO Write (AuthorID, PaperID) VALUES (428, 696);
INSERT INTO Write (AuthorID, PaperID) VALUES (428, 1047);
INSERT INTO Write (AuthorID, PaperID) VALUES (428, 2179);
INSERT INTO Write (AuthorID, PaperID) VALUES (428, 2775);
INSERT INTO Write (AuthorID, PaperID) VALUES (428, 2828);
INSERT INTO Write (AuthorID, PaperID) VALUES (428, 3027);
INSERT INTO Author (AuthorID, Name) VALUES (429, 'Donna Harman');
INSERT INTO Write (AuthorID, PaperID) VALUES (429, 55);
INSERT INTO Write (AuthorID, PaperID) VALUES (429, 959);
INSERT INTO Write (AuthorID, PaperID) VALUES (429, 1654);
INSERT INTO Write (AuthorID, PaperID) VALUES (429, 2165);
INSERT INTO Write (AuthorID, PaperID) VALUES (429, 2720);
INSERT INTO Paper (PaperID, Title, Year, MDate, Key, DOI) VALUES (3453, 'Report from TREC-9.', 2001, '2014-08-15', 'conf/clef/HarmanV01', 'http://ceur-ws.org/Vol-1167/CLEF2001wn-other-HarmanEt2001.pdf');
INSERT INTO Write (AuthorID, PaperID) VALUES (429, 3453);
INSERT INTO Author (AuthorID, Name) VALUES (430, 'Lili Aunimo');
INSERT INTO Paper (PaperID, Title, Year, MDate, Key, DOI) VALUES (1136, 'Cross-Language Question Answering at the University of Helsinki.', 2004, '2014-08-15', 'conf/clef/AunimoKM04', 'http://ceur-ws.org/Vol-1170/CLEF2004wn-QACLEF-AunimoEt2004.pdf');
INSERT INTO Write (AuthorID, PaperID) VALUES (430, 1136);
INSERT INTO Write (AuthorID, PaperID) VALUES (430, 1163);
INSERT INTO Paper (PaperID, Title, Year, MDate, Key, DOI) VALUES (1363, 'Question Answering using Semantic Annotation.', 2005, '2014-08-15', 'conf/clef/AunimoK05a', 'http://ceur-ws.org/Vol-1171/CLEF2005wn-QACLEF-AunimoEt2005.pdf');
INSERT INTO Write (AuthorID, PaperID) VALUES (430, 1363);
INSERT INTO Paper (PaperID, Title, Year, MDate, Key, DOI) VALUES (1612, 'Question Answering Experiments for Finnish and French.', 2005, '2017-05-24', 'conf/clef/AunimoK05', 'https://doi.org/10.1007/11878773_53');
INSERT INTO Write (AuthorID, PaperID) VALUES (430, 1612);
INSERT INTO Paper (PaperID, Title, Year, MDate, Key, DOI) VALUES (1916, 'Finnish as Source Language in Bilingual Question Answering.', 2004, '2017-05-24', 'conf/clef/AunimoKM05', 'https://doi.org/10.1007/11519645_47');
INSERT INTO Write (AuthorID, PaperID) VALUES (430, 1916);
INSERT INTO Write (AuthorID, PaperID) VALUES (430, 3286);
INSERT INTO Author (AuthorID, Name) VALUES (431, 'Masashi Inoue');
INSERT INTO Paper (PaperID, Title, Year, MDate, Key, DOI) VALUES (591, 'Using Visual Linkages for Multilingual Image Retrieval.', 2006, '2017-05-24', 'conf/clef/Inoue06', 'https://doi.org/10.1007/978-3-540-74999-8_75');
INSERT INTO Write (AuthorID, PaperID) VALUES (431, 591);
INSERT INTO Paper (PaperID, Title, Year, MDate, Key, DOI) VALUES (929, 'Visual Micro-clustering Pre-processing for Cross-Language Ad hoc Image Retrieval.', 2006, '2014-08-15', 'conf/clef/Inoue06a', 'http://ceur-ws.org/Vol-1172/CLEF2006wn-ImageCLEF-Inoue2006.pdf');
INSERT INTO Write (AuthorID, PaperID) VALUES (431, 929);
INSERT INTO Paper (PaperID, Title, Year, MDate, Key, DOI) VALUES (2018, 'Recovering Translation Errors in Cross-Language Image Retrieval using Word Association Models.', 2005, '2014-08-15', 'conf/clef/Inoue05a', 'http://ceur-ws.org/Vol-1171/CLEF2005wn-ImageCLEF-Inoue2005.pdf');
INSERT INTO Write (AuthorID, PaperID) VALUES (431, 2018);
INSERT INTO Paper (PaperID, Title, Year, MDate, Key, DOI) VALUES (3278, 'Query Types and Visual Concept-Based Post-retrieval Clustering.', 2008, '2017-06-15', 'conf/clef/InoueG08', 'https://doi.org/10.1007/978-3-642-04447-2_83');
INSERT INTO Write (AuthorID, PaperID) VALUES (431, 3278);
INSERT INTO Paper (PaperID, Title, Year, MDate, Key, DOI) VALUES (3312, 'Easing Erroneous Translations in Cross-Language Image Retrieval Using Word Associations.', 2005, '2017-05-24', 'conf/clef/Inoue05', 'https://doi.org/10.1007/11878773_65');
INSERT INTO Write (AuthorID, PaperID) VALUES (431, 3312);
INSERT INTO Paper (PaperID, Title, Year, MDate, Key, DOI) VALUES (3396, 'Effects of Visual Concept-based Post-retrieval Clustering in ImageCLEFphoto 2008.', 2008, '2014-09-29', 'conf/clef/InoueG08a', 'http://ceur-ws.org/Vol-1174/CLEF2008wn-ImageCLEF-InoueEt2008.pdf');
INSERT INTO Write (AuthorID, PaperID) VALUES (431, 3396);
INSERT INTO Author (AuthorID, Name) VALUES (432, 'Tobias Weyand');
INSERT INTO Write (AuthorID, PaperID) VALUES (432, 611);
INSERT INTO Write (AuthorID, PaperID) VALUES (432, 1562);
INSERT INTO Write (AuthorID, PaperID) VALUES (432, 1906);
INSERT INTO Write (AuthorID, PaperID) VALUES (432, 2068);
INSERT INTO Write (AuthorID, PaperID) VALUES (432, 2306);
INSERT INTO Write (AuthorID, PaperID) VALUES (432, 2850);
INSERT INTO Author (AuthorID, Name) VALUES (433, 'Michael Riegler');
INSERT INTO Write (AuthorID, PaperID) VALUES (433, 249);
INSERT INTO Write (AuthorID, PaperID) VALUES (433, 383);
INSERT INTO Write (AuthorID, PaperID) VALUES (433, 870);
INSERT INTO Write (AuthorID, PaperID) VALUES (433, 920);
INSERT INTO Write (AuthorID, PaperID) VALUES (433, 1837);
INSERT INTO Write (AuthorID, PaperID) VALUES (433, 2562);
INSERT INTO Author (AuthorID, Name) VALUES (434, 'Marcel Puchol-Blasco');
INSERT INTO Write (AuthorID, PaperID) VALUES (434, 122);
INSERT INTO Write (AuthorID, PaperID) VALUES (434, 1415);
INSERT INTO Write (AuthorID, PaperID) VALUES (434, 1951);
INSERT INTO Write (AuthorID, PaperID) VALUES (434, 2493);
INSERT INTO Write (AuthorID, PaperID) VALUES (434, 3462);
INSERT INTO Write (AuthorID, PaperID) VALUES (434, 3485);
INSERT INTO Author (AuthorID, Name) VALUES (435, 'Anis Ben Ammar');
INSERT INTO Paper (PaperID, Title, Year, MDate, Key, DOI) VALUES (1510, 'REGIMvid at ImageCLEF2012: Concept-based Query Refinement and Relevance-based Ranking Enhancement for Image Retrieval.', 2012, '2014-09-24', 'conf/clef/FakhfakhFKAA12', 'http://www.clef-initiative.eu/documents/71612/6d94e5f3-776d-48a6-bf65-68dd2ea55bea');
INSERT INTO Write (AuthorID, PaperID) VALUES (435, 1510);
INSERT INTO Paper (PaperID, Title, Year, MDate, Key, DOI) VALUES (2275, 'REGIMvid at ImageCLEF2011: Integrating Contextual Information to Enhance Photo Annotation and Concept-based Retrieval.', 2011, '2014-09-24', 'conf/clef/KsibiAA11', 'http://www.clef-initiative.eu/documents/71612/86377/CLEF2011wn-ImageCLEF-KsibiEt2011.pdf');
INSERT INTO Write (AuthorID, PaperID) VALUES (435, 2275);
INSERT INTO Paper (PaperID, Title, Year, MDate, Key, DOI) VALUES (2656, 'Regimvid at ImageCLEF 2015 Scalable Concept Image Annotation Task: Ontology based Hierarchical Image Annotation.', 2015, '2015-09-03', 'conf/clef/ZarkaAA15', 'http://ceur-ws.org/Vol-1391/50-CR.pdf');
INSERT INTO Write (AuthorID, PaperID) VALUES (435, 2656);
INSERT INTO Paper (PaperID, Title, Year, MDate, Key, DOI) VALUES (3176, 'Regim Lab Team at ImageCLEF Lifelog Moment Retrieval Task 2018.', 2018, '2018-08-08', 'conf/clef/AbdallahFEAA18', 'http://ceur-ws.org/Vol-2125/paper_117.pdf');
INSERT INTO Write (AuthorID, PaperID) VALUES (435, 3176);
INSERT INTO Paper (PaperID, Title, Year, MDate, Key, DOI) VALUES (3251, 'REGIMRobvid: Objects and Scenes Detection for Robot Vision 2013.', 2013, '2014-09-10', 'conf/clef/KsibiAAAA13', 'http://ceur-ws.org/Vol-1179/CLEF2013wn-ImageCLEF-KsibiEt2013.pdf');
INSERT INTO Write (AuthorID, PaperID) VALUES (435, 3251);
INSERT INTO Paper (PaperID, Title, Year, MDate, Key, DOI) VALUES (3313, 'REGIMvid at ImageCLEF2012: Improving Diversity in Personal Photo Ranking Using Fuzzy Logic.', 2012, '2014-09-24', 'conf/clef/FekiKAA12', 'http://www.clef-initiative.eu/documents/71612/32c16986-586e-4a5a-b0c2-5663520c4157');
INSERT INTO Write (AuthorID, PaperID) VALUES (435, 3313);
INSERT INTO Author (AuthorID, Name) VALUES (436, 'Julien Champ');
INSERT INTO Write (AuthorID, PaperID) VALUES (436, 2);
INSERT INTO Write (AuthorID, PaperID) VALUES (436, 1547);
INSERT INTO Write (AuthorID, PaperID) VALUES (436, 2118);
INSERT INTO Write (AuthorID, PaperID) VALUES (436, 2437);
INSERT INTO Write (AuthorID, PaperID) VALUES (436, 2679);
INSERT INTO Write (AuthorID, PaperID) VALUES (436, 3152);
INSERT INTO Author (AuthorID, Name) VALUES (437, 'Thomas Wilhelm-Stein');
INSERT INTO Write (AuthorID, PaperID) VALUES (437, 90);
INSERT INTO Write (AuthorID, PaperID) VALUES (437, 1776);
INSERT INTO Write (AuthorID, PaperID) VALUES (437, 1838);
INSERT INTO Write (AuthorID, PaperID) VALUES (437, 2019);
INSERT INTO Write (AuthorID, PaperID) VALUES (437, 2310);
INSERT INTO Write (AuthorID, PaperID) VALUES (437, 2570);
INSERT INTO Author (AuthorID, Name) VALUES (438, 'Delphine Bernhard');
INSERT INTO Write (AuthorID, PaperID) VALUES (438, 898);
INSERT INTO Paper (PaperID, Title, Year, MDate, Key, DOI) VALUES (1790, 'MorphoNet: Exploring the Use of Community Structure for Unsupervised Morpheme Analysis.', 2009, '2017-05-24', 'conf/clef/Bernhard09', 'https://doi.org/10.1007/978-3-642-15754-7_72');
INSERT INTO Write (AuthorID, PaperID) VALUES (438, 1790);
INSERT INTO Write (AuthorID, PaperID) VALUES (438, 1828);
INSERT INTO Paper (PaperID, Title, Year, MDate, Key, DOI) VALUES (2358, 'MorphoNet: Exploring the Use of Community Structure for Unsupervised Morpheme Analysis.', 2009, '2014-09-29', 'conf/clef/Bernhard09a', 'http://ceur-ws.org/Vol-1175/CLEF2009wn-MorphoChallenge-Bernhard2009.pdf');
INSERT INTO Write (AuthorID, PaperID) VALUES (438, 2358);
INSERT INTO Paper (PaperID, Title, Year, MDate, Key, DOI) VALUES (3082, 'Simple Morpheme Labelling in Unsupervised Morpheme Analysis.', 2007, '2017-05-24', 'conf/clef/Bernhard07', 'https://doi.org/10.1007/978-3-540-85760-0_112');
INSERT INTO Write (AuthorID, PaperID) VALUES (438, 3082);
INSERT INTO Paper (PaperID, Title, Year, MDate, Key, DOI) VALUES (3239, 'Simple Morpheme Labelling in Unsupervised Morpheme Analysis.', 2007, '2014-09-23', 'conf/clef/Bernhard07a', 'http://ceur-ws.org/Vol-1173/CLEF2007wn-MorphoChallenge-BernhardEt2007.pdf');
INSERT INTO Write (AuthorID, PaperID) VALUES (438, 3239);
INSERT INTO Author (AuthorID, Name) VALUES (439, 'Jean-Val&egrave;re Cossu');
INSERT INTO Write (AuthorID, PaperID) VALUES (439, 84);
INSERT INTO Paper (PaperID, Title, Year, MDate, Key, DOI) VALUES (291, 'LIA@Replab 2014.', 2014, '2015-08-31', 'conf/clef/CossuKFGE14', 'http://ceur-ws.org/Vol-1180/CLEF2014wn-Rep-CossuEt2014.pdf');
INSERT INTO Write (AuthorID, PaperID) VALUES (439, 291);
INSERT INTO Paper (PaperID, Title, Year, MDate, Key, DOI) VALUES (1425, 'NLP-Based Classifiers to Generalize Expert Assessments in E-Reputation.', 2015, '2017-05-24', 'conf/clef/CossuFJGE15', 'https://doi.org/10.1007/978-3-319-24027-5_37');
INSERT INTO Write (AuthorID, PaperID) VALUES (439, 1425);
INSERT INTO Paper (PaperID, Title, Year, MDate, Key, DOI) VALUES (1649, 'Using Sociological Needs to Characterize Profiles and Contents for Microblog Search.', 2017, '2017-08-15', 'conf/clef/CossuA17', 'http://ceur-ws.org/Vol-1866/paper_128.pdf');
INSERT INTO Write (AuthorID, PaperID) VALUES (439, 1649);
INSERT INTO Write (AuthorID, PaperID) VALUES (439, 1975);
INSERT INTO Write (AuthorID, PaperID) VALUES (439, 2602);
INSERT INTO Author (AuthorID, Name) VALUES (440, 'Emilio Rodr&iacute;guez');
INSERT INTO Write (AuthorID, PaperID) VALUES (440, 374);
INSERT INTO Write (AuthorID, PaperID) VALUES (440, 1088);
INSERT INTO Write (AuthorID, PaperID) VALUES (440, 2280);
INSERT INTO Write (AuthorID, PaperID) VALUES (440, 2391);
INSERT INTO Write (AuthorID, PaperID) VALUES (440, 2780);
INSERT INTO Write (AuthorID, PaperID) VALUES (440, 3157);
INSERT INTO Author (AuthorID, Name) VALUES (441, 'Maria Teresa Vicente-D&iacute;ez');
INSERT INTO Write (AuthorID, PaperID) VALUES (441, 448);
INSERT INTO Write (AuthorID, PaperID) VALUES (441, 1704);
INSERT INTO Write (AuthorID, PaperID) VALUES (441, 2036);
INSERT INTO Write (AuthorID, PaperID) VALUES (441, 2141);
INSERT INTO Write (AuthorID, PaperID) VALUES (441, 2305);
INSERT INTO Write (AuthorID, PaperID) VALUES (441, 3527);
INSERT INTO Author (AuthorID, Name) VALUES (442, 'Oren Halvani');
INSERT INTO Paper (PaperID, Title, Year, MDate, Key, DOI) VALUES (257, 'Author Clustering based on Compression-based Dissimilarity Scores.', 2017, '2017-08-15', 'conf/clef/HalvaniG17', 'http://ceur-ws.org/Vol-1866/paper_59.pdf');
INSERT INTO Write (AuthorID, PaperID) VALUES (442, 257);
INSERT INTO Paper (PaperID, Title, Year, MDate, Key, DOI) VALUES (1352, 'Rethinking the Evaluation Methodology of Authorship Verification Methods.', 2018, '2018-08-20', 'conf/clef/HalvaniG18a', 'https://doi.org/10.1007/978-3-319-98932-7_4');
INSERT INTO Write (AuthorID, PaperID) VALUES (442, 1352);
INSERT INTO Paper (PaperID, Title, Year, MDate, Key, DOI) VALUES (1421, 'Cross-Domain Authorship Attribution Based on Compression: Notebook for PAN at CLEF 2018.', 2018, '2018-08-08', 'conf/clef/HalvaniG18', 'http://ceur-ws.org/Vol-2125/paper_90.pdf');
INSERT INTO Write (AuthorID, PaperID) VALUES (442, 1421);
INSERT INTO Paper (PaperID, Title, Year, MDate, Key, DOI) VALUES (1636, 'A Generic Authorship Verification Scheme Based on Equal Error Rates.', 2015, '2015-09-03', 'conf/clef/Halvani015', 'http://ceur-ws.org/Vol-1391/107-CR.pdf');
INSERT INTO Write (AuthorID, PaperID) VALUES (442, 1636);
INSERT INTO Paper (PaperID, Title, Year, MDate, Key, DOI) VALUES (2916, 'VEBAV - A Simple, Scalable and Fast Authorship Verification Scheme.', 2014, '2014-09-10', 'conf/clef/HalvaniS14', 'http://ceur-ws.org/Vol-1180/CLEF2014wn-Pan-HalvaniEt2014.pdf');
INSERT INTO Write (AuthorID, PaperID) VALUES (442, 2916);
INSERT INTO Paper (PaperID, Title, Year, MDate, Key, DOI) VALUES (3211, 'Authorship Verification via k-Nearest Neighbor Estimation Notebook for PAN at CLEF 2013.', 2013, '2014-09-10', 'conf/clef/HalvaniSZ13', 'http://ceur-ws.org/Vol-1179/CLEF2013wn-PAN-HalvaniEt2013.pdf');
INSERT INTO Write (AuthorID, PaperID) VALUES (442, 3211);
INSERT INTO Author (AuthorID, Name) VALUES (443, 'Marvin Br&uuml;nner');
