INSERT INTO Write (AuthorID, PaperID) VALUES (171, 671);
INSERT INTO Write (AuthorID, PaperID) VALUES (171, 682);
INSERT INTO Write (AuthorID, PaperID) VALUES (171, 746);
INSERT INTO Write (AuthorID, PaperID) VALUES (171, 1076);
INSERT INTO Write (AuthorID, PaperID) VALUES (171, 1630);
INSERT INTO Write (AuthorID, PaperID) VALUES (171, 2006);
INSERT INTO Write (AuthorID, PaperID) VALUES (171, 2114);
INSERT INTO Write (AuthorID, PaperID) VALUES (171, 2706);
INSERT INTO Write (AuthorID, PaperID) VALUES (171, 2792);
INSERT INTO Write (AuthorID, PaperID) VALUES (171, 3089);
INSERT INTO Write (AuthorID, PaperID) VALUES (171, 3206);
INSERT INTO Author (AuthorID, Name) VALUES (172, 'Pere Comas');
INSERT INTO Write (AuthorID, PaperID) VALUES (172, 65);
INSERT INTO Write (AuthorID, PaperID) VALUES (172, 726);
INSERT INTO Write (AuthorID, PaperID) VALUES (172, 1588);
INSERT INTO Write (AuthorID, PaperID) VALUES (172, 1685);
INSERT INTO Write (AuthorID, PaperID) VALUES (172, 1723);
INSERT INTO Write (AuthorID, PaperID) VALUES (172, 2190);
INSERT INTO Write (AuthorID, PaperID) VALUES (172, 2316);
INSERT INTO Write (AuthorID, PaperID) VALUES (172, 2329);
INSERT INTO Write (AuthorID, PaperID) VALUES (172, 2446);
INSERT INTO Write (AuthorID, PaperID) VALUES (172, 2902);
INSERT INTO Write (AuthorID, PaperID) VALUES (172, 3127);
INSERT INTO Author (AuthorID, Name) VALUES (173, 'Sa&iuml;d Radhouani');
INSERT INTO Paper (PaperID, Title, Year, MDate, Key, DOI) VALUES (192, 'Conceptual Indexing for Multilingual Information Retrieval.', 2005, '2017-05-24', 'conf/clef/GuyotRF05', 'https://doi.org/10.1007/11878773_11');
INSERT INTO Write (AuthorID, PaperID) VALUES (173, 192);
INSERT INTO Write (AuthorID, PaperID) VALUES (173, 567);
INSERT INTO Paper (PaperID, Title, Year, MDate, Key, DOI) VALUES (970, 'Ontology-Based Multilingual Information Retrieval.', 2005, '2014-08-15', 'conf/clef/GuyotRF05a', 'http://ceur-ws.org/Vol-1171/CLEF2005wn-adhoc-GuyotEt2005.pdf');
INSERT INTO Write (AuthorID, PaperID) VALUES (173, 970);
INSERT INTO Write (AuthorID, PaperID) VALUES (173, 1168);
INSERT INTO Write (AuthorID, PaperID) VALUES (173, 1505);
INSERT INTO Write (AuthorID, PaperID) VALUES (173, 1566);
INSERT INTO Write (AuthorID, PaperID) VALUES (173, 2469);
INSERT INTO Paper (PaperID, Title, Year, MDate, Key, DOI) VALUES (2608, 'Analysis of Word Sense Disambiguation-Based Information Retrieval.', 2008, '2017-05-24', 'conf/clef/GuyotFRB08', 'https://doi.org/10.1007/978-3-642-04447-2_18');
INSERT INTO Write (AuthorID, PaperID) VALUES (173, 2608);
INSERT INTO Write (AuthorID, PaperID) VALUES (173, 2647);
INSERT INTO Paper (PaperID, Title, Year, MDate, Key, DOI) VALUES (3049, 'UNIGE Experiments on Robust Word Sense Disambiguation.', 2008, '2014-09-29', 'conf/clef/GuyotFRB08a', 'http://ceur-ws.org/Vol-1174/CLEF2008wn-adhoc-GuyotEt2008.pdf');
INSERT INTO Write (AuthorID, PaperID) VALUES (173, 3049);
INSERT INTO Paper (PaperID, Title, Year, MDate, Key, DOI) VALUES (3325, 'UniGe at CLEF 2009 Robust WSD Task (abstract only).', 2009, '2014-09-29', 'conf/clef/GuyotFR09', 'http://ceur-ws.org/Vol-1175/CLEF2009wn-adhoc-GuyotEt2009.pdf');
INSERT INTO Write (AuthorID, PaperID) VALUES (173, 3325);
INSERT INTO Author (AuthorID, Name) VALUES (174, 'Maria G&auml;de');
INSERT INTO Write (AuthorID, PaperID) VALUES (174, 83);
INSERT INTO Write (AuthorID, PaperID) VALUES (174, 429);
INSERT INTO Write (AuthorID, PaperID) VALUES (174, 1171);
INSERT INTO Write (AuthorID, PaperID) VALUES (174, 1546);
INSERT INTO Write (AuthorID, PaperID) VALUES (174, 1980);
INSERT INTO Write (AuthorID, PaperID) VALUES (174, 2137);
INSERT INTO Write (AuthorID, PaperID) VALUES (174, 2157);
INSERT INTO Write (AuthorID, PaperID) VALUES (174, 2812);
INSERT INTO Write (AuthorID, PaperID) VALUES (174, 2939);
INSERT INTO Write (AuthorID, PaperID) VALUES (174, 3295);
INSERT INTO Write (AuthorID, PaperID) VALUES (174, 3370);
INSERT INTO Author (AuthorID, Name) VALUES (175, 'Md. Mahmudur Rahman');
INSERT INTO Paper (PaperID, Title, Year, MDate, Key, DOI) VALUES (127, 'Text- and Content-based Approaches to Image Retrieval for the ImageCLEF 2009 Medical Retrieval Track.', 2009, '2015-12-03', 'conf/clef/SimpsonRDAT09', 'http://ceur-ws.org/Vol-1175/CLEF2009wn-ImageCLEF-SimpsonEt2009.pdf');
INSERT INTO Write (AuthorID, PaperID) VALUES (175, 127);
INSERT INTO Paper (PaperID, Title, Year, MDate, Key, DOI) VALUES (680, 'Supervised Machine Learning Based Medical Image Annotation and Retrieval in ImageCLEFmed 2005.', 2005, '2017-05-24', 'conf/clef/RahmanDB05', 'https://doi.org/10.1007/11878773_76');
INSERT INTO Write (AuthorID, PaperID) VALUES (175, 680);
INSERT INTO Paper (PaperID, Title, Year, MDate, Key, DOI) VALUES (869, 'ITI''s Participation in the ImageCLEF 2012 Medical Retrieval and Classification Tasks.', 2012, '2015-12-03', 'conf/clef/SimpsonYRDAT12', 'http://www.clef-initiative.eu/documents/71612/f5b224a7-40ff-4197-8da0-40a6c6086c94');
INSERT INTO Write (AuthorID, PaperID) VALUES (175, 869);
INSERT INTO Paper (PaperID, Title, Year, MDate, Key, DOI) VALUES (1012, 'Text- and Content-based Approaches to Image Modality Detection and Retrieval for the ImageCLEF 2010 Medical Retrieval Track.', 2010, '2015-12-03', 'conf/clef/SimpsonRSDAT10', 'http://www.clef-initiative.eu/documents/71612/86374/CLEF2010wn-ImageCLEF-SimpsonEt2010.pdf');
INSERT INTO Write (AuthorID, PaperID) VALUES (175, 1012);
INSERT INTO Paper (PaperID, Title, Year, MDate, Key, DOI) VALUES (1017, 'ITI''s Participation in the 2013 Medical Track of ImageCLEF.', 2013, '2015-12-03', 'conf/clef/SimpsonYRDAT13', 'http://ceur-ws.org/Vol-1179/CLEF2013wn-ImageCLEF-SimpsonEt2013.pdf');
INSERT INTO Write (AuthorID, PaperID) VALUES (175, 1017);
INSERT INTO Paper (PaperID, Title, Year, MDate, Key, DOI) VALUES (1196, 'CINDI at ImageCLEF 2006: Image Retrieval 800Aamp; Annotation Tasks for the General Photographic and Medical Image Collections.', 2006, '2014-08-15', 'conf/clef/RahmanSDB06a', 'http://ceur-ws.org/Vol-1172/CLEF2006wn-ImageCLEF-RahmanEt2006.pdf');
INSERT INTO Write (AuthorID, PaperID) VALUES (175, 1196);
INSERT INTO Paper (PaperID, Title, Year, MDate, Key, DOI) VALUES (1346, 'CINDI at ImageCLEF 2006: Image Retrieval 800Aamp; Annotation Tasks for the General Photographic and Medical Image Collections.', 2006, '2017-05-24', 'conf/clef/RahmanSDB06', 'https://doi.org/10.1007/978-3-540-74999-8_90');
INSERT INTO Write (AuthorID, PaperID) VALUES (175, 1346);
INSERT INTO Paper (PaperID, Title, Year, MDate, Key, DOI) VALUES (2301, 'Text and Content-based Approaches to Image Modality Classification and Retrieval for the ImageCLEF 2011 Medical Retrieval Track.', 2011, '2015-12-03', 'conf/clef/SimpsonRPADAT11', 'http://www.clef-initiative.eu/documents/71612/86377/CLEF2011wn-ImageCLEF-SimpsonEt2011.pdf');
INSERT INTO Write (AuthorID, PaperID) VALUES (175, 2301);
INSERT INTO Paper (PaperID, Title, Year, MDate, Key, DOI) VALUES (2392, 'Multi-Modal Interactive Approach to ImageCLEF 2007 Photographic and Medical Retrieval Tasks by CINDI.', 2007, '2014-09-23', 'conf/clef/RahmanDB07a', 'http://ceur-ws.org/Vol-1173/CLEF2007wn-ImageCLEF-RahmanEt2007.pdf');
INSERT INTO Write (AuthorID, PaperID) VALUES (175, 2392);
INSERT INTO Paper (PaperID, Title, Year, MDate, Key, DOI) VALUES (3097, 'An Interactive and Dynamic Fusion-Based Image Retrieval Approach by CINDI.', 2007, '2017-05-24', 'conf/clef/RahmanDB07', 'https://doi.org/10.1007/978-3-540-85760-0_84');
INSERT INTO Write (AuthorID, PaperID) VALUES (175, 3097);
INSERT INTO Paper (PaperID, Title, Year, MDate, Key, DOI) VALUES (3399, 'Supervised Machine Learning based Medical Image Annotation and Retrieval.', 2005, '2014-08-15', 'conf/clef/RahmanDB05a', 'http://ceur-ws.org/Vol-1171/CLEF2005wn-ImageCLEF-MahmudurRahmanEt2005.pdf');
INSERT INTO Write (AuthorID, PaperID) VALUES (175, 3399);
INSERT INTO Author (AuthorID, Name) VALUES (176, 'Patrick Gallinari');
INSERT INTO Paper (PaperID, Title, Year, MDate, Key, DOI) VALUES (27, 'UPMC/LIP6 at ImageCLEFphoto 2008: on the Exploitation of Visual Concepts (VCDT).', 2008, '2014-09-29', 'conf/clef/TollariDFAG08', 'http://ceur-ws.org/Vol-1174/CLEF2008wn-ImageCLEF-TollariEt2008a.pdf');
INSERT INTO Write (AuthorID, PaperID) VALUES (176, 27);
INSERT INTO Paper (PaperID, Title, Year, MDate, Key, DOI) VALUES (172, 'Improving Image Annotation in Imbalanced Classification Problems with Ranking SVM.', 2009, '2017-05-24', 'conf/clef/Fakeri-TabriziTUG09', 'https://doi.org/10.1007/978-3-642-15751-6_37');
INSERT INTO Write (AuthorID, PaperID) VALUES (176, 172);
INSERT INTO Paper (PaperID, Title, Year, MDate, Key, DOI) VALUES (256, 'UPMC/LIP6 at ImageCLEFannotation2009: Large Scale Visual Concept Detection and Annotation.', 2009, '2014-09-29', 'conf/clef/Fakeri-TabriziTDG09', 'http://ceur-ws.org/Vol-1175/CLEF2009wn-ImageCLEF-FakeriTabriziEt2009.pdf');
INSERT INTO Write (AuthorID, PaperID) VALUES (176, 256);
INSERT INTO Paper (PaperID, Title, Year, MDate, Key, DOI) VALUES (722, 'Using Visual Concepts and Fast Visual Diversity to Improve Image Retrieval.', 2008, '2017-05-24', 'conf/clef/TollariDFMAG08', 'https://doi.org/10.1007/978-3-642-04447-2_71');
INSERT INTO Write (AuthorID, PaperID) VALUES (176, 722);
INSERT INTO Paper (PaperID, Title, Year, MDate, Key, DOI) VALUES (893, 'LIP6@CLEF2017: Multi-Modal Spatial Role Labeling using Word Embeddings.', 2017, '2017-08-15', 'conf/clef/ZablockiBSPG17', 'http://ceur-ws.org/Vol-1866/paper_76.pdf');
INSERT INTO Write (AuthorID, PaperID) VALUES (176, 893);
INSERT INTO Write (AuthorID, PaperID) VALUES (176, 1013);
INSERT INTO Paper (PaperID, Title, Year, MDate, Key, DOI) VALUES (1445, 'UPMC/LIP6 at ImageCLEFannotation 2010.', 2010, '2014-09-24', 'conf/clef/Fakeri-TabriziTUAG10', 'http://www.clef-initiative.eu/documents/71612/86374/CLEF2010wn-ImageCLEF-Fakeri-TabriziEt2010.pdf');
INSERT INTO Write (AuthorID, PaperID) VALUES (176, 1445);
INSERT INTO Write (AuthorID, PaperID) VALUES (176, 1833);
INSERT INTO Paper (PaperID, Title, Year, MDate, Key, DOI) VALUES (2162, 'Graph Based Method Approach to the ImageCLEF2015 Task1 - Image Annotation.', 2015, '2015-09-03', 'conf/clef/SantosPG15', 'http://ceur-ws.org/Vol-1391/159-CR.pdf');
INSERT INTO Write (AuthorID, PaperID) VALUES (176, 2162);
INSERT INTO Write (AuthorID, PaperID) VALUES (176, 2263);
INSERT INTO Paper (PaperID, Title, Year, MDate, Key, DOI) VALUES (2734, 'UPMC/LIP6 at ImageCLEF''s WikipediaMM: An Image-Annotation Model for an Image Search-Engine.', 2008, '2014-09-29', 'conf/clef/Fakeri-TabriziATG08', 'http://ceur-ws.org/Vol-1174/CLEF2008wn-ImageCLEF-FakeriTabriziEt2008.pdf');
INSERT INTO Write (AuthorID, PaperID) VALUES (176, 2734);
INSERT INTO Author (AuthorID, Name) VALUES (177, 'Krisztian Balog');
INSERT INTO Write (AuthorID, PaperID) VALUES (177, 600);
INSERT INTO Write (AuthorID, PaperID) VALUES (177, 1361);
INSERT INTO Write (AuthorID, PaperID) VALUES (177, 1466);
INSERT INTO Write (AuthorID, PaperID) VALUES (177, 1657);
INSERT INTO Paper (PaperID, Title, Year, MDate, Key, DOI) VALUES (1672, 'The University of Amsterdam at WePS3.', 2010, '2014-09-24', 'conf/clef/TsagkiasB10', 'http://www.clef-initiative.eu/documents/71612/86374/CLEF2010wn-WePS-TsagkiasEt2010.pdf');
INSERT INTO Write (AuthorID, PaperID) VALUES (177, 1672);
INSERT INTO Paper (PaperID, Title, Year, MDate, Key, DOI) VALUES (1756, 'Probabilistic Field Mapping for Product Search.', 2015, '2015-09-03', 'conf/clef/GhirmatsionB15', 'http://ceur-ws.org/Vol-1391/98-CR.pdf');
INSERT INTO Write (AuthorID, PaperID) VALUES (177, 1756);
INSERT INTO Paper (PaperID, Title, Year, MDate, Key, DOI) VALUES (2144, 'Towards an Understanding of Transactional Tasks.', 2016, '2017-05-24', 'conf/clef/ShepelevaB15', 'https://doi.org/10.1007/978-3-319-44564-9_21');
INSERT INTO Write (AuthorID, PaperID) VALUES (177, 2144);
INSERT INTO Write (AuthorID, PaperID) VALUES (177, 2216);
INSERT INTO Write (AuthorID, PaperID) VALUES (177, 2490);
INSERT INTO Write (AuthorID, PaperID) VALUES (177, 2662);
INSERT INTO Write (AuthorID, PaperID) VALUES (177, 2762);
INSERT INTO Author (AuthorID, Name) VALUES (178, 'V&eacute;ronique Moriceau');
INSERT INTO Write (AuthorID, PaperID) VALUES (178, 66);
INSERT INTO Write (AuthorID, PaperID) VALUES (178, 378);
INSERT INTO Paper (PaperID, Title, Year, MDate, Key, DOI) VALUES (394, 'FIDJI @ ResPubliQA 2010.', 2010, '2014-09-24', 'conf/clef/TannierM10', 'http://www.clef-initiative.eu/documents/71612/86374/CLEF2010wn-MLQA10-TannierEt2010.pdf');
INSERT INTO Write (AuthorID, PaperID) VALUES (178, 394);
INSERT INTO Write (AuthorID, PaperID) VALUES (178, 811);
INSERT INTO Write (AuthorID, PaperID) VALUES (178, 843);
INSERT INTO Write (AuthorID, PaperID) VALUES (178, 1319);
INSERT INTO Paper (PaperID, Title, Year, MDate, Key, DOI) VALUES (2233, 'FIDJI in ResPubliQA 2009.', 2009, '2014-09-29', 'conf/clef/TannierM09a', 'http://ceur-ws.org/Vol-1175/CLEF2009wn-QACLEF-TannierEt2009.pdf');
INSERT INTO Write (AuthorID, PaperID) VALUES (178, 2233);
INSERT INTO Write (AuthorID, PaperID) VALUES (178, 2460);
INSERT INTO Write (AuthorID, PaperID) VALUES (178, 3140);
INSERT INTO Write (AuthorID, PaperID) VALUES (178, 3358);
INSERT INTO Paper (PaperID, Title, Year, MDate, Key, DOI) VALUES (3360, 'Studying Syntactic Analysis in a QA System: FIDJI @ ResPubliQA''09.', 2009, '2017-05-24', 'conf/clef/TannierM09', 'https://doi.org/10.1007/978-3-642-15754-7_26');
INSERT INTO Write (AuthorID, PaperID) VALUES (178, 3360);
INSERT INTO Author (AuthorID, Name) VALUES (179, 'Javier Artiles');
INSERT INTO Write (AuthorID, PaperID) VALUES (179, 196);
INSERT INTO Write (AuthorID, PaperID) VALUES (179, 432);
INSERT INTO Write (AuthorID, PaperID) VALUES (179, 508);
INSERT INTO Write (AuthorID, PaperID) VALUES (179, 627);
INSERT INTO Write (AuthorID, PaperID) VALUES (179, 801);
INSERT INTO Write (AuthorID, PaperID) VALUES (179, 1003);
INSERT INTO Write (AuthorID, PaperID) VALUES (179, 1062);
INSERT INTO Write (AuthorID, PaperID) VALUES (179, 1121);
INSERT INTO Write (AuthorID, PaperID) VALUES (179, 1754);
INSERT INTO Write (AuthorID, PaperID) VALUES (179, 2401);
INSERT INTO Write (AuthorID, PaperID) VALUES (179, 3096);
INSERT INTO Author (AuthorID, Name) VALUES (180, 'Iadh Ounis');
INSERT INTO Paper (PaperID, Title, Year, MDate, Key, DOI) VALUES (409, 'Predicting Contextually Appropriate Venues in Location-Based Social Networks.', 2016, '2018-11-02', 'conf/clef/ManotumruksaMO16', 'https://doi.org/10.1007/978-3-319-44564-9_8');
INSERT INTO Write (AuthorID, PaperID) VALUES (180, 409);
INSERT INTO Paper (PaperID, Title, Year, MDate, Key, DOI) VALUES (640, 'University of Glasgow Terrier Team / Project Abac800Aaacute; at RepLab 2014: Reputation Dimensions Task.', 2014, '2014-09-10', 'conf/clef/McDonaldDMGMO14', 'http://ceur-ws.org/Vol-1180/CLEF2014wn-Rep-McDonaldEt2014.pdf');
INSERT INTO Write (AuthorID, PaperID) VALUES (180, 640);
INSERT INTO Paper (PaperID, Title, Year, MDate, Key, DOI) VALUES (1049, 'University of Glasgow at WebCLEF 2005: Experiments in per-field Normalisation and Language Specific Stemming.', 2005, '2014-08-15', 'conf/clef/MacdonaldPHLO05a', 'http://ceur-ws.org/Vol-1171/CLEF2005wn-WebCLEF-MacdonaldEt2005.pdf');
INSERT INTO Write (AuthorID, PaperID) VALUES (180, 1049);
INSERT INTO Paper (PaperID, Title, Year, MDate, Key, DOI) VALUES (1351, 'A Study of Personalised Medical Literature Search.', 2014, '2018-11-02', 'conf/clef/McCreadieMOB14', 'https://doi.org/10.1007/978-3-319-11382-1_8');
INSERT INTO Write (AuthorID, PaperID) VALUES (180, 1351);
INSERT INTO Paper (PaperID, Title, Year, MDate, Key, DOI) VALUES (1883, 'The University of Glasgow at CLEF 2004: French Monolingual Information Retrieval with Terrier.', 2004, '2017-05-24', 'conf/clef/LiomaHPO05', 'https://doi.org/10.1007/11519645_26');
INSERT INTO Write (AuthorID, PaperID) VALUES (180, 1883);
INSERT INTO Paper (PaperID, Title, Year, MDate, Key, DOI) VALUES (2367, 'The University of Glasgow at CLEF 2004: French Monolingual Information Retrieval with Terrier.', 2004, '2014-08-15', 'conf/clef/LiomaHPO04', 'http://ceur-ws.org/Vol-1170/CLEF2004wn-adhoc-LiomaEt2004.pdf');
INSERT INTO Write (AuthorID, PaperID) VALUES (180, 2367);
INSERT INTO Paper (PaperID, Title, Year, MDate, Key, DOI) VALUES (2619, 'Applying Light Natural Language Processing to Ad-Hoc Cross Language Information Retrieval.', 2005, '2017-05-24', 'conf/clef/LiomaMHPO05', 'https://doi.org/10.1007/11878773_19');
INSERT INTO Write (AuthorID, PaperID) VALUES (180, 2619);
INSERT INTO Paper (PaperID, Title, Year, MDate, Key, DOI) VALUES (2924, 'Comparing Algorithms for Microblog Summarisation.', 2014, '2018-11-02', 'conf/clef/MackieMMO14', 'https://doi.org/10.1007/978-3-319-11382-1_15');
INSERT INTO Write (AuthorID, PaperID) VALUES (180, 2924);
INSERT INTO Paper (PaperID, Title, Year, MDate, Key, DOI) VALUES (2965, 'University of Glasgow at CLEF 2013: Experiments in eHealth Task 3 with Terrier.', 2013, '2014-09-10', 'conf/clef/LimsopathamMO13', 'http://ceur-ws.org/Vol-1179/CLEF2013wn-CLEFeHealth-LimsopathamEt2013.pdf');
INSERT INTO Write (AuthorID, PaperID) VALUES (180, 2965);
INSERT INTO Paper (PaperID, Title, Year, MDate, Key, DOI) VALUES (3004, 'University of Glasgow at WebCLEF 2005: Experiments in Per-Field Normalisation and Language Specific Stemming.', 2005, '2017-05-24', 'conf/clef/MacdonaldPHLO05', 'https://doi.org/10.1007/11878773_100');
INSERT INTO Write (AuthorID, PaperID) VALUES (180, 3004);
INSERT INTO Paper (PaperID, Title, Year, MDate, Key, DOI) VALUES (3095, 'Applying Light Natural Language Processing to Ad-Hoc Cross Language Information Retrieval.', 2005, '2014-08-15', 'conf/clef/LiomaMHPO05a', 'http://ceur-ws.org/Vol-1171/CLEF2005wn-adhoc-LiomaEt2005.pdf');
INSERT INTO Write (AuthorID, PaperID) VALUES (180, 3095);
INSERT INTO Author (AuthorID, Name) VALUES (181, 'Helena G&oacute;mez-Adorno');
INSERT INTO Write (AuthorID, PaperID) VALUES (181, 106);
INSERT INTO Write (AuthorID, PaperID) VALUES (181, 943);
INSERT INTO Write (AuthorID, PaperID) VALUES (181, 1267);
INSERT INTO Write (AuthorID, PaperID) VALUES (181, 2303);
INSERT INTO Write (AuthorID, PaperID) VALUES (181, 2538);
INSERT INTO Write (AuthorID, PaperID) VALUES (181, 2553);
INSERT INTO Write (AuthorID, PaperID) VALUES (181, 2783);
INSERT INTO Write (AuthorID, PaperID) VALUES (181, 2894);
INSERT INTO Write (AuthorID, PaperID) VALUES (181, 3201);
INSERT INTO Write (AuthorID, PaperID) VALUES (181, 3497);
INSERT INTO Write (AuthorID, PaperID) VALUES (181, 3503);
INSERT INTO Author (AuthorID, Name) VALUES (182, 'Corina Forascu');
INSERT INTO Write (AuthorID, PaperID) VALUES (182, 221);
INSERT INTO Write (AuthorID, PaperID) VALUES (182, 265);
INSERT INTO Write (AuthorID, PaperID) VALUES (182, 554);
INSERT INTO Paper (PaperID, Title, Year, MDate, Key, DOI) VALUES (809, 'Question Answering over Linked Data (QALD-4).', 2014, '2016-10-14', 'conf/clef/UngerFLNCCW14', 'http://ceur-ws.org/Vol-1180/CLEF2014wn-QA-UngerEt2014.pdf');
INSERT INTO Write (AuthorID, PaperID) VALUES (182, 809);
INSERT INTO Write (AuthorID, PaperID) VALUES (182, 907);
INSERT INTO Write (AuthorID, PaperID) VALUES (182, 1205);
INSERT INTO Write (AuthorID, PaperID) VALUES (182, 2789);
INSERT INTO Write (AuthorID, PaperID) VALUES (182, 2836);
INSERT INTO Write (AuthorID, PaperID) VALUES (182, 2849);
INSERT INTO Paper (PaperID, Title, Year, MDate, Key, DOI) VALUES (3051, 'Question Answering over Linked Data (QALD-5).', 2015, '2016-10-14', 'conf/clef/UngerFLNCCW15', 'http://ceur-ws.org/Vol-1391/173-CR.pdf');
INSERT INTO Write (AuthorID, PaperID) VALUES (182, 3051);
INSERT INTO Write (AuthorID, PaperID) VALUES (182, 3190);
INSERT INTO Author (AuthorID, Name) VALUES (183, 'Xavier Tannier');
INSERT INTO Write (AuthorID, PaperID) VALUES (183, 66);
INSERT INTO Write (AuthorID, PaperID) VALUES (183, 378);
INSERT INTO Write (AuthorID, PaperID) VALUES (183, 394);
INSERT INTO Write (AuthorID, PaperID) VALUES (183, 657);
INSERT INTO Write (AuthorID, PaperID) VALUES (183, 843);
INSERT INTO Write (AuthorID, PaperID) VALUES (183, 1046);
INSERT INTO Write (AuthorID, PaperID) VALUES (183, 1319);
INSERT INTO Write (AuthorID, PaperID) VALUES (183, 2233);
INSERT INTO Write (AuthorID, PaperID) VALUES (183, 2460);
INSERT INTO Write (AuthorID, PaperID) VALUES (183, 3358);
INSERT INTO Write (AuthorID, PaperID) VALUES (183, 3360);
INSERT INTO Author (AuthorID, Name) VALUES (184, 'Willem-Pier Vellinga');
INSERT INTO Write (AuthorID, PaperID) VALUES (184, 2);
INSERT INTO Write (AuthorID, PaperID) VALUES (184, 569);
INSERT INTO Write (AuthorID, PaperID) VALUES (184, 596);
INSERT INTO Write (AuthorID, PaperID) VALUES (184, 1140);
INSERT INTO Paper (PaperID, Title, Year, MDate, Key, DOI) VALUES (1180, 'The Xeno-canto Collection and its Relation to Sound Recognition and Classification.', 2015, '2017-08-31', 'conf/clef/VellingaP15', 'http://ceur-ws.org/Vol-1391/166-CR.pdf');
INSERT INTO Write (AuthorID, PaperID) VALUES (184, 1180);
INSERT INTO Write (AuthorID, PaperID) VALUES (184, 1370);
INSERT INTO Write (AuthorID, PaperID) VALUES (184, 1408);
INSERT INTO Write (AuthorID, PaperID) VALUES (184, 1522);
INSERT INTO Write (AuthorID, PaperID) VALUES (184, 1876);
INSERT INTO Write (AuthorID, PaperID) VALUES (184, 2209);
INSERT INTO Write (AuthorID, PaperID) VALUES (184, 2402);
INSERT INTO Author (AuthorID, Name) VALUES (185, 'Hermann Ney');
INSERT INTO Write (AuthorID, PaperID) VALUES (185, 71);
INSERT INTO Write (AuthorID, PaperID) VALUES (185, 611);
INSERT INTO Write (AuthorID, PaperID) VALUES (185, 963);
INSERT INTO Write (AuthorID, PaperID) VALUES (185, 1044);
INSERT INTO Write (AuthorID, PaperID) VALUES (185, 1562);
INSERT INTO Write (AuthorID, PaperID) VALUES (185, 1906);
INSERT INTO Write (AuthorID, PaperID) VALUES (185, 2068);
INSERT INTO Write (AuthorID, PaperID) VALUES (185, 2306);
INSERT INTO Write (AuthorID, PaperID) VALUES (185, 2850);
INSERT INTO Write (AuthorID, PaperID) VALUES (185, 3308);
INSERT INTO Author (AuthorID, Name) VALUES (186, 'Ljiljana Dolamic');
INSERT INTO Write (AuthorID, PaperID) VALUES (186, 1653);
INSERT INTO Write (AuthorID, PaperID) VALUES (186, 1929);
INSERT INTO Write (AuthorID, PaperID) VALUES (186, 2197);
INSERT INTO Write (AuthorID, PaperID) VALUES (186, 2365);
INSERT INTO Write (AuthorID, PaperID) VALUES (186, 2555);
INSERT INTO Write (AuthorID, PaperID) VALUES (186, 2730);
INSERT INTO Write (AuthorID, PaperID) VALUES (186, 2873);
INSERT INTO Write (AuthorID, PaperID) VALUES (186, 3088);
INSERT INTO Write (AuthorID, PaperID) VALUES (186, 3522);
INSERT INTO Write (AuthorID, PaperID) VALUES (186, 3525);
INSERT INTO Author (AuthorID, Name) VALUES (187, 'Sameer K. Antani');
INSERT INTO Write (AuthorID, PaperID) VALUES (187, 127);
INSERT INTO Write (AuthorID, PaperID) VALUES (187, 869);
INSERT INTO Write (AuthorID, PaperID) VALUES (187, 1012);
INSERT INTO Write (AuthorID, PaperID) VALUES (187, 1017);
INSERT INTO Paper (PaperID, Title, Year, MDate, Key, DOI) VALUES (1476, 'National Library of Medicine (NLM) at ImageCLEF2015: Medical Clustering Task.', 2015, '2015-12-03', 'conf/clef/VajdaAT15', 'http://ceur-ws.org/Vol-1391/12-CR.pdf');
INSERT INTO Write (AuthorID, PaperID) VALUES (187, 1476);
INSERT INTO Paper (PaperID, Title, Year, MDate, Key, DOI) VALUES (2000, 'NLM at imageCLEF2015: Biomedical Multipanel Figure Separation.', 2015, '2015-12-03', 'conf/clef/SantoshXAT15', 'http://ceur-ws.org/Vol-1391/19-CR.pdf');
INSERT INTO Write (AuthorID, PaperID) VALUES (187, 2000);
INSERT INTO Write (AuthorID, PaperID) VALUES (187, 2155);
INSERT INTO Write (AuthorID, PaperID) VALUES (187, 2301);
INSERT INTO Write (AuthorID, PaperID) VALUES (187, 3167);
INSERT INTO Write (AuthorID, PaperID) VALUES (187, 3406);
INSERT INTO Author (AuthorID, Name) VALUES (188, 'Michael Grubinger');
INSERT INTO Write (AuthorID, PaperID) VALUES (188, 237);
INSERT INTO Write (AuthorID, PaperID) VALUES (188, 663);
INSERT INTO Write (AuthorID, PaperID) VALUES (188, 1414);
INSERT INTO Write (AuthorID, PaperID) VALUES (188, 1551);
INSERT INTO Write (AuthorID, PaperID) VALUES (188, 1578);
INSERT INTO Write (AuthorID, PaperID) VALUES (188, 2452);
INSERT INTO Write (AuthorID, PaperID) VALUES (188, 2482);
INSERT INTO Write (AuthorID, PaperID) VALUES (188, 2695);
INSERT INTO Write (AuthorID, PaperID) VALUES (188, 2817);
INSERT INTO Write (AuthorID, PaperID) VALUES (188, 3076);
INSERT INTO Author (AuthorID, Name) VALUES (189, 'Mihai Alex Moruz');
INSERT INTO Write (AuthorID, PaperID) VALUES (189, 327);
INSERT INTO Write (AuthorID, PaperID) VALUES (189, 525);
INSERT INTO Write (AuthorID, PaperID) VALUES (189, 1424);
INSERT INTO Write (AuthorID, PaperID) VALUES (189, 2038);
INSERT INTO Write (AuthorID, PaperID) VALUES (189, 2347);
INSERT INTO Write (AuthorID, PaperID) VALUES (189, 2545);
INSERT INTO Write (AuthorID, PaperID) VALUES (189, 2680);
INSERT INTO Write (AuthorID, PaperID) VALUES (189, 3073);
INSERT INTO Write (AuthorID, PaperID) VALUES (189, 3126);
INSERT INTO Write (AuthorID, PaperID) VALUES (189, 3397);
INSERT INTO Author (AuthorID, Name) VALUES (190, 'Viviane Pereira Moreira');
INSERT INTO Paper (PaperID, Title, Year, MDate, Key, DOI) VALUES (286, 'UFRGS@CLEF2009: Retrieval by Numbers.', 2009, '2014-09-29', 'conf/clef/BorgesM09a', 'http://ceur-ws.org/Vol-1175/CLEF2009wn-adhoc-BohrerEt2009.pdf');
INSERT INTO Write (AuthorID, PaperID) VALUES (190, 286);
INSERT INTO Paper (PaperID, Title, Year, MDate, Key, DOI) VALUES (691, 'UFRGS@PAN2010: Detecting External Plagiarism - Lab Report for PAN at CLEF 2010.', 2010, '2016-06-01', 'conf/clef/PereiraMG10', 'http://www.clef-initiative.eu/documents/71612/86374/CLEF2010wn-PAN-Corezola%20PereiraEt2010.pdf');
INSERT INTO Write (AuthorID, PaperID) VALUES (190, 691);
INSERT INTO Paper (PaperID, Title, Year, MDate, Key, DOI) VALUES (1071, 'Exploring Information Retrieval Features for Author Profiling.', 2014, '2014-09-24', 'conf/clef/WerenMO14', 'http://ceur-ws.org/Vol-1180/CLEF2014wn-Pan-WerenEt2014.pdf');
INSERT INTO Write (AuthorID, PaperID) VALUES (190, 1071);
INSERT INTO Paper (PaperID, Title, Year, MDate, Key, DOI) VALUES (1496, 'A New Approach for Cross-Language Plagiarism Analysis.', 2010, '2017-06-02', 'conf/clef/PereiraMG10a', 'https://doi.org/10.1007/978-3-642-15998-5_4');
INSERT INTO Write (AuthorID, PaperID) VALUES (190, 1496);
INSERT INTO Paper (PaperID, Title, Year, MDate, Key, DOI) VALUES (1504, 'BBK-UFRGS@CLEF2009: Query Expansion of Geographic Place Names.', 2009, '2016-06-16', 'conf/clef/FlemmingsBGM09', 'http://ceur-ws.org/Vol-1175/CLEF2009wn-QACLEF-FlemmingsEt2009.pdf');
INSERT INTO Write (AuthorID, PaperID) VALUES (190, 1504);
INSERT INTO Paper (PaperID, Title, Year, MDate, Key, DOI) VALUES (1667, 'Using Simple Content Features for the Author Profiling Task Notebook for PAN at CLEF 2013.', 2013, '2014-09-25', 'conf/clef/WerenMO13', 'http://ceur-ws.org/Vol-1179/CLEF2013wn-PAN-WerenEt2013.pdf');
INSERT INTO Write (AuthorID, PaperID) VALUES (190, 1667);
INSERT INTO Write (AuthorID, PaperID) VALUES (190, 1894);
INSERT INTO Paper (PaperID, Title, Year, MDate, Key, DOI) VALUES (2211, 'A Test Collection to Evaluate Plagiarism by Missing or Incorrect References.', 2012, '2017-06-02', 'conf/clef/PertileM12', 'https://doi.org/10.1007/978-3-642-33247-0_17');
INSERT INTO Write (AuthorID, PaperID) VALUES (190, 2211);
INSERT INTO Paper (PaperID, Title, Year, MDate, Key, DOI) VALUES (2796, 'UFRGS@CLEF2009: Retrieval by Numbers.', 2009, '2017-06-02', 'conf/clef/BorgesM09', 'https://doi.org/10.1007/978-3-642-15754-7_16');
INSERT INTO Write (AuthorID, PaperID) VALUES (190, 2796);
INSERT INTO Paper (PaperID, Title, Year, MDate, Key, DOI) VALUES (2874, 'UFRGS@CLEF2008: Using Association Rules for Cross-Language Information Retrieval.', 2008, '2017-06-02', 'conf/clef/GeraldoM08', 'https://doi.org/10.1007/978-3-642-04447-2_7');
INSERT INTO Write (AuthorID, PaperID) VALUES (190, 2874);
INSERT INTO Author (AuthorID, Name) VALUES (191, 'Preslav Nakov');
INSERT INTO Paper (PaperID, Title, Year, MDate, Key, DOI) VALUES (233, 'Overview of the CLEF-2018 CheckThat! Lab on Automatic Identification and Verification of Political Claims. Task 1: Check-Worthiness.', 2018, '2018-08-08', 'conf/clef/AtanasovaMBESZK18', 'http://ceur-ws.org/Vol-2125/invited_paper_13.pdf');
INSERT INTO Write (AuthorID, PaperID) VALUES (191, 233);
INSERT INTO Paper (PaperID, Title, Year, MDate, Key, DOI) VALUES (524, 'Overview of the CLEF-2018 CheckThat! Lab on Automatic Identification and Verification of Political Claims. Task 2: Factuality.', 2018, '2018-08-08', 'conf/clef/Barron-CedenoES18', 'http://ceur-ws.org/Vol-2125/invited_paper_14.pdf');
INSERT INTO Write (AuthorID, PaperID) VALUES (191, 524);
INSERT INTO Paper (PaperID, Title, Year, MDate, Key, DOI) VALUES (659, 'SU@PAN''2016: Author Obfuscation.', 2016, '2016-08-11', 'conf/clef/MihaylovaKKGKN16', 'http://ceur-ws.org/Vol-1609/16090956.pdf');
INSERT INTO Write (AuthorID, PaperID) VALUES (191, 659);
INSERT INTO Paper (PaperID, Title, Year, MDate, Key, DOI) VALUES (953, 'Overview of the CLEF-2018 CheckThat! Lab on Automatic Identification and Verification of Political Claims.', 2018, '2018-08-20', 'conf/clef/NakovBESMZAKM18', 'https://doi.org/10.1007/978-3-319-98932-7_32');
INSERT INTO Write (AuthorID, PaperID) VALUES (191, 953);
INSERT INTO Paper (PaperID, Title, Year, MDate, Key, DOI) VALUES (1105, 'The Case for Being Average: A Mediocrity Approach to Style Masking and Author Obfuscation - (Best of the Labs Track at CLEF-2017).', 2017, '2017-08-31', 'conf/clef/KaradzhovMKGKN17', 'https://doi.org/10.1007/978-3-319-65813-1_18');
INSERT INTO Write (AuthorID, PaperID) VALUES (191, 1105);
INSERT INTO Paper (PaperID, Title, Year, MDate, Key, DOI) VALUES (1249, 'SU@PAN''2015: Experiments in Author Profiling.', 2015, '2015-09-03', 'conf/clef/KiprovHNK15', 'http://ceur-ws.org/Vol-1391/137-CR.pdf');
INSERT INTO Write (AuthorID, PaperID) VALUES (191, 1249);
INSERT INTO Paper (PaperID, Title, Year, MDate, Key, DOI) VALUES (1520, 'Experiments in Authorship-Link Ranking and Complete Author Clustering.', 2016, '2016-08-11', 'conf/clef/ZmiycharovAGKGK16', 'http://ceur-ws.org/Vol-1609/16091018.pdf');
INSERT INTO Write (AuthorID, PaperID) VALUES (191, 1520);
INSERT INTO Paper (PaperID, Title, Year, MDate, Key, DOI) VALUES (1568, 'An Ensemble-Rich Multi-Aspect Approach Towards Robust Style Change Detection: Notebook for PAN at CLEF 2018.', 2018, '2018-08-08', 'conf/clef/ZlatkovaKMAHKN18', 'http://ceur-ws.org/Vol-2125/paper_142.pdf');
INSERT INTO Write (AuthorID, PaperID) VALUES (191, 1568);
INSERT INTO Paper (PaperID, Title, Year, MDate, Key, DOI) VALUES (2704, 'PANcakes Team: A Composite System of Domain-Agnostic Features For Author Profiling.', 2016, '2016-08-11', 'conf/clef/GenchevaBDNGKK16', 'http://ceur-ws.org/Vol-1609/16090874.pdf');
INSERT INTO Write (AuthorID, PaperID) VALUES (191, 2704);
INSERT INTO Paper (PaperID, Title, Year, MDate, Key, DOI) VALUES (3263, 'SU@PAN''2015: Experiments in Author Verification.', 2015, '2015-09-03', 'conf/clef/NikolovTSKN15', 'http://ceur-ws.org/Vol-1391/151-CR.pdf');
INSERT INTO Write (AuthorID, PaperID) VALUES (191, 3263);
INSERT INTO Author (AuthorID, Name) VALUES (192, 'Mihai Lupu');
INSERT INTO Write (AuthorID, PaperID) VALUES (192, 134);
INSERT INTO Write (AuthorID, PaperID) VALUES (192, 274);
INSERT INTO Write (AuthorID, PaperID) VALUES (192, 685);
INSERT INTO Paper (PaperID, Title, Year, MDate, Key, DOI) VALUES (727, 'A Real-World Framework for Translator as Expert Retrieval.', 2014, '2017-05-24', 'conf/clef/RekabsazL14', 'https://doi.org/10.1007/978-3-319-11382-1_14');
INSERT INTO Write (AuthorID, PaperID) VALUES (192, 727);
INSERT INTO Write (AuthorID, PaperID) VALUES (192, 2059);
INSERT INTO Write (AuthorID, PaperID) VALUES (192, 2896);
INSERT INTO Write (AuthorID, PaperID) VALUES (192, 2997);
INSERT INTO Write (AuthorID, PaperID) VALUES (192, 3086);
INSERT INTO Write (AuthorID, PaperID) VALUES (192, 3213);
INSERT INTO Write (AuthorID, PaperID) VALUES (192, 3256);
INSERT INTO Author (AuthorID, Name) VALUES (193, 'Dina Demner-Fushman');
INSERT INTO Write (AuthorID, PaperID) VALUES (193, 127);
INSERT INTO Paper (PaperID, Title, Year, MDate, Key, DOI) VALUES (453, 'Recent Enhancements to the NLM Medical Text Indexer.', 2014, '2014-09-10', 'conf/clef/MorkDSA14', 'http://ceur-ws.org/Vol-1180/CLEF2014wn-QA-MorkEt2014.pdf');
INSERT INTO Write (AuthorID, PaperID) VALUES (193, 453);
INSERT INTO Write (AuthorID, PaperID) VALUES (193, 869);
INSERT INTO Write (AuthorID, PaperID) VALUES (193, 1012);
INSERT INTO Write (AuthorID, PaperID) VALUES (193, 1017);
INSERT INTO Write (AuthorID, PaperID) VALUES (193, 2155);
INSERT INTO Write (AuthorID, PaperID) VALUES (193, 2301);
INSERT INTO Paper (PaperID, Title, Year, MDate, Key, DOI) VALUES (3133, 'NLM at ImageCLEF 2018 Visual Question Answering in the Medical Domain.', 2018, '2018-08-08', 'conf/clef/AbachaGLRD18', 'http://ceur-ws.org/Vol-2125/paper_165.pdf');
INSERT INTO Write (AuthorID, PaperID) VALUES (193, 3133);
INSERT INTO Write (AuthorID, PaperID) VALUES (193, 3167);
INSERT INTO Write (AuthorID, PaperID) VALUES (193, 3406);
INSERT INTO Author (AuthorID, Name) VALUES (194, 'Dan Tufis');
INSERT INTO Paper (PaperID, Title, Year, MDate, Key, DOI) VALUES (205, 'RACAI''s QA System at the Romanian-Romanian QA@CLEF2008 Main Task.', 2008, '2017-05-24', 'conf/clef/IonSCT08', 'https://doi.org/10.1007/978-3-642-04447-2_46');
INSERT INTO Write (AuthorID, PaperID) VALUES (194, 205);
INSERT INTO Paper (PaperID, Title, Year, MDate, Key, DOI) VALUES (230, 'RACAI''s Question Answering System at QA@CLEF2007.', 2007, '2017-05-24', 'conf/clef/TufisSIC07', 'https://doi.org/10.1007/978-3-540-85760-0_34');
INSERT INTO Write (AuthorID, PaperID) VALUES (194, 230);
INSERT INTO Paper (PaperID, Title, Year, MDate, Key, DOI) VALUES (414, 'Introduction to the CLEF2013 Labs and Workshop.', 2013, '2014-09-10', 'conf/clef/NavigliT13', 'http://ceur-ws.org/Vol-1179/CLEF2013wn-All-NavigliEt2013.pdf');
INSERT INTO Write (AuthorID, PaperID) VALUES (194, 414);
INSERT INTO Paper (PaperID, Title, Year, MDate, Key, DOI) VALUES (445, 'A Trainable Multi-factored QA System.', 2009, '2017-05-24', 'conf/clef/IonSCTIM09', 'https://doi.org/10.1007/978-3-642-15754-7_29');
INSERT INTO Write (AuthorID, PaperID) VALUES (194, 445);
INSERT INTO Paper (PaperID, Title, Year, MDate, Key, DOI) VALUES (1020, 'A Trainable Multi-factored QA System.', 2009, '2014-09-29', 'conf/clef/IonSCTIM09a', 'http://ceur-ws.org/Vol-1175/CLEF2009wn-QACLEF-IonEt2009.pdf');
INSERT INTO Write (AuthorID, PaperID) VALUES (194, 1020);
INSERT INTO Paper (PaperID, Title, Year, MDate, Key, DOI) VALUES (2151, 'RACAI''s Question Answering System at QA@CLEF 2007.', 2007, '2014-09-23', 'conf/clef/TufisSIC07a', 'http://ceur-ws.org/Vol-1173/CLEF2007wn-QACLEF-TufisEt2007.pdf');
INSERT INTO Write (AuthorID, PaperID) VALUES (194, 2151);
INSERT INTO Write (AuthorID, PaperID) VALUES (194, 2347);
INSERT INTO Write (AuthorID, PaperID) VALUES (194, 2545);
INSERT INTO Paper (PaperID, Title, Year, MDate, Key, DOI) VALUES (2845, 'Monolingual and Multilingual Question Answering on European Legislation.', 2010, '2014-09-24', 'conf/clef/IonCSTIM10', 'http://www.clef-initiative.eu/documents/71612/86374/CLEF2010wn-MLQA10-IonEt2010.pdf');
INSERT INTO Write (AuthorID, PaperID) VALUES (194, 2845);
INSERT INTO Paper (PaperID, Title, Year, MDate, Key, DOI) VALUES (3109, 'RACAI''s QA System at the Romanian-Romanian Multiple Language Question Answering (QA@CLEF2008) Main Task.', 2008, '2014-09-29', 'conf/clef/IonSCT08a', 'http://ceur-ws.org/Vol-1174/CLEF2008wn-QACLEF-IonEt2008.pdf');
INSERT INTO Write (AuthorID, PaperID) VALUES (194, 3109);
INSERT INTO Author (AuthorID, Name) VALUES (195, 'Isabelle Moulinier');
INSERT INTO Paper (PaperID, Title, Year, MDate, Key, DOI) VALUES (87, 'Thomson Legal and Regulatory at CLEF 2001: Monolingual and Bilingual Experiments.', 2001, '2017-05-24', 'conf/clef/Molina-SalgadoMKLS01', 'https://doi.org/10.1007/3-540-45691-0_20');
INSERT INTO Write (AuthorID, PaperID) VALUES (195, 87);
INSERT INTO Paper (PaperID, Title, Year, MDate, Key, DOI) VALUES (130, 'West Group at CLEF 2000: Non-english Monolingual Retrieval.', 2000, '2017-05-24', 'conf/clef/MoulinierML00', 'https://doi.org/10.1007/3-540-44645-1_25');
INSERT INTO Write (AuthorID, PaperID) VALUES (195, 130);
INSERT INTO Paper (PaperID, Title, Year, MDate, Key, DOI) VALUES (776, 'Report on Thomson Legal and Regulatory Experiments at CLEF-2004.', 2004, '2014-08-15', 'conf/clef/MoulinierW04', 'http://ceur-ws.org/Vol-1170/CLEF2004wn-adhoc-MoulinierEt2004.pdf');
INSERT INTO Write (AuthorID, PaperID) VALUES (195, 776);
INSERT INTO Paper (PaperID, Title, Year, MDate, Key, DOI) VALUES (782, 'Thomson Legal and Regulatory at CLEF 2001: Monolingual and Bilingual Experiments.', 2001, '2014-08-15', 'conf/clef/Molina-SalgadoMKLS01a', 'http://ceur-ws.org/Vol-1167/CLEF2001wn-adhoc-MolinaSalgadoEt2001.pdf');
INSERT INTO Write (AuthorID, PaperID) VALUES (195, 782);
INSERT INTO Paper (PaperID, Title, Year, MDate, Key, DOI) VALUES (1069, 'West Group at CLEF2000: Non-English Monolingual Retrieval.', 2000, '2014-08-15', 'conf/clef/MoulinierML00a', 'http://ceur-ws.org/Vol-1166/CLEF2000wn-adhoc-MoulinierEt2000.pdf');
INSERT INTO Write (AuthorID, PaperID) VALUES (195, 1069);
INSERT INTO Paper (PaperID, Title, Year, MDate, Key, DOI) VALUES (1254, 'Thomson Legal and Regulatory Experiments for CLEF 2002.', 2002, '2014-08-15', 'conf/clef/MoulinierM02a', 'http://ceur-ws.org/Vol-1168/CLEF2002wn-adhoc-MoulinierEt2002.pdf');
INSERT INTO Write (AuthorID, PaperID) VALUES (195, 1254);
INSERT INTO Paper (PaperID, Title, Year, MDate, Key, DOI) VALUES (1634, 'Thomson Legal and Regulatory Experiments for CLEF 2002.', 2002, '2017-05-24', 'conf/clef/MoulinierM02', 'https://doi.org/10.1007/978-3-540-45237-9_12');
INSERT INTO Write (AuthorID, PaperID) VALUES (195, 1634);
INSERT INTO Paper (PaperID, Title, Year, MDate, Key, DOI) VALUES (1671, 'Thomson Legal and Regulatory Experiments at CLEF-2005.', 2005, '2017-05-24', 'conf/clef/MoulinierW05a', 'https://doi.org/10.1007/11878773_6');
INSERT INTO Write (AuthorID, PaperID) VALUES (195, 1671);
INSERT INTO Paper (PaperID, Title, Year, MDate, Key, DOI) VALUES (2143, 'Thomson Legal and Regulatory Experiments at CLEF-2005.', 2005, '2014-08-15', 'conf/clef/MoulinierW05b', 'http://ceur-ws.org/Vol-1171/CLEF2005wn-adhoc-MoulinierEt2005.pdf');
INSERT INTO Write (AuthorID, PaperID) VALUES (195, 2143);
INSERT INTO Paper (PaperID, Title, Year, MDate, Key, DOI) VALUES (3446, 'Report on Thomson Legal and Regulatory Experiments at CLEF-2004.', 2004, '2017-05-24', 'conf/clef/MoulinierW05', 'https://doi.org/10.1007/11519645_11');
INSERT INTO Write (AuthorID, PaperID) VALUES (195, 3446);
INSERT INTO Author (AuthorID, Name) VALUES (196, 'Christelle Ayache');
INSERT INTO Write (AuthorID, PaperID) VALUES (196, 76);
INSERT INTO Write (AuthorID, PaperID) VALUES (196, 142);
INSERT INTO Write (AuthorID, PaperID) VALUES (196, 633);
INSERT INTO Write (AuthorID, PaperID) VALUES (196, 1163);
INSERT INTO Write (AuthorID, PaperID) VALUES (196, 2316);
INSERT INTO Write (AuthorID, PaperID) VALUES (196, 2329);
INSERT INTO Write (AuthorID, PaperID) VALUES (196, 2836);
INSERT INTO Write (AuthorID, PaperID) VALUES (196, 2864);
INSERT INTO Write (AuthorID, PaperID) VALUES (196, 3147);
INSERT INTO Write (AuthorID, PaperID) VALUES (196, 3286);
INSERT INTO Author (AuthorID, Name) VALUES (197, 'Djamel Mostefa');
INSERT INTO Write (AuthorID, PaperID) VALUES (197, 65);
INSERT INTO Write (AuthorID, PaperID) VALUES (197, 566);
INSERT INTO Write (AuthorID, PaperID) VALUES (197, 1685);
INSERT INTO Write (AuthorID, PaperID) VALUES (197, 1998);
INSERT INTO Write (AuthorID, PaperID) VALUES (197, 2103);
INSERT INTO Write (AuthorID, PaperID) VALUES (197, 2190);
INSERT INTO Write (AuthorID, PaperID) VALUES (197, 2316);
INSERT INTO Write (AuthorID, PaperID) VALUES (197, 2329);
INSERT INTO Write (AuthorID, PaperID) VALUES (197, 2446);
INSERT INTO Write (AuthorID, PaperID) VALUES (197, 3296);
INSERT INTO Author (AuthorID, Name) VALUES (198, 'Lo&iuml;c Maisonnasse');
INSERT INTO Write (AuthorID, PaperID) VALUES (198, 734);
INSERT INTO Paper (PaperID, Title, Year, MDate, Key, DOI) VALUES (906, 'Analysis Combination and Pseudo Relevance Feedback in a Conceptual Language Model: LIRIS participation in ImageClefMed.', 2009, '2014-09-29', 'conf/clef/MaisonnasseH09', 'http://ceur-ws.org/Vol-1175/CLEF2009wn-ImageCLEF-MaisonnasseEt2009.pdf');
INSERT INTO Write (AuthorID, PaperID) VALUES (198, 906);
INSERT INTO Write (AuthorID, PaperID) VALUES (198, 1221);
INSERT INTO Write (AuthorID, PaperID) VALUES (198, 1579);
INSERT INTO Write (AuthorID, PaperID) VALUES (198, 1644);
INSERT INTO Write (AuthorID, PaperID) VALUES (198, 1758);
INSERT INTO Write (AuthorID, PaperID) VALUES (198, 2283);
INSERT INTO Write (AuthorID, PaperID) VALUES (198, 2824);
INSERT INTO Paper (PaperID, Title, Year, MDate, Key, DOI) VALUES (3343, 'Analysis Combination and Pseudo Relevance Feedback in Conceptual Language Model - LIRIS Participation at ImageCLEFMed.', 2009, '2017-06-15', 'conf/clef/MaisonnasseHRC09', 'https://doi.org/10.1007/978-3-642-15751-6_24');
INSERT INTO Write (AuthorID, PaperID) VALUES (198, 3343);
INSERT INTO Write (AuthorID, PaperID) VALUES (198, 3514);
INSERT INTO Author (AuthorID, Name) VALUES (199, 'Hristo Tanev');
INSERT INTO Write (AuthorID, PaperID) VALUES (199, 24);
INSERT INTO Write (AuthorID, PaperID) VALUES (199, 61);
INSERT INTO Write (AuthorID, PaperID) VALUES (199, 139);
INSERT INTO Write (AuthorID, PaperID) VALUES (199, 195);
INSERT INTO Paper (PaperID, Title, Year, MDate, Key, DOI) VALUES (385, 'Detecting Entity-Related Events and Sentiments from Tweets Using Multilingual Resources.', 2012, '2014-09-24', 'conf/clef/BalahurT12', 'http://www.clef-initiative.eu/documents/71612/b4187254-a962-4498-9a45-66f1d3609237');
INSERT INTO Write (AuthorID, PaperID) VALUES (199, 385);
INSERT INTO Write (AuthorID, PaperID) VALUES (199, 541);
INSERT INTO Write (AuthorID, PaperID) VALUES (199, 1525);
INSERT INTO Write (AuthorID, PaperID) VALUES (199, 1574);
INSERT INTO Paper (PaperID, Title, Year, MDate, Key, DOI) VALUES (2154, 'Extraction of Definitions for Bulgarian.', 2006, '2014-08-15', 'conf/clef/Tanev06', 'http://ceur-ws.org/Vol-1172/CLEF2006wn-QACLEF-Tanev2006.pdf');
INSERT INTO Write (AuthorID, PaperID) VALUES (199, 2154);
INSERT INTO Write (AuthorID, PaperID) VALUES (199, 2335);
INSERT INTO Author (AuthorID, Name) VALUES (200, 'Kiril Ivanov Simov');
INSERT INTO Write (AuthorID, PaperID) VALUES (200, 61);
INSERT INTO Write (AuthorID, PaperID) VALUES (200, 76);
INSERT INTO Write (AuthorID, PaperID) VALUES (200, 139);
INSERT INTO Write (AuthorID, PaperID) VALUES (200, 541);
INSERT INTO Write (AuthorID, PaperID) VALUES (200, 1574);
INSERT INTO Write (AuthorID, PaperID) VALUES (200, 2042);
INSERT INTO Write (AuthorID, PaperID) VALUES (200, 2864);
INSERT INTO Write (AuthorID, PaperID) VALUES (200, 2998);
INSERT INTO Write (AuthorID, PaperID) VALUES (200, 3117);
INSERT INTO Write (AuthorID, PaperID) VALUES (200, 3487);
INSERT INTO Author (AuthorID, Name) VALUES (201, 'Iustin Dornescu');
INSERT INTO Paper (PaperID, Title, Year, MDate, Key, DOI) VALUES (110, 'University of Wolverhampton at CLEF 2008.', 2008, '2014-09-29', 'conf/clef/DornescuPO08', 'http://ceur-ws.org/Vol-1174/CLEF2008wn-QACLEF-DornescuEt2008.pdf');
INSERT INTO Write (AuthorID, PaperID) VALUES (201, 110);
INSERT INTO Paper (PaperID, Title, Year, MDate, Key, DOI) VALUES (814, 'Cross-document Coreference for WePS.', 2010, '2014-09-24', 'conf/clef/DornescuOL10', 'http://www.clef-initiative.eu/documents/71612/86374/CLEF2010wn-WePS-DornescuEt2010.pdf');
INSERT INTO Write (AuthorID, PaperID) VALUES (201, 814);
INSERT INTO Write (AuthorID, PaperID) VALUES (201, 850);
INSERT INTO Paper (PaperID, Title, Year, MDate, Key, DOI) VALUES (877, 'EQUAL: Encyclopaedic QUestion Answering for Lists.', 2009, '2014-09-29', 'conf/clef/Dornescu09a', 'http://ceur-ws.org/Vol-1175/CLEF2009wn-QACLEF-DornescuEt2009.pdf');
INSERT INTO Write (AuthorID, PaperID) VALUES (201, 877);
INSERT INTO Write (AuthorID, PaperID) VALUES (201, 1255);
INSERT INTO Write (AuthorID, PaperID) VALUES (201, 2347);
INSERT INTO Write (AuthorID, PaperID) VALUES (201, 2545);
INSERT INTO Paper (PaperID, Title, Year, MDate, Key, DOI) VALUES (2672, 'Semantic QA for Encyclopaedic Questions: <i>EQUAL</i> in GikiCLEF.', 2009, '2017-05-24', 'conf/clef/Dornescu09', 'https://doi.org/10.1007/978-3-642-15754-7_39');
INSERT INTO Write (AuthorID, PaperID) VALUES (201, 2672);
INSERT INTO Write (AuthorID, PaperID) VALUES (201, 3073);
INSERT INTO Write (AuthorID, PaperID) VALUES (201, 3331);
INSERT INTO Author (AuthorID, Name) VALUES (202, 'Rub&eacute;n Izquierdo');
INSERT INTO Write (AuthorID, PaperID) VALUES (202, 159);
INSERT INTO Write (AuthorID, PaperID) VALUES (202, 629);
INSERT INTO Write (AuthorID, PaperID) VALUES (202, 653);
INSERT INTO Write (AuthorID, PaperID) VALUES (202, 1206);
INSERT INTO Write (AuthorID, PaperID) VALUES (202, 1285);
INSERT INTO Write (AuthorID, PaperID) VALUES (202, 1796);
INSERT INTO Paper (PaperID, Title, Year, MDate, Key, DOI) VALUES (1802, 'Alicante at CLEF 2009 Robust-WSD Task.', 2009, '2014-09-29', 'conf/clef/FernandezIG09a', 'http://ceur-ws.org/Vol-1175/CLEF2009wn-adhoc-FernandezEt2009.pdf');
INSERT INTO Write (AuthorID, PaperID) VALUES (202, 1802);
INSERT INTO Write (AuthorID, PaperID) VALUES (202, 1809);
INSERT INTO Write (AuthorID, PaperID) VALUES (202, 2147);
INSERT INTO Write (AuthorID, PaperID) VALUES (202, 3265);
INSERT INTO Author (AuthorID, Name) VALUES (203, 'Adri&aacute;n Pastor L&oacute;pez-Monroy');
INSERT INTO Paper (PaperID, Title, Year, MDate, Key, DOI) VALUES (28, 'UAMCLyR at RepLab 2013: Profiling Task.', 2013, '2016-12-16', 'conf/clef/Villatoro-TelloRSL13', 'http://ceur-ws.org/Vol-1179/CLEF2013wn-RepLab-VillatoroTelloEt2013.pdf');
INSERT INTO Write (AuthorID, PaperID) VALUES (203, 28);
INSERT INTO Write (AuthorID, PaperID) VALUES (203, 1234);
INSERT INTO Write (AuthorID, PaperID) VALUES (203, 1344);
INSERT INTO Write (AuthorID, PaperID) VALUES (203, 1977);
INSERT INTO Write (AuthorID, PaperID) VALUES (203, 2080);
INSERT INTO Write (AuthorID, PaperID) VALUES (203, 2270);
INSERT INTO Paper (PaperID, Title, Year, MDate, Key, DOI) VALUES (2464, 'A Straightforward Multimodal Approach for Author Profiling: Notebook for PAN at CLEF 2018.', 2018, '2018-08-08', 'conf/clef/AragonL18', 'http://ceur-ws.org/Vol-2125/paper_96.pdf');
INSERT INTO Write (AuthorID, PaperID) VALUES (203, 2464);
INSERT INTO Write (AuthorID, PaperID) VALUES (203, 2941);
INSERT INTO Write (AuthorID, PaperID) VALUES (203, 2983);
INSERT INTO Write (AuthorID, PaperID) VALUES (203, 3414);
INSERT INTO Author (AuthorID, Name) VALUES (204, 'Mikko Kurimo');
INSERT INTO Paper (PaperID, Title, Year, MDate, Key, DOI) VALUES (9, 'Overview of Morpho Challenge 2008.', 2008, '2017-05-24', 'conf/clef/KurimoTV08', 'https://doi.org/10.1007/978-3-642-04447-2_127');
INSERT INTO Write (AuthorID, PaperID) VALUES (204, 9);
INSERT INTO Paper (PaperID, Title, Year, MDate, Key, DOI) VALUES (258, 'Overview and Results of Morpho Challenge 2009.', 2009, '2017-05-24', 'conf/clef/KurimoVTBB09', 'https://doi.org/10.1007/978-3-642-15754-7_71');
INSERT INTO Write (AuthorID, PaperID) VALUES (204, 258);
INSERT INTO Paper (PaperID, Title, Year, MDate, Key, DOI) VALUES (359, 'Overview of Morpho Challenge in CLEF 2007.', 2007, '2014-09-23', 'conf/clef/KurimoCT07', 'http://ceur-ws.org/Vol-1173/CLEF2007wn-MorphoChallenge-KurimoEt2007.pdf');
INSERT INTO Write (AuthorID, PaperID) VALUES (204, 359);
INSERT INTO Paper (PaperID, Title, Year, MDate, Key, DOI) VALUES (831, 'Unsupervised Morpheme Analysis Evaluation by IR experiments - Morpho Challenge 2007.', 2007, '2014-09-23', 'conf/clef/KurimoCT07a', 'http://ceur-ws.org/Vol-1173/CLEF2007wn-MorphoChallenge-KurimoEt2007b.pdf');
INSERT INTO Write (AuthorID, PaperID) VALUES (204, 831);
INSERT INTO Paper (PaperID, Title, Year, MDate, Key, DOI) VALUES (1131, 'Morpho Challenge Evaluation by Information Retrieval Experiments.', 2008, '2017-05-24', 'conf/clef/KurimoCT08', 'https://doi.org/10.1007/978-3-642-04447-2_131');
INSERT INTO Write (AuthorID, PaperID) VALUES (204, 1131);
INSERT INTO Paper (PaperID, Title, Year, MDate, Key, DOI) VALUES (1608, 'Unsupervised Morpheme Analysis Evaluation by a Comparison to a Linguistic Gold Standard - Morpho Challenge 2007.', 2007, '2014-09-23', 'conf/clef/KurimoCV07a', 'http://ceur-ws.org/Vol-1173/CLEF2007wn-MorphoChallenge-KurimoEt2007a.pdf');
INSERT INTO Write (AuthorID, PaperID) VALUES (204, 1608);
INSERT INTO Paper (PaperID, Title, Year, MDate, Key, DOI) VALUES (2319, 'Unsupervised Morpheme Analysis Evaluation by a Comparison to a Linguistic Gold Standard - Morpho Challenge 2008.', 2008, '2014-09-29', 'conf/clef/KurimoV08', 'http://ceur-ws.org/Vol-1174/CLEF2008wn-MorphoChallenge-KurimoEt2008a.pdf');
INSERT INTO Write (AuthorID, PaperID) VALUES (204, 2319);
INSERT INTO Paper (PaperID, Title, Year, MDate, Key, DOI) VALUES (2387, 'Overview and Results of Morpho Challenge 2009.', 2009, '2014-09-29', 'conf/clef/KurimoVTBB09a', 'http://ceur-ws.org/Vol-1175/CLEF2009wn-MorphoChallenge-KurimoEt2009.pdf');
INSERT INTO Write (AuthorID, PaperID) VALUES (204, 2387);
INSERT INTO Paper (PaperID, Title, Year, MDate, Key, DOI) VALUES (3142, 'Morpho Challenge Evaluation Using a Linguistic Gold Standard.', 2007, '2017-05-24', 'conf/clef/KurimoCV07', 'https://doi.org/10.1007/978-3-540-85760-0_111');
INSERT INTO Write (AuthorID, PaperID) VALUES (204, 3142);
INSERT INTO Paper (PaperID, Title, Year, MDate, Key, DOI) VALUES (3220, 'Unsupervised Morpheme Analysis Evaluation by IR experiments - Morpho Challenge 2008.', 2008, '2014-09-29', 'conf/clef/KurimoT08', 'http://ceur-ws.org/Vol-1174/CLEF2008wn-MorphoChallenge-KurimoEt2008b.pdf');
INSERT INTO Write (AuthorID, PaperID) VALUES (204, 3220);
INSERT INTO Author (AuthorID, Name) VALUES (205, 'Yih-Chen Chang');
INSERT INTO Write (AuthorID, PaperID) VALUES (205, 17);
INSERT INTO Write (AuthorID, PaperID) VALUES (205, 927);
INSERT INTO Write (AuthorID, PaperID) VALUES (205, 949);
INSERT INTO Write (AuthorID, PaperID) VALUES (205, 1134);
INSERT INTO Write (AuthorID, PaperID) VALUES (205, 1464);
INSERT INTO Write (AuthorID, PaperID) VALUES (205, 1474);
INSERT INTO Write (AuthorID, PaperID) VALUES (205, 2164);
INSERT INTO Write (AuthorID, PaperID) VALUES (205, 2901);
INSERT INTO Write (AuthorID, PaperID) VALUES (205, 3003);
INSERT INTO Write (AuthorID, PaperID) VALUES (205, 3274);
INSERT INTO Author (AuthorID, Name) VALUES (206, 'Gosse Bouma');
INSERT INTO Paper (PaperID, Title, Year, MDate, Key, DOI) VALUES (115, 'The University of Groningen at QA@CLEF 2006: Using Syntactic Knowledge for QA.', 2006, '2014-08-15', 'conf/clef/BoumaFMNPT06a', 'http://ceur-ws.org/Vol-1172/CLEF2006wn-QACLEF-BoumaEt2006.pdf');
INSERT INTO Write (AuthorID, PaperID) VALUES (206, 115);
INSERT INTO Paper (PaperID, Title, Year, MDate, Key, DOI) VALUES (155, 'Question Answering for Dutch using Dependency Relations.', 2005, '2014-08-15', 'conf/clef/BoumaMNPT05a', 'http://ceur-ws.org/Vol-1171/CLEF2005wn-QACLEF-BoumaEt2005.pdf');
INSERT INTO Write (AuthorID, PaperID) VALUES (206, 155);
INSERT INTO Paper (PaperID, Title, Year, MDate, Key, DOI) VALUES (348, 'Using Syntactic Knowledge for QA.', 2006, '2018-11-02', 'conf/clef/BoumaFMNPT06', 'https://doi.org/10.1007/978-3-540-74999-8_39');
INSERT INTO Write (AuthorID, PaperID) VALUES (206, 348);
INSERT INTO Paper (PaperID, Title, Year, MDate, Key, DOI) VALUES (425, 'Question Answering with Joost at CLEF 2008.', 2008, '2014-09-29', 'conf/clef/BoumaMNPT08', 'http://ceur-ws.org/Vol-1174/CLEF2008wn-QACLEF-BoumaEt2008.pdf');
INSERT INTO Write (AuthorID, PaperID) VALUES (206, 425);
INSERT INTO Paper (PaperID, Title, Year, MDate, Key, DOI) VALUES (472, 'Relevance Measures Using Geographic Scopes and Types.', 2007, '2017-05-24', 'conf/clef/AndogahB07', 'https://doi.org/10.1007/978-3-540-85760-0_100');
INSERT INTO Write (AuthorID, PaperID) VALUES (206, 472);
INSERT INTO Paper (PaperID, Title, Year, MDate, Key, DOI) VALUES (522, 'Wikipedia Entity Retrieval for Dutch and Spanish.', 2009, '2014-09-29', 'conf/clef/BoumaD09', 'http://ceur-ws.org/Vol-1175/CLEF2009wn-QACLEF-BoumaEt2009.pdf');
INSERT INTO Write (AuthorID, PaperID) VALUES (206, 522);
INSERT INTO Paper (PaperID, Title, Year, MDate, Key, DOI) VALUES (1860, 'Question Answering for Dutch Using Dependency Relations.', 2005, '2018-11-02', 'conf/clef/BoumaMNPT05', 'https://doi.org/10.1007/11878773_42');
INSERT INTO Write (AuthorID, PaperID) VALUES (206, 1860);
INSERT INTO Paper (PaperID, Title, Year, MDate, Key, DOI) VALUES (1915, 'Question Answering with Joost at CLEF 2007.', 2007, '2014-09-23', 'conf/clef/BoumaKM07', 'http://ceur-ws.org/Vol-1173/CLEF2007wn-QACLEF-BoumaEt2007.pdf');
INSERT INTO Write (AuthorID, PaperID) VALUES (206, 1915);
INSERT INTO Paper (PaperID, Title, Year, MDate, Key, DOI) VALUES (2725, 'University of Groningen at GeoCLEF 2007.', 2007, '2014-09-23', 'conf/clef/AndogahB07a', 'http://ceur-ws.org/Vol-1173/CLEF2007wn-GeoCLEF-Andogah2007.pdf');
INSERT INTO Write (AuthorID, PaperID) VALUES (206, 2725);
INSERT INTO Paper (PaperID, Title, Year, MDate, Key, DOI) VALUES (3306, 'Question Answering with Joost at CLEF 2007.', 2007, '2018-11-02', 'conf/clef/BoumaKMNPT07', 'https://doi.org/10.1007/978-3-540-85760-0_30');
INSERT INTO Write (AuthorID, PaperID) VALUES (206, 3306);
INSERT INTO Author (AuthorID, Name) VALUES (207, 'Alessandro Vallin');
INSERT INTO Write (AuthorID, PaperID) VALUES (207, 76);
INSERT INTO Write (AuthorID, PaperID) VALUES (207, 399);
INSERT INTO Write (AuthorID, PaperID) VALUES (207, 894);
INSERT INTO Write (AuthorID, PaperID) VALUES (207, 1028);
INSERT INTO Write (AuthorID, PaperID) VALUES (207, 1163);
INSERT INTO Write (AuthorID, PaperID) VALUES (207, 2166);
INSERT INTO Write (AuthorID, PaperID) VALUES (207, 2349);
INSERT INTO Write (AuthorID, PaperID) VALUES (207, 2864);
INSERT INTO Write (AuthorID, PaperID) VALUES (207, 3175);
INSERT INTO Write (AuthorID, PaperID) VALUES (207, 3286);
INSERT INTO Author (AuthorID, Name) VALUES (208, 'Pinaki Bhaskar');
INSERT INTO Write (AuthorID, PaperID) VALUES (208, 25);
INSERT INTO Write (AuthorID, PaperID) VALUES (208, 125);
INSERT INTO Write (AuthorID, PaperID) VALUES (208, 411);
INSERT INTO Write (AuthorID, PaperID) VALUES (208, 941);
INSERT INTO Write (AuthorID, PaperID) VALUES (208, 1834);
INSERT INTO Write (AuthorID, PaperID) VALUES (208, 2150);
INSERT INTO Write (AuthorID, PaperID) VALUES (208, 2227);
INSERT INTO Write (AuthorID, PaperID) VALUES (208, 2666);
INSERT INTO Write (AuthorID, PaperID) VALUES (208, 3311);
INSERT INTO Write (AuthorID, PaperID) VALUES (208, 3379);
INSERT INTO Author (AuthorID, Name) VALUES (209, 'Xaro Benavent');
INSERT INTO Write (AuthorID, PaperID) VALUES (209, 209);
INSERT INTO Write (AuthorID, PaperID) VALUES (209, 851);
INSERT INTO Write (AuthorID, PaperID) VALUES (209, 996);
INSERT INTO Write (AuthorID, PaperID) VALUES (209, 1820);
INSERT INTO Write (AuthorID, PaperID) VALUES (209, 2198);
INSERT INTO Write (AuthorID, PaperID) VALUES (209, 2330);
INSERT INTO Write (AuthorID, PaperID) VALUES (209, 2390);
INSERT INTO Write (AuthorID, PaperID) VALUES (209, 2569);
INSERT INTO Write (AuthorID, PaperID) VALUES (209, 2621);
INSERT INTO Write (AuthorID, PaperID) VALUES (209, 3035);
INSERT INTO Author (AuthorID, Name) VALUES (210, 'Theodore Kalamboukis');
INSERT INTO Paper (PaperID, Title, Year, MDate, Key, DOI) VALUES (779, 'IPL at CLEF 2016 Medical Task.', 2016, '2016-08-11', 'conf/clef/ValavanisSK16', 'http://ceur-ws.org/Vol-1609/16090413.pdf');
INSERT INTO Write (AuthorID, PaperID) VALUES (210, 779);
INSERT INTO Paper (PaperID, Title, Year, MDate, Key, DOI) VALUES (995, 'Combined Content based and Semantic Image Retrieval.', 2009, '2014-09-29', 'conf/clef/BoutsisK09', 'http://ceur-ws.org/Vol-1175/CLEF2009wn-ImageCLEF-BoutsisEt2009.pdf');
INSERT INTO Write (AuthorID, PaperID) VALUES (210, 995);
INSERT INTO Paper (PaperID, Title, Year, MDate, Key, DOI) VALUES (1055, 'Medical Image Classification with Weighted Latent Semantic Tensors and Deep Convolutional Neural Networks.', 2018, '2018-08-20', 'conf/clef/StathopoulosK18', 'https://doi.org/10.1007/978-3-319-98932-7_8');
INSERT INTO Write (AuthorID, PaperID) VALUES (210, 1055);
INSERT INTO Paper (PaperID, Title, Year, MDate, Key, DOI) VALUES (1263, 'IPL at ImageCLEF 2014: Scalable Concept Image Annotation.', 2014, '2014-09-10', 'conf/clef/StathopoulosK14', 'http://ceur-ws.org/Vol-1180/CLEF2014wn-Image-StathopoulosEt2014.pdf');
INSERT INTO Write (AuthorID, PaperID) VALUES (210, 1263);
INSERT INTO Paper (PaperID, Title, Year, MDate, Key, DOI) VALUES (1430, 'IPL at CLEF 2013 Medical Retrieval Task.', 2013, '2014-09-10', 'conf/clef/StathopoulosLKK13', 'http://ceur-ws.org/Vol-1179/CLEF2013wn-ImageCLEF-StathopoulosEt2013.pdf');
INSERT INTO Write (AuthorID, PaperID) VALUES (210, 1430);
INSERT INTO Paper (PaperID, Title, Year, MDate, Key, DOI) VALUES (1825, 'IPL at CLEF 2012 Medical Retrieval Task.', 2012, '2014-09-24', 'conf/clef/StathopoulosSK12', 'http://www.clef-initiative.eu/documents/71612/57afce03-dc71-4de4-b893-681b5eb77dd5');
INSERT INTO Write (AuthorID, PaperID) VALUES (210, 1825);
INSERT INTO Paper (PaperID, Title, Year, MDate, Key, DOI) VALUES (2109, 'An Evaluation of Greek-English Cross Language Retrieval within the CLEF Ad-Hoc Bilingual Task.', 2009, '2014-09-29', 'conf/clef/KatsiouliK09', 'http://ceur-ws.org/Vol-1175/CLEF2009wn-adhoc-KatsiouliEt2009.pdf');
INSERT INTO Write (AuthorID, PaperID) VALUES (210, 2109);
INSERT INTO Paper (PaperID, Title, Year, MDate, Key, DOI) VALUES (2419, 'IPL at ImageCLEF 2011 Medical Retrieval Task.', 2011, '2014-09-24', 'conf/clef/GkoufasMK11', 'http://www.clef-initiative.eu/documents/71612/86377/CLEF2011wn-ImageCLEF-GkoufasEt2011.pdf');
INSERT INTO Write (AuthorID, PaperID) VALUES (210, 2419);
INSERT INTO Paper (PaperID, Title, Year, MDate, Key, DOI) VALUES (2980, 'IPL at ImageCLEF 2010.', 2010, '2014-09-24', 'conf/clef/StougiannisGK10', 'http://www.clef-initiative.eu/documents/71612/86374/CLEF2010wn-ImageCLEF-StougiannisEt2010.pdf');
INSERT INTO Write (AuthorID, PaperID) VALUES (210, 2980);
INSERT INTO Paper (PaperID, Title, Year, MDate, Key, DOI) VALUES (3240, 'IPL at ImageCLEF 2018: A kNN-based Concept Detection Approach.', 2018, '2018-08-08', 'conf/clef/ValavanisK18', 'http://ceur-ws.org/Vol-2125/paper_205.pdf');
INSERT INTO Write (AuthorID, PaperID) VALUES (210, 3240);
INSERT INTO Author (AuthorID, Name) VALUES (211, 'Xin Zhou');
INSERT INTO Write (AuthorID, PaperID) VALUES (211, 250);
INSERT INTO Write (AuthorID, PaperID) VALUES (211, 587);
INSERT INTO Paper (PaperID, Title, Year, MDate, Key, DOI) VALUES (1084, 'Fast Filtering Techniques in Medical Image Classification and Retrieval.', 2013, '2014-09-10', 'conf/clef/ZhouHSL13', 'http://ceur-ws.org/Vol-1179/CLEF2013wn-ImageCLEF-ZhouEt2013.pdf');
INSERT INTO Write (AuthorID, PaperID) VALUES (211, 1084);
INSERT INTO Write (AuthorID, PaperID) VALUES (211, 1387);
INSERT INTO Write (AuthorID, PaperID) VALUES (211, 1628);
INSERT INTO Write (AuthorID, PaperID) VALUES (211, 1803);
INSERT INTO Write (AuthorID, PaperID) VALUES (211, 2252);
INSERT INTO Write (AuthorID, PaperID) VALUES (211, 2271);
INSERT INTO Write (AuthorID, PaperID) VALUES (211, 2615);
INSERT INTO Write (AuthorID, PaperID) VALUES (211, 3231);
INSERT INTO Author (AuthorID, Name) VALUES (212, 'Bruno Martins 0001');
INSERT INTO Write (AuthorID, PaperID) VALUES (212, 51);
INSERT INTO Paper (PaperID, Title, Year, MDate, Key, DOI) VALUES (319, 'Experiments with N-Gram Prefixes on a Multinomial Language Model versus Lucene''s Off-the-Shelf Ranking Scheme and Rocchio Query Expansion (TEL@CLEF Monolingual Task).', 2009, '2017-12-13', 'conf/clef/MachadoMB09', 'https://doi.org/10.1007/978-3-642-15754-7_10');
INSERT INTO Write (AuthorID, PaperID) VALUES (212, 319);
INSERT INTO Paper (PaperID, Title, Year, MDate, Key, DOI) VALUES (1757, 'Technical University of Lisbon CLEF 2008 Submission: TEL@CLEF Monolingual Task.', 2008, '2017-12-13', 'conf/clef/MachadoMB08a', 'http://ceur-ws.org/Vol-1174/CLEF2008wn-adhoc-MachadoEt2008.pdf');
INSERT INTO Write (AuthorID, PaperID) VALUES (212, 1757);
INSERT INTO Write (AuthorID, PaperID) VALUES (212, 2561);
INSERT INTO Write (AuthorID, PaperID) VALUES (212, 2613);
INSERT INTO Write (AuthorID, PaperID) VALUES (212, 2692);
INSERT INTO Write (AuthorID, PaperID) VALUES (212, 2696);
INSERT INTO Paper (PaperID, Title, Year, MDate, Key, DOI) VALUES (3011, 'Experiments with N-Gram Prefixes on a Multinomial Language Model versus Lucene''s Off-the-shelf Ranking Scheme and Rocchio Query Expansion (TEL@CLEF Monolingual Task).', 2009, '2017-12-13', 'conf/clef/MachadoMB09a', 'http://ceur-ws.org/Vol-1175/CLEF2009wn-adhoc-MachadoEt2009.pdf');
INSERT INTO Write (AuthorID, PaperID) VALUES (212, 3011);
INSERT INTO Write (AuthorID, PaperID) VALUES (212, 3461);
INSERT INTO Paper (PaperID, Title, Year, MDate, Key, DOI) VALUES (3496, 'Experiments on a Multinomial Language Model versus Lucene''s Off-the-Shelf Ranking Scheme and Rocchio Query Expansion (TEL@CLEF Monolingual Task).', 2008, '2017-12-13', 'conf/clef/MachadoMB08', 'https://doi.org/10.1007/978-3-642-04447-2_5');
INSERT INTO Write (AuthorID, PaperID) VALUES (212, 3496);
INSERT INTO Author (AuthorID, Name) VALUES (213, 'Daqing He');
INSERT INTO Paper (PaperID, Title, Year, MDate, Key, DOI) VALUES (302, 'Pitt at CLEF05: Data Fusion for Spoken Document Retrieval.', 2005, '2014-08-15', 'conf/clef/HeA05a', 'http://ceur-ws.org/Vol-1171/CLEF2005wn-CLSR-HeEt2005.pdf');
INSERT INTO Write (AuthorID, PaperID) VALUES (213, 302);
INSERT INTO Write (AuthorID, PaperID) VALUES (213, 342);
INSERT INTO Paper (PaperID, Title, Year, MDate, Key, DOI) VALUES (1432, 'Pitt at CLEF05: Data Fusion for Spoken Document Retrieval.', 2005, '2017-06-02', 'conf/clef/HeA05', 'https://doi.org/10.1007/11878773_85');
INSERT INTO Write (AuthorID, PaperID) VALUES (213, 1432);
INSERT INTO Write (AuthorID, PaperID) VALUES (213, 1946);
INSERT INTO Write (AuthorID, PaperID) VALUES (213, 2087);
INSERT INTO Write (AuthorID, PaperID) VALUES (213, 2342);
INSERT INTO Paper (PaperID, Title, Year, MDate, Key, DOI) VALUES (2670, 'University of Pittsburgh at GeoCLEF 2008: Towards Effective Geographic Information Retrieval.', 2008, '2014-09-29', 'conf/clef/PuHL08a', 'http://ceur-ws.org/Vol-1174/CLEF2008wn-GeoCLEF-PuEt2008.pdf');
INSERT INTO Write (AuthorID, PaperID) VALUES (213, 2670);
INSERT INTO Paper (PaperID, Title, Year, MDate, Key, DOI) VALUES (2675, 'Query Expansion for Effective Geographic Information Retrieval.', 2008, '2017-06-02', 'conf/clef/PuHL08', 'https://doi.org/10.1007/978-3-642-04447-2_110');
INSERT INTO Write (AuthorID, PaperID) VALUES (213, 2675);
INSERT INTO Write (AuthorID, PaperID) VALUES (213, 2970);
INSERT INTO Write (AuthorID, PaperID) VALUES (213, 3200);
INSERT INTO Author (AuthorID, Name) VALUES (214, 'Diana Trandabat');
INSERT INTO Write (AuthorID, PaperID) VALUES (214, 327);
INSERT INTO Write (AuthorID, PaperID) VALUES (214, 525);
INSERT INTO Write (AuthorID, PaperID) VALUES (214, 1343);
INSERT INTO Write (AuthorID, PaperID) VALUES (214, 1424);
INSERT INTO Write (AuthorID, PaperID) VALUES (214, 2347);
INSERT INTO Write (AuthorID, PaperID) VALUES (214, 2545);
INSERT INTO Write (AuthorID, PaperID) VALUES (214, 2680);
INSERT INTO Write (AuthorID, PaperID) VALUES (214, 3073);
INSERT INTO Write (AuthorID, PaperID) VALUES (214, 3126);
INSERT INTO Write (AuthorID, PaperID) VALUES (214, 3397);
INSERT INTO Author (AuthorID, Name) VALUES (215, 'Heikki Keskustalo');
INSERT INTO Paper (PaperID, Title, Year, MDate, Key, DOI) VALUES (325, 'UTACLIR @ CLEF 2002: Towards a Unified Translation Process Model.', 2002, '2014-08-15', 'conf/clef/AirioKHP02a', 'http://ceur-ws.org/Vol-1168/CLEF2002wn-adhoc-AirioEt2002.pdf');
INSERT INTO Write (AuthorID, PaperID) VALUES (215, 325);
INSERT INTO Paper (PaperID, Title, Year, MDate, Key, DOI) VALUES (478, 'Bilingual Tests with Swedish, Finnish, and German Queries: Dealing with Morphology, Compound Words, and Query Structure.', 2000, '2017-05-24', 'conf/clef/HedlundKPSJ00', 'https://doi.org/10.1007/3-540-44645-1_20');
INSERT INTO Write (AuthorID, PaperID) VALUES (215, 478);
INSERT INTO Paper (PaperID, Title, Year, MDate, Key, DOI) VALUES (598, 'UTACLIR @ CLEF 2001: New Features for Handling Compound Words and Untranslatable Proper Names.', 2001, '2014-08-15', 'conf/clef/HedlundKPAJ01a', 'http://ceur-ws.org/Vol-1167/CLEF2001wn-adhoc-HedlundEt2001.pdf');
INSERT INTO Write (AuthorID, PaperID) VALUES (215, 598);
INSERT INTO Paper (PaperID, Title, Year, MDate, Key, DOI) VALUES (797, 'Bilingual Tests with Swedish, Finnish and German Queries.', 2000, '2014-08-15', 'conf/clef/HedlundKPSJ00a', 'http://ceur-ws.org/Vol-1166/CLEF2000wn-adhoc-HedlundEt2000.pdf');
INSERT INTO Write (AuthorID, PaperID) VALUES (215, 797);
INSERT INTO Paper (PaperID, Title, Year, MDate, Key, DOI) VALUES (1161, 'Multilingual Experiments of UTA at CLEF 2003: The Impact of Different Merging Strategies and Word Normalizing Tools.', 2003, '2014-08-15', 'conf/clef/AirioKHP03a', 'http://ceur-ws.org/Vol-1169/CLEF2003wn-adhoc-AirioEt2003.pdf');
INSERT INTO Write (AuthorID, PaperID) VALUES (215, 1161);
INSERT INTO Write (AuthorID, PaperID) VALUES (215, 2014);
INSERT INTO Write (AuthorID, PaperID) VALUES (215, 2268);
INSERT INTO Paper (PaperID, Title, Year, MDate, Key, DOI) VALUES (2332, 'Utaclir @ CLEF 2001 - Effects of Compound Splitting and N-Gram Techniques.', 2001, '2017-05-24', 'conf/clef/HedlundKPAJ01', 'https://doi.org/10.1007/3-540-45691-0_10');
INSERT INTO Write (AuthorID, PaperID) VALUES (215, 2332);
INSERT INTO Paper (PaperID, Title, Year, MDate, Key, DOI) VALUES (3271, 'Bilingual and Multilingual Runs with a Unified Process.', 2002, '2017-05-24', 'conf/clef/AirioKHP02', 'https://doi.org/10.1007/978-3-540-45237-9_7');
INSERT INTO Write (AuthorID, PaperID) VALUES (215, 3271);
INSERT INTO Paper (PaperID, Title, Year, MDate, Key, DOI) VALUES (3489, 'The Impact of Word Normalization Methods and Merging Strategies on Multilingual IR.', 2003, '2017-05-24', 'conf/clef/AirioKHP03', 'https://doi.org/10.1007/978-3-540-30222-3_7');
INSERT INTO Write (AuthorID, PaperID) VALUES (215, 3489);
INSERT INTO Author (AuthorID, Name) VALUES (216, 'Farhad Oroumchian');
INSERT INTO Paper (PaperID, Title, Year, MDate, Key, DOI) VALUES (523, 'Cross Language Experiments at Persian@CLEF 2008.', 2008, '2014-09-29', 'conf/clef/AleAhmadKZRO08a', 'http://ceur-ws.org/Vol-1174/CLEF2008wn-adhoc-AleAhmadEt2008.pdf');
INSERT INTO Write (AuthorID, PaperID) VALUES (216, 523);
INSERT INTO Paper (PaperID, Title, Year, MDate, Key, DOI) VALUES (546, 'Tweet Expansion Method for Filtering Task in Twitter.', 2015, '2017-05-24', 'conf/clef/KarisaniOR15', 'https://doi.org/10.1007/978-3-319-24027-5_5');
INSERT INTO Write (AuthorID, PaperID) VALUES (216, 546);
INSERT INTO Paper (PaperID, Title, Year, MDate, Key, DOI) VALUES (1021, 'Cross Language Experiments at Persian@CLEF 2008.', 2008, '2017-05-24', 'conf/clef/AleAhmadKZRO08', 'https://doi.org/10.1007/978-3-642-04447-2_12');
INSERT INTO Write (AuthorID, PaperID) VALUES (216, 1021);
INSERT INTO Paper (PaperID, Title, Year, MDate, Key, DOI) VALUES (1523, 'University of Tehran at RepLab 2014.', 2014, '2014-09-10', 'conf/clef/AleAhmadKRO14', 'http://ceur-ws.org/Vol-1180/CLEF2014wn-Rep-AleahmadEt2014.pdf');
INSERT INTO Write (AuthorID, PaperID) VALUES (216, 1523);
INSERT INTO Paper (PaperID, Title, Year, MDate, Key, DOI) VALUES (1909, 'Using Part of Speech Tagging in Persian Information Retrieval.', 2008, '2014-09-29', 'conf/clef/KarimpourGPMAAO08a', 'http://ceur-ws.org/Vol-1174/CLEF2008wn-adhoc-KarimpourEt2008.pdf');
INSERT INTO Write (AuthorID, PaperID) VALUES (216, 1909);
INSERT INTO Paper (PaperID, Title, Year, MDate, Key, DOI) VALUES (2320, 'Using Human Plausible Reasoning as a Framework for Multilingual Information Filtering.', 2009, '2014-09-29', 'conf/clef/DamankeshSJSO09', 'http://ceur-ws.org/Vol-1175/CLEF2009wn-INFILE-DamankeshEt2009.pdf');
INSERT INTO Write (AuthorID, PaperID) VALUES (216, 2320);
INSERT INTO Paper (PaperID, Title, Year, MDate, Key, DOI) VALUES (2567, 'Multilingual Information Filtering by Human Plausible Reasoning.', 2009, '2017-06-02', 'conf/clef/DamankeshOS09', 'https://doi.org/10.1007/978-3-642-15754-7_44');
INSERT INTO Write (AuthorID, PaperID) VALUES (216, 2567);
INSERT INTO Paper (PaperID, Title, Year, MDate, Key, DOI) VALUES (2684, 'Fusion of Retrieval Models at CLEF 2008 Ad Hoc Persian Track.', 2008, '2017-05-24', 'conf/clef/AghazadeDFRAAO08', 'https://doi.org/10.1007/978-3-642-04447-2_11');
INSERT INTO Write (AuthorID, PaperID) VALUES (216, 2684);
INSERT INTO Paper (PaperID, Title, Year, MDate, Key, DOI) VALUES (3344, 'Fusion of Retrieval Models at CLEF 2008 Ad-Hoc Persian Track.', 2008, '2014-09-29', 'conf/clef/AghazadeDFRAAO08a', 'http://ceur-ws.org/Vol-1174/CLEF2008wn-adhoc-AghazadeEt2008.pdf');
INSERT INTO Write (AuthorID, PaperID) VALUES (216, 3344);
INSERT INTO Paper (PaperID, Title, Year, MDate, Key, DOI) VALUES (3361, 'Improving Persian Information Retrieval Systems Using Stemming and Part of Speech Tagging.', 2008, '2017-05-24', 'conf/clef/KarimpourGPMAAO08', 'https://doi.org/10.1007/978-3-642-04447-2_10');
INSERT INTO Write (AuthorID, PaperID) VALUES (216, 3361);
INSERT INTO Author (AuthorID, Name) VALUES (217, 'Esa&uacute; Villatoro-Tello');
INSERT INTO Write (AuthorID, PaperID) VALUES (217, 28);
INSERT INTO Paper (PaperID, Title, Year, MDate, Key, DOI) VALUES (454, 'UAMCLyR at RepLab 2014: Author Profiling Task.', 2014, '2014-11-07', 'conf/clef/Villatoro-TelloRSJLR14', 'http://ceur-ws.org/Vol-1180/CLEF2014wn-Rep-VillatoroTelloEt2014.pdf');
INSERT INTO Write (AuthorID, PaperID) VALUES (217, 454);
INSERT INTO Write (AuthorID, PaperID) VALUES (217, 538);
INSERT INTO Paper (PaperID, Title, Year, MDate, Key, DOI) VALUES (862, 'UAM at INEX 2012 Relevance Feedback Track: Using a Probabilistic Method for Ranking Refinement.', 2012, '2014-09-24', 'conf/clef/Villatoro-TelloSJLR12', 'http://www.clef-initiative.eu/documents/71612/57910fef-2824-4945-a190-643f0934475a');
INSERT INTO Write (AuthorID, PaperID) VALUES (217, 862);
INSERT INTO Write (AuthorID, PaperID) VALUES (217, 1178);
INSERT INTO Write (AuthorID, PaperID) VALUES (217, 1234);
INSERT INTO Paper (PaperID, Title, Year, MDate, Key, DOI) VALUES (1627, 'Profile-based Approach for Age and Gender Identification.', 2016, '2016-08-11', 'conf/clef/UcelayVFCERV16', 'http://ceur-ws.org/Vol-1609/16090864.pdf');
INSERT INTO Write (AuthorID, PaperID) VALUES (217, 1627);
INSERT INTO Paper (PaperID, Title, Year, MDate, Key, DOI) VALUES (1844, 'UAM''s Participation at CLEF eRisk 2017 task: Towards Modelling Depressed Blogers.', 2017, '2017-08-15', 'conf/clef/Villatoro-Tello17', 'http://ceur-ws.org/Vol-1866/paper_113.pdf');
INSERT INTO Write (AuthorID, PaperID) VALUES (217, 1844);
INSERT INTO Write (AuthorID, PaperID) VALUES (217, 2339);
INSERT INTO Write (AuthorID, PaperID) VALUES (217, 3301);
INSERT INTO Author (AuthorID, Name) VALUES (218, 'Hugo C. Huurdeman');
INSERT INTO Write (AuthorID, PaperID) VALUES (218, 232);
INSERT INTO Write (AuthorID, PaperID) VALUES (218, 429);
INSERT INTO Write (AuthorID, PaperID) VALUES (218, 1245);
INSERT INTO Write (AuthorID, PaperID) VALUES (218, 1546);
INSERT INTO Write (AuthorID, PaperID) VALUES (218, 2447);
INSERT INTO Write (AuthorID, PaperID) VALUES (218, 2460);
INSERT INTO Write (AuthorID, PaperID) VALUES (218, 2542);
INSERT INTO Write (AuthorID, PaperID) VALUES (218, 2939);
INSERT INTO Write (AuthorID, PaperID) VALUES (218, 3247);
INSERT INTO Write (AuthorID, PaperID) VALUES (218, 3370);
INSERT INTO Author (AuthorID, Name) VALUES (219, 'Matteo Negri');
INSERT INTO Write (AuthorID, PaperID) VALUES (219, 24);
INSERT INTO Write (AuthorID, PaperID) VALUES (219, 139);
INSERT INTO Write (AuthorID, PaperID) VALUES (219, 195);
INSERT INTO Write (AuthorID, PaperID) VALUES (219, 397);
INSERT INTO Write (AuthorID, PaperID) VALUES (219, 515);
INSERT INTO Write (AuthorID, PaperID) VALUES (219, 541);
INSERT INTO Write (AuthorID, PaperID) VALUES (219, 570);
INSERT INTO Write (AuthorID, PaperID) VALUES (219, 1525);
INSERT INTO Write (AuthorID, PaperID) VALUES (219, 2335);
INSERT INTO Author (AuthorID, Name) VALUES (220, 'Jos&eacute; Carlos Gonz&aacute;lez');
INSERT INTO Write (AuthorID, PaperID) VALUES (220, 39);
INSERT INTO Write (AuthorID, PaperID) VALUES (220, 498);
INSERT INTO Write (AuthorID, PaperID) VALUES (220, 1925);
INSERT INTO Write (AuthorID, PaperID) VALUES (220, 1941);
INSERT INTO Write (AuthorID, PaperID) VALUES (220, 1996);
INSERT INTO Write (AuthorID, PaperID) VALUES (220, 2633);
INSERT INTO Write (AuthorID, PaperID) VALUES (220, 3372);
INSERT INTO Write (AuthorID, PaperID) VALUES (220, 3433);
INSERT INTO Write (AuthorID, PaperID) VALUES (220, 3488);
INSERT INTO Author (AuthorID, Name) VALUES (221, 'Christoph M. Friedrich');
INSERT INTO Paper (PaperID, Title, Year, MDate, Key, DOI) VALUES (245, 'Optimized Convolutional Neural Network Ensembles for Medical Subfigure Classification.', 2017, '2018-11-14', 'conf/clef/KoitkaF17', 'https://www.wikidata.org/entity/Q57711941');
INSERT INTO Write (AuthorID, PaperID) VALUES (221, 245);
INSERT INTO Paper (PaperID, Title, Year, MDate, Key, DOI) VALUES (677, 'Recognizing Bird Species in Audio Files Using Transfer Learning.', 2017, '2017-08-15', 'conf/clef/FritzlerKF17', 'http://ceur-ws.org/Vol-1866/paper_169.pdf');
INSERT INTO Write (AuthorID, PaperID) VALUES (221, 677);
INSERT INTO Paper (PaperID, Title, Year, MDate, Key, DOI) VALUES (1190, 'Word Embeddings and Linguistic Metadata at the CLEF 2018 Tasks for Early Detection of Depression and Anorexia.', 2018, '2018-08-08', 'conf/clef/TrotzekKF18', 'http://ceur-ws.org/Vol-2125/paper_68.pdf');
INSERT INTO Write (AuthorID, PaperID) VALUES (221, 1190);
INSERT INTO Paper (PaperID, Title, Year, MDate, Key, DOI) VALUES (1404, 'Improving Model Performance for Plant Image Classification With Filtered Noisy Images.', 2017, '2017-08-15', 'conf/clef/LudwigPKRKF17', 'http://ceur-ws.org/Vol-1866/paper_168.pdf');
INSERT INTO Write (AuthorID, PaperID) VALUES (221, 1404);
INSERT INTO Paper (PaperID, Title, Year, MDate, Key, DOI) VALUES (1710, 'Early Detection of Depression Based on Linguistic Metadata Augmented Classifiers Revisited - Best of the eRisk Lab Submission.', 2017, '2018-11-14', 'conf/clef/TrotzekKF17a', 'https://www.wikidata.org/entity/Q57711932');
INSERT INTO Write (AuthorID, PaperID) VALUES (221, 1710);
INSERT INTO Paper (PaperID, Title, Year, MDate, Key, DOI) VALUES (2291, 'Traditional Feature Engineering and Deep Learning Approaches at Medical Classification Task of ImageCLEF 2016.', 2016, '2016-08-11', 'conf/clef/KoitkaF16', 'http://ceur-ws.org/Vol-1609/16090304.pdf');
INSERT INTO Write (AuthorID, PaperID) VALUES (221, 2291);
INSERT INTO Paper (PaperID, Title, Year, MDate, Key, DOI) VALUES (3424, 'Linguistic Metadata Augmented Classifiers at the CLEF 2017 Task for Early Detection of Depression.', 2017, '2017-08-15', 'conf/clef/TrotzekKF17', 'http://ceur-ws.org/Vol-1866/paper_54.pdf');
INSERT INTO Write (AuthorID, PaperID) VALUES (221, 3424);
INSERT INTO Paper (PaperID, Title, Year, MDate, Key, DOI) VALUES (3463, 'Keyword Generation for Biomedical Image Retrieval with Recurrent Neural Networks.', 2017, '2017-08-15', 'conf/clef/PelkaF17', 'http://ceur-ws.org/Vol-1866/paper_137.pdf');
INSERT INTO Write (AuthorID, PaperID) VALUES (221, 3463);
INSERT INTO Paper (PaperID, Title, Year, MDate, Key, DOI) VALUES (3518, 'FHDO Biomedical Computer Science Group at Medical Classification Task of ImageCLEF 2015.', 2015, '2015-09-03', 'conf/clef/PelkaF15', 'http://ceur-ws.org/Vol-1391/14-CR.pdf');
INSERT INTO Write (AuthorID, PaperID) VALUES (221, 3518);
INSERT INTO Author (AuthorID, Name) VALUES (222, 'Jos&eacute; Saias');
INSERT INTO Write (AuthorID, PaperID) VALUES (222, 161);
INSERT INTO Write (AuthorID, PaperID) VALUES (222, 420);
INSERT INTO Write (AuthorID, PaperID) VALUES (222, 442);
INSERT INTO Write (AuthorID, PaperID) VALUES (222, 639);
INSERT INTO Write (AuthorID, PaperID) VALUES (222, 1029);
INSERT INTO Write (AuthorID, PaperID) VALUES (222, 2905);
INSERT INTO Write (AuthorID, PaperID) VALUES (222, 3047);
INSERT INTO Paper (PaperID, Title, Year, MDate, Key, DOI) VALUES (3130, 'In Search of Reputation Assessment: Experiences with Polarity Classification in RepLab 2013.', 2013, '2014-09-10', 'conf/clef/Saias13', 'http://ceur-ws.org/Vol-1179/CLEF2013wn-RepLab-Saias2013.pdf');
INSERT INTO Write (AuthorID, PaperID) VALUES (222, 3130);
INSERT INTO Write (AuthorID, PaperID) VALUES (222, 3452);
INSERT INTO Author (AuthorID, Name) VALUES (223, 'Michael Preminger');
INSERT INTO Write (AuthorID, PaperID) VALUES (223, 378);
INSERT INTO Paper (PaperID, Title, Year, MDate, Key, DOI) VALUES (1043, 'OUC''s Participation in the 2012 INEX Book and Linked-Data Tracks.', 2012, '2014-09-24', 'conf/clef/PremingerNMP12', 'http://www.clef-initiative.eu/documents/71612/d4482924-0bd8-47c6-91d5-de756a45874d');
INSERT INTO Write (AuthorID, PaperID) VALUES (223, 1043);
INSERT INTO Write (AuthorID, PaperID) VALUES (223, 1438);
INSERT INTO Paper (PaperID, Title, Year, MDate, Key, DOI) VALUES (1468, 'OAUC''s participation in the CLEF2015 SBS Search Suggestion Track.', 2015, '2015-09-03', 'conf/clef/FuglebergP15', 'http://ceur-ws.org/Vol-1391/140-CR.pdf');
INSERT INTO Write (AuthorID, PaperID) VALUES (223, 1468);
INSERT INTO Paper (PaperID, Title, Year, MDate, Key, DOI) VALUES (2434, 'OAUC at CLEF2016 SBS Lab: Using Appeal Elements to Improve Automatic Book Recommendation - Proof of Concept.', 2016, '2016-08-11', 'conf/clef/PremingerF16', 'http://ceur-ws.org/Vol-1609/16091145.pdf');
INSERT INTO Write (AuthorID, PaperID) VALUES (223, 2434);
INSERT INTO Write (AuthorID, PaperID) VALUES (223, 2460);
INSERT INTO Write (AuthorID, PaperID) VALUES (223, 2584);
INSERT INTO Write (AuthorID, PaperID) VALUES (223, 3458);
INSERT INTO Paper (PaperID, Title, Year, MDate, Key, DOI) VALUES (3481, 'OUC''s Participation in the 2012 INEX Book and Linked-Data Tracks.', 2013, '2014-09-10', 'conf/clef/PremingerM13', 'http://ceur-ws.org/Vol-1179/CLEF2013wn-INEX-PremingerEt2013.pdf');
INSERT INTO Write (AuthorID, PaperID) VALUES (223, 3481);
INSERT INTO Author (AuthorID, Name) VALUES (224, 'Sabrina Tollari');
INSERT INTO Write (AuthorID, PaperID) VALUES (224, 27);
INSERT INTO Write (AuthorID, PaperID) VALUES (224, 172);
INSERT INTO Write (AuthorID, PaperID) VALUES (224, 256);
INSERT INTO Write (AuthorID, PaperID) VALUES (224, 722);
INSERT INTO Write (AuthorID, PaperID) VALUES (224, 1013);
INSERT INTO Write (AuthorID, PaperID) VALUES (224, 1445);
INSERT INTO Write (AuthorID, PaperID) VALUES (224, 1833);
INSERT INTO Write (AuthorID, PaperID) VALUES (224, 2263);
INSERT INTO Write (AuthorID, PaperID) VALUES (224, 2734);
INSERT INTO Author (AuthorID, Name) VALUES (225, 'Ari Pirkola');
INSERT INTO Write (AuthorID, PaperID) VALUES (225, 325);
INSERT INTO Write (AuthorID, PaperID) VALUES (225, 478);
INSERT INTO Write (AuthorID, PaperID) VALUES (225, 598);
INSERT INTO Write (AuthorID, PaperID) VALUES (225, 797);
INSERT INTO Write (AuthorID, PaperID) VALUES (225, 1161);
INSERT INTO Write (AuthorID, PaperID) VALUES (225, 2268);
INSERT INTO Write (AuthorID, PaperID) VALUES (225, 2332);
INSERT INTO Write (AuthorID, PaperID) VALUES (225, 3271);
INSERT INTO Write (AuthorID, PaperID) VALUES (225, 3489);
INSERT INTO Author (AuthorID, Name) VALUES (226, 'Robert Planqu&eacute;');
INSERT INTO Write (AuthorID, PaperID) VALUES (226, 2);
INSERT INTO Write (AuthorID, PaperID) VALUES (226, 596);
INSERT INTO Write (AuthorID, PaperID) VALUES (226, 1140);
INSERT INTO Write (AuthorID, PaperID) VALUES (226, 1180);
INSERT INTO Write (AuthorID, PaperID) VALUES (226, 1370);
INSERT INTO Write (AuthorID, PaperID) VALUES (226, 1408);
INSERT INTO Write (AuthorID, PaperID) VALUES (226, 1522);
INSERT INTO Write (AuthorID, PaperID) VALUES (226, 1876);
INSERT INTO Write (AuthorID, PaperID) VALUES (226, 2402);
INSERT INTO Author (AuthorID, Name) VALUES (227, 'Iryna Gurevych');
INSERT INTO Paper (PaperID, Title, Year, MDate, Key, DOI) VALUES (8, 'Using Wikipedia and Wiktionary in Domain-Specific Information Retrieval.', 2008, '2014-09-29', 'conf/clef/MullerG08a', 'http://ceur-ws.org/Vol-1174/CLEF2008wn-DomainSpecific-MullerEt2008.pdf');
INSERT INTO Write (AuthorID, PaperID) VALUES (227, 8);
INSERT INTO Paper (PaperID, Title, Year, MDate, Key, DOI) VALUES (763, 'Using Wikipedia and Wiktionary in Domain-Specific Information Retrieval.', 2008, '2017-05-24', 'conf/clef/MullerG08', 'https://doi.org/10.1007/978-3-642-04447-2_28');
INSERT INTO Write (AuthorID, PaperID) VALUES (227, 763);
INSERT INTO Paper (PaperID, Title, Year, MDate, Key, DOI) VALUES (898, 'Combining Probabilistic and Translation-Based Models for Information Retrieval based on Word Sense Annotations.', 2009, '2014-09-29', 'conf/clef/WolfBG09a', 'http://ceur-ws.org/Vol-1175/CLEF2009wn-adhoc-WolfEt2009.pdf');
INSERT INTO Write (AuthorID, PaperID) VALUES (227, 898);
INSERT INTO Paper (PaperID, Title, Year, MDate, Key, DOI) VALUES (1355, 'Can We Hide in the Web? Large Scale Simultaneous Age and Gender Author Profiling in Social Media Notebook for PAN at CLEF 2013.', 2013, '2014-09-10', 'conf/clef/FlekovaG13', 'http://ceur-ws.org/Vol-1179/CLEF2013wn-PAN-FlekovaEt2013.pdf');
INSERT INTO Write (AuthorID, PaperID) VALUES (227, 1355);
INSERT INTO Paper (PaperID, Title, Year, MDate, Key, DOI) VALUES (1828, 'Combining Probabilistic and Translation-Based Models for Information Retrieval Based on Word Sense Annotations.', 2009, '2017-05-24', 'conf/clef/WolfBG09', 'https://doi.org/10.1007/978-3-642-15754-7_14');
INSERT INTO Write (AuthorID, PaperID) VALUES (227, 1828);
INSERT INTO Paper (PaperID, Title, Year, MDate, Key, DOI) VALUES (2708, 'FlawFinder: A Modular System for Predicting Quality Flaws in Wikipedia.', 2012, '2014-09-24', 'conf/clef/FerschkeGR12', 'http://www.clef-initiative.eu/documents/71612/b6e77c78-8ed3-4943-bca5-660ff767ea58');
INSERT INTO Write (AuthorID, PaperID) VALUES (227, 2708);
INSERT INTO Paper (PaperID, Title, Year, MDate, Key, DOI) VALUES (2932, 'Solving Open-Domain Multiple Choice Questions with Textual Entailment and Text Similarity Measures.', 2014, '2014-09-10', 'conf/clef/DhruvaFG14', 'http://ceur-ws.org/Vol-1180/CLEF2014wn-QA-DhruvaEt2014.pdf');
INSERT INTO Write (AuthorID, PaperID) VALUES (227, 2932);
INSERT INTO Paper (PaperID, Title, Year, MDate, Key, DOI) VALUES (3329, 'Prior Art Search using International Patent Classification Codes and All-Claims-Queries.', 2009, '2014-09-29', 'conf/clef/SzarvasHG09', 'http://ceur-ws.org/Vol-1175/CLEF2009wn-CLEFIP-SzarvasEt2009.pdf');
INSERT INTO Write (AuthorID, PaperID) VALUES (227, 3329);
INSERT INTO Paper (PaperID, Title, Year, MDate, Key, DOI) VALUES (3384, 'Prior Art Search Using International Patent Classification Codes and All-Claims-Queries.', 2009, '2017-05-24', 'conf/clef/HerbertSG09', 'https://doi.org/10.1007/978-3-642-15754-7_54');
INSERT INTO Write (AuthorID, PaperID) VALUES (227, 3384);
INSERT INTO Author (AuthorID, Name) VALUES (228, 'Herv&eacute; Le Borgne');
INSERT INTO Write (AuthorID, PaperID) VALUES (228, 332);
INSERT INTO Write (AuthorID, PaperID) VALUES (228, 447);
INSERT INTO Write (AuthorID, PaperID) VALUES (228, 480);
INSERT INTO Write (AuthorID, PaperID) VALUES (228, 1000);
INSERT INTO Write (AuthorID, PaperID) VALUES (228, 1224);
INSERT INTO Write (AuthorID, PaperID) VALUES (228, 1273);
INSERT INTO Write (AuthorID, PaperID) VALUES (228, 1576);
INSERT INTO Write (AuthorID, PaperID) VALUES (228, 2064);
INSERT INTO Write (AuthorID, PaperID) VALUES (228, 2566);
INSERT INTO Author (AuthorID, Name) VALUES (229, 'Thomas Martin Lehmann');
INSERT INTO Write (AuthorID, PaperID) VALUES (229, 992);
INSERT INTO Write (AuthorID, PaperID) VALUES (229, 1036);
INSERT INTO Write (AuthorID, PaperID) VALUES (229, 1197);
INSERT INTO Write (AuthorID, PaperID) VALUES (229, 1374);
INSERT INTO Write (AuthorID, PaperID) VALUES (229, 2009);
INSERT INTO Write (AuthorID, PaperID) VALUES (229, 2140);
INSERT INTO Write (AuthorID, PaperID) VALUES (229, 2482);
INSERT INTO Write (AuthorID, PaperID) VALUES (229, 2817);
INSERT INTO Write (AuthorID, PaperID) VALUES (229, 3297);
INSERT INTO Author (AuthorID, Name) VALUES (230, 'Dan Stefanescu');
INSERT INTO Write (AuthorID, PaperID) VALUES (230, 205);
INSERT INTO Write (AuthorID, PaperID) VALUES (230, 230);
INSERT INTO Write (AuthorID, PaperID) VALUES (230, 445);
INSERT INTO Write (AuthorID, PaperID) VALUES (230, 1020);
INSERT INTO Write (AuthorID, PaperID) VALUES (230, 2151);
INSERT INTO Write (AuthorID, PaperID) VALUES (230, 2347);
INSERT INTO Write (AuthorID, PaperID) VALUES (230, 2545);
INSERT INTO Write (AuthorID, PaperID) VALUES (230, 2845);
INSERT INTO Write (AuthorID, PaperID) VALUES (230, 3109);
INSERT INTO Author (AuthorID, Name) VALUES (231, 'Milen Kouylekov');
INSERT INTO Write (AuthorID, PaperID) VALUES (231, 24);
INSERT INTO Write (AuthorID, PaperID) VALUES (231, 61);
INSERT INTO Write (AuthorID, PaperID) VALUES (231, 139);
INSERT INTO Write (AuthorID, PaperID) VALUES (231, 195);
INSERT INTO Write (AuthorID, PaperID) VALUES (231, 397);
INSERT INTO Write (AuthorID, PaperID) VALUES (231, 515);
INSERT INTO Write (AuthorID, PaperID) VALUES (231, 541);
INSERT INTO Write (AuthorID, PaperID) VALUES (231, 570);
INSERT INTO Write (AuthorID, PaperID) VALUES (231, 1574);
INSERT INTO Author (AuthorID, Name) VALUES (232, 'Jes&uacute;s Herrera');
INSERT INTO Write (AuthorID, PaperID) VALUES (232, 399);
INSERT INTO Write (AuthorID, PaperID) VALUES (232, 1028);
INSERT INTO Write (AuthorID, PaperID) VALUES (232, 1337);
INSERT INTO Write (AuthorID, PaperID) VALUES (232, 1735);
INSERT INTO Write (AuthorID, PaperID) VALUES (232, 2325);
INSERT INTO Write (AuthorID, PaperID) VALUES (232, 2349);
INSERT INTO Write (AuthorID, PaperID) VALUES (232, 2836);
INSERT INTO Write (AuthorID, PaperID) VALUES (232, 2889);
INSERT INTO Write (AuthorID, PaperID) VALUES (232, 3175);
INSERT INTO Author (AuthorID, Name) VALUES (233, 'Georgiana Puscasu');
INSERT INTO Write (AuthorID, PaperID) VALUES (233, 110);
INSERT INTO Paper (PaperID, Title, Year, MDate, Key, DOI) VALUES (112, 'University of Alicante at WiQA 2006.', 2006, '2017-05-24', 'conf/clef/RuizPMIB06', 'https://doi.org/10.1007/978-3-540-74999-8_68');
INSERT INTO Write (AuthorID, PaperID) VALUES (233, 112);
INSERT INTO Paper (PaperID, Title, Year, MDate, Key, DOI) VALUES (268, 'University of Wolverhampton at CLEF 2007.', 2007, '2017-05-24', 'conf/clef/PuscasuO07', 'https://doi.org/10.1007/978-3-540-85760-0_36');
INSERT INTO Write (AuthorID, PaperID) VALUES (233, 268);
INSERT INTO Paper (PaperID, Title, Year, MDate, Key, DOI) VALUES (730, 'University of Wolverhampton at CLEF 2007.', 2007, '2014-09-23', 'conf/clef/PuscasuO07a', 'http://ceur-ws.org/Vol-1173/CLEF2007wn-QACLEF-OrasanEt2007.pdf');
INSERT INTO Write (AuthorID, PaperID) VALUES (233, 730);
INSERT INTO Paper (PaperID, Title, Year, MDate, Key, DOI) VALUES (1239, 'University of Alicante at WiQA 2006.', 2006, '2014-08-15', 'conf/clef/RuizPMIB06a', 'http://ceur-ws.org/Vol-1172/CLEF2006wn-QACLEF-RuizEt2006.pdf');
INSERT INTO Write (AuthorID, PaperID) VALUES (233, 1239);
INSERT INTO Write (AuthorID, PaperID) VALUES (233, 2347);
INSERT INTO Write (AuthorID, PaperID) VALUES (233, 2545);
INSERT INTO Paper (PaperID, Title, Year, MDate, Key, DOI) VALUES (2879, 'A High Precision Information Retrieval Method for WiQA.', 2006, '2017-05-24', 'conf/clef/OrasanP06', 'https://doi.org/10.1007/978-3-540-74999-8_69');
INSERT INTO Write (AuthorID, PaperID) VALUES (233, 2879);
INSERT INTO Paper (PaperID, Title, Year, MDate, Key, DOI) VALUES (3050, 'A High Precision Information Retrieval Method for WiQA.', 2006, '2014-08-15', 'conf/clef/OrasanP06a', 'http://ceur-ws.org/Vol-1172/CLEF2006wn-QACLEF-OrasanEt2006.pdf');
INSERT INTO Write (AuthorID, PaperID) VALUES (233, 3050);
INSERT INTO Author (AuthorID, Name) VALUES (234, 'Jes&uacute;s Vilares');
INSERT INTO Paper (PaperID, Title, Year, MDate, Key, DOI) VALUES (128, 'CoLesIR at CLEF 2006: Rapid Prototyping of an N-gram-Based CLIR System.', 2006, '2014-08-15', 'conf/clef/VilaresOT06a', 'http://ceur-ws.org/Vol-1172/CLEF2006wn-adhoc-VilaresEt2006.pdf');
INSERT INTO Write (AuthorID, PaperID) VALUES (234, 128);
INSERT INTO Paper (PaperID, Title, Year, MDate, Key, DOI) VALUES (1533, 'COLE Experiments at CLEF 2003: Spanish Monolingual Track.', 2003, '2014-08-15', 'conf/clef/VilaresAR03a', 'http://ceur-ws.org/Vol-1169/CLEF2003wn-adhoc-VillaresEt2003.pdf');
INSERT INTO Write (AuthorID, PaperID) VALUES (234, 1533);
INSERT INTO Paper (PaperID, Title, Year, MDate, Key, DOI) VALUES (1558, 'COLE Experiments at CLEF 2003 in the Spanish Monolingual Track.', 2003, '2017-05-24', 'conf/clef/VilaresAR03', 'https://doi.org/10.1007/978-3-540-30222-3_33');
INSERT INTO Write (AuthorID, PaperID) VALUES (234, 1558);
INSERT INTO Paper (PaperID, Title, Year, MDate, Key, DOI) VALUES (1617, 'English-to-French CLIR: A Knowledge-Light Approach through Character N-Grams Alignment.', 2007, '2017-05-24', 'conf/clef/VilaresOV07', 'https://doi.org/10.1007/978-3-540-85760-0_20');
INSERT INTO Write (AuthorID, PaperID) VALUES (234, 1617);
INSERT INTO Paper (PaperID, Title, Year, MDate, Key, DOI) VALUES (1924, 'COLE Experiments at CLEF 2002: Spanish Monolingual Track.', 2002, '2014-08-15', 'conf/clef/VilaresARF02a', 'http://ceur-ws.org/Vol-1168/CLEF2002wn-adhoc-VilaresEt2002.pdf');
INSERT INTO Write (AuthorID, PaperID) VALUES (234, 1924);
INSERT INTO Paper (PaperID, Title, Year, MDate, Key, DOI) VALUES (2158, 'A First Approach to CLIR Using Character <i>N</i> -Grams Alignment.', 2006, '2017-05-24', 'conf/clef/VilaresOT06', 'https://doi.org/10.1007/978-3-540-74999-8_15');
INSERT INTO Write (AuthorID, PaperID) VALUES (234, 2158);
INSERT INTO Paper (PaperID, Title, Year, MDate, Key, DOI) VALUES (2771, 'CoLesIR at CLEF 2007: from English to French via Character N-Grams.', 2007, '2014-09-23', 'conf/clef/VilaresOF07', 'http://ceur-ws.org/Vol-1173/CLEF2007wn-adhoc-VilaresEt2007.pdf');
INSERT INTO Write (AuthorID, PaperID) VALUES (234, 2771);
INSERT INTO Paper (PaperID, Title, Year, MDate, Key, DOI) VALUES (3317, 'LyS at CLEF RepLab 2014: Creating the State of the Art in Author Influence Ranking and Reputation Classification on Twitter.', 2014, '2014-09-23', 'conf/clef/VilaresHAGV14', 'http://ceur-ws.org/Vol-1180/CLEF2014wn-Rep-VilaresEt2014.pdf');
INSERT INTO Write (AuthorID, PaperID) VALUES (234, 3317);
INSERT INTO Paper (PaperID, Title, Year, MDate, Key, DOI) VALUES (3364, 'COLE Experiments in the CLEF 2002 Spanish Monolingual Track.', 2002, '2017-05-24', 'conf/clef/VilaresARF02', 'https://doi.org/10.1007/978-3-540-45237-9_22');
INSERT INTO Write (AuthorID, PaperID) VALUES (234, 3364);
INSERT INTO Author (AuthorID, Name) VALUES (235, 'Julio Villena');
INSERT INTO Write (AuthorID, PaperID) VALUES (235, 39);
INSERT INTO Write (AuthorID, PaperID) VALUES (235, 501);
INSERT INTO Write (AuthorID, PaperID) VALUES (235, 784);
INSERT INTO Write (AuthorID, PaperID) VALUES (235, 1094);
INSERT INTO Write (AuthorID, PaperID) VALUES (235, 1596);
INSERT INTO Write (AuthorID, PaperID) VALUES (235, 1941);
INSERT INTO Write (AuthorID, PaperID) VALUES (235, 1996);
INSERT INTO Write (AuthorID, PaperID) VALUES (235, 2525);
INSERT INTO Write (AuthorID, PaperID) VALUES (235, 2633);
INSERT INTO Author (AuthorID, Name) VALUES (236, 'Edgar Meij');
INSERT INTO Write (AuthorID, PaperID) VALUES (236, 299);
INSERT INTO Write (AuthorID, PaperID) VALUES (236, 505);
INSERT INTO Write (AuthorID, PaperID) VALUES (236, 780);
INSERT INTO Write (AuthorID, PaperID) VALUES (236, 956);
INSERT INTO Write (AuthorID, PaperID) VALUES (236, 1128);
INSERT INTO Write (AuthorID, PaperID) VALUES (236, 1353);
INSERT INTO Write (AuthorID, PaperID) VALUES (236, 2548);
INSERT INTO Write (AuthorID, PaperID) VALUES (236, 2648);
INSERT INTO Write (AuthorID, PaperID) VALUES (236, 2931);
INSERT INTO Author (AuthorID, Name) VALUES (237, 'Florina Piroi');
INSERT INTO Write (AuthorID, PaperID) VALUES (237, 134);
INSERT INTO Write (AuthorID, PaperID) VALUES (237, 274);
INSERT INTO Write (AuthorID, PaperID) VALUES (237, 882);
INSERT INTO Paper (PaperID, Title, Year, MDate, Key, DOI) VALUES (1664, 'CLEF-IP 2009: Retrieval Experiments in the Intellectual Property Domain.', 2009, '2014-09-29', 'conf/clef/RodaTPZ09a', 'http://ceur-ws.org/Vol-1175/CLEF2009wn-CLEFIP-RodaEt2009.pdf');
INSERT INTO Write (AuthorID, PaperID) VALUES (237, 1664);
INSERT INTO Paper (PaperID, Title, Year, MDate, Key, DOI) VALUES (1964, 'CLEF-IP 2010: Retrieval Experiments in the Intellectual Property Domain.', 2010, '2014-09-24', 'conf/clef/Piroi10', 'http://www.clef-initiative.eu/documents/71612/86374/CLEF2010wn-CLEF-IP-PiroiEt2010.pdf');
INSERT INTO Write (AuthorID, PaperID) VALUES (237, 1964);
INSERT INTO Write (AuthorID, PaperID) VALUES (237, 2896);
INSERT INTO Write (AuthorID, PaperID) VALUES (237, 3213);
INSERT INTO Write (AuthorID, PaperID) VALUES (237, 3256);
INSERT INTO Paper (PaperID, Title, Year, MDate, Key, DOI) VALUES (3412, 'CLEF-IP 2009: Retrieval Experiments in the Intellectual Property Domain.', 2009, '2017-06-15', 'conf/clef/RodaTPZ09', 'https://doi.org/10.1007/978-3-642-15754-7_47');
INSERT INTO Write (AuthorID, PaperID) VALUES (237, 3412);
INSERT INTO Author (AuthorID, Name) VALUES (238, 'Matthias Hagen');
INSERT INTO Write (AuthorID, PaperID) VALUES (238, 323);
INSERT INTO Write (AuthorID, PaperID) VALUES (238, 552);
INSERT INTO Write (AuthorID, PaperID) VALUES (238, 661);
INSERT INTO Write (AuthorID, PaperID) VALUES (238, 1227);
INSERT INTO Write (AuthorID, PaperID) VALUES (238, 1580);
INSERT INTO Paper (PaperID, Title, Year, MDate, Key, DOI) VALUES (1990, 'Supporting More-Like-This Information Needs: Finding Similar Web Content in Different Scenarios.', 2014, '2017-05-24', 'conf/clef/HagenG14', 'https://doi.org/10.1007/978-3-319-11382-1_6');
INSERT INTO Write (AuthorID, PaperID) VALUES (238, 1990);
INSERT INTO Write (AuthorID, PaperID) VALUES (238, 2113);
INSERT INTO Write (AuthorID, PaperID) VALUES (238, 2719);
INSERT INTO Write (AuthorID, PaperID) VALUES (238, 3276);
INSERT INTO Author (AuthorID, Name) VALUES (239, 'Radu Ion');
INSERT INTO Write (AuthorID, PaperID) VALUES (239, 205);
INSERT INTO Write (AuthorID, PaperID) VALUES (239, 230);
INSERT INTO Write (AuthorID, PaperID) VALUES (239, 445);
INSERT INTO Write (AuthorID, PaperID) VALUES (239, 1020);
INSERT INTO Write (AuthorID, PaperID) VALUES (239, 2151);
INSERT INTO Write (AuthorID, PaperID) VALUES (239, 2347);
INSERT INTO Write (AuthorID, PaperID) VALUES (239, 2545);
INSERT INTO Write (AuthorID, PaperID) VALUES (239, 2845);
INSERT INTO Write (AuthorID, PaperID) VALUES (239, 3109);
INSERT INTO Author (AuthorID, Name) VALUES (240, 'Olivier Ferret');
INSERT INTO Write (AuthorID, PaperID) VALUES (240, 881);
INSERT INTO Write (AuthorID, PaperID) VALUES (240, 957);
INSERT INTO Write (AuthorID, PaperID) VALUES (240, 1220);
INSERT INTO Write (AuthorID, PaperID) VALUES (240, 1674);
INSERT INTO Write (AuthorID, PaperID) VALUES (240, 1812);
INSERT INTO Write (AuthorID, PaperID) VALUES (240, 1939);
INSERT INTO Write (AuthorID, PaperID) VALUES (240, 1940);
INSERT INTO Write (AuthorID, PaperID) VALUES (240, 2371);
INSERT INTO Write (AuthorID, PaperID) VALUES (240, 3077);
INSERT INTO Author (AuthorID, Name) VALUES (241, 'Damiano Spina');
INSERT INTO Write (AuthorID, PaperID) VALUES (241, 299);
INSERT INTO Write (AuthorID, PaperID) VALUES (241, 505);
INSERT INTO Write (AuthorID, PaperID) VALUES (241, 1081);
INSERT INTO Write (AuthorID, PaperID) VALUES (241, 1896);
INSERT INTO Write (AuthorID, PaperID) VALUES (241, 2648);
INSERT INTO Write (AuthorID, PaperID) VALUES (241, 2931);
INSERT INTO Write (AuthorID, PaperID) VALUES (241, 3039);
INSERT INTO Write (AuthorID, PaperID) VALUES (241, 3096);
INSERT INTO Write (AuthorID, PaperID) VALUES (241, 3244);
INSERT INTO Author (AuthorID, Name) VALUES (242, 'Hichem Sahbi');
INSERT INTO Paper (PaperID, Title, Year, MDate, Key, DOI) VALUES (304, 'CNRS TELECOM ParisTech at ImageCLEF 2016 Scalable Concept Image Annotation Task: Overcoming the Scarcity of Training Data.', 2016, '2016-08-11', 'conf/clef/Sahbi16', 'http://ceur-ws.org/Vol-1609/16090371.pdf');
INSERT INTO Write (AuthorID, PaperID) VALUES (242, 304);
INSERT INTO Paper (PaperID, Title, Year, MDate, Key, DOI) VALUES (443, 'TELECOM ParisTech at ImageCLEF 2010 Photo Annotation Task: Combining Tags and Visual Features for Learning-Based Image Annotation.', 2010, '2017-10-18', 'conf/clef/SahbiL10', 'http://www.clef-initiative.eu/documents/71612/86374/CLEF2010wn-ImageCLEF-SahbiEt2010.pdf');
INSERT INTO Write (AuthorID, PaperID) VALUES (242, 443);
INSERT INTO Paper (PaperID, Title, Year, MDate, Key, DOI) VALUES (558, 'CNRS - TELECOM ParisTech at ImageCLEF 2013 Scalable Concept Image Annotation Task: Winning Annotations with Context Dependent SVMs.', 2013, '2014-09-10', 'conf/clef/Sahbi13', 'http://ceur-ws.org/Vol-1179/CLEF2013wn-ImageCLEF-Sahbi2013.pdf');
INSERT INTO Write (AuthorID, PaperID) VALUES (242, 558);
INSERT INTO Paper (PaperID, Title, Year, MDate, Key, DOI) VALUES (660, 'CNRS TELECOM ParisTech at ImageCLEF 2015 Scalable Concept Image Annotation Task: Concept Detection with Blind Localization Proposals.', 2015, '2015-09-03', 'conf/clef/Sahbi15', 'http://ceur-ws.org/Vol-1391/33-CR.pdf');
INSERT INTO Write (AuthorID, PaperID) VALUES (242, 660);
INSERT INTO Write (AuthorID, PaperID) VALUES (242, 1013);
INSERT INTO Paper (PaperID, Title, Year, MDate, Key, DOI) VALUES (1511, 'TELECOMParisTech at ImageClefphoto 2008: Bi-Modal Text and Image Retrieval with Diversity Enhancement.', 2008, '2014-09-29', 'conf/clef/FerecatuS08', 'http://ceur-ws.org/Vol-1174/CLEF2008wn-ImageCLEF-FerecatuEt2008.pdf');
INSERT INTO Write (AuthorID, PaperID) VALUES (242, 1511);
INSERT INTO Paper (PaperID, Title, Year, MDate, Key, DOI) VALUES (1611, 'TELECOM ParisTech at ImageClef 2009: Large Scale Visual Concept Detection and Annotation Task.', 2009, '2014-09-29', 'conf/clef/FerecatuS09', 'http://ceur-ws.org/Vol-1175/CLEF2009wn-ImageCLEF-FerecatuEt2009.pdf');
INSERT INTO Write (AuthorID, PaperID) VALUES (242, 1611);
INSERT INTO Write (AuthorID, PaperID) VALUES (242, 1833);
INSERT INTO Write (AuthorID, PaperID) VALUES (242, 2263);
INSERT INTO Author (AuthorID, Name) VALUES (243, 'Preben Hansen');
INSERT INTO Write (AuthorID, PaperID) VALUES (243, 158);
INSERT INTO Paper (PaperID, Title, Year, MDate, Key, DOI) VALUES (344, 'UTA and SICS at CLEF-IP.', 2009, '2014-09-29', 'conf/clef/JarvelinJH09a', 'http://ceur-ws.org/Vol-1175/CLEF2009wn-CLEFIP-JarvelinEt2009.pdf');
INSERT INTO Write (AuthorID, PaperID) VALUES (243, 344);
INSERT INTO Paper (PaperID, Title, Year, MDate, Key, DOI) VALUES (376, 'UTA and SICS at CLEF-IP''09.', 2009, '2018-11-02', 'conf/clef/JarvelinJH09', 'https://doi.org/10.1007/978-3-642-15754-7_55');
INSERT INTO Write (AuthorID, PaperID) VALUES (243, 376);
INSERT INTO Write (AuthorID, PaperID) VALUES (243, 668);
INSERT INTO Write (AuthorID, PaperID) VALUES (243, 799);
INSERT INTO Write (AuthorID, PaperID) VALUES (243, 1293);
INSERT INTO Paper (PaperID, Title, Year, MDate, Key, DOI) VALUES (2959, 'I Need More Time!: The Influence of Native Language on Search Behavior and Experience.', 2016, '2016-08-11', 'conf/clef/ZhangLH16', 'http://ceur-ws.org/Vol-1609/16091166.pdf');
INSERT INTO Write (AuthorID, PaperID) VALUES (243, 2959);
INSERT INTO Write (AuthorID, PaperID) VALUES (243, 3369);
INSERT INTO Write (AuthorID, PaperID) VALUES (243, 3451);
INSERT INTO Author (AuthorID, Name) VALUES (244, 'Debasis Ganguly');
