INSERT INTO Paper (PaperID, Title, Year, MDate, Key, DOI) VALUES (367, 'Multilingual Information Retrieval Based on Parallel Texts from the Web.', 2000, '2017-05-24', 'conf/clef/NieSF00', 'https://doi.org/10.1007/3-540-44645-1_18');
INSERT INTO Write (AuthorID, PaperID) VALUES (117, 367);
INSERT INTO Write (AuthorID, PaperID) VALUES (117, 643);
INSERT INTO Write (AuthorID, PaperID) VALUES (117, 803);
INSERT INTO Paper (PaperID, Title, Year, MDate, Key, DOI) VALUES (1283, 'Using Parallel Web Pages for Multi-lingual IR.', 2000, '2014-08-15', 'conf/clef/NieS00', 'http://ceur-ws.org/Vol-1166/CLEF2000wn-adhoc-NieEt2000.pdf');
INSERT INTO Write (AuthorID, PaperID) VALUES (117, 1283);
INSERT INTO Paper (PaperID, Title, Year, MDate, Key, DOI) VALUES (1753, 'A Multilingual Approach to Multilingual Information Retrieval.', 2002, '2017-05-24', 'conf/clef/NieJ02', 'https://doi.org/10.1007/978-3-540-45237-9_8');
INSERT INTO Write (AuthorID, PaperID) VALUES (117, 1753);
INSERT INTO Paper (PaperID, Title, Year, MDate, Key, DOI) VALUES (2181, 'Toward Cross-Language and Cross-Media Image Retrieval.', 2004, '2017-05-24', 'conf/clef/AlvarezOMN05', 'https://doi.org/10.1007/11519645_66');
INSERT INTO Write (AuthorID, PaperID) VALUES (117, 2181);
INSERT INTO Paper (PaperID, Title, Year, MDate, Key, DOI) VALUES (2378, 'Bridging Layperson''s Queries with Medical Concepts- GRIUM@CLEF2015 eHealth Task 2.', 2015, '2015-09-03', 'conf/clef/LiuN15', 'http://ceur-ws.org/Vol-1391/116-CR.pdf');
INSERT INTO Write (AuthorID, PaperID) VALUES (117, 2378);
INSERT INTO Paper (PaperID, Title, Year, MDate, Key, DOI) VALUES (2394, 'Is Concept Mapping Useful for Biomedical Information Retrieval?', 2015, '2017-05-24', 'conf/clef/ShenN15', 'https://doi.org/10.1007/978-3-319-24027-5_29');
INSERT INTO Write (AuthorID, PaperID) VALUES (117, 2394);
INSERT INTO Paper (PaperID, Title, Year, MDate, Key, DOI) VALUES (2579, 'Using Statistical Translation Models for Bilingual IR.', 2001, '2014-08-15', 'conf/clef/NieS01a', 'http://ceur-ws.org/Vol-1167/CLEF2001wn-adhoc-NieEt2001.pdf');
INSERT INTO Write (AuthorID, PaperID) VALUES (117, 2579);
INSERT INTO Paper (PaperID, Title, Year, MDate, Key, DOI) VALUES (3216, 'An Investigation of the Effectiveness of Concept-based Approach in Medical Information Retrieval.', 2014, '2014-09-10', 'conf/clef/ShenweiNLL14', 'http://ceur-ws.org/Vol-1180/CLEF2014wn-eHealth-ShenEt2014.pdf');
INSERT INTO Write (AuthorID, PaperID) VALUES (117, 3216);
INSERT INTO Paper (PaperID, Title, Year, MDate, Key, DOI) VALUES (3366, 'Merging Different Languages in a Single Document Collection.', 2002, '2014-08-15', 'conf/clef/NieJ02a', 'http://ceur-ws.org/Vol-1168/CLEF2002wn-adhoc-NieEt2002.pdf');
INSERT INTO Write (AuthorID, PaperID) VALUES (117, 3366);
INSERT INTO Paper (PaperID, Title, Year, MDate, Key, DOI) VALUES (3408, 'Toward Cross-Language and Cross-Media Image Retrieval.', 2004, '2014-08-15', 'conf/clef/AlvarezOMN04', 'http://ceur-ws.org/Vol-1170/CLEF2004wn-ImageCLEF-AlvarezEt2004.pdf');
INSERT INTO Write (AuthorID, PaperID) VALUES (117, 3408);
INSERT INTO Author (AuthorID, Name) VALUES (118, 'Miguel &Aacute;ngel Garc&iacute;a Cumbreras');
INSERT INTO Write (AuthorID, PaperID) VALUES (118, 47);
INSERT INTO Write (AuthorID, PaperID) VALUES (118, 200);
INSERT INTO Write (AuthorID, PaperID) VALUES (118, 355);
INSERT INTO Write (AuthorID, PaperID) VALUES (118, 392);
INSERT INTO Write (AuthorID, PaperID) VALUES (118, 918);
INSERT INTO Write (AuthorID, PaperID) VALUES (118, 1016);
INSERT INTO Write (AuthorID, PaperID) VALUES (118, 1164);
INSERT INTO Write (AuthorID, PaperID) VALUES (118, 1329);
INSERT INTO Write (AuthorID, PaperID) VALUES (118, 1696);
INSERT INTO Write (AuthorID, PaperID) VALUES (118, 2114);
INSERT INTO Write (AuthorID, PaperID) VALUES (118, 2423);
INSERT INTO Write (AuthorID, PaperID) VALUES (118, 2706);
INSERT INTO Write (AuthorID, PaperID) VALUES (118, 2792);
INSERT INTO Write (AuthorID, PaperID) VALUES (118, 2857);
INSERT INTO Author (AuthorID, Name) VALUES (119, 'Pamela Forner');
INSERT INTO Write (AuthorID, PaperID) VALUES (119, 142);
INSERT INTO Write (AuthorID, PaperID) VALUES (119, 221);
INSERT INTO Write (AuthorID, PaperID) VALUES (119, 265);
INSERT INTO Write (AuthorID, PaperID) VALUES (119, 554);
INSERT INTO Write (AuthorID, PaperID) VALUES (119, 633);
INSERT INTO Write (AuthorID, PaperID) VALUES (119, 656);
INSERT INTO Write (AuthorID, PaperID) VALUES (119, 896);
INSERT INTO Write (AuthorID, PaperID) VALUES (119, 907);
INSERT INTO Write (AuthorID, PaperID) VALUES (119, 1205);
INSERT INTO Write (AuthorID, PaperID) VALUES (119, 2789);
INSERT INTO Write (AuthorID, PaperID) VALUES (119, 2836);
INSERT INTO Write (AuthorID, PaperID) VALUES (119, 2849);
INSERT INTO Write (AuthorID, PaperID) VALUES (119, 3147);
INSERT INTO Write (AuthorID, PaperID) VALUES (119, 3190);
INSERT INTO Author (AuthorID, Name) VALUES (120, 'Grigori Sidorov');
INSERT INTO Write (AuthorID, PaperID) VALUES (120, 106);
INSERT INTO Paper (PaperID, Title, Year, MDate, Key, DOI) VALUES (878, 'A Winning Approach to Text Alignment for Text Reuse Detection at PAN 2014.', 2014, '2014-09-10', 'conf/clef/Sanchez-PerezSG14', 'http://ceur-ws.org/Vol-1180/CLEF2014wn-Pan-SanchezPerezEt2014.pdf');
INSERT INTO Write (AuthorID, PaperID) VALUES (120, 878);
INSERT INTO Paper (PaperID, Title, Year, MDate, Key, DOI) VALUES (1039, 'Adaptive Algorithm for Plagiarism Detection: The Best-Performing Approach at PAN 2014 Text Alignment Competition.', 2015, '2018-11-14', 'conf/clef/Sanchez-PerezGS15', 'https://www.wikidata.org/entity/Q57555788');
INSERT INTO Write (AuthorID, PaperID) VALUES (120, 1039);
INSERT INTO Paper (PaperID, Title, Year, MDate, Key, DOI) VALUES (2303, 'Syntactic N-grams as Features for the Author Profiling Task: Notebook for PAN at CLEF 2015.', 2015, '2015-09-03', 'conf/clef/Posadas-DuranGM15', 'http://ceur-ws.org/Vol-1391/136-CR.pdf');
INSERT INTO Write (AuthorID, PaperID) VALUES (120, 2303);
INSERT INTO Write (AuthorID, PaperID) VALUES (120, 2538);
INSERT INTO Paper (PaperID, Title, Year, MDate, Key, DOI) VALUES (2553, 'Adapting Cross-Genre Author Profiling to Language and Corpus.', 2016, '2016-08-11', 'conf/clef/MarkovGSG16', 'http://ceur-ws.org/Vol-1609/16090947.pdf');
INSERT INTO Write (AuthorID, PaperID) VALUES (120, 2553);
INSERT INTO Paper (PaperID, Title, Year, MDate, Key, DOI) VALUES (2599, 'Author Verification Using Syntactic N-grams: Notebook for PAN at CLEF 2015.', 2015, '2015-09-03', 'conf/clef/Posadas-DuranSB15', 'http://ceur-ws.org/Vol-1391/139-CR.pdf');
INSERT INTO Write (AuthorID, PaperID) VALUES (120, 2599);
INSERT INTO Paper (PaperID, Title, Year, MDate, Key, DOI) VALUES (2783, 'Language- and Subtask-Dependent Feature Selection and Classifier Parameter Tuning for Author Profiling.', 2017, '2017-08-15', 'conf/clef/MarkovGS17', 'http://ceur-ws.org/Vol-1866/paper_96.pdf');
INSERT INTO Write (AuthorID, PaperID) VALUES (120, 2783);
INSERT INTO Paper (PaperID, Title, Year, MDate, Key, DOI) VALUES (2894, 'CIC-GIL Approach to Cross-domain Authorship Attribution: Notebook for PAN at CLEF 2018.', 2018, '2018-08-08', 'conf/clef/Martin-Del-Campo-Rodriguez18', 'http://ceur-ws.org/Vol-2125/paper_162.pdf');
INSERT INTO Write (AuthorID, PaperID) VALUES (120, 2894);
INSERT INTO Write (AuthorID, PaperID) VALUES (120, 3201);
INSERT INTO Paper (PaperID, Title, Year, MDate, Key, DOI) VALUES (3217, 'A Tweets Classifier based on Cosine Similarity.', 2017, '2017-08-15', 'conf/clef/AriasZSBG17', 'http://ceur-ws.org/Vol-1866/paper_57.pdf');
INSERT INTO Write (AuthorID, PaperID) VALUES (120, 3217);
INSERT INTO Paper (PaperID, Title, Year, MDate, Key, DOI) VALUES (3469, 'Dynamically Adjustable Approach through Obfuscation Type Recognition.', 2015, '2015-09-03', 'conf/clef/Sanchez-PerezGS15a', 'http://ceur-ws.org/Vol-1391/92-CR.pdf');
INSERT INTO Write (AuthorID, PaperID) VALUES (120, 3469);
INSERT INTO Write (AuthorID, PaperID) VALUES (120, 3497);
INSERT INTO Paper (PaperID, Title, Year, MDate, Key, DOI) VALUES (3503, 'Comparison of Character n-grams and Lexical Features on Author, Gender, and Language Variety Identification on the Same Spanish News Corpus.', 2017, '2017-08-31', 'conf/clef/Sanchez-PerezMG17', 'https://doi.org/10.1007/978-3-319-65813-1_15');
INSERT INTO Write (AuthorID, PaperID) VALUES (120, 3503);
INSERT INTO Author (AuthorID, Name) VALUES (121, 'Ren&eacute; Hackl');
INSERT INTO Write (AuthorID, PaperID) VALUES (121, 96);
INSERT INTO Write (AuthorID, PaperID) VALUES (121, 309);
INSERT INTO Write (AuthorID, PaperID) VALUES (121, 496);
INSERT INTO Write (AuthorID, PaperID) VALUES (121, 845);
INSERT INTO Write (AuthorID, PaperID) VALUES (121, 1281);
INSERT INTO Write (AuthorID, PaperID) VALUES (121, 1396);
INSERT INTO Write (AuthorID, PaperID) VALUES (121, 1434);
INSERT INTO Write (AuthorID, PaperID) VALUES (121, 1624);
INSERT INTO Write (AuthorID, PaperID) VALUES (121, 1772);
INSERT INTO Write (AuthorID, PaperID) VALUES (121, 2092);
INSERT INTO Write (AuthorID, PaperID) VALUES (121, 2139);
INSERT INTO Write (AuthorID, PaperID) VALUES (121, 2431);
INSERT INTO Write (AuthorID, PaperID) VALUES (121, 2801);
INSERT INTO Write (AuthorID, PaperID) VALUES (121, 2853);
INSERT INTO Author (AuthorID, Name) VALUES (122, 'Steven Bedrick');
INSERT INTO Paper (PaperID, Title, Year, MDate, Key, DOI) VALUES (78, 'Automatic Classification of PubMed Abstracts with Latent Semantic Indexing: Working Notes.', 2014, '2014-09-10', 'conf/clef/AdamsB14', 'http://ceur-ws.org/Vol-1180/CLEF2014wn-QA-AdamsEt2014.pdf');
INSERT INTO Write (AuthorID, PaperID) VALUES (122, 78);
INSERT INTO Paper (PaperID, Title, Year, MDate, Key, DOI) VALUES (623, 'Lucene, MetaMap, and Language Modeling: OHSU at CLEF eHealth 2013.', 2013, '2014-09-10', 'conf/clef/BedrickS13', 'http://ceur-ws.org/Vol-1179/CLEF2013wn-CLEFeHealth-BedrickEt2013.pdf');
INSERT INTO Write (AuthorID, PaperID) VALUES (122, 623);
INSERT INTO Write (AuthorID, PaperID) VALUES (122, 631);
INSERT INTO Write (AuthorID, PaperID) VALUES (122, 1168);
INSERT INTO Write (AuthorID, PaperID) VALUES (122, 1280);
INSERT INTO Write (AuthorID, PaperID) VALUES (122, 1341);
INSERT INTO Write (AuthorID, PaperID) VALUES (122, 1505);
INSERT INTO Write (AuthorID, PaperID) VALUES (122, 1537);
INSERT INTO Write (AuthorID, PaperID) VALUES (122, 1566);
INSERT INTO Write (AuthorID, PaperID) VALUES (122, 1959);
INSERT INTO Write (AuthorID, PaperID) VALUES (122, 2180);
INSERT INTO Write (AuthorID, PaperID) VALUES (122, 2469);
INSERT INTO Paper (PaperID, Title, Year, MDate, Key, DOI) VALUES (2911, 'Automatic Indexing of Journal Abstracts with Latent Semantic Analysis.', 2015, '2017-09-16', 'conf/clef/AdamsB15', 'https://doi.org/10.1007/978-3-319-24027-5_17');
INSERT INTO Write (AuthorID, PaperID) VALUES (122, 2911);
INSERT INTO Write (AuthorID, PaperID) VALUES (122, 3141);
INSERT INTO Author (AuthorID, Name) VALUES (123, 'Francisco M. Rangel Pardo');
INSERT INTO Write (AuthorID, PaperID) VALUES (123, 92);
INSERT INTO Write (AuthorID, PaperID) VALUES (123, 372);
INSERT INTO Write (AuthorID, PaperID) VALUES (123, 423);
INSERT INTO Write (AuthorID, PaperID) VALUES (123, 484);
INSERT INTO Write (AuthorID, PaperID) VALUES (123, 1350);
INSERT INTO Write (AuthorID, PaperID) VALUES (123, 1411);
INSERT INTO Write (AuthorID, PaperID) VALUES (123, 1720);
INSERT INTO Write (AuthorID, PaperID) VALUES (123, 2451);
INSERT INTO Write (AuthorID, PaperID) VALUES (123, 2511);
INSERT INTO Write (AuthorID, PaperID) VALUES (123, 2578);
INSERT INTO Write (AuthorID, PaperID) VALUES (123, 3074);
INSERT INTO Write (AuthorID, PaperID) VALUES (123, 3172);
INSERT INTO Write (AuthorID, PaperID) VALUES (123, 3351);
INSERT INTO Write (AuthorID, PaperID) VALUES (123, 3482);
INSERT INTO Author (AuthorID, Name) VALUES (124, 'Jianqiang Wang 0002');
INSERT INTO Write (AuthorID, PaperID) VALUES (124, 342);
INSERT INTO Write (AuthorID, PaperID) VALUES (124, 1284);
INSERT INTO Write (AuthorID, PaperID) VALUES (124, 1946);
INSERT INTO Write (AuthorID, PaperID) VALUES (124, 1947);
INSERT INTO Write (AuthorID, PaperID) VALUES (124, 2057);
INSERT INTO Write (AuthorID, PaperID) VALUES (124, 2087);
INSERT INTO Write (AuthorID, PaperID) VALUES (124, 2220);
INSERT INTO Write (AuthorID, PaperID) VALUES (124, 2250);
INSERT INTO Write (AuthorID, PaperID) VALUES (124, 2342);
INSERT INTO Write (AuthorID, PaperID) VALUES (124, 2509);
INSERT INTO Write (AuthorID, PaperID) VALUES (124, 2898);
INSERT INTO Write (AuthorID, PaperID) VALUES (124, 2970);
INSERT INTO Write (AuthorID, PaperID) VALUES (124, 3200);
INSERT INTO Write (AuthorID, PaperID) VALUES (124, 3529);
INSERT INTO Author (AuthorID, Name) VALUES (125, 'Pierre Zweigenbaum');
INSERT INTO Paper (PaperID, Title, Year, MDate, Key, DOI) VALUES (64, 'Disease and Disorder Template Filling using Rule-based and Statistical Approaches.', 2014, '2014-09-10', 'conf/clef/HamonGZ14', 'http://ceur-ws.org/Vol-1180/CLEF2014wn-eHealth-HamonEt2014.pdf');
INSERT INTO Write (AuthorID, PaperID) VALUES (125, 64);
INSERT INTO Write (AuthorID, PaperID) VALUES (125, 190);
INSERT INTO Write (AuthorID, PaperID) VALUES (125, 657);
INSERT INTO Write (AuthorID, PaperID) VALUES (125, 773);
INSERT INTO Write (AuthorID, PaperID) VALUES (125, 1046);
INSERT INTO Write (AuthorID, PaperID) VALUES (125, 1133);
INSERT INTO Write (AuthorID, PaperID) VALUES (125, 1422);
INSERT INTO Paper (PaperID, Title, Year, MDate, Key, DOI) VALUES (1473, 'Multiple Methods for Multi-class, Multi-label ICD-10 Coding of Multi-granularity, Multilingual Death Certificates.', 2017, '2017-08-15', 'conf/clef/ZweigenbaumL17', 'http://ceur-ws.org/Vol-1866/paper_82.pdf');
INSERT INTO Write (AuthorID, PaperID) VALUES (125, 1473);
INSERT INTO Write (AuthorID, PaperID) VALUES (125, 1914);
INSERT INTO Paper (PaperID, Title, Year, MDate, Key, DOI) VALUES (1952, 'LIMSI ICD10 coding Experiments on C800Aeacute;piDC Death Certificate Statements.', 2016, '2016-08-11', 'conf/clef/ZweigenbaumL16', 'http://ceur-ws.org/Vol-1609/16090205.pdf');
INSERT INTO Write (AuthorID, PaperID) VALUES (125, 1952);
INSERT INTO Paper (PaperID, Title, Year, MDate, Key, DOI) VALUES (2455, 'LIMSI @ CLEF eHealth 2015 - task 2.', 2015, '2015-09-03', 'conf/clef/DhondtGZ15', 'http://ceur-ws.org/Vol-1391/89-CR.pdf');
INSERT INTO Write (AuthorID, PaperID) VALUES (125, 2455);
INSERT INTO Paper (PaperID, Title, Year, MDate, Key, DOI) VALUES (2546, 'Adaptation of LIMSI''s QALC for QA4MRE.', 2012, '2014-09-24', 'conf/clef/GrauPLAZC12', 'http://www.clef-initiative.eu/documents/71612/98b03c78-307d-469c-830f-90e83e9f9219');
INSERT INTO Write (AuthorID, PaperID) VALUES (125, 2546);
INSERT INTO Write (AuthorID, PaperID) VALUES (125, 3068);
INSERT INTO Author (AuthorID, Name) VALUES (126, 'Mark Oliver G&uuml;ld');
INSERT INTO Paper (PaperID, Title, Year, MDate, Key, DOI) VALUES (461, 'Baseline Results for the ImageCLEF 2008 Medical Automatic Annotation Task in Comparison over the Years.', 2008, '2017-05-24', 'conf/clef/GuldWD08', 'https://doi.org/10.1007/978-3-642-04447-2_97');
INSERT INTO Write (AuthorID, PaperID) VALUES (126, 461);
INSERT INTO Paper (PaperID, Title, Year, MDate, Key, DOI) VALUES (669, 'Baseline Results for the CLEF 2007 Medical Automatic Annotation Task.', 2007, '2014-09-29', 'conf/clef/GuldD07a', 'http://ceur-ws.org/Vol-1173/CLEF2007wn-ImageCLEF-GuldEt2007.pdf');
INSERT INTO Write (AuthorID, PaperID) VALUES (126, 669);
INSERT INTO Paper (PaperID, Title, Year, MDate, Key, DOI) VALUES (923, 'Baseline Results for the ImageCLEF 2007 Medical Automatic Annotation Task Using Global Image Features.', 2007, '2017-05-24', 'conf/clef/GuldD07', 'https://doi.org/10.1007/978-3-540-85760-0_81');
INSERT INTO Write (AuthorID, PaperID) VALUES (126, 923);
INSERT INTO Paper (PaperID, Title, Year, MDate, Key, DOI) VALUES (992, 'Combining Global Features within a Nearest Neighbor Classifier for Content-based Retrieval of Medical Images.', 2006, '2014-08-15', 'conf/clef/GuldTFL06', 'http://ceur-ws.org/Vol-1172/CLEF2006wn-ImageCLEF-GuldEt2006a.pdf');
INSERT INTO Write (AuthorID, PaperID) VALUES (126, 992);
INSERT INTO Paper (PaperID, Title, Year, MDate, Key, DOI) VALUES (1036, 'Content-Based Queries on the CasImage Database Within the IRMA Framework.', 2004, '2018-11-02', 'conf/clef/ThiesGFL05', 'https://doi.org/10.1007/11519645_76');
INSERT INTO Write (AuthorID, PaperID) VALUES (126, 1036);
INSERT INTO Paper (PaperID, Title, Year, MDate, Key, DOI) VALUES (1197, 'Content-Based Retrieval of Medical Images by Combining Global Features.', 2005, '2018-11-02', 'conf/clef/GuldTFL05', 'https://doi.org/10.1007/11878773_77');
INSERT INTO Write (AuthorID, PaperID) VALUES (126, 1197);
INSERT INTO Write (AuthorID, PaperID) VALUES (126, 1517);
INSERT INTO Paper (PaperID, Title, Year, MDate, Key, DOI) VALUES (2009, 'Baseline Results for the ImageCLEF 2006 Medical Automatic Annotation Task.', 2006, '2014-08-15', 'conf/clef/GuldTFL06a', 'http://ceur-ws.org/Vol-1172/CLEF2006wn-ImageCLEF-GuldEt2006b.pdf');
INSERT INTO Write (AuthorID, PaperID) VALUES (126, 2009);
INSERT INTO Paper (PaperID, Title, Year, MDate, Key, DOI) VALUES (2140, 'Combining Global features for Content-based Retrieval of Medical Images.', 2005, '2014-08-15', 'conf/clef/GuldTFL05a', 'http://ceur-ws.org/Vol-1171/CLEF2005wn-ImageCLEF-OGuldEt2005.pdf');
INSERT INTO Write (AuthorID, PaperID) VALUES (126, 2140);
INSERT INTO Paper (PaperID, Title, Year, MDate, Key, DOI) VALUES (2363, 'Baseline Results for the CLEF 2008 Medical Automatic Annotation Task.', 2008, '2014-09-29', 'conf/clef/GuldD08', 'http://ceur-ws.org/Vol-1174/CLEF2008wn-ImageCLEF-GuldEt2008.pdf');
INSERT INTO Write (AuthorID, PaperID) VALUES (126, 2363);
INSERT INTO Write (AuthorID, PaperID) VALUES (126, 3098);
INSERT INTO Paper (PaperID, Title, Year, MDate, Key, DOI) VALUES (3128, 'Baseline Results for the ImageCLEF 2006 Medical Automatic Annotation Task.', 2006, '2018-11-02', 'conf/clef/GuldTFD06', 'https://doi.org/10.1007/978-3-540-74999-8_84');
INSERT INTO Write (AuthorID, PaperID) VALUES (126, 3128);
INSERT INTO Paper (PaperID, Title, Year, MDate, Key, DOI) VALUES (3297, 'Content-based Queries on the Casimage Database with the IRMA framework: A Field Report.', 2004, '2014-08-15', 'conf/clef/ThiesGFL04', 'http://ceur-ws.org/Vol-1170/CLEF2004wn-ImageCLEF-ThiesEt2004.pdf');
INSERT INTO Write (AuthorID, PaperID) VALUES (126, 3297);
INSERT INTO Author (AuthorID, Name) VALUES (127, 'Vasudeva Varma');
INSERT INTO Paper (PaperID, Title, Year, MDate, Key, DOI) VALUES (0, 'Improving Recall for Hindi, Telugu, Oromo to English CLIR.', 2007, '2017-05-24', 'conf/clef/PingaliTV07', 'https://doi.org/10.1007/978-3-540-85760-0_13');
INSERT INTO Write (AuthorID, PaperID) VALUES (127, 0);
INSERT INTO Paper (PaperID, Title, Year, MDate, Key, DOI) VALUES (482, 'Hindi and Telugu to English Cross Language Information Retrieval at CLEF 2006.', 2006, '2014-08-15', 'conf/clef/PingaliV06', 'http://ceur-ws.org/Vol-1172/CLEF2006wn-adhoc-PingaliEt2006.pdf');
INSERT INTO Write (AuthorID, PaperID) VALUES (127, 482);
INSERT INTO Paper (PaperID, Title, Year, MDate, Key, DOI) VALUES (846, 'IIIT Hyderabad at CLEF 2007 - Adhoc Indian Language CLIR Task.', 2007, '2014-09-23', 'conf/clef/PingaliV07', 'http://ceur-ws.org/Vol-1173/CLEF2007wn-adhoc-PingaliEt2007.pdf');
INSERT INTO Write (AuthorID, PaperID) VALUES (127, 846);
INSERT INTO Paper (PaperID, Title, Year, MDate, Key, DOI) VALUES (1066, 'Author Profiling: Predicting Age and Gender from Blogs Notebook for PAN at CLEF 2013.', 2013, '2014-09-10', 'conf/clef/SantoshBSV13', 'http://ceur-ws.org/Vol-1179/CLEF2013wn-PAN-SantoshEt2013.pdf');
INSERT INTO Write (AuthorID, PaperID) VALUES (127, 1066);
INSERT INTO Paper (PaperID, Title, Year, MDate, Key, DOI) VALUES (1299, 'Hindi, Telugu, Oromo, English CLIR Evaluation.', 2006, '2017-05-24', 'conf/clef/PingaliTV06', 'https://doi.org/10.1007/978-3-540-74999-8_4');
INSERT INTO Write (AuthorID, PaperID) VALUES (127, 1299);
INSERT INTO Paper (PaperID, Title, Year, MDate, Key, DOI) VALUES (1503, 'A Na800Aiuml;ve Approach for Monolingual Question Answering.', 2009, '2015-08-02', 'conf/clef/BharadwajV09', 'http://ceur-ws.org/Vol-1175/CLEF2009wn-QACLEF-BharadwajEt2009.pdf');
INSERT INTO Write (AuthorID, PaperID) VALUES (127, 1503);
INSERT INTO Paper (PaperID, Title, Year, MDate, Key, DOI) VALUES (1691, 'A Language-Independent Approach to Identify the Named Entities in Under-Resourced Languages and Clustering Multilingual Documents.', 2011, '2017-05-24', 'conf/clef/KumarSV11', 'https://doi.org/10.1007/978-3-642-23708-9_9');
INSERT INTO Write (AuthorID, PaperID) VALUES (127, 1691);
INSERT INTO Paper (PaperID, Title, Year, MDate, Key, DOI) VALUES (1722, 'Check It Out : Politics and Neural Networks.', 2018, '2018-08-08', 'conf/clef/LalKKMV18', 'http://ceur-ws.org/Vol-2125/paper_106.pdf');
INSERT INTO Write (AuthorID, PaperID) VALUES (127, 1722);
INSERT INTO Paper (PaperID, Title, Year, MDate, Key, DOI) VALUES (1745, 'Author Profiling using LDA and Maximum Entropy Notebook for PAN at CLEF 2013.', 2013, '2014-09-10', 'conf/clef/PavanMV13', 'http://ceur-ws.org/Vol-1179/CLEF2013wn-PAN-PavanEt2013.pdf');
INSERT INTO Write (AuthorID, PaperID) VALUES (127, 1745);
INSERT INTO Paper (PaperID, Title, Year, MDate, Key, DOI) VALUES (1749, 'Oromo-English Information Retrieval Experiments at CLEF 2007.', 2007, '2014-09-23', 'conf/clef/TuneV07', 'http://ceur-ws.org/Vol-1173/CLEF2007wn-adhoc-KekebaTuneEt2007.pdf');
INSERT INTO Write (AuthorID, PaperID) VALUES (127, 1749);
INSERT INTO Paper (PaperID, Title, Year, MDate, Key, DOI) VALUES (1858, 'Oromo-English Information Retrieval Experiments at CLEF 2006.', 2006, '2014-08-15', 'conf/clef/TuneV06', 'http://ceur-ws.org/Vol-1172/CLEF2006wn-adhoc-TuneEt2006.pdf');
INSERT INTO Write (AuthorID, PaperID) VALUES (127, 1858);
INSERT INTO Paper (PaperID, Title, Year, MDate, Key, DOI) VALUES (2737, 'Deep Neural Architecture for News Recommendation.', 2017, '2017-08-16', 'conf/clef/KumarKG0V17', 'http://ceur-ws.org/Vol-1866/paper_85.pdf');
INSERT INTO Write (AuthorID, PaperID) VALUES (127, 2737);
INSERT INTO Paper (PaperID, Title, Year, MDate, Key, DOI) VALUES (3173, 'Exploring Keyphrase Extraction and IPC Classification Vectors for Prior Art Search.', 2011, '2014-09-24', 'conf/clef/VermaV11', 'http://ceur-ws.org/Vol-1177/CLEF2011wn-CLEF-IP-VermaEt2011.pdf');
INSERT INTO Write (AuthorID, PaperID) VALUES (127, 3173);
INSERT INTO Author (AuthorID, Name) VALUES (128, 'James Mayfield');
INSERT INTO Write (AuthorID, PaperID) VALUES (128, 143);
INSERT INTO Write (AuthorID, PaperID) VALUES (128, 349);
INSERT INTO Write (AuthorID, PaperID) VALUES (128, 720);
INSERT INTO Write (AuthorID, PaperID) VALUES (128, 1448);
INSERT INTO Write (AuthorID, PaperID) VALUES (128, 1752);
INSERT INTO Write (AuthorID, PaperID) VALUES (128, 2453);
INSERT INTO Write (AuthorID, PaperID) VALUES (128, 2478);
INSERT INTO Write (AuthorID, PaperID) VALUES (128, 2671);
INSERT INTO Write (AuthorID, PaperID) VALUES (128, 2688);
INSERT INTO Write (AuthorID, PaperID) VALUES (128, 3115);
INSERT INTO Write (AuthorID, PaperID) VALUES (128, 3318);
INSERT INTO Write (AuthorID, PaperID) VALUES (128, 3398);
INSERT INTO Write (AuthorID, PaperID) VALUES (128, 3479);
INSERT INTO Author (AuthorID, Name) VALUES (129, 'Jean-Michel Renders');
INSERT INTO Paper (PaperID, Title, Year, MDate, Key, DOI) VALUES (137, 'Evaluation of Diversity-Focused Strategies for Multimedia Retrieval.', 2008, '2017-05-24', 'conf/clef/Ah-PineCR08', 'https://doi.org/10.1007/978-3-642-04447-2_85');
INSERT INTO Write (AuthorID, PaperID) VALUES (129, 137);
INSERT INTO Paper (PaperID, Title, Year, MDate, Key, DOI) VALUES (241, 'Report on CLEF-2003 Experiments: Two Ways of Extracting Multilingual Resources from Corpora.', 2003, '2014-08-15', 'conf/clef/CanceddaDGRV03a', 'http://ceur-ws.org/Vol-1169/CLEF2003wn-adhoc-CanceddaEt2003.pdf');
INSERT INTO Write (AuthorID, PaperID) VALUES (129, 241);
INSERT INTO Paper (PaperID, Title, Year, MDate, Key, DOI) VALUES (310, 'XRCE''s Participation to CLEF 2007 Domain-Specific Track.', 2007, '2014-09-23', 'conf/clef/ClinchantR07a', 'http://ceur-ws.org/Vol-1173/CLEF2007wn-DomainSpecific-ClinchantEt2007.pdf');
INSERT INTO Write (AuthorID, PaperID) VALUES (129, 310);
INSERT INTO Paper (PaperID, Title, Year, MDate, Key, DOI) VALUES (497, 'XRCE Participation in CLEF 2002.', 2002, '2014-08-15', 'conf/clef/RendersDG02a', 'http://ceur-ws.org/Vol-1168/CLEF2002wn-DomainSpecific-RendersEt2002.pdf');
INSERT INTO Write (AuthorID, PaperID) VALUES (129, 497);
INSERT INTO Paper (PaperID, Title, Year, MDate, Key, DOI) VALUES (818, 'XRCE''s Participation at Patent Image Classification and Image-based Patent Retrieval Tasks of the Clef-IP 2011.', 2011, '2014-09-24', 'conf/clef/CsurkaRJ11', 'http://ceur-ws.org/Vol-1177/CLEF2011wn-CLEF-IP-CsurkaEt2011.pdf');
INSERT INTO Write (AuthorID, PaperID) VALUES (129, 818);
INSERT INTO Paper (PaperID, Title, Year, MDate, Key, DOI) VALUES (1052, 'XRCE''s Participation to ImageCLEFphoto 2007.', 2007, '2014-09-23', 'conf/clef/ClinchantRC07a', 'http://ceur-ws.org/Vol-1173/CLEF2007wn-ImageCLEF-ClinchantEt2007.pdf');
INSERT INTO Write (AuthorID, PaperID) VALUES (129, 1052);
INSERT INTO Paper (PaperID, Title, Year, MDate, Key, DOI) VALUES (1213, 'XRCE''s Participation to ImageCLEF 2008.', 2008, '2014-09-29', 'conf/clef/Ah-PineCCCR08', 'http://ceur-ws.org/Vol-1174/CLEF2008wn-ImageCLEF-AhPineEt2008.pdf');
INSERT INTO Write (AuthorID, PaperID) VALUES (129, 1213);
INSERT INTO Paper (PaperID, Title, Year, MDate, Key, DOI) VALUES (1784, 'Trans-Media Pseudo-Relevance Feedback Methods in Multimedia Retrieval.', 2007, '2017-05-24', 'conf/clef/ClinchantRC07', 'https://doi.org/10.1007/978-3-540-85760-0_71');
INSERT INTO Write (AuthorID, PaperID) VALUES (129, 1784);
INSERT INTO Paper (PaperID, Title, Year, MDate, Key, DOI) VALUES (2168, 'XRCE''s Participation to CLEF 2008 Ad-Hoc Track.', 2008, '2014-09-29', 'conf/clef/ClinchantR08a', 'http://ceur-ws.org/Vol-1174/CLEF2008wn-adhoc-ClinchantEt2008.pdf');
INSERT INTO Write (AuthorID, PaperID) VALUES (129, 2168);
INSERT INTO Paper (PaperID, Title, Year, MDate, Key, DOI) VALUES (2321, 'Multi-language Models and Meta-dictionary Adaptation for Accessing Multilingual Digital Libraries.', 2008, '2017-05-24', 'conf/clef/ClinchantR08', 'https://doi.org/10.1007/978-3-642-04447-2_9');
INSERT INTO Write (AuthorID, PaperID) VALUES (129, 2321);
INSERT INTO Paper (PaperID, Title, Year, MDate, Key, DOI) VALUES (2814, 'Report on CLEF-2003 Experiments: Two Ways of Extracting Multilingual Resources from Corpora.', 2003, '2017-05-24', 'conf/clef/CanceddaDGRV03', 'https://doi.org/10.1007/978-3-540-30222-3_9');
INSERT INTO Write (AuthorID, PaperID) VALUES (129, 2814);
INSERT INTO Paper (PaperID, Title, Year, MDate, Key, DOI) VALUES (3058, 'Query Translation through Dictionary Adaptation.', 2007, '2017-05-24', 'conf/clef/ClinchantR07', 'https://doi.org/10.1007/978-3-540-85760-0_24');
INSERT INTO Write (AuthorID, PaperID) VALUES (129, 3058);
INSERT INTO Paper (PaperID, Title, Year, MDate, Key, DOI) VALUES (3450, 'Assessing Automatically Extracted Bilingual Lexicons for CLIR in Vertical Domains: XRCE Participation in the GIRT Track of CLEF 2002.', 2002, '2017-05-24', 'conf/clef/RendersDG02', 'https://doi.org/10.1007/978-3-540-45237-9_32');
INSERT INTO Write (AuthorID, PaperID) VALUES (129, 3450);
INSERT INTO Author (AuthorID, Name) VALUES (130, 'Paulo Quaresma');
INSERT INTO Paper (PaperID, Title, Year, MDate, Key, DOI) VALUES (111, 'Multi-Language Neural Network Model with Advance Preprocessor for Gender Classification over Social Media: Notebook for PAN at CLEF 2018.', 2018, '2018-08-08', 'conf/clef/RaiyaniGQN18', 'http://ceur-ws.org/Vol-2125/paper_105.pdf');
INSERT INTO Write (AuthorID, PaperID) VALUES (130, 111);
INSERT INTO Paper (PaperID, Title, Year, MDate, Key, DOI) VALUES (161, 'The DI@UE''s Participation in QA4MRE: from QA to Multiple Choice Challenge.', 2011, '2014-09-24', 'conf/clef/SaiasQ11', 'http://www.clef-initiative.eu/documents/71612/86377/CLEF2011wn-QA4MRE-SaiasEt2011.pdf');
INSERT INTO Write (AuthorID, PaperID) VALUES (130, 161);
INSERT INTO Paper (PaperID, Title, Year, MDate, Key, DOI) VALUES (420, 'The Senso Question Answering System at QA@CLEF 2008.', 2008, '2014-09-29', 'conf/clef/SaiasQ08', 'http://ceur-ws.org/Vol-1174/CLEF2008wn-QACLEF-SaiasEt2008.pdf');
INSERT INTO Write (AuthorID, PaperID) VALUES (130, 420);
INSERT INTO Paper (PaperID, Title, Year, MDate, Key, DOI) VALUES (442, 'An Approach to the Main Task of QA4MRE-2013.', 2013, '2014-09-10', 'conf/clef/SantosSQ13', 'http://ceur-ws.org/Vol-1179/CLEF2013wn-QA4MRE-SantosEt2013.pdf');
INSERT INTO Write (AuthorID, PaperID) VALUES (130, 442);
INSERT INTO Paper (PaperID, Title, Year, MDate, Key, DOI) VALUES (458, 'TeamUEvora at Clef eHealth 2014 Task2a.', 2014, '2014-09-10', 'conf/clef/SequeiraMGQ14', 'http://ceur-ws.org/Vol-1180/CLEF2014wn-eHealth-SequeiraEt2014.pdf');
INSERT INTO Write (AuthorID, PaperID) VALUES (130, 458);
INSERT INTO Paper (PaperID, Title, Year, MDate, Key, DOI) VALUES (639, 'University of 800AEacute;vora in QA@CLEF-2004.', 2004, '2018-09-04', 'conf/clef/QuaresmaQRSS05', 'https://doi.org/10.1007/11519645_52');
INSERT INTO Write (AuthorID, PaperID) VALUES (130, 639);
INSERT INTO Paper (PaperID, Title, Year, MDate, Key, DOI) VALUES (966, 'A Logic Programming-based Approach to the QA@CLEF05 Track.', 2005, '2018-09-04', 'conf/clef/QuaresmaR05a', 'http://ceur-ws.org/Vol-1171/CLEF2005wn-QACLEF-QuaresmaEt2005.pdf');
INSERT INTO Write (AuthorID, PaperID) VALUES (130, 966);
INSERT INTO Paper (PaperID, Title, Year, MDate, Key, DOI) VALUES (1029, 'The Senso Question Answering Approach to Portuguese QA@CLEF-2007.', 2007, '2014-09-23', 'conf/clef/SaiasQ07a', 'http://ceur-ws.org/Vol-1173/CLEF2007wn-QACLEF-SaiasEt2007.pdf');
INSERT INTO Write (AuthorID, PaperID) VALUES (130, 1029);
INSERT INTO Paper (PaperID, Title, Year, MDate, Key, DOI) VALUES (1266, 'Brazilian Social Mood: The Political Dimension of Emotion.', 2016, '2018-11-02', 'conf/clef/WeitzelBQAZF15', 'https://doi.org/10.1007/978-3-319-44564-9_23');
INSERT INTO Write (AuthorID, PaperID) VALUES (130, 1266);
INSERT INTO Paper (PaperID, Title, Year, MDate, Key, DOI) VALUES (2408, 'A Logic Programming Based Approach to QA@CLEF05 Track.', 2005, '2018-09-04', 'conf/clef/QuaresmaR05', 'https://doi.org/10.1007/11878773_40');
INSERT INTO Write (AuthorID, PaperID) VALUES (130, 2408);
INSERT INTO Paper (PaperID, Title, Year, MDate, Key, DOI) VALUES (2905, 'The University of 800AEacute;vora approach to QA@CLEF-2004.', 2004, '2018-09-04', 'conf/clef/QuaresmaQRSS04', 'http://ceur-ws.org/Vol-1170/CLEF2004wn-QACLEF-QuaresmaEt2004.pdf');
INSERT INTO Write (AuthorID, PaperID) VALUES (130, 2905);
INSERT INTO Paper (PaperID, Title, Year, MDate, Key, DOI) VALUES (3047, 'The University of 800AEacute;vora''s Participation in QA@CLEF-2007.', 2007, '2017-05-24', 'conf/clef/SaiasQ07', 'https://doi.org/10.1007/978-3-540-85760-0_38');
INSERT INTO Write (AuthorID, PaperID) VALUES (130, 3047);
INSERT INTO Paper (PaperID, Title, Year, MDate, Key, DOI) VALUES (3452, 'DI@UE in CLEF2012: Question Answering Approach to the Multiple Choice QA4MRE Challenge.', 2012, '2014-09-24', 'conf/clef/SaiasQ12', 'http://www.clef-initiative.eu/documents/71612/7c21ae6d-c6e7-481e-9039-523e3b39a9d7');
INSERT INTO Write (AuthorID, PaperID) VALUES (130, 3452);
INSERT INTO Author (AuthorID, Name) VALUES (131, 'Stefan M. R&uuml;ger');
INSERT INTO Paper (PaperID, Title, Year, MDate, Key, DOI) VALUES (296, 'Place Disambiguation with Co-occurrence Models.', 2006, '2014-08-15', 'conf/clef/OverellMR06a', 'http://ceur-ws.org/Vol-1172/CLEF2006wn-GeoCLEF-OverellEt2006.pdf');
INSERT INTO Write (AuthorID, PaperID) VALUES (131, 296);
INSERT INTO Paper (PaperID, Title, Year, MDate, Key, DOI) VALUES (405, 'MMIS at GeoCLEF 2008: Experiments in GIR.', 2008, '2014-09-29', 'conf/clef/OverellRR08a', 'http://ceur-ws.org/Vol-1174/CLEF2008wn-GeoCLEF-OverellEt2008.pdf');
INSERT INTO Write (AuthorID, PaperID) VALUES (131, 405);
INSERT INTO Paper (PaperID, Title, Year, MDate, Key, DOI) VALUES (648, 'Exploiting Term Co-occurrence for Enhancing Automated Image Annotation.', 2008, '2017-10-24', 'conf/clef/LlorenteOLHRZSR08', 'https://doi.org/10.1007/978-3-642-04447-2_79');
INSERT INTO Write (AuthorID, PaperID) VALUES (131, 648);
INSERT INTO Paper (PaperID, Title, Year, MDate, Key, DOI) VALUES (1173, 'MMIS at ImageCLEF 2008: Experiments combining Different Evidence Sources.', 2008, '2017-10-24', 'conf/clef/OverellL0HRZSR08', 'http://ceur-ws.org/Vol-1174/CLEF2008wn-ImageCLEF-OverellEt2008.pdf');
INSERT INTO Write (AuthorID, PaperID) VALUES (131, 1173);
INSERT INTO Paper (PaperID, Title, Year, MDate, Key, DOI) VALUES (1971, 'MMIS at ImageCLEF 2009: Non-parametric Density Estimation Algorithms.', 2009, '2014-09-29', 'conf/clef/LlorenteLR09', 'http://ceur-ws.org/Vol-1175/CLEF2009wn-ImageCLEF-LlorenteEt2009.pdf');
INSERT INTO Write (AuthorID, PaperID) VALUES (131, 1971);
INSERT INTO Paper (PaperID, Title, Year, MDate, Key, DOI) VALUES (2420, 'GIR Experiments with Forostar at GeoCLEF 2007.', 2007, '2014-09-23', 'conf/clef/OverellMR07a', 'http://ceur-ws.org/Vol-1173/CLEF2007wn-GeoCLEF-OverellEt2007.pdf');
INSERT INTO Write (AuthorID, PaperID) VALUES (131, 2420);
INSERT INTO Paper (PaperID, Title, Year, MDate, Key, DOI) VALUES (2426, 'Exploring the Semantics behind a Collection to Improve Automated Image Annotation.', 2009, '2017-06-02', 'conf/clef/LlorenteMR09', 'https://doi.org/10.1007/978-3-642-15751-6_40');
INSERT INTO Write (AuthorID, PaperID) VALUES (131, 2426);
INSERT INTO Paper (PaperID, Title, Year, MDate, Key, DOI) VALUES (2732, 'Visual Features for Content-based Medical Image Retrieval.', 2004, '2014-08-15', 'conf/clef/HowarthYHR04', 'http://ceur-ws.org/Vol-1170/CLEF2004wn-ImageCLEF-HowarthEt2004.pdf');
INSERT INTO Write (AuthorID, PaperID) VALUES (131, 2732);
INSERT INTO Paper (PaperID, Title, Year, MDate, Key, DOI) VALUES (2914, 'Exploring Image, Text and Geographic Evidences in ImageCLEF 2007.', 2007, '2014-09-25', 'conf/clef/MagalhaesOR07', 'http://ceur-ws.org/Vol-1173/CLEF2007wn-ImageCLEF-MagalhaesEt2007.pdf');
INSERT INTO Write (AuthorID, PaperID) VALUES (131, 2914);
INSERT INTO Paper (PaperID, Title, Year, MDate, Key, DOI) VALUES (3114, 'Forostar: A System for GIR.', 2006, '2017-05-24', 'conf/clef/OverellMR06', 'https://doi.org/10.1007/978-3-540-74999-8_119');
INSERT INTO Write (AuthorID, PaperID) VALUES (131, 3114);
INSERT INTO Paper (PaperID, Title, Year, MDate, Key, DOI) VALUES (3241, 'GIR Experiments with Forostar.', 2007, '2017-05-24', 'conf/clef/OverellMR07', 'https://doi.org/10.1007/978-3-540-85760-0_110');
INSERT INTO Write (AuthorID, PaperID) VALUES (131, 3241);
INSERT INTO Paper (PaperID, Title, Year, MDate, Key, DOI) VALUES (3243, 'Geographic and Textual Data Fusion in Forostar.', 2008, '2017-05-24', 'conf/clef/OverellRR08', 'https://doi.org/10.1007/978-3-642-04447-2_109');
INSERT INTO Write (AuthorID, PaperID) VALUES (131, 3243);
INSERT INTO Paper (PaperID, Title, Year, MDate, Key, DOI) VALUES (3270, 'Medical Image Retrieval Using Texture, Locality and Colour.', 2004, '2017-05-24', 'conf/clef/HowarthYHR05', 'https://doi.org/10.1007/11519645_72');
INSERT INTO Write (AuthorID, PaperID) VALUES (131, 3270);
INSERT INTO Author (AuthorID, Name) VALUES (132, 'Brigitte Grau');
INSERT INTO Paper (PaperID, Title, Year, MDate, Key, DOI) VALUES (75, 'Term Translation Validation by Retrieving Bi-terms.', 2005, '2017-05-24', 'conf/clef/GrauLRV05', 'https://doi.org/10.1007/11878773_43');
INSERT INTO Write (AuthorID, PaperID) VALUES (132, 75);
INSERT INTO Paper (PaperID, Title, Year, MDate, Key, DOI) VALUES (229, 'The Bilingual System MUSCLEF at QA@CLEF 2006.', 2006, '2017-05-24', 'conf/clef/GrauLRVBS06', 'https://doi.org/10.1007/978-3-540-74999-8_54');
INSERT INTO Write (AuthorID, PaperID) VALUES (132, 229);
INSERT INTO Paper (PaperID, Title, Year, MDate, Key, DOI) VALUES (601, 'How to Answer in English to Questions Asked in French: by Exploiting Results from Several Sources of Information.', 2004, '2014-08-15', 'conf/clef/BourdilEGIMRV04', 'http://ceur-ws.org/Vol-1170/CLEF2004wn-QACLEF-BourdilEt2004.pdf');
INSERT INTO Write (AuthorID, PaperID) VALUES (132, 601);
INSERT INTO Paper (PaperID, Title, Year, MDate, Key, DOI) VALUES (1022, 'SemGraphQA@QALD5: LIMSI participation at QALD5@CLEF.', 2015, '2015-09-03', 'conf/clef/BeaumontGL15', 'http://ceur-ws.org/Vol-1391/164-CR.pdf');
INSERT INTO Write (AuthorID, PaperID) VALUES (132, 1022);
INSERT INTO Paper (PaperID, Title, Year, MDate, Key, DOI) VALUES (1637, 'LIMSI-CNRS@CLEF 2015: Tree Edit Beam Search for Multiple Choice Question Answering.', 2015, '2015-09-03', 'conf/clef/GleizeG15', 'http://ceur-ws.org/Vol-1391/115-CR.pdf');
INSERT INTO Write (AuthorID, PaperID) VALUES (132, 1637);
INSERT INTO Paper (PaperID, Title, Year, MDate, Key, DOI) VALUES (1681, 'LIMSI-CNRS@CLEF 2014: Invalidating Answers for Multiple Choice Question Answering.', 2014, '2014-09-10', 'conf/clef/GleizeLG14', 'http://ceur-ws.org/Vol-1180/CLEF2014wn-QA-GleizeEt2014.pdf');
INSERT INTO Write (AuthorID, PaperID) VALUES (132, 1681);
INSERT INTO Paper (PaperID, Title, Year, MDate, Key, DOI) VALUES (1763, 'Term Translation Validation by Retrieving Bi-terms.', 2005, '2014-08-15', 'conf/clef/GrauLRSV05', 'http://ceur-ws.org/Vol-1171/CLEF2005wn-QACLEF-GrauEt2005.pdf');
INSERT INTO Write (AuthorID, PaperID) VALUES (132, 1763);
INSERT INTO Paper (PaperID, Title, Year, MDate, Key, DOI) VALUES (1940, 'Answering French Questions in English by Exploiting Results from Several Sources of Information.', 2004, '2017-05-24', 'conf/clef/GrauIMRVBEFM05', 'https://doi.org/10.1007/11519645_46');
INSERT INTO Write (AuthorID, PaperID) VALUES (132, 1940);
INSERT INTO Paper (PaperID, Title, Year, MDate, Key, DOI) VALUES (1988, 'Selecting Answers with Structured Lexical Expansion and Discourse Relations LIMSI''s Participation at QA4MRE 2013.', 2013, '2014-09-10', 'conf/clef/GleizeGPLIGL13', 'http://ceur-ws.org/Vol-1179/CLEF2013wn-QA4MRE-GleizeEt2013.pdf');
INSERT INTO Write (AuthorID, PaperID) VALUES (132, 1988);
INSERT INTO Write (AuthorID, PaperID) VALUES (132, 2455);
INSERT INTO Write (AuthorID, PaperID) VALUES (132, 2546);
INSERT INTO Paper (PaperID, Title, Year, MDate, Key, DOI) VALUES (3237, 'The Bilingual System MUSCLEF at QA@CLEF 2006.', 2006, '2016-07-15', 'conf/clef/GrauLRVBS06a', 'http://ceur-ws.org/Vol-1172/CLEF2006wn-QACLEF-GrauEt2006.pdf');
INSERT INTO Write (AuthorID, PaperID) VALUES (132, 3237);
INSERT INTO Paper (PaperID, Title, Year, MDate, Key, DOI) VALUES (3358, 'Justification of Answers by Verification of Dependency Relations - The French AVE Task.', 2008, '2014-09-29', 'conf/clef/MoriceauTGG08', 'http://ceur-ws.org/Vol-1174/CLEF2008wn-QACLEF-MoriceauEt2008.pdf');
INSERT INTO Write (AuthorID, PaperID) VALUES (132, 3358);
INSERT INTO Author (AuthorID, Name) VALUES (133, 'Andr&aacute;s A. Bencz&uacute;r');
INSERT INTO Write (AuthorID, PaperID) VALUES (133, 71);
INSERT INTO Paper (PaperID, Title, Year, MDate, Key, DOI) VALUES (1001, 'SZTAKI@Imageclef2010.', 2010, '2014-09-24', 'conf/clef/DaroczyPBNP10', 'http://www.clef-initiative.eu/documents/71612/86374/CLEF2010wn-ImageCLEF-DaroczyEt2010.pdf');
INSERT INTO Write (AuthorID, PaperID) VALUES (133, 1001);
INSERT INTO Write (AuthorID, PaperID) VALUES (133, 1044);
INSERT INTO Paper (PaperID, Title, Year, MDate, Key, DOI) VALUES (1054, 'Multimodal Retrieval by Text-Segment Biclustering.', 2007, '2017-05-24', 'conf/clef/BenczurBBCDS07', 'https://doi.org/10.1007/978-3-540-85760-0_64');
INSERT INTO Write (AuthorID, PaperID) VALUES (133, 1054);
INSERT INTO Paper (PaperID, Title, Year, MDate, Key, DOI) VALUES (1148, 'Cross-Language Retrieval with Wikipedia.', 2007, '2017-05-24', 'conf/clef/SchonhofenBBC07', 'https://doi.org/10.1007/978-3-540-85760-0_9');
INSERT INTO Write (AuthorID, PaperID) VALUES (133, 1148);
INSERT INTO Paper (PaperID, Title, Year, MDate, Key, DOI) VALUES (1401, 'Cross-modal Retrieval by Text and Image Feature Biclustering.', 2007, '2014-09-23', 'conf/clef/BenczurBBCDS07a', 'http://ceur-ws.org/Vol-1173/CLEF2007wn-ImageCLEF-BenczurEt2007.pdf');
INSERT INTO Write (AuthorID, PaperID) VALUES (133, 1401);
INSERT INTO Paper (PaperID, Title, Year, MDate, Key, DOI) VALUES (1475, 'SZTAKI @ ImageCLEF 2011.', 2011, '2016-06-02', 'conf/clef/DaroczyPB11', 'http://www.clef-initiative.eu/documents/71612/86377/CLEF2011wn-ImageCLEF-Dar%C3%B3czyEt2011.pdf');
INSERT INTO Write (AuthorID, PaperID) VALUES (133, 1475);
INSERT INTO Paper (PaperID, Title, Year, MDate, Key, DOI) VALUES (1702, 'Increasing Cluster Recall of Cross-modal Image Retrieval.', 2008, '2014-09-30', 'conf/clef/RaczDSPBB08', 'http://ceur-ws.org/Vol-1174/CLEF2008wn-ImageCLEF-RaczEt2008.pdf');
INSERT INTO Write (AuthorID, PaperID) VALUES (133, 1702);
INSERT INTO Paper (PaperID, Title, Year, MDate, Key, DOI) VALUES (1746, 'SZTAKI @ ImageCLEF 2009.', 2009, '2014-09-29', 'conf/clef/DaroczyPBFNSW09a', 'http://ceur-ws.org/Vol-1175/CLEF2009wn-ImageCLEF-DaroczyEt2009.pdf');
INSERT INTO Write (AuthorID, PaperID) VALUES (133, 1746);
INSERT INTO Paper (PaperID, Title, Year, MDate, Key, DOI) VALUES (2056, 'SZTAKI @ ImageCLEF 2008: Visual Feature Analysis in Segmented Images.', 2008, '2017-05-24', 'conf/clef/DaroczyFBRBSP08', 'https://doi.org/10.1007/978-3-642-04447-2_81');
INSERT INTO Write (AuthorID, PaperID) VALUES (133, 2056);
INSERT INTO Paper (PaperID, Title, Year, MDate, Key, DOI) VALUES (2235, 'DMS-SZTAKI @ ImageCLEF 2012 Photo Annotation.', 2012, '2014-09-24', 'conf/clef/DaroczySB12', 'http://www.clef-initiative.eu/documents/71612/f098ebbf-aafc-428b-994f-21d2c58992b0');
INSERT INTO Write (AuthorID, PaperID) VALUES (133, 2235);
INSERT INTO Paper (PaperID, Title, Year, MDate, Key, DOI) VALUES (2259, 'Interest Point and Segmentation-Based Photo Annotation.', 2009, '2017-05-24', 'conf/clef/DaroczyPBFNSW09', 'https://doi.org/10.1007/978-3-642-15751-6_44');
INSERT INTO Write (AuthorID, PaperID) VALUES (133, 2259);
INSERT INTO Paper (PaperID, Title, Year, MDate, Key, DOI) VALUES (2699, 'Performing Cross-Language Retrieval with Wikipedia.', 2007, '2014-09-24', 'conf/clef/SchonhofenBBC07a', 'http://ceur-ws.org/Vol-1173/CLEF2007wn-adhoc-SchonhofenEt2007.pdf');
INSERT INTO Write (AuthorID, PaperID) VALUES (133, 2699);
INSERT INTO Author (AuthorID, Name) VALUES (134, 'Eric SanJuan');
INSERT INTO Write (AuthorID, PaperID) VALUES (134, 66);
INSERT INTO Write (AuthorID, PaperID) VALUES (134, 84);
INSERT INTO Write (AuthorID, PaperID) VALUES (134, 378);
INSERT INTO Write (AuthorID, PaperID) VALUES (134, 643);
INSERT INTO Write (AuthorID, PaperID) VALUES (134, 803);
INSERT INTO Write (AuthorID, PaperID) VALUES (134, 843);
INSERT INTO Write (AuthorID, PaperID) VALUES (134, 1319);
INSERT INTO Write (AuthorID, PaperID) VALUES (134, 1436);
INSERT INTO Write (AuthorID, PaperID) VALUES (134, 1878);
INSERT INTO Write (AuthorID, PaperID) VALUES (134, 1888);
INSERT INTO Paper (PaperID, Title, Year, MDate, Key, DOI) VALUES (1975, 'CLEF MC2 2018 Lab Overview.', 2018, '2018-08-20', 'conf/clef/HajjemCLS18', 'https://doi.org/10.1007/978-3-319-98932-7_27');
INSERT INTO Write (AuthorID, PaperID) VALUES (134, 1975);
INSERT INTO Write (AuthorID, PaperID) VALUES (134, 2460);
INSERT INTO Paper (PaperID, Title, Year, MDate, Key, DOI) VALUES (2477, 'A Turing Test to Evaluate a Complex Summarization Task.', 2013, '2018-11-14', 'conf/clef/MolinaSM13', 'https://www.wikidata.org/entity/Q57731944');
INSERT INTO Write (AuthorID, PaperID) VALUES (134, 2477);
INSERT INTO Author (AuthorID, Name) VALUES (135, '&Oacute;scar Ferr&aacute;ndez');
INSERT INTO Write (AuthorID, PaperID) VALUES (135, 254);
INSERT INTO Write (AuthorID, PaperID) VALUES (135, 548);
INSERT INTO Write (AuthorID, PaperID) VALUES (135, 682);
INSERT INTO Write (AuthorID, PaperID) VALUES (135, 1199);
INSERT INTO Write (AuthorID, PaperID) VALUES (135, 1824);
INSERT INTO Write (AuthorID, PaperID) VALUES (135, 2265);
INSERT INTO Write (AuthorID, PaperID) VALUES (135, 2302);
INSERT INTO Write (AuthorID, PaperID) VALUES (135, 2792);
INSERT INTO Write (AuthorID, PaperID) VALUES (135, 2930);
INSERT INTO Write (AuthorID, PaperID) VALUES (135, 3026);
INSERT INTO Write (AuthorID, PaperID) VALUES (135, 3078);
INSERT INTO Write (AuthorID, PaperID) VALUES (135, 3400);
INSERT INTO Write (AuthorID, PaperID) VALUES (135, 3466);
INSERT INTO Author (AuthorID, Name) VALUES (136, 'Enrique Amig&oacute;');
INSERT INTO Write (AuthorID, PaperID) VALUES (136, 299);
INSERT INTO Write (AuthorID, PaperID) VALUES (136, 505);
INSERT INTO Write (AuthorID, PaperID) VALUES (136, 780);
INSERT INTO Write (AuthorID, PaperID) VALUES (136, 1081);
INSERT INTO Write (AuthorID, PaperID) VALUES (136, 1518);
INSERT INTO Write (AuthorID, PaperID) VALUES (136, 1754);
INSERT INTO Write (AuthorID, PaperID) VALUES (136, 2360);
INSERT INTO Write (AuthorID, PaperID) VALUES (136, 2648);
INSERT INTO Write (AuthorID, PaperID) VALUES (136, 2931);
INSERT INTO Write (AuthorID, PaperID) VALUES (136, 3039);
INSERT INTO Write (AuthorID, PaperID) VALUES (136, 3096);
INSERT INTO Paper (PaperID, Title, Year, MDate, Key, DOI) VALUES (3121, 'Using an Emotion-based Model and Sentiment Analysis Techniques to Classify Polarity for Reputation.', 2012, '2014-09-24', 'conf/clef/Carrillo-de-AlbornozCA12', 'http://www.clef-initiative.eu/documents/71612/03d1f88a-14cb-43c0-9bc3-3a2094265994');
INSERT INTO Write (AuthorID, PaperID) VALUES (136, 3121);
INSERT INTO Write (AuthorID, PaperID) VALUES (136, 3244);
INSERT INTO Author (AuthorID, Name) VALUES (137, 'Alexander F. Gelbukh');
INSERT INTO Paper (PaperID, Title, Year, MDate, Key, DOI) VALUES (25, 'An Automatic System for Modality and Negation Detection.', 2012, '2014-09-24', 'conf/clef/PakrayBBBG12', 'http://www.clef-initiative.eu/documents/71612/a2e97aa6-4f75-4595-9a7a-da487053436c');
INSERT INTO Write (AuthorID, PaperID) VALUES (137, 25);
INSERT INTO Paper (PaperID, Title, Year, MDate, Key, DOI) VALUES (125, 'Multiple Choice Question (MCQ) Answering for Machine Reading Evaluation.', 2013, '2014-09-10', 'conf/clef/BhaskarBPBBG13', 'http://ceur-ws.org/Vol-1179/CLEF2013wn-QA4MRE-BhaskarEt2013b.pdf');
INSERT INTO Write (AuthorID, PaperID) VALUES (137, 125);
INSERT INTO Write (AuthorID, PaperID) VALUES (137, 878);
INSERT INTO Paper (PaperID, Title, Year, MDate, Key, DOI) VALUES (941, 'Question Answering System for QA4MRE@CLEF 2012.', 2012, '2014-09-24', 'conf/clef/BhaskarPBBBG12', 'http://www.clef-initiative.eu/documents/71612/d1bc614c-b465-4fbf-9e65-1b193dacd3ce');
INSERT INTO Write (AuthorID, PaperID) VALUES (137, 941);
INSERT INTO Write (AuthorID, PaperID) VALUES (137, 1039);
INSERT INTO Paper (PaperID, Title, Year, MDate, Key, DOI) VALUES (2150, 'JU_CSE_TE: System Description QA@CLEF 2010 - ResPubliQA.', 2010, '2018-03-14', 'conf/clef/PakrayBPDBG10', 'http://www.clef-initiative.eu/documents/71612/86374/CLEF2010wn-MLQA10-PakrayEt2010.pdf');
INSERT INTO Write (AuthorID, PaperID) VALUES (137, 2150);
INSERT INTO Paper (PaperID, Title, Year, MDate, Key, DOI) VALUES (2227, 'Multiple Choice Question (MCQ) Answering System for Entrance Examination.', 2013, '2014-09-10', 'conf/clef/BanerjeeBPBG13', 'http://ceur-ws.org/Vol-1179/CLEF2013wn-QA4MRE-BanerjeeEt2013.pdf');
INSERT INTO Write (AuthorID, PaperID) VALUES (137, 2227);
INSERT INTO Write (AuthorID, PaperID) VALUES (137, 2303);
INSERT INTO Write (AuthorID, PaperID) VALUES (137, 2553);
INSERT INTO Write (AuthorID, PaperID) VALUES (137, 3217);
INSERT INTO Paper (PaperID, Title, Year, MDate, Key, DOI) VALUES (3379, 'A Hybrid Question Answering System based on Information Retrieval and Answer Validation.', 2011, '2014-09-24', 'conf/clef/PakrayBBPBG11', 'http://www.clef-initiative.eu/documents/71612/86377/CLEF2011wn-QA4MRE-PakrayEt2011.pdf');
INSERT INTO Write (AuthorID, PaperID) VALUES (137, 3379);
INSERT INTO Write (AuthorID, PaperID) VALUES (137, 3469);
INSERT INTO Write (AuthorID, PaperID) VALUES (137, 3497);
INSERT INTO Author (AuthorID, Name) VALUES (138, 'Jo&atilde;o R. M. Palotti');
INSERT INTO Write (AuthorID, PaperID) VALUES (138, 531);
INSERT INTO Paper (PaperID, Title, Year, MDate, Key, DOI) VALUES (618, 'Exploring Understandability Features to Personalize Consumer Health Search. TUW at CLEF 2017 eHealth.', 2017, '2017-08-15', 'conf/clef/PalottiR17', 'http://ceur-ws.org/Vol-1866/paper_114.pdf');
INSERT INTO Write (AuthorID, PaperID) VALUES (138, 618);
INSERT INTO Write (AuthorID, PaperID) VALUES (138, 685);
INSERT INTO Write (AuthorID, PaperID) VALUES (138, 822);
INSERT INTO Write (AuthorID, PaperID) VALUES (138, 910);
INSERT INTO Write (AuthorID, PaperID) VALUES (138, 1586);
INSERT INTO Write (AuthorID, PaperID) VALUES (138, 1774);
INSERT INTO Write (AuthorID, PaperID) VALUES (138, 2059);
INSERT INTO Paper (PaperID, Title, Year, MDate, Key, DOI) VALUES (2267, 'Leveraging Wikipedia''s Article Structure to Build Search Agents: TUW at CLEF 2017 Dynamic Search.', 2017, '2018-10-24', 'conf/clef/Palotti17', 'http://ceur-ws.org/Vol-1866/paper_201.pdf');
INSERT INTO Write (AuthorID, PaperID) VALUES (138, 2267);
INSERT INTO Write (AuthorID, PaperID) VALUES (138, 2398);
INSERT INTO Write (AuthorID, PaperID) VALUES (138, 2524);
INSERT INTO Write (AuthorID, PaperID) VALUES (138, 2735);
INSERT INTO Write (AuthorID, PaperID) VALUES (138, 2997);
INSERT INTO Author (AuthorID, Name) VALUES (139, '&Eacute;ric Gaussier');
INSERT INTO Write (AuthorID, PaperID) VALUES (139, 241);
INSERT INTO Paper (PaperID, Title, Year, MDate, Key, DOI) VALUES (440, 'Batch Document Filtering Using Nearest Neighbor Algorithm.', 2009, '2014-09-29', 'conf/clef/QamarGD09a', 'http://ceur-ws.org/Vol-1175/CLEF2009wn-INFILE-QamarEt2009.pdf');
INSERT INTO Write (AuthorID, PaperID) VALUES (139, 440);
INSERT INTO Write (AuthorID, PaperID) VALUES (139, 497);
INSERT INTO Write (AuthorID, PaperID) VALUES (139, 734);
INSERT INTO Paper (PaperID, Title, Year, MDate, Key, DOI) VALUES (749, 'Results of the First BioASQ Workshop.', 2013, '2014-08-15', 'conf/clef/PartalasGN13', 'http://ceur-ws.org/Vol-1094/bioasq2013_overview.pdf');
INSERT INTO Write (AuthorID, PaperID) VALUES (139, 749);
INSERT INTO Write (AuthorID, PaperID) VALUES (139, 1221);
INSERT INTO Paper (PaperID, Title, Year, MDate, Key, DOI) VALUES (1755, 'Batch Document Filtering Using Nearest Neighbor Algorithm.', 2009, '2017-05-24', 'conf/clef/QamarGD09', 'https://doi.org/10.1007/978-3-642-15754-7_42');
INSERT INTO Write (AuthorID, PaperID) VALUES (139, 1755);
INSERT INTO Write (AuthorID, PaperID) VALUES (139, 2283);
INSERT INTO Paper (PaperID, Title, Year, MDate, Key, DOI) VALUES (2742, 'Working Notes for the InFile Campaign : Online Document Filtering Using 1 Nearest Neighbor.', 2008, '2014-09-29', 'conf/clef/GaussierQB08', 'http://ceur-ws.org/Vol-1174/CLEF2008wn-INFILE-GaussierEt2008.pdf');
INSERT INTO Write (AuthorID, PaperID) VALUES (139, 2742);
INSERT INTO Write (AuthorID, PaperID) VALUES (139, 2814);
INSERT INTO Paper (PaperID, Title, Year, MDate, Key, DOI) VALUES (2922, 'Online Document Filtering Using Adaptive k-NN.', 2008, '2017-05-24', 'conf/clef/BodinierQG08', 'https://doi.org/10.1007/978-3-642-04447-2_126');
INSERT INTO Write (AuthorID, PaperID) VALUES (139, 2922);
INSERT INTO Write (AuthorID, PaperID) VALUES (139, 3450);
INSERT INTO Write (AuthorID, PaperID) VALUES (139, 3514);
INSERT INTO Author (AuthorID, Name) VALUES (140, 'Mauricio Villegas');
INSERT INTO Write (AuthorID, PaperID) VALUES (140, 33);
INSERT INTO Paper (PaperID, Title, Year, MDate, Key, DOI) VALUES (82, 'Overview of the ImageCLEF 2016 Handwritten Scanned Document Retrieval Task.', 2016, '2017-11-11', 'conf/clef/VillegasPTSV16', 'http://ceur-ws.org/Vol-1609/16090233.pdf');
INSERT INTO Write (AuthorID, PaperID) VALUES (140, 82);
INSERT INTO Write (AuthorID, PaperID) VALUES (140, 383);
INSERT INTO Write (AuthorID, PaperID) VALUES (140, 537);
INSERT INTO Write (AuthorID, PaperID) VALUES (140, 870);
INSERT INTO Paper (PaperID, Title, Year, MDate, Key, DOI) VALUES (948, 'Overview of the ImageCLEF 2015 Scalable Image Annotation, Localization and Sentence Generation task.', 2015, '2019-01-17', 'conf/clef/GilbertPWYDGVM15', 'http://ceur-ws.org/Vol-1391/inv-pap6-CR.pdf');
INSERT INTO Write (AuthorID, PaperID) VALUES (140, 948);
INSERT INTO Write (AuthorID, PaperID) VALUES (140, 1068);
INSERT INTO Paper (PaperID, Title, Year, MDate, Key, DOI) VALUES (1581, 'Overview of the ImageCLEF 2012 Scalable Web Image Annotation Task.', 2012, '2014-09-24', 'conf/clef/VillegasP12', 'http://www.clef-initiative.eu/documents/71612/b0b250e9-ccb5-42d0-8588-948c9c02e2ec');
INSERT INTO Write (AuthorID, PaperID) VALUES (140, 1581);
INSERT INTO Write (AuthorID, PaperID) VALUES (140, 2308);
INSERT INTO Paper (PaperID, Title, Year, MDate, Key, DOI) VALUES (2527, 'Relevant Clouds: Leveraging Relevance Feedback to Build Tag Clouds for Image Search.', 2013, '2017-05-24', 'conf/clef/LeivaVP13', 'https://doi.org/10.1007/978-3-642-40802-1_18');
INSERT INTO Write (AuthorID, PaperID) VALUES (140, 2527);
INSERT INTO Paper (PaperID, Title, Year, MDate, Key, DOI) VALUES (2658, 'Overview of the ImageCLEF 2014 Scalable Concept Image Annotation Task.', 2014, '2014-09-10', 'conf/clef/VillegasP14', 'http://ceur-ws.org/Vol-1180/CLEF2014wn-Image-VillegasEt2014.pdf');
INSERT INTO Write (AuthorID, PaperID) VALUES (140, 2658);
INSERT INTO Paper (PaperID, Title, Year, MDate, Key, DOI) VALUES (3402, 'Overview of the ImageCLEF 2013 Scalable Concept Image Annotation Subtask.', 2013, '2014-09-10', 'conf/clef/VillegasPT13', 'http://ceur-ws.org/Vol-1179/CLEF2013wn-ImageCLEF-VillegasEt2013.pdf');
INSERT INTO Write (AuthorID, PaperID) VALUES (140, 3402);
INSERT INTO Paper (PaperID, Title, Year, MDate, Key, DOI) VALUES (3423, 'Overview of the ImageCLEF 2016 Scalable Concept Image Annotation Task.', 2016, '2019-01-17', 'conf/clef/GilbertPWYRDGVM16', 'http://ceur-ws.org/Vol-1609/16090254.pdf');
INSERT INTO Write (AuthorID, PaperID) VALUES (140, 3423);
INSERT INTO Author (AuthorID, Name) VALUES (141, 'Sivaji Bandyopadhyay');
INSERT INTO Write (AuthorID, PaperID) VALUES (141, 25);
INSERT INTO Write (AuthorID, PaperID) VALUES (141, 125);
INSERT INTO Paper (PaperID, Title, Year, MDate, Key, DOI) VALUES (411, 'Tweet Contextualization (Answering Tweet Question) - the Role of Multi-document Summarization.', 2013, '2014-09-10', 'conf/clef/BhaskarBB13', 'http://ceur-ws.org/Vol-1179/CLEF2013wn-INEX-BhaskarEt2013.pdf');
INSERT INTO Write (AuthorID, PaperID) VALUES (141, 411);
INSERT INTO Paper (PaperID, Title, Year, MDate, Key, DOI) VALUES (555, 'Automatic Author Profiling Based on Linguistic and Stylistic Features Notebook for PAN at CLEF 2013.', 2013, '2018-03-14', 'conf/clef/PatraBDSB13', 'http://ceur-ws.org/Vol-1179/CLEF2013wn-PAN-PatraEt2013.pdf');
INSERT INTO Write (AuthorID, PaperID) VALUES (141, 555);
INSERT INTO Write (AuthorID, PaperID) VALUES (141, 941);
INSERT INTO Paper (PaperID, Title, Year, MDate, Key, DOI) VALUES (1834, 'Language Independent Query Focused Snippet Generation.', 2012, '2017-05-24', 'conf/clef/BhaskarB12', 'https://doi.org/10.1007/978-3-642-33247-0_16');
INSERT INTO Write (AuthorID, PaperID) VALUES (141, 1834);
INSERT INTO Write (AuthorID, PaperID) VALUES (141, 2150);
INSERT INTO Write (AuthorID, PaperID) VALUES (141, 2227);
INSERT INTO Paper (PaperID, Title, Year, MDate, Key, DOI) VALUES (2484, 'Bengali, Hindi and Telugu to English Ad-Hoc Bilingual Task at CLEF 2007.', 2007, '2017-05-24', 'conf/clef/BandyopadhyayMNEHG07', 'https://doi.org/10.1007/978-3-540-85760-0_11');
INSERT INTO Write (AuthorID, PaperID) VALUES (141, 2484);
INSERT INTO Paper (PaperID, Title, Year, MDate, Key, DOI) VALUES (2666, 'Rule Based Plagiarism Detection using Information Retrieval - Notebook for PAN at CLEF 2011.', 2011, '2014-09-24', 'conf/clef/GhoshBPB11', 'http://www.clef-initiative.eu/documents/71612/86377/CLEF2011wn-PAN-GhoshEt2011.pdf');
INSERT INTO Write (AuthorID, PaperID) VALUES (141, 2666);
INSERT INTO Paper (PaperID, Title, Year, MDate, Key, DOI) VALUES (3311, 'A Hybrid Tweet Contextualization System using IR and Summarization.', 2012, '2014-09-24', 'conf/clef/BhaskarBB12', 'http://www.clef-initiative.eu/documents/71612/54d904de-a4b7-4107-9e99-44b315725e5c');
INSERT INTO Write (AuthorID, PaperID) VALUES (141, 3311);
INSERT INTO Write (AuthorID, PaperID) VALUES (141, 3379);
INSERT INTO Paper (PaperID, Title, Year, MDate, Key, DOI) VALUES (3428, 'Bengali, Hindi and Telugu to English Ad-hoc Bilingual Task at CLEF 2007.', 2007, '2014-09-23', 'conf/clef/BandyopadhyayMNEHG07a', 'http://ceur-ws.org/Vol-1173/CLEF2007wn-adhoc-BandyopadhyayEt2007.pdf');
INSERT INTO Write (AuthorID, PaperID) VALUES (141, 3428);
INSERT INTO Author (AuthorID, Name) VALUES (142, 'Gabriela Csurka');
INSERT INTO Write (AuthorID, PaperID) VALUES (142, 137);
INSERT INTO Paper (PaperID, Title, Year, MDate, Key, DOI) VALUES (488, 'XRCE''s Participation at Medical Image Modality Classification and Ad-hoc Retrieval Tasks of Image CLEF2011.', 2011, '2014-09-24', 'conf/clef/CsurkaCJ11', 'http://www.clef-initiative.eu/documents/71612/86377/CLEF2011wn-ImageCLEF-CsurkaEt2011.pdf');
INSERT INTO Write (AuthorID, PaperID) VALUES (142, 488);
INSERT INTO Write (AuthorID, PaperID) VALUES (142, 818);
INSERT INTO Write (AuthorID, PaperID) VALUES (142, 1052);
INSERT INTO Paper (PaperID, Title, Year, MDate, Key, DOI) VALUES (1087, 'Assembling Heterogeneous Domain Adaptation Methods for Image Classification.', 2014, '2014-09-10', 'conf/clef/ChidlovskiiCG14', 'http://ceur-ws.org/Vol-1180/CLEF2014wn-Image-ChidlovskiiEt2014.pdf');
INSERT INTO Write (AuthorID, PaperID) VALUES (142, 1087);
INSERT INTO Write (AuthorID, PaperID) VALUES (142, 1213);
INSERT INTO Paper (PaperID, Title, Year, MDate, Key, DOI) VALUES (1253, 'Comparison of Several Combinations of Multimodal and Diversity Seeking Methods for Multimedia Retrieval.', 2009, '2017-05-24', 'conf/clef/Ah-PineCC09', 'https://doi.org/10.1007/978-3-642-15751-6_13');
INSERT INTO Write (AuthorID, PaperID) VALUES (142, 1253);
INSERT INTO Write (AuthorID, PaperID) VALUES (142, 1784);
INSERT INTO Paper (PaperID, Title, Year, MDate, Key, DOI) VALUES (2424, 'XRCE''s Participation in Wikipedia Retrieval, Medical Image Modality Classification and Ad-hoc Retrieval Tasks of ImageCLEF 2010.', 2010, '2014-09-24', 'conf/clef/ClinchantCAJPSM10', 'http://www.clef-initiative.eu/documents/71612/86374/CLEF2010wn-ImageCLEF-ClinchantEt2010.pdf');
INSERT INTO Write (AuthorID, PaperID) VALUES (142, 2424);
INSERT INTO Paper (PaperID, Title, Year, MDate, Key, DOI) VALUES (2575, 'Evaluating Stacked Marginalised Denoising Autoencoders Within Domain Adaptation Methods.', 2015, '2017-05-24', 'conf/clef/ChidlovskiiCC15', 'https://doi.org/10.1007/978-3-319-24027-5_2');
INSERT INTO Write (AuthorID, PaperID) VALUES (142, 2575);
INSERT INTO Write (AuthorID, PaperID) VALUES (142, 3030);
INSERT INTO Paper (PaperID, Title, Year, MDate, Key, DOI) VALUES (3063, 'LEAR and XRCE''s Participation to Visual Concept Detection Task - ImageCLEF 2010.', 2010, '2014-09-24', 'conf/clef/MensinkCPSV10', 'http://www.clef-initiative.eu/documents/71612/86374/CLEF2010wn-ImageCLEF-MensinkEt2010.pdf');
INSERT INTO Write (AuthorID, PaperID) VALUES (142, 3063);
INSERT INTO Paper (PaperID, Title, Year, MDate, Key, DOI) VALUES (3221, 'XRCE''s Participation in ImageCLEF 2009.', 2009, '2014-09-29', 'conf/clef/Ah-PineCCL09', 'http://ceur-ws.org/Vol-1175/CLEF2009wn-ImageCLEF-AhPineEt2009.pdf');
INSERT INTO Write (AuthorID, PaperID) VALUES (142, 3221);
INSERT INTO Author (AuthorID, Name) VALUES (143, 'Leif Azzopardi');
INSERT INTO Paper (PaperID, Title, Year, MDate, Key, DOI) VALUES (439, 'CLEF 2018 Technologically Assisted Reviews in Empirical Medicine Overview.', 2018, '2018-08-08', 'conf/clef/KanoulasLAS18', 'http://ceur-ws.org/Vol-2125/invited_paper_6.pdf');
INSERT INTO Write (AuthorID, PaperID) VALUES (143, 439);
INSERT INTO Write (AuthorID, PaperID) VALUES (143, 531);
INSERT INTO Paper (PaperID, Title, Year, MDate, Key, DOI) VALUES (768, 'CLEF 2017 Dynamic Search Evaluation Lab Overview.', 2017, '2017-08-31', 'conf/clef/KanoulasA17a', 'https://doi.org/10.1007/978-3-319-65813-1_31');
INSERT INTO Write (AuthorID, PaperID) VALUES (143, 768);
INSERT INTO Paper (PaperID, Title, Year, MDate, Key, DOI) VALUES (1360, 'CLEF 2017 Dynamic Search Lab Overview And Evaluation.', 2017, '2017-08-15', 'conf/clef/KanoulasA17', 'http://ceur-ws.org/Vol-1866/invited_paper_13.pdf');
INSERT INTO Write (AuthorID, PaperID) VALUES (143, 1360);
INSERT INTO Write (AuthorID, PaperID) VALUES (143, 1466);
INSERT INTO Paper (PaperID, Title, Year, MDate, Key, DOI) VALUES (1743, 'SiS at CLEF 2017 eHealth TAR Task.', 2017, '2017-08-15', 'conf/clef/AzzopardiKG17', 'http://ceur-ws.org/Vol-1866/paper_124.pdf');
INSERT INTO Write (AuthorID, PaperID) VALUES (143, 1743);
INSERT INTO Paper (PaperID, Title, Year, MDate, Key, DOI) VALUES (2014, 'Exploring Behavioral Dimensions in Session Effectiveness.', 2015, '2017-06-02', 'conf/clef/PaakkonenJKKBMA15', 'https://doi.org/10.1007/978-3-319-24027-5_15');
INSERT INTO Write (AuthorID, PaperID) VALUES (143, 2014);
INSERT INTO Paper (PaperID, Title, Year, MDate, Key, DOI) VALUES (2216, 'Towards a Living Lab for Information Retrieval Research and Development - A Proposal for a Living Lab for Product Search Tasks.', 2011, '2017-06-02', 'conf/clef/AzzopardiB11', 'https://doi.org/10.1007/978-3-642-23708-9_5');
INSERT INTO Write (AuthorID, PaperID) VALUES (143, 2216);
INSERT INTO Write (AuthorID, PaperID) VALUES (143, 2490);
INSERT INTO Paper (PaperID, Title, Year, MDate, Key, DOI) VALUES (2550, 'Automatically Generating Queries for Prior Art Search.', 2009, '2014-09-29', 'conf/clef/GrafAR09a', 'http://ceur-ws.org/Vol-1175/CLEF2009wn-CLEFIP-GrafEt2009.pdf');
INSERT INTO Write (AuthorID, PaperID) VALUES (143, 2550);
INSERT INTO Paper (PaperID, Title, Year, MDate, Key, DOI) VALUES (2944, 'Overview of the CLEF Dynamic Search Evaluation Lab 2018.', 2018, '2018-08-20', 'conf/clef/KanoulasAY18', 'https://doi.org/10.1007/978-3-319-98932-7_31');
INSERT INTO Write (AuthorID, PaperID) VALUES (143, 2944);
INSERT INTO Paper (PaperID, Title, Year, MDate, Key, DOI) VALUES (3338, 'Automatically Generating Queries for Prior Art Search.', 2009, '2017-05-24', 'conf/clef/GrafAR09', 'https://doi.org/10.1007/978-3-642-15754-7_58');
INSERT INTO Write (AuthorID, PaperID) VALUES (143, 3338);
INSERT INTO Paper (PaperID, Title, Year, MDate, Key, DOI) VALUES (3468, 'CLEF 2017 Technologically Assisted Reviews in Empirical Medicine Overview.', 2017, '2017-08-15', 'conf/clef/KanoulasLAS17', 'http://ceur-ws.org/Vol-1866/invited_paper_12.pdf');
INSERT INTO Write (AuthorID, PaperID) VALUES (143, 3468);
INSERT INTO Author (AuthorID, Name) VALUES (144, 'Roman Kern');
INSERT INTO Paper (PaperID, Title, Year, MDate, Key, DOI) VALUES (222, 'KNOW At The Social Book Search Lab 2016 Suggestion Track.', 2016, '2016-08-11', 'conf/clef/ZiakK16', 'http://ceur-ws.org/Vol-1609/16091183.pdf');
INSERT INTO Write (AuthorID, PaperID) VALUES (144, 222);
INSERT INTO Paper (PaperID, Title, Year, MDate, Key, DOI) VALUES (520, 'Profiling Microblog Authors using Concreteness and Sentiment - Know-Center at PAN 2016 Author Profiling.', 2016, '2016-08-11', 'conf/clef/PimasRKK16', 'http://ceur-ws.org/Vol-1609/16090978.pdf');
INSERT INTO Write (AuthorID, PaperID) VALUES (144, 520);
INSERT INTO Paper (PaperID, Title, Year, MDate, Key, DOI) VALUES (580, 'Evaluation of Pseudo Relevance Feedback Techniques for Cross Vertical Aggregated Search.', 2015, '2017-05-24', 'conf/clef/ZiakK15', 'https://doi.org/10.1007/978-3-319-24027-5_8');
INSERT INTO Write (AuthorID, PaperID) VALUES (144, 580);
INSERT INTO Paper (PaperID, Title, Year, MDate, Key, DOI) VALUES (747, 'Grammar Checker Features for Author Identification and Author Profiling Notebook for PAN at CLEF 2013.', 2013, '2014-09-10', 'conf/clef/Kern13', 'http://ceur-ws.org/Vol-1179/CLEF2013wn-PAN-Kern2013.pdf');
INSERT INTO Write (AuthorID, PaperID) VALUES (144, 747);
INSERT INTO Paper (PaperID, Title, Year, MDate, Key, DOI) VALUES (1268, 'Crosslanguage Retrieval Based on Wikipedia Statistics.', 2008, '2017-05-24', 'conf/clef/JuffingerKG08', 'https://doi.org/10.1007/978-3-642-04447-2_19');
INSERT INTO Write (AuthorID, PaperID) VALUES (144, 1268);
INSERT INTO Paper (PaperID, Title, Year, MDate, Key, DOI) VALUES (1668, 'Vote/Veto Meta-Classifier for Authorship Identification - Notebook for PAN at CLEF 2011.', 2011, '2014-09-24', 'conf/clef/KernSZG11', 'http://www.clef-initiative.eu/documents/71612/86377/CLEF2011wn-PAN-KernEt2011.pdf');
INSERT INTO Write (AuthorID, PaperID) VALUES (144, 1668);
INSERT INTO Paper (PaperID, Title, Year, MDate, Key, DOI) VALUES (2027, 'Evaluation of Axiomatic Approaches to Crosslanguage Retrieval.', 2009, '2017-05-24', 'conf/clef/KernJG09', 'https://doi.org/10.1007/978-3-642-15754-7_17');
INSERT INTO Write (AuthorID, PaperID) VALUES (144, 2027);
INSERT INTO Paper (PaperID, Title, Year, MDate, Key, DOI) VALUES (2366, 'KNOW At The Social Book Search Lab 2016 Mining Track.', 2016, '2016-08-11', 'conf/clef/ZiakRK16', 'http://ceur-ws.org/Vol-1609/16091190.pdf');
INSERT INTO Write (AuthorID, PaperID) VALUES (144, 2366);
INSERT INTO Paper (PaperID, Title, Year, MDate, Key, DOI) VALUES (3021, 'External and Intrinsic Plagiarism Detection Using a Cross-Lingual Retrieval and Segmentation System - Lab Report for PAN at CLEF 2010.', 2010, '2014-09-24', 'conf/clef/MuhrKZG10', 'http://www.clef-initiative.eu/documents/71612/86374/CLEF2010wn-PAN-MuhrEt2010.pdf');
INSERT INTO Write (AuthorID, PaperID) VALUES (144, 3021);
INSERT INTO Paper (PaperID, Title, Year, MDate, Key, DOI) VALUES (3224, 'Exploiting Cooccurrence on Corpus and Document Level for Fair Crosslanguage Retrieval.', 2008, '2014-09-29', 'conf/clef/JuffingerKG08a', 'http://ceur-ws.org/Vol-1174/CLEF2008wn-adhoc-JuffingerEt2008.pdf');
INSERT INTO Write (AuthorID, PaperID) VALUES (144, 3224);
INSERT INTO Paper (PaperID, Title, Year, MDate, Key, DOI) VALUES (3353, 'Know-Center at PAN 2015 Author Identification: Notebook for PAN at CLEF 2015.', 2015, '2015-09-03', 'conf/clef/PimasKK15', 'http://ceur-ws.org/Vol-1391/101-CR.pdf');
INSERT INTO Write (AuthorID, PaperID) VALUES (144, 3353);
INSERT INTO Paper (PaperID, Title, Year, MDate, Key, DOI) VALUES (3371, 'Vote/Veto Classification, Ensemble Clustering and Sequence Classification for Author Identification.', 2012, '2014-09-24', 'conf/clef/KernKZ12', 'http://www.clef-initiative.eu/documents/71612/1c91a237-e353-4b5d-8ffa-e062bfee4bda');
INSERT INTO Write (AuthorID, PaperID) VALUES (144, 3371);
INSERT INTO Paper (PaperID, Title, Year, MDate, Key, DOI) VALUES (3478, 'Application of Axiomatic Approaches to Crosslanguage Retrieval.', 2009, '2014-09-29', 'conf/clef/KernJG09a', 'http://ceur-ws.org/Vol-1175/CLEF2009wn-adhoc-KernEt2009.pdf');
INSERT INTO Write (AuthorID, PaperID) VALUES (144, 3478);
INSERT INTO Author (AuthorID, Name) VALUES (145, 'St&eacute;phane Clinchant');
INSERT INTO Write (AuthorID, PaperID) VALUES (145, 310);
INSERT INTO Write (AuthorID, PaperID) VALUES (145, 488);
INSERT INTO Write (AuthorID, PaperID) VALUES (145, 1052);
INSERT INTO Write (AuthorID, PaperID) VALUES (145, 1213);
INSERT INTO Write (AuthorID, PaperID) VALUES (145, 1253);
INSERT INTO Write (AuthorID, PaperID) VALUES (145, 1784);
INSERT INTO Write (AuthorID, PaperID) VALUES (145, 2168);
INSERT INTO Write (AuthorID, PaperID) VALUES (145, 2321);
INSERT INTO Write (AuthorID, PaperID) VALUES (145, 2424);
INSERT INTO Write (AuthorID, PaperID) VALUES (145, 2575);
INSERT INTO Write (AuthorID, PaperID) VALUES (145, 3030);
INSERT INTO Write (AuthorID, PaperID) VALUES (145, 3058);
INSERT INTO Write (AuthorID, PaperID) VALUES (145, 3221);
INSERT INTO Author (AuthorID, Name) VALUES (146, 'Thomas Wilhelm');
INSERT INTO Write (AuthorID, PaperID) VALUES (146, 204);
INSERT INTO Write (AuthorID, PaperID) VALUES (146, 536);
INSERT INTO Write (AuthorID, PaperID) VALUES (146, 806);
INSERT INTO Write (AuthorID, PaperID) VALUES (146, 974);
INSERT INTO Write (AuthorID, PaperID) VALUES (146, 1143);
INSERT INTO Write (AuthorID, PaperID) VALUES (146, 1626);
INSERT INTO Write (AuthorID, PaperID) VALUES (146, 1689);
INSERT INTO Write (AuthorID, PaperID) VALUES (146, 1792);
INSERT INTO Write (AuthorID, PaperID) VALUES (146, 2127);
INSERT INTO Write (AuthorID, PaperID) VALUES (146, 2655);
INSERT INTO Write (AuthorID, PaperID) VALUES (146, 2835);
INSERT INTO Write (AuthorID, PaperID) VALUES (146, 2876);
INSERT INTO Write (AuthorID, PaperID) VALUES (146, 2994);
INSERT INTO Author (AuthorID, Name) VALUES (147, 'Sergio Navarro');
INSERT INTO Write (AuthorID, PaperID) VALUES (147, 49);
INSERT INTO Write (AuthorID, PaperID) VALUES (147, 389);
INSERT INTO Write (AuthorID, PaperID) VALUES (147, 705);
INSERT INTO Write (AuthorID, PaperID) VALUES (147, 1368);
INSERT INTO Write (AuthorID, PaperID) VALUES (147, 1443);
INSERT INTO Write (AuthorID, PaperID) VALUES (147, 1591);
INSERT INTO Write (AuthorID, PaperID) VALUES (147, 2429);
INSERT INTO Write (AuthorID, PaperID) VALUES (147, 2794);
INSERT INTO Write (AuthorID, PaperID) VALUES (147, 3099);
INSERT INTO Write (AuthorID, PaperID) VALUES (147, 3110);
INSERT INTO Write (AuthorID, PaperID) VALUES (147, 3309);
INSERT INTO Write (AuthorID, PaperID) VALUES (147, 3476);
INSERT INTO Author (AuthorID, Name) VALUES (148, 'Antonio Ferr&aacute;ndez');
INSERT INTO Write (AuthorID, PaperID) VALUES (148, 122);
INSERT INTO Write (AuthorID, PaperID) VALUES (148, 151);
INSERT INTO Write (AuthorID, PaperID) VALUES (148, 171);
INSERT INTO Write (AuthorID, PaperID) VALUES (148, 391);
INSERT INTO Write (AuthorID, PaperID) VALUES (148, 755);
INSERT INTO Write (AuthorID, PaperID) VALUES (148, 1291);
INSERT INTO Paper (PaperID, Title, Year, MDate, Key, DOI) VALUES (1415, 'Using AliQAn in Monolingual QA@CLEF 2008.', 2008, '2017-05-24', 'conf/clef/RogerVFPGPP08', 'https://doi.org/10.1007/978-3-642-04447-2_38');
INSERT INTO Write (AuthorID, PaperID) VALUES (148, 1415);
INSERT INTO Write (AuthorID, PaperID) VALUES (148, 2192);
INSERT INTO Write (AuthorID, PaperID) VALUES (148, 2882);
INSERT INTO Write (AuthorID, PaperID) VALUES (148, 3161);
INSERT INTO Write (AuthorID, PaperID) VALUES (148, 3462);
INSERT INTO Paper (PaperID, Title, Year, MDate, Key, DOI) VALUES (3485, 'AliQAn, Spanish QA System at CLEF-2008.', 2008, '2014-09-29', 'conf/clef/0001VFPSPP08', 'http://ceur-ws.org/Vol-1174/CLEF2008wn-QACLEF-RogerEt2008.pdf');
INSERT INTO Write (AuthorID, PaperID) VALUES (148, 3485);
INSERT INTO Author (AuthorID, Name) VALUES (149, 'Luca Piras');
INSERT INTO Write (AuthorID, PaperID) VALUES (149, 33);
INSERT INTO Paper (PaperID, Title, Year, MDate, Key, DOI) VALUES (249, 'Overview of ImageCLEFlifelog 2018: Daily Living Understanding and Lifelog Moment Retrieval.', 2018, '2018-08-08', 'conf/clef/Dang-NguyenPRZL18', 'http://ceur-ws.org/Vol-2125/invited_paper_3.pdf');
INSERT INTO Write (AuthorID, PaperID) VALUES (149, 249);
INSERT INTO Write (AuthorID, PaperID) VALUES (149, 383);
INSERT INTO Write (AuthorID, PaperID) VALUES (149, 870);
INSERT INTO Paper (PaperID, Title, Year, MDate, Key, DOI) VALUES (920, 'Overview of ImageCLEFlifelog 2017: Lifelog Retrieval and Summarization.', 2017, '2017-08-15', 'conf/clef/Dang-NguyenPRBZ17', 'http://ceur-ws.org/Vol-1866/invited_paper_10.pdf');
INSERT INTO Write (AuthorID, PaperID) VALUES (149, 920);
INSERT INTO Write (AuthorID, PaperID) VALUES (149, 948);
INSERT INTO Paper (PaperID, Title, Year, MDate, Key, DOI) VALUES (1837, 'Organizer Team at ImageCLEFlifelog 2017: Baseline Approaches for Lifelog Retrieval and Summarization.', 2017, '2017-08-15', 'conf/clef/ZhouPRBDG17', 'http://ceur-ws.org/Vol-1866/paper_154.pdf');
INSERT INTO Write (AuthorID, PaperID) VALUES (149, 1837);
INSERT INTO Paper (PaperID, Title, Year, MDate, Key, DOI) VALUES (1968, 'Image Hunter at ImageCLEF 2012 Personal Photo Retrieval Task.', 2012, '2014-09-24', 'conf/clef/TronciPMG12', 'http://www.clef-initiative.eu/documents/71612/ec76f1a1-5b38-494c-8340-b999f60826d5');
INSERT INTO Write (AuthorID, PaperID) VALUES (149, 1968);
INSERT INTO Write (AuthorID, PaperID) VALUES (149, 2308);
INSERT INTO Paper (PaperID, Title, Year, MDate, Key, DOI) VALUES (2562, 'An Interactive Lifelog Retrieval System for Activities of Daily Living Understanding.', 2018, '2018-08-08', 'conf/clef/ZhouPRLDG18', 'http://ceur-ws.org/Vol-2125/paper_160.pdf');
INSERT INTO Write (AuthorID, PaperID) VALUES (149, 2562);
INSERT INTO Paper (PaperID, Title, Year, MDate, Key, DOI) VALUES (2600, 'The PRA and AmILAB at ImageCLEF 2012 Photo Flickr Annotation Task.', 2012, '2014-09-24', 'conf/clef/PirasTMG12', 'http://www.clef-initiative.eu/documents/71612/46a47c51-1cec-44b9-a7c7-d5b8cb71bc18');
INSERT INTO Write (AuthorID, PaperID) VALUES (149, 2600);
INSERT INTO Write (AuthorID, PaperID) VALUES (149, 3423);
INSERT INTO Author (AuthorID, Name) VALUES (150, 'Nicola Bertoldi');
INSERT INTO Write (AuthorID, PaperID) VALUES (150, 32);
INSERT INTO Write (AuthorID, PaperID) VALUES (150, 180);
INSERT INTO Write (AuthorID, PaperID) VALUES (150, 545);
INSERT INTO Write (AuthorID, PaperID) VALUES (150, 854);
INSERT INTO Write (AuthorID, PaperID) VALUES (150, 1103);
INSERT INTO Write (AuthorID, PaperID) VALUES (150, 1235);
INSERT INTO Write (AuthorID, PaperID) VALUES (150, 1479);
INSERT INTO Write (AuthorID, PaperID) VALUES (150, 1521);
INSERT INTO Write (AuthorID, PaperID) VALUES (150, 1550);
INSERT INTO Write (AuthorID, PaperID) VALUES (150, 1693);
INSERT INTO Write (AuthorID, PaperID) VALUES (150, 1706);
INSERT INTO Write (AuthorID, PaperID) VALUES (150, 2996);
INSERT INTO Author (AuthorID, Name) VALUES (151, 'Thomas Martin Deserno');
INSERT INTO Write (AuthorID, PaperID) VALUES (151, 437);
INSERT INTO Write (AuthorID, PaperID) VALUES (151, 461);
INSERT INTO Write (AuthorID, PaperID) VALUES (151, 669);
INSERT INTO Write (AuthorID, PaperID) VALUES (151, 923);
INSERT INTO Write (AuthorID, PaperID) VALUES (151, 1123);
INSERT INTO Write (AuthorID, PaperID) VALUES (151, 1517);
INSERT INTO Write (AuthorID, PaperID) VALUES (151, 2363);
INSERT INTO Write (AuthorID, PaperID) VALUES (151, 2590);
INSERT INTO Write (AuthorID, PaperID) VALUES (151, 3098);
INSERT INTO Write (AuthorID, PaperID) VALUES (151, 3128);
INSERT INTO Write (AuthorID, PaperID) VALUES (151, 3288);
INSERT INTO Write (AuthorID, PaperID) VALUES (151, 3434);
INSERT INTO Author (AuthorID, Name) VALUES (152, 'Aurelio L&oacute;pez-L&oacute;pez');
INSERT INTO Write (AuthorID, PaperID) VALUES (152, 116);
INSERT INTO Write (AuthorID, PaperID) VALUES (152, 187);
INSERT INTO Write (AuthorID, PaperID) VALUES (152, 550);
INSERT INTO Write (AuthorID, PaperID) VALUES (152, 647);
INSERT INTO Write (AuthorID, PaperID) VALUES (152, 2104);
INSERT INTO Write (AuthorID, PaperID) VALUES (152, 2317);
INSERT INTO Write (AuthorID, PaperID) VALUES (152, 2521);
INSERT INTO Write (AuthorID, PaperID) VALUES (152, 2640);
INSERT INTO Write (AuthorID, PaperID) VALUES (152, 2728);
INSERT INTO Write (AuthorID, PaperID) VALUES (152, 2759);
INSERT INTO Write (AuthorID, PaperID) VALUES (152, 2826);
INSERT INTO Write (AuthorID, PaperID) VALUES (152, 3122);
INSERT INTO Author (AuthorID, Name) VALUES (153, 'Wen-Cheng Lin');
INSERT INTO Write (AuthorID, PaperID) VALUES (153, 17);
INSERT INTO Write (AuthorID, PaperID) VALUES (153, 173);
INSERT INTO Write (AuthorID, PaperID) VALUES (153, 646);
INSERT INTO Write (AuthorID, PaperID) VALUES (153, 786);
INSERT INTO Write (AuthorID, PaperID) VALUES (153, 917);
INSERT INTO Write (AuthorID, PaperID) VALUES (153, 1134);
INSERT INTO Write (AuthorID, PaperID) VALUES (153, 1462);
INSERT INTO Write (AuthorID, PaperID) VALUES (153, 1464);
INSERT INTO Write (AuthorID, PaperID) VALUES (153, 2164);
INSERT INTO Write (AuthorID, PaperID) VALUES (153, 2353);
INSERT INTO Write (AuthorID, PaperID) VALUES (153, 3008);
INSERT INTO Write (AuthorID, PaperID) VALUES (153, 3523);
INSERT INTO Author (AuthorID, Name) VALUES (154, 'Djoerd Hiemstra');
INSERT INTO Paper (PaperID, Title, Year, MDate, Key, DOI) VALUES (169, 'WikiTranslate: Query Translation for Cross-lingual Information Retrieval using only Wikipedia.', 2008, '2014-10-01', 'conf/clef/NguyenOHTHJ08a', 'http://ceur-ws.org/Vol-1174/CLEF2008wn-adhoc-NguyenEt2008.pdf');
INSERT INTO Write (AuthorID, PaperID) VALUES (154, 169);
INSERT INTO Paper (PaperID, Title, Year, MDate, Key, DOI) VALUES (313, 'Cross-language Retrieval at Twente and TNO.', 2002, '2014-08-15', 'conf/clef/ReidsmaHJK02a', 'http://ceur-ws.org/Vol-1168/CLEF2002wn-adhoc-ReidsmaEt2002.pdf');
INSERT INTO Write (AuthorID, PaperID) VALUES (154, 313);
INSERT INTO Paper (PaperID, Title, Year, MDate, Key, DOI) VALUES (994, 'On the Evaluation of Snippet Selection for WebCLEF.', 2008, '2017-06-02', 'conf/clef/OverwijkNHTHJ08', 'https://doi.org/10.1007/978-3-642-04447-2_103');
INSERT INTO Write (AuthorID, PaperID) VALUES (154, 994);
INSERT INTO Paper (PaperID, Title, Year, MDate, Key, DOI) VALUES (1766, 'Translation Resources, Merging Strategies, and Relevance Feedback for Cross-Language Information Retrieval.', 2000, '2017-05-24', 'conf/clef/HiemstraKPW00', 'https://doi.org/10.1007/3-540-44645-1_10');
INSERT INTO Write (AuthorID, PaperID) VALUES (154, 1766);
INSERT INTO Paper (PaperID, Title, Year, MDate, Key, DOI) VALUES (1815, 'Twenty-One at CLEF-2000: Translation Resources, Merging Strategies and Relevance Feedback.', 2000, '2014-08-15', 'conf/clef/HiemstraKPW00a', 'http://ceur-ws.org/Vol-1166/CLEF2000wn-adhoc-HiemstraEt2000.pdf');
INSERT INTO Write (AuthorID, PaperID) VALUES (154, 1815);
INSERT INTO Paper (PaperID, Title, Year, MDate, Key, DOI) VALUES (2004, 'MapReduce for Information Retrieval Evaluation: "Let''s Quickly Test This on 12 TB of Data".', 2010, '2017-06-02', 'conf/clef/HiemstraH10', 'https://doi.org/10.1007/978-3-642-15998-5_8');
INSERT INTO Write (AuthorID, PaperID) VALUES (154, 2004);
INSERT INTO Paper (PaperID, Title, Year, MDate, Key, DOI) VALUES (2041, 'XML Information Retrieval from Spoken Word Archives.', 2006, '2017-06-15', 'conf/clef/AlyHOWJ06', 'https://doi.org/10.1007/978-3-540-74999-8_97');
INSERT INTO Write (AuthorID, PaperID) VALUES (154, 2041);
INSERT INTO Paper (PaperID, Title, Year, MDate, Key, DOI) VALUES (2186, 'Multilingual Retrieval in Twente.', 2003, '2014-08-15', 'conf/clef/JongRH03', 'http://ceur-ws.org/Vol-1169/CLEF2003wn-adhoc-deJongEt2003.pdf');
INSERT INTO Write (AuthorID, PaperID) VALUES (154, 2186);
INSERT INTO Paper (PaperID, Title, Year, MDate, Key, DOI) VALUES (2505, 'WikiTranslate: Query Translation for Cross-Lingual Information Retrieval Using Only Wikipedia.', 2008, '2017-06-02', 'conf/clef/NguyenOHTHJ08', 'https://doi.org/10.1007/978-3-642-04447-2_6');
INSERT INTO Write (AuthorID, PaperID) VALUES (154, 2505);
INSERT INTO Paper (PaperID, Title, Year, MDate, Key, DOI) VALUES (2605, 'On the Evaluation of Snippet Selection for Information Retrieval.', 2008, '2015-04-06', 'conf/clef/OverwijkNHTHJ08a', 'http://ceur-ws.org/Vol-1174/CLEF2008wn-WebCLEF-OverwijkEt2008.pdf');
INSERT INTO Write (AuthorID, PaperID) VALUES (154, 2605);
INSERT INTO Paper (PaperID, Title, Year, MDate, Key, DOI) VALUES (2913, 'Cross-Language Retrieval at the University of Twente and TNO.', 2002, '2017-05-24', 'conf/clef/ReidsmaHJK02', 'https://doi.org/10.1007/978-3-540-45237-9_16');
INSERT INTO Write (AuthorID, PaperID) VALUES (154, 2913);
INSERT INTO Paper (PaperID, Title, Year, MDate, Key, DOI) VALUES (3199, 'Speech Retrieval Experiments using XML Information Retrieval.', 2006, '2014-08-15', 'conf/clef/HiemstraOAWJ06', 'http://ceur-ws.org/Vol-1172/CLEF2006wn-CLSR-HiemstraEt2006.pdf');
INSERT INTO Write (AuthorID, PaperID) VALUES (154, 3199);
INSERT INTO Author (AuthorID, Name) VALUES (155, 'Andr&eacute;s Montoyo');
INSERT INTO Write (AuthorID, PaperID) VALUES (155, 548);
INSERT INTO Write (AuthorID, PaperID) VALUES (155, 682);
INSERT INTO Write (AuthorID, PaperID) VALUES (155, 788);
INSERT INTO Write (AuthorID, PaperID) VALUES (155, 873);
INSERT INTO Write (AuthorID, PaperID) VALUES (155, 1154);
INSERT INTO Write (AuthorID, PaperID) VALUES (155, 1199);
INSERT INTO Write (AuthorID, PaperID) VALUES (155, 2302);
INSERT INTO Write (AuthorID, PaperID) VALUES (155, 2641);
INSERT INTO Write (AuthorID, PaperID) VALUES (155, 2792);
INSERT INTO Write (AuthorID, PaperID) VALUES (155, 2930);
INSERT INTO Paper (PaperID, Title, Year, MDate, Key, DOI) VALUES (3359, 'University of Alicante at QA@CLEF2006: Answer Validation Exercise.', 2006, '2017-05-24', 'conf/clef/KozarevaVM06', 'https://doi.org/10.1007/978-3-540-74999-8_63');
INSERT INTO Write (AuthorID, PaperID) VALUES (155, 3359);
INSERT INTO Paper (PaperID, Title, Year, MDate, Key, DOI) VALUES (3444, 'Adaptation of a Machine-learning Textual Entailment System to a Multilingual Answer Validation Exercise.', 2006, '2014-08-15', 'conf/clef/KozarevaVM06a', 'http://ceur-ws.org/Vol-1172/CLEF2006wn-QACLEF-KozarevaEt2006.pdf');
INSERT INTO Write (AuthorID, PaperID) VALUES (155, 3444);
INSERT INTO Author (AuthorID, Name) VALUES (156, 'Manuel Palomar');
INSERT INTO Write (AuthorID, PaperID) VALUES (156, 254);
INSERT INTO Write (AuthorID, PaperID) VALUES (156, 1075);
INSERT INTO Write (AuthorID, PaperID) VALUES (156, 1824);
INSERT INTO Write (AuthorID, PaperID) VALUES (156, 2058);
INSERT INTO Write (AuthorID, PaperID) VALUES (156, 2112);
INSERT INTO Write (AuthorID, PaperID) VALUES (156, 2207);
INSERT INTO Write (AuthorID, PaperID) VALUES (156, 2265);
INSERT INTO Write (AuthorID, PaperID) VALUES (156, 2733);
INSERT INTO Write (AuthorID, PaperID) VALUES (156, 3026);
INSERT INTO Write (AuthorID, PaperID) VALUES (156, 3078);
INSERT INTO Write (AuthorID, PaperID) VALUES (156, 3328);
INSERT INTO Write (AuthorID, PaperID) VALUES (156, 3400);
INSERT INTO Author (AuthorID, Name) VALUES (157, 'B&aacute;lint Dar&oacute;czy');
INSERT INTO Write (AuthorID, PaperID) VALUES (157, 71);
INSERT INTO Write (AuthorID, PaperID) VALUES (157, 1001);
INSERT INTO Write (AuthorID, PaperID) VALUES (157, 1044);
INSERT INTO Write (AuthorID, PaperID) VALUES (157, 1054);
INSERT INTO Write (AuthorID, PaperID) VALUES (157, 1401);
INSERT INTO Write (AuthorID, PaperID) VALUES (157, 1475);
INSERT INTO Write (AuthorID, PaperID) VALUES (157, 1702);
INSERT INTO Write (AuthorID, PaperID) VALUES (157, 1746);
INSERT INTO Write (AuthorID, PaperID) VALUES (157, 2056);
INSERT INTO Write (AuthorID, PaperID) VALUES (157, 2235);
INSERT INTO Write (AuthorID, PaperID) VALUES (157, 2259);
INSERT INTO Paper (PaperID, Title, Year, MDate, Key, DOI) VALUES (3378, 'SZTAKI @ ImageCLEF 2008: Visual Concept Detection.', 2008, '2014-09-29', 'conf/clef/DaroczyFB08', 'http://ceur-ws.org/Vol-1174/CLEF2008wn-ImageCLEF-DaroczyEt2008.pdf');
INSERT INTO Write (AuthorID, PaperID) VALUES (157, 3378);
INSERT INTO Author (AuthorID, Name) VALUES (158, 'Rickard C&ouml;ster');
INSERT INTO Write (AuthorID, PaperID) VALUES (158, 203);
INSERT INTO Write (AuthorID, PaperID) VALUES (158, 251);
INSERT INTO Write (AuthorID, PaperID) VALUES (158, 632);
INSERT INTO Write (AuthorID, PaperID) VALUES (158, 796);
INSERT INTO Write (AuthorID, PaperID) VALUES (158, 1202);
INSERT INTO Write (AuthorID, PaperID) VALUES (158, 1830);
INSERT INTO Write (AuthorID, PaperID) VALUES (158, 1852);
INSERT INTO Write (AuthorID, PaperID) VALUES (158, 2016);
INSERT INTO Write (AuthorID, PaperID) VALUES (158, 2084);
INSERT INTO Write (AuthorID, PaperID) VALUES (158, 2161);
INSERT INTO Write (AuthorID, PaperID) VALUES (158, 2559);
INSERT INTO Write (AuthorID, PaperID) VALUES (158, 3094);
INSERT INTO Author (AuthorID, Name) VALUES (159, 'Lee Gillam');
INSERT INTO Paper (PaperID, Title, Year, MDate, Key, DOI) VALUES (588, 'Adapting for Subject-Specific Term Length using Topic Cost in Author Verification - Notebook for PAN at CLEF 2015.', 2015, '2015-09-03', 'conf/clef/VartapetianceG15', 'http://ceur-ws.org/Vol-1391/112-CR.pdf');
INSERT INTO Write (AuthorID, PaperID) VALUES (159, 588);
INSERT INTO Paper (PaperID, Title, Year, MDate, Key, DOI) VALUES (972, 'A High-performance Plagiarism Detection System - Notebook for PAN at CLEF 2011.', 2011, '2014-09-24', 'conf/clef/CookeGWCA11', 'http://www.clef-initiative.eu/documents/71612/86377/CLEF2011wn-PAN-CookeEt2011.pdf');
INSERT INTO Write (AuthorID, PaperID) VALUES (159, 972);
INSERT INTO Paper (PaperID, Title, Year, MDate, Key, DOI) VALUES (1561, 'Evaluating Robustness for ''IPCRESS'': Surrey''s Text Alignment for Plagiarism Detection.', 2014, '2014-09-10', 'conf/clef/GillamN14', 'http://ceur-ws.org/Vol-1180/CLEF2014wn-Pan-GillamEt2014.pdf');
INSERT INTO Write (AuthorID, PaperID) VALUES (159, 1561);
INSERT INTO Paper (PaperID, Title, Year, MDate, Key, DOI) VALUES (1655, 'Guess Again and See if They Line up: Surrey''s Runs at Plagiarism Detection Notebook for PAN at CLEF 2013.', 2013, '2014-09-10', 'conf/clef/Gillam13', 'http://ceur-ws.org/Vol-1179/CLEF2013wn-PAN-Gillam2013.pdf');
INSERT INTO Write (AuthorID, PaperID) VALUES (159, 1655);
INSERT INTO Paper (PaperID, Title, Year, MDate, Key, DOI) VALUES (1846, 'A Trinity of Trials: Surrey''s 2014 Attempts at Author Verification.', 2014, '2014-09-10', 'conf/clef/VartapetianceG14', 'http://ceur-ws.org/Vol-1180/CLEF2014wn-Pan-VartapetianceEt2014.pdf');
INSERT INTO Write (AuthorID, PaperID) VALUES (159, 1846);
INSERT INTO Paper (PaperID, Title, Year, MDate, Key, DOI) VALUES (2017, 'Educated Guesses and Equality Judgments: Using Search Engines and Pairwise Match for External Plagiarism Detection.', 2012, '2014-09-24', 'conf/clef/GillamNC12', 'http://www.clef-initiative.eu/documents/71612/8b81f8e7-e353-4e37-816a-708c63c1d690');
INSERT INTO Write (AuthorID, PaperID) VALUES (159, 2017);
INSERT INTO Paper (PaperID, Title, Year, MDate, Key, DOI) VALUES (2138, 'Readability for Author Profiling? Notebook for PAN at CLEF 2013.', 2013, '2014-09-10', 'conf/clef/Gillam13a', 'http://ceur-ws.org/Vol-1179/CLEF2013wn-PAN-Gillam2013b.pdf');
INSERT INTO Write (AuthorID, PaperID) VALUES (159, 2138);
INSERT INTO Paper (PaperID, Title, Year, MDate, Key, DOI) VALUES (2715, 'A Big Increase in Known Unknowns: from Author Verification to Author Clustering.', 2016, '2016-08-11', 'conf/clef/VartapetianceG16', 'http://ceur-ws.org/Vol-1609/16091008.pdf');
INSERT INTO Write (AuthorID, PaperID) VALUES (159, 2715);
INSERT INTO Paper (PaperID, Title, Year, MDate, Key, DOI) VALUES (2921, 'Scene of Crime Information System: Playing at St. Andrews.', 2003, '2017-05-24', 'conf/clef/VrusiasTG03', 'https://doi.org/10.1007/978-3-540-30222-3_60');
INSERT INTO Write (AuthorID, PaperID) VALUES (159, 2921);
INSERT INTO Paper (PaperID, Title, Year, MDate, Key, DOI) VALUES (2991, 'Scene of Crime Information System: Playing at St. Andrews.', 2003, '2014-08-15', 'conf/clef/VrusiasTG03a', 'http://ceur-ws.org/Vol-1169/CLEF2003wn-ImageCLEF-VrusiasEt2003.pdf');
INSERT INTO Write (AuthorID, PaperID) VALUES (159, 2991);
INSERT INTO Paper (PaperID, Title, Year, MDate, Key, DOI) VALUES (3143, 'Quite Simple Approaches for Authorship Attribution, Intrinsic Plagiarism Detection and Sexual Predator Identification.', 2012, '2014-09-24', 'conf/clef/SalmasiG12', 'http://www.clef-initiative.eu/documents/71612/e37d89c9-4db1-4118-afb9-a05c04b1d0e5');
INSERT INTO Write (AuthorID, PaperID) VALUES (159, 3143);
INSERT INTO Paper (PaperID, Title, Year, MDate, Key, DOI) VALUES (3281, 'A Textual Modus Operandi: Surrey''s Simple System for Author Identification Notebook for PAN at CLEF 2013.', 2013, '2014-09-10', 'conf/clef/VartapetianceG13', 'http://ceur-ws.org/Vol-1179/CLEF2013wn-PAN-VartapetianceEt2013.pdf');
INSERT INTO Write (AuthorID, PaperID) VALUES (159, 3281);
INSERT INTO Author (AuthorID, Name) VALUES (160, 'Sophie Rosset');
INSERT INTO Write (AuthorID, PaperID) VALUES (160, 65);
INSERT INTO Paper (PaperID, Title, Year, MDate, Key, DOI) VALUES (1200, 'The LIMSI Multilingual, Multitask QAst System.', 2008, '2017-05-24', 'conf/clef/RossetGBBA08', 'https://doi.org/10.1007/978-3-642-04447-2_59');
INSERT INTO Write (AuthorID, PaperID) VALUES (160, 1200);
INSERT INTO Paper (PaperID, Title, Year, MDate, Key, DOI) VALUES (1532, 'The LIMSI Participation in the QAst Track.', 2007, '2017-05-24', 'conf/clef/RossetGAB07', 'https://doi.org/10.1007/978-3-540-85760-0_55');
INSERT INTO Write (AuthorID, PaperID) VALUES (160, 1532);
INSERT INTO Write (AuthorID, PaperID) VALUES (160, 1685);
INSERT INTO Write (AuthorID, PaperID) VALUES (160, 2190);
INSERT INTO Paper (PaperID, Title, Year, MDate, Key, DOI) VALUES (2223, 'The LIMSI Participation in the QAst 2009 Track: Experimenting on Answer Scoring.', 2009, '2017-05-24', 'conf/clef/BernardRGAB09', 'https://doi.org/10.1007/978-3-642-15754-7_33');
INSERT INTO Write (AuthorID, PaperID) VALUES (160, 2223);
INSERT INTO Write (AuthorID, PaperID) VALUES (160, 2316);
INSERT INTO Write (AuthorID, PaperID) VALUES (160, 2329);
INSERT INTO Write (AuthorID, PaperID) VALUES (160, 2446);
INSERT INTO Paper (PaperID, Title, Year, MDate, Key, DOI) VALUES (3131, 'LIMSI participation in the QAst 2009 track.', 2009, '2014-09-29', 'conf/clef/BernardRGBA09', 'http://ceur-ws.org/Vol-1175/CLEF2009wn-QACLEF-BernardEt2009.pdf');
INSERT INTO Write (AuthorID, PaperID) VALUES (160, 3131);
INSERT INTO Paper (PaperID, Title, Year, MDate, Key, DOI) VALUES (3300, 'The LIMSI Participation to the QAst Track.', 2008, '2014-09-29', 'conf/clef/RossetGBBA08a', 'http://ceur-ws.org/Vol-1174/CLEF2008wn-QACLEF-RossetEt2008.pdf');
INSERT INTO Write (AuthorID, PaperID) VALUES (160, 3300);
INSERT INTO Paper (PaperID, Title, Year, MDate, Key, DOI) VALUES (3439, 'The LIMSI Participation in the QAst Track.', 2007, '2014-09-23', 'conf/clef/RossetGAB07a', 'http://ceur-ws.org/Vol-1173/CLEF2007wn-QACLEF-RossetEt2007.pdf');
INSERT INTO Write (AuthorID, PaperID) VALUES (160, 3439);
INSERT INTO Author (AuthorID, Name) VALUES (161, 'Suzan Verberne');
INSERT INTO Write (AuthorID, PaperID) VALUES (161, 429);
INSERT INTO Paper (PaperID, Title, Year, MDate, Key, DOI) VALUES (491, 'Prior Art Retrieval using the Claims Section as a Bag of Words.', 2009, '2014-09-29', 'conf/clef/VerberneD09a', 'http://ceur-ws.org/Vol-1175/CLEF2009wn-CLEFIP-VerberneEt2009.pdf');
INSERT INTO Write (AuthorID, PaperID) VALUES (161, 491);
INSERT INTO Paper (PaperID, Title, Year, MDate, Key, DOI) VALUES (641, 'How does the Library Searcher Behave? A Contrastive Study of Library Search against Ad-hoc Search.', 2010, '2014-09-24', 'conf/clef/VerberneHHHKW10', 'http://www.clef-initiative.eu/documents/71612/86374/CLEF2010wn-LogCLEF-VerberneEt2010.pdf');
INSERT INTO Write (AuthorID, PaperID) VALUES (161, 641);
INSERT INTO Paper (PaperID, Title, Year, MDate, Key, DOI) VALUES (740, 'A Language-modelling Approach to User-Centred Health Information Retrieval.', 2014, '2014-09-10', 'conf/clef/Verberne14', 'http://ceur-ws.org/Vol-1180/CLEF2014wn-eHealth-Verberne2014.pdf');
INSERT INTO Write (AuthorID, PaperID) VALUES (161, 740);
INSERT INTO Paper (PaperID, Title, Year, MDate, Key, DOI) VALUES (940, 'Show Me How to Tie a Tie: Evaluation of Cross-Lingual Video Retrieval.', 2016, '2018-11-02', 'conf/clef/BraslavskiVT16', 'https://doi.org/10.1007/978-3-319-44564-9_1');
INSERT INTO Write (AuthorID, PaperID) VALUES (161, 940);
INSERT INTO Paper (PaperID, Title, Year, MDate, Key, DOI) VALUES (1442, 'Patent Classification Experiments with the Linguistic Classification System LCS.', 2010, '2014-09-24', 'conf/clef/VerberneVD10', 'http://www.clef-initiative.eu/documents/71612/86374/CLEF2010wn-CLEF-IP-VerberneEt2010.pdf');
INSERT INTO Write (AuthorID, PaperID) VALUES (161, 1442);
INSERT INTO Paper (PaperID, Title, Year, MDate, Key, DOI) VALUES (1818, 'Patent Classification Experiments with the Linguistic Classification System LCS in CLEF-IP 2011.', 2011, '2014-09-24', 'conf/clef/VerberneD11', 'http://ceur-ws.org/Vol-1177/CLEF2011wn-CLEF-IP-VerberneEt2011.pdf');
INSERT INTO Write (AuthorID, PaperID) VALUES (161, 1818);
INSERT INTO Paper (PaperID, Title, Year, MDate, Key, DOI) VALUES (1861, 'CLEF-IP 2010: Prior Art Retrieval Using the Different Sections in Patent Documents.', 2010, '2014-09-24', 'conf/clef/DhondtV10', 'http://www.clef-initiative.eu/documents/71612/86374/CLEF2010wn-CLEF-IP-DhondtEt2010.pdf');
INSERT INTO Write (AuthorID, PaperID) VALUES (161, 1861);
INSERT INTO Paper (PaperID, Title, Year, MDate, Key, DOI) VALUES (2021, 'Prior Art Retrieval Using the Claims Section as a Bag of Words.', 2009, '2018-11-02', 'conf/clef/VerberneD09', 'https://doi.org/10.1007/978-3-642-15754-7_60');
INSERT INTO Write (AuthorID, PaperID) VALUES (161, 2021);
INSERT INTO Write (AuthorID, PaperID) VALUES (161, 2601);
INSERT INTO Paper (PaperID, Title, Year, MDate, Key, DOI) VALUES (2617, 'Retrieval-based Question Answering for Machine Reading Evaluation.', 2011, '2014-09-24', 'conf/clef/Verberne11', 'http://www.clef-initiative.eu/documents/71612/86377/CLEF2011wn-QA4MRE-Verberne2011.pdf');
INSERT INTO Write (AuthorID, PaperID) VALUES (161, 2617);
INSERT INTO Paper (PaperID, Title, Year, MDate, Key, DOI) VALUES (3001, 'Combining Document Representations for Prior-art Retrieval.', 2011, '2014-09-24', 'conf/clef/DhondtVAC11', 'http://ceur-ws.org/Vol-1177/CLEF2011wn-CLEF-IP-DHondtEt2011.pdf');
INSERT INTO Write (AuthorID, PaperID) VALUES (161, 3001);
INSERT INTO Author (AuthorID, Name) VALUES (162, 'Mark Stevenson');
INSERT INTO Write (AuthorID, PaperID) VALUES (162, 318);
INSERT INTO Write (AuthorID, PaperID) VALUES (162, 834);
INSERT INTO Paper (PaperID, Title, Year, MDate, Key, DOI) VALUES (857, 'Topic Models and n-gram Language Models for Author Profiling - Notebook for PAN at CLEF 2015.', 2015, '2015-09-03', 'conf/clef/PoulstonSB15', 'http://ceur-ws.org/Vol-1391/32-CR.pdf');
INSERT INTO Write (AuthorID, PaperID) VALUES (162, 857);
INSERT INTO Paper (PaperID, Title, Year, MDate, Key, DOI) VALUES (861, 'Self-supervised Relation Extraction Using UMLS.', 2014, '2017-05-24', 'conf/clef/RollerS14', 'https://doi.org/10.1007/978-3-319-11382-1_12');
INSERT INTO Write (AuthorID, PaperID) VALUES (162, 861);
INSERT INTO Write (AuthorID, PaperID) VALUES (162, 938);
INSERT INTO Paper (PaperID, Title, Year, MDate, Key, DOI) VALUES (954, 'Exploring Word Embeddings and Character N-Grams for Author Clustering.', 2016, '2016-08-11', 'conf/clef/SariS16', 'http://ceur-ws.org/Vol-1609/16090984.pdf');
INSERT INTO Write (AuthorID, PaperID) VALUES (162, 954);
INSERT INTO Paper (PaperID, Title, Year, MDate, Key, DOI) VALUES (1331, 'Retrieving and Ranking Studies for Systematic Reviews: University of Sheffield''s Approach to CLEF eHealth 2018 Task 2.', 2018, '2018-08-08', 'conf/clef/AlharbiBS18', 'http://ceur-ws.org/Vol-2125/paper_169.pdf');
INSERT INTO Write (AuthorID, PaperID) VALUES (162, 1331);
INSERT INTO Paper (PaperID, Title, Year, MDate, Key, DOI) VALUES (1583, 'Ranking Abstracts to Identify Relevant Evidence for Systematic Reviews: The University of Sheffield''s Approach to CLEF eHealth 2017 Task 2.', 2017, '2017-08-15', 'conf/clef/AlharbiS17', 'http://ceur-ws.org/Vol-1866/paper_97.pdf');
INSERT INTO Write (AuthorID, PaperID) VALUES (162, 1583);
INSERT INTO Write (AuthorID, PaperID) VALUES (162, 2530);
INSERT INTO Paper (PaperID, Title, Year, MDate, Key, DOI) VALUES (2690, 'A Machine Learning-based Intrinsic Method for Cross-topic and Cross-genre Authorship Verification.', 2015, '2015-09-03', 'conf/clef/SariS15', 'http://ceur-ws.org/Vol-1391/24-CR.pdf');
INSERT INTO Write (AuthorID, PaperID) VALUES (162, 2690);
INSERT INTO Write (AuthorID, PaperID) VALUES (162, 2698);
INSERT INTO Paper (PaperID, Title, Year, MDate, Key, DOI) VALUES (2948, 'Using TF-IDF n-gram and Word Embedding Cluster Ensembles for Author Profiling.', 2017, '2017-08-15', 'conf/clef/PoulstonWS17', 'http://ceur-ws.org/Vol-1866/paper_72.pdf');
INSERT INTO Write (AuthorID, PaperID) VALUES (162, 2948);
INSERT INTO Author (AuthorID, Name) VALUES (163, 'Jos&eacute; Manuel G&oacute;mez Soriano');
INSERT INTO Write (AuthorID, PaperID) VALUES (163, 122);
INSERT INTO Paper (PaperID, Title, Year, MDate, Key, DOI) VALUES (1206, 'Using WordNet Relations and Semantic Classes in Information Retrieval Tasks.', 2009, '2017-09-16', 'conf/clef/FernandezIG09', 'https://doi.org/10.1007/978-3-642-15754-7_19');
INSERT INTO Write (AuthorID, PaperID) VALUES (163, 1206);
INSERT INTO Write (AuthorID, PaperID) VALUES (163, 1415);
INSERT INTO Write (AuthorID, PaperID) VALUES (163, 2010);
INSERT INTO Write (AuthorID, PaperID) VALUES (163, 2077);
INSERT INTO Write (AuthorID, PaperID) VALUES (163, 2218);
INSERT INTO Write (AuthorID, PaperID) VALUES (163, 2232);
INSERT INTO Write (AuthorID, PaperID) VALUES (163, 2733);
INSERT INTO Write (AuthorID, PaperID) VALUES (163, 2927);
INSERT INTO Write (AuthorID, PaperID) VALUES (163, 2942);
INSERT INTO Write (AuthorID, PaperID) VALUES (163, 3462);
INSERT INTO Write (AuthorID, PaperID) VALUES (163, 3485);
INSERT INTO Author (AuthorID, Name) VALUES (164, 'Thamar Solorio');
INSERT INTO Write (AuthorID, PaperID) VALUES (164, 341);
INSERT INTO Write (AuthorID, PaperID) VALUES (164, 512);
INSERT INTO Paper (PaperID, Title, Year, MDate, Key, DOI) VALUES (858, 'Using Wide Range of Features for Author profiling.', 2015, '2015-09-03', 'conf/clef/MaharjanS15', 'http://ceur-ws.org/Vol-1391/153-CR.pdf');
INSERT INTO Write (AuthorID, PaperID) VALUES (164, 858);
INSERT INTO Write (AuthorID, PaperID) VALUES (164, 1260);
INSERT INTO Paper (PaperID, Title, Year, MDate, Key, DOI) VALUES (1339, 'Using a Variety of n-Grams for the Detection of Different Kinds of Plagiarism Notebook for PAN at CLEF 2013.', 2013, '2014-09-10', 'conf/clef/ShresthaS13', 'http://ceur-ws.org/Vol-1179/CLEF2013wn-PAN-ShresthaEt2013.pdf');
INSERT INTO Write (AuthorID, PaperID) VALUES (164, 1339);
INSERT INTO Paper (PaperID, Title, Year, MDate, Key, DOI) VALUES (1715, 'A Simple Approach to Author Profiling in MapReduce.', 2014, '2014-09-10', 'conf/clef/MaharjanSS14', 'http://ceur-ws.org/Vol-1180/CLEF2014wn-Pan-MaharjanEt2014.pdf');
INSERT INTO Write (AuthorID, PaperID) VALUES (164, 1715);
INSERT INTO Paper (PaperID, Title, Year, MDate, Key, DOI) VALUES (1777, 'Evaluation of YTEX and MetaMap for Clinical Concept Recognition.', 2013, '2014-09-10', 'conf/clef/OsborneGS13', 'http://ceur-ws.org/Vol-1179/CLEF2013wn-CLEFeHealth-OsborneEt2013.pdf');
INSERT INTO Write (AuthorID, PaperID) VALUES (164, 1777);
INSERT INTO Paper (PaperID, Title, Year, MDate, Key, DOI) VALUES (2606, 'Sub-Profiling by Linguistic Dimensions to Solve the Authorship Attribution Task.', 2012, '2014-09-24', 'conf/clef/SapkotaS12', 'http://www.clef-initiative.eu/documents/71612/5013ee2c-7e06-4a54-bd7d-db0654c22b82');
INSERT INTO Write (AuthorID, PaperID) VALUES (164, 2606);
INSERT INTO Write (AuthorID, PaperID) VALUES (164, 2640);
INSERT INTO Write (AuthorID, PaperID) VALUES (164, 2983);
INSERT INTO Write (AuthorID, PaperID) VALUES (164, 3122);
INSERT INTO Paper (PaperID, Title, Year, MDate, Key, DOI) VALUES (3473, 'Machine Translation Evaluation Metric for Text Alignment.', 2014, '2014-09-10', 'conf/clef/ShresthaMS14', 'http://ceur-ws.org/Vol-1180/CLEF2014wn-Pan-ShresthaEt2014.pdf');
INSERT INTO Write (AuthorID, PaperID) VALUES (164, 3473);
INSERT INTO Author (AuthorID, Name) VALUES (165, 'Paulo Rocha');
INSERT INTO Write (AuthorID, PaperID) VALUES (165, 76);
INSERT INTO Write (AuthorID, PaperID) VALUES (165, 142);
INSERT INTO Write (AuthorID, PaperID) VALUES (165, 300);
INSERT INTO Write (AuthorID, PaperID) VALUES (165, 633);
INSERT INTO Write (AuthorID, PaperID) VALUES (165, 907);
INSERT INTO Write (AuthorID, PaperID) VALUES (165, 1205);
INSERT INTO Write (AuthorID, PaperID) VALUES (165, 1439);
INSERT INTO Write (AuthorID, PaperID) VALUES (165, 1543);
INSERT INTO Write (AuthorID, PaperID) VALUES (165, 2836);
INSERT INTO Write (AuthorID, PaperID) VALUES (165, 2864);
INSERT INTO Write (AuthorID, PaperID) VALUES (165, 3147);
INSERT INTO Write (AuthorID, PaperID) VALUES (165, 3373);
INSERT INTO Author (AuthorID, Name) VALUES (166, 'Joo-Hwee Lim');
INSERT INTO Write (AuthorID, PaperID) VALUES (166, 45);
INSERT INTO Write (AuthorID, PaperID) VALUES (166, 567);
INSERT INTO Write (AuthorID, PaperID) VALUES (166, 676);
INSERT INTO Write (AuthorID, PaperID) VALUES (166, 1292);
INSERT INTO Paper (PaperID, Title, Year, MDate, Key, DOI) VALUES (1380, 'VC-I2R@ImageCLEF2017: Ensemble of Deep Learned Features for Lifelog Video Summarization.', 2017, '2017-08-15', 'conf/clef/MolinoMLLSC17', 'http://ceur-ws.org/Vol-1866/paper_86.pdf');
INSERT INTO Write (AuthorID, PaperID) VALUES (166, 1380);
INSERT INTO Write (AuthorID, PaperID) VALUES (166, 1717);
INSERT INTO Write (AuthorID, PaperID) VALUES (166, 2067);
INSERT INTO Write (AuthorID, PaperID) VALUES (166, 2647);
INSERT INTO Write (AuthorID, PaperID) VALUES (166, 3132);
INSERT INTO Write (AuthorID, PaperID) VALUES (166, 3282);
INSERT INTO Paper (PaperID, Title, Year, MDate, Key, DOI) VALUES (3330, 'I2R at ImageCLEF Photo Retrieval 2009.', 2009, '2014-09-29', 'conf/clef/GaoL09a', 'http://ceur-ws.org/Vol-1175/CLEF2009wn-ImageCLEF-GaoEt2009.pdf');
INSERT INTO Write (AuthorID, PaperID) VALUES (166, 3330);
INSERT INTO Write (AuthorID, PaperID) VALUES (166, 3374);
INSERT INTO Author (AuthorID, Name) VALUES (167, 'Ivan Eggel');
INSERT INTO Write (AuthorID, PaperID) VALUES (167, 52);
INSERT INTO Write (AuthorID, PaperID) VALUES (167, 631);
INSERT INTO Write (AuthorID, PaperID) VALUES (167, 1168);
INSERT INTO Write (AuthorID, PaperID) VALUES (167, 1505);
INSERT INTO Write (AuthorID, PaperID) VALUES (167, 2125);
INSERT INTO Write (AuthorID, PaperID) VALUES (167, 2252);
INSERT INTO Write (AuthorID, PaperID) VALUES (167, 2271);
INSERT INTO Write (AuthorID, PaperID) VALUES (167, 2615);
INSERT INTO Write (AuthorID, PaperID) VALUES (167, 2667);
INSERT INTO Write (AuthorID, PaperID) VALUES (167, 3141);
INSERT INTO Write (AuthorID, PaperID) VALUES (167, 3167);
INSERT INTO Write (AuthorID, PaperID) VALUES (167, 3504);
INSERT INTO Author (AuthorID, Name) VALUES (168, 'Prasenjit Majumder');
INSERT INTO Paper (PaperID, Title, Year, MDate, Key, DOI) VALUES (178, 'Statistical vs. Rule-Based Stemming for Monolingual French Retrieval.', 2006, '2017-05-24', 'conf/clef/MajumderMD06', 'https://doi.org/10.1007/978-3-540-74999-8_14');
INSERT INTO Write (AuthorID, PaperID) VALUES (168, 178);
INSERT INTO Paper (PaperID, Title, Year, MDate, Key, DOI) VALUES (312, 'Hungarian and Czech Stemming using YASS.', 2007, '2014-09-23', 'conf/clef/MajumderMP07a', 'http://ceur-ws.org/Vol-1173/CLEF2007wn-adhoc-MajumderEt2007.pdf');
INSERT INTO Write (AuthorID, PaperID) VALUES (168, 312);
INSERT INTO Paper (PaperID, Title, Year, MDate, Key, DOI) VALUES (978, 'External Plagiarism Detection: N-Gram Approach Using Named Entity Recognizer - Lab Report for PAN at CLEF 2010.', 2010, '2014-09-24', 'conf/clef/GuptaRM10', 'http://www.clef-initiative.eu/documents/71612/86374/CLEF2010wn-PAN-GuptaEt2010.pdf');
INSERT INTO Write (AuthorID, PaperID) VALUES (168, 978);
INSERT INTO Paper (PaperID, Title, Year, MDate, Key, DOI) VALUES (1347, 'Author Masking through Translation.', 2016, '2016-08-11', 'conf/clef/KeswaniT0M16', 'http://ceur-ws.org/Vol-1609/16090890.pdf');
INSERT INTO Write (AuthorID, PaperID) VALUES (168, 1347);
INSERT INTO Paper (PaperID, Title, Year, MDate, Key, DOI) VALUES (1395, 'Cosine Similarity as Machine Reading Technique.', 2011, '2014-09-24', 'conf/clef/AroraM11', 'http://www.clef-initiative.eu/documents/71612/86377/CLEF2011wn-QA4MRE-AroraEt2011.pdf');
INSERT INTO Write (AuthorID, PaperID) VALUES (168, 1395);
INSERT INTO Paper (PaperID, Title, Year, MDate, Key, DOI) VALUES (1564, 'External 800Aamp; Intrinsic Plagiarism Detection: VSM 800Aamp; Discourse Markers based Approach - Notebook for PAN at CLEF 2011.', 2011, '2014-09-24', 'conf/clef/RaoGSM11', 'http://www.clef-initiative.eu/documents/71612/86377/CLEF2011wn-PAN-RaoEt2011.pdf');
INSERT INTO Write (AuthorID, PaperID) VALUES (168, 1564);
INSERT INTO Paper (PaperID, Title, Year, MDate, Key, DOI) VALUES (1794, 'Team IRLabDAIICT at ShARe/CLEF eHealth 2014 Task 3: User-centered Information Retrieval System for Clinical Documents.', 2014, '2014-09-10', 'conf/clef/ThakkarISM14', 'http://ceur-ws.org/Vol-1180/CLEF2014wn-eHealth-ThakkarEt2014.pdf');
INSERT INTO Write (AuthorID, PaperID) VALUES (168, 1794);
INSERT INTO Paper (PaperID, Title, Year, MDate, Key, DOI) VALUES (2664, 'Bulgarian, Hungarian and Czech Stemming Using YASS.', 2007, '2017-05-24', 'conf/clef/MajumderMP07', 'https://doi.org/10.1007/978-3-540-85760-0_6');
INSERT INTO Write (AuthorID, PaperID) VALUES (168, 2664);
INSERT INTO Paper (PaperID, Title, Year, MDate, Key, DOI) VALUES (2760, 'Question Answering System: Retrieving Relevant Passages.', 2010, '2014-09-24', 'conf/clef/SabnaniM10', 'http://www.clef-initiative.eu/documents/71612/86374/CLEF2010wn-MLQA10-SabnaniEt2010.pdf');
INSERT INTO Write (AuthorID, PaperID) VALUES (168, 2760);
INSERT INTO Paper (PaperID, Title, Year, MDate, Key, DOI) VALUES (2764, 'Statistical vs. Rule-Based Stemming for Monolingual French Retrieval.', 2006, '2014-08-15', 'conf/clef/MajumderMD06a', 'http://ceur-ws.org/Vol-1172/CLEF2006wn-adhoc-MajumderEt2006.pdf');
INSERT INTO Write (AuthorID, PaperID) VALUES (168, 2764);
INSERT INTO Paper (PaperID, Title, Year, MDate, Key, DOI) VALUES (3056, 'Passage Retrieval for Tweet Contextualization at INEX 2012.', 2012, '2014-09-24', 'conf/clef/BandyopadhyayPMMG12', 'http://www.clef-initiative.eu/documents/71612/b40dd487-1b0a-4a73-833a-2580fd643e8f');
INSERT INTO Write (AuthorID, PaperID) VALUES (168, 3056);
INSERT INTO Author (AuthorID, Name) VALUES (169, 'Theodora Tsikrika');
INSERT INTO Paper (PaperID, Title, Year, MDate, Key, DOI) VALUES (363, 'Overview of the WikipediaMM Task at ImageCLEF 2009.', 2009, '2017-05-24', 'conf/clef/TsikrikaK09', 'https://doi.org/10.1007/978-3-642-15751-6_7');
INSERT INTO Write (AuthorID, PaperID) VALUES (169, 363);
INSERT INTO Write (AuthorID, PaperID) VALUES (169, 503);
INSERT INTO Write (AuthorID, PaperID) VALUES (169, 798);
INSERT INTO Write (AuthorID, PaperID) VALUES (169, 871);
INSERT INTO Paper (PaperID, Title, Year, MDate, Key, DOI) VALUES (1032, 'Overview of the WikipediaMM Task at ImageCLEF 2009.', 2009, '2014-09-29', 'conf/clef/TsikrikaK09a', 'http://ceur-ws.org/Vol-1175/CLEF2009wn-ImageCLEF-TsikrikaEt2009a.pdf');
INSERT INTO Write (AuthorID, PaperID) VALUES (169, 1032);
INSERT INTO Write (AuthorID, PaperID) VALUES (169, 1483);
INSERT INTO Paper (PaperID, Title, Year, MDate, Key, DOI) VALUES (1616, 'Overview of the WikipediaMM Task at ImageCLEF 2008.', 2008, '2017-05-24', 'conf/clef/TsikrikaK08', 'https://doi.org/10.1007/978-3-642-04447-2_66');
INSERT INTO Write (AuthorID, PaperID) VALUES (169, 1616);
INSERT INTO Write (AuthorID, PaperID) VALUES (169, 1985);
INSERT INTO Write (AuthorID, PaperID) VALUES (169, 2055);
INSERT INTO Paper (PaperID, Title, Year, MDate, Key, DOI) VALUES (2884, 'Overview of the wikipediaMM task at ImageCLEF 2008.', 2008, '2014-09-29', 'conf/clef/TsikrikaK08a', 'http://ceur-ws.org/Vol-1174/CLEF2008wn-ImageCLEF-TsikrikaEt2008.pdf');
INSERT INTO Write (AuthorID, PaperID) VALUES (169, 2884);
INSERT INTO Write (AuthorID, PaperID) VALUES (169, 3141);
INSERT INTO Author (AuthorID, Name) VALUES (170, 'Teresa Gon&ccedil;alves');
INSERT INTO Write (AuthorID, PaperID) VALUES (170, 111);
INSERT INTO Paper (PaperID, Title, Year, MDate, Key, DOI) VALUES (413, 'UEvora at CLEF eHealth 2017 Task 3.', 2017, '2017-08-15', 'conf/clef/YangG17', 'http://ceur-ws.org/Vol-1866/paper_105.pdf');
INSERT INTO Write (AuthorID, PaperID) VALUES (170, 413);
INSERT INTO Write (AuthorID, PaperID) VALUES (170, 458);
INSERT INTO Paper (PaperID, Title, Year, MDate, Key, DOI) VALUES (942, 'Author Profiling Using Support Vector Machines.', 2016, '2016-08-11', 'conf/clef/DeyabDG16', 'http://ceur-ws.org/Vol-1609/16090805.pdf');
INSERT INTO Write (AuthorID, PaperID) VALUES (170, 942);
INSERT INTO Paper (PaperID, Title, Year, MDate, Key, DOI) VALUES (968, 'Multilingual Author Profiling using LSTMs: Notebook for PAN at CLEF 2018.', 2018, '2018-08-08', 'conf/clef/BayotG18', 'http://ceur-ws.org/Vol-2125/paper_185.pdf');
INSERT INTO Write (AuthorID, PaperID) VALUES (170, 968);
INSERT INTO Paper (PaperID, Title, Year, MDate, Key, DOI) VALUES (1857, 'Author Profiling using SVMs and Word Embedding Averages.', 2016, '2016-08-11', 'conf/clef/BayotG16', 'http://ceur-ws.org/Vol-1609/16090815.pdf');
INSERT INTO Write (AuthorID, PaperID) VALUES (170, 1857);
INSERT INTO Paper (PaperID, Title, Year, MDate, Key, DOI) VALUES (2074, 'Author Profiling of Twitter Users: Notebook for PAN at CLEF 2015.', 2015, '2015-09-03', 'conf/clef/BayotGQ15', 'http://ceur-ws.org/Vol-1391/123-CR.pdf');
INSERT INTO Write (AuthorID, PaperID) VALUES (170, 2074);
INSERT INTO Paper (PaperID, Title, Year, MDate, Key, DOI) VALUES (2123, 'A Compound Model for Consumer Health Search.', 2017, '2018-08-20', 'conf/clef/YangG17a', 'https://doi.org/10.1007/978-3-319-98932-7_22');
INSERT INTO Write (AuthorID, PaperID) VALUES (170, 2123);
INSERT INTO Paper (PaperID, Title, Year, MDate, Key, DOI) VALUES (2285, 'Age and Gender Identification using Stacking for Classification.', 2016, '2016-08-11', 'conf/clef/AgrawalG16', 'http://ceur-ws.org/Vol-1609/16090785.pdf');
INSERT INTO Write (AuthorID, PaperID) VALUES (170, 2285);
INSERT INTO Paper (PaperID, Title, Year, MDate, Key, DOI) VALUES (2354, 'Improving Personalized Consumer Health Search: Notebook for eHealth at CLEF 2018.', 2018, '2018-08-08', 'conf/clef/YangG18', 'http://ceur-ws.org/Vol-2125/paper_195.pdf');
INSERT INTO Write (AuthorID, PaperID) VALUES (170, 2354);
INSERT INTO Paper (PaperID, Title, Year, MDate, Key, DOI) VALUES (2846, 'Texture Analysis from 3D Model and Individual Slice Extraction for Tuberculosis MDR Detection, Type Classification and Severity Scoring.', 2018, '2018-08-08', 'conf/clef/AhmedSJGR18', 'http://ceur-ws.org/Vol-2125/paper_136.pdf');
INSERT INTO Write (AuthorID, PaperID) VALUES (170, 2846);
INSERT INTO Author (AuthorID, Name) VALUES (171, 'Manuel Garc&iacute;a Vega');
