INSERT INTO Write (AuthorID, PaperID) VALUES (1809, 3420);
INSERT INTO Author (AuthorID, Name) VALUES (1810, 'Pierre Chatain');
INSERT INTO Write (AuthorID, PaperID) VALUES (1810, 2277);
INSERT INTO Write (AuthorID, PaperID) VALUES (1810, 3289);
INSERT INTO Author (AuthorID, Name) VALUES (1811, 'Keith Curtis');
INSERT INTO Write (AuthorID, PaperID) VALUES (1811, 1328);
INSERT INTO Write (AuthorID, PaperID) VALUES (1811, 1519);
INSERT INTO Author (AuthorID, Name) VALUES (1812, 'P&eacute;ter Sch&ouml;nhofen');
INSERT INTO Write (AuthorID, PaperID) VALUES (1812, 1148);
INSERT INTO Write (AuthorID, PaperID) VALUES (1812, 2699);
INSERT INTO Author (AuthorID, Name) VALUES (1813, 'Mohannad Almasri');
INSERT INTO Write (AuthorID, PaperID) VALUES (1813, 144);
INSERT INTO Write (AuthorID, PaperID) VALUES (1813, 3103);
INSERT INTO Author (AuthorID, Name) VALUES (1814, 'Joan-Andreu S&aacute;nchez');
INSERT INTO Write (AuthorID, PaperID) VALUES (1814, 33);
INSERT INTO Write (AuthorID, PaperID) VALUES (1814, 82);
INSERT INTO Author (AuthorID, Name) VALUES (1815, 'Senja Pollak');
INSERT INTO Write (AuthorID, PaperID) VALUES (1815, 1724);
INSERT INTO Write (AuthorID, PaperID) VALUES (1815, 2214);
INSERT INTO Author (AuthorID, Name) VALUES (1816, 'Tim J. Brailsford');
INSERT INTO Write (AuthorID, PaperID) VALUES (1816, 579);
INSERT INTO Write (AuthorID, PaperID) VALUES (1816, 1502);
INSERT INTO Author (AuthorID, Name) VALUES (1817, 'Peter Howarth');
INSERT INTO Write (AuthorID, PaperID) VALUES (1817, 2732);
INSERT INTO Write (AuthorID, PaperID) VALUES (1817, 3270);
INSERT INTO Author (AuthorID, Name) VALUES (1818, 'Michail Salampasis');
INSERT INTO Paper (PaperID, Title, Year, MDate, Key, DOI) VALUES (1553, 'Report on the CLEF-IP 2013 Experiments: Multilayer Collection Selection on Topically Organized Patents.', 2013, '2014-09-10', 'conf/clef/GiachanouSSS13', 'http://ceur-ws.org/Vol-1179/CLEF2013wn-CLEFIP-GiachanouEt2013.pdf');
INSERT INTO Write (AuthorID, PaperID) VALUES (1818, 1553);
INSERT INTO Paper (PaperID, Title, Year, MDate, Key, DOI) VALUES (1577, 'Report on the CLEF-IP 2012 Experiments: Search of Topically Organized Patents.', 2012, '2014-09-24', 'conf/clef/SalampasisPG12', 'http://www.clef-initiative.eu/documents/71612/e3686082-c3c4-4f40-a3e5-1f011ddd380d');
INSERT INTO Write (AuthorID, PaperID) VALUES (1818, 1577);
INSERT INTO Author (AuthorID, Name) VALUES (1819, 'Padmini Srinivasan');
INSERT INTO Write (AuthorID, PaperID) VALUES (1819, 2078);
INSERT INTO Write (AuthorID, PaperID) VALUES (1819, 2660);
INSERT INTO Author (AuthorID, Name) VALUES (1820, 'Stephen T. Wu');
INSERT INTO Write (AuthorID, PaperID) VALUES (1820, 2573);
INSERT INTO Write (AuthorID, PaperID) VALUES (1820, 2677);
INSERT INTO Author (AuthorID, Name) VALUES (1821, 'David S. Batista');
INSERT INTO Write (AuthorID, PaperID) VALUES (1821, 2847);
INSERT INTO Write (AuthorID, PaperID) VALUES (1821, 3510);
INSERT INTO Author (AuthorID, Name) VALUES (1822, 'Guanglai Gao');
INSERT INTO Write (AuthorID, PaperID) VALUES (1822, 288);
INSERT INTO Write (AuthorID, PaperID) VALUES (1822, 1050);
INSERT INTO Author (AuthorID, Name) VALUES (1823, 'Dina Vishnyakova');
INSERT INTO Write (AuthorID, PaperID) VALUES (1823, 1821);
INSERT INTO Write (AuthorID, PaperID) VALUES (1823, 3120);
INSERT INTO Author (AuthorID, Name) VALUES (1824, 'Changhua Yang');
INSERT INTO Write (AuthorID, PaperID) VALUES (1824, 173);
INSERT INTO Write (AuthorID, PaperID) VALUES (1824, 917);
INSERT INTO Author (AuthorID, Name) VALUES (1825, 'Ga&euml;l de Chalendar');
INSERT INTO Write (AuthorID, PaperID) VALUES (1825, 957);
INSERT INTO Write (AuthorID, PaperID) VALUES (1825, 3077);
INSERT INTO Author (AuthorID, Name) VALUES (1826, 'Oliver Pimas');
INSERT INTO Write (AuthorID, PaperID) VALUES (1826, 520);
INSERT INTO Write (AuthorID, PaperID) VALUES (1826, 3353);
INSERT INTO Author (AuthorID, Name) VALUES (1827, 'Teresita Frizzarin');
INSERT INTO Write (AuthorID, PaperID) VALUES (1827, 945);
INSERT INTO Write (AuthorID, PaperID) VALUES (1827, 3209);
INSERT INTO Author (AuthorID, Name) VALUES (1828, 'Wen-Yuan Hsiao');
INSERT INTO Paper (PaperID, Title, Year, MDate, Key, DOI) VALUES (2026, 'Cross-Language Information Retrieval using Dutch Query Translation.', 2000, '2014-08-15', 'conf/clef/DiekemaH00a', 'http://ceur-ws.org/Vol-1166/CLEF2000wn-adhoc-DiekemaEt2000.pdf');
INSERT INTO Write (AuthorID, PaperID) VALUES (1828, 2026);
INSERT INTO Write (AuthorID, PaperID) VALUES (1828, 2526);
INSERT INTO Author (AuthorID, Name) VALUES (1829, 'Ander Soraluze');
INSERT INTO Write (AuthorID, PaperID) VALUES (1829, 1155);
INSERT INTO Write (AuthorID, PaperID) VALUES (1829, 1446);
INSERT INTO Author (AuthorID, Name) VALUES (1830, 'Julien Mille');
INSERT INTO Write (AuthorID, PaperID) VALUES (1830, 1534);
INSERT INTO Write (AuthorID, PaperID) VALUES (1830, 2024);
INSERT INTO Author (AuthorID, Name) VALUES (1831, 'Elaine Toms');
INSERT INTO Write (AuthorID, PaperID) VALUES (1831, 1546);
INSERT INTO Write (AuthorID, PaperID) VALUES (1831, 2939);
INSERT INTO Author (AuthorID, Name) VALUES (1832, 'Benjamin Piwowarski');
INSERT INTO Write (AuthorID, PaperID) VALUES (1832, 893);
INSERT INTO Write (AuthorID, PaperID) VALUES (1832, 2162);
INSERT INTO Author (AuthorID, Name) VALUES (1833, 'Johan Marty');
INSERT INTO Write (AuthorID, PaperID) VALUES (1833, 2002);
INSERT INTO Write (AuthorID, PaperID) VALUES (1833, 3333);
INSERT INTO Author (AuthorID, Name) VALUES (1834, 'Jan Van Balen');
INSERT INTO Write (AuthorID, PaperID) VALUES (1834, 1603);
INSERT INTO Write (AuthorID, PaperID) VALUES (1834, 2674);
INSERT INTO Author (AuthorID, Name) VALUES (1835, 'Tim Gollins');
INSERT INTO Write (AuthorID, PaperID) VALUES (1835, 533);
INSERT INTO Write (AuthorID, PaperID) VALUES (1835, 1091);
INSERT INTO Author (AuthorID, Name) VALUES (1836, 'Juan Pablo Posadas-Dur&aacute;n');
INSERT INTO Write (AuthorID, PaperID) VALUES (1836, 2303);
INSERT INTO Write (AuthorID, PaperID) VALUES (1836, 2599);
INSERT INTO Author (AuthorID, Name) VALUES (1837, 'Philipp Gross');
INSERT INTO Write (AuthorID, PaperID) VALUES (1837, 292);
INSERT INTO Write (AuthorID, PaperID) VALUES (1837, 1056);
INSERT INTO Author (AuthorID, Name) VALUES (1838, 'Jos&eacute; Mar&iacute;a Guirao');
INSERT INTO Write (AuthorID, PaperID) VALUES (1838, 1278);
INSERT INTO Write (AuthorID, PaperID) VALUES (1838, 3046);
INSERT INTO Author (AuthorID, Name) VALUES (1839, 'Hideo Itoh');
INSERT INTO Write (AuthorID, PaperID) VALUES (1839, 449);
INSERT INTO Write (AuthorID, PaperID) VALUES (1839, 1325);
INSERT INTO Author (AuthorID, Name) VALUES (1840, 'Kristy Hollingshead');
INSERT INTO Write (AuthorID, PaperID) VALUES (1840, 2254);
INSERT INTO Write (AuthorID, PaperID) VALUES (1840, 3391);
INSERT INTO Author (AuthorID, Name) VALUES (1841, 'Qi Zhang');
INSERT INTO Write (AuthorID, PaperID) VALUES (1841, 1405);
INSERT INTO Write (AuthorID, PaperID) VALUES (1841, 2386);
INSERT INTO Author (AuthorID, Name) VALUES (1842, 'Matthias Liebeck');
INSERT INTO Write (AuthorID, PaperID) VALUES (1842, 688);
INSERT INTO Write (AuthorID, PaperID) VALUES (1842, 2290);
INSERT INTO Author (AuthorID, Name) VALUES (1843, 'Mikhail S. Ageev');
INSERT INTO Write (AuthorID, PaperID) VALUES (1843, 1416);
INSERT INTO Write (AuthorID, PaperID) VALUES (1843, 3407);
INSERT INTO Author (AuthorID, Name) VALUES (1844, 'Sameer Kulkarni');
INSERT INTO Write (AuthorID, PaperID) VALUES (1844, 1373);
INSERT INTO Write (AuthorID, PaperID) VALUES (1844, 2517);
INSERT INTO Author (AuthorID, Name) VALUES (1845, 'Bonnie J. Dorr');
INSERT INTO Write (AuthorID, PaperID) VALUES (1845, 1946);
INSERT INTO Write (AuthorID, PaperID) VALUES (1845, 2970);
INSERT INTO Author (AuthorID, Name) VALUES (1846, 'Natalia V. Loukachevitch');
INSERT INTO Write (AuthorID, PaperID) VALUES (1846, 1416);
INSERT INTO Write (AuthorID, PaperID) VALUES (1846, 3407);
INSERT INTO Author (AuthorID, Name) VALUES (1847, 'Samer Hassan 0002');
INSERT INTO Write (AuthorID, PaperID) VALUES (1847, 1010);
INSERT INTO Write (AuthorID, PaperID) VALUES (1847, 2966);
INSERT INTO Author (AuthorID, Name) VALUES (1848, 'Graeme W. Blackwood');
INSERT INTO Write (AuthorID, PaperID) VALUES (1848, 258);
INSERT INTO Write (AuthorID, PaperID) VALUES (1848, 2387);
INSERT INTO Author (AuthorID, Name) VALUES (1849, 'Mark Cieliebak');
INSERT INTO Paper (PaperID, Title, Year, MDate, Key, DOI) VALUES (625, 'Word Unigram Weighing for Author Profiling at PAN 2018: Notebook for PAN at CLEF 2018.', 2018, '2018-08-08', 'conf/clef/DanikenGC18', 'http://ceur-ws.org/Vol-2125/paper_135.pdf');
INSERT INTO Write (AuthorID, PaperID) VALUES (1849, 625);
INSERT INTO Paper (PaperID, Title, Year, MDate, Key, DOI) VALUES (1097, 'Author Profiling with Bidirectional RNNs using Attention with GRUs.', 2017, '2017-08-15', 'conf/clef/KodiyanHNC17', 'http://ceur-ws.org/Vol-1866/paper_77.pdf');
INSERT INTO Write (AuthorID, PaperID) VALUES (1849, 1097);
INSERT INTO Author (AuthorID, Name) VALUES (1850, 'Naoki Motohashi');
INSERT INTO Write (AuthorID, PaperID) VALUES (1850, 986);
INSERT INTO Write (AuthorID, PaperID) VALUES (1850, 2153);
INSERT INTO Author (AuthorID, Name) VALUES (1851, 'Wauter Bosma');
INSERT INTO Write (AuthorID, PaperID) VALUES (1851, 534);
INSERT INTO Write (AuthorID, PaperID) VALUES (1851, 935);
INSERT INTO Author (AuthorID, Name) VALUES (1852, 'Irene D&iacute;az');
INSERT INTO Write (AuthorID, PaperID) VALUES (1852, 1244);
INSERT INTO Write (AuthorID, PaperID) VALUES (1852, 1683);
INSERT INTO Author (AuthorID, Name) VALUES (1853, 'Josine Rawee');
INSERT INTO Write (AuthorID, PaperID) VALUES (1853, 947);
INSERT INTO Write (AuthorID, PaperID) VALUES (1853, 1826);
INSERT INTO Author (AuthorID, Name) VALUES (1854, 'Sebastian Werner');
INSERT INTO Write (AuthorID, PaperID) VALUES (1854, 3264);
INSERT INTO Write (AuthorID, PaperID) VALUES (1854, 3430);
INSERT INTO Author (AuthorID, Name) VALUES (1855, 'M. Ashraful Amin');
INSERT INTO Write (AuthorID, PaperID) VALUES (1855, 1779);
INSERT INTO Write (AuthorID, PaperID) VALUES (1855, 2308);
INSERT INTO Author (AuthorID, Name) VALUES (1856, 'Kim Luyckx');
INSERT INTO Paper (PaperID, Title, Year, MDate, Key, DOI) VALUES (1759, 'Authorship Identification of E-mail as a Multi-Class Task - Notebook for PAN at CLEF 2011.', 2011, '2014-09-24', 'conf/clef/Luyckx11', 'http://www.clef-initiative.eu/documents/71612/86377/CLEF2011wn-PAN-Luyckx2011.pdf');
INSERT INTO Write (AuthorID, PaperID) VALUES (1856, 1759);
INSERT INTO Write (AuthorID, PaperID) VALUES (1856, 2278);
INSERT INTO Author (AuthorID, Name) VALUES (1857, 'Jean-Fran&ccedil;ois Lavall&eacute;e');
INSERT INTO Paper (PaperID, Title, Year, MDate, Key, DOI) VALUES (908, 'Morphological Acquisition by Formal Analogy.', 2009, '2014-09-30', 'conf/clef/LavalleeL09a', 'http://ceur-ws.org/Vol-1175/CLEF2009wn-MorphoChallenge-LavalleeEt2009.pdf');
INSERT INTO Write (AuthorID, PaperID) VALUES (1857, 908);
INSERT INTO Paper (PaperID, Title, Year, MDate, Key, DOI) VALUES (2893, 'Unsupervised Morphological Analysis by Formal Analogy.', 2009, '2017-05-24', 'conf/clef/LavalleeL09', 'https://doi.org/10.1007/978-3-642-15754-7_74');
INSERT INTO Write (AuthorID, PaperID) VALUES (1857, 2893);
INSERT INTO Author (AuthorID, Name) VALUES (1858, 'Sameer Rao');
INSERT INTO Write (AuthorID, PaperID) VALUES (1858, 978);
INSERT INTO Write (AuthorID, PaperID) VALUES (1858, 1564);
INSERT INTO Author (AuthorID, Name) VALUES (1859, 'Xufa Wang');
INSERT INTO Write (AuthorID, PaperID) VALUES (1859, 353);
INSERT INTO Write (AuthorID, PaperID) VALUES (1859, 564);
INSERT INTO Author (AuthorID, Name) VALUES (1860, 'Tilak Raj Arora');
INSERT INTO Write (AuthorID, PaperID) VALUES (1860, 905);
INSERT INTO Write (AuthorID, PaperID) VALUES (1860, 1995);
INSERT INTO Author (AuthorID, Name) VALUES (1861, 'S&eacute;bastien Cossin');
INSERT INTO Write (AuthorID, PaperID) VALUES (1861, 1316);
INSERT INTO Write (AuthorID, PaperID) VALUES (1861, 1694);
INSERT INTO Author (AuthorID, Name) VALUES (1862, 'Giuseppe Attardi');
INSERT INTO Write (AuthorID, PaperID) VALUES (1862, 1141);
INSERT INTO Paper (PaperID, Title, Year, MDate, Key, DOI) VALUES (2962, 'Machine Translation for Entity Recognition across Languages in Biomedical Documents.', 2013, '2014-09-10', 'conf/clef/AttardiBS13', 'http://ceur-ws.org/Vol-1179/CLEF2013wn-CLEFER-AttardiEt2013.pdf');
INSERT INTO Write (AuthorID, PaperID) VALUES (1862, 2962);
INSERT INTO Author (AuthorID, Name) VALUES (1863, 'Ornuma Thesprasith');
INSERT INTO Write (AuthorID, PaperID) VALUES (1863, 703);
INSERT INTO Write (AuthorID, PaperID) VALUES (1863, 3144);
INSERT INTO Author (AuthorID, Name) VALUES (1864, 'S&uuml;reyya &Ouml;z&ouml;g&uuml;r-Aky&uuml;z');
INSERT INTO Write (AuthorID, PaperID) VALUES (1864, 760);
INSERT INTO Write (AuthorID, PaperID) VALUES (1864, 2200);
INSERT INTO Author (AuthorID, Name) VALUES (1865, 'Alexander Simov');
INSERT INTO Write (AuthorID, PaperID) VALUES (1865, 61);
INSERT INTO Write (AuthorID, PaperID) VALUES (1865, 1574);
INSERT INTO Author (AuthorID, Name) VALUES (1866, 'Eric Sadit Tellez');
INSERT INTO Write (AuthorID, PaperID) VALUES (1866, 1256);
INSERT INTO Write (AuthorID, PaperID) VALUES (1866, 2393);
INSERT INTO Author (AuthorID, Name) VALUES (1867, 'Camille Pradel');
INSERT INTO Paper (PaperID, Title, Year, MDate, Key, DOI) VALUES (753, 'SWIP at QALD-3: Results, Criticisms and Lesson Learned.', 2013, '2014-09-10', 'conf/clef/PradelPHH13', 'http://ceur-ws.org/Vol-1179/CLEF2013wn-QALD3-PradelEt2013.pdf');
INSERT INTO Write (AuthorID, PaperID) VALUES (1867, 753);
INSERT INTO Write (AuthorID, PaperID) VALUES (1867, 2731);
INSERT INTO Author (AuthorID, Name) VALUES (1868, 'Takayuki Higuchi');
INSERT INTO Write (AuthorID, PaperID) VALUES (1868, 1257);
INSERT INTO Write (AuthorID, PaperID) VALUES (1868, 1569);
INSERT INTO Author (AuthorID, Name) VALUES (1869, 'Dar&iacute;o &Aacute;lvarez Guti&eacute;rrez');
INSERT INTO Write (AuthorID, PaperID) VALUES (1869, 2685);
INSERT INTO Write (AuthorID, PaperID) VALUES (1869, 2782);
INSERT INTO Author (AuthorID, Name) VALUES (1870, 'Luis Quintano');
INSERT INTO Write (AuthorID, PaperID) VALUES (1870, 639);
INSERT INTO Write (AuthorID, PaperID) VALUES (1870, 2905);
INSERT INTO Author (AuthorID, Name) VALUES (1871, 'Qibo Wang');
INSERT INTO Write (AuthorID, PaperID) VALUES (1871, 1109);
INSERT INTO Write (AuthorID, PaperID) VALUES (1871, 2514);
INSERT INTO Author (AuthorID, Name) VALUES (1872, 'Roland M&ouml;rzinger');
INSERT INTO Write (AuthorID, PaperID) VALUES (1872, 2609);
INSERT INTO Write (AuthorID, PaperID) VALUES (1872, 3420);
INSERT INTO Author (AuthorID, Name) VALUES (1873, 'Francisco J. L&oacute;pez-Pellicer');
INSERT INTO Write (AuthorID, PaperID) VALUES (1873, 2847);
INSERT INTO Write (AuthorID, PaperID) VALUES (1873, 3510);
INSERT INTO Author (AuthorID, Name) VALUES (1874, 'Arash Zareh');
INSERT INTO Write (AuthorID, PaperID) VALUES (1874, 523);
INSERT INTO Write (AuthorID, PaperID) VALUES (1874, 1021);
INSERT INTO Author (AuthorID, Name) VALUES (1875, 'Yunita Sari');
INSERT INTO Write (AuthorID, PaperID) VALUES (1875, 954);
INSERT INTO Write (AuthorID, PaperID) VALUES (1875, 2690);
INSERT INTO Author (AuthorID, Name) VALUES (1876, 'Petra Hoffmannov&aacute;');
INSERT INTO Write (AuthorID, PaperID) VALUES (1876, 44);
INSERT INTO Write (AuthorID, PaperID) VALUES (1876, 1652);
INSERT INTO Author (AuthorID, Name) VALUES (1877, 'Constantine Lignos');
INSERT INTO Write (AuthorID, PaperID) VALUES (1877, 73);
INSERT INTO Write (AuthorID, PaperID) VALUES (1877, 952);
INSERT INTO Author (AuthorID, Name) VALUES (1878, 'Bimo Widhi');
INSERT INTO Write (AuthorID, PaperID) VALUES (1878, 390);
INSERT INTO Write (AuthorID, PaperID) VALUES (1878, 2461);
INSERT INTO Author (AuthorID, Name) VALUES (1879, 'Douglas Bagnall');
INSERT INTO Paper (PaperID, Title, Year, MDate, Key, DOI) VALUES (324, 'Author Identification Using Multi-headed Recurrent Neural Networks.', 2015, '2015-09-03', 'conf/clef/Bagnall15', 'http://ceur-ws.org/Vol-1391/150-CR.pdf');
INSERT INTO Write (AuthorID, PaperID) VALUES (1879, 324);
INSERT INTO Paper (PaperID, Title, Year, MDate, Key, DOI) VALUES (1300, 'Authorship Clustering using Multi-headed Recurrent Neural Networks.', 2016, '2016-08-11', 'conf/clef/Bagnall16', 'http://ceur-ws.org/Vol-1609/16090791.pdf');
INSERT INTO Write (AuthorID, PaperID) VALUES (1879, 1300);
INSERT INTO Author (AuthorID, Name) VALUES (1880, 'St&eacute;phane Bres');
INSERT INTO Write (AuthorID, PaperID) VALUES (1880, 702);
INSERT INTO Write (AuthorID, PaperID) VALUES (1880, 1252);
INSERT INTO Author (AuthorID, Name) VALUES (1881, 'Mihail-Ciprian Diaconasu');
INSERT INTO Write (AuthorID, PaperID) VALUES (1881, 1118);
INSERT INTO Write (AuthorID, PaperID) VALUES (1881, 2221);
INSERT INTO Author (AuthorID, Name) VALUES (1882, 'Upendra Sapkota');
INSERT INTO Write (AuthorID, PaperID) VALUES (1882, 512);
INSERT INTO Write (AuthorID, PaperID) VALUES (1882, 2606);
INSERT INTO Author (AuthorID, Name) VALUES (1883, 'Giorgio Giacinto');
INSERT INTO Write (AuthorID, PaperID) VALUES (1883, 1968);
INSERT INTO Write (AuthorID, PaperID) VALUES (1883, 2600);
INSERT INTO Author (AuthorID, Name) VALUES (1884, 'Maura R. Grossman');
INSERT INTO Write (AuthorID, PaperID) VALUES (1884, 1727);
INSERT INTO Write (AuthorID, PaperID) VALUES (1884, 2969);
INSERT INTO Author (AuthorID, Name) VALUES (1885, 'Zahra Aghazade');
INSERT INTO Write (AuthorID, PaperID) VALUES (1885, 2684);
INSERT INTO Write (AuthorID, PaperID) VALUES (1885, 3344);
INSERT INTO Author (AuthorID, Name) VALUES (1886, 'Rafael Corezola Pereira');
INSERT INTO Write (AuthorID, PaperID) VALUES (1886, 691);
INSERT INTO Write (AuthorID, PaperID) VALUES (1886, 1496);
INSERT INTO Author (AuthorID, Name) VALUES (1887, 'Anna Tordai');
INSERT INTO Write (AuthorID, PaperID) VALUES (1887, 1804);
INSERT INTO Write (AuthorID, PaperID) VALUES (1887, 2438);
INSERT INTO Author (AuthorID, Name) VALUES (1888, 'Vitor Rocio');
INSERT INTO Write (AuthorID, PaperID) VALUES (1888, 1904);
INSERT INTO Write (AuthorID, PaperID) VALUES (1888, 2497);
INSERT INTO Author (AuthorID, Name) VALUES (1889, 'Javier Fern&aacute;ndez');
INSERT INTO Write (AuthorID, PaperID) VALUES (1889, 1244);
INSERT INTO Write (AuthorID, PaperID) VALUES (1889, 1683);
INSERT INTO Author (AuthorID, Name) VALUES (1890, 'Vittorio Loreto');
INSERT INTO Write (AuthorID, PaperID) VALUES (1890, 165);
INSERT INTO Write (AuthorID, PaperID) VALUES (1890, 1061);
INSERT INTO Author (AuthorID, Name) VALUES (1891, 'Abdessamad Echihabi');
INSERT INTO Write (AuthorID, PaperID) VALUES (1891, 2802);
INSERT INTO Write (AuthorID, PaperID) VALUES (1891, 3492);
INSERT INTO Author (AuthorID, Name) VALUES (1892, 'Yongqing Zhu');
INSERT INTO Write (AuthorID, PaperID) VALUES (1892, 764);
INSERT INTO Write (AuthorID, PaperID) VALUES (1892, 2177);
INSERT INTO Author (AuthorID, Name) VALUES (1893, 'Tetsuya Sakai');
INSERT INTO Write (AuthorID, PaperID) VALUES (1893, 46);
INSERT INTO Write (AuthorID, PaperID) VALUES (1893, 1072);
INSERT INTO Author (AuthorID, Name) VALUES (1894, 'Momchil Hardalov');
INSERT INTO Write (AuthorID, PaperID) VALUES (1894, 1249);
INSERT INTO Write (AuthorID, PaperID) VALUES (1894, 1568);
INSERT INTO Author (AuthorID, Name) VALUES (1895, 'Ying Ou');
INSERT INTO Write (AuthorID, PaperID) VALUES (1895, 263);
INSERT INTO Write (AuthorID, PaperID) VALUES (1895, 1870);
INSERT INTO Author (AuthorID, Name) VALUES (1896, 'Pengyuan Li');
INSERT INTO Write (AuthorID, PaperID) VALUES (1896, 69);
INSERT INTO Write (AuthorID, PaperID) VALUES (1896, 3069);
INSERT INTO Author (AuthorID, Name) VALUES (1897, 'Maria Kvist');
INSERT INTO Write (AuthorID, PaperID) VALUES (1897, 377);
INSERT INTO Write (AuthorID, PaperID) VALUES (1897, 777);
INSERT INTO Author (AuthorID, Name) VALUES (1898, 'Navid Rekabsaz');
INSERT INTO Write (AuthorID, PaperID) VALUES (1898, 618);
INSERT INTO Write (AuthorID, PaperID) VALUES (1898, 727);
INSERT INTO Author (AuthorID, Name) VALUES (1899, 'Kun Xu');
INSERT INTO Write (AuthorID, PaperID) VALUES (1899, 1658);
INSERT INTO Write (AuthorID, PaperID) VALUES (1899, 2284);
INSERT INTO Author (AuthorID, Name) VALUES (1900, 'Qiang Pu');
INSERT INTO Write (AuthorID, PaperID) VALUES (1900, 2670);
INSERT INTO Write (AuthorID, PaperID) VALUES (1900, 2675);
INSERT INTO Author (AuthorID, Name) VALUES (1901, 'Vincent Bodinier');
INSERT INTO Write (AuthorID, PaperID) VALUES (1901, 2742);
INSERT INTO Write (AuthorID, PaperID) VALUES (1901, 2922);
INSERT INTO Author (AuthorID, Name) VALUES (1902, 'Bart Jochems');
INSERT INTO Write (AuthorID, PaperID) VALUES (1902, 1191);
INSERT INTO Write (AuthorID, PaperID) VALUES (1902, 2987);
INSERT INTO Author (AuthorID, Name) VALUES (1903, 'Jens Meiners');
INSERT INTO Write (AuthorID, PaperID) VALUES (1903, 1334);
INSERT INTO Write (AuthorID, PaperID) VALUES (1903, 2758);
INSERT INTO Author (AuthorID, Name) VALUES (1904, 'Fran&ccedil;ois DeGuire');
INSERT INTO Write (AuthorID, PaperID) VALUES (1904, 2470);
INSERT INTO Write (AuthorID, PaperID) VALUES (1904, 2946);
INSERT INTO Author (AuthorID, Name) VALUES (1905, 'Hamed Zamani');
INSERT INTO Write (AuthorID, PaperID) VALUES (1905, 1538);
INSERT INTO Write (AuthorID, PaperID) VALUES (1905, 1890);
INSERT INTO Author (AuthorID, Name) VALUES (1906, 'Ian Soboroff');
INSERT INTO Write (AuthorID, PaperID) VALUES (1906, 46);
INSERT INTO Write (AuthorID, PaperID) VALUES (1906, 1072);
INSERT INTO Author (AuthorID, Name) VALUES (1907, 'Matthew Lungren');
INSERT INTO Write (AuthorID, PaperID) VALUES (1907, 383);
INSERT INTO Write (AuthorID, PaperID) VALUES (1907, 1179);
INSERT INTO Author (AuthorID, Name) VALUES (1908, 'Keiko Usui');
INSERT INTO Write (AuthorID, PaperID) VALUES (1908, 981);
INSERT INTO Write (AuthorID, PaperID) VALUES (1908, 2926);
INSERT INTO Author (AuthorID, Name) VALUES (1909, 'Kosuke Yamauchi');
INSERT INTO Write (AuthorID, PaperID) VALUES (1909, 981);
INSERT INTO Write (AuthorID, PaperID) VALUES (1909, 2926);
INSERT INTO Author (AuthorID, Name) VALUES (1910, 'Filip Florea');
INSERT INTO Write (AuthorID, PaperID) VALUES (1910, 582);
INSERT INTO Write (AuthorID, PaperID) VALUES (1910, 1673);
INSERT INTO Author (AuthorID, Name) VALUES (1911, 'Yonghong Tian 0001');
INSERT INTO Write (AuthorID, PaperID) VALUES (1911, 26);
INSERT INTO Write (AuthorID, PaperID) VALUES (1911, 1699);
INSERT INTO Author (AuthorID, Name) VALUES (1912, 'Trinitario Mart&iacute;nez');
INSERT INTO Write (AuthorID, PaperID) VALUES (1912, 13);
INSERT INTO Write (AuthorID, PaperID) VALUES (1912, 207);
INSERT INTO Author (AuthorID, Name) VALUES (1913, 'Vaibhav Kumar');
INSERT INTO Write (AuthorID, PaperID) VALUES (1913, 1722);
INSERT INTO Write (AuthorID, PaperID) VALUES (1913, 2737);
INSERT INTO Author (AuthorID, Name) VALUES (1914, 'Alberto Andreu-Mar&iacute;n');
INSERT INTO Write (AuthorID, PaperID) VALUES (1914, 1619);
INSERT INTO Write (AuthorID, PaperID) VALUES (1914, 2445);
INSERT INTO Author (AuthorID, Name) VALUES (1915, 'Swapnil Nawale');
INSERT INTO Write (AuthorID, PaperID) VALUES (1915, 1373);
INSERT INTO Write (AuthorID, PaperID) VALUES (1915, 2517);
INSERT INTO Author (AuthorID, Name) VALUES (1916, 'Empar Bisbal Asensi');
INSERT INTO Write (AuthorID, PaperID) VALUES (1916, 2077);
INSERT INTO Write (AuthorID, PaperID) VALUES (1916, 2232);
INSERT INTO Author (AuthorID, Name) VALUES (1917, 'Philippe Langlais');
INSERT INTO Write (AuthorID, PaperID) VALUES (1917, 908);
INSERT INTO Write (AuthorID, PaperID) VALUES (1917, 2893);
INSERT INTO Author (AuthorID, Name) VALUES (1918, 'Mariano Crespo');
INSERT INTO Write (AuthorID, PaperID) VALUES (1918, 2276);
INSERT INTO Write (AuthorID, PaperID) VALUES (1918, 3275);
INSERT INTO Author (AuthorID, Name) VALUES (1919, 'Nabil Hathout');
INSERT INTO Write (AuthorID, PaperID) VALUES (1919, 830);
INSERT INTO Write (AuthorID, PaperID) VALUES (1919, 838);
INSERT INTO Author (AuthorID, Name) VALUES (1920, 'Su Chen');
INSERT INTO Write (AuthorID, PaperID) VALUES (1920, 412);
INSERT INTO Write (AuthorID, PaperID) VALUES (1920, 1512);
INSERT INTO Author (AuthorID, Name) VALUES (1921, 'Mostafa Mehdipour-Ghazi');
INSERT INTO Write (AuthorID, PaperID) VALUES (1921, 500);
INSERT INTO Write (AuthorID, PaperID) VALUES (1921, 1497);
INSERT INTO Author (AuthorID, Name) VALUES (1922, 'Matthias Busse');
INSERT INTO Write (AuthorID, PaperID) VALUES (1922, 323);
INSERT INTO Write (AuthorID, PaperID) VALUES (1922, 1720);
INSERT INTO Author (AuthorID, Name) VALUES (1923, 'ZongYuan Ge');
INSERT INTO Write (AuthorID, PaperID) VALUES (1923, 774);
INSERT INTO Write (AuthorID, PaperID) VALUES (1923, 950);
INSERT INTO Author (AuthorID, Name) VALUES (1924, 'Viviana Fern&aacute;ndez Marcial');
INSERT INTO Write (AuthorID, PaperID) VALUES (1924, 1736);
INSERT INTO Write (AuthorID, PaperID) VALUES (1924, 1994);
INSERT INTO Author (AuthorID, Name) VALUES (1925, 'Sukomal Pal');
INSERT INTO Write (AuthorID, PaperID) VALUES (1925, 1407);
INSERT INTO Write (AuthorID, PaperID) VALUES (1925, 3056);
INSERT INTO Author (AuthorID, Name) VALUES (1926, 'Delia-Iraz&uacute; Hern&aacute;ndez');
INSERT INTO Paper (PaperID, Title, Year, MDate, Key, DOI) VALUES (876, 'Segmenting Target Audiences: Automatic Author Profiling using Tweets: Notebook for PAN at CLEF 2015.', 2015, '2015-09-03', 'conf/clef/GimenezHP15', 'http://ceur-ws.org/Vol-1391/97-CR.pdf');
INSERT INTO Write (AuthorID, PaperID) VALUES (1926, 876);
INSERT INTO Write (AuthorID, PaperID) VALUES (1926, 2654);
INSERT INTO Author (AuthorID, Name) VALUES (1927, 'Patricia Vel&aacute;zquez-Morales');
INSERT INTO Write (AuthorID, PaperID) VALUES (1927, 1582);
INSERT INTO Write (AuthorID, PaperID) VALUES (1927, 3207);
INSERT INTO Author (AuthorID, Name) VALUES (1928, 'Ihsan Wahyu');
INSERT INTO Write (AuthorID, PaperID) VALUES (1928, 358);
INSERT INTO Write (AuthorID, PaperID) VALUES (1928, 1303);
INSERT INTO Author (AuthorID, Name) VALUES (1929, 'Takuya Nomura');
INSERT INTO Write (AuthorID, PaperID) VALUES (1929, 981);
INSERT INTO Write (AuthorID, PaperID) VALUES (1929, 2926);
INSERT INTO Author (AuthorID, Name) VALUES (1930, 'Mohamed Ben Ahmed');
INSERT INTO Write (AuthorID, PaperID) VALUES (1930, 1771);
INSERT INTO Write (AuthorID, PaperID) VALUES (1930, 1839);
INSERT INTO Author (AuthorID, Name) VALUES (1931, 'Siao-En Wang');
INSERT INTO Write (AuthorID, PaperID) VALUES (1931, 3171);
INSERT INTO Write (AuthorID, PaperID) VALUES (1931, 3350);
INSERT INTO Author (AuthorID, Name) VALUES (1932, 'Tommy Khoerniawan');
INSERT INTO Write (AuthorID, PaperID) VALUES (1932, 390);
INSERT INTO Write (AuthorID, PaperID) VALUES (1932, 2461);
INSERT INTO Author (AuthorID, Name) VALUES (1933, 'Antonio Ju&aacute;rez');
INSERT INTO Write (AuthorID, PaperID) VALUES (1933, 538);
INSERT INTO Write (AuthorID, PaperID) VALUES (1933, 2522);
INSERT INTO Author (AuthorID, Name) VALUES (1934, 'Geert Kloosterman');
INSERT INTO Write (AuthorID, PaperID) VALUES (1934, 1915);
INSERT INTO Write (AuthorID, PaperID) VALUES (1934, 3306);
INSERT INTO Author (AuthorID, Name) VALUES (1935, 'Tzvetan Tchoukalov');
INSERT INTO Write (AuthorID, PaperID) VALUES (1935, 2351);
INSERT INTO Write (AuthorID, PaperID) VALUES (1935, 3135);
INSERT INTO Author (AuthorID, Name) VALUES (1936, 'Dalcimar Casanova');
INSERT INTO Write (AuthorID, PaperID) VALUES (1936, 2044);
INSERT INTO Write (AuthorID, PaperID) VALUES (1936, 2628);
INSERT INTO Author (AuthorID, Name) VALUES (1937, 'Chao Zhao');
INSERT INTO Write (AuthorID, PaperID) VALUES (1937, 844);
INSERT INTO Write (AuthorID, PaperID) VALUES (1937, 2713);
INSERT INTO Author (AuthorID, Name) VALUES (1938, 'Odemir Martinez Bruno');
INSERT INTO Write (AuthorID, PaperID) VALUES (1938, 2044);
INSERT INTO Write (AuthorID, PaperID) VALUES (1938, 2628);
INSERT INTO Author (AuthorID, Name) VALUES (1939, 'Francesco Carbone');
INSERT INTO Write (AuthorID, PaperID) VALUES (1939, 783);
INSERT INTO Write (AuthorID, PaperID) VALUES (1939, 1596);
INSERT INTO Author (AuthorID, Name) VALUES (1940, 'Adel M. Alimi');
INSERT INTO Write (AuthorID, PaperID) VALUES (1940, 2656);
INSERT INTO Write (AuthorID, PaperID) VALUES (1940, 3251);
INSERT INTO Author (AuthorID, Name) VALUES (1941, 'Xi Liang');
INSERT INTO Write (AuthorID, PaperID) VALUES (1941, 2630);
INSERT INTO Write (AuthorID, PaperID) VALUES (1941, 2892);
INSERT INTO Author (AuthorID, Name) VALUES (1942, 'Francisco Javier Ariza-L&oacute;pez');
INSERT INTO Write (AuthorID, PaperID) VALUES (1942, 682);
INSERT INTO Write (AuthorID, PaperID) VALUES (1942, 2792);
INSERT INTO Author (AuthorID, Name) VALUES (1943, 'Vin&iacute;cius Rodrigues de Uz&ecirc;da');
INSERT INTO Write (AuthorID, PaperID) VALUES (1943, 748);
INSERT INTO Write (AuthorID, PaperID) VALUES (1943, 2070);
INSERT INTO Author (AuthorID, Name) VALUES (1944, 'Alberto Bartoli');
INSERT INTO Write (AuthorID, PaperID) VALUES (1944, 2011);
INSERT INTO Write (AuthorID, PaperID) VALUES (1944, 2848);
INSERT INTO Author (AuthorID, Name) VALUES (1945, 'Souvik Banerjee');
INSERT INTO Write (AuthorID, PaperID) VALUES (1945, 1742);
INSERT INTO Write (AuthorID, PaperID) VALUES (1945, 2805);
INSERT INTO Author (AuthorID, Name) VALUES (1946, 'Mayank Gupta');
INSERT INTO Write (AuthorID, PaperID) VALUES (1946, 1441);
INSERT INTO Write (AuthorID, PaperID) VALUES (1946, 3007);
INSERT INTO Author (AuthorID, Name) VALUES (1947, 'Gregor Erbach');
INSERT INTO Write (AuthorID, PaperID) VALUES (1947, 76);
INSERT INTO Write (AuthorID, PaperID) VALUES (1947, 2864);
INSERT INTO Author (AuthorID, Name) VALUES (1948, 'Wolfgang Tannebaum');
INSERT INTO Write (AuthorID, PaperID) VALUES (1948, 1498);
INSERT INTO Write (AuthorID, PaperID) VALUES (1948, 1571);
INSERT INTO Author (AuthorID, Name) VALUES (1949, 'Florence Tushabe');
INSERT INTO Write (AuthorID, PaperID) VALUES (1949, 462);
INSERT INTO Write (AuthorID, PaperID) VALUES (1949, 1795);
INSERT INTO Author (AuthorID, Name) VALUES (1950, 'Neil O''Hare');
INSERT INTO Write (AuthorID, PaperID) VALUES (1950, 1786);
INSERT INTO Write (AuthorID, PaperID) VALUES (1950, 2111);
INSERT INTO Author (AuthorID, Name) VALUES (1951, 'Aikaterini Koutsouri');
INSERT INTO Paper (PaperID, Title, Year, MDate, Key, DOI) VALUES (2693, 'Regional Population Estimation Using Satellite Imagery.', 2017, '2017-08-15', 'conf/clef/KoutsouriSAL17', 'http://ceur-ws.org/Vol-1866/paper_156.pdf');
INSERT INTO Write (AuthorID, PaperID) VALUES (1951, 2693);
INSERT INTO Author (AuthorID, Name) VALUES (1952, 'Maja Czok&oacute;w');
INSERT INTO Paper (PaperID, Title, Year, MDate, Key, DOI) VALUES (473, 'Ensemble-based Classification for Author Profiling Using Various Features Notebook for PAN at CLEF 2013.', 2013, '2014-09-10', 'conf/clef/MeinaBCCPPW13', 'http://ceur-ws.org/Vol-1179/CLEF2013wn-PAN-MeinaEt2013.pdf');
INSERT INTO Write (AuthorID, PaperID) VALUES (1952, 473);
INSERT INTO Author (AuthorID, Name) VALUES (1953, 'Rin-ichiro Taniguchi');
INSERT INTO Paper (PaperID, Title, Year, MDate, Key, DOI) VALUES (3442, 'MLIA at ImageCLFE 2014 Scalable Concept Image Annotation Challenge.', 2014, '2014-09-10', 'conf/clef/XuST14', 'http://ceur-ws.org/Vol-1180/CLEF2014wn-Image-XuEt2014.pdf');
INSERT INTO Write (AuthorID, PaperID) VALUES (1953, 3442);
INSERT INTO Author (AuthorID, Name) VALUES (1954, 'Teppei Fujisawa');
INSERT INTO Write (AuthorID, PaperID) VALUES (1954, 1569);
INSERT INTO Author (AuthorID, Name) VALUES (1955, 'Colette Menou');
INSERT INTO Write (AuthorID, PaperID) VALUES (1955, 783);
INSERT INTO Author (AuthorID, Name) VALUES (1956, 'Alejandro Jim&eacute;nez-Picazo');
INSERT INTO Write (AuthorID, PaperID) VALUES (1956, 138);
INSERT INTO Author (AuthorID, Name) VALUES (1957, 'Daniel Karas');
INSERT INTO Paper (PaperID, Title, Year, MDate, Key, DOI) VALUES (3465, 'OPI-JSA at CLEF 2017: Author Clustering and Style Breach Detection.', 2017, '2017-08-15', 'conf/clef/KarasSS17', 'http://ceur-ws.org/Vol-1866/paper_133.pdf');
INSERT INTO Write (AuthorID, PaperID) VALUES (1957, 3465);
INSERT INTO Author (AuthorID, Name) VALUES (1958, 'Yanen Li');
INSERT INTO Paper (PaperID, Title, Year, MDate, Key, DOI) VALUES (1132, 'Medical Case-based Retrieval by Leveraging Medical Ontology and Physician Feedback: UIUC-IBM at ImageCLEF 2010.', 2010, '2014-09-24', 'conf/clef/SondhiSZSKEL10', 'http://www.clef-initiative.eu/documents/71612/86374/CLEF2010wn-ImageCLEF-SondhiEt2010.pdf');
INSERT INTO Write (AuthorID, PaperID) VALUES (1958, 1132);
INSERT INTO Author (AuthorID, Name) VALUES (1959, 'Charline Garcia-Gonzalez');
INSERT INTO Write (AuthorID, PaperID) VALUES (1959, 1900);
INSERT INTO Author (AuthorID, Name) VALUES (1960, 'Romil Bansal');
INSERT INTO Write (AuthorID, PaperID) VALUES (1960, 1066);
INSERT INTO Author (AuthorID, Name) VALUES (1961, 'Yiannis Gkoufas');
INSERT INTO Write (AuthorID, PaperID) VALUES (1961, 2419);
INSERT INTO Author (AuthorID, Name) VALUES (1962, 'Artem Grotov');
INSERT INTO Write (AuthorID, PaperID) VALUES (1962, 1491);
INSERT INTO Author (AuthorID, Name) VALUES (1963, 'Saman Daneshvar');
INSERT INTO Write (AuthorID, PaperID) VALUES (1963, 2494);
INSERT INTO Author (AuthorID, Name) VALUES (1964, 'Carita Paradis');
INSERT INTO Write (AuthorID, PaperID) VALUES (1964, 2385);
INSERT INTO Author (AuthorID, Name) VALUES (1965, 'Muhammad Adnan Ashraf');
INSERT INTO Write (AuthorID, PaperID) VALUES (1965, 2854);
INSERT INTO Author (AuthorID, Name) VALUES (1966, 'Claudia Gheorghiu');
INSERT INTO Write (AuthorID, PaperID) VALUES (1966, 1987);
INSERT INTO Author (AuthorID, Name) VALUES (1967, 'Laura Dietz');
INSERT INTO Paper (PaperID, Title, Year, MDate, Key, DOI) VALUES (1501, 'UMass at BioASQ 2014: Figure-inspired Text Retrieval.', 2014, '2014-09-10', 'conf/clef/LingemanD14', 'http://ceur-ws.org/Vol-1180/CLEF2014wn-QA-LingemanEt2014.pdf');
INSERT INTO Write (AuthorID, PaperID) VALUES (1967, 1501);
INSERT INTO Author (AuthorID, Name) VALUES (1968, 'Kyouyeol Han');
INSERT INTO Paper (PaperID, Title, Year, MDate, Key, DOI) VALUES (989, 'CLEF-IP 2011 Working Notes: Utilizing Prior Art Candidate Search Results for Refined IPC Classification.', 2011, '2014-09-24', 'conf/clef/SeoHL11', 'http://ceur-ws.org/Vol-1177/CLEF2011wn-CLEF-IP-SeoEt2011.pdf');
INSERT INTO Write (AuthorID, PaperID) VALUES (1968, 989);
INSERT INTO Author (AuthorID, Name) VALUES (1969, 'Jimmy Callin');
INSERT INTO Write (AuthorID, PaperID) VALUES (1969, 964);
INSERT INTO Author (AuthorID, Name) VALUES (1970, 'Vigneshwaran Subbaraju');
INSERT INTO Write (AuthorID, PaperID) VALUES (1970, 1380);
INSERT INTO Author (AuthorID, Name) VALUES (1971, 'Ariel Ekgren');
INSERT INTO Write (AuthorID, PaperID) VALUES (1971, 964);
INSERT INTO Author (AuthorID, Name) VALUES (1972, 'Ibrahim Ziedan');
INSERT INTO Paper (PaperID, Title, Year, MDate, Key, DOI) VALUES (1275, 'Clustering of Medical X-ray Images by Merging Outputs of Different Classification Techniques.', 2015, '2015-09-03', 'conf/clef/ZiedanZZ15', 'http://ceur-ws.org/Vol-1391/102-CR.pdf');
INSERT INTO Write (AuthorID, PaperID) VALUES (1972, 1275);
INSERT INTO Author (AuthorID, Name) VALUES (1973, 'Simone Albertini');
INSERT INTO Paper (PaperID, Title, Year, MDate, Key, DOI) VALUES (2013, 'Fast Tree Leaf Image Retrieval Using a Probabilistic Multi-class Support Vector Machine Classifier.', 2012, '2014-09-24', 'conf/clef/GalloZANV12', 'http://www.clef-initiative.eu/documents/71612/d8069770-58dc-4edd-964e-d84a6dae771b');
INSERT INTO Write (AuthorID, PaperID) VALUES (1973, 2013);
INSERT INTO Author (AuthorID, Name) VALUES (1974, 'Rutuja Jadhav');
INSERT INTO Write (AuthorID, PaperID) VALUES (1974, 1342);
INSERT INTO Author (AuthorID, Name) VALUES (1975, 'Achim Rettinger');
INSERT INTO Paper (PaperID, Title, Year, MDate, Key, DOI) VALUES (1813, 'A Comparative Evaluation of Cross-Lingual Text Annotation Techniques.', 2013, '2017-08-25', 'conf/clef/ZhangRFT13', 'https://doi.org/10.1007/978-3-642-40802-1_16');
INSERT INTO Write (AuthorID, PaperID) VALUES (1975, 1813);
INSERT INTO Author (AuthorID, Name) VALUES (1976, 'Tigran Mkrtchyan');
INSERT INTO Paper (PaperID, Title, Year, MDate, Key, DOI) VALUES (988, 'Deep Parsing at the CLEF2014 IE Task.', 2014, '2014-09-10', 'conf/clef/MkrtchyanS14', 'http://ceur-ws.org/Vol-1180/CLEF2014wn-eHealth-MkrtchyantEt2014.pdf');
INSERT INTO Write (AuthorID, PaperID) VALUES (1976, 988);
INSERT INTO Author (AuthorID, Name) VALUES (1977, 'Makiko Miwa');
INSERT INTO Write (AuthorID, PaperID) VALUES (1977, 1242);
INSERT INTO Author (AuthorID, Name) VALUES (1978, 'Anna Bialczak');
INSERT INTO Write (AuthorID, PaperID) VALUES (1978, 783);
INSERT INTO Author (AuthorID, Name) VALUES (1979, 'Alexandru Ciobanu');
INSERT INTO Write (AuthorID, PaperID) VALUES (1979, 926);
INSERT INTO Author (AuthorID, Name) VALUES (1980, 'Philippe Lattes');
INSERT INTO Write (AuthorID, PaperID) VALUES (1980, 783);
INSERT INTO Author (AuthorID, Name) VALUES (1981, 'Kashyap Raiyani');
INSERT INTO Write (AuthorID, PaperID) VALUES (1981, 111);
INSERT INTO Author (AuthorID, Name) VALUES (1982, 'Bingquan Liu');
INSERT INTO Paper (PaperID, Title, Year, MDate, Key, DOI) VALUES (466, 'Random Sampling Image to Class Distance for Photo Annotation.', 2010, '2018-11-28', 'conf/clef/ZhangLSW10', 'http://www.clef-initiative.eu/documents/71612/86374/CLEF2010wn-ImageCLEF-ZhangEt2010.pdf');
INSERT INTO Write (AuthorID, PaperID) VALUES (1982, 466);
INSERT INTO Author (AuthorID, Name) VALUES (1983, 'Songfang Huang');
INSERT INTO Write (AuthorID, PaperID) VALUES (1983, 2284);
INSERT INTO Author (AuthorID, Name) VALUES (1984, 'Daniel Sonntag');
INSERT INTO Write (AuthorID, PaperID) VALUES (1984, 988);
INSERT INTO Author (AuthorID, Name) VALUES (1985, 'Robert Villa');
INSERT INTO Write (AuthorID, PaperID) VALUES (1985, 1437);
INSERT INTO Author (AuthorID, Name) VALUES (1986, 'Juan Jos&eacute; Fern&aacute;ndez');
INSERT INTO Write (AuthorID, PaperID) VALUES (1986, 721);
INSERT INTO Author (AuthorID, Name) VALUES (1987, 'Iakes Goenaga');
INSERT INTO Write (AuthorID, PaperID) VALUES (1987, 2786);
INSERT INTO Author (AuthorID, Name) VALUES (1988, 'Niloy Gupta');
INSERT INTO Write (AuthorID, PaperID) VALUES (1988, 3403);
INSERT INTO Author (AuthorID, Name) VALUES (1989, 'Emma Barker');
INSERT INTO Write (AuthorID, PaperID) VALUES (1989, 508);
INSERT INTO Author (AuthorID, Name) VALUES (1990, 'Tao Xu');
INSERT INTO Paper (PaperID, Title, Year, MDate, Key, DOI) VALUES (563, 'The Importance of Visual Context Clues in Multimedia Translation.', 2011, '2017-05-24', 'conf/clef/HarrisX11', 'https://doi.org/10.1007/978-3-642-23708-9_13');
INSERT INTO Write (AuthorID, PaperID) VALUES (1990, 563);
INSERT INTO Author (AuthorID, Name) VALUES (1991, 'Henry Cooke');
INSERT INTO Write (AuthorID, PaperID) VALUES (1991, 972);
INSERT INTO Author (AuthorID, Name) VALUES (1992, 'Thomas Lidy');
INSERT INTO Paper (PaperID, Title, Year, MDate, Key, DOI) VALUES (697, 'A Multi-modal Deep Neural Network approach to Bird-song Identication.', 2017, '2017-08-15', 'conf/clef/FazekasSL17', 'http://ceur-ws.org/Vol-1866/paper_179.pdf');
INSERT INTO Write (AuthorID, PaperID) VALUES (1992, 697);
INSERT INTO Author (AuthorID, Name) VALUES (1993, 'Arpita Das');
INSERT INTO Write (AuthorID, PaperID) VALUES (1993, 3025);
INSERT INTO Author (AuthorID, Name) VALUES (1994, 'Daniel Campbell');
INSERT INTO Write (AuthorID, PaperID) VALUES (1994, 2975);
INSERT INTO Author (AuthorID, Name) VALUES (1995, 'Mariona Taul&eacute;');
INSERT INTO Write (AuthorID, PaperID) VALUES (1995, 423);
INSERT INTO Author (AuthorID, Name) VALUES (1996, 'James Cogley');
INSERT INTO Write (AuthorID, PaperID) VALUES (1996, 1124);
INSERT INTO Author (AuthorID, Name) VALUES (1997, 'Ralf Grubenmann');
INSERT INTO Write (AuthorID, PaperID) VALUES (1997, 625);
INSERT INTO Author (AuthorID, Name) VALUES (1998, 'Michiel van Dam');
INSERT INTO Paper (PaperID, Title, Year, MDate, Key, DOI) VALUES (1471, 'A Basic Character N-gram Approach to Authorship Verification Notebook for PAN at CLEF 2013.', 2013, '2014-09-10', 'conf/clef/Dam13', 'http://ceur-ws.org/Vol-1179/CLEF2013wn-PAN-vanDam2013.pdf');
INSERT INTO Write (AuthorID, PaperID) VALUES (1998, 1471);
INSERT INTO Author (AuthorID, Name) VALUES (1999, 'M. Ant&ograve;nia Mart&iacute;');
INSERT INTO Write (AuthorID, PaperID) VALUES (1999, 423);
INSERT INTO Author (AuthorID, Name) VALUES (2000, 'Sylvia Thun');
INSERT INTO Write (AuthorID, PaperID) VALUES (2000, 2644);
INSERT INTO Author (AuthorID, Name) VALUES (2001, 'Son Lam Vu');
INSERT INTO Write (AuthorID, PaperID) VALUES (2001, 16);
INSERT INTO Author (AuthorID, Name) VALUES (2002, 'Will West');
INSERT INTO Paper (PaperID, Title, Year, MDate, Key, DOI) VALUES (3316, 'Identifying Predators Using ChatCoder 2.0.', 2012, '2014-09-24', 'conf/clef/KontostathisGRWE12', 'http://www.clef-initiative.eu/documents/71612/2585cb64-a289-443f-b6da-c2fc5de5e2aa');
INSERT INTO Write (AuthorID, PaperID) VALUES (2002, 3316);
INSERT INTO Author (AuthorID, Name) VALUES (2003, 'Josef Ingenerf');
INSERT INTO Write (AuthorID, PaperID) VALUES (2003, 2644);
INSERT INTO Author (AuthorID, Name) VALUES (2004, 'Terrance Lagree');
INSERT INTO Write (AuthorID, PaperID) VALUES (2004, 1761);
INSERT INTO Author (AuthorID, Name) VALUES (2005, 'Mijail A. Kabadjov');
INSERT INTO Write (AuthorID, PaperID) VALUES (2005, 1074);
INSERT INTO Author (AuthorID, Name) VALUES (2006, 'Ozlem Muslu');
INSERT INTO Write (AuthorID, PaperID) VALUES (2006, 500);
INSERT INTO Author (AuthorID, Name) VALUES (2007, 'Mark D. Plumbley');
INSERT INTO Write (AuthorID, PaperID) VALUES (2007, 794);
INSERT INTO Author (AuthorID, Name) VALUES (2008, 'Jian Sun');
INSERT INTO Write (AuthorID, PaperID) VALUES (2008, 2177);
INSERT INTO Author (AuthorID, Name) VALUES (2009, 'Milad Alshomary');
INSERT INTO Write (AuthorID, PaperID) VALUES (2009, 1580);
INSERT INTO Author (AuthorID, Name) VALUES (2010, 'Diego Maupom&eacute;');
INSERT INTO Write (AuthorID, PaperID) VALUES (2010, 2623);
INSERT INTO Author (AuthorID, Name) VALUES (2011, 'Dmytro Mishkin');
INSERT INTO Write (AuthorID, PaperID) VALUES (2011, 2362);
INSERT INTO Author (AuthorID, Name) VALUES (2012, 'Amin Mantrach');
INSERT INTO Write (AuthorID, PaperID) VALUES (2012, 2266);
INSERT INTO Author (AuthorID, Name) VALUES (2013, 'Shaina Ashraf');
INSERT INTO Write (AuthorID, PaperID) VALUES (2013, 308);
INSERT INTO Author (AuthorID, Name) VALUES (2014, 'Huma Jamshed');
INSERT INTO Paper (PaperID, Title, Year, MDate, Key, DOI) VALUES (3005, 'Cross-Language Urdu-English (CLUE) Text Alignment Corpus: Notebook for PAN at CLEF 2015.', 2015, '2015-09-03', 'conf/clef/HanifNAJRM15', 'http://ceur-ws.org/Vol-1391/133-CR.pdf');
INSERT INTO Write (AuthorID, PaperID) VALUES (2014, 3005);
INSERT INTO Author (AuthorID, Name) VALUES (2015, 'Denis Zubarev');
INSERT INTO Paper (PaperID, Title, Year, MDate, Key, DOI) VALUES (1433, 'Using Sentence Similarity Measure for Plagiarism Source Retrieval.', 2014, '2014-09-10', 'conf/clef/ZubarevS14', 'http://ceur-ws.org/Vol-1180/CLEF2014wn-Pan-ZubarevEt2014.pdf');
INSERT INTO Write (AuthorID, PaperID) VALUES (2015, 1433);
INSERT INTO Author (AuthorID, Name) VALUES (2016, 'Guillaume Kheng');
INSERT INTO Write (AuthorID, PaperID) VALUES (2016, 1542);
INSERT INTO Author (AuthorID, Name) VALUES (2017, 'Jennifer Foster');
INSERT INTO Write (AuthorID, PaperID) VALUES (2017, 1656);
INSERT INTO Author (AuthorID, Name) VALUES (2018, 'Elena Smirnova');
INSERT INTO Paper (PaperID, Title, Year, MDate, Key, DOI) VALUES (2050, 'Using Web Graph Structure for Person Name Disambiguation.', 2010, '2014-09-24', 'conf/clef/SmirnovaAT10', 'http://www.clef-initiative.eu/documents/71612/86374/CLEF2010wn-WePS-SmirnovaEt2010.pdf');
INSERT INTO Write (AuthorID, PaperID) VALUES (2018, 2050);
INSERT INTO Author (AuthorID, Name) VALUES (2019, 'In-Su Kang');
INSERT INTO Paper (PaperID, Title, Year, MDate, Key, DOI) VALUES (2337, 'IR-based k-Nearest Neighbor Approach for Identifying Abnormal Chat Users.', 2012, '2014-09-24', 'conf/clef/KangKKN12', 'http://www.clef-initiative.eu/documents/71612/be3ddb95-caee-4a5d-8a0d-dc8d76e74770');
INSERT INTO Write (AuthorID, PaperID) VALUES (2019, 2337);
INSERT INTO Author (AuthorID, Name) VALUES (2020, 'Sharan Sundar S');
INSERT INTO Write (AuthorID, PaperID) VALUES (2020, 2694);
INSERT INTO Author (AuthorID, Name) VALUES (2021, 'Justine Malosse');
INSERT INTO Write (AuthorID, PaperID) VALUES (2021, 2686);
INSERT INTO Author (AuthorID, Name) VALUES (2022, 'Bing-Han Tsai');
INSERT INTO Paper (PaperID, Title, Year, MDate, Key, DOI) VALUES (1962, 'Biomedical Text Mining about Alzheimer''s Diseases for Machine Reading Evaluation.', 2012, '2014-09-24', 'conf/clef/TsaiLH12', 'http://www.clef-initiative.eu/documents/71612/3f1e6234-5efe-4a76-940a-234b8893c6e5');
INSERT INTO Write (AuthorID, PaperID) VALUES (2022, 1962);
INSERT INTO Author (AuthorID, Name) VALUES (2023, 'Benjamin Bigot');
INSERT INTO Write (AuthorID, PaperID) VALUES (2023, 2602);
INSERT INTO Author (AuthorID, Name) VALUES (2024, 'Amaru Cuba Gyllensten');
INSERT INTO Write (AuthorID, PaperID) VALUES (2024, 964);
INSERT INTO Author (AuthorID, Name) VALUES (2025, 'Pariya Babaie');
INSERT INTO Write (AuthorID, PaperID) VALUES (2025, 1890);
INSERT INTO Author (AuthorID, Name) VALUES (2026, 'Sa&iuml;d Mahmoudi');
INSERT INTO Paper (PaperID, Title, Year, MDate, Key, DOI) VALUES (3294, 'Automatic Annotation of Liver CT Image: ImageCLEFmed 2015.', 2015, '2015-09-06', 'conf/clef/NedjarMCAB15', 'http://ceur-ws.org/Vol-1391/51-CR.pdf');
INSERT INTO Write (AuthorID, PaperID) VALUES (2026, 3294);
INSERT INTO Author (AuthorID, Name) VALUES (2027, 'Lu Zhang');
INSERT INTO Paper (PaperID, Title, Year, MDate, Key, DOI) VALUES (3394, 'AgSPPR at ImageCLEF 2013 Plant Identification Task.', 2013, '2014-09-10', 'conf/clef/ZhangC13', 'http://ceur-ws.org/Vol-1179/CLEF2013wn-ImageCLEF-ZhangEt2013.pdf');
INSERT INTO Write (AuthorID, PaperID) VALUES (2027, 3394);
INSERT INTO Author (AuthorID, Name) VALUES (2028, 'Zhenshi Li');
INSERT INTO Write (AuthorID, PaperID) VALUES (2028, 303);
INSERT INTO Author (AuthorID, Name) VALUES (2029, 'David Chandran');
INSERT INTO Write (AuthorID, PaperID) VALUES (2029, 1259);
INSERT INTO Author (AuthorID, Name) VALUES (2030, 'Mirko Lai');
INSERT INTO Write (AuthorID, PaperID) VALUES (2030, 2516);
INSERT INTO Author (AuthorID, Name) VALUES (2031, 'Susan Schmidt');
INSERT INTO Write (AuthorID, PaperID) VALUES (2031, 453);
INSERT INTO Author (AuthorID, Name) VALUES (2032, 'Victoria Bobicev');
INSERT INTO Paper (PaperID, Title, Year, MDate, Key, DOI) VALUES (1992, 'Authorship Detection with PPM Notebook for PAN at CLEF 2013.', 2013, '2014-09-10', 'conf/clef/Bobicev13', 'http://ceur-ws.org/Vol-1179/CLEF2013wn-PAN-Bobicev2013.pdf');
INSERT INTO Write (AuthorID, PaperID) VALUES (2032, 1992);
INSERT INTO Author (AuthorID, Name) VALUES (2033, 'Hung-Sheng Chiu');
INSERT INTO Write (AuthorID, PaperID) VALUES (2033, 22);
INSERT INTO Author (AuthorID, Name) VALUES (2034, 'Am&eacute;lie Veltz-Mauclair');
INSERT INTO Write (AuthorID, PaperID) VALUES (2034, 2686);
INSERT INTO Author (AuthorID, Name) VALUES (2035, 'Manuel Ma&ntilde;a L&oacute;pez');
INSERT INTO Paper (PaperID, Title, Year, MDate, Key, DOI) VALUES (2823, 'LABERINTO at ShARe/CLEF eHealth Evaluation Lab 2014.', 2014, '2014-09-10', 'conf/clef/MalagonL14', 'http://ceur-ws.org/Vol-1180/CLEF2014wn-eHealth-MalagonEt2014.pdf');
INSERT INTO Write (AuthorID, PaperID) VALUES (2035, 2823);
INSERT INTO Author (AuthorID, Name) VALUES (2036, 'Gjertrud Fludal');
INSERT INTO Write (AuthorID, PaperID) VALUES (2036, 2434);
INSERT INTO Author (AuthorID, Name) VALUES (2037, 'Markus Schedl');
INSERT INTO Write (AuthorID, PaperID) VALUES (2037, 490);
INSERT INTO Author (AuthorID, Name) VALUES (2038, 'Bao Quoc Ho');
INSERT INTO Write (AuthorID, PaperID) VALUES (2038, 16);
INSERT INTO Author (AuthorID, Name) VALUES (2039, 'Brigitte Trousse');
INSERT INTO Write (AuthorID, PaperID) VALUES (2039, 2050);
INSERT INTO Author (AuthorID, Name) VALUES (2040, 'Ruslan Talipov');
INSERT INTO Write (AuthorID, PaperID) VALUES (2040, 940);
INSERT INTO Author (AuthorID, Name) VALUES (2041, 'Sai Chittilla');
INSERT INTO Write (AuthorID, PaperID) VALUES (2041, 2517);
INSERT INTO Author (AuthorID, Name) VALUES (2042, 'Adrian-Gabriel Chifu');
INSERT INTO Paper (PaperID, Title, Year, MDate, Key, DOI) VALUES (925, 'Role of Social Media in Propagating Controversies: the Case of Cultural Microblog Feeds.', 2017, '2017-08-15', 'conf/clef/ChifuIA17', 'http://ceur-ws.org/Vol-1866/paper_129.pdf');
INSERT INTO Write (AuthorID, PaperID) VALUES (2042, 925);
INSERT INTO Author (AuthorID, Name) VALUES (2043, 'Advaith Siddharthan');
INSERT INTO Paper (PaperID, Title, Year, MDate, Key, DOI) VALUES (2592, 'Making Test Corpora for Question Answering More Representative.', 2014, '2017-11-06', 'conf/clef/WalkerSPS14', 'https://doi.org/10.1007/978-3-319-11382-1_1');
INSERT INTO Write (AuthorID, PaperID) VALUES (2043, 2592);
INSERT INTO Author (AuthorID, Name) VALUES (2044, 'Kinam Park');
INSERT INTO Paper (PaperID, Title, Year, MDate, Key, DOI) VALUES (615, 'CopyCaptor : Plagiarized Source Retrieval System using Global Word Frequency and Local Feedback Notebook for PAN at CLEF 2013.', 2013, '2014-09-11', 'conf/clef/LeeCPJ13', 'http://ceur-ws.org/Vol-1179/CLEF2013wn-PAN-LeeEt2013.pdf');
INSERT INTO Write (AuthorID, PaperID) VALUES (2044, 615);
INSERT INTO Author (AuthorID, Name) VALUES (2045, 'Donato Hern&aacute;ndez Fusilier');
INSERT INTO Write (AuthorID, PaperID) VALUES (2045, 933);
INSERT INTO Author (AuthorID, Name) VALUES (2046, 'Krishnapriya Vishnubhotla');
INSERT INTO Write (AuthorID, PaperID) VALUES (2046, 1182);
INSERT INTO Author (AuthorID, Name) VALUES (2047, 'Jeongeun Lee');
INSERT INTO Write (AuthorID, PaperID) VALUES (2047, 716);
INSERT INTO Author (AuthorID, Name) VALUES (2048, 'Ana Garc&iacute;a-Ledesma');
INSERT INTO Write (AuthorID, PaperID) VALUES (2048, 1231);
INSERT INTO Author (AuthorID, Name) VALUES (2049, 'Yu-Tseng Wang');
INSERT INTO Write (AuthorID, PaperID) VALUES (2049, 3188);
INSERT INTO Author (AuthorID, Name) VALUES (2050, 'Cristina Giannone');
INSERT INTO Paper (PaperID, Title, Year, MDate, Key, DOI) VALUES (1902, 'A HMM-based Approach to Question Answering against Linked Data.', 2013, '2017-07-18', 'conf/clef/GiannoneBB13', 'http://ceur-ws.org/Vol-1179/CLEF2013wn-QALD3-GiannoneEt2013.pdf');
INSERT INTO Write (AuthorID, PaperID) VALUES (2050, 1902);
INSERT INTO Author (AuthorID, Name) VALUES (2051, 'Andrew MacKinlay');
INSERT INTO Write (AuthorID, PaperID) VALUES (2051, 3474);
INSERT INTO Author (AuthorID, Name) VALUES (2052, 'Alexandre Ramos Coelho');
INSERT INTO Write (AuthorID, PaperID) VALUES (2052, 259);
INSERT INTO Author (AuthorID, Name) VALUES (2053, 'Sophie A. Rutter');
INSERT INTO Write (AuthorID, PaperID) VALUES (2053, 1437);
INSERT INTO Author (AuthorID, Name) VALUES (2054, 'Fran&ccedil;ois Morlane-Hond&egrave;re');
INSERT INTO Write (AuthorID, PaperID) VALUES (2054, 360);
INSERT INTO Author (AuthorID, Name) VALUES (2055, 'Ksenia Zhagorina');
INSERT INTO Paper (PaperID, Title, Year, MDate, Key, DOI) VALUES (1499, 'Computer Analysis of Visual Image Similarity.', 2012, '2014-09-24', 'conf/clef/ZhagorinaB12', 'http://www.clef-initiative.eu/documents/71612/15aaf4ca-6d40-493e-a20b-71ba7e506619');
INSERT INTO Write (AuthorID, PaperID) VALUES (2055, 1499);
INSERT INTO Author (AuthorID, Name) VALUES (2056, 'Alejandro Pimentel');
INSERT INTO Write (AuthorID, PaperID) VALUES (2056, 3208);
INSERT INTO Author (AuthorID, Name) VALUES (2057, 'Nikolaos Samaras');
INSERT INTO Write (AuthorID, PaperID) VALUES (2057, 1553);
INSERT INTO Author (AuthorID, Name) VALUES (2058, 'Viet-Khoa Vo-Ho');
INSERT INTO Paper (PaperID, Title, Year, MDate, Key, DOI) VALUES (1058, 'Lifelog Moment Retrieval with Visual Concept Fusion and Text-based Query Expansion.', 2018, '2018-08-08', 'conf/clef/TranTDVLN18', 'http://ceur-ws.org/Vol-2125/paper_109.pdf');
INSERT INTO Write (AuthorID, PaperID) VALUES (2058, 1058);
INSERT INTO Author (AuthorID, Name) VALUES (2059, 'Andia Ghoddousi');
INSERT INTO Paper (PaperID, Title, Year, MDate, Key, DOI) VALUES (2473, 'York University at CLEF 2015 eHealth : Medical Document Retrieval.', 2015, '2015-09-03', 'conf/clef/GhoddousiH15', 'http://ceur-ws.org/Vol-1391/20-CR.pdf');
INSERT INTO Write (AuthorID, PaperID) VALUES (2059, 2473);
INSERT INTO Author (AuthorID, Name) VALUES (2060, 'Marc C. Nicklaus');
INSERT INTO Write (AuthorID, PaperID) VALUES (2060, 2881);
INSERT INTO Author (AuthorID, Name) VALUES (2061, 'Lei Huang');
INSERT INTO Paper (PaperID, Title, Year, MDate, Key, DOI) VALUES (2222, 'BUAA AUDR at ImageCLEF 2012 Photo Annotation Task.', 2012, '2018-06-20', 'conf/clef/HuangL12', 'http://www.clef-initiative.eu/documents/71612/84ef61e9-e47d-400c-9828-e14f5b5c8c29');
INSERT INTO Write (AuthorID, PaperID) VALUES (2061, 2222);
INSERT INTO Author (AuthorID, Name) VALUES (2062, 'Andr&eacute; Bittar');
INSERT INTO Write (AuthorID, PaperID) VALUES (2062, 1259);
INSERT INTO Author (AuthorID, Name) VALUES (2063, 'Silvio Amir');
INSERT INTO Paper (PaperID, Title, Year, MDate, Key, DOI) VALUES (901, 'POPSTAR at RepLab 2013: Polarity for Reputation Classification.', 2013, '2016-10-04', 'conf/clef/FilgueirasA13', 'http://ceur-ws.org/Vol-1179/CLEF2013wn-RepLab-FilgueirasEt2013.pdf');
INSERT INTO Write (AuthorID, PaperID) VALUES (2063, 901);
INSERT INTO Author (AuthorID, Name) VALUES (2064, 'A. Framadhan');
INSERT INTO Write (AuthorID, PaperID) VALUES (2064, 436);
INSERT INTO Author (AuthorID, Name) VALUES (2065, 'Mohan Liu');
INSERT INTO Write (AuthorID, PaperID) VALUES (2065, 758);
INSERT INTO Author (AuthorID, Name) VALUES (2066, 'Paul Buitelaar');
INSERT INTO Paper (PaperID, Title, Year, MDate, Key, DOI) VALUES (2714, 'Query Expansion Using Wikipedia and Dbpedia.', 2012, '2014-09-24', 'conf/clef/AggarwalB12', 'http://www.clef-initiative.eu/documents/71612/a6a408c1-1a7c-46dd-8bdb-be7ef0eaa0ef');
INSERT INTO Write (AuthorID, PaperID) VALUES (2066, 2714);
INSERT INTO Author (AuthorID, Name) VALUES (2067, 'Guido Cnossen');
INSERT INTO Paper (PaperID, Title, Year, MDate, Key, DOI) VALUES (1816, 'Mixing Traditional Methods with Neural Networks for Gender Prediction: Notebook for PAN at CLEF 2018.', 2018, '2018-08-08', 'conf/clef/KosseSC18', 'http://ceur-ws.org/Vol-2125/paper_189.pdf');
INSERT INTO Write (AuthorID, PaperID) VALUES (2067, 1816);
INSERT INTO Author (AuthorID, Name) VALUES (2068, 'David Jurgens');
INSERT INTO Write (AuthorID, PaperID) VALUES (2068, 964);
INSERT INTO Author (AuthorID, Name) VALUES (2069, 'Pavel Seredin');
INSERT INTO Paper (PaperID, Title, Year, MDate, Key, DOI) VALUES (38, 'Estimating the Similarities Between Texts of Right-Handed and Left-Handed Males and Females.', 2017, '2017-09-21', 'conf/clef/LitvinovaSLR17', 'https://doi.org/10.1007/978-3-319-65813-1_11');
INSERT INTO Write (AuthorID, PaperID) VALUES (2069, 38);
INSERT INTO Author (AuthorID, Name) VALUES (2070, 'Lei Zhang 0034');
INSERT INTO Write (AuthorID, PaperID) VALUES (2070, 1813);
INSERT INTO Author (AuthorID, Name) VALUES (2071, 'Jose G. Moreno');
INSERT INTO Write (AuthorID, PaperID) VALUES (2071, 260);
INSERT INTO Author (AuthorID, Name) VALUES (2072, 'Florin Hardegger');
INSERT INTO Write (AuthorID, PaperID) VALUES (2072, 1097);
INSERT INTO Author (AuthorID, Name) VALUES (2073, 'Bili Che');
INSERT INTO Write (AuthorID, PaperID) VALUES (2073, 1981);
INSERT INTO Author (AuthorID, Name) VALUES (2074, 'Frank Rudzicz');
INSERT INTO Write (AuthorID, PaperID) VALUES (2074, 1182);
INSERT INTO Author (AuthorID, Name) VALUES (2075, 'Jan Hajic');
INSERT INTO Write (AuthorID, PaperID) VALUES (2075, 1907);
INSERT INTO Author (AuthorID, Name) VALUES (2076, 'Pierre-Hugues Joalland');
INSERT INTO Write (AuthorID, PaperID) VALUES (2076, 297);
INSERT INTO Author (AuthorID, Name) VALUES (2077, 'Omid Fatemi');
INSERT INTO Write (AuthorID, PaperID) VALUES (2077, 903);
INSERT INTO Author (AuthorID, Name) VALUES (2078, 'Serwah Sabetghadam');
INSERT INTO Write (AuthorID, PaperID) VALUES (2078, 1359);
INSERT INTO Author (AuthorID, Name) VALUES (2079, 'Antje Schultz');
INSERT INTO Write (AuthorID, PaperID) VALUES (2079, 2361);
INSERT INTO Author (AuthorID, Name) VALUES (2080, 'Hapnes Toba');
INSERT INTO Write (AuthorID, PaperID) VALUES (2080, 278);
INSERT INTO Author (AuthorID, Name) VALUES (2081, 'Madeleine Kittner');
INSERT INTO Write (AuthorID, PaperID) VALUES (2081, 3298);
INSERT INTO Author (AuthorID, Name) VALUES (2082, 'Alexandru Cristea');
INSERT INTO Write (AuthorID, PaperID) VALUES (2082, 1208);
INSERT INTO Author (AuthorID, Name) VALUES (2083, 'Alexander Schindler');
INSERT INTO Write (AuthorID, PaperID) VALUES (2083, 697);
INSERT INTO Author (AuthorID, Name) VALUES (2084, 'Atanas Atanasov');
INSERT INTO Write (AuthorID, PaperID) VALUES (2084, 1568);
INSERT INTO Author (AuthorID, Name) VALUES (2085, 'Jean-Pierre Raysz');
INSERT INTO Paper (PaperID, Title, Year, MDate, Key, DOI) VALUES (1621, 'Combining Semantics and Statistics for Patent Classification.', 2010, '2014-09-24', 'conf/clef/DerieuxBPR10', 'http://www.clef-initiative.eu/documents/71612/86374/CLEF2010wn-CLEF-IP-DerieuxEt2010.pdf');
INSERT INTO Write (AuthorID, PaperID) VALUES (2085, 1621);
INSERT INTO Author (AuthorID, Name) VALUES (2086, 'Yash Kumar Lal');
INSERT INTO Write (AuthorID, PaperID) VALUES (2086, 1722);
INSERT INTO Author (AuthorID, Name) VALUES (2087, 'Sungrim Moon');
INSERT INTO Write (AuthorID, PaperID) VALUES (2087, 1018);
INSERT INTO Author (AuthorID, Name) VALUES (2088, 'Stefanos Lappas');
INSERT INTO Write (AuthorID, PaperID) VALUES (2088, 2693);
INSERT INTO Author (AuthorID, Name) VALUES (2089, 'Javier Redolfi');
INSERT INTO Write (AuthorID, PaperID) VALUES (2089, 167);
INSERT INTO Author (AuthorID, Name) VALUES (2090, 'Miguel Hermo');
INSERT INTO Write (AuthorID, PaperID) VALUES (2090, 3317);
INSERT INTO Author (AuthorID, Name) VALUES (2091, 'Bin Xiao');
INSERT INTO Write (AuthorID, PaperID) VALUES (2091, 279);
INSERT INTO Author (AuthorID, Name) VALUES (2092, 'Xipeng Qiu');
INSERT INTO Paper (PaperID, Title, Year, MDate, Key, DOI) VALUES (3508, 'Question Answering for Machine Reading with Lexical Chain.', 2011, '2014-09-24', 'conf/clef/CaoQH11', 'http://www.clef-initiative.eu/documents/71612/86377/CLEF2011wn-QA4MRE-CaoEt2011.pdf');
INSERT INTO Write (AuthorID, PaperID) VALUES (2092, 3508);
INSERT INTO Author (AuthorID, Name) VALUES (2093, 'Kevin Koidl');
INSERT INTO Write (AuthorID, PaperID) VALUES (2093, 1465);
INSERT INTO Author (AuthorID, Name) VALUES (2094, 'Lewis Esposito');
INSERT INTO Write (AuthorID, PaperID) VALUES (2094, 2663);
INSERT INTO Author (AuthorID, Name) VALUES (2095, 'Cornel Paul Acatrinei');
INSERT INTO Write (AuthorID, PaperID) VALUES (2095, 3302);
INSERT INTO Author (AuthorID, Name) VALUES (2096, 'Karim Bouzoubaa');
INSERT INTO Write (AuthorID, PaperID) VALUES (2096, 2842);
INSERT INTO Author (AuthorID, Name) VALUES (2097, 'Szil&aacute;rd Vajda');
INSERT INTO Write (AuthorID, PaperID) VALUES (2097, 1476);
INSERT INTO Author (AuthorID, Name) VALUES (2098, 'Fernanda L&oacute;pez-Escobedo');
INSERT INTO Write (AuthorID, PaperID) VALUES (2098, 3208);
INSERT INTO Author (AuthorID, Name) VALUES (2099, 'Chi Zhang');
INSERT INTO Write (AuthorID, PaperID) VALUES (2099, 3403);
INSERT INTO Author (AuthorID, Name) VALUES (2100, 'Claire Rondet');
INSERT INTO Write (AuthorID, PaperID) VALUES (2100, 1422);
INSERT INTO Author (AuthorID, Name) VALUES (2101, 'Eduardo Romero 0001');
INSERT INTO Write (AuthorID, PaperID) VALUES (2101, 1116);
INSERT INTO Author (AuthorID, Name) VALUES (2102, 'Juncal Guti&eacute;rrez-Artacho');
INSERT INTO Paper (PaperID, Title, Year, MDate, Key, DOI) VALUES (1472, 'Multilingual Question-Answering System in Biomedical Domain on the Web: An Evaluation.', 2011, '2017-06-02', 'conf/clef/Olvera-LoboG11', 'https://doi.org/10.1007/978-3-642-23708-9_10');
INSERT INTO Write (AuthorID, PaperID) VALUES (2102, 1472);
INSERT INTO Author (AuthorID, Name) VALUES (2103, 'Georgiana Carausu');
INSERT INTO Write (AuthorID, PaperID) VALUES (2103, 1647);
INSERT INTO Author (AuthorID, Name) VALUES (2104, 'Xiaojie Wang');
INSERT INTO Write (AuthorID, PaperID) VALUES (2104, 80);
INSERT INTO Author (AuthorID, Name) VALUES (2105, 'Dewen Hu');
INSERT INTO Write (AuthorID, PaperID) VALUES (2105, 2334);
INSERT INTO Author (AuthorID, Name) VALUES (2106, 'Mohammad Nozari Zarmehri');
INSERT INTO Write (AuthorID, PaperID) VALUES (2106, 3118);
INSERT INTO Author (AuthorID, Name) VALUES (2107, 'Andrew MacFarlane 0001');
INSERT INTO Paper (PaperID, Title, Year, MDate, Key, DOI) VALUES (2547, 'PLIERS and Snowball at CLEF 2002.', 2002, '2015-11-04', 'conf/clef/MacFarlane02a', 'http://ceur-ws.org/Vol-1168/CLEF2002wn-adhoc-MacFarlane2002.pdf');
INSERT INTO Write (AuthorID, PaperID) VALUES (2107, 2547);
INSERT INTO Author (AuthorID, Name) VALUES (2108, 'Andr&eacute; Mour&atilde;o');
INSERT INTO Write (AuthorID, PaperID) VALUES (2108, 1107);
INSERT INTO Author (AuthorID, Name) VALUES (2109, 'Alexander Holloway');
INSERT INTO Write (AuthorID, PaperID) VALUES (2109, 674);
INSERT INTO Author (AuthorID, Name) VALUES (2110, 'Dimitrios Galanis');
INSERT INTO Write (AuthorID, PaperID) VALUES (2110, 683);
INSERT INTO Author (AuthorID, Name) VALUES (2111, 'Tran Huy Dat');
INSERT INTO Paper (PaperID, Title, Year, MDate, Key, DOI) VALUES (3348, 'Bird Classification using Ensemble Classifiers.', 2014, '2014-09-10', 'conf/clef/LengDD14', 'http://ceur-ws.org/Vol-1180/CLEF2014wn-Life-LengEt2014.pdf');
INSERT INTO Write (AuthorID, PaperID) VALUES (2111, 3348);
INSERT INTO Author (AuthorID, Name) VALUES (2112, 'Zhiyun Xue');
INSERT INTO Write (AuthorID, PaperID) VALUES (2112, 2000);
INSERT INTO Author (AuthorID, Name) VALUES (2113, 'Andrew Borthwick');
INSERT INTO Write (AuthorID, PaperID) VALUES (2113, 1754);
INSERT INTO Author (AuthorID, Name) VALUES (2114, 'Carlos G&oacute;mez-Rodr&iacute;guez');
INSERT INTO Write (AuthorID, PaperID) VALUES (2114, 3317);
INSERT INTO Author (AuthorID, Name) VALUES (2115, 'Llu&iacute;s-Pere de las Heras');
INSERT INTO Paper (PaperID, Title, Year, MDate, Key, DOI) VALUES (1589, 'CVC-UAB''s Participation in the Flowchart Recognition Task of CLEF-IP 2012.', 2012, '2014-09-24', 'conf/clef/RusinolHMTKDSL12', 'http://www.clef-initiative.eu/documents/71612/655a4cc8-b247-4148-9756-a45cd452a864');
INSERT INTO Write (AuthorID, PaperID) VALUES (2115, 1589);
INSERT INTO Author (AuthorID, Name) VALUES (2116, 'Peng Ying');
INSERT INTO Write (AuthorID, PaperID) VALUES (2116, 3305);
INSERT INTO Author (AuthorID, Name) VALUES (2117, 'Deyuan Zhang');
INSERT INTO Write (AuthorID, PaperID) VALUES (2117, 466);
INSERT INTO Author (AuthorID, Name) VALUES (2118, 'Andrew Starkey');
INSERT INTO Write (AuthorID, PaperID) VALUES (2118, 2592);
INSERT INTO Author (AuthorID, Name) VALUES (2119, 'Octavia-Maria Sulea');
INSERT INTO Write (AuthorID, PaperID) VALUES (2119, 2819);
INSERT INTO Author (AuthorID, Name) VALUES (2120, 'Hongxi Wei');
INSERT INTO Write (AuthorID, PaperID) VALUES (2120, 1050);
INSERT INTO Author (AuthorID, Name) VALUES (2121, 'Riccardo Martoglia');
INSERT INTO Paper (PaperID, Title, Year, MDate, Key, DOI) VALUES (504, 'UNIMORE at ImageCLEF 2013: Scalable Concept Image Annotation.', 2013, '2014-09-10', 'conf/clef/GranaSMCMM13', 'http://ceur-ws.org/Vol-1179/CLEF2013wn-ImageCLEF-GranaEt2013.pdf');
INSERT INTO Write (AuthorID, PaperID) VALUES (2121, 504);
INSERT INTO Author (AuthorID, Name) VALUES (2122, 'Tobias Heintz');
INSERT INTO Write (AuthorID, PaperID) VALUES (2122, 126);
INSERT INTO Author (AuthorID, Name) VALUES (2123, 'Sandra Bringay');
INSERT INTO Write (AuthorID, PaperID) VALUES (2123, 1216);
INSERT INTO Author (AuthorID, Name) VALUES (2124, 'Bartosz Celmer');
INSERT INTO Write (AuthorID, PaperID) VALUES (2124, 473);
INSERT INTO Author (AuthorID, Name) VALUES (2125, 'Zeerak Waseem');
INSERT INTO Write (AuthorID, PaperID) VALUES (2125, 2948);
INSERT INTO Author (AuthorID, Name) VALUES (2126, 'S. Seeger');
INSERT INTO Paper (PaperID, Title, Year, MDate, Key, DOI) VALUES (3437, 'WVU NLP Class Participation in ShARe/CLEF Challenge.', 2013, '2014-09-10', 'conf/clef/JagannathanGJKLPS13', 'http://ceur-ws.org/Vol-1179/CLEF2013wn-CLEFeHealth-JagannathanEt2013.pdf');
INSERT INTO Write (AuthorID, PaperID) VALUES (2126, 3437);
INSERT INTO Author (AuthorID, Name) VALUES (2127, 'Supraja Nagalla');
INSERT INTO Write (AuthorID, PaperID) VALUES (2127, 2517);
INSERT INTO Author (AuthorID, Name) VALUES (2128, 'Trevor Cohen');
INSERT INTO Write (AuthorID, PaperID) VALUES (2128, 2185);
INSERT INTO Author (AuthorID, Name) VALUES (2129, 'Yu Su 0009');
INSERT INTO Paper (PaperID, Title, Year, MDate, Key, DOI) VALUES (2877, 'Semantic Contexts and Fisher Vectors for the ImageCLEF 2011 Photo Annotation Task.', 2011, '2018-08-07', 'conf/clef/SuJ11', 'http://www.clef-initiative.eu/documents/71612/86377/CLEF2011wn-ImageCLEF-SuEt2011.pdf');
INSERT INTO Write (AuthorID, PaperID) VALUES (2129, 2877);
INSERT INTO Author (AuthorID, Name) VALUES (2130, 'Jan Vavruska');
INSERT INTO Write (AuthorID, PaperID) VALUES (2130, 3277);
INSERT INTO Author (AuthorID, Name) VALUES (2131, 'Guillaume Peyet');
INSERT INTO Write (AuthorID, PaperID) VALUES (2131, 753);
INSERT INTO Author (AuthorID, Name) VALUES (2132, 'Sandra Collovini');
INSERT INTO Paper (PaperID, Title, Year, MDate, Key, DOI) VALUES (2281, 'Analysing the Role of Representation Choices in Portuguese Relation Extraction.', 2015, '2018-11-14', 'conf/clef/ColloviniFV15', 'https://www.wikidata.org/entity/Q57763544');
INSERT INTO Write (AuthorID, PaperID) VALUES (2132, 2281);
INSERT INTO Author (AuthorID, Name) VALUES (2133, 'Sheng Guo');
INSERT INTO Paper (PaperID, Title, Year, MDate, Key, DOI) VALUES (698, 'Marine Animal Detection and Recognition with Advanced Deep Learning Models.', 2017, '2017-08-15', 'conf/clef/ZhuangXLGQ17', 'http://ceur-ws.org/Vol-1866/paper_166.pdf');
INSERT INTO Write (AuthorID, PaperID) VALUES (2133, 698);
INSERT INTO Author (AuthorID, Name) VALUES (2134, 'Cristina Moreno');
INSERT INTO Write (AuthorID, PaperID) VALUES (2134, 56);
INSERT INTO Author (AuthorID, Name) VALUES (2135, 'Assaf Urieli');
INSERT INTO Write (AuthorID, PaperID) VALUES (2135, 838);
INSERT INTO Author (AuthorID, Name) VALUES (2136, 'Chengjie Sun');
INSERT INTO Write (AuthorID, PaperID) VALUES (2136, 466);
INSERT INTO Author (AuthorID, Name) VALUES (2137, 'Jakub Pezacki');
INSERT INTO Write (AuthorID, PaperID) VALUES (2137, 473);
INSERT INTO Author (AuthorID, Name) VALUES (2138, 'Ola Hamfors');
INSERT INTO Write (AuthorID, PaperID) VALUES (2138, 2586);
INSERT INTO Author (AuthorID, Name) VALUES (2139, 'Jeff Pinto');
INSERT INTO Write (AuthorID, PaperID) VALUES (2139, 1182);
INSERT INTO Author (AuthorID, Name) VALUES (2140, 'Gontlafetse Mosweunyane');
INSERT INTO Write (AuthorID, PaperID) VALUES (2140, 1912);
INSERT INTO Author (AuthorID, Name) VALUES (2141, 'Richard Flemmings');
INSERT INTO Write (AuthorID, PaperID) VALUES (2141, 1504);
INSERT INTO Author (AuthorID, Name) VALUES (2142, 'Ning Liu');
INSERT INTO Write (AuthorID, PaperID) VALUES (2142, 1265);
INSERT INTO Author (AuthorID, Name) VALUES (2143, 'Georg Langs');
INSERT INTO Write (AuthorID, PaperID) VALUES (2143, 246);
INSERT INTO Author (AuthorID, Name) VALUES (2144, 'Tobias Gr&uuml;ning');
INSERT INTO Paper (PaperID, Title, Year, MDate, Key, DOI) VALUES (679, 'CITlab ARGUS for Keyword Search in Historical Handwritten Documents - Description of CITlab''s System for the ImageCLEF 2016 Handwritten Scanned Document Retrieval Task.', 2016, '2016-08-11', 'conf/clef/StraussGLL16', 'http://ceur-ws.org/Vol-1609/16090399.pdf');
INSERT INTO Write (AuthorID, PaperID) VALUES (2144, 679);
INSERT INTO Author (AuthorID, Name) VALUES (2145, 'Nadin K&ouml;kciyan');
INSERT INTO Write (AuthorID, PaperID) VALUES (2145, 479);
INSERT INTO Author (AuthorID, Name) VALUES (2146, 'Gerhard Klassen');
INSERT INTO Write (AuthorID, PaperID) VALUES (2146, 2117);
INSERT INTO Author (AuthorID, Name) VALUES (2147, 'Hinrich Sch&uuml;tze');
INSERT INTO Write (AuthorID, PaperID) VALUES (2147, 964);
INSERT INTO Author (AuthorID, Name) VALUES (2148, 'Piotr Przybyla');
INSERT INTO Paper (PaperID, Title, Year, MDate, Key, DOI) VALUES (3336, 'What Do Your Look-alikes Say about You? Exploiting Strong and Weak Similarities for Author Profiling.', 2015, '2015-09-03', 'conf/clef/PrzybylaT15', 'http://ceur-ws.org/Vol-1391/45-CR.pdf');
INSERT INTO Write (AuthorID, PaperID) VALUES (2148, 3336);
INSERT INTO Author (AuthorID, Name) VALUES (2149, 'Javier Alonso-S&aacute;nchez');
INSERT INTO Write (AuthorID, PaperID) VALUES (2149, 3488);
INSERT INTO Author (AuthorID, Name) VALUES (2150, 'Rajendra Pamula');
INSERT INTO Write (AuthorID, PaperID) VALUES (2150, 179);
INSERT INTO Author (AuthorID, Name) VALUES (2151, 'Mireya Tovar');
INSERT INTO Write (AuthorID, PaperID) VALUES (2151, 2083);
INSERT INTO Author (AuthorID, Name) VALUES (2152, 'Anindya Dey');
INSERT INTO Write (AuthorID, PaperID) VALUES (2152, 215);
INSERT INTO Author (AuthorID, Name) VALUES (2153, 'M. Alejandro Reyes-Barrag&aacute;n');
INSERT INTO Write (AuthorID, PaperID) VALUES (2153, 652);
INSERT INTO Author (AuthorID, Name) VALUES (2154, 'Paul A. Watters');
INSERT INTO Write (AuthorID, PaperID) VALUES (2154, 1135);
INSERT INTO Author (AuthorID, Name) VALUES (2155, 'Bill Ogden');
INSERT INTO Paper (PaperID, Title, Year, MDate, Key, DOI) VALUES (573, 'Can Monolingual Users create Good Multilingual Queries without Machine Translation?', 2000, '2014-08-15', 'conf/clef/OgdenD00', 'http://ceur-ws.org/Vol-1166/CLEF2000wn-adhoc-OgdenEt2000.pdf');
INSERT INTO Write (AuthorID, PaperID) VALUES (2155, 573);
INSERT INTO Author (AuthorID, Name) VALUES (2156, 'Craig MacDonald');
INSERT INTO Write (AuthorID, PaperID) VALUES (2156, 409);
INSERT INTO Author (AuthorID, Name) VALUES (2157, 'Sangita Pillay');
INSERT INTO Write (AuthorID, PaperID) VALUES (2157, 341);
INSERT INTO Author (AuthorID, Name) VALUES (2158, 'Shuai Wang');
INSERT INTO Write (AuthorID, PaperID) VALUES (2158, 1918);
INSERT INTO Author (AuthorID, Name) VALUES (2159, 'Juan Domingo');
INSERT INTO Write (AuthorID, PaperID) VALUES (2159, 1820);
INSERT INTO Author (AuthorID, Name) VALUES (2160, 'Hussam Hamdan');
INSERT INTO Write (AuthorID, PaperID) VALUES (2160, 2450);
INSERT INTO Author (AuthorID, Name) VALUES (2161, 'Nataliia Plotnikova');
INSERT INTO Write (AuthorID, PaperID) VALUES (2161, 2486);
INSERT INTO Author (AuthorID, Name) VALUES (2162, 'Yalei Peng');
INSERT INTO Write (AuthorID, PaperID) VALUES (2162, 3340);
INSERT INTO Author (AuthorID, Name) VALUES (2163, 'Yu Zhang');
INSERT INTO Write (AuthorID, PaperID) VALUES (2163, 939);
INSERT INTO Author (AuthorID, Name) VALUES (2164, 'Josep Llad&oacute;s');
INSERT INTO Write (AuthorID, PaperID) VALUES (2164, 1589);
INSERT INTO Author (AuthorID, Name) VALUES (2165, 'Fredrik Espinoza');
INSERT INTO Write (AuthorID, PaperID) VALUES (2165, 2586);
INSERT INTO Author (AuthorID, Name) VALUES (2166, 'Rapha&euml;l Mar&eacute;e');
INSERT INTO Paper (PaperID, Title, Year, MDate, Key, DOI) VALUES (2936, 'Biomedical Imaging Modality Classification Using Bags of Visual and Textual Terms with Extremely Randomized Trees: Report of ImageCLEF 2010 Experiments.', 2010, '2016-06-02', 'conf/clef/MareeSG10', 'http://www.clef-initiative.eu/documents/71612/86374/CLEF2010wn-ImageCLEF-Mar%C3%A9eEt2010.pdf');
INSERT INTO Write (AuthorID, PaperID) VALUES (2166, 2936);
INSERT INTO Author (AuthorID, Name) VALUES (2167, 'Harsh Thakkar');
INSERT INTO Write (AuthorID, PaperID) VALUES (2167, 1794);
INSERT INTO Author (AuthorID, Name) VALUES (2168, 'Simone Peruzzo');
INSERT INTO Write (AuthorID, PaperID) VALUES (2168, 1194);
INSERT INTO Author (AuthorID, Name) VALUES (2169, 'Maite Oronoz Anchordoqui');
INSERT INTO Write (AuthorID, PaperID) VALUES (2169, 2786);
INSERT INTO Author (AuthorID, Name) VALUES (2170, 'Madhulika Agrawal');
INSERT INTO Write (AuthorID, PaperID) VALUES (2170, 2285);
INSERT INTO Author (AuthorID, Name) VALUES (2171, 'James Gung');
INSERT INTO Paper (PaperID, Title, Year, MDate, Key, DOI) VALUES (1942, 'Using Relations for Identification and Normalization of Disorders: Team CLEAR in the ShARe/CLEF 2013 eHealth Evaluation Lab.', 2013, '2014-09-10', 'conf/clef/Gung13', 'http://ceur-ws.org/Vol-1179/CLEF2013wn-CLEFeHealth-Gung2013.pdf');
INSERT INTO Write (AuthorID, PaperID) VALUES (2171, 1942);
INSERT INTO Author (AuthorID, Name) VALUES (2172, 'Arnab Bhattacharya 0001');
INSERT INTO Paper (PaperID, Title, Year, MDate, Key, DOI) VALUES (649, 'A Plant Identification System using Shape and Morphological Features on Segmented Leaflets: Team IITK, CLEF 2012.', 2012, '2018-07-27', 'conf/clef/AroraGBMB12', 'http://www.clef-initiative.eu/documents/71612/cdb240e2-2cdf-4e69-89d5-d69ca921beb0');
INSERT INTO Write (AuthorID, PaperID) VALUES (2172, 649);
INSERT INTO Author (AuthorID, Name) VALUES (2173, 'Marina Driker');
INSERT INTO Write (AuthorID, PaperID) VALUES (2173, 3280);
INSERT INTO Author (AuthorID, Name) VALUES (2174, 'Shachar Mirkin');
INSERT INTO Paper (PaperID, Title, Year, MDate, Key, DOI) VALUES (737, 'XRCE Personal Language Analytics Engine for Multilingual Author Profiling: Notebook for PAN at CLEF 2015.', 2015, '2015-09-03', 'conf/clef/NowsonPBMR15', 'http://ceur-ws.org/Vol-1391/100-CR.pdf');
INSERT INTO Write (AuthorID, PaperID) VALUES (2174, 737);
INSERT INTO Author (AuthorID, Name) VALUES (2175, 'Cl&eacute;mentine Scohy');
INSERT INTO Write (AuthorID, PaperID) VALUES (2175, 2712);
INSERT INTO Author (AuthorID, Name) VALUES (2176, 'Fahad Al-Obaidli');
INSERT INTO Write (AuthorID, PaperID) VALUES (2176, 972);
INSERT INTO Author (AuthorID, Name) VALUES (2177, 'Giovanni Ciccone');
INSERT INTO Write (AuthorID, PaperID) VALUES (2177, 1258);
INSERT INTO Author (AuthorID, Name) VALUES (2178, 'Paulina Sciana');
INSERT INTO Write (AuthorID, PaperID) VALUES (2178, 783);
INSERT INTO Author (AuthorID, Name) VALUES (2179, 'Hugo Rodrigues 0001');
INSERT INTO Write (AuthorID, PaperID) VALUES (2179, 219);
INSERT INTO Author (AuthorID, Name) VALUES (2180, 'Tung Dinh Duy');
INSERT INTO Write (AuthorID, PaperID) VALUES (2180, 1058);
INSERT INTO Author (AuthorID, Name) VALUES (2181, 'Stefan Endrullis');
INSERT INTO Write (AuthorID, PaperID) VALUES (2181, 2055);
INSERT INTO Author (AuthorID, Name) VALUES (2182, 'Jiamei Sun');
INSERT INTO Write (AuthorID, PaperID) VALUES (2182, 561);
INSERT INTO Author (AuthorID, Name) VALUES (2183, 'Giacomo Ciuffreda');
INSERT INTO Write (AuthorID, PaperID) VALUES (2183, 206);
INSERT INTO Author (AuthorID, Name) VALUES (2184, 'Satyam');
INSERT INTO Write (AuthorID, PaperID) VALUES (2184, 1451);
INSERT INTO Author (AuthorID, Name) VALUES (2185, 'Bjoern H. Menze');
INSERT INTO Write (AuthorID, PaperID) VALUES (2185, 246);
INSERT INTO Author (AuthorID, Name) VALUES (2186, 'Krista Lagus');
INSERT INTO Write (AuthorID, PaperID) VALUES (2186, 1563);
INSERT INTO Author (AuthorID, Name) VALUES (2187, 'John Samuel 0003');
INSERT INTO Paper (PaperID, Title, Year, MDate, Key, DOI) VALUES (3123, 'Analyzing and Visualizing Translation Patterns of Wikidata Properties.', 2018, '2018-11-14', 'conf/clef/Samuel18', 'https://www.wikidata.org/entity/Q56249103');
INSERT INTO Write (AuthorID, PaperID) VALUES (2187, 3123);
INSERT INTO Author (AuthorID, Name) VALUES (2188, 'Madeleine Sialeu');
INSERT INTO Write (AuthorID, PaperID) VALUES (2188, 1763);
INSERT INTO Author (AuthorID, Name) VALUES (2189, 'Andrea Esuli');
INSERT INTO Paper (PaperID, Title, Year, MDate, Key, DOI) VALUES (2448, 'Evaluating Information Extraction.', 2010, '2018-11-14', 'conf/clef/EsuliS10', 'https://www.wikidata.org/entity/Q57771100');
INSERT INTO Write (AuthorID, PaperID) VALUES (2189, 2448);
INSERT INTO Author (AuthorID, Name) VALUES (2190, 'C&eacute;line Grauby');
INSERT INTO Write (AuthorID, PaperID) VALUES (2190, 2686);
INSERT INTO Author (AuthorID, Name) VALUES (2191, 'Frank Sawitzki');
INSERT INTO Write (AuthorID, PaperID) VALUES (2191, 2149);
INSERT INTO Author (AuthorID, Name) VALUES (2192, 'Sergej Sizov');
INSERT INTO Write (AuthorID, PaperID) VALUES (2192, 2361);
INSERT INTO Author (AuthorID, Name) VALUES (2193, 'Claudia Wortmann');
INSERT INTO Paper (PaperID, Title, Year, MDate, Key, DOI) VALUES (1243, 'IMBIT: Resources and Search Strategy.', 2002, '2014-08-15', 'conf/clef/Wortmann02', 'http://ceur-ws.org/Vol-1168/CLEF2002wn-adhoc-WortmannEt2002.pdf');
INSERT INTO Write (AuthorID, PaperID) VALUES (2193, 1243);
INSERT INTO Author (AuthorID, Name) VALUES (2194, 'Andreas Grivas');
INSERT INTO Write (AuthorID, PaperID) VALUES (2194, 1545);
INSERT INTO Author (AuthorID, Name) VALUES (2195, 'Fr&eacute;d&eacute;ric Jurie');
INSERT INTO Write (AuthorID, PaperID) VALUES (2195, 2877);
INSERT INTO Author (AuthorID, Name) VALUES (2196, 'Mohammad Reza Mirsarraf');
INSERT INTO Write (AuthorID, PaperID) VALUES (2196, 2082);
INSERT INTO Author (AuthorID, Name) VALUES (2197, 'Aude Nzeh Ngong');
INSERT INTO Write (AuthorID, PaperID) VALUES (2197, 783);
INSERT INTO Author (AuthorID, Name) VALUES (2198, 'Mohamed Arziki');
INSERT INTO Write (AuthorID, PaperID) VALUES (2198, 3140);
INSERT INTO Author (AuthorID, Name) VALUES (2199, 'Luca Toldo');
INSERT INTO Write (AuthorID, PaperID) VALUES (2199, 2309);
INSERT INTO Author (AuthorID, Name) VALUES (2200, 'Amine Abdaoui');
INSERT INTO Paper (PaperID, Title, Year, MDate, Key, DOI) VALUES (1169, 'ICD10 Coding of Death Certificates with the NCBO and SIFR Annotator(s) at CLEF eHealth 2017 Task 1.', 2017, '2018-10-05', 'conf/clef/TchechmedjievAE17', 'http://ceur-ws.org/Vol-1866/paper_62.pdf');
INSERT INTO Write (AuthorID, PaperID) VALUES (2200, 1169);
INSERT INTO Author (AuthorID, Name) VALUES (2201, 'Andr&aacute;s B&aacute;nhalmi');
INSERT INTO Paper (PaperID, Title, Year, MDate, Key, DOI) VALUES (3322, 'Wlab of University of Szeged at ImageCLEF 2014 Plant Identification Task.', 2014, '2014-09-10', 'conf/clef/BanhalmiPBNS14', 'http://ceur-ws.org/Vol-1180/CLEF2014wn-Life-BanhalmiEt2014.pdf');
INSERT INTO Write (AuthorID, PaperID) VALUES (2201, 3322);
INSERT INTO Author (AuthorID, Name) VALUES (2202, 'Viktor G&aacute;l');
