\c clef
INSERT INTO Author (AuthorID, Name) VALUES (0, 'Gareth J. F. Jones');
INSERT INTO Paper (PaperID, Title, Year, MDate, Key, DOI) VALUES (44, 'Overview of the CLEF-2007 Cross-Language Speech Retrieval Track.', 2007, '2017-05-24', 'conf/clef/PecinaHJZO07', 'https://doi.org/10.1007/978-3-540-85760-0_86');
INSERT INTO Write (AuthorID, PaperID) VALUES (0, 44);
INSERT INTO Paper (PaperID, Title, Year, MDate, Key, DOI) VALUES (72, 'Dublin City University at CLEF 2005: Multi-8 Two-Years-On Merging Experiments.', 2005, '2017-05-24', 'conf/clef/Lam-AdesinaJ05', 'https://doi.org/10.1007/11878773_18');
INSERT INTO Write (AuthorID, PaperID) VALUES (0, 72);
INSERT INTO Paper (PaperID, Title, Year, MDate, Key, DOI) VALUES (74, 'CLEF 2005: Ad Hoc Track Overview.', 2005, '2017-05-24', 'conf/clef/NunzioFJP05', 'https://doi.org/10.1007/11878773_2');
INSERT INTO Write (AuthorID, PaperID) VALUES (0, 74);
INSERT INTO Paper (PaperID, Title, Year, MDate, Key, DOI) VALUES (104, 'Applying the KISS Principle for the CLEF- IP 2010 Prior Art Candidate Patent Search Task.', 2010, '2014-09-24', 'conf/clef/MagdyJ10', 'http://www.clef-initiative.eu/documents/71612/86374/CLEF2010wn-CLEF-IP-MagdyEt2010.pdf');
INSERT INTO Write (AuthorID, PaperID) VALUES (0, 104);
INSERT INTO Paper (PaperID, Title, Year, MDate, Key, DOI) VALUES (121, 'Dublin City University at CLEF 2005: Multilingual Merging Experiments.', 2005, '2014-08-15', 'conf/clef/Lam-AdesinaJ05c', 'http://ceur-ws.org/Vol-1171/CLEF2005wn-adhoc-LamAdesinaEt2005.pdf');
INSERT INTO Write (AuthorID, PaperID) VALUES (0, 121);
INSERT INTO Paper (PaperID, Title, Year, MDate, Key, DOI) VALUES (306, 'A Gamified Approach to Relevance Judgement.', 2016, '2018-11-02', 'conf/clef/GangulyJ15', 'https://doi.org/10.1007/978-3-319-44564-9_18');
INSERT INTO Write (AuthorID, PaperID) VALUES (0, 306);
INSERT INTO Paper (PaperID, Title, Year, MDate, Key, DOI) VALUES (396, 'Exeter at CLEF 2001: Experiments with Machine Translation for Bilingual Retrieval.', 2001, '2017-05-24', 'conf/clef/JonesL01', 'https://doi.org/10.1007/3-540-45691-0_5');
INSERT INTO Write (AuthorID, PaperID) VALUES (0, 396);
INSERT INTO Paper (PaperID, Title, Year, MDate, Key, DOI) VALUES (450, 'Dublin City University at CLEF 2006: Cross-Language Speech Retrieval (CL-SR) Experiments.', 2006, '2017-05-24', 'conf/clef/JonesZL06', 'https://doi.org/10.1007/978-3-540-74999-8_100');
INSERT INTO Write (AuthorID, PaperID) VALUES (0, 450);
INSERT INTO Paper (PaperID, Title, Year, MDate, Key, DOI) VALUES (467, 'Dublin City University at CLEF 2006: Experiments for the ImageCLEF Photo Collection Standard Ad Hoc Task.', 2006, '2014-08-15', 'conf/clef/McDonaldJ06a', 'http://ceur-ws.org/Vol-1172/CLEF2006wn-ImageCLEF-McDonaldEt2006.pdf');
INSERT INTO Write (AuthorID, PaperID) VALUES (0, 467);
INSERT INTO Paper (PaperID, Title, Year, MDate, Key, DOI) VALUES (542, 'The CLEF 2003 Cross-Language Spoken Document Retrieval Track.', 2003, '2017-05-24', 'conf/clef/FedericoJ03', 'https://doi.org/10.1007/978-3-540-30222-3_61');
INSERT INTO Write (AuthorID, PaperID) VALUES (0, 542);
INSERT INTO Paper (PaperID, Title, Year, MDate, Key, DOI) VALUES (545, 'CLEF 2004 Cross-Language Spoken Document Retrieval Track.', 2004, '2017-05-24', 'conf/clef/FedericoBLJ05', 'https://doi.org/10.1007/11519645_79');
INSERT INTO Write (AuthorID, PaperID) VALUES (0, 545);
INSERT INTO Paper (PaperID, Title, Year, MDate, Key, DOI) VALUES (595, 'Dublin City University at CLEF 2005: Experiments with the ImageCLEF St Andrew''s Collection.', 2005, '2014-08-15', 'conf/clef/JonesM05a', 'http://ceur-ws.org/Vol-1171/CLEF2005wn-ImageCLEF-JonesEt2005.pdf');
INSERT INTO Write (AuthorID, PaperID) VALUES (0, 595);
INSERT INTO Paper (PaperID, Title, Year, MDate, Key, DOI) VALUES (610, 'DCU at VideoCLEF 2008.', 2008, '2014-09-30', 'conf/clef/NewmanJ08a', 'http://ceur-ws.org/Vol-1174/CLEF2008wn-VideoCLEF-NewmanEt2008.pdf');
INSERT INTO Write (AuthorID, PaperID) VALUES (0, 610);
INSERT INTO Paper (PaperID, Title, Year, MDate, Key, DOI) VALUES (666, 'Examining the Robustness of Evaluation Metrics for Patent Retrieval with Incomplete Relevance Judgements.', 2010, '2018-11-02', 'conf/clef/MagdyJ10a', 'https://doi.org/10.1007/978-3-642-15998-5_10');
INSERT INTO Write (AuthorID, PaperID) VALUES (0, 666);
INSERT INTO Paper (PaperID, Title, Year, MDate, Key, DOI) VALUES (685, 'CLEF eHealth Evaluation Lab 2015, Task 2: Retrieving Information About Medical Symptoms.', 2015, '2015-09-03', 'conf/clef/PalottiZGKHJLP15', 'http://ceur-ws.org/Vol-1391/inv-pap9-CR.pdf');
INSERT INTO Write (AuthorID, PaperID) VALUES (0, 685);
INSERT INTO Paper (PaperID, Title, Year, MDate, Key, DOI) VALUES (704, 'When to Cross Over? Cross-Language Linking Using Wikipedia for VideoCLEF 2009.', 2009, '2018-11-02', 'conf/clef/GyarmatiJ09', 'https://doi.org/10.1007/978-3-642-15751-6_53');
INSERT INTO Write (AuthorID, PaperID) VALUES (0, 704);
INSERT INTO Paper (PaperID, Title, Year, MDate, Key, DOI) VALUES (736, 'Enhancing Medical Information Retrieval by Exploiting a Content-Based Recommender Method.', 2015, '2018-11-02', 'conf/clef/0054J15', 'https://doi.org/10.1007/978-3-319-24027-5_12');
INSERT INTO Write (AuthorID, PaperID) VALUES (0, 736);
INSERT INTO Paper (PaperID, Title, Year, MDate, Key, DOI) VALUES (759, 'Dublin City University at CLEF 2005: Cross-Language Speech Retrieval (CL-SR) Experiments.', 2005, '2017-05-24', 'conf/clef/Lam-AdesinaJ05a', 'https://doi.org/10.1007/11878773_87');
INSERT INTO Write (AuthorID, PaperID) VALUES (0, 759);
INSERT INTO Paper (PaperID, Title, Year, MDate, Key, DOI) VALUES (812, 'Improving the Reliability of Query Expansion for User-Generated Speech Retrieval Using Query Performance Prediction.', 2017, '2018-11-02', 'conf/clef/KhwilehWJ17', 'https://doi.org/10.1007/978-3-319-65813-1_4');
INSERT INTO Write (AuthorID, PaperID) VALUES (0, 812);
INSERT INTO Paper (PaperID, Title, Year, MDate, Key, DOI) VALUES (854, 'CLEF 2004 Cross-Language Spoken Document Retrieval Track.', 2004, '2014-08-15', 'conf/clef/FedericoBLJ04', 'http://ceur-ws.org/Vol-1170/CLEF2004wn-CLSR-FedericoEt2004.pdf');
INSERT INTO Write (AuthorID, PaperID) VALUES (0, 854);
INSERT INTO Paper (PaperID, Title, Year, MDate, Key, DOI) VALUES (863, 'Document Expansion for Text-Based Image Retrieval at CLEF 2009.', 2009, '2018-11-02', 'conf/clef/MinWLJ09', 'https://doi.org/10.1007/978-3-642-15751-6_19');
INSERT INTO Write (AuthorID, PaperID) VALUES (0, 863);
INSERT INTO Paper (PaperID, Title, Year, MDate, Key, DOI) VALUES (866, 'Exeter at CLEF 2001: Experiments with Machine Translation for Bilingual Retrieval.', 2001, '2014-08-15', 'conf/clef/JonesL01a', 'http://ceur-ws.org/Vol-1167/CLEF2001wn-adhoc-JonesEt2001.pdf');
INSERT INTO Write (AuthorID, PaperID) VALUES (0, 866);
INSERT INTO Paper (PaperID, Title, Year, MDate, Key, DOI) VALUES (886, 'Experiments with Machine Translation for Monolingual and Bilingual Retrieval.', 2002, '2017-05-24', 'conf/clef/Lam-AdesinaJ02', 'https://doi.org/10.1007/978-3-540-45237-9_10');
INSERT INTO Write (AuthorID, PaperID) VALUES (0, 886);
INSERT INTO Paper (PaperID, Title, Year, MDate, Key, DOI) VALUES (921, 'Exeter at CLEF 2003: Experiments with Machine Translation for Monolingual, Bilingual and Multilingual Retrieval.', 2003, '2017-05-24', 'conf/clef/Lam-AdesinaJ03', 'https://doi.org/10.1007/978-3-540-30222-3_26');
INSERT INTO Write (AuthorID, PaperID) VALUES (0, 921);
INSERT INTO Paper (PaperID, Title, Year, MDate, Key, DOI) VALUES (999, 'Identifying Common User Behaviour in Multilingual Search Logs.', 2009, '2018-11-02', 'conf/clef/GhorabLZJW09', 'https://doi.org/10.1007/978-3-642-15754-7_63');
INSERT INTO Write (AuthorID, PaperID) VALUES (0, 999);
INSERT INTO Paper (PaperID, Title, Year, MDate, Key, DOI) VALUES (1024, 'Document Expansion for Text-based Image Retrieval at WikipediaMM 2010.', 2010, '2014-09-24', 'conf/clef/MinLJ10', 'http://www.clef-initiative.eu/documents/71612/86374/CLEF2010wn-ImageCLEF-MinEt2010.pdf');
INSERT INTO Write (AuthorID, PaperID) VALUES (0, 1024);
INSERT INTO Paper (PaperID, Title, Year, MDate, Key, DOI) VALUES (1045, 'Dublin City University at CLEF 2004: Experiments in Monolingual, Bilingual and Multilingual Retrieval.', 2004, '2014-08-15', 'conf/clef/JonesBJKLW04', 'http://ceur-ws.org/Vol-1170/CLEF2004wn-adhoc-JonesEt2004.pdf');
INSERT INTO Write (AuthorID, PaperID) VALUES (0, 1045);
INSERT INTO Paper (PaperID, Title, Year, MDate, Key, DOI) VALUES (1111, 'Overview of VideoCLEF 2009: New Perspectives on Speech-Based Multimedia Content Enrichment.', 2009, '2018-11-02', 'conf/clef/LarsonNJ09', 'https://doi.org/10.1007/978-3-642-15751-6_46');
INSERT INTO Write (AuthorID, PaperID) VALUES (0, 1111);
INSERT INTO Paper (PaperID, Title, Year, MDate, Key, DOI) VALUES (1159, 'Overview of VideoCLEF 2008: Automatic Generation of Topic-based Feeds for Dual Language Audio-Visual Content.', 2008, '2014-09-29', 'conf/clef/LarsonNJ08a', 'http://ceur-ws.org/Vol-1174/CLEF2008wn-VideoCLEF-LarsonEt2008.pdf');
INSERT INTO Write (AuthorID, PaperID) VALUES (0, 1159);
INSERT INTO Paper (PaperID, Title, Year, MDate, Key, DOI) VALUES (1174, 'Dublin City University at CLEF 2004: Experiments in Monolingual, Bilingual and Multilingual Retrieval.', 2004, '2017-05-24', 'conf/clef/JonesBJKLW05', 'https://doi.org/10.1007/11519645_22');
INSERT INTO Write (AuthorID, PaperID) VALUES (0, 1174);
INSERT INTO Paper (PaperID, Title, Year, MDate, Key, DOI) VALUES (1189, 'EXETER at CLEF 2003: Experiments with Machine Translation for Monolingual, Bilingual and Multilingual Retrieval.', 2003, '2014-08-15', 'conf/clef/Lam-AdesinaJ03b', 'http://ceur-ws.org/Vol-1169/CLEF2003wn-adhoc-LamAdesinaEt2003.pdf');
INSERT INTO Write (AuthorID, PaperID) VALUES (0, 1189);
INSERT INTO Paper (PaperID, Title, Year, MDate, Key, DOI) VALUES (1192, 'Dublin City University at CLEF 2006: Experiments for the ImageCLEF Photo Collection Standard Ad Hoc Task.', 2006, '2017-05-24', 'conf/clef/McDonaldJ06', 'https://doi.org/10.1007/978-3-540-74999-8_77');
INSERT INTO Write (AuthorID, PaperID) VALUES (0, 1192);
INSERT INTO Paper (PaperID, Title, Year, MDate, Key, DOI) VALUES (1195, 'A Text-Based Approach to the ImageCLEF 2010 Photo Annotation Task.', 2010, '2014-10-09', 'conf/clef/LiMJ10', 'http://www.clef-initiative.eu/documents/71612/86374/CLEF2010wn-ImageCLEF-LiEt2010.pdf');
INSERT INTO Write (AuthorID, PaperID) VALUES (0, 1195);
INSERT INTO Paper (PaperID, Title, Year, MDate, Key, DOI) VALUES (1214, 'DCU @ CLEF-IP 2009: Exploring Standard IR Techniques on Patent Retrieval.', 2009, '2014-09-29', 'conf/clef/MagdyLJ09a', 'http://ceur-ws.org/Vol-1175/CLEF2009wn-CLEFIP-MagdyEt2009.pdf');
INSERT INTO Write (AuthorID, PaperID) VALUES (0, 1214);
INSERT INTO Paper (PaperID, Title, Year, MDate, Key, DOI) VALUES (1232, 'Overview of the CLEF-2005 Cross-Language Speech Retrieval Track.', 2005, '2017-05-24', 'conf/clef/WhiteOJSH05', 'https://doi.org/10.1007/11878773_82');
INSERT INTO Write (AuthorID, PaperID) VALUES (0, 1232);
INSERT INTO Paper (PaperID, Title, Year, MDate, Key, DOI) VALUES (1328, 'Evaluation of Personalised Information Retrieval at CLEF 2018 (PIR-CLEF).', 2018, '2018-08-20', 'conf/clef/PasiJCMSGS18a', 'https://doi.org/10.1007/978-3-319-98932-7_29');
INSERT INTO Write (AuthorID, PaperID) VALUES (0, 1328);
INSERT INTO Paper (PaperID, Title, Year, MDate, Key, DOI) VALUES (1382, 'Overview of the CLEF 2017 Personalised Information Retrieval Pilot Lab (PIR-CLEF 2017).', 2017, '2018-11-02', 'conf/clef/PasiJMSGS17a', 'https://doi.org/10.1007/978-3-319-65813-1_29');
INSERT INTO Write (AuthorID, PaperID) VALUES (0, 1382);
INSERT INTO Paper (PaperID, Title, Year, MDate, Key, DOI) VALUES (1519, 'Overview of the CLEF 2018 Personalised Information Retrieval Lab (PIR-CLEF 2018).', 2018, '2018-08-08', 'conf/clef/PasiJCMSGS18', 'http://ceur-ws.org/Vol-2125/invited_paper_12.pdf');
INSERT INTO Write (AuthorID, PaperID) VALUES (0, 1519);
INSERT INTO Paper (PaperID, Title, Year, MDate, Key, DOI) VALUES (1570, 'DCU at CLEF 2006: Robust Cross Language Track.', 2006, '2014-08-15', 'conf/clef/Lam-AdesinaJ06a', 'http://ceur-ws.org/Vol-1172/CLEF2006wn-adhoc-LamAdesinaEt2006.pdf');
INSERT INTO Write (AuthorID, PaperID) VALUES (0, 1570);
INSERT INTO Paper (PaperID, Title, Year, MDate, Key, DOI) VALUES (1606, 'DCU@INEX-2012: Exploring Sentence Retrieval for Tweet Contextualization.', 2012, '2014-09-24', 'conf/clef/GangulyLJ12', 'http://www.clef-initiative.eu/documents/71612/914a78cc-d5e7-4994-882a-76751b830322');
INSERT INTO Write (AuthorID, PaperID) VALUES (0, 1606);
INSERT INTO Paper (PaperID, Title, Year, MDate, Key, DOI) VALUES (1629, 'EXETER at CLEF 2003: Cross-Language Spoken Document Retrieval Experiments.', 2003, '2014-08-15', 'conf/clef/Lam-AdesinaJ03a', 'http://ceur-ws.org/Vol-1169/CLEF2003wn-CLSR-LamAdesinaEt2003.pdf');
INSERT INTO Write (AuthorID, PaperID) VALUES (0, 1629);
INSERT INTO Paper (PaperID, Title, Year, MDate, Key, DOI) VALUES (1635, 'Dublin City University at CLEF 2004: Experiments with the ImageCLEF St Andrew''s Collection.', 2004, '2014-08-15', 'conf/clef/JonesGKLMW04', 'http://ceur-ws.org/Vol-1170/CLEF2004wn-ImageCLEF-JonesEt2004.pdf');
INSERT INTO Write (AuthorID, PaperID) VALUES (0, 1635);
INSERT INTO Paper (PaperID, Title, Year, MDate, Key, DOI) VALUES (1651, 'Dublin City University at CLEF 2004: Experiments with the ImageCLEF St. Andrew''s Collection.', 2004, '2017-05-24', 'conf/clef/JonesGKLMW05', 'https://doi.org/10.1007/11519645_64');
INSERT INTO Write (AuthorID, PaperID) VALUES (0, 1651);
INSERT INTO Paper (PaperID, Title, Year, MDate, Key, DOI) VALUES (1652, 'Overview of the CLEF-2007 Cross Language Speech Retrieval Track.', 2007, '2014-09-23', 'conf/clef/PecinaHJZO07a', 'http://ceur-ws.org/Vol-1173/CLEF2007wn-CLSR-PecinaEt2007.pdf');
INSERT INTO Write (AuthorID, PaperID) VALUES (0, 1652);
INSERT INTO Paper (PaperID, Title, Year, MDate, Key, DOI) VALUES (1656, 'Query Expansion for Sentence Retrieval Using Pseudo Relevance Feedback and Word Embedding.', 2017, '2018-11-02', 'conf/clef/AroraFJ17', 'https://doi.org/10.1007/978-3-319-65813-1_8');
INSERT INTO Write (AuthorID, PaperID) VALUES (0, 1656);
INSERT INTO Paper (PaperID, Title, Year, MDate, Key, DOI) VALUES (1718, 'HITS and Misses: Combining BM25 with HITS for Expert Search.', 2010, '2014-09-24', 'conf/clef/LevelingJ10', 'http://www.clef-initiative.eu/documents/71612/86374/CLEF2010wn-CriES-LevelingEt2010.pdf');
INSERT INTO Write (AuthorID, PaperID) VALUES (0, 1718);
INSERT INTO Paper (PaperID, Title, Year, MDate, Key, DOI) VALUES (1729, 'ShARe/CLEF eHealth Evaluation Lab 2013, Task 3: Information Retrieval to Address Patients'' Questions when Reading Clinical Reports.', 2013, '2014-09-10', 'conf/clef/GoeuriotJKLHMSSZ13', 'http://ceur-ws.org/Vol-1179/CLEF2013wn-CLEFeHealth-GoeuriotEt2013.pdf');
INSERT INTO Write (AuthorID, PaperID) VALUES (0, 1729);
INSERT INTO Paper (PaperID, Title, Year, MDate, Key, DOI) VALUES (1732, 'Task 1a of the CLEF eHealth Evaluation Lab 2015: Clinical Speech Recognition.', 2015, '2015-09-03', 'conf/clef/SuominenHGKJ15', 'http://ceur-ws.org/Vol-1391/167-CR.pdf');
INSERT INTO Write (AuthorID, PaperID) VALUES (0, 1732);
INSERT INTO Paper (PaperID, Title, Year, MDate, Key, DOI) VALUES (1767, 'Overview of VideoCLEF 2009: New Perspectives on Speech-based Multimedia Content Enrichment.', 2009, '2014-09-29', 'conf/clef/LarsonNJ09a', 'http://ceur-ws.org/Vol-1175/CLEF2009wn-VideoCLEF-LarsonEt2009a.pdf');
INSERT INTO Write (AuthorID, PaperID) VALUES (0, 1767);
INSERT INTO Paper (PaperID, Title, Year, MDate, Key, DOI) VALUES (1786, 'DCU at ImageCLEFPhoto 2008.', 2008, '2014-09-29', 'conf/clef/OHareWGNJS08a', 'http://ceur-ws.org/Vol-1174/CLEF2008wn-ImageCLEF-OHareEt2008.pdf');
INSERT INTO Write (AuthorID, PaperID) VALUES (0, 1786);
INSERT INTO Paper (PaperID, Title, Year, MDate, Key, DOI) VALUES (1853, 'A Case Study in Decompounding for Bengali Information Retrieval.', 2013, '2018-11-02', 'conf/clef/GangulyLJ13', 'https://doi.org/10.1007/978-3-642-40802-1_14');
INSERT INTO Write (AuthorID, PaperID) VALUES (0, 1853);
INSERT INTO Paper (PaperID, Title, Year, MDate, Key, DOI) VALUES (1949, 'Dublin City University at CLEF 2007: Cross-Language Speech Retrieval Experiments.', 2007, '2017-05-24', 'conf/clef/ZhangJZ07', 'https://doi.org/10.1007/978-3-540-85760-0_89');
INSERT INTO Write (AuthorID, PaperID) VALUES (0, 1949);
INSERT INTO Paper (PaperID, Title, Year, MDate, Key, DOI) VALUES (2005, 'CLEF 2005: Ad Hoc Track Overview.', 2005, '2014-08-15', 'conf/clef/NunzioFJP05a', 'http://ceur-ws.org/Vol-1171/CLEF2005wn-adhoc-DiNunzioEt2005.pdf');
INSERT INTO Write (AuthorID, PaperID) VALUES (0, 2005);
INSERT INTO Paper (PaperID, Title, Year, MDate, Key, DOI) VALUES (2008, 'Evaluation of Personalised Information Retrieval at CLEF 2017 (PIR-CLEF): Towards a Reproducible Evaluation Framework for PIR.', 2017, '2017-08-15', 'conf/clef/PasiJMSGS17', 'http://ceur-ws.org/Vol-1866/invited_paper_18.pdf');
INSERT INTO Write (AuthorID, PaperID) VALUES (0, 2008);
INSERT INTO Paper (PaperID, Title, Year, MDate, Key, DOI) VALUES (2022, 'Exploring Structured Documents and Query Formulation Techniques for Patent Retrieval.', 2009, '2018-11-02', 'conf/clef/MagdyLJ09', 'https://doi.org/10.1007/978-3-642-15754-7_48');
INSERT INTO Write (AuthorID, PaperID) VALUES (0, 2022);
INSERT INTO Paper (PaperID, Title, Year, MDate, Key, DOI) VALUES (2111, 'Diversity in Image Retrieval: DCU at ImageCLEFPhoto 2008.', 2008, '2018-11-02', 'conf/clef/OHareWGNJS08', 'https://doi.org/10.1007/978-3-642-04447-2_77');
INSERT INTO Write (AuthorID, PaperID) VALUES (0, 2111);
INSERT INTO Paper (PaperID, Title, Year, MDate, Key, DOI) VALUES (2189, 'Overview of the ShARe/CLEF eHealth Evaluation Lab 2013.', 2013, '2018-11-14', 'conf/clef/SuominenSVCSEPSMJLKGMZ13', 'https://www.wikidata.org/entity/Q57418596');
INSERT INTO Write (AuthorID, PaperID) VALUES (0, 2189);
INSERT INTO Paper (PaperID, Title, Year, MDate, Key, DOI) VALUES (2250, 'Overview of the CLEF-2006 Cross-Language Speech Retrieval Track.', 2006, '2019-03-04', 'conf/clef/OardWJWPSHS06a', 'http://ceur-ws.org/Vol-1172/CLEF2006wn-CLSR-OardEt2006.pdf');
INSERT INTO Write (AuthorID, PaperID) VALUES (0, 2250);
INSERT INTO Paper (PaperID, Title, Year, MDate, Key, DOI) VALUES (2279, 'DCU at WikipediaMM 2009: Document Expansion from Wikipedia Abstracts.', 2009, '2014-09-29', 'conf/clef/MinWLJ09a', 'http://ceur-ws.org/Vol-1175/CLEF2009wn-ImageCLEF-MinEt2009.pdf');
INSERT INTO Write (AuthorID, PaperID) VALUES (0, 2279);
INSERT INTO Paper (PaperID, Title, Year, MDate, Key, DOI) VALUES (2299, 'New Challenges for Cross-Language Information Retrieval: Multimedia Data and the User Experience.', 2000, '2017-05-24', 'conf/clef/Jones00', 'https://doi.org/10.1007/3-540-44645-1_7');
INSERT INTO Write (AuthorID, PaperID) VALUES (0, 2299);
INSERT INTO Paper (PaperID, Title, Year, MDate, Key, DOI) VALUES (2421, 'Simulation of Within-Session Query Variations Using a Text Segmentation Approach.', 2011, '2018-11-02', 'conf/clef/GangulyLJ11', 'https://doi.org/10.1007/978-3-642-23708-9_11');
INSERT INTO Write (AuthorID, PaperID) VALUES (0, 2421);
INSERT INTO Paper (PaperID, Title, Year, MDate, Key, DOI) VALUES (2524, 'ShARe/CLEF eHealth Evaluation Lab 2014, Task 3: User-centred Health Information Retrieval.', 2014, '2014-10-09', 'conf/clef/GoeuriotKLPPZHJM14', 'http://ceur-ws.org/Vol-1180/CLEF2014wn-eHealth-GoueriotEt2014.pdf');
INSERT INTO Write (AuthorID, PaperID) VALUES (0, 2524);
INSERT INTO Paper (PaperID, Title, Year, MDate, Key, DOI) VALUES (2528, 'Dublin City University at CLEF 2005: Cross-Language Spoken Document Retrieval (CL-SR) Experiments.', 2005, '2014-08-15', 'conf/clef/Lam-AdesinaJ05b', 'http://ceur-ws.org/Vol-1171/CLEF2005wn-CLSR-LamAdesinaEt2005.pdf');
INSERT INTO Write (AuthorID, PaperID) VALUES (0, 2528);
INSERT INTO Paper (PaperID, Title, Year, MDate, Key, DOI) VALUES (2612, 'Overview of the CLEF-2005 Cross-Language Speech Retrieval Track.', 2005, '2014-08-15', 'conf/clef/WhiteOJSH05a', 'http://ceur-ws.org/Vol-1171/CLEF2005wn-CLSR-WhiteEt2005.pdf');
INSERT INTO Write (AuthorID, PaperID) VALUES (0, 2612);
INSERT INTO Paper (PaperID, Title, Year, MDate, Key, DOI) VALUES (2622, 'DCU-TCD@LogCLEF 2010: Re-ranking Document Collections and Query Performance Estimation.', 2010, '2014-09-24', 'conf/clef/LevelingGMJW10', 'http://www.clef-initiative.eu/documents/71612/86374/CLEF2010wn-LogCLEF-LevelingEt2010.pdf');
INSERT INTO Write (AuthorID, PaperID) VALUES (0, 2622);
INSERT INTO Paper (PaperID, Title, Year, MDate, Key, DOI) VALUES (2652, 'Considering Subjects and Scenarios in Large-Scale User-Centered Evaluation of a Multilingual Multimodal Medical Search System.', 2012, '2014-09-24', 'conf/clef/KellyGJH12', 'http://www.clef-initiative.eu/documents/71612/fc819e7c-c82f-4328-91c6-6446af5dd6c7');
INSERT INTO Write (AuthorID, PaperID) VALUES (0, 2652);
INSERT INTO Paper (PaperID, Title, Year, MDate, Key, DOI) VALUES (2653, 'Dublin City University at CLEF 2006: Cross-Language Speech Retrieval (CL-SR) Experiments.', 2006, '2014-08-15', 'conf/clef/JonesZL06a', 'http://ceur-ws.org/Vol-1172/CLEF2006wn-CLSR-GarethEt2006.pdf');
INSERT INTO Write (AuthorID, PaperID) VALUES (0, 2653);
INSERT INTO Paper (PaperID, Title, Year, MDate, Key, DOI) VALUES (2702, 'Panel Presentation: Towards Systematic Evaluation of Methods, Applications, and Resources for eHealth Document Analysis.', 2012, '2014-09-24', 'conf/clef/JonesKKMS12', 'http://www.clef-initiative.eu/documents/71612/3afe15c0-9ed2-4cfa-82ac-acba94f6e6a4');
INSERT INTO Write (AuthorID, PaperID) VALUES (0, 2702);
INSERT INTO Paper (PaperID, Title, Year, MDate, Key, DOI) VALUES (2791, 'DCU and UTA at ImageCLEFPhoto 2007.', 2007, '2017-05-24', 'conf/clef/JarvelinWAAJSS07', 'https://doi.org/10.1007/978-3-540-85760-0_66');
INSERT INTO Write (AuthorID, PaperID) VALUES (0, 2791);
INSERT INTO Paper (PaperID, Title, Year, MDate, Key, DOI) VALUES (2844, 'DCU at VideoCLEF 2009.', 2009, '2014-09-29', 'conf/clef/GyarmatiJ09a', 'http://ceur-ws.org/Vol-1175/CLEF2009wn-VideoCLEF-GyarmatiEt2009.pdf');
INSERT INTO Write (AuthorID, PaperID) VALUES (0, 2844);
INSERT INTO Paper (PaperID, Title, Year, MDate, Key, DOI) VALUES (2875, 'An Investigation of Cross-Language Information Retrieval for User-Generated Internet Video.', 2015, '2018-11-02', 'conf/clef/KhwilehGJ15', 'https://doi.org/10.1007/978-3-319-24027-5_10');
INSERT INTO Write (AuthorID, PaperID) VALUES (0, 2875);
INSERT INTO Paper (PaperID, Title, Year, MDate, Key, DOI) VALUES (2898, 'Overview of the CLEF-2006 Cross-Language Speech Retrieval Track.', 2006, '2019-03-04', 'conf/clef/OardWJWPSHS06', 'https://doi.org/10.1007/978-3-540-74999-8_94');
INSERT INTO Write (AuthorID, PaperID) VALUES (0, 2898);
INSERT INTO Paper (PaperID, Title, Year, MDate, Key, DOI) VALUES (2935, 'DCU at VideoClef 2008.', 2008, '2018-11-02', 'conf/clef/NewmanJ08', 'https://doi.org/10.1007/978-3-642-04447-2_121');
INSERT INTO Write (AuthorID, PaperID) VALUES (0, 2935);
INSERT INTO Paper (PaperID, Title, Year, MDate, Key, DOI) VALUES (2958, 'DCU and UTA at ImageCLEFPhoto 2007.', 2007, '2014-09-23', 'conf/clef/JarvelinWAAJSS07a', 'http://ceur-ws.org/Vol-1173/CLEF2007wn-ImageCLEF-JarvelinEt2007.pdf');
INSERT INTO Write (AuthorID, PaperID) VALUES (0, 2958);
INSERT INTO Paper (PaperID, Title, Year, MDate, Key, DOI) VALUES (3018, 'TCD-DCU at LogCLEF 2009: An Analysis of Queries, Actions, and Interface Languages.', 2009, '2014-09-29', 'conf/clef/GhorabLZJW09a', 'http://ceur-ws.org/Vol-1175/CLEF2009wn-LogCLEF-GhorabEt2009.pdf');
INSERT INTO Write (AuthorID, PaperID) VALUES (0, 3018);
INSERT INTO Paper (PaperID, Title, Year, MDate, Key, DOI) VALUES (3029, 'Dublin City University at CLEF 2005: Experiments with the ImageCLEF St Andrew''s Collection.', 2005, '2017-05-24', 'conf/clef/JonesM05', 'https://doi.org/10.1007/11878773_62');
INSERT INTO Write (AuthorID, PaperID) VALUES (0, 3029);
INSERT INTO Paper (PaperID, Title, Year, MDate, Key, DOI) VALUES (3053, 'Document Expansion, Query Translation and Language Modeling for Ad-Hoc IR.', 2009, '2018-11-02', 'conf/clef/LevelingZJW09', 'https://doi.org/10.1007/978-3-642-15754-7_5');
INSERT INTO Write (AuthorID, PaperID) VALUES (0, 3053);
INSERT INTO Paper (PaperID, Title, Year, MDate, Key, DOI) VALUES (3057, 'Exeter at CLEF 2002: Cross-Language Spoken Document Retrieval Experiments.', 2002, '2017-05-24', 'conf/clef/JonesL02', 'https://doi.org/10.1007/978-3-540-45237-9_40');
INSERT INTO Write (AuthorID, PaperID) VALUES (0, 3057);
INSERT INTO Paper (PaperID, Title, Year, MDate, Key, DOI) VALUES (3087, 'CLEF 2002 Cross-Language Spoken Document Retrieval Pilot Track Report.', 2002, '2017-05-24', 'conf/clef/JonesF02', 'https://doi.org/10.1007/978-3-540-45237-9_39');
INSERT INTO Write (AuthorID, PaperID) VALUES (0, 3087);
INSERT INTO Paper (PaperID, Title, Year, MDate, Key, DOI) VALUES (3108, 'Dublin City University at CLEF 2007: Cross Language Speech Retrieval (CL-SR) Experiments.', 2007, '2014-09-23', 'conf/clef/ZhangJZ07a', 'http://ceur-ws.org/Vol-1173/CLEF2007wn-CLSR-ZhangEt2007.pdf');
INSERT INTO Write (AuthorID, PaperID) VALUES (0, 3108);
INSERT INTO Paper (PaperID, Title, Year, MDate, Key, DOI) VALUES (3203, 'Dublin City University at CLEF 2006: Robust Cross Language Track.', 2006, '2017-05-24', 'conf/clef/Lam-AdesinaJ06', 'https://doi.org/10.1007/978-3-540-74999-8_21');
INSERT INTO Write (AuthorID, PaperID) VALUES (0, 3203);
INSERT INTO Paper (PaperID, Title, Year, MDate, Key, DOI) VALUES (3332, 'EXETER at CLEF 2002: Experiments with Machine Translation for Monolingual and Bilingual Retrieval.', 2002, '2014-08-15', 'conf/clef/Lam-AdesinaJ02a', 'http://ceur-ws.org/Vol-1168/CLEF2002wn-adhoc-LamAdesinaEt2002.pdf');
INSERT INTO Write (AuthorID, PaperID) VALUES (0, 3332);
INSERT INTO Paper (PaperID, Title, Year, MDate, Key, DOI) VALUES (3341, 'Exeter at CLEF 2003: Cross-Language Spoken Document Retrieval Experiments.', 2003, '2017-05-24', 'conf/clef/JonesL03', 'https://doi.org/10.1007/978-3-540-30222-3_62');
INSERT INTO Write (AuthorID, PaperID) VALUES (0, 3341);
INSERT INTO Paper (PaperID, Title, Year, MDate, Key, DOI) VALUES (3386, 'Overview of VideoCLEF 2008: Automatic Generation of Topic-Based Feeds for Dual Language Audio-Visual Content.', 2008, '2018-11-02', 'conf/clef/LarsonNJ08', 'https://doi.org/10.1007/978-3-642-04447-2_119');
INSERT INTO Write (AuthorID, PaperID) VALUES (0, 3386);
INSERT INTO Paper (PaperID, Title, Year, MDate, Key, DOI) VALUES (3460, 'The CLEF 2003 Cross-Language Spoken Document Retrieval Track.', 2003, '2014-08-15', 'conf/clef/FedericoJ03a', 'http://ceur-ws.org/Vol-1169/CLEF2003wn-CLSR-FedericoEt2003.pdf');
INSERT INTO Write (AuthorID, PaperID) VALUES (0, 3460);
INSERT INTO Author (AuthorID, Name) VALUES (1, 'Henning M&uuml;ller');
INSERT INTO Paper (PaperID, Title, Year, MDate, Key, DOI) VALUES (2, 'LifeCLEF 2016: Multimedia Life Species Identification Challenges.', 2016, '2017-08-31', 'conf/clef/JolyGGSBVCPPM16', 'https://doi.org/10.1007/978-3-319-44564-9_26');
INSERT INTO Write (AuthorID, PaperID) VALUES (1, 2);
INSERT INTO Paper (PaperID, Title, Year, MDate, Key, DOI) VALUES (33, 'General Overview of ImageCLEF at the CLEF 2016 Labs.', 2016, '2019-01-17', 'conf/clef/VillegasMHSBGPW16', 'https://doi.org/10.1007/978-3-319-44564-9_25');
INSERT INTO Write (AuthorID, PaperID) VALUES (1, 33);
INSERT INTO Paper (PaperID, Title, Year, MDate, Key, DOI) VALUES (37, 'Textured Graph-Based Model of the Lungs: Application on Tuberculosis Type Classification and Multi-drug Resistance Detection.', 2017, '2018-08-20', 'conf/clef/CidBM17a', 'https://doi.org/10.1007/978-3-319-98932-7_15');
INSERT INTO Write (AuthorID, PaperID) VALUES (1, 37);
INSERT INTO Paper (PaperID, Title, Year, MDate, Key, DOI) VALUES (52, 'The ImageCLEF Management System.', 2009, '2017-06-02', 'conf/clef/EggelM09', 'https://doi.org/10.1007/978-3-642-15751-6_43');
INSERT INTO Write (AuthorID, PaperID) VALUES (1, 52);
INSERT INTO Paper (PaperID, Title, Year, MDate, Key, DOI) VALUES (239, 'Report on the CLEF Experiment: Combining Image and Multilingual Search for Medical Image Retrieval.', 2004, '2014-08-15', 'conf/clef/MullerGR04a', 'http://ceur-ws.org/Vol-1170/CLEF2004wn-ImageCLEF-MullerEt2004b.pdf');
INSERT INTO Write (AuthorID, PaperID) VALUES (1, 239);
INSERT INTO Paper (PaperID, Title, Year, MDate, Key, DOI) VALUES (246, 'Bringing the Algorithms to the Data: Cloud-Based Benchmarking for Medical Image Analysis.', 2012, '2017-06-15', 'conf/clef/HanburyMLWMF12', 'https://doi.org/10.1007/978-3-642-33247-0_3');
INSERT INTO Write (AuthorID, PaperID) VALUES (1, 246);
INSERT INTO Paper (PaperID, Title, Year, MDate, Key, DOI) VALUES (250, 'MedGIFT at ImageCLEF 2008.', 2008, '2014-09-29', 'conf/clef/ZhouGM08a', 'http://ceur-ws.org/Vol-1174/CLEF2008wn-ImageCLEF-ZhouEt2008a.pdf');
INSERT INTO Write (AuthorID, PaperID) VALUES (1, 250);
INSERT INTO Paper (PaperID, Title, Year, MDate, Key, DOI) VALUES (331, 'Overview of the ImageCLEF 2015 Medical Classification Task.', 2015, '2015-09-03', 'conf/clef/HerreraMB15', 'http://ceur-ws.org/Vol-1391/172-CR.pdf');
INSERT INTO Write (AuthorID, PaperID) VALUES (1, 331);
INSERT INTO Paper (PaperID, Title, Year, MDate, Key, DOI) VALUES (366, 'Overview of ImageCLEFtuberculosis 2018 - Detecting Multi-Drug Resistance, Classifying Tuberculosis Types and Assessing Severity Scores.', 2018, '2018-08-08', 'conf/clef/CidLKM18', 'http://ceur-ws.org/Vol-2125/invited_paper_11.pdf');
INSERT INTO Write (AuthorID, PaperID) VALUES (1, 366);
INSERT INTO Paper (PaperID, Title, Year, MDate, Key, DOI) VALUES (383, 'Overview of ImageCLEF 2018: Challenges, Datasets and Evaluation.', 2018, '2018-08-20', 'conf/clef/IonescuMVHEACLK18', 'https://doi.org/10.1007/978-3-319-98932-7_28');
INSERT INTO Write (AuthorID, PaperID) VALUES (1, 383);
INSERT INTO Paper (PaperID, Title, Year, MDate, Key, DOI) VALUES (437, 'Overview of the ImageCLEF 2007 Medical Retrieval and Annotation Tasks.', 2007, '2014-09-23', 'conf/clef/MullerDKKDH07', 'http://ceur-ws.org/Vol-1173/CLEF2007wn-ImageCLEF-MullerEt2007.pdf');
INSERT INTO Write (AuthorID, PaperID) VALUES (1, 437);
INSERT INTO Paper (PaperID, Title, Year, MDate, Key, DOI) VALUES (537, 'ImageCLEF 2013: The Vision, the Data and the Open Challenges.', 2013, '2017-06-02', 'conf/clef/CaputoMTVPZGJBMGC13', 'https://doi.org/10.1007/978-3-642-40802-1_26');
INSERT INTO Write (AuthorID, PaperID) VALUES (1, 537);
INSERT INTO Paper (PaperID, Title, Year, MDate, Key, DOI) VALUES (557, 'Deep Multimodal Classification of Image Types in Biomedical Journal Figures.', 2018, '2018-08-20', 'conf/clef/AndrearczykM18', 'https://doi.org/10.1007/978-3-319-98932-7_1');
INSERT INTO Write (AuthorID, PaperID) VALUES (1, 557);
INSERT INTO Paper (PaperID, Title, Year, MDate, Key, DOI) VALUES (577, 'Textured Graph-model of the Lungs for Tuberculosis Type Classification and Drug Resistance Prediction: Participation in ImageCLEF 2017.', 2017, '2017-08-15', 'conf/clef/CidBM17', 'http://ceur-ws.org/Vol-1866/paper_147.pdf');
INSERT INTO Write (AuthorID, PaperID) VALUES (1, 577);
INSERT INTO Paper (PaperID, Title, Year, MDate, Key, DOI) VALUES (596, 'LifeCLEF 2014: Multimedia Life Species Identification Challenges.', 2014, '2017-08-31', 'conf/clef/JolyGGSBVPRFM14', 'https://doi.org/10.1007/978-3-319-11382-1_20');
INSERT INTO Write (AuthorID, PaperID) VALUES (1, 596);
INSERT INTO Paper (PaperID, Title, Year, MDate, Key, DOI) VALUES (631, 'Overview of the CLEF 2010 Medical Image Retrieval Track.', 2010, '2014-09-24', 'conf/clef/MullerKEBRKH10', 'http://www.clef-initiative.eu/documents/71612/86374/CLEF2010wn-ImageCLEF-MuellerEt2010.pdf');
INSERT INTO Write (AuthorID, PaperID) VALUES (1, 631);
INSERT INTO Paper (PaperID, Title, Year, MDate, Key, DOI) VALUES (693, 'The CLEF 2004 Cross-Language Image Retrieval Track.', 2004, '2017-05-24', 'conf/clef/CloughMS05', 'https://doi.org/10.1007/11519645_59');
INSERT INTO Write (AuthorID, PaperID) VALUES (1, 693);
INSERT INTO Paper (PaperID, Title, Year, MDate, Key, DOI) VALUES (743, 'Overview of the ImageCLEF 2017 Tuberculosis Task - Predicting Tuberculosis Type and Drug Resistances.', 2017, '2017-08-15', 'conf/clef/CidKLKM17', 'http://ceur-ws.org/Vol-1866/invited_paper_1.pdf');
INSERT INTO Write (AuthorID, PaperID) VALUES (1, 743);
INSERT INTO Paper (PaperID, Title, Year, MDate, Key, DOI) VALUES (762, 'ImageCLEF 2004: Combining Image and Multi-lingual Search for Medical Image Retrieval.', 2004, '2017-05-24', 'conf/clef/MullerGR05', 'https://doi.org/10.1007/11519645_70');
INSERT INTO Write (AuthorID, PaperID) VALUES (1, 762);
INSERT INTO Paper (PaperID, Title, Year, MDate, Key, DOI) VALUES (816, 'Performing Image Classification with a Frequency-based Information Retrieval Schema for ImageCLEF 2006.', 2006, '2014-08-15', 'conf/clef/MullerGG06a', 'http://ceur-ws.org/Vol-1172/CLEF2006wn-ImageCLEF-MullerEt2006b.pdf');
INSERT INTO Write (AuthorID, PaperID) VALUES (1, 816);
INSERT INTO Paper (PaperID, Title, Year, MDate, Key, DOI) VALUES (821, 'Report on the ImageCLEF Experiment: How to Visually Retrieve Images from the St. Andrews Collection using GIFT.', 2004, '2014-08-15', 'conf/clef/MullerGR04', 'http://ceur-ws.org/Vol-1170/CLEF2004wn-ImageCLEF-MullerEt2004.pdf');
INSERT INTO Write (AuthorID, PaperID) VALUES (1, 821);
INSERT INTO Paper (PaperID, Title, Year, MDate, Key, DOI) VALUES (870, 'Overview of ImageCLEF 2017: Information Extraction from Images.', 2017, '2017-08-31', 'conf/clef/IonescuMVABDCEH17', 'https://doi.org/10.1007/978-3-319-65813-1_28');
INSERT INTO Write (AuthorID, PaperID) VALUES (1, 870);
INSERT INTO Paper (PaperID, Title, Year, MDate, Key, DOI) VALUES (937, 'The CLEF Cross Language Image Retrieval Track (ImageCLEF) 2004.', 2004, '2014-09-10', 'conf/clef/CloughSM04', 'http://ceur-ws.org/Vol-1170/CLEF2004wn-ImageCLEF-CloughEt2004.pdf');
INSERT INTO Write (AuthorID, PaperID) VALUES (1, 937);
INSERT INTO Paper (PaperID, Title, Year, MDate, Key, DOI) VALUES (1068, 'ImageCLEF 2014: Overview and Analysis of the Results.', 2014, '2018-11-02', 'conf/clef/CaputoMMVAPMUPCGM14', 'https://doi.org/10.1007/978-3-319-11382-1_18');
INSERT INTO Write (AuthorID, PaperID) VALUES (1, 1068);
INSERT INTO Paper (PaperID, Title, Year, MDate, Key, DOI) VALUES (1140, 'LifeCLEF 2017 Lab Overview: Multimedia Species Identification Challenges.', 2017, '2017-08-31', 'conf/clef/JolyGGSBVLPPM17', 'https://doi.org/10.1007/978-3-319-65813-1_24');
INSERT INTO Write (AuthorID, PaperID) VALUES (1, 1140);
INSERT INTO Paper (PaperID, Title, Year, MDate, Key, DOI) VALUES (1166, 'Finding and Classifying Tuberculosis Types for a Targeted Treatment: MedGIFT-UPB Participation in the ImageCLEF 2017 Tuberculosis Task.', 2017, '2017-08-31', 'conf/clef/StefanCJIM17', 'http://ceur-ws.org/Vol-1866/paper_152.pdf');
INSERT INTO Write (AuthorID, PaperID) VALUES (1, 1166);
INSERT INTO Paper (PaperID, Title, Year, MDate, Key, DOI) VALUES (1168, 'Overview of the CLEF 2009 Medical Image Retrieval Track.', 2009, '2018-11-14', 'conf/clef/MullerKEBRBKH09', 'https://www.wikidata.org/entity/Q57832082');
INSERT INTO Write (AuthorID, PaperID) VALUES (1, 1168);
INSERT INTO Paper (PaperID, Title, Year, MDate, Key, DOI) VALUES (1179, 'Overview of ImageCLEF 2018 Medical Domain Visual Question Answering Task.', 2018, '2018-08-08', 'conf/clef/HasanLFLML18', 'http://ceur-ws.org/Vol-2125/paper_212.pdf');
INSERT INTO Write (AuthorID, PaperID) VALUES (1, 1179);
INSERT INTO Paper (PaperID, Title, Year, MDate, Key, DOI) VALUES (1280, 'Overview of the ImageCLEFmed 2008 Medical Image Retrieval Task.', 2008, '2018-11-14', 'conf/clef/MullerKKHBH08', 'https://www.wikidata.org/entity/Q57832113');
INSERT INTO Write (AuthorID, PaperID) VALUES (1, 1280);
INSERT INTO Paper (PaperID, Title, Year, MDate, Key, DOI) VALUES (1374, 'Overview of the ImageCLEFmed 2006 Medical Retrieval and Annotation Tasks.', 2006, '2014-09-10', 'conf/clef/MullerDLCKH06', 'http://ceur-ws.org/Vol-1172/CLEF2006wn-ImageCLEF-MullerEt2006.pdf');
INSERT INTO Write (AuthorID, PaperID) VALUES (1, 1374);
INSERT INTO Paper (PaperID, Title, Year, MDate, Key, DOI) VALUES (1387, 'The MedGIFT Group at ImageCLEF 2008.', 2008, '2017-06-02', 'conf/clef/ZhouGM08', 'https://doi.org/10.1007/978-3-642-04447-2_90');
INSERT INTO Write (AuthorID, PaperID) VALUES (1, 1387);
INSERT INTO Paper (PaperID, Title, Year, MDate, Key, DOI) VALUES (1505, 'Overview of the CLEF 2009 Medical Image Retrieval Track.', 2009, '2014-09-29', 'conf/clef/MullerKEBRBKH09a', 'http://ceur-ws.org/Vol-1175/CLEF2009wn-ImageCLEF-MullerEt2009.pdf');
INSERT INTO Write (AuthorID, PaperID) VALUES (1, 1505);
INSERT INTO Paper (PaperID, Title, Year, MDate, Key, DOI) VALUES (1522, 'Overview of LifeCLEF 2018: A Large-Scale Evaluation of Species Identification and Recommendation Algorithms in the Era of AI.', 2018, '2018-08-20', 'conf/clef/JolyGBGBVPM18', 'https://doi.org/10.1007/978-3-319-98932-7_24');
INSERT INTO Write (AuthorID, PaperID) VALUES (1, 1522);
INSERT INTO Paper (PaperID, Title, Year, MDate, Key, DOI) VALUES (1537, 'Overview of the ImageCLEFmed 2008 Medical Image Retrieval Task.', 2008, '2014-09-29', 'conf/clef/MullerKKHBH08a', 'http://ceur-ws.org/Vol-1174/CLEF2008wn-ImageCLEF-MullerEt2008.pdf');
INSERT INTO Write (AuthorID, PaperID) VALUES (1, 1537);
INSERT INTO Paper (PaperID, Title, Year, MDate, Key, DOI) VALUES (1551, 'Overview of the ImageCLEF 2006 Photographic Retrieval and Object Annotation Tasks.', 2006, '2017-05-24', 'conf/clef/CloughGDHM06', 'https://doi.org/10.1007/978-3-540-74999-8_71');
INSERT INTO Write (AuthorID, PaperID) VALUES (1, 1551);
INSERT INTO Paper (PaperID, Title, Year, MDate, Key, DOI) VALUES (1578, 'Overview of the ImageCLEFphoto 2007 Photographic Retrieval Task.', 2007, '2014-09-23', 'conf/clef/GrubingerCHM07a', 'http://ceur-ws.org/Vol-1173/CLEF2007wn-ImageCLEF-GrubingerEt2007.pdf');
INSERT INTO Write (AuthorID, PaperID) VALUES (1, 1578);
INSERT INTO Paper (PaperID, Title, Year, MDate, Key, DOI) VALUES (1614, 'Generating Captions for Medical Images with a Deep Learning Multi-hypothesis Approach: ImageCLEF 2017 Caption Task.', 2017, '2017-08-15', 'conf/clef/StefanIM17', 'http://ceur-ws.org/Vol-1866/paper_153.pdf');
INSERT INTO Write (AuthorID, PaperID) VALUES (1, 1614);
INSERT INTO Write (AuthorID, PaperID) VALUES (1, 1729);
INSERT INTO Paper (PaperID, Title, Year, MDate, Key, DOI) VALUES (1768, 'BatmanLab in the ImageCLEF Tuberculosis task 2017.', 2017, '2017-08-15', 'conf/clef/CidMB17', 'http://ceur-ws.org/Vol-1866/paper_159.pdf');
INSERT INTO Write (AuthorID, PaperID) VALUES (1, 1768);
INSERT INTO Paper (PaperID, Title, Year, MDate, Key, DOI) VALUES (1803, 'University and Hospitals of Geneva Participating at ImageCLEF 2007.', 2007, '2017-05-24', 'conf/clef/ZhouGRM07', 'https://doi.org/10.1007/978-3-540-85760-0_83');
INSERT INTO Write (AuthorID, PaperID) VALUES (1, 1803);
INSERT INTO Paper (PaperID, Title, Year, MDate, Key, DOI) VALUES (1876, 'LifeCLEF 2015: Multimedia Life Species Identification Challenges.', 2015, '2017-08-31', 'conf/clef/JolyGGSBVPRPFM15', 'https://doi.org/10.1007/978-3-319-24027-5_46');
INSERT INTO Write (AuthorID, PaperID) VALUES (1, 1876);
INSERT INTO Paper (PaperID, Title, Year, MDate, Key, DOI) VALUES (1985, 'Assessing the Scholarly Impact of ImageCLEF.', 2011, '2017-06-02', 'conf/clef/TsikrikaHM11', 'https://doi.org/10.1007/978-3-642-23708-9_12');
INSERT INTO Write (AuthorID, PaperID) VALUES (1, 1985);
INSERT INTO Paper (PaperID, Title, Year, MDate, Key, DOI) VALUES (2002, 'The Use of MedGIFT and EasyIR for ImageCLEF 2005.', 2005, '2017-05-24', 'conf/clef/MullerGMLR05', 'https://doi.org/10.1007/11878773_79');
INSERT INTO Write (AuthorID, PaperID) VALUES (1, 2002);
INSERT INTO Paper (PaperID, Title, Year, MDate, Key, DOI) VALUES (2055, 'The Scholarly Impact of CLEF (2000-2009).', 2013, '2018-11-02', 'conf/clef/TsikrikaLMER13', 'https://doi.org/10.1007/978-3-642-40802-1_1');
INSERT INTO Write (AuthorID, PaperID) VALUES (1, 2055);
INSERT INTO Paper (PaperID, Title, Year, MDate, Key, DOI) VALUES (2059, 'The IR Task at the CLEF eHealth Evaluation Lab 2016: User-centred Health Information Retrieval.', 2016, '2016-08-11', 'conf/clef/ZucconPGKLPMBD16', 'http://ceur-ws.org/Vol-1609/16090015.pdf');
INSERT INTO Write (AuthorID, PaperID) VALUES (1, 2059);
INSERT INTO Paper (PaperID, Title, Year, MDate, Key, DOI) VALUES (2125, 'The medGIFT Group in ImageCLEFmed 2012.', 2012, '2014-09-24', 'conf/clef/HerreraMEM12', 'http://www.clef-initiative.eu/documents/71612/7ece478d-96d0-4c5d-9c63-b5f37a1563f6');
INSERT INTO Write (AuthorID, PaperID) VALUES (1, 2125);
INSERT INTO Paper (PaperID, Title, Year, MDate, Key, DOI) VALUES (2132, 'Overview of ImageCLEFcaption 2017 - Image Caption Prediction and Concept Detection for Biomedical Images.', 2017, '2017-08-15', 'conf/clef/EickhoffSHM17', 'http://ceur-ws.org/Vol-1866/invited_paper_7.pdf');
INSERT INTO Write (AuthorID, PaperID) VALUES (1, 2132);
INSERT INTO Paper (PaperID, Title, Year, MDate, Key, DOI) VALUES (2155, 'Overview of the ImageCLEF 2013 Medical Tasks.', 2013, '2015-12-03', 'conf/clef/HerreraKDAM13', 'http://ceur-ws.org/Vol-1179/CLEF2013wn-ImageCLEF-SecoDeHerreraEt2013b.pdf');
INSERT INTO Write (AuthorID, PaperID) VALUES (1, 2155);
INSERT INTO Paper (PaperID, Title, Year, MDate, Key, DOI) VALUES (2242, 'Texture-based Graph Model of the Lungs for Drug Resistance Detection, Tuberculosis Type Classification, and Severity Scoring: Participation in ImageCLEF 2018 Tuberculosis Task.', 2018, '2018-08-08', 'conf/clef/CidM18', 'http://ceur-ws.org/Vol-2125/paper_114.pdf');
INSERT INTO Write (AuthorID, PaperID) VALUES (1, 2242);
INSERT INTO Paper (PaperID, Title, Year, MDate, Key, DOI) VALUES (2252, 'The MedGIFT Group at ImageCLEF 2009.', 2009, '2017-06-02', 'conf/clef/ZhouEM09', 'https://doi.org/10.1007/978-3-642-15751-6_25');
INSERT INTO Write (AuthorID, PaperID) VALUES (1, 2252);
INSERT INTO Paper (PaperID, Title, Year, MDate, Key, DOI) VALUES (2271, 'The Participation of MedGIFT Group at ImageCLEFmed 2010.', 2010, '2014-09-24', 'conf/clef/ZhouEM10', 'http://www.clef-initiative.eu/documents/71612/86374/CLEF2010wn-ImageCLEF-ZhouEt2010.pdf');
INSERT INTO Write (AuthorID, PaperID) VALUES (1, 2271);
INSERT INTO Paper (PaperID, Title, Year, MDate, Key, DOI) VALUES (2308, 'General Overview of ImageCLEF at the CLEF 2015 Labs.', 2015, '2018-11-02', 'conf/clef/VillegasMGPWMHB15', 'https://doi.org/10.1007/978-3-319-24027-5_45');
INSERT INTO Write (AuthorID, PaperID) VALUES (1, 2308);
INSERT INTO Paper (PaperID, Title, Year, MDate, Key, DOI) VALUES (2327, 'Overview of the ImageCLEF 2018 Caption Prediction Tasks.', 2018, '2018-08-08', 'conf/clef/HerreraEAM18', 'http://ceur-ws.org/Vol-2125/invited_paper_4.pdf');
INSERT INTO Write (AuthorID, PaperID) VALUES (1, 2327);
INSERT INTO Paper (PaperID, Title, Year, MDate, Key, DOI) VALUES (2368, 'Automated Component-Level Evaluation: Present and Future.', 2010, '2017-06-02', 'conf/clef/HanburyM10', 'https://doi.org/10.1007/978-3-642-15998-5_14');
INSERT INTO Write (AuthorID, PaperID) VALUES (1, 2368);
INSERT INTO Paper (PaperID, Title, Year, MDate, Key, DOI) VALUES (2435, 'Summarizing Citation Contexts of Scientific Publications.', 2015, '2017-05-24', 'conf/clef/MitrovicM15', 'https://doi.org/10.1007/978-3-319-24027-5_13');
INSERT INTO Write (AuthorID, PaperID) VALUES (1, 2435);
INSERT INTO Paper (PaperID, Title, Year, MDate, Key, DOI) VALUES (2452, 'Overview of the ImageCLEFphoto 2007 Photographic Retrieval Task.', 2007, '2017-05-24', 'conf/clef/GrubingerCHM07', 'https://doi.org/10.1007/978-3-540-85760-0_57');
INSERT INTO Write (AuthorID, PaperID) VALUES (1, 2452);
INSERT INTO Paper (PaperID, Title, Year, MDate, Key, DOI) VALUES (2482, 'The CLEF 2005 Cross-Language Image Retrieval Track.', 2005, '2017-05-24', 'conf/clef/CloughMDGLJH05', 'https://doi.org/10.1007/11878773_60');
INSERT INTO Write (AuthorID, PaperID) VALUES (1, 2482);
INSERT INTO Write (AuthorID, PaperID) VALUES (1, 2524);
INSERT INTO Paper (PaperID, Title, Year, MDate, Key, DOI) VALUES (2590, 'Overview of the ImageCLEFmed 2006 Medical Retrieval and Medical Annotation Tasks.', 2006, '2017-05-24', 'conf/clef/MullerDDCKH06', 'https://doi.org/10.1007/978-3-540-74999-8_72');
INSERT INTO Write (AuthorID, PaperID) VALUES (1, 2590);
INSERT INTO Paper (PaperID, Title, Year, MDate, Key, DOI) VALUES (2615, 'The MedGIFT Group at ImageCLEF 2009.', 2009, '2014-09-29', 'conf/clef/ZhouEM09a', 'http://ceur-ws.org/Vol-1175/CLEF2009wn-ImageCLEF-ZhouEt2009.pdf');
INSERT INTO Write (AuthorID, PaperID) VALUES (1, 2615);
INSERT INTO Paper (PaperID, Title, Year, MDate, Key, DOI) VALUES (2667, 'The medGIFT Group in ImageCLEFmed 2011.', 2011, '2014-09-24', 'conf/clef/MarkonisEHM11', 'http://www.clef-initiative.eu/documents/71612/86377/CLEF2011wn-ImageCLEF-MarkoniseEt2011.pdf');
INSERT INTO Write (AuthorID, PaperID) VALUES (1, 2667);
INSERT INTO Write (AuthorID, PaperID) VALUES (1, 2702);
INSERT INTO Paper (PaperID, Title, Year, MDate, Key, DOI) VALUES (2740, 'How to Visually Retrieve Images from the St. Andrews Collection Using GIFT.', 2004, '2017-05-24', 'conf/clef/MullerG05', 'https://doi.org/10.1007/11519645_62');
INSERT INTO Write (AuthorID, PaperID) VALUES (1, 2740);
INSERT INTO Paper (PaperID, Title, Year, MDate, Key, DOI) VALUES (2750, 'Overview of the ImageCLEF 2016 Medical Task.', 2016, '2016-08-11', 'conf/clef/HerreraSBM16', 'http://ceur-ws.org/Vol-1609/16090219.pdf');
INSERT INTO Write (AuthorID, PaperID) VALUES (1, 2750);
INSERT INTO Paper (PaperID, Title, Year, MDate, Key, DOI) VALUES (2817, 'The CLEF 2005 Cross-Language Image Retrieval Track.', 2005, '2014-09-10', 'conf/clef/CloughMDGLJH05a', 'http://ceur-ws.org/Vol-1171/CLEF2005wn-ImageCLEF-CloughEt2005.pdf');
INSERT INTO Write (AuthorID, PaperID) VALUES (1, 2817);
INSERT INTO Paper (PaperID, Title, Year, MDate, Key, DOI) VALUES (2880, 'Translation by Text Categorisation: Medical Image Retrieval in ImageCLEFmed 2006.', 2006, '2017-05-24', 'conf/clef/GobeillMR06', 'https://doi.org/10.1007/978-3-540-74999-8_88');
INSERT INTO Write (AuthorID, PaperID) VALUES (1, 2880);
INSERT INTO Paper (PaperID, Title, Year, MDate, Key, DOI) VALUES (2955, 'A PROMISE for Experimental Evaluation.', 2010, '2018-11-02', 'conf/clef/BraschlerCFHKMPPRS10', 'https://doi.org/10.1007/978-3-642-15998-5_16');
INSERT INTO Write (AuthorID, PaperID) VALUES (1, 2955);
INSERT INTO Paper (PaperID, Title, Year, MDate, Key, DOI) VALUES (3076, 'Overview of the ImageCLEF 2006 Photographic Retrieval and Object Annotation Tasks.', 2006, '2014-09-10', 'conf/clef/CloughGDHM06a', 'http://ceur-ws.org/Vol-1172/CLEF2006wn-ImageCLEF-CloughEt2006.pdf');
INSERT INTO Write (AuthorID, PaperID) VALUES (1, 3076);
INSERT INTO Paper (PaperID, Title, Year, MDate, Key, DOI) VALUES (3141, 'Overview of the CLEF 2011 Medical Image Classification and Retrieval Tasks.', 2011, '2014-09-24', 'conf/clef/Kalpathy-CramerMBEHT11', 'http://www.clef-initiative.eu/documents/71612/86377/CLEF2011wn-ImageCLEF-Kapalthy-CramerEt2011.pdf');
INSERT INTO Write (AuthorID, PaperID) VALUES (1, 3141);
INSERT INTO Paper (PaperID, Title, Year, MDate, Key, DOI) VALUES (3167, 'Overview of the ImageCLEF 2012 Medical Image Retrieval and Classification Tasks.', 2012, '2015-12-03', 'conf/clef/MullerHKDAE12', 'http://www.clef-initiative.eu/documents/71612/ec58b0bf-b68f-423c-abd9-ede306a69cc0');
INSERT INTO Write (AuthorID, PaperID) VALUES (1, 3167);
INSERT INTO Paper (PaperID, Title, Year, MDate, Key, DOI) VALUES (3210, 'Image Classification with a Frequency-Based Information Retrieval Scheme for ImageCLEFmed 2006.', 2006, '2017-05-24', 'conf/clef/MullerGG06', 'https://doi.org/10.1007/978-3-540-74999-8_78');
INSERT INTO Write (AuthorID, PaperID) VALUES (1, 3210);
INSERT INTO Paper (PaperID, Title, Year, MDate, Key, DOI) VALUES (3231, 'University and Hospitals of Geneva at ImageCLEF 2007.', 2007, '2014-09-23', 'conf/clef/ZhouGRM07a', 'http://ceur-ws.org/Vol-1173/CLEF2007wn-ImageCLEF-ZhouEt2007.pdf');
INSERT INTO Write (AuthorID, PaperID) VALUES (1, 3231);
INSERT INTO Paper (PaperID, Title, Year, MDate, Key, DOI) VALUES (3288, 'Overview of the ImageCLEFmed 2007 Medical Retrieval and Medical Annotation Tasks.', 2007, '2017-05-24', 'conf/clef/MullerDDKKH07', 'https://doi.org/10.1007/978-3-540-85760-0_59');
INSERT INTO Write (AuthorID, PaperID) VALUES (1, 3288);
INSERT INTO Paper (PaperID, Title, Year, MDate, Key, DOI) VALUES (3333, 'Using medGIFT and easyIR for the ImageCLEF 2005 Evaluation Tasks.', 2005, '2014-08-15', 'conf/clef/MullerGMLR05a', 'http://ceur-ws.org/Vol-1171/CLEF2005wn-ImageCLEF-MullerEt2005.pdf');
INSERT INTO Write (AuthorID, PaperID) VALUES (1, 3333);
INSERT INTO Paper (PaperID, Title, Year, MDate, Key, DOI) VALUES (3483, 'Query and Document Translation by Automatic Text Categorization: A Simple Approach to Establish a Strong Textual Baseline for ImageCLEFmed 2006.', 2006, '2014-08-15', 'conf/clef/GobeillMR06a', 'http://ceur-ws.org/Vol-1172/CLEF2006wn-ImageCLEF-GobeillEt2006.pdf');
INSERT INTO Write (AuthorID, PaperID) VALUES (1, 3483);
INSERT INTO Paper (PaperID, Title, Year, MDate, Key, DOI) VALUES (3504, 'The medGIFT Group in ImageCLEFmed 2013.', 2013, '2014-09-10', 'conf/clef/HerreraMSEM13', 'http://ceur-ws.org/Vol-1179/CLEF2013wn-ImageCLEF-SecoDeHerreraEt2013.pdf');
INSERT INTO Write (AuthorID, PaperID) VALUES (1, 3504);
INSERT INTO Author (AuthorID, Name) VALUES (2, 'Paolo Rosso');
INSERT INTO Paper (PaperID, Title, Year, MDate, Key, DOI) VALUES (92, 'Overview of the 6th Author Profiling Task at PAN 2018: Multimodal Gender Identification in Twitter.', 2018, '2018-08-08', 'conf/clef/PardoRMPS18', 'http://ceur-ws.org/Vol-2125/invited_paper_15.pdf');
INSERT INTO Write (AuthorID, PaperID) VALUES (2, 92);
INSERT INTO Paper (PaperID, Title, Year, MDate, Key, DOI) VALUES (208, 'Using the WordNet Ontology in the GeoCLEF Geographical Information Retrieval Task.', 2005, '2017-05-24', 'conf/clef/BuscaldiRA05', 'https://doi.org/10.1007/11878773_105');
INSERT INTO Write (AuthorID, PaperID) VALUES (2, 208);
INSERT INTO Paper (PaperID, Title, Year, MDate, Key, DOI) VALUES (295, 'Some Experiments in Question Answering with a Disambiguated Document Collection.', 2008, '2017-05-24', 'conf/clef/BuscaldiR08', 'https://doi.org/10.1007/978-3-642-04447-2_52');
INSERT INTO Write (AuthorID, PaperID) VALUES (2, 295);
INSERT INTO Paper (PaperID, Title, Year, MDate, Key, DOI) VALUES (307, 'Towards Data Submissions for Shared Tasks: First Experiences for the Task of Text Alignment.', 2015, '2015-09-03', 'conf/clef/PotthastGRS15', 'http://ceur-ws.org/Vol-1391/inv-pap11-CR.pdf');
INSERT INTO Write (AuthorID, PaperID) VALUES (2, 307);
INSERT INTO Paper (PaperID, Title, Year, MDate, Key, DOI) VALUES (323, 'Overview of the 6th International Competition on Plagiarism Detection.', 2014, '2014-09-10', 'conf/clef/PotthastHBBTRS14', 'http://ceur-ws.org/Vol-1180/CLEF2014wn-Pan-PotthastEt2014.pdf');
INSERT INTO Write (AuthorID, PaperID) VALUES (2, 323);
INSERT INTO Paper (PaperID, Title, Year, MDate, Key, DOI) VALUES (372, 'Overview of PAN 2018 - Author Identification, Author Profiling, and Author Obfuscation.', 2018, '2018-08-20', 'conf/clef/StamatatosPTSKR18', 'https://doi.org/10.1007/978-3-319-98932-7_25');
INSERT INTO Write (AuthorID, PaperID) VALUES (2, 372);
INSERT INTO Paper (PaperID, Title, Year, MDate, Key, DOI) VALUES (416, 'NLEL at RespubliQA 2010.', 2010, '2014-09-24', 'conf/clef/CorreaBR10', 'http://www.clef-initiative.eu/documents/71612/86374/CLEF2010wn-MLQA10-CorreaEt2010.pdf');
INSERT INTO Write (AuthorID, PaperID) VALUES (2, 416);
INSERT INTO Paper (PaperID, Title, Year, MDate, Key, DOI) VALUES (423, 'Language Variety Identification Using Distributed Representations of Words and Documents.', 2015, '2017-06-02', 'conf/clef/Franco-Salvador15', 'https://doi.org/10.1007/978-3-319-24027-5_3');
INSERT INTO Write (AuthorID, PaperID) VALUES (2, 423);
INSERT INTO Paper (PaperID, Title, Year, MDate, Key, DOI) VALUES (484, 'Overview of the PAN/CLEF 2015 Evaluation Lab.', 2015, '2017-06-15', 'conf/clef/StamatatosPPRS15', 'https://doi.org/10.1007/978-3-319-24027-5_49');
INSERT INTO Write (AuthorID, PaperID) VALUES (2, 484);
INSERT INTO Paper (PaperID, Title, Year, MDate, Key, DOI) VALUES (532, 'Overview of the 2nd International Competition on Plagiarism Detection.', 2010, '2014-09-24', 'conf/clef/PotthastBESR10', 'http://www.clef-initiative.eu/documents/71612/86374/CLEF2010wn-PAN-PotthastEt2010a.pdf');
INSERT INTO Write (AuthorID, PaperID) VALUES (2, 532);
INSERT INTO Paper (PaperID, Title, Year, MDate, Key, DOI) VALUES (594, 'Character N-Grams for Detecting Deceptive Controversial Opinions.', 2018, '2018-08-20', 'conf/clef/Sanchez-Junquera18', 'https://doi.org/10.1007/978-3-319-98932-7_13');
INSERT INTO Write (AuthorID, PaperID) VALUES (2, 594);
INSERT INTO Paper (PaperID, Title, Year, MDate, Key, DOI) VALUES (682, 'R2D2 at GeoCLEF 2006: A Combined Approach.', 2006, '2018-08-09', 'conf/clef/VegaCLPAFTKNMMBR06', 'https://doi.org/10.1007/978-3-540-74999-8_117');
INSERT INTO Write (AuthorID, PaperID) VALUES (2, 682);
INSERT INTO Paper (PaperID, Title, Year, MDate, Key, DOI) VALUES (744, 'Overview of the 5th Author Profiling Task at PAN 2017: Gender and Language Variety Identification in Twitter.', 2017, '2017-08-15', 'conf/clef/PardoRPS17', 'http://ceur-ws.org/Vol-1866/invited_paper_11.pdf');
INSERT INTO Write (AuthorID, PaperID) VALUES (2, 744);
INSERT INTO Paper (PaperID, Title, Year, MDate, Key, DOI) VALUES (765, 'Using GeoWordNet for Geographical Information Retrieval.', 2008, '2017-05-24', 'conf/clef/BuscaldiR08a', 'https://doi.org/10.1007/978-3-642-04447-2_113');
INSERT INTO Write (AuthorID, PaperID) VALUES (2, 765);
INSERT INTO Paper (PaperID, Title, Year, MDate, Key, DOI) VALUES (933, 'On the Use of PU Learning for Quality Flaw Prediction in Wikipedia.', 2012, '2014-09-24', 'conf/clef/FerrettiFGMER12', 'http://www.clef-initiative.eu/documents/71612/ee2e5cd1-1ce9-40f7-ace5-bd9c9bddb180');
INSERT INTO Write (AuthorID, PaperID) VALUES (2, 933);
INSERT INTO Paper (PaperID, Title, Year, MDate, Key, DOI) VALUES (944, 'The UPV at GeoCLEF 2007.', 2007, '2014-09-23', 'conf/clef/BuscaldiR07a', 'http://ceur-ws.org/Vol-1173/CLEF2007wn-GeoCLEF-BuscaldiEt2007.pdf');
INSERT INTO Write (AuthorID, PaperID) VALUES (2, 944);
INSERT INTO Paper (PaperID, Title, Year, MDate, Key, DOI) VALUES (1137, 'Overview of the 3rd International Competition on Plagiarism Detection.', 2011, '2014-09-24', 'conf/clef/PotthastEBSR11', 'http://www.clef-initiative.eu/documents/71612/86377/CLEF2011wn-PAN-PotthastEt2011a.pdf');
INSERT INTO Write (AuthorID, PaperID) VALUES (2, 1137);
INSERT INTO Paper (PaperID, Title, Year, MDate, Key, DOI) VALUES (1193, 'NLEL-MAAT at CLEF-IP.', 2009, '2017-05-24', 'conf/clef/CorreaBR09a', 'https://doi.org/10.1007/978-3-642-15754-7_52');
INSERT INTO Write (AuthorID, PaperID) VALUES (2, 1193);
INSERT INTO Paper (PaperID, Title, Year, MDate, Key, DOI) VALUES (1350, 'UPV-INAOE - Check That: Preliminary Approach for Checking Worthiness of Claims.', 2018, '2018-08-08', 'conf/clef/GhanemMPR18a', 'http://ceur-ws.org/Vol-2125/paper_131.pdf');
INSERT INTO Write (AuthorID, PaperID) VALUES (2, 1350);
INSERT INTO Paper (PaperID, Title, Year, MDate, Key, DOI) VALUES (1411, 'On the Multilingual and Genre Robustness of EmoGraphs for Author Profiling in Social Media.', 2015, '2017-05-24', 'conf/clef/PardoR15', 'https://doi.org/10.1007/978-3-319-24027-5_28');
INSERT INTO Write (AuthorID, PaperID) VALUES (2, 1411);
INSERT INTO Paper (PaperID, Title, Year, MDate, Key, DOI) VALUES (1463, 'The UPV at GeoCLEF 2008: The GeoWorSE System.', 2008, '2014-09-29', 'conf/clef/BuscaldiR08b', 'http://ceur-ws.org/Vol-1174/CLEF2008wn-GeoCLEF-BuscaldiEt2008.pdf');
INSERT INTO Write (AuthorID, PaperID) VALUES (2, 1463);
INSERT INTO Paper (PaperID, Title, Year, MDate, Key, DOI) VALUES (1482, 'A New Corpus for the Evaluation of Arabic Intrinsic Plagiarism Detection.', 2013, '2017-06-15', 'conf/clef/BensalemRC13', 'https://doi.org/10.1007/978-3-642-40802-1_6');
INSERT INTO Write (AuthorID, PaperID) VALUES (2, 1482);
INSERT INTO Paper (PaperID, Title, Year, MDate, Key, DOI) VALUES (1508, 'NLEL-MAAT at ResPubliQA.', 2009, '2017-05-24', 'conf/clef/CorreaBR09', 'https://doi.org/10.1007/978-3-642-15754-7_24');
INSERT INTO Write (AuthorID, PaperID) VALUES (2, 1508);
INSERT INTO Paper (PaperID, Title, Year, MDate, Key, DOI) VALUES (1531, 'A WordNet-Based Indexing Technique for Geographical Information Retrieval.', 2006, '2017-05-24', 'conf/clef/BuscaldiRS06', 'https://doi.org/10.1007/978-3-540-74999-8_122');
INSERT INTO Write (AuthorID, PaperID) VALUES (2, 1531);
INSERT INTO Paper (PaperID, Title, Year, MDate, Key, DOI) VALUES (1572, 'The UPV at QA@CLEF 2007.', 2007, '2014-09-23', 'conf/clef/BuscaldiBRS07a', 'http://ceur-ws.org/Vol-1173/CLEF2007wn-QACLEF-BuscaldiEt2007.pdf');
INSERT INTO Write (AuthorID, PaperID) VALUES (2, 1572);
INSERT INTO Paper (PaperID, Title, Year, MDate, Key, DOI) VALUES (1720, 'Recent Trends in Digital Text Forensics and Its Evaluation - Plagiarism Detection, Author Identification, and Author Profiling.', 2013, '2017-06-15', 'conf/clef/GollubPBBPRSS13', 'https://doi.org/10.1007/978-3-642-40802-1_28');
INSERT INTO Write (AuthorID, PaperID) VALUES (2, 1720);
INSERT INTO Paper (PaperID, Title, Year, MDate, Key, DOI) VALUES (1847, 'PAN 2015 Shared Task on Plagiarism Detection: Evaluation of Corpora for Text Alignment: Notebook for PAN at CLEF 2015.', 2015, '2015-09-03', 'conf/clef/Franco-Salvador15a', 'http://ceur-ws.org/Vol-1391/61-CR.pdf');
INSERT INTO Write (AuthorID, PaperID) VALUES (2, 1847);
INSERT INTO Paper (PaperID, Title, Year, MDate, Key, DOI) VALUES (1873, 'NLEL-MAAT at CLEF-ResPubliQA.', 2009, '2014-09-29', 'conf/clef/CorreaBR09b', 'http://ceur-ws.org/Vol-1175/CLEF2009wn-QACLEF-CorreaEt2009.pdf');
INSERT INTO Write (AuthorID, PaperID) VALUES (2, 1873);
INSERT INTO Paper (PaperID, Title, Year, MDate, Key, DOI) VALUES (1894, 'Counting Co-occurrences in Citations to Identify Plagiarised Text Fragments.', 2013, '2017-09-16', 'conf/clef/PertileRM13', 'https://doi.org/10.1007/978-3-642-40802-1_19');
INSERT INTO Write (AuthorID, PaperID) VALUES (2, 1894);
INSERT INTO Paper (PaperID, Title, Year, MDate, Key, DOI) VALUES (1979, 'Cross-Language High Similarity Search Using a Conceptual Thesaurus.', 2012, '2017-05-24', 'conf/clef/GuptaBR12', 'https://doi.org/10.1007/978-3-642-33247-0_8');
INSERT INTO Write (AuthorID, PaperID) VALUES (2, 1979);
INSERT INTO Paper (PaperID, Title, Year, MDate, Key, DOI) VALUES (2010, 'A Full Data-Driven System for Multiple Language Question Answering.', 2005, '2017-05-24', 'conf/clef/Montes-y-GomezPPSSR05', 'https://doi.org/10.1007/11878773_47');
INSERT INTO Write (AuthorID, PaperID) VALUES (2, 2010);
INSERT INTO Paper (PaperID, Title, Year, MDate, Key, DOI) VALUES (2033, 'A Penalisation-Based Ranking Approach for the Mixed Monolingual Task of WebCLEF 2006.', 2006, '2017-05-24', 'conf/clef/PintoRJ06', 'https://doi.org/10.1007/978-3-540-74999-8_103');
INSERT INTO Write (AuthorID, PaperID) VALUES (2, 2033);
INSERT INTO Paper (PaperID, Title, Year, MDate, Key, DOI) VALUES (2077, 'Monolingual and Cross-language QA using a QA-oriented Passage Retrieval System.', 2005, '2014-08-15', 'conf/clef/SorianoABRA05', 'http://ceur-ws.org/Vol-1171/CLEF2005wn-QACLEF-GomezSoriano2005.pdf');
INSERT INTO Write (AuthorID, PaperID) VALUES (2, 2077);
INSERT INTO Paper (PaperID, Title, Year, MDate, Key, DOI) VALUES (2085, 'UPV/BUAP Participation in WebCLEF 2006.', 2006, '2014-08-15', 'conf/clef/PintoRJ06a', 'http://ceur-ws.org/Vol-1172/CLEF2006wn-WebCLEF-PintoEt2006.pdf');
INSERT INTO Write (AuthorID, PaperID) VALUES (2, 2085);
INSERT INTO Paper (PaperID, Title, Year, MDate, Key, DOI) VALUES (2101, 'NLEL at CLEF 2009 Robust WSD Task.', 2009, '2014-09-29', 'conf/clef/BuscaldiR09a', 'http://ceur-ws.org/Vol-1175/CLEF2009wn-adhoc-BuscaldiEt2009.pdf');
INSERT INTO Write (AuthorID, PaperID) VALUES (2, 2101);
INSERT INTO Paper (PaperID, Title, Year, MDate, Key, DOI) VALUES (2113, 'Overview of the 4th International Competition on Plagiarism Detection.', 2012, '2014-09-24', 'conf/clef/PotthastGHKMOTBGRS12', 'http://www.clef-initiative.eu/documents/71612/8ea88261-89e4-43cc-bb9c-f949603bd1f2');
INSERT INTO Write (AuthorID, PaperID) VALUES (2, 2113);
INSERT INTO Paper (PaperID, Title, Year, MDate, Key, DOI) VALUES (2190, 'Overview of QAST 2009.', 2009, '2014-09-29', 'conf/clef/TurmoCRGMMRB09a', 'http://ceur-ws.org/Vol-1175/CLEF2009wn-QACLEF-TurmoEt2009.pdf');
INSERT INTO Write (AuthorID, PaperID) VALUES (2, 2190);
INSERT INTO Paper (PaperID, Title, Year, MDate, Key, DOI) VALUES (2199, 'BUAP-UPV TPIRS: A System for Document Indexing Reduction at WebCLEF.', 2005, '2017-05-24', 'conf/clef/PintoJRS05', 'https://doi.org/10.1007/11878773_96');
INSERT INTO Write (AuthorID, PaperID) VALUES (2, 2199);
INSERT INTO Paper (PaperID, Title, Year, MDate, Key, DOI) VALUES (2218, 'INAOE-UPV Joint Participation in CLEF 2005: Experiments in Monolingual Question Answering.', 2005, '2014-09-23', 'conf/clef/Montes-y-GomezPPSSR05a', 'http://ceur-ws.org/Vol-1171/CLEF2005wn-QACLEF-MontesYGomez2005.pdf');
INSERT INTO Write (AuthorID, PaperID) VALUES (2, 2218);
INSERT INTO Paper (PaperID, Title, Year, MDate, Key, DOI) VALUES (2224, 'TextMESS at GeoCLEF 2008: Result Merging with Fuzzy Borda Ranking.', 2008, '2014-09-29', 'conf/clef/Perea-OrtegaLBR08', 'http://ceur-ws.org/Vol-1174/CLEF2008wn-GeoCLEF-PereaOrtegaEt2008b.pdf');
INSERT INTO Write (AuthorID, PaperID) VALUES (2, 2224);
INSERT INTO Paper (PaperID, Title, Year, MDate, Key, DOI) VALUES (2232, 'QUASAR: The Question Answering System of the Universidad Polit800Aeacute;cnica de Valencia.', 2005, '2017-05-24', 'conf/clef/SorianoBARA05', 'https://doi.org/10.1007/11878773_49');
INSERT INTO Write (AuthorID, PaperID) VALUES (2, 2232);
INSERT INTO Paper (PaperID, Title, Year, MDate, Key, DOI) VALUES (2262, 'A Bag-of-Words Based Ranking Method for the Wikipedia Question Answering Task.', 2006, '2017-05-24', 'conf/clef/BuscaldiR06', 'https://doi.org/10.1007/978-3-540-74999-8_67');
INSERT INTO Write (AuthorID, PaperID) VALUES (2, 2262);
INSERT INTO Paper (PaperID, Title, Year, MDate, Key, DOI) VALUES (2272, 'Web-Based Anaphora Resolution for the QUASAR Question Answering System.', 2007, '2017-05-24', 'conf/clef/BuscaldiBRS07', 'https://doi.org/10.1007/978-3-540-85760-0_39');
INSERT INTO Write (AuthorID, PaperID) VALUES (2, 2272);
INSERT INTO Paper (PaperID, Title, Year, MDate, Key, DOI) VALUES (2304, 'Overview of the 4th Author Profiling Task at PAN 2016: Cross-Genre Evaluations.', 2016, '2016-08-11', 'conf/clef/PardoRVDPS16', 'http://ceur-ws.org/Vol-1609/16090750.pdf');
INSERT INTO Write (AuthorID, PaperID) VALUES (2, 2304);
INSERT INTO Paper (PaperID, Title, Year, MDate, Key, DOI) VALUES (2446, 'Overview of QAST 2009.', 2009, '2017-05-24', 'conf/clef/TurmoCRGMMRB09', 'https://doi.org/10.1007/978-3-642-15754-7_22');
INSERT INTO Write (AuthorID, PaperID) VALUES (2, 2446);
INSERT INTO Paper (PaperID, Title, Year, MDate, Key, DOI) VALUES (2451, 'UPV-INAOE - Check That: An Approach based on External Sources to Detect Claims Credibility.', 2018, '2018-08-08', 'conf/clef/GhanemMPR18', 'http://ceur-ws.org/Vol-2125/paper_130.pdf');
INSERT INTO Write (AuthorID, PaperID) VALUES (2, 2451);
INSERT INTO Paper (PaperID, Title, Year, MDate, Key, DOI) VALUES (2511, 'Improving the Reproducibility of PAN''s Shared Tasks: - Plagiarism Detection, Author Identification, and Author Profiling.', 2014, '2017-06-15', 'conf/clef/PotthastGPRSS14', 'https://doi.org/10.1007/978-3-319-11382-1_22');
INSERT INTO Write (AuthorID, PaperID) VALUES (2, 2511);
INSERT INTO Paper (PaperID, Title, Year, MDate, Key, DOI) VALUES (2516, 'Extracting Graph Topological Information and Users'' Opinion.', 2017, '2018-11-02', 'conf/clef/LaiTPRR17', 'https://doi.org/10.1007/978-3-319-65813-1_10');
INSERT INTO Write (AuthorID, PaperID) VALUES (2, 2516);
INSERT INTO Paper (PaperID, Title, Year, MDate, Key, DOI) VALUES (2554, 'WordNet-based Index Terms Expansion for Geographical Information Retrieval.', 2006, '2014-08-15', 'conf/clef/BuscaldiRS06a', 'http://ceur-ws.org/Vol-1172/CLEF2006wn-GeoCLEF-BuscaldiEt2006.pdf');
INSERT INTO Write (AuthorID, PaperID) VALUES (2, 2554);
INSERT INTO Paper (PaperID, Title, Year, MDate, Key, DOI) VALUES (2578, 'Overview of PAN''17 - Author Identification, Author Profiling, and Author Obfuscation.', 2017, '2017-10-10', 'conf/clef/PotthastRTSRS17', 'https://doi.org/10.1007/978-3-319-65813-1_25');
INSERT INTO Write (AuthorID, PaperID) VALUES (2, 2578);
INSERT INTO Paper (PaperID, Title, Year, MDate, Key, DOI) VALUES (2618, 'NLEL-MAAT at CLEF-IP.', 2009, '2014-09-29', 'conf/clef/CorreaBR09c', 'http://ceur-ws.org/Vol-1175/CLEF2009wn-CLEFIP-CorreaEt2009.pdf');
INSERT INTO Write (AuthorID, PaperID) VALUES (2, 2618);
INSERT INTO Paper (PaperID, Title, Year, MDate, Key, DOI) VALUES (2736, 'QA with a Disambiguated Document Collection.', 2008, '2014-09-29', 'conf/clef/BuscaldiR08c', 'http://ceur-ws.org/Vol-1174/CLEF2008wn-QACLEF-BuscaldiEt2008.pdf');
INSERT INTO Write (AuthorID, PaperID) VALUES (2, 2736);
INSERT INTO Paper (PaperID, Title, Year, MDate, Key, DOI) VALUES (2792, 'R2D2 at GeoCLEF 2006: a Mixed Approach.', 2006, '2018-08-09', 'conf/clef/VegaCLPAFTKNMMBR06a', 'http://ceur-ws.org/Vol-1172/CLEF2006wn-GeoCLEF-GarciaVegaEt2006b.pdf');
INSERT INTO Write (AuthorID, PaperID) VALUES (2, 2792);
INSERT INTO Paper (PaperID, Title, Year, MDate, Key, DOI) VALUES (2842, 'IDRAAQ: New Arabic Question Answering System Based on Query Expansion and Passage Retrieval.', 2012, '2014-09-24', 'conf/clef/AbouenourBR12', 'http://www.clef-initiative.eu/documents/71612/be4e94fe-233e-4aa7-9180-d04e2e3bd673');
INSERT INTO Write (AuthorID, PaperID) VALUES (2, 2842);
INSERT INTO Paper (PaperID, Title, Year, MDate, Key, DOI) VALUES (2927, 'The UPV at QA@CLEF 2006.', 2006, '2014-08-15', 'conf/clef/BuscaldiSRS06a', 'http://ceur-ws.org/Vol-1172/CLEF2006wn-QACLEF-BuscaldiEt2006.pdf');
INSERT INTO Write (AuthorID, PaperID) VALUES (2, 2927);
INSERT INTO Paper (PaperID, Title, Year, MDate, Key, DOI) VALUES (2942, '<i>N</i> -Gram vs. Keyword-Based Passage Retrieval for Question Answering.', 2006, '2017-05-24', 'conf/clef/BuscaldiSRS06', 'https://doi.org/10.1007/978-3-540-74999-8_45');
INSERT INTO Write (AuthorID, PaperID) VALUES (2, 2942);
INSERT INTO Paper (PaperID, Title, Year, MDate, Key, DOI) VALUES (2953, 'Indexing with WordNet Synonyms May Improve Retrieval Results.', 2009, '2017-05-24', 'conf/clef/BuscaldiR09', 'https://doi.org/10.1007/978-3-642-15754-7_15');
INSERT INTO Write (AuthorID, PaperID) VALUES (2, 2953);
INSERT INTO Paper (PaperID, Title, Year, MDate, Key, DOI) VALUES (2974, 'GeoTextMESS: Result Fusion with Fuzzy Borda Ranking in Geographical Information Retrieval.', 2008, '2018-11-02', 'conf/clef/BuscaldiORLFR08', 'https://doi.org/10.1007/978-3-642-04447-2_114');
INSERT INTO Write (AuthorID, PaperID) VALUES (2, 2974);
INSERT INTO Paper (PaperID, Title, Year, MDate, Key, DOI) VALUES (3038, 'Arabic QA4MRE at CLEF 2012: Arabic Question Answering for Machine Reading Evaluation.', 2012, '2014-09-24', 'conf/clef/TriguiBRAG12', 'http://www.clef-initiative.eu/documents/71612/fd39b026-547a-4974-a7de-a99b6b3e8564');
INSERT INTO Write (AuthorID, PaperID) VALUES (2, 3038);
INSERT INTO Paper (PaperID, Title, Year, MDate, Key, DOI) VALUES (3055, 'A Na800Aiuml;ve Bag-of-Words Approach to Wikipedia QA.', 2006, '2014-08-15', 'conf/clef/BuscaldiR06a', 'http://ceur-ws.org/Vol-1172/CLEF2006wn-QACLEF-BuscaldiEt2006b.pdf');
INSERT INTO Write (AuthorID, PaperID) VALUES (2, 3055);
INSERT INTO Paper (PaperID, Title, Year, MDate, Key, DOI) VALUES (3074, 'Overview of the Author Profiling Task at PAN 2014.', 2014, '2014-09-10', 'conf/clef/PardoRCPTSVD14', 'http://ceur-ws.org/Vol-1180/CLEF2014wn-Pan-RangelEt2014.pdf');
INSERT INTO Write (AuthorID, PaperID) VALUES (2, 3074);
INSERT INTO Paper (PaperID, Title, Year, MDate, Key, DOI) VALUES (3172, 'Overview of the 3rd Author Profiling Task at PAN 2015.', 2015, '2015-09-03', 'conf/clef/PardoCRPSD15', 'http://ceur-ws.org/Vol-1391/inv-pap12-CR.pdf');
INSERT INTO Write (AuthorID, PaperID) VALUES (2, 3172);
INSERT INTO Paper (PaperID, Title, Year, MDate, Key, DOI) VALUES (3195, 'On the Relative Importance of Toponyms in GeoCLEF.', 2007, '2017-05-24', 'conf/clef/BuscaldiR07', 'https://doi.org/10.1007/978-3-540-85760-0_103');
INSERT INTO Write (AuthorID, PaperID) VALUES (2, 3195);
INSERT INTO Paper (PaperID, Title, Year, MDate, Key, DOI) VALUES (3205, 'A WordNet-based Query Expansion Method for Geographical Information Retrieval.', 2005, '2014-08-15', 'conf/clef/BuscaldiRA05a', 'http://ceur-ws.org/Vol-1171/CLEF2005wn-GeoCLEF-BuscaldiEt2005.pdf');
INSERT INTO Write (AuthorID, PaperID) VALUES (2, 3205);
INSERT INTO Paper (PaperID, Title, Year, MDate, Key, DOI) VALUES (3260, 'TPIRS: A System for Document Indexing Reduction on WebCLEF.', 2005, '2014-08-15', 'conf/clef/PintoJRS05a', 'http://ceur-ws.org/Vol-1171/CLEF2005wn-WebCLEF-PintoEt2005.pdf');
INSERT INTO Write (AuthorID, PaperID) VALUES (2, 3260);
INSERT INTO Paper (PaperID, Title, Year, MDate, Key, DOI) VALUES (3276, 'Overview of the 5th International Competition on Plagiarism Detection.', 2013, '2014-09-10', 'conf/clef/PotthastHGTKRSS13', 'http://ceur-ws.org/Vol-1179/CLEF2013wn-PAN-PotthastEt2013.pdf');
INSERT INTO Write (AuthorID, PaperID) VALUES (2, 3276);
INSERT INTO Paper (PaperID, Title, Year, MDate, Key, DOI) VALUES (3351, 'Overview of the Author Profiling Task at PAN 2013.', 2013, '2014-09-10', 'conf/clef/PardoRKSI13', 'http://ceur-ws.org/Vol-1179/CLEF2013wn-PAN-RangelEt2013.pdf');
INSERT INTO Write (AuthorID, PaperID) VALUES (2, 3351);
INSERT INTO Paper (PaperID, Title, Year, MDate, Key, DOI) VALUES (3482, 'Overview of PAN''16 - New Challenges for Authorship Analysis: Cross-Genre Profiling, Clustering, Diarization, and Obfuscation.', 2016, '2017-06-15', 'conf/clef/RossoPPSTS16', 'https://doi.org/10.1007/978-3-319-44564-9_28');
INSERT INTO Write (AuthorID, PaperID) VALUES (2, 3482);
INSERT INTO Author (AuthorID, Name) VALUES (3, 'Maarten de Rijke');
INSERT INTO Paper (PaperID, Title, Year, MDate, Key, DOI) VALUES (31, 'Language-Dependent and Language-Independent Approaches to Cross-Lingual Text Retrieval.', 2003, '2017-05-24', 'conf/clef/KampsMRS03', 'https://doi.org/10.1007/978-3-540-30222-3_14');
INSERT INTO Write (AuthorID, PaperID) VALUES (3, 31);
INSERT INTO Paper (PaperID, Title, Year, MDate, Key, DOI) VALUES (48, 'The University of Amsterdam at CLEF 2003.', 2003, '2014-08-15', 'conf/clef/KampsMRS03a', 'http://ceur-ws.org/Vol-1169/CLEF2003wn-adhoc-KampsEt2003.pdf');
INSERT INTO Write (AuthorID, PaperID) VALUES (3, 48);
INSERT INTO Paper (PaperID, Title, Year, MDate, Key, DOI) VALUES (76, 'Overview of the CLEF 2004 Multilingual Question Answering Track.', 2004, '2016-08-30', 'conf/clef/MagniniVAEPRRSS04', 'http://ceur-ws.org/Vol-1170/CLEF2004wn-QACLEF-MagniniEt2004.pdf');
INSERT INTO Write (AuthorID, PaperID) VALUES (3, 76);
INSERT INTO Paper (PaperID, Title, Year, MDate, Key, DOI) VALUES (270, 'Overview of WebCLEF 2005.', 2005, '2014-08-15', 'conf/clef/SigurbjornssonKR05b', 'http://ceur-ws.org/Vol-1171/CLEF2005wn-WebCLEF-SigurbjornssonEt2005.pdf');
INSERT INTO Write (AuthorID, PaperID) VALUES (3, 270);
INSERT INTO Paper (PaperID, Title, Year, MDate, Key, DOI) VALUES (299, 'Overview of RepLab 2013: Evaluating Online Reputation Monitoring Systems.', 2013, '2017-06-02', 'conf/clef/AmigoACCGMMRS13', 'https://doi.org/10.1007/978-3-642-40802-1_31');
INSERT INTO Write (AuthorID, PaperID) VALUES (3, 299);
INSERT INTO Paper (PaperID, Title, Year, MDate, Key, DOI) VALUES (356, 'How Frogs Built the Berlin Wall: A Detailed Error Analysis of a Question Answering System for Dutch.', 2003, '2017-05-24', 'conf/clef/JijkounMR03', 'https://doi.org/10.1007/978-3-540-30222-3_50');
INSERT INTO Write (AuthorID, PaperID) VALUES (3, 356);
INSERT INTO Paper (PaperID, Title, Year, MDate, Key, DOI) VALUES (379, 'Shallow Morphological Analysis in Monolingual Information Retrieval for Dutch, German, and Italian.', 2001, '2017-05-24', 'conf/clef/MonzR01', 'https://doi.org/10.1007/3-540-45691-0_24');
INSERT INTO Write (AuthorID, PaperID) VALUES (3, 379);
INSERT INTO Paper (PaperID, Title, Year, MDate, Key, DOI) VALUES (386, 'The University of Amsterdam''s Question Answering System at QA@CLEF 2007.', 2007, '2017-05-24', 'conf/clef/JijkounHAKRRS07', 'https://doi.org/10.1007/978-3-540-85760-0_43');
INSERT INTO Write (AuthorID, PaperID) VALUES (3, 386);
INSERT INTO Paper (PaperID, Title, Year, MDate, Key, DOI) VALUES (399, 'The Multiple Language Question Answering Track at CLEF 2003.', 2003, '2017-06-02', 'conf/clef/MagniniRVHPPVR03', 'https://doi.org/10.1007/978-3-540-30222-3_46');
INSERT INTO Write (AuthorID, PaperID) VALUES (3, 399);
INSERT INTO Paper (PaperID, Title, Year, MDate, Key, DOI) VALUES (667, 'The University of Amsterdam at QA@CLEF2003.', 2003, '2014-08-15', 'conf/clef/JijkounMR03a', 'http://ceur-ws.org/Vol-1169/CLEF2003wn-QACLEF-JijkounEt2003.pdf');
INSERT INTO Write (AuthorID, PaperID) VALUES (3, 667);
INSERT INTO Paper (PaperID, Title, Year, MDate, Key, DOI) VALUES (780, 'Overview of RepLab 2012: Evaluating Online Reputation Management Systems.', 2012, '2014-09-24', 'conf/clef/AmigoCGMR12', 'http://clef2012.org/index.php?page=Pages/proceedings.php');
INSERT INTO Write (AuthorID, PaperID) VALUES (3, 780);
INSERT INTO Paper (PaperID, Title, Year, MDate, Key, DOI) VALUES (826, 'Overview of the WiQA Task at CLEF 2006.', 2006, '2017-05-24', 'conf/clef/JijkounR06', 'https://doi.org/10.1007/978-3-540-74999-8_33');
INSERT INTO Write (AuthorID, PaperID) VALUES (3, 826);
INSERT INTO Paper (PaperID, Title, Year, MDate, Key, DOI) VALUES (956, 'A Semantic Perspective on Query Log Analysis.', 2009, '2014-09-29', 'conf/clef/HofmannRHM09', 'http://ceur-ws.org/Vol-1175/CLEF2009wn-LogCLEF-HofmannEt2009.pdf');
INSERT INTO Write (AuthorID, PaperID) VALUES (3, 956);
INSERT INTO Paper (PaperID, Title, Year, MDate, Key, DOI) VALUES (1028, 'The Multiple Language Question Answering Track at CLEF 2003.', 2003, '2014-08-15', 'conf/clef/MagniniRVHPPVR03b', 'http://ceur-ws.org/Vol-1169/CLEF2003wn-QACLEF-MagniniEt2003.pdf');
INSERT INTO Write (AuthorID, PaperID) VALUES (3, 1028);
INSERT INTO Paper (PaperID, Title, Year, MDate, Key, DOI) VALUES (1082, 'The University of Amsterdam at QA@CLEF 2005.', 2005, '2019-03-14', 'conf/clef/AhnJMRS05a', 'http://ceur-ws.org/Vol-1171/CLEF2005wn-QACLEF-AhnEt2005.pdf');
INSERT INTO Write (AuthorID, PaperID) VALUES (3, 1082);
INSERT INTO Paper (PaperID, Title, Year, MDate, Key, DOI) VALUES (1128, 'Generating Pseudo Test Collections for Learning to Rank Scientific Articles.', 2012, '2017-05-24', 'conf/clef/BerendsenTRM12', 'https://doi.org/10.1007/978-3-642-33247-0_6');
INSERT INTO Write (AuthorID, PaperID) VALUES (3, 1128);
INSERT INTO Paper (PaperID, Title, Year, MDate, Key, DOI) VALUES (1163, 'Overview of the CLEF 2005 Multilingual Question Answering Track.', 2005, '2017-06-02', 'conf/clef/VallinMGAAOPRSSS05', 'https://doi.org/10.1007/11878773_36');
INSERT INTO Write (AuthorID, PaperID) VALUES (3, 1163);
INSERT INTO Paper (PaperID, Title, Year, MDate, Key, DOI) VALUES (1353, 'Concept Models for Domain-Specific Search.', 2008, '2017-05-24', 'conf/clef/MeijR08', 'https://doi.org/10.1007/978-3-642-04447-2_26');
INSERT INTO Write (AuthorID, PaperID) VALUES (3, 1353);
INSERT INTO Paper (PaperID, Title, Year, MDate, Key, DOI) VALUES (1354, 'Effective Translation, Tokenization and Combination for Cross-Lingual Retrieval.', 2004, '2017-05-24', 'conf/clef/KampsAR05', 'https://doi.org/10.1007/11519645_12');
INSERT INTO Write (AuthorID, PaperID) VALUES (3, 1354);
INSERT INTO Paper (PaperID, Title, Year, MDate, Key, DOI) VALUES (1466, 'Overview of WebCLEF 2006.', 2006, '2014-08-15', 'conf/clef/BalogAKR06a', 'http://ceur-ws.org/Vol-1172/CLEF2006wn-WebCLEF-BalogEt2006a.pdf');
INSERT INTO Write (AuthorID, PaperID) VALUES (3, 1466);
INSERT INTO Paper (PaperID, Title, Year, MDate, Key, DOI) VALUES (1491, 'A Comparative Study of Click Models for Web Search.', 2015, '2017-05-24', 'conf/clef/GrotovCMSXR15', 'https://doi.org/10.1007/978-3-319-24027-5_7');
INSERT INTO Write (AuthorID, PaperID) VALUES (3, 1491);
INSERT INTO Paper (PaperID, Title, Year, MDate, Key, DOI) VALUES (1500, 'Overview of WiQA 2006.', 2006, '2014-08-15', 'conf/clef/JijkounR06a', 'http://ceur-ws.org/Vol-1172/CLEF2006wn-QACLEF-JijkounEt2006.pdf');
INSERT INTO Write (AuthorID, PaperID) VALUES (3, 1500);
INSERT INTO Paper (PaperID, Title, Year, MDate, Key, DOI) VALUES (1615, 'Validating Query Simulators: An Experiment Using Commercial Searches and Purchases.', 2010, '2017-05-24', 'conf/clef/HuurninkHRB10', 'https://doi.org/10.1007/978-3-642-15998-5_6');
INSERT INTO Write (AuthorID, PaperID) VALUES (3, 1615);
INSERT INTO Paper (PaperID, Title, Year, MDate, Key, DOI) VALUES (1657, 'On the Evaluation of Entity Profiles.', 2010, '2018-11-14', 'conf/clef/RijkeBBB10', 'https://www.wikidata.org/entity/Q57400646');
INSERT INTO Write (AuthorID, PaperID) VALUES (3, 1657);
INSERT INTO Paper (PaperID, Title, Year, MDate, Key, DOI) VALUES (1713, 'Making Stone Soup: Evaluating a Recall-Oriented Multi-stream Question Answering System for Dutch.', 2004, '2019-03-14', 'conf/clef/AhnJMRSM05', 'https://doi.org/10.1007/11519645_42');
INSERT INTO Write (AuthorID, PaperID) VALUES (3, 1713);
INSERT INTO Paper (PaperID, Title, Year, MDate, Key, DOI) VALUES (1804, 'Hungarian Monolingual Retrieval at CLEF 2005.', 2005, '2014-08-15', 'conf/clef/TordaiR05a', 'http://ceur-ws.org/Vol-1171/CLEF2005wn-adhoc-TordaiEt2005.pdf');
INSERT INTO Write (AuthorID, PaperID) VALUES (3, 1804);
INSERT INTO Paper (PaperID, Title, Year, MDate, Key, DOI) VALUES (1848, 'EuroGOV: Engineering a Multilingual Web Corpus.', 2005, '2014-08-15', 'conf/clef/SigurbjornssonKR05c', 'http://ceur-ws.org/Vol-1171/CLEF2005wn-WebCLEF-SigurbjornssonEt2005b.pdf');
INSERT INTO Write (AuthorID, PaperID) VALUES (3, 1848);
INSERT INTO Paper (PaperID, Title, Year, MDate, Key, DOI) VALUES (1896, 'Towards an Active Learning System for Company Name Disambiguation in Microblog Streams.', 2013, '2014-09-10', 'conf/clef/PeetzSGR13', 'http://ceur-ws.org/Vol-1179/CLEF2013wn-RepLab-PeetzEt2013.pdf');
INSERT INTO Write (AuthorID, PaperID) VALUES (3, 1896);
INSERT INTO Paper (PaperID, Title, Year, MDate, Key, DOI) VALUES (1898, 'Towards an Offline XML-Based Strategy for Answering Questions.', 2005, '2019-03-14', 'conf/clef/AhnJMRS05', 'https://doi.org/10.1007/11878773_50');
INSERT INTO Write (AuthorID, PaperID) VALUES (3, 1898);
INSERT INTO Paper (PaperID, Title, Year, MDate, Key, DOI) VALUES (1919, 'Using Centrality to Rank Web Snippets.', 2007, '2017-05-24', 'conf/clef/JijkounR07a', 'https://doi.org/10.1007/978-3-540-85760-0_94');
INSERT INTO Write (AuthorID, PaperID) VALUES (3, 1919);
INSERT INTO Paper (PaperID, Title, Year, MDate, Key, DOI) VALUES (1936, 'Overview of WebCLEF 2007.', 2007, '2014-09-23', 'conf/clef/JijkounR07b', 'http://ceur-ws.org/Vol-1173/CLEF2007wn-WebCLEF-JijkounEt2007a.pdf');
INSERT INTO Write (AuthorID, PaperID) VALUES (3, 1936);
INSERT INTO Paper (PaperID, Title, Year, MDate, Key, DOI) VALUES (1955, 'Feature Selection and Data Sampling Methods for Learning Reputation Dimensions.', 2014, '2015-09-07', 'conf/clef/GarbaceaTR14', 'http://ceur-ws.org/Vol-1180/CLEF2014wn-Rep-GarbaceaEt2014.pdf');
INSERT INTO Write (AuthorID, PaperID) VALUES (3, 1955);
INSERT INTO Paper (PaperID, Title, Year, MDate, Key, DOI) VALUES (2031, 'Overview of WebCLEF 2007.', 2007, '2017-05-24', 'conf/clef/JijkounR07', 'https://doi.org/10.1007/978-3-540-85760-0_92');
INSERT INTO Write (AuthorID, PaperID) VALUES (3, 2031);
INSERT INTO Paper (PaperID, Title, Year, MDate, Key, DOI) VALUES (2076, 'The University of Amsterdam at QA@CLEF 2004.', 2004, '2019-03-14', 'conf/clef/JijkounMRSAM04', 'http://ceur-ws.org/Vol-1170/CLEF2004wn-QACLEF-JijkounEt2004.pdf');
INSERT INTO Write (AuthorID, PaperID) VALUES (3, 2076);
INSERT INTO Paper (PaperID, Title, Year, MDate, Key, DOI) VALUES (2090, 'Overview of WebCLEF 2005.', 2005, '2017-05-24', 'conf/clef/SigurbjornssonKR05', 'https://doi.org/10.1007/11878773_89');
INSERT INTO Write (AuthorID, PaperID) VALUES (3, 2090);
INSERT INTO Paper (PaperID, Title, Year, MDate, Key, DOI) VALUES (2349, 'Creating the DISEQuA Corpus: a Test Set for Multilingual Question Answering.', 2003, '2014-08-15', 'conf/clef/MagniniRVHPPVR03c', 'http://ceur-ws.org/Vol-1169/CLEF2003wn-QACLEF-MagniniEt2003b.pdf');
INSERT INTO Write (AuthorID, PaperID) VALUES (3, 2349);
INSERT INTO Paper (PaperID, Title, Year, MDate, Key, DOI) VALUES (2418, 'The University of Amsterdam at CLEF@QA 2007.', 2007, '2014-09-24', 'conf/clef/JijkounHAKRRS07a', 'http://ceur-ws.org/Vol-1173/CLEF2007wn-QACLEF-JijkounEt2007.pdf');
INSERT INTO Write (AuthorID, PaperID) VALUES (3, 2418);
INSERT INTO Paper (PaperID, Title, Year, MDate, Key, DOI) VALUES (2438, 'Four Stemmers and a Funeral: Stemming in Hungarian at CLEF 2005.', 2005, '2017-06-15', 'conf/clef/TordaiR05', 'https://doi.org/10.1007/11878773_20');
INSERT INTO Write (AuthorID, PaperID) VALUES (3, 2438);
INSERT INTO Paper (PaperID, Title, Year, MDate, Key, DOI) VALUES (2440, 'From Sentiment to Reputation.', 2012, '2014-09-24', 'conf/clef/PeetzRS12', 'http://www.clef-initiative.eu/documents/71612/13bdc150-ef06-4c5f-8b01-583701a43875');
INSERT INTO Write (AuthorID, PaperID) VALUES (3, 2440);
INSERT INTO Paper (PaperID, Title, Year, MDate, Key, DOI) VALUES (2489, 'The University of Amsterdam at WebCLEF 2007: Using Centrality to Rank Web Snippets.', 2007, '2014-09-23', 'conf/clef/JijkounR07c', 'http://ceur-ws.org/Vol-1173/CLEF2007wn-WebCLEF-JijkounEt2007b.pdf');
INSERT INTO Write (AuthorID, PaperID) VALUES (3, 2489);
INSERT INTO Paper (PaperID, Title, Year, MDate, Key, DOI) VALUES (2490, 'Overview of WebCLEF 2006.', 2006, '2017-05-24', 'conf/clef/BalogAKR06', 'https://doi.org/10.1007/978-3-540-74999-8_101');
INSERT INTO Write (AuthorID, PaperID) VALUES (3, 2490);
INSERT INTO Paper (PaperID, Title, Year, MDate, Key, DOI) VALUES (2500, 'The University of Amsterdam at CLEF 2004.', 2004, '2014-08-15', 'conf/clef/AdafreHKMR04', 'http://ceur-ws.org/Vol-1170/CLEF2004wn-adhoc-FissahaAdafreEt2004.pdf');
INSERT INTO Write (AuthorID, PaperID) VALUES (3, 2500);
INSERT INTO Paper (PaperID, Title, Year, MDate, Key, DOI) VALUES (2506, 'The University of Amsterdam at CLEF@QA 2006.', 2006, '2018-04-23', 'conf/clef/JijkounRASR06', 'https://doi.org/10.1007/978-3-642-04447-2_6');
INSERT INTO Write (AuthorID, PaperID) VALUES (3, 2506);
INSERT INTO Paper (PaperID, Title, Year, MDate, Key, DOI) VALUES (2537, 'Overview of WebCLEF 2008 (Draft).', 2008, '2014-09-29', 'conf/clef/JijkounR08a', 'http://ceur-ws.org/Vol-1174/CLEF2008wn-WebCLEF-JijkounEt2008.pdf');
INSERT INTO Write (AuthorID, PaperID) VALUES (3, 2537);
INSERT INTO Paper (PaperID, Title, Year, MDate, Key, DOI) VALUES (2548, 'The University of Amsterdam at the CLEF 2008 Domain Specific Track: Parsimonious Relevance and Concept Models.', 2008, '2014-09-29', 'conf/clef/MeijR08a', 'http://ceur-ws.org/Vol-1174/CLEF2008wn-DomainSpecific-MeijEt2008.pdf');
INSERT INTO Write (AuthorID, PaperID) VALUES (3, 2548);
INSERT INTO Paper (PaperID, Title, Year, MDate, Key, DOI) VALUES (2551, 'The University of Amsterdam at CLEF 2001.', 2001, '2014-08-15', 'conf/clef/MonzR01a', 'http://ceur-ws.org/Vol-1167/CLEF2001wn-adhoc-MonzEt2001.pdf');
INSERT INTO Write (AuthorID, PaperID) VALUES (3, 2551);
INSERT INTO Paper (PaperID, Title, Year, MDate, Key, DOI) VALUES (2596, 'The University of Amsterdam at WiQA 2006.', 2006, '2014-08-15', 'conf/clef/AdafreJR06a', 'http://ceur-ws.org/Vol-1172/CLEF2006wn-QACLEF-AdafreEt2006.pdf');
INSERT INTO Write (AuthorID, PaperID) VALUES (3, 2596);
INSERT INTO Paper (PaperID, Title, Year, MDate, Key, DOI) VALUES (2614, 'Link-Based vs. Content-Based Retrieval for Question Answering Using Wikipedia.', 2006, '2017-05-24', 'conf/clef/AdafreJR06', 'https://doi.org/10.1007/978-3-540-74999-8_65');
INSERT INTO Write (AuthorID, PaperID) VALUES (3, 2614);
INSERT INTO Paper (PaperID, Title, Year, MDate, Key, DOI) VALUES (2631, 'Combining Evidence for Cross-Language Information Retrieval.', 2002, '2017-05-24', 'conf/clef/KampsMR02', 'https://doi.org/10.1007/978-3-540-45237-9_9');
INSERT INTO Write (AuthorID, PaperID) VALUES (3, 2631);
INSERT INTO Paper (PaperID, Title, Year, MDate, Key, DOI) VALUES (2635, 'EuroGOV: Engineering a Multilingual Web Corpus.', 2005, '2017-05-24', 'conf/clef/SigurbjornssonKR05a', 'https://doi.org/10.1007/11878773_90');
INSERT INTO Write (AuthorID, PaperID) VALUES (3, 2635);
INSERT INTO Paper (PaperID, Title, Year, MDate, Key, DOI) VALUES (2648, 'Overview of RepLab 2014: Author Profiling and Reputation Dimensions for Online Reputation Management.', 2014, '2017-06-02', 'conf/clef/AmigoACCGMRS14', 'https://doi.org/10.1007/978-3-319-11382-1_24');
INSERT INTO Write (AuthorID, PaperID) VALUES (3, 2648);
INSERT INTO Paper (PaperID, Title, Year, MDate, Key, DOI) VALUES (2662, 'Index Combinations and Query Reformulations for Mixed Monolingual Web Retrieval.', 2006, '2017-05-24', 'conf/clef/BalogR06', 'https://doi.org/10.1007/978-3-540-74999-8_104');
INSERT INTO Write (AuthorID, PaperID) VALUES (3, 2662);
INSERT INTO Paper (PaperID, Title, Year, MDate, Key, DOI) VALUES (2687, 'Overview of WebCLEF 2008.', 2008, '2017-05-24', 'conf/clef/JijkounR08', 'https://doi.org/10.1007/978-3-642-04447-2_102');
INSERT INTO Write (AuthorID, PaperID) VALUES (3, 2687);
INSERT INTO Paper (PaperID, Title, Year, MDate, Key, DOI) VALUES (2762, 'The University of Amsterdam at WebCLEF 2006.', 2006, '2014-08-15', 'conf/clef/BalogR06a', 'http://ceur-ws.org/Vol-1172/CLEF2006wn-WebCLEF-BalogEt2006b.pdf');
INSERT INTO Write (AuthorID, PaperID) VALUES (3, 2762);
INSERT INTO Paper (PaperID, Title, Year, MDate, Key, DOI) VALUES (2776, 'Quartz: A Question Answering System for Dutch.', 2006, '2017-05-24', 'conf/clef/AhnJRRS06', 'https://doi.org/10.1007/978-3-540-74999-8_43');
INSERT INTO Write (AuthorID, PaperID) VALUES (3, 2776);
INSERT INTO Paper (PaperID, Title, Year, MDate, Key, DOI) VALUES (2864, 'Overview of the CLEF 2004 Multilingual Question Answering Track.', 2004, '2017-06-02', 'conf/clef/MagniniVAEPRRSS05', 'https://doi.org/10.1007/11519645_38');
INSERT INTO Write (AuthorID, PaperID) VALUES (3, 2864);
INSERT INTO Paper (PaperID, Title, Year, MDate, Key, DOI) VALUES (2931, 'RepLab 2013: Comparative Evaluation of Online Reputation Monitoring Systems and Components.', 2013, '2014-09-10', 'conf/clef/AmigoACCGMMRS13a', 'http://ceur-ws.org/Vol-1179/CLEF2013wn-RepLab-AmigoEt2013.pdf');
INSERT INTO Write (AuthorID, PaperID) VALUES (3, 2931);
INSERT INTO Write (AuthorID, PaperID) VALUES (3, 2955);
INSERT INTO Paper (PaperID, Title, Year, MDate, Key, DOI) VALUES (2957, 'The University of Amsterdam at CLEF 2002.', 2002, '2014-08-15', 'conf/clef/MonzKR02', 'http://ceur-ws.org/Vol-1168/CLEF2002wn-adhoc-MonzEt2002.pdf');
INSERT INTO Write (AuthorID, PaperID) VALUES (3, 2957);
INSERT INTO Paper (PaperID, Title, Year, MDate, Key, DOI) VALUES (3175, 'Creating the DISEQuA Corpus: A Test Set for Multilingual Question Answering.', 2003, '2017-06-02', 'conf/clef/MagniniRVHPPVR03a', 'https://doi.org/10.1007/978-3-540-30222-3_47');
INSERT INTO Write (AuthorID, PaperID) VALUES (3, 3175);
INSERT INTO Paper (PaperID, Title, Year, MDate, Key, DOI) VALUES (3286, 'Overview of the CLEF 2005 Multilingual Question Answering Track.', 2005, '2014-08-15', 'conf/clef/VallinGAAOPRSSS05', 'http://ceur-ws.org/Vol-1171/CLEF2005wn-QACLEF-VallinEt2005.pdf');
INSERT INTO Write (AuthorID, PaperID) VALUES (3, 3286);
INSERT INTO Paper (PaperID, Title, Year, MDate, Key, DOI) VALUES (3304, 'The University of Amsterdam at WebCLEF 2005.', 2005, '2014-08-15', 'conf/clef/KampsRS05a', 'http://ceur-ws.org/Vol-1171/CLEF2005wn-WebCLEF-KampsEt2005.pdf');
INSERT INTO Write (AuthorID, PaperID) VALUES (3, 3304);
INSERT INTO Paper (PaperID, Title, Year, MDate, Key, DOI) VALUES (3457, 'Combination Methods for Crosslingual Web Retrieval.', 2005, '2017-05-24', 'conf/clef/KampsRS05', 'https://doi.org/10.1007/11878773_93');
INSERT INTO Write (AuthorID, PaperID) VALUES (3, 3457);
INSERT INTO Author (AuthorID, Name) VALUES (4, 'Luis Alfonso Ure&ntilde;a L&oacute;pez');
INSERT INTO Paper (PaperID, Title, Year, MDate, Key, DOI) VALUES (98, 'SINAI at CLEF 2002: Experiments with Merging Strategies.', 2002, '2018-08-09', 'conf/clef/Martinez-SantiagoUM02', 'https://doi.org/10.1007/978-3-540-45237-9_15');
INSERT INTO Write (AuthorID, PaperID) VALUES (4, 98);
INSERT INTO Paper (PaperID, Title, Year, MDate, Key, DOI) VALUES (160, 'SINAI at CLEF eHealth 2018 Task 3. Using cTAKES to Remove Noise from Expanding Queries with Google.', 2018, '2018-08-09', 'conf/clef/Diaz-GalianoLML18', 'http://ceur-ws.org/Vol-2125/paper_192.pdf');
INSERT INTO Write (AuthorID, PaperID) VALUES (4, 160);
INSERT INTO Paper (PaperID, Title, Year, MDate, Key, DOI) VALUES (200, 'University of Ja800Aeacute;n at ImageCLEF 2009: Medical and Photo Tasks.', 2009, '2018-08-09', 'conf/clef/Garcia-CumbrerasDMRL09', 'https://doi.org/10.1007/978-3-642-15751-6_45');
INSERT INTO Write (AuthorID, PaperID) VALUES (4, 200);
INSERT INTO Paper (PaperID, Title, Year, MDate, Key, DOI) VALUES (283, 'SINAI at VideoCLEF 2009.', 2009, '2018-08-09', 'conf/clef/Perea-OrtegaMMU09', 'http://ceur-ws.org/Vol-1175/CLEF2009wn-VideoCLEF-PereaOrtegaEt2009.pdf');
INSERT INTO Write (AuthorID, PaperID) VALUES (4, 283);
INSERT INTO Paper (PaperID, Title, Year, MDate, Key, DOI) VALUES (285, 'Using Information Gain to Filter Information in CLEF CL-SR Track.', 2007, '2018-08-09', 'conf/clef/Diaz-GalianoMCL07', 'https://doi.org/10.1007/978-3-540-85760-0_91');
INSERT INTO Write (AuthorID, PaperID) VALUES (4, 285);
INSERT INTO Paper (PaperID, Title, Year, MDate, Key, DOI) VALUES (355, 'SINAI at CL-SR Task at CLEF 2007.', 2007, '2018-08-09', 'conf/clef/Diaz-GalianoMGL07', 'http://ceur-ws.org/Vol-1173/CLEF2007wn-CLSR-DiazGalianoEt2007.pdf');
INSERT INTO Write (AuthorID, PaperID) VALUES (4, 355);
INSERT INTO Paper (PaperID, Title, Year, MDate, Key, DOI) VALUES (392, 'SINAI at ImageCLEF 2007.', 2007, '2018-08-09', 'conf/clef/Diaz-GalianoCMRL07', 'http://ceur-ws.org/Vol-1173/CLEF2007wn-ImageCLEF-DiazGalianoEt2007.pdf');
INSERT INTO Write (AuthorID, PaperID) VALUES (4, 392);
INSERT INTO Paper (PaperID, Title, Year, MDate, Key, DOI) VALUES (530, 'SINAI at ImageCLEF 2009 Medical Task.', 2009, '2018-08-09', 'conf/clef/Diaz-GalianoMUC09', 'http://ceur-ws.org/Vol-1175/CLEF2009wn-ImageCLEF-DiazGalianoEt2009b.pdf');
INSERT INTO Write (AuthorID, PaperID) VALUES (4, 530);
INSERT INTO Paper (PaperID, Title, Year, MDate, Key, DOI) VALUES (613, 'Using an Information Retrieval System for Video Classification.', 2008, '2018-08-09', 'conf/clef/Perea-OrtegaRDML08', 'https://doi.org/10.1007/978-3-642-04447-2_122');
INSERT INTO Write (AuthorID, PaperID) VALUES (4, 613);
INSERT INTO Paper (PaperID, Title, Year, MDate, Key, DOI) VALUES (616, 'Using Information Gain to Improve the ImageCLEF 2006 Collection.', 2006, '2018-08-09', 'conf/clef/Diaz-GalianoCMRL06', 'https://doi.org/10.1007/978-3-540-74999-8_89');
INSERT INTO Write (AuthorID, PaperID) VALUES (4, 616);
INSERT INTO Paper (PaperID, Title, Year, MDate, Key, DOI) VALUES (671, 'Intelligent Information Access Systems (SINAI) at CLEF 2001: Calculating Translation Probabilities with SemCor.', 2001, '2015-09-03', 'conf/clef/SantiagoLDVM01', 'http://ceur-ws.org/Vol-1167/CLEF2001wn-adhoc-MartinezSantiagoEt2001.pdf');
INSERT INTO Write (AuthorID, PaperID) VALUES (4, 671);
INSERT INTO Write (AuthorID, PaperID) VALUES (4, 682);
INSERT INTO Paper (PaperID, Title, Year, MDate, Key, DOI) VALUES (746, 'Filtering for Improving the Geographic Information Search.', 2007, '2017-05-24', 'conf/clef/Perea-OrtegaCVL07', 'https://doi.org/10.1007/978-3-540-85760-0_104');
INSERT INTO Write (AuthorID, PaperID) VALUES (4, 746);
INSERT INTO Paper (PaperID, Title, Year, MDate, Key, DOI) VALUES (817, 'SINAI at VideoCLEF 2008.', 2008, '2018-08-09', 'conf/clef/Perea-OrtegaMMDU08', 'http://ceur-ws.org/Vol-1174/CLEF2008wn-VideoCLEF-PereaOrtegaEt2008.pdf');
INSERT INTO Write (AuthorID, PaperID) VALUES (4, 817);
INSERT INTO Paper (PaperID, Title, Year, MDate, Key, DOI) VALUES (865, 'Query Expansion on Medical Image Retrieval: MeSH vs. UMLS.', 2008, '2018-08-09', 'conf/clef/Diaz-GalianoCMLR08', 'https://doi.org/10.1007/978-3-642-04447-2_94');
INSERT INTO Write (AuthorID, PaperID) VALUES (4, 865);
INSERT INTO Paper (PaperID, Title, Year, MDate, Key, DOI) VALUES (1014, 'Using Support Vector Machines as Learning Algorithm for Video Categorization.', 2009, '2018-08-09', 'conf/clef/Perea-OrtegaRMU09', 'https://doi.org/10.1007/978-3-642-15751-6_48');
INSERT INTO Write (AuthorID, PaperID) VALUES (4, 1014);
INSERT INTO Paper (PaperID, Title, Year, MDate, Key, DOI) VALUES (1016, 'SINAI at QA@CLEF 2007. Answer Validation Exercise.', 2007, '2014-09-23', 'conf/clef/CumbrerasOSL07', 'http://ceur-ws.org/Vol-1173/CLEF2007wn-QACLEF-GarciaCumbreras2007.pdf');
INSERT INTO Write (AuthorID, PaperID) VALUES (4, 1016);
INSERT INTO Paper (PaperID, Title, Year, MDate, Key, DOI) VALUES (1076, 'GEOUJA System. The First Participation of the University of Ja800Aeacute;n at GEOCLEF 2006.', 2006, '2017-05-24', 'conf/clef/VegaCLP06', 'https://doi.org/10.1007/978-3-540-74999-8_116');
INSERT INTO Write (AuthorID, PaperID) VALUES (4, 1076);
INSERT INTO Paper (PaperID, Title, Year, MDate, Key, DOI) VALUES (1164, 'BRUJA System. The University of Ja800Aeacute;n at the Spanish Task of CLEFQA 2006.', 2006, '2014-08-15', 'conf/clef/CumbrerasLSO06', 'http://ceur-ws.org/Vol-1172/CLEF2006wn-QACLEF-GarciaCumbrerasEt2006.pdf');
INSERT INTO Write (AuthorID, PaperID) VALUES (4, 1164);
INSERT INTO Paper (PaperID, Title, Year, MDate, Key, DOI) VALUES (1167, 'Using WordNet in Multimedia Information Retrieval.', 2009, '2018-08-09', 'conf/clef/Diaz-GalianoMLP09', 'https://doi.org/10.1007/978-3-642-15751-6_21');
INSERT INTO Write (AuthorID, PaperID) VALUES (4, 1167);
INSERT INTO Paper (PaperID, Title, Year, MDate, Key, DOI) VALUES (1329, 'SINAI at ImageCLEF Wikipedia Retrieval Task 2011: Testing Combined Systems.', 2011, '2014-09-24', 'conf/clef/CumbrerasDLB11', 'http://www.clef-initiative.eu/documents/71612/86377/CLEF2011wn-ImageCLEF-Garcia-CumbrerasEt2011.pdf');
INSERT INTO Write (AuthorID, PaperID) VALUES (4, 1329);
INSERT INTO Paper (PaperID, Title, Year, MDate, Key, DOI) VALUES (1368, 'Text-mess in the Medical Retrieval ImageCLEF08 Task.', 2008, '2018-08-09', 'conf/clef/NavarroDMGLMLM08', 'http://ceur-ws.org/Vol-1174/CLEF2008wn-ImageCLEF-NavarroEt2008d.pdf');
INSERT INTO Write (AuthorID, PaperID) VALUES (4, 1368);
INSERT INTO Paper (PaperID, Title, Year, MDate, Key, DOI) VALUES (1443, 'Combining TEXT-MESS Systems at ImageCLEF 2008.', 2008, '2018-11-14', 'conf/clef/NavarroCLDMMLR08', 'https://www.wikidata.org/entity/Q57712970');
INSERT INTO Write (AuthorID, PaperID) VALUES (4, 1443);
INSERT INTO Paper (PaperID, Title, Year, MDate, Key, DOI) VALUES (1619, 'PIR Based in Explicit and Implicit Feedback.', 2018, '2018-08-08', 'conf/clef/Andreu-MarinSLD18', 'http://ceur-ws.org/Vol-2125/paper_73.pdf');
INSERT INTO Write (AuthorID, PaperID) VALUES (4, 1619);
INSERT INTO Paper (PaperID, Title, Year, MDate, Key, DOI) VALUES (1630, 'SINAI-GIR System. University of Ja800Aeacute;n at GeoCLEF 2008.', 2008, '2014-10-13', 'conf/clef/Perea-OrtegaGGU08', 'http://ceur-ws.org/Vol-1174/CLEF2008wn-GeoCLEF-PereaOrtegaEt2008.pdf');
INSERT INTO Write (AuthorID, PaperID) VALUES (4, 1630);
INSERT INTO Paper (PaperID, Title, Year, MDate, Key, DOI) VALUES (1696, 'SINAI at CLEF 2006 Ad Hoc Robust Multilingual Track: Query Expansion using the Google Search Engine.', 2006, '2018-05-18', 'conf/clef/SantiagoRCL06a', 'http://ceur-ws.org/Vol-1172/CLEF2006wn-adhoc-MartinezSantiagoEt2006.pdf');
INSERT INTO Write (AuthorID, PaperID) VALUES (4, 1696);
INSERT INTO Paper (PaperID, Title, Year, MDate, Key, DOI) VALUES (1734, 'Machine Learning to Detect ICD10 Codes in Causes of Death.', 2018, '2018-08-09', 'conf/clef/Lopez-UbedaDML18', 'http://ceur-ws.org/Vol-2125/paper_150.pdf');
INSERT INTO Write (AuthorID, PaperID) VALUES (4, 1734);
INSERT INTO Paper (PaperID, Title, Year, MDate, Key, DOI) VALUES (1911, 'Integrating MeSH Ontology to Improve Medical Information Retrieval.', 2007, '2018-08-09', 'conf/clef/Diaz-GalianoCMRU07', 'https://doi.org/10.1007/978-3-540-85760-0_76');
INSERT INTO Write (AuthorID, PaperID) VALUES (4, 1911);
INSERT INTO Paper (PaperID, Title, Year, MDate, Key, DOI) VALUES (2006, 'Using Query Reformulation and Keywords in the Geographic Information Retrieval Task.', 2008, '2017-06-02', 'conf/clef/Perea-OrtegaLVC08', 'https://doi.org/10.1007/978-3-642-04447-2_112');
INSERT INTO Write (AuthorID, PaperID) VALUES (4, 2006);
INSERT INTO Paper (PaperID, Title, Year, MDate, Key, DOI) VALUES (2114, 'SINAI at GeoCLEF 2006: Expanding the Topics with Geographical Information and Thesaurus.', 2006, '2014-08-15', 'conf/clef/VegaCLP06a', 'http://ceur-ws.org/Vol-1172/CLEF2006wn-GeoCLEF-GarciaVegaEt2006.pdf');
INSERT INTO Write (AuthorID, PaperID) VALUES (4, 2114);
INSERT INTO Paper (PaperID, Title, Year, MDate, Key, DOI) VALUES (2201, 'SINAI at CLEF 2005: Multi-8 Two-Years-on and Multi-8 Merging-Only Tasks.', 2005, '2017-05-24', 'conf/clef/SantiagoCL05', 'https://doi.org/10.1007/11878773_12');
INSERT INTO Write (AuthorID, PaperID) VALUES (4, 2201);
INSERT INTO Paper (PaperID, Title, Year, MDate, Key, DOI) VALUES (2202, 'SINAI at CLEF 2006 Ad Hoc Robust Multilingual Track: Query Expansion Using the Google Search Engine.', 2006, '2018-05-18', 'conf/clef/SantiagoRCL06', 'https://doi.org/10.1007/978-3-540-74999-8_16');
INSERT INTO Write (AuthorID, PaperID) VALUES (4, 2202);
INSERT INTO Paper (PaperID, Title, Year, MDate, Key, DOI) VALUES (2213, 'Combining Lexical Information with Machine Learning for Answer Validation at QA@CLEF 2007.', 2007, '2017-05-24', 'conf/clef/CumbrerasPSL07', 'https://doi.org/10.1007/978-3-540-85760-0_49');
INSERT INTO Write (AuthorID, PaperID) VALUES (4, 2213);
INSERT INTO Write (AuthorID, PaperID) VALUES (4, 2224);
INSERT INTO Paper (PaperID, Title, Year, MDate, Key, DOI) VALUES (2249, 'SINAI at ImageCLEF 2009 WikipediaMM Task.', 2009, '2018-08-09', 'conf/clef/Diaz-GalianoMLP09a', 'http://ceur-ws.org/Vol-1175/CLEF2009wn-ImageCLEF-DiazGalianoEt2009.pdf');
INSERT INTO Write (AuthorID, PaperID) VALUES (4, 2249);
INSERT INTO Paper (PaperID, Title, Year, MDate, Key, DOI) VALUES (2288, 'SINAI at ImageCLEFPhoto 2008.', 2008, '2018-08-09', 'conf/clef/Garcia-CumbrerasDMU08', 'http://ceur-ws.org/Vol-1174/CLEF2008wn-ImageCLEF-GarciaCumbrerasEt2008.pdf');
INSERT INTO Write (AuthorID, PaperID) VALUES (4, 2288);
INSERT INTO Paper (PaperID, Title, Year, MDate, Key, DOI) VALUES (2364, 'SINAI System: Combining IR Systems at ImageCLEFPhoto 2007.', 2007, '2018-08-09', 'conf/clef/CumbrerasDMRL07', 'https://doi.org/10.1007/978-3-540-85760-0_63');
INSERT INTO Write (AuthorID, PaperID) VALUES (4, 2364);
INSERT INTO Paper (PaperID, Title, Year, MDate, Key, DOI) VALUES (2370, 'Experiments with Google News for Filtering Newswire Articles.', 2009, '2018-05-18', 'conf/clef/RaezPDL09', 'https://doi.org/10.1007/978-3-642-15754-7_46');
INSERT INTO Write (AuthorID, PaperID) VALUES (4, 2370);
INSERT INTO Paper (PaperID, Title, Year, MDate, Key, DOI) VALUES (2395, 'SINAI at CLEF 2003: Decompounding and Merging.', 2003, '2018-05-18', 'conf/clef/SantiagoRLD03', 'https://doi.org/10.1007/978-3-540-30222-3_18');
INSERT INTO Write (AuthorID, PaperID) VALUES (4, 2395);
INSERT INTO Paper (PaperID, Title, Year, MDate, Key, DOI) VALUES (2429, 'Text-mess in the ImageCLEFphoto08 Task.', 2008, '2018-08-09', 'conf/clef/NavarroGLDMMLM08', 'http://ceur-ws.org/Vol-1174/CLEF2008wn-ImageCLEF-NavarroEt2008b.pdf');
INSERT INTO Write (AuthorID, PaperID) VALUES (4, 2429);
INSERT INTO Paper (PaperID, Title, Year, MDate, Key, DOI) VALUES (2445, 'SINAI at CLEF eHealth 2017 Task 3.', 2017, '2018-08-09', 'conf/clef/Diaz-GalianoMZA17', 'http://ceur-ws.org/Vol-1866/paper_75.pdf');
INSERT INTO Write (AuthorID, PaperID) VALUES (4, 2445);
INSERT INTO Paper (PaperID, Title, Year, MDate, Key, DOI) VALUES (2507, 'SINAI at ImageCLEF 2006.', 2006, '2018-08-09', 'conf/clef/Diaz-GalianoCMRL06a', 'http://ceur-ws.org/Vol-1172/CLEF2006wn-ImageCLEF-DiazGalianoEt2006.pdf');
INSERT INTO Write (AuthorID, PaperID) VALUES (4, 2507);
INSERT INTO Paper (PaperID, Title, Year, MDate, Key, DOI) VALUES (2577, 'SINAI at CLEF 2004: Using Machine Translation Resources with a Mixed 2-Step RSV Merging Algorithm.', 2004, '2017-05-24', 'conf/clef/SantiagoCDU05', 'https://doi.org/10.1007/11519645_16');
INSERT INTO Write (AuthorID, PaperID) VALUES (4, 2577);
INSERT INTO Paper (PaperID, Title, Year, MDate, Key, DOI) VALUES (2757, 'SINAI on CLEF 2002: Experimenting with Merging Strategies.', 2002, '2015-09-03', 'conf/clef/SantiagoML02', 'http://ceur-ws.org/Vol-1168/CLEF2002wn-adhoc-MartinezSantiagoEt2002.pdf');
INSERT INTO Write (AuthorID, PaperID) VALUES (4, 2757);
INSERT INTO Write (AuthorID, PaperID) VALUES (4, 2792);
INSERT INTO Paper (PaperID, Title, Year, MDate, Key, DOI) VALUES (2799, 'SINAI at LogCLEF 2010.', 2010, '2018-05-18', 'conf/clef/Perea-OrtegaRCL10', 'http://www.clef-initiative.eu/documents/71612/86374/CLEF2010wn-LogCLEF-Perea-OrtegaEt2010.pdf');
INSERT INTO Write (AuthorID, PaperID) VALUES (4, 2799);
INSERT INTO Paper (PaperID, Title, Year, MDate, Key, DOI) VALUES (2818, 'SINAI at CLEF 2003: Decompounding and Merging.', 2003, '2018-05-18', 'conf/clef/SantiagoRLD03a', 'http://ceur-ws.org/Vol-1169/CLEF2003wn-adhoc-MartinezSantiagoEt2003.pdf');
INSERT INTO Write (AuthorID, PaperID) VALUES (4, 2818);
INSERT INTO Paper (PaperID, Title, Year, MDate, Key, DOI) VALUES (2857, 'SINAI at CLEF 2004: Using Machine Translation Resources with Mixed 2-Step RSV Merging Algorithm.', 2004, '2014-08-15', 'conf/clef/SantiagoCDL04', 'http://ceur-ws.org/Vol-1170/CLEF2004wn-adhoc-MartinezSantiagoEt2004.pdf');
INSERT INTO Write (AuthorID, PaperID) VALUES (4, 2857);
INSERT INTO Paper (PaperID, Title, Year, MDate, Key, DOI) VALUES (2888, 'SINAI at ImageCLEF 2005.', 2005, '2018-08-09', 'conf/clef/Martin-ValdiviaCDLR05', 'http://ceur-ws.org/Vol-1171/CLEF2005wn-ImageCLEF-MartiinValdiviaEt2005.pdf');
INSERT INTO Write (AuthorID, PaperID) VALUES (4, 2888);
INSERT INTO Paper (PaperID, Title, Year, MDate, Key, DOI) VALUES (2956, 'University of Ja800Aeacute;n at ImagePhoto 2008: Filtering the Results with the Cluster Term.', 2008, '2018-08-09', 'conf/clef/CumbrerasDML08', 'https://doi.org/10.1007/978-3-642-04447-2_73');
INSERT INTO Write (AuthorID, PaperID) VALUES (4, 2956);
INSERT INTO Write (AuthorID, PaperID) VALUES (4, 2974);
INSERT INTO Paper (PaperID, Title, Year, MDate, Key, DOI) VALUES (3075, 'SINAI at ImageCLEFmed 2008.', 2008, '2018-08-09', 'conf/clef/Diaz-GalianoGMUM08', 'http://ceur-ws.org/Vol-1174/CLEF2008wn-ImageCLEF-DiazGalianoEt2008.pdf');
INSERT INTO Write (AuthorID, PaperID) VALUES (4, 3075);
INSERT INTO Paper (PaperID, Title, Year, MDate, Key, DOI) VALUES (3206, 'Intelligent Information Access Systems (SINAI) at CLEF 2001: Calculating Translation Probabilities with SemCor.', 2001, '2017-05-24', 'conf/clef/Martinez-SantiagoUDMV01', 'https://doi.org/10.1007/3-540-45691-0_16');
INSERT INTO Write (AuthorID, PaperID) VALUES (4, 3206);
INSERT INTO Paper (PaperID, Title, Year, MDate, Key, DOI) VALUES (3228, 'SINAI at INFILE 2009: Experiments with Google News.', 2009, '2015-05-22', 'conf/clef/Montejo-RaezPDU09', 'http://ceur-ws.org/Vol-1175/CLEF2009wn-INFILE-MontejoRaezEt2009.pdf');
INSERT INTO Write (AuthorID, PaperID) VALUES (4, 3228);
INSERT INTO Paper (PaperID, Title, Year, MDate, Key, DOI) VALUES (3273, 'The University of Ja800Aeacute;n at ImageCLEF 2005: Adhoc and Medical Tasks.', 2005, '2018-08-09', 'conf/clef/Martin-ValdiviaGDLR05', 'https://doi.org/10.1007/11878773_68');
INSERT INTO Write (AuthorID, PaperID) VALUES (4, 3273);
INSERT INTO Author (AuthorID, Name) VALUES (5, 'Thomas Mandl 0001');
INSERT INTO Paper (PaperID, Title, Year, MDate, Key, DOI) VALUES (85, 'Multilingual Web Retrieval Experiments with Field Specific Indexing Strategies for CLEF 2006 at the University of Hildesheim.', 2006, '2017-11-16', 'conf/clef/HeuwingMS06a', 'http://ceur-ws.org/Vol-1172/CLEF2006wn-WebCLEF-HeuwingEt2006.pdf');
INSERT INTO Write (AuthorID, PaperID) VALUES (5, 85);
INSERT INTO Paper (PaperID, Title, Year, MDate, Key, DOI) VALUES (96, 'Domain Specific Retrieval Experiments with MIMOR at the University of Hildesheim.', 2002, '2017-11-15', 'conf/clef/HacklKMW02a', 'http://ceur-ws.org/Vol-1168/CLEF2002wn-DomainSpecific-HacklEt2002.pdf');
INSERT INTO Write (AuthorID, PaperID) VALUES (5, 96);
INSERT INTO Paper (PaperID, Title, Year, MDate, Key, DOI) VALUES (152, 'Patent Terminlogy Analysis: Passage Retrieval Experiments for the Intellecutal Property Track at CLEF.', 2012, '2017-11-15', 'conf/clef/JurgensKWM12', 'http://www.clef-initiative.eu/documents/71612/81d6ce39-54f2-4ab4-b1a1-c6621d15ec93');
INSERT INTO Write (AuthorID, PaperID) VALUES (5, 152);
INSERT INTO Paper (PaperID, Title, Year, MDate, Key, DOI) VALUES (199, 'CLEF 2007: Ad Hoc Track Overview.', 2007, '2017-11-16', 'conf/clef/NunzioFMP07', 'https://doi.org/10.1007/978-3-540-85760-0_2');
INSERT INTO Write (AuthorID, PaperID) VALUES (5, 199);
INSERT INTO Paper (PaperID, Title, Year, MDate, Key, DOI) VALUES (227, 'Search Path Visualization and Session Performance Evaluation with Log Files from The European Library (TEL).', 2009, '2017-11-16', 'conf/clef/LammMK09a', 'http://ceur-ws.org/Vol-1175/CLEF2009wn-LogCLEF-LammEt2009.pdf');
INSERT INTO Write (AuthorID, PaperID) VALUES (5, 227);
INSERT INTO Paper (PaperID, Title, Year, MDate, Key, DOI) VALUES (300, 'GeoCLEF 2006: the CLEF 2006 Cross-Language Geographic Information Retrieval Track Overview.', 2006, '2017-11-15', 'conf/clef/GeyLSBMWSRNF06a', 'http://ceur-ws.org/Vol-1172/CLEF2006wn-GeoCLEF-GeyEt2006.pdf');
INSERT INTO Write (AuthorID, PaperID) VALUES (5, 300);
INSERT INTO Paper (PaperID, Title, Year, MDate, Key, DOI) VALUES (301, 'Robust Retrieval Experiments at the University of Hildesheim.', 2007, '2017-11-16', 'conf/clef/HeuwingM07', 'https://doi.org/10.1007/978-3-540-85760-0_17');
INSERT INTO Write (AuthorID, PaperID) VALUES (5, 301);
INSERT INTO Paper (PaperID, Title, Year, MDate, Key, DOI) VALUES (309, 'Mono- and Crosslingual Retrieval Experiments at the University of Hildesheim.', 2004, '2017-11-15', 'conf/clef/HacklMW04', 'http://ceur-ws.org/Vol-1170/CLEF2004wn-adhoc-HacklEt2004.pdf');
INSERT INTO Write (AuthorID, PaperID) VALUES (5, 309);
INSERT INTO Paper (PaperID, Title, Year, MDate, Key, DOI) VALUES (446, 'Blind Relevance Feedback and Named Entity based Query Expansion for Geographic Retrieval at GeoCLEF 2006.', 2006, '2017-11-15', 'conf/clef/BischoffMW06a', 'http://ceur-ws.org/Vol-1172/CLEF2006wn-GeoCLEF-BischoffEt2006.pdf');
INSERT INTO Write (AuthorID, PaperID) VALUES (5, 446);
INSERT INTO Paper (PaperID, Title, Year, MDate, Key, DOI) VALUES (496, 'Robust Ad-Hoc Retrieval Experiments with French and English at the University of Hildesheim.', 2006, '2017-11-15', 'conf/clef/MandlHW06', 'https://doi.org/10.1007/978-3-540-74999-8_17');
INSERT INTO Write (AuthorID, PaperID) VALUES (5, 496);
INSERT INTO Paper (PaperID, Title, Year, MDate, Key, DOI) VALUES (590, 'Robust Retrieval Experiments at the University of Hildesheim.', 2007, '2017-11-16', 'conf/clef/HeuwingM07a', 'http://ceur-ws.org/Vol-1173/CLEF2007wn-adhoc-HeuwingEt2007.pdf');
INSERT INTO Write (AuthorID, PaperID) VALUES (5, 590);
INSERT INTO Paper (PaperID, Title, Year, MDate, Key, DOI) VALUES (597, 'Monolingual Retrieval Experiments with Spatial Restrictions at GeoCLEF 2007.', 2007, '2017-11-15', 'conf/clef/KolleHMW07a', 'http://ceur-ws.org/Vol-1173/CLEF2007wn-GeoCLEF-KolleEt2007.pdf');
INSERT INTO Write (AuthorID, PaperID) VALUES (5, 597);
INSERT INTO Paper (PaperID, Title, Year, MDate, Key, DOI) VALUES (690, 'Proper Names in the Multilingual CLEF Topic Set.', 2003, '2017-11-15', 'conf/clef/MandlW03a', 'http://ceur-ws.org/Vol-1169/CLEF2003wn-other-MandlEt2003.pdf');
INSERT INTO Write (AuthorID, PaperID) VALUES (5, 690);
INSERT INTO Paper (PaperID, Title, Year, MDate, Key, DOI) VALUES (845, 'Web Retrieval Experiments with the EuroGOV Corpus at the University of Hildesheim.', 2005, '2017-11-16', 'conf/clef/JensenHMS05a', 'http://ceur-ws.org/Vol-1171/CLEF2005wn-WebCLEF-JensenEt2005.pdf');
INSERT INTO Write (AuthorID, PaperID) VALUES (5, 845);
INSERT INTO Paper (PaperID, Title, Year, MDate, Key, DOI) VALUES (848, 'Blind Relevance Feedback and Named Entity Based Query Expansion for Geographic Retrieval at GeoCLEF 2006.', 2006, '2017-11-15', 'conf/clef/BischoffMW06', 'https://doi.org/10.1007/978-3-540-74999-8_121');
INSERT INTO Write (AuthorID, PaperID) VALUES (5, 848);
INSERT INTO Paper (PaperID, Title, Year, MDate, Key, DOI) VALUES (912, 'CLEF 2006: Ad Hoc Track Overview.', 2006, '2017-11-16', 'conf/clef/NunzioFMP06a', 'http://ceur-ws.org/Vol-1172/CLEF2006wn-adhoc-DiNunzioEt2006.pdf');
INSERT INTO Write (AuthorID, PaperID) VALUES (5, 912);
INSERT INTO Paper (PaperID, Title, Year, MDate, Key, DOI) VALUES (1099, 'Mono-and Crosslingual Retrieval Experiments with Spatial Restrictions at GeoCLEF 2007.', 2007, '2017-11-15', 'conf/clef/KolleHMW07', 'https://doi.org/10.1007/978-3-540-85760-0_109');
INSERT INTO Write (AuthorID, PaperID) VALUES (5, 1099);
INSERT INTO Paper (PaperID, Title, Year, MDate, Key, DOI) VALUES (1281, 'Ad-hoc Mono- and Bilingual Retrieval Experiments at the University of Hildesheim.', 2005, '2017-11-15', 'conf/clef/HacklMW05b', 'http://ceur-ws.org/Vol-1171/CLEF2005wn-adhoc-HacklEt2005.pdf');
INSERT INTO Write (AuthorID, PaperID) VALUES (5, 1281);
INSERT INTO Paper (PaperID, Title, Year, MDate, Key, DOI) VALUES (1396, 'Ad-Hoc Mono- and Bilingual Retrieval Experiments at the University of Hildesheim.', 2005, '2017-11-15', 'conf/clef/HacklMW05a', 'https://doi.org/10.1007/11878773_3');
INSERT INTO Write (AuthorID, PaperID) VALUES (5, 1396);
INSERT INTO Paper (PaperID, Title, Year, MDate, Key, DOI) VALUES (1431, 'Analysis of the Reliability of the Multilingual Topic Set for the Cross Language Evaluation Forum.', 2003, '2017-11-15', 'conf/clef/MandlW03', 'https://doi.org/10.1007/978-3-540-30222-3_3');
INSERT INTO Write (AuthorID, PaperID) VALUES (5, 1431);
INSERT INTO Paper (PaperID, Title, Year, MDate, Key, DOI) VALUES (1434, 'Robust Ad-hoc Retrieval Experiments with French and English at the University of Hildesheim.', 2006, '2017-11-15', 'conf/clef/MandlHW06a', 'http://ceur-ws.org/Vol-1172/CLEF2006wn-adhoc-MandlEt2006.pdf');
INSERT INTO Write (AuthorID, PaperID) VALUES (5, 1434);
INSERT INTO Paper (PaperID, Title, Year, MDate, Key, DOI) VALUES (1543, 'GeoCLEF 2006: The CLEF 2006 Cross-Language Geographic Information Retrieval Track Overview.', 2006, '2017-11-15', 'conf/clef/GeyLSBMWSRNF06', 'https://doi.org/10.1007/978-3-540-74999-8_109');
INSERT INTO Write (AuthorID, PaperID) VALUES (5, 1543);
INSERT INTO Paper (PaperID, Title, Year, MDate, Key, DOI) VALUES (1624, 'Mono- and Bilingual Retrieval Experiments with a Social Science Document Corpus.', 2005, '2017-11-16', 'conf/clef/HacklM05a', 'http://ceur-ws.org/Vol-1171/CLEF2005wn-DomainSpecific-HacklEt2005.pdf');
INSERT INTO Write (AuthorID, PaperID) VALUES (5, 1624);
INSERT INTO Paper (PaperID, Title, Year, MDate, Key, DOI) VALUES (1650, 'GeoCLEF 2008: The CLEF 2008 Cross-Language Geographic Information Retrieval Track Overview.', 2008, '2017-11-15', 'conf/clef/MandlCNGLSW08', 'https://doi.org/10.1007/978-3-642-04447-2_106');
INSERT INTO Write (AuthorID, PaperID) VALUES (5, 1650);
INSERT INTO Paper (PaperID, Title, Year, MDate, Key, DOI) VALUES (1676, 'LogCLEF 2011 Multilingual Log File Analysis: Language Identification, Query Classification, and Success of a Query.', 2011, '2017-11-16', 'conf/clef/NunzioLM11', 'http://www.clef-initiative.eu/documents/71612/86377/CLEF2011wn-LogCLEF-DiNunzioEt2011.pdf');
INSERT INTO Write (AuthorID, PaperID) VALUES (5, 1676);
INSERT INTO Paper (PaperID, Title, Year, MDate, Key, DOI) VALUES (1772, 'Domain Specific Mono- and Bilingual English to German Retrieval Experiments with a Social Science Document Corpus.', 2005, '2017-11-16', 'conf/clef/HacklM05', 'https://doi.org/10.1007/11878773_29');
INSERT INTO Write (AuthorID, PaperID) VALUES (5, 1772);
INSERT INTO Paper (PaperID, Title, Year, MDate, Key, DOI) VALUES (1807, 'A Fast Forward Approach to Cross-lingual Question Answering for English and German.', 2005, '2017-11-16', 'conf/clef/StrotgenMS05a', 'http://ceur-ws.org/Vol-1171/CLEF2005wn-QACLEF-StrotgenEt2005.pdf');
INSERT INTO Write (AuthorID, PaperID) VALUES (5, 1807);
INSERT INTO Paper (PaperID, Title, Year, MDate, Key, DOI) VALUES (1864, 'Multilingual Web Retrieval Experiments with Field Specific Indexing Strategies for WebCLEF 2006 at the University of Hildesheim.', 2006, '2017-11-16', 'conf/clef/HeuwingMS06', 'https://doi.org/10.1007/978-3-540-74999-8_105');
INSERT INTO Write (AuthorID, PaperID) VALUES (5, 1864);
INSERT INTO Paper (PaperID, Title, Year, MDate, Key, DOI) VALUES (1886, 'CLEF 2009 Ad Hoc Track Overview: Robust-WSD Task.', 2009, '2018-11-14', 'conf/clef/AgirreNMO09', 'https://www.wikidata.org/entity/Q57400828');
INSERT INTO Write (AuthorID, PaperID) VALUES (5, 1886);
INSERT INTO Paper (PaperID, Title, Year, MDate, Key, DOI) VALUES (1934, 'GeoCLEF 2008: the CLEF 2008 Cross-Language Geographic Information Retrieval Track Overview.', 2008, '2017-11-15', 'conf/clef/MandlCGLSW08', 'http://ceur-ws.org/Vol-1174/CLEF2008wn-GeoCLEF-MandlEt2008.pdf');
INSERT INTO Write (AuthorID, PaperID) VALUES (5, 1934);
INSERT INTO Paper (PaperID, Title, Year, MDate, Key, DOI) VALUES (1984, 'LogCLEF 2009: the CLEF 2009 Multilingual Logfile Analysis Track Overview.', 2009, '2017-11-16', 'conf/clef/MandlANYMDS09a', 'http://ceur-ws.org/Vol-1175/CLEF2009wn-LogCLEF-MandlEt2009.pdf');
INSERT INTO Write (AuthorID, PaperID) VALUES (5, 1984);
INSERT INTO Paper (PaperID, Title, Year, MDate, Key, DOI) VALUES (2052, 'CLEF 2009 Ad Hoc Track Overview: Robust - WSD Task.', 2009, '2017-11-16', 'conf/clef/AgirreNMO09a', 'http://ceur-ws.org/Vol-1175/CLEF2009wn-adhoc-AgirreEt2009a.pdf');
INSERT INTO Write (AuthorID, PaperID) VALUES (5, 2052);
INSERT INTO Paper (PaperID, Title, Year, MDate, Key, DOI) VALUES (2062, 'A Fast Forward Approach to Cross-Lingual Question Answering for English and German.', 2005, '2017-11-15', 'conf/clef/StrotgenMS05', 'https://doi.org/10.1007/11878773_37');
INSERT INTO Write (AuthorID, PaperID) VALUES (5, 2062);
INSERT INTO Paper (PaperID, Title, Year, MDate, Key, DOI) VALUES (2073, 'Linguistic and Statistical Analysis of the CLEF Topics.', 2002, '2017-11-15', 'conf/clef/MandlW02', 'https://doi.org/10.1007/978-3-540-45237-9_43');
INSERT INTO Write (AuthorID, PaperID) VALUES (5, 2073);
INSERT INTO Paper (PaperID, Title, Year, MDate, Key, DOI) VALUES (2092, 'Multilingual Retrieval Experiments with MIMOR at the University of Hildesheim.', 2003, '2017-11-15', 'conf/clef/HacklKMPSW03', 'https://doi.org/10.1007/978-3-540-30222-3_15');
INSERT INTO Write (AuthorID, PaperID) VALUES (5, 2092);
INSERT INTO Paper (PaperID, Title, Year, MDate, Key, DOI) VALUES (2122, 'How Do Named Entities Contribute to Retrieval Effectiveness?', 2004, '2017-11-15', 'conf/clef/MandlW05', 'https://doi.org/10.1007/11519645_81');
INSERT INTO Write (AuthorID, PaperID) VALUES (5, 2122);
INSERT INTO Paper (PaperID, Title, Year, MDate, Key, DOI) VALUES (2139, 'Web Retrieval Experiments with the EuroGOV Corpus at the University of Hildesheim.', 2005, '2017-11-16', 'conf/clef/JensenHMS05', 'https://doi.org/10.1007/11878773_91');
INSERT INTO Write (AuthorID, PaperID) VALUES (5, 2139);
INSERT INTO Paper (PaperID, Title, Year, MDate, Key, DOI) VALUES (2146, 'Search Path Visualization and Session Performance Evaluation with Log Files.', 2009, '2017-11-15', 'conf/clef/LammMK09', 'https://doi.org/10.1007/978-3-642-15754-7_66');
INSERT INTO Write (AuthorID, PaperID) VALUES (5, 2146);
INSERT INTO Paper (PaperID, Title, Year, MDate, Key, DOI) VALUES (2182, 'CLEF 2006: Ad Hoc Track Overview.', 2006, '2017-11-16', 'conf/clef/NunzioFMP06', 'https://doi.org/10.1007/978-3-540-74999-8_3');
INSERT INTO Write (AuthorID, PaperID) VALUES (5, 2182);
INSERT INTO Paper (PaperID, Title, Year, MDate, Key, DOI) VALUES (2247, 'Linguistic and Statistical Analysis of the CLEF Topics.', 2002, '2017-11-15', 'conf/clef/MandlW02a', 'http://ceur-ws.org/Vol-1168/CLEF2002wn-other-MandlEt2002.pdf');
INSERT INTO Write (AuthorID, PaperID) VALUES (5, 2247);
INSERT INTO Paper (PaperID, Title, Year, MDate, Key, DOI) VALUES (2396, 'CLEF 2008: Ad Hoc Track Overview.', 2008, '2017-11-16', 'conf/clef/AgirreNFMP08a', 'http://ceur-ws.org/Vol-1174/CLEF2008wn-adhoc-AgirreEt2008.pdf');
INSERT INTO Write (AuthorID, PaperID) VALUES (5, 2396);
INSERT INTO Paper (PaperID, Title, Year, MDate, Key, DOI) VALUES (2431, 'Mono- and Crosslingual Retrieval Experiments at the University of Hildesheim.', 2004, '2017-11-15', 'conf/clef/HacklMW05', 'https://doi.org/10.1007/11519645_17');
INSERT INTO Write (AuthorID, PaperID) VALUES (5, 2431);
INSERT INTO Paper (PaperID, Title, Year, MDate, Key, DOI) VALUES (2741, 'How do Named Entities Contribute to Retrieval Effectiveness?', 2004, '2017-11-15', 'conf/clef/MandlW04', 'http://ceur-ws.org/Vol-1170/CLEF2004wn-other-Mandl2004.pdf');
INSERT INTO Write (AuthorID, PaperID) VALUES (5, 2741);
INSERT INTO Paper (PaperID, Title, Year, MDate, Key, DOI) VALUES (2793, 'Patent Retrieval Experiments in the Context of the CLEF IP Track 2009.', 2009, '2017-11-15', 'conf/clef/BecksWMK09a', 'http://ceur-ws.org/Vol-1175/CLEF2009wn-CLEFIP-BecksEt2009.pdf');
INSERT INTO Write (AuthorID, PaperID) VALUES (5, 2793);
INSERT INTO Paper (PaperID, Title, Year, MDate, Key, DOI) VALUES (2801, 'Multilingual Retrieval Experiments with MIMOR at the University of Hildesheim.', 2003, '2017-11-15', 'conf/clef/HacklKMPSW03a', 'http://ceur-ws.org/Vol-1169/CLEF2003wn-adhoc-HacklEt2003.pdf');
INSERT INTO Write (AuthorID, PaperID) VALUES (5, 2801);
INSERT INTO Paper (PaperID, Title, Year, MDate, Key, DOI) VALUES (2808, 'Phrases or Terms? The Impact of Different Query Types.', 2010, '2017-11-15', 'conf/clef/BecksMW10', 'http://www.clef-initiative.eu/documents/71612/86374/CLEF2010wn-CLEF-IP-BecksEt2010.pdf');
INSERT INTO Write (AuthorID, PaperID) VALUES (5, 2808);
INSERT INTO Paper (PaperID, Title, Year, MDate, Key, DOI) VALUES (2820, 'GeoCLEF 2007: The CLEF 2007 Cross-Language Geographic Information Retrieval Track Overview.', 2007, '2017-11-15', 'conf/clef/MandlGNFLSSWX07', 'https://doi.org/10.1007/978-3-540-85760-0_96');
INSERT INTO Write (AuthorID, PaperID) VALUES (5, 2820);
INSERT INTO Paper (PaperID, Title, Year, MDate, Key, DOI) VALUES (2853, 'Domain Specific Retrieval Experiments with MIMOR at the University of Hildesheim.', 2002, '2017-11-15', 'conf/clef/HacklKMW02', 'https://doi.org/10.1007/978-3-540-45237-9_30');
INSERT INTO Write (AuthorID, PaperID) VALUES (5, 2853);
INSERT INTO Paper (PaperID, Title, Year, MDate, Key, DOI) VALUES (3041, 'CLEF 2007: Ad Hoc Track Overview.', 2007, '2017-11-16', 'conf/clef/NunzioFMP07a', 'http://ceur-ws.org/Vol-1173/CLEF2007wn-adhoc-DiNunzioEt2007.pdf');
INSERT INTO Write (AuthorID, PaperID) VALUES (5, 3041);
INSERT INTO Paper (PaperID, Title, Year, MDate, Key, DOI) VALUES (3179, 'LogCLEF 2009: The CLEF 2009 Multilingual Logfile Analysis Track Overview.', 2009, '2017-11-15', 'conf/clef/MandlANYMDS09', 'https://doi.org/10.1007/978-3-642-15754-7_62');
INSERT INTO Write (AuthorID, PaperID) VALUES (5, 3179);
INSERT INTO Paper (PaperID, Title, Year, MDate, Key, DOI) VALUES (3245, 'LogCLEF 2010: the CLEF 2010 Multilingual Logfile Analysis Track Overview.', 2010, '2017-11-16', 'conf/clef/MandlNS10', 'http://www.clef-initiative.eu/documents/71612/86374/CLEF2010wn-LogCLEF-MandlEt2010.pdf');
INSERT INTO Write (AuthorID, PaperID) VALUES (5, 3245);
INSERT INTO Paper (PaperID, Title, Year, MDate, Key, DOI) VALUES (3355, 'Patent Retrieval Experiments in the Context of the CLEF IP Track 2009.', 2009, '2017-11-15', 'conf/clef/BecksWMK09', 'https://doi.org/10.1007/978-3-642-15754-7_59');
INSERT INTO Write (AuthorID, PaperID) VALUES (5, 3355);
INSERT INTO Paper (PaperID, Title, Year, MDate, Key, DOI) VALUES (3490, 'CLEF 2008: Ad Hoc Track Overview.', 2008, '2018-11-14', 'conf/clef/AgirreNFMP08', 'https://www.wikidata.org/entity/Q57400833');
INSERT INTO Write (AuthorID, PaperID) VALUES (5, 3490);
INSERT INTO Paper (PaperID, Title, Year, MDate, Key, DOI) VALUES (3521, 'GeoCLEF 2007: the CLEF 2007 Cross-Language Geographic Information Retrieval Track Overview.', 2007, '2017-11-15', 'conf/clef/MandlGNFLSSWX07a', 'http://ceur-ws.org/Vol-1173/CLEF2007wn-GeoCLEF-MandlEt2007.pdf');
INSERT INTO Write (AuthorID, PaperID) VALUES (5, 3521);
INSERT INTO Author (AuthorID, Name) VALUES (6, 'Fernando Llopis');
INSERT INTO Paper (PaperID, Title, Year, MDate, Key, DOI) VALUES (13, 'University of Alicante at the CLEF 2005 WebCLEF Track.', 2005, '2018-08-09', 'conf/clef/MartinezNML05', 'https://doi.org/10.1007/11878773_94');
INSERT INTO Write (AuthorID, PaperID) VALUES (6, 13);
INSERT INTO Paper (PaperID, Title, Year, MDate, Key, DOI) VALUES (47, 'Bilingual and Multilingual Experiments with the IR-n System.', 2005, '2018-08-09', 'conf/clef/NogueraLMTCSR05a', 'http://ceur-ws.org/Vol-1171/CLEF2005wn-adhoc-NogueraEt2005.pdf');
INSERT INTO Write (AuthorID, PaperID) VALUES (6, 47);
INSERT INTO Paper (PaperID, Title, Year, MDate, Key, DOI) VALUES (49, 'IR-n in the CLEF Robust WSD Task 2008.', 2008, '2018-11-14', 'conf/clef/NavarroLM08', 'https://www.wikidata.org/entity/Q57712973');
INSERT INTO Write (AuthorID, PaperID) VALUES (6, 49);
INSERT INTO Paper (PaperID, Title, Year, MDate, Key, DOI) VALUES (95, 'Evaluation of Complex Temporal Questions in CLEF-QA.', 2004, '2018-08-09', 'conf/clef/SaqueteGMML05', 'https://doi.org/10.1007/11519645_58');
INSERT INTO Write (AuthorID, PaperID) VALUES (6, 95);
INSERT INTO Paper (PaperID, Title, Year, MDate, Key, DOI) VALUES (151, 'AliQAn, Spanish QA System at CLEF-2005.', 2005, '2017-05-24', 'conf/clef/RogerFFPLAT05', 'https://doi.org/10.1007/11878773_51');
INSERT INTO Write (AuthorID, PaperID) VALUES (6, 151);
INSERT INTO Paper (PaperID, Title, Year, MDate, Key, DOI) VALUES (159, 'Question Answering in Spanish.', 2003, '2018-08-09', 'conf/clef/GonzalezILM03a', 'http://ceur-ws.org/Vol-1169/CLEF2003wn-QACLEF-VicedoEt2003.pdf');
INSERT INTO Write (AuthorID, PaperID) VALUES (6, 159);
INSERT INTO Paper (PaperID, Title, Year, MDate, Key, DOI) VALUES (171, 'IR-n System at CLEF-2002.', 2002, '2017-06-02', 'conf/clef/LlopisGF02', 'https://doi.org/10.1007/978-3-540-45237-9_24');
INSERT INTO Write (AuthorID, PaperID) VALUES (6, 171);
INSERT INTO Paper (PaperID, Title, Year, MDate, Key, DOI) VALUES (174, 'Spoken Document Retrieval Experiments with IR-n System.', 2003, '2014-08-15', 'conf/clef/LlopisM03b', 'http://ceur-ws.org/Vol-1169/CLEF2003wn-CLSR-LlopisEt2003.pdf');
INSERT INTO Write (AuthorID, PaperID) VALUES (6, 174);
INSERT INTO Paper (PaperID, Title, Year, MDate, Key, DOI) VALUES (176, 'Applying Query Expansion Techniques to Ad Hoc Monolingual tasks with the IR-n system.', 2007, '2014-09-23', 'conf/clef/NogueraL07a', 'http://ceur-ws.org/Vol-1173/CLEF2007wn-adhoc-NogueraEt2007.pdf');
INSERT INTO Write (AuthorID, PaperID) VALUES (6, 176);
INSERT INTO Paper (PaperID, Title, Year, MDate, Key, DOI) VALUES (207, 'Web Track for CLEF2005 at Alicante University.', 2005, '2018-08-09', 'conf/clef/MartinezNML05a', 'http://ceur-ws.org/Vol-1171/CLEF2005wn-WebCLEF-MartinezEt2005.pdf');
INSERT INTO Write (AuthorID, PaperID) VALUES (6, 207);
INSERT INTO Paper (PaperID, Title, Year, MDate, Key, DOI) VALUES (389, 'Evaluating Fusion Techniques at Different Domains in ImageCLEF Subtasks.', 2009, '2018-08-09', 'conf/clef/NavarroML09a', 'http://ceur-ws.org/Vol-1175/CLEF2009wn-ImageCLEF-NavarroEt2009.pdf');
INSERT INTO Write (AuthorID, PaperID) VALUES (6, 389);
INSERT INTO Paper (PaperID, Title, Year, MDate, Key, DOI) VALUES (391, 'iCLEF at Universities of Alicante and Jaen.', 2002, '2016-10-07', 'conf/clef/LlopisFGDS02', 'http://ceur-ws.org/Vol-1168/CLEF2002wn-iCLEF-LlopisEt2002.pdf');
INSERT INTO Write (AuthorID, PaperID) VALUES (6, 391);
INSERT INTO Paper (PaperID, Title, Year, MDate, Key, DOI) VALUES (471, 'Applying Query Expansion Techniques to Ad Hoc Monolingual Tasks with the IR-n System.', 2007, '2017-05-24', 'conf/clef/NogueraL07', 'https://doi.org/10.1007/978-3-540-85760-0_5');
INSERT INTO Write (AuthorID, PaperID) VALUES (6, 471);
INSERT INTO Paper (PaperID, Title, Year, MDate, Key, DOI) VALUES (548, 'The University of Alicante at GeoCLEF 2005.', 2005, '2018-08-09', 'conf/clef/FerrandezKTNMML05a', 'http://ceur-ws.org/Vol-1171/CLEF2005wn-GeoCLEF-FerrandezEt2005.pdf');
INSERT INTO Write (AuthorID, PaperID) VALUES (6, 548);
INSERT INTO Paper (PaperID, Title, Year, MDate, Key, DOI) VALUES (653, 'Does English Help Question Answering in Spanish?.', 2004, '2017-06-02', 'conf/clef/GonzalezSIL05', 'https://doi.org/10.1007/11519645_54');
INSERT INTO Write (AuthorID, PaperID) VALUES (6, 653);
INSERT INTO Paper (PaperID, Title, Year, MDate, Key, DOI) VALUES (705, 'Information Retrieval of Visual Descriptions with IR-n System based on Passages.', 2007, '2014-09-23', 'conf/clef/NavarroLGN07a', 'http://ceur-ws.org/Vol-1173/CLEF2007wn-ImageCLEF-NavarroEt2007.pdf');
INSERT INTO Write (AuthorID, PaperID) VALUES (6, 705);
INSERT INTO Paper (PaperID, Title, Year, MDate, Key, DOI) VALUES (751, 'IR-n r2: Using Normalized Passages.', 2004, '2018-08-09', 'conf/clef/LlopisMTN04', 'http://ceur-ws.org/Vol-1170/CLEF2004wn-adhoc-LlopisEt2004.pdf');
INSERT INTO Write (AuthorID, PaperID) VALUES (6, 751);
INSERT INTO Paper (PaperID, Title, Year, MDate, Key, DOI) VALUES (755, 'Monolingual and Cross-Lingual QA Using AliQAn and BRILI Systems for CLEF 2006.', 2006, '2017-05-24', 'conf/clef/FerrandezLRFPANL06', 'https://doi.org/10.1007/978-3-540-74999-8_53');
INSERT INTO Write (AuthorID, PaperID) VALUES (6, 755);
INSERT INTO Paper (PaperID, Title, Year, MDate, Key, DOI) VALUES (788, 'How much Context do you need? An Experiment about Context Size in Interactive Cross-language Question Answering.', 2005, '2014-08-15', 'conf/clef/NavarroMNVLM05a', 'http://ceur-ws.org/Vol-1171/CLEF2005wn-iCLEF-NavarroEt2005.pdf');
INSERT INTO Write (AuthorID, PaperID) VALUES (6, 788);
INSERT INTO Paper (PaperID, Title, Year, MDate, Key, DOI) VALUES (810, 'Passage Retrieval vs. Document Retrieval in the Monolingual Task with the IR-n System.', 2006, '2014-08-15', 'conf/clef/NogueraL06a', 'http://ceur-ws.org/Vol-1172/CLEF2006wn-adhoc-NogueraEt2006.pdf');
INSERT INTO Write (AuthorID, PaperID) VALUES (6, 810);
INSERT INTO Paper (PaperID, Title, Year, MDate, Key, DOI) VALUES (873, 'Improving Interaction with the User in Cross-Language Question Answering through Relevant Domains and Syntactic Semantic Patterns.', 2004, '2014-08-15', 'conf/clef/NavarroMVLMV04', 'http://ceur-ws.org/Vol-1170/CLEF2004wn-iCLEF-NavarroEt2004.pdf');
INSERT INTO Write (AuthorID, PaperID) VALUES (6, 873);
INSERT INTO Paper (PaperID, Title, Year, MDate, Key, DOI) VALUES (997, 'Comparing Syntactic-Semantic Patterns and Passages in Interactive Cross Language Information Access (iCLEF at University of Alicante).', 2003, '2017-06-02', 'conf/clef/NavarroLV03', 'https://doi.org/10.1007/978-3-540-30222-3_44');
INSERT INTO Write (AuthorID, PaperID) VALUES (6, 997);
INSERT INTO Paper (PaperID, Title, Year, MDate, Key, DOI) VALUES (1154, '"How Much Context Do You Need?": An Experiment About the Context Size in Interactive Cross-Language Question Answering.', 2005, '2017-06-02', 'conf/clef/NavarroMNVLM05', 'https://doi.org/10.1007/11878773_32');
INSERT INTO Write (AuthorID, PaperID) VALUES (6, 1154);
INSERT INTO Paper (PaperID, Title, Year, MDate, Key, DOI) VALUES (1291, 'AliQAn, Spanish QA System at CLEF-2005.', 2005, '2014-08-15', 'conf/clef/0001FFPLAT05', 'http://ceur-ws.org/Vol-1171/CLEF2005wn-QACLEF-RogerEt2005.pdf');
INSERT INTO Write (AuthorID, PaperID) VALUES (6, 1291);
INSERT INTO Paper (PaperID, Title, Year, MDate, Key, DOI) VALUES (1314, 'Comparing Syntactic Semantic Patterns and Passages in Interactive Cross Language Information Access (iCLEF at University of Alicante).', 2003, '2014-08-15', 'conf/clef/NavarroLV03a', 'http://ceur-ws.org/Vol-1169/CLEF2003wn-iCLEF-NavarroEt2003.pdf');
INSERT INTO Write (AuthorID, PaperID) VALUES (6, 1314);
INSERT INTO Paper (PaperID, Title, Year, MDate, Key, DOI) VALUES (1345, 'Spoken Document Retrieval Experiments with IR-n System.', 2003, '2017-06-02', 'conf/clef/LlopisM03a', 'https://doi.org/10.1007/978-3-540-30222-3_64');
INSERT INTO Write (AuthorID, PaperID) VALUES (6, 1345);
INSERT INTO Write (AuthorID, PaperID) VALUES (6, 1368);
INSERT INTO Paper (PaperID, Title, Year, MDate, Key, DOI) VALUES (1420, 'Combining Passages in the Monolingual Task with the IR-n System.', 2005, '2017-06-02', 'conf/clef/LlopisN05', 'https://doi.org/10.1007/11878773_23');
INSERT INTO Write (AuthorID, PaperID) VALUES (6, 1420);
INSERT INTO Write (AuthorID, PaperID) VALUES (6, 1443);
INSERT INTO Paper (PaperID, Title, Year, MDate, Key, DOI) VALUES (1591, 'A Multimodal Approach to the Medical Retrieval Task using IR-n.', 2008, '2018-08-09', 'conf/clef/NavarroML08', 'http://ceur-ws.org/Vol-1174/CLEF2008wn-ImageCLEF-NavarroEt2008c.pdf');
INSERT INTO Write (AuthorID, PaperID) VALUES (6, 1591);
INSERT INTO Paper (PaperID, Title, Year, MDate, Key, DOI) VALUES (1695, 'IR-n: A Passage Retrieval System at CLEF-2001.', 2001, '2017-06-02', 'conf/clef/LlopisG01', 'https://doi.org/10.1007/3-540-45691-0_22');
INSERT INTO Write (AuthorID, PaperID) VALUES (6, 1695);
INSERT INTO Paper (PaperID, Title, Year, MDate, Key, DOI) VALUES (1809, 'Question Answering in Spanish.', 2003, '2018-08-09', 'conf/clef/GonzalezILM03', 'https://doi.org/10.1007/978-3-540-30222-3_52');
INSERT INTO Write (AuthorID, PaperID) VALUES (6, 1809);
INSERT INTO Paper (PaperID, Title, Year, MDate, Key, DOI) VALUES (2058, 'The University of Alicante at CL-SR Track.', 2005, '2018-08-09', 'conf/clef/TerolPMLMN05a', 'http://ceur-ws.org/Vol-1171/CLEF2005wn-CLSR-TerolEt2005.pdf');
INSERT INTO Write (AuthorID, PaperID) VALUES (6, 2058);
INSERT INTO Paper (PaperID, Title, Year, MDate, Key, DOI) VALUES (2192, 'AliQAn and BRILI QA Systems at CLEF 2006.', 2006, '2014-08-15', 'conf/clef/FerrandezL0FPANL06', 'http://ceur-ws.org/Vol-1172/CLEF2006wn-QACLEF-FerrandezEt2006.pdf');
INSERT INTO Write (AuthorID, PaperID) VALUES (6, 2192);
INSERT INTO Paper (PaperID, Title, Year, MDate, Key, DOI) VALUES (2302, 'University of Alicante at GeoCLEF 2005.', 2005, '2018-08-09', 'conf/clef/FerrandezKTNMML05', 'https://doi.org/10.1007/11878773_103');
INSERT INTO Write (AuthorID, PaperID) VALUES (6, 2302);
INSERT INTO Write (AuthorID, PaperID) VALUES (6, 2429);
INSERT INTO Paper (PaperID, Title, Year, MDate, Key, DOI) VALUES (2641, 'Improving Interaction with the User in Cross-Language Question Answering Through Relevant Domains and Syntactic Semantic Patterns.', 2004, '2017-06-02', 'conf/clef/NavarroMVLMV05', 'https://doi.org/10.1007/11519645_34');
INSERT INTO Write (AuthorID, PaperID) VALUES (6, 2641);
INSERT INTO Paper (PaperID, Title, Year, MDate, Key, DOI) VALUES (2794, 'Different Multimodal Approaches using IR-n in ImageCLEFphoto 2008.', 2008, '2018-08-09', 'conf/clef/NavarroLM08a', 'http://ceur-ws.org/Vol-1174/CLEF2008wn-ImageCLEF-NavarroEt2008a.pdf');
INSERT INTO Write (AuthorID, PaperID) VALUES (6, 2794);
INSERT INTO Paper (PaperID, Title, Year, MDate, Key, DOI) VALUES (2882, 'Universities of Alicante and Jaen at iCLEF.', 2002, '2017-06-02', 'conf/clef/LlopisGFDS02', 'https://doi.org/10.1007/978-3-540-45237-9_35');
INSERT INTO Write (AuthorID, PaperID) VALUES (6, 2882);
INSERT INTO Paper (PaperID, Title, Year, MDate, Key, DOI) VALUES (2917, 'Combining Passages in the Monolingual Task with the IR-n System.', 2005, '2014-08-15', 'conf/clef/LlopisN05a', 'http://ceur-ws.org/Vol-1171/CLEF2005wn-adhoc-LlopisEt2005.pdf');
INSERT INTO Write (AuthorID, PaperID) VALUES (6, 2917);
INSERT INTO Paper (PaperID, Title, Year, MDate, Key, DOI) VALUES (3040, 'IR-n r2: Using Normalized Passages.', 2004, '2018-08-09', 'conf/clef/LlopisMTN05', 'https://doi.org/10.1007/11519645_9');
INSERT INTO Write (AuthorID, PaperID) VALUES (6, 3040);
INSERT INTO Paper (PaperID, Title, Year, MDate, Key, DOI) VALUES (3099, 'IRn in the CLEF Robust WSD Task 2008.', 2008, '2018-08-09', 'conf/clef/NavarroLM08b', 'http://ceur-ws.org/Vol-1174/CLEF2008wn-adhoc-NavarroEt2008.pdf');
INSERT INTO Write (AuthorID, PaperID) VALUES (6, 3099);
INSERT INTO Paper (PaperID, Title, Year, MDate, Key, DOI) VALUES (3110, 'Diversity Promotion: Is Reordering Top-Ranked Documents Sufficient?', 2009, '2018-11-14', 'conf/clef/NavarroML09', 'https://www.wikidata.org/entity/Q57712963');
INSERT INTO Write (AuthorID, PaperID) VALUES (6, 3110);
INSERT INTO Paper (PaperID, Title, Year, MDate, Key, DOI) VALUES (3161, 'IR-n System at Clef 2002.', 2002, '2016-12-16', 'conf/clef/LlopisGF02a', 'http://ceur-ws.org/Vol-1168/CLEF2002wn-adhoc-LlopisEt2002.pdf');
INSERT INTO Write (AuthorID, PaperID) VALUES (6, 3161);
INSERT INTO Paper (PaperID, Title, Year, MDate, Key, DOI) VALUES (3192, 'Passage Retrieval vs. Document Retrieval in the CLEF 2006 Ad Hoc Monolingual Tasks with the IR-n System.', 2006, '2017-06-02', 'conf/clef/NogueraL06', 'https://doi.org/10.1007/978-3-540-74999-8_8');
INSERT INTO Write (AuthorID, PaperID) VALUES (6, 3192);
INSERT INTO Paper (PaperID, Title, Year, MDate, Key, DOI) VALUES (3212, 'Cross-Language Experiments with the IR-n System.', 2003, '2018-08-09', 'conf/clef/LlopisM03', 'https://doi.org/10.1007/978-3-540-30222-3_11');
INSERT INTO Write (AuthorID, PaperID) VALUES (6, 3212);
INSERT INTO Paper (PaperID, Title, Year, MDate, Key, DOI) VALUES (3309, 'A Textual Approach Based on Passages Using IR-n in WikipediaMM Task 2008.', 2008, '2018-08-09', 'conf/clef/NavarroML08a', 'http://ceur-ws.org/Vol-1174/CLEF2008wn-ImageCLEF-NavarroEt2008e.pdf');
INSERT INTO Write (AuthorID, PaperID) VALUES (6, 3309);
INSERT INTO Paper (PaperID, Title, Year, MDate, Key, DOI) VALUES (3328, 'The University of Alicante at CL-SR Track.', 2005, '2018-08-09', 'conf/clef/TerolPMLMN05', 'https://doi.org/10.1007/11878773_84');
INSERT INTO Write (AuthorID, PaperID) VALUES (6, 3328);
INSERT INTO Paper (PaperID, Title, Year, MDate, Key, DOI) VALUES (3387, 'IR-n, a Passage Retrieval System from University of Alicante, at Clef 2001.', 2001, '2014-08-15', 'conf/clef/LlopisG01a', 'http://ceur-ws.org/Vol-1167/CLEF2001wn-adhoc-LlopisEt2001.pdf');
INSERT INTO Write (AuthorID, PaperID) VALUES (6, 3387);
INSERT INTO Paper (PaperID, Title, Year, MDate, Key, DOI) VALUES (3454, 'Bilingual and Multilingual Experiments with the IR-n System.', 2005, '2018-08-09', 'conf/clef/NogueraLMTCSR05', 'https://doi.org/10.1007/11878773_8');
INSERT INTO Write (AuthorID, PaperID) VALUES (6, 3454);
INSERT INTO Paper (PaperID, Title, Year, MDate, Key, DOI) VALUES (3466, 'A Textual-Based Similarity Approach for Efficient and Scalable External Plagiarism Analysis - Lab Report for PAN at CLEF 2010.', 2010, '2018-08-09', 'conf/clef/MicolFLM10', 'http://www.clef-initiative.eu/documents/71612/86374/CLEF2010wn-PAN-MicolEt2010.pdf');
INSERT INTO Write (AuthorID, PaperID) VALUES (6, 3466);
INSERT INTO Paper (PaperID, Title, Year, MDate, Key, DOI) VALUES (3471, 'Cross-Language Experiments with IR-n System.', 2003, '2018-08-09', 'conf/clef/LlopisM03c', 'http://ceur-ws.org/Vol-1169/CLEF2003wn-adhoc-LlopisEt2003.pdf');
INSERT INTO Write (AuthorID, PaperID) VALUES (6, 3471);
INSERT INTO Paper (PaperID, Title, Year, MDate, Key, DOI) VALUES (3476, 'Analysing an Approach to Information Retrieval of Visual Descriptions with IR-n, a System Based on Passages.', 2007, '2017-06-02', 'conf/clef/NavarroLGN07', 'https://doi.org/10.1007/978-3-540-85760-0_65');
INSERT INTO Write (AuthorID, PaperID) VALUES (6, 3476);
INSERT INTO Author (AuthorID, Name) VALUES (7, 'Julio Gonzalo');
INSERT INTO Paper (PaperID, Title, Year, MDate, Key, DOI) VALUES (84, 'CLEF MC2 2018 Lab Technical Overview of Cross Language Microblog Search and Argumentative Mining.', 2018, '2018-08-08', 'conf/clef/CossuGHHLS18', 'http://ceur-ws.org/Vol-2125/invited_paper_7.pdf');
INSERT INTO Write (AuthorID, PaperID) VALUES (7, 84);
INSERT INTO Paper (PaperID, Title, Year, MDate, Key, DOI) VALUES (196, 'Are Users Willing to Search Cross-Language? An Experiment with the Flickr Image Sharing Repository.', 2006, '2014-08-15', 'conf/clef/ArtilesGLP06a', 'http://ceur-ws.org/Vol-1172/CLEF2006wn-iCLEF-ArtilesEt2006.pdf');
INSERT INTO Write (AuthorID, PaperID) VALUES (7, 196);
INSERT INTO Paper (PaperID, Title, Year, MDate, Key, DOI) VALUES (210, 'Overview of iCLEF 2009: Exploring Search Behaviour in a Multilingual Folksonomy Environment.', 2009, '2017-11-06', 'conf/clef/GonzaloPCK09', 'https://doi.org/10.1007/978-3-642-15751-6_2');
INSERT INTO Write (AuthorID, PaperID) VALUES (7, 210);
INSERT INTO Write (AuthorID, PaperID) VALUES (7, 299);
INSERT INTO Paper (PaperID, Title, Year, MDate, Key, DOI) VALUES (361, 'Noun Phrase Translations for Cross-Language Document Selection.', 2001, '2017-06-02', 'conf/clef/Lopez-OsteneroGPV01', 'https://doi.org/10.1007/3-540-45691-0_31');
INSERT INTO Write (AuthorID, PaperID) VALUES (7, 361);
INSERT INTO Paper (PaperID, Title, Year, MDate, Key, DOI) VALUES (432, 'UNED at iCLEF 2008: Analysis of a Large Log of Multilingual Image Searches in Flickr.', 2008, '2014-09-29', 'conf/clef/PeinadoGAL08a', 'http://ceur-ws.org/Vol-1174/CLEF2008wn-iCLEF-PeinadoEt2008b.pdf');
INSERT INTO Write (AuthorID, PaperID) VALUES (7, 432);
INSERT INTO Paper (PaperID, Title, Year, MDate, Key, DOI) VALUES (485, 'UNED at iCLEF 2005: Automatic Highlighting of Potential Answers.', 2005, '2017-05-24', 'conf/clef/PeinadoLGV05', 'https://doi.org/10.1007/11878773_33');
INSERT INTO Write (AuthorID, PaperID) VALUES (7, 485);
INSERT INTO Paper (PaperID, Title, Year, MDate, Key, DOI) VALUES (505, 'Overview of RepLab 2014: Author Profiling and Reputation Dimensions for Online Reputation Management.', 2014, '2014-09-10', 'conf/clef/AmigoACCGMS14', 'http://ceur-ws.org/Vol-1180/CLEF2014wn-Rep-AmigoEt2014.pdf');
INSERT INTO Write (AuthorID, PaperID) VALUES (7, 505);
INSERT INTO Paper (PaperID, Title, Year, MDate, Key, DOI) VALUES (508, 'FlickLing: a Multilingual Search Interface for Flickr.', 2008, '2014-09-29', 'conf/clef/PeinadoAGBL08', 'http://ceur-ws.org/Vol-1174/CLEF2008wn-iCLEF-PeinadoEt2008a.pdf');
INSERT INTO Write (AuthorID, PaperID) VALUES (7, 508);
INSERT INTO Paper (PaperID, Title, Year, MDate, Key, DOI) VALUES (543, 'iCLEF 2006 Overview: Searching the Flickr WWW Photo-Sharing Repository.', 2006, '2014-09-10', 'conf/clef/GonzaloKC06', 'http://ceur-ws.org/Vol-1172/CLEF2006wn-iCLEF-GonzaloEt2006.pdf');
INSERT INTO Write (AuthorID, PaperID) VALUES (7, 543);
INSERT INTO Paper (PaperID, Title, Year, MDate, Key, DOI) VALUES (544, 'iCLEF 2006 Overview: Searching the Flickr WWW Photo-Sharing Repository.', 2006, '2017-05-24', 'conf/clef/KarlgrenGC06', 'https://doi.org/10.1007/978-3-540-74999-8_27');
INSERT INTO Write (AuthorID, PaperID) VALUES (7, 544);
INSERT INTO Paper (PaperID, Title, Year, MDate, Key, DOI) VALUES (627, 'UNED@ImageCLEF 2004: Using Image Captions Structure and Noun Phrase Based Query Expansion for Cross-Language Image Caption Retrieval.', 2004, '2014-08-15', 'conf/clef/PeinadoALGV04', 'http://ceur-ws.org/Vol-1170/CLEF2004wn-ImageCLEF-PeinadoEt2004.pdf');
INSERT INTO Write (AuthorID, PaperID) VALUES (7, 627);
INSERT INTO Write (AuthorID, PaperID) VALUES (7, 780);
INSERT INTO Paper (PaperID, Title, Year, MDate, Key, DOI) VALUES (801, 'Are Users Willing to Search Cross-Language? An Experiment with the Flickr Image Sharing Repository.', 2006, '2017-05-24', 'conf/clef/ArtilesGLP06', 'https://doi.org/10.1007/978-3-540-74999-8_28');
INSERT INTO Write (AuthorID, PaperID) VALUES (7, 801);
INSERT INTO Paper (PaperID, Title, Year, MDate, Key, DOI) VALUES (825, 'The CLEF 2002 Interactive Track.', 2002, '2014-08-15', 'conf/clef/OardG02', 'http://ceur-ws.org/Vol-1168/CLEF2002wn-iCLEF-OardEt2002.pdf');
INSERT INTO Write (AuthorID, PaperID) VALUES (7, 825);
INSERT INTO Paper (PaperID, Title, Year, MDate, Key, DOI) VALUES (894, 'Overview of the CLEF 2005 Interactive Track.', 2005, '2017-05-24', 'conf/clef/GonzaloCV05', 'https://doi.org/10.1007/11878773_30');
INSERT INTO Write (AuthorID, PaperID) VALUES (7, 894);
INSERT INTO Paper (PaperID, Title, Year, MDate, Key, DOI) VALUES (1003, 'UNED at WebCLEF 2005.', 2005, '2017-06-02', 'conf/clef/ArtilesPPGV05', 'https://doi.org/10.1007/11878773_98');
INSERT INTO Write (AuthorID, PaperID) VALUES (7, 1003);
INSERT INTO Paper (PaperID, Title, Year, MDate, Key, DOI) VALUES (1062, 'UNED at ImageCLEF 2004: Detecting Named Entities and Noun Phrases for Automatic Query Expansion and Structuring.', 2004, '2017-05-24', 'conf/clef/PeinadoALGV05', 'https://doi.org/10.1007/11519645_63');
INSERT INTO Write (AuthorID, PaperID) VALUES (7, 1062);
INSERT INTO Paper (PaperID, Title, Year, MDate, Key, DOI) VALUES (1081, 'UNED at RepLab 2012: Monitoring Task.', 2012, '2014-09-24', 'conf/clef/Martin-WantonSAG12', 'http://www.clef-initiative.eu/documents/71612/1bc918a9-f8ad-461e-8e7b-704057eec2c3');
INSERT INTO Write (AuthorID, PaperID) VALUES (7, 1081);
INSERT INTO Paper (PaperID, Title, Year, MDate, Key, DOI) VALUES (1311, 'iCLEF 2004 Track Overview: Pilot Experiments in Interactive Cross-Language Question Answering.', 2004, '2017-05-24', 'conf/clef/GonzaloO05', 'https://doi.org/10.1007/11519645_32');
INSERT INTO Write (AuthorID, PaperID) VALUES (7, 1311);
INSERT INTO Paper (PaperID, Title, Year, MDate, Key, DOI) VALUES (1461, 'The CLEF 2001 Interactive Track.', 2001, '2017-05-24', 'conf/clef/OardG01', 'https://doi.org/10.1007/3-540-45691-0_30');
INSERT INTO Write (AuthorID, PaperID) VALUES (7, 1461);
INSERT INTO Paper (PaperID, Title, Year, MDate, Key, DOI) VALUES (1495, 'Interactive Cross-Language Searching: Phrases are Better than Terms for Query Formulation and Refinement.', 2002, '2014-08-15', 'conf/clef/Lopez-OsteneroGPV02a', 'http://ceur-ws.org/Vol-1168/CLEF2002wn-iCLEF-LopezOsteneroEt2002.pdf');
INSERT INTO Write (AuthorID, PaperID) VALUES (7, 1495);
INSERT INTO Paper (PaperID, Title, Year, MDate, Key, DOI) VALUES (1506, 'UNED at iCLEF 2003: Searching Cross-Language Summaries.', 2003, '2017-05-24', 'conf/clef/Lopez-OsteneroGV03', 'https://doi.org/10.1007/978-3-540-30222-3_43');
INSERT INTO Write (AuthorID, PaperID) VALUES (7, 1506);
INSERT INTO Paper (PaperID, Title, Year, MDate, Key, DOI) VALUES (1518, 'A Comparison of Evaluation Metrics for Document Filtering.', 2011, '2017-05-24', 'conf/clef/AmigoGV11', 'https://doi.org/10.1007/978-3-642-23708-9_6');
INSERT INTO Write (AuthorID, PaperID) VALUES (7, 1518);
INSERT INTO Paper (PaperID, Title, Year, MDate, Key, DOI) VALUES (1620, 'Analysis of Multilingual Image Search Logs: Users'' Behavior and Search Strategies.', 2009, '2017-05-24', 'conf/clef/PeinadoLG09', 'https://doi.org/10.1007/978-3-642-15751-6_3');
INSERT INTO Write (AuthorID, PaperID) VALUES (7, 1620);
INSERT INTO Paper (PaperID, Title, Year, MDate, Key, DOI) VALUES (1663, 'Overview of iCLEF 2008: Search Log Analysis for Multilingual Image Retrieval.', 2008, '2017-11-06', 'conf/clef/GonzaloCK08', 'https://doi.org/10.1007/978-3-642-04447-2_29');
INSERT INTO Write (AuthorID, PaperID) VALUES (7, 1663);
INSERT INTO Paper (PaperID, Title, Year, MDate, Key, DOI) VALUES (1679, 'Overview of iCLEF 2009: Exploring Search Behaviour in a Multilingual Folksonomy Environment.', 2009, '2014-09-29', 'conf/clef/GonzaloPCK09a', 'http://ceur-ws.org/Vol-1175/CLEF2009wn-iCLEF-GonzaloEt2009.pdf');
INSERT INTO Write (AuthorID, PaperID) VALUES (7, 1679);
INSERT INTO Paper (PaperID, Title, Year, MDate, Key, DOI) VALUES (1754, 'WePS-3 Evaluation Campaign: Overview of the Web People Search Clustering and Attribute Extraction Tasks.', 2010, '2014-09-24', 'conf/clef/ArtilesBGSA10', 'http://www.clef-initiative.eu/documents/71612/86374/CLEF2010wn-WePS-ArtilesEt2010.pdf');
INSERT INTO Write (AuthorID, PaperID) VALUES (7, 1754);
INSERT INTO Write (AuthorID, PaperID) VALUES (7, 1896);
INSERT INTO Paper (PaperID, Title, Year, MDate, Key, DOI) VALUES (2081, 'Overview of iCLEF 2008: Search Log Analysis for Multilingual Image Retrieval.', 2008, '2014-09-29', 'conf/clef/GonzaloCK08a', 'http://ceur-ws.org/Vol-1174/CLEF2008wn-iCLEF-GonzaloEt2008.pdf');
INSERT INTO Write (AuthorID, PaperID) VALUES (7, 2081);
INSERT INTO Paper (PaperID, Title, Year, MDate, Key, DOI) VALUES (2093, 'Interactive Cross-Language Searching: Phrases Are Better than Terms of Query Formulation and Refinement.', 2002, '2017-06-02', 'conf/clef/Lopez-OsteneroGPV02', 'https://doi.org/10.1007/978-3-540-45237-9_37');
INSERT INTO Write (AuthorID, PaperID) VALUES (7, 2093);
INSERT INTO Paper (PaperID, Title, Year, MDate, Key, DOI) VALUES (2166, 'Overview of the CLEF 2005 Interactive Track.', 2005, '2014-09-10', 'conf/clef/GonzaloCV05a', 'http://ceur-ws.org/Vol-1171/CLEF2005wn-iCLEF-GonzaloEt2005.pdf');
INSERT INTO Write (AuthorID, PaperID) VALUES (7, 2166);
INSERT INTO Paper (PaperID, Title, Year, MDate, Key, DOI) VALUES (2344, 'UNED at iCLEF 2003: Searching Cross-Language Summaries.', 2003, '2014-08-15', 'conf/clef/Lopez-OsteneroGV03a', 'http://ceur-ws.org/Vol-1169/CLEF2003wn-iCLEF-LopezOsteneroEt2003.pdf');
INSERT INTO Write (AuthorID, PaperID) VALUES (7, 2344);
INSERT INTO Paper (PaperID, Title, Year, MDate, Key, DOI) VALUES (2401, 'Log Analysis of Multilingual Image Searches in Flickr.', 2008, '2017-05-24', 'conf/clef/PeinadoGAL08', 'https://doi.org/10.1007/978-3-642-04447-2_30');
INSERT INTO Write (AuthorID, PaperID) VALUES (7, 2401);
INSERT INTO Paper (PaperID, Title, Year, MDate, Key, DOI) VALUES (2467, 'Interactive Cross-Language Question Answering: Searching Passages versus Searching Documents.', 2004, '2014-08-15', 'conf/clef/Lopez-OsteneroGPV04', 'http://ceur-ws.org/Vol-1170/CLEF2004wn-iCLEF-LopezOsteneroEt2004.pdf');
INSERT INTO Write (AuthorID, PaperID) VALUES (7, 2467);
INSERT INTO Paper (PaperID, Title, Year, MDate, Key, DOI) VALUES (2485, 'Noun Phrase Translations for Cross-Language Document Selection.', 2001, '2014-08-15', 'conf/clef/Lopez-OsteneroGPV01a', 'http://ceur-ws.org/Vol-1167/CLEF2001wn-iCLEF-LopezOsteneroEt2001.pdf');
INSERT INTO Write (AuthorID, PaperID) VALUES (7, 2485);
INSERT INTO Write (AuthorID, PaperID) VALUES (7, 2648);
INSERT INTO Paper (PaperID, Title, Year, MDate, Key, DOI) VALUES (2707, 'Interactive Cross-Language Question Answering: Searching Passages Versus Searching Documents.', 2004, '2017-05-24', 'conf/clef/Lopez-OsteneroGPV05', 'https://doi.org/10.1007/11519645_33');
INSERT INTO Write (AuthorID, PaperID) VALUES (7, 2707);
INSERT INTO Paper (PaperID, Title, Year, MDate, Key, DOI) VALUES (2800, 'iCLEF 2004 Track Overview: Interactive Cross-Language Question Answering.', 2004, '2014-08-15', 'conf/clef/GonzaloO04', 'http://ceur-ws.org/Vol-1170/CLEF2004wn-iCLEF-GonzaloEt2004.pdf');
INSERT INTO Write (AuthorID, PaperID) VALUES (7, 2800);
INSERT INTO Paper (PaperID, Title, Year, MDate, Key, DOI) VALUES (2804, 'The CLEF 2003 Interactive Track.', 2003, '2017-05-24', 'conf/clef/OardG03', 'https://doi.org/10.1007/978-3-540-30222-3_41');
INSERT INTO Write (AuthorID, PaperID) VALUES (7, 2804);
INSERT INTO Paper (PaperID, Title, Year, MDate, Key, DOI) VALUES (2867, 'The CLEF 2002 Interactive Track.', 2002, '2017-05-24', 'conf/clef/GonzaloO02', 'https://doi.org/10.1007/978-3-540-45237-9_33');
INSERT INTO Write (AuthorID, PaperID) VALUES (7, 2867);
INSERT INTO Write (AuthorID, PaperID) VALUES (7, 2931);
INSERT INTO Paper (PaperID, Title, Year, MDate, Key, DOI) VALUES (2943, 'The CLEF 2003 Interactive Track.', 2003, '2014-08-15', 'conf/clef/OardG03a', 'http://ceur-ws.org/Vol-1169/CLEF2003wn-iCLEF-OardEt2003.pdf');
INSERT INTO Write (AuthorID, PaperID) VALUES (7, 2943);
INSERT INTO Paper (PaperID, Title, Year, MDate, Key, DOI) VALUES (2993, 'UNED at ImageCLEF 2005: Automatically Structured Queries with Named Entities over Metadata.', 2005, '2017-05-24', 'conf/clef/PeinadoLGV05a', 'https://doi.org/10.1007/11878773_64');
INSERT INTO Write (AuthorID, PaperID) VALUES (7, 2993);
INSERT INTO Paper (PaperID, Title, Year, MDate, Key, DOI) VALUES (3039, 'UNED Online Reputation Monitoring Team at RepLab 2013.', 2013, '2014-09-10', 'conf/clef/SpinaAMAGG13', 'http://ceur-ws.org/Vol-1179/CLEF2013wn-RepLab-SpinaEt2013.pdf');
INSERT INTO Write (AuthorID, PaperID) VALUES (7, 3039);
INSERT INTO Paper (PaperID, Title, Year, MDate, Key, DOI) VALUES (3096, 'WePS3 Evaluation Campaign: Overview of the On-line Reputation Management Task.', 2010, '2016-06-02', 'conf/clef/AmigoAGSLC10', 'http://www.clef-initiative.eu/documents/71612/86374/CLEF2010wn-WePS-Amig%C3%B2Et2010.pdf');
INSERT INTO Write (AuthorID, PaperID) VALUES (7, 3096);
INSERT INTO Paper (PaperID, Title, Year, MDate, Key, DOI) VALUES (3146, 'Language Resources in Cross-Language Text Retrieval: A CLEF Perspective.', 2000, '2017-05-24', 'conf/clef/Gonzalo00', 'https://doi.org/10.1007/3-540-44645-1_4');
INSERT INTO Write (AuthorID, PaperID) VALUES (7, 3146);
INSERT INTO Paper (PaperID, Title, Year, MDate, Key, DOI) VALUES (3242, 'UNED at ImageCLEF 2005: Automatically Structured Queries with Named Entities over Metadata.', 2005, '2014-08-15', 'conf/clef/PeinadoLG05', 'http://ceur-ws.org/Vol-1171/CLEF2005wn-ImageCLEF-PeinadoEt2005.pdf');
INSERT INTO Write (AuthorID, PaperID) VALUES (7, 3242);
INSERT INTO Paper (PaperID, Title, Year, MDate, Key, DOI) VALUES (3244, 'Filter Keywords and Majority Class Strategies for Company Name Disambiguation in Twitter.', 2011, '2017-06-02', 'conf/clef/SpinaAG11', 'https://doi.org/10.1007/978-3-642-23708-9_7');
INSERT INTO Write (AuthorID, PaperID) VALUES (7, 3244);
INSERT INTO Paper (PaperID, Title, Year, MDate, Key, DOI) VALUES (3259, 'UNED at iCLEF 2009: Analysis of Multilingual Image Search Sessions.', 2009, '2014-09-29', 'conf/clef/PeinadoLG09a', 'http://ceur-ws.org/Vol-1175/CLEF2009wn-iCLEF-PeinadoEt2009.pdf');
INSERT INTO Write (AuthorID, PaperID) VALUES (7, 3259);
INSERT INTO Paper (PaperID, Title, Year, MDate, Key, DOI) VALUES (3368, 'UNED at iCLEF 2005: Automatic Highlighting of Potential Answers.', 2005, '2014-08-15', 'conf/clef/PeinadoLGV05b', 'http://ceur-ws.org/Vol-1171/CLEF2005wn-iCLEF-PeinadoEt2005.pdf');
INSERT INTO Write (AuthorID, PaperID) VALUES (7, 3368);
INSERT INTO Paper (PaperID, Title, Year, MDate, Key, DOI) VALUES (3383, 'Introduction.', 2003, '2017-05-24', 'conf/clef/GonzaloP03', 'https://doi.org/10.1007/978-3-540-30222-3_1');
INSERT INTO Write (AuthorID, PaperID) VALUES (7, 3383);
INSERT INTO Author (AuthorID, Name) VALUES (8, 'Anselmo Pe&ntilde;as');
INSERT INTO Paper (PaperID, Title, Year, MDate, Key, DOI) VALUES (19, 'Approaching Question Answering by means of Paragraph Validation.', 2009, '2014-09-29', 'conf/clef/RodrigoPPGA09a', 'http://ceur-ws.org/Vol-1175/CLEF2009wn-QACLEF-RodrigoEt2009.pdf');
INSERT INTO Write (AuthorID, PaperID) VALUES (8, 19);
INSERT INTO Paper (PaperID, Title, Year, MDate, Key, DOI) VALUES (35, 'Information Retrieval Baselines for the ResPubliQA Task.', 2009, '2017-06-02', 'conf/clef/Perez-IglesiasGRAP09', 'https://doi.org/10.1007/978-3-642-15754-7_28');
INSERT INTO Write (AuthorID, PaperID) VALUES (8, 35);
INSERT INTO Write (AuthorID, PaperID) VALUES (8, 76);
INSERT INTO Paper (PaperID, Title, Year, MDate, Key, DOI) VALUES (94, 'Overview of the Answer Validation Exercise 2006.', 2006, '2014-08-15', 'conf/clef/PenasRSV06a', 'http://ceur-ws.org/Vol-1172/CLEF2006wn-QACLEF-PenasEt2006.pdf');
INSERT INTO Write (AuthorID, PaperID) VALUES (8, 94);
INSERT INTO Paper (PaperID, Title, Year, MDate, Key, DOI) VALUES (142, 'Overview of the CLEF 2006 Multilingual Question Answering Track.', 2006, '2014-08-15', 'conf/clef/MagniniGFAOPJSRS06', 'http://ceur-ws.org/Vol-1172/CLEF2006wn-QACLEF-MagniniEt2006.pdf');
INSERT INTO Write (AuthorID, PaperID) VALUES (8, 142);
INSERT INTO Paper (PaperID, Title, Year, MDate, Key, DOI) VALUES (221, 'Overview of ResPubliQA 2010: Question Answering Evaluation over European Legislation.', 2010, '2014-09-24', 'conf/clef/PenasFRSFM10', 'http://www.clef-initiative.eu/documents/71612/86374/CLEF2010wn-MLQA10-PenasEt2010.pdf');
INSERT INTO Write (AuthorID, PaperID) VALUES (8, 221);
INSERT INTO Paper (PaperID, Title, Year, MDate, Key, DOI) VALUES (265, 'Overview of ResPubliQA 2009: Question Answering Evaluation over European Legislation.', 2009, '2017-06-02', 'conf/clef/PenasFSRFAGMO09', 'https://doi.org/10.1007/978-3-642-15754-7_21');
INSERT INTO Write (AuthorID, PaperID) VALUES (8, 265);
INSERT INTO Write (AuthorID, PaperID) VALUES (8, 361);
INSERT INTO Write (AuthorID, PaperID) VALUES (8, 399);
INSERT INTO Paper (PaperID, Title, Year, MDate, Key, DOI) VALUES (406, 'UNED at Answer Validation Exercise 2007.', 2007, '2014-09-24', 'conf/clef/RodrigoPV07a', 'http://ceur-ws.org/Vol-1173/CLEF2007wn-QACLEF-RodrigoEt2007b.pdf');
INSERT INTO Write (AuthorID, PaperID) VALUES (8, 406);
INSERT INTO Paper (PaperID, Title, Year, MDate, Key, DOI) VALUES (554, 'Overview of QA4MRE Main Task at CLEF 2013.', 2013, '2014-09-10', 'conf/clef/SutcliffePHFRFBO13', 'http://ceur-ws.org/Vol-1179/CLEF2013wn-QA4MRE-SutcliffeEt2013.pdf');
INSERT INTO Write (AuthorID, PaperID) VALUES (8, 554);
INSERT INTO Paper (PaperID, Title, Year, MDate, Key, DOI) VALUES (633, 'Overview of the CLEF 2006 Multilingual Question Answering Track.', 2006, '2017-06-02', 'conf/clef/MagniniGFAJOPRSS06', 'https://doi.org/10.1007/978-3-540-74999-8_31');
INSERT INTO Write (AuthorID, PaperID) VALUES (8, 633);
INSERT INTO Paper (PaperID, Title, Year, MDate, Key, DOI) VALUES (656, 'Overview of QA4MRE 2013 Entrance Exams Task.', 2013, '2014-09-10', 'conf/clef/PenasMHFK13', 'http://ceur-ws.org/Vol-1179/CLEF2013wn-QA4MRE-PenasEt2013.pdf');
INSERT INTO Write (AuthorID, PaperID) VALUES (8, 656);
INSERT INTO Paper (PaperID, Title, Year, MDate, Key, DOI) VALUES (662, 'Overview of CLEF Question Answering Track 2014.', 2014, '2017-06-02', 'conf/clef/PenasUN14', 'https://doi.org/10.1007/978-3-319-11382-1_23');
INSERT INTO Write (AuthorID, PaperID) VALUES (8, 662);
INSERT INTO Paper (PaperID, Title, Year, MDate, Key, DOI) VALUES (896, 'QA4MRE 2011-2013: Overview of Question Answering for Machine Reading Evaluation.', 2013, '2017-06-02', 'conf/clef/PenasHFRSM13', 'https://doi.org/10.1007/978-3-642-40802-1_29');
INSERT INTO Write (AuthorID, PaperID) VALUES (8, 896);
INSERT INTO Paper (PaperID, Title, Year, MDate, Key, DOI) VALUES (907, 'Overview of the CLEF 2008 Multilingual Question Answering Track.', 2008, '2014-09-29', 'conf/clef/FornerPLFMOPRSSS08', 'http://ceur-ws.org/Vol-1174/CLEF2008wn-QACLEF-FornerEt2008.pdf');
INSERT INTO Write (AuthorID, PaperID) VALUES (8, 907);
INSERT INTO Write (AuthorID, PaperID) VALUES (8, 1003);
INSERT INTO Write (AuthorID, PaperID) VALUES (8, 1028);
INSERT INTO Paper (PaperID, Title, Year, MDate, Key, DOI) VALUES (1121, 'UNED at WebCLEF 2005.', 2005, '2014-08-15', 'conf/clef/ArtilesPPV05', 'http://ceur-ws.org/Vol-1171/CLEF2005wn-WebCLEF-ArtilesEt2005.pdf');
INSERT INTO Write (AuthorID, PaperID) VALUES (8, 1121);
INSERT INTO Write (AuthorID, PaperID) VALUES (8, 1163);
INSERT INTO Paper (PaperID, Title, Year, MDate, Key, DOI) VALUES (1205, 'Overview of the Clef 2008 Multilingual Question Answering Track.', 2008, '2018-11-14', 'conf/clef/FornerPAAFMOPRSSS08', 'https://www.wikidata.org/entity/Q57400836');
INSERT INTO Write (AuthorID, PaperID) VALUES (8, 1205);
INSERT INTO Paper (PaperID, Title, Year, MDate, Key, DOI) VALUES (1296, 'Overview of the Answer Validation Exercise 2008.', 2008, '2017-06-02', 'conf/clef/RodrigoPV08', 'https://doi.org/10.1007/978-3-642-04447-2_35');
INSERT INTO Write (AuthorID, PaperID) VALUES (8, 1296);
INSERT INTO Paper (PaperID, Title, Year, MDate, Key, DOI) VALUES (1304, 'The Effect of Entity Recognition in Answer Validation.', 2006, '2014-08-15', 'conf/clef/RodrigoPV06', 'http://ceur-ws.org/Vol-1172/CLEF2006wn-QACLEF-RodrigoEt2006b.pdf');
INSERT INTO Write (AuthorID, PaperID) VALUES (8, 1304);
INSERT INTO Paper (PaperID, Title, Year, MDate, Key, DOI) VALUES (1330, 'UNED at Answer Validation Exercise 2007.', 2007, '2017-06-02', 'conf/clef/RodrigoPV07', 'https://doi.org/10.1007/978-3-540-85760-0_53');
INSERT INTO Write (AuthorID, PaperID) VALUES (8, 1330);
INSERT INTO Paper (PaperID, Title, Year, MDate, Key, DOI) VALUES (1337, 'Question Answering Pilot Task at CLEF 2004.', 2004, '2014-08-15', 'conf/clef/HerreraPV04', 'http://ceur-ws.org/Vol-1170/CLEF2004wn-QACLEF-HerreraEt2004.pdf');
INSERT INTO Write (AuthorID, PaperID) VALUES (8, 1337);
INSERT INTO Paper (PaperID, Title, Year, MDate, Key, DOI) VALUES (1385, 'UNED-READERS: Filtering Relevant Tweets using Probabilistic Signature Models.', 2013, '2015-04-10', 'conf/clef/Anaya-SanchezPC13', 'http://ceur-ws.org/Vol-1179/CLEF2013wn-RepLab-AnayaSanchezEt2013.pdf');
INSERT INTO Write (AuthorID, PaperID) VALUES (8, 1385);
INSERT INTO Paper (PaperID, Title, Year, MDate, Key, DOI) VALUES (1450, 'Overview of the Answer Validation Exercise 2006.', 2006, '2017-06-02', 'conf/clef/PenasRSV06', 'https://doi.org/10.1007/978-3-540-74999-8_32');
INSERT INTO Write (AuthorID, PaperID) VALUES (8, 1450);
INSERT INTO Write (AuthorID, PaperID) VALUES (8, 1495);
INSERT INTO Paper (PaperID, Title, Year, MDate, Key, DOI) VALUES (1641, 'Overview of the Answer Validation Exercise 2007.', 2007, '2014-09-23', 'conf/clef/PenasRV07a', 'http://ceur-ws.org/Vol-1173/CLEF2007wn-QACLEF-PenasEt2007.pdf');
INSERT INTO Write (AuthorID, PaperID) VALUES (8, 1641);
INSERT INTO Paper (PaperID, Title, Year, MDate, Key, DOI) VALUES (1643, 'Approaching Question Answering by Means of Paragraph Validation.', 2009, '2017-06-02', 'conf/clef/RodrigoPPGA09', 'https://doi.org/10.1007/978-3-642-15754-7_27');
INSERT INTO Write (AuthorID, PaperID) VALUES (8, 1643);
INSERT INTO Paper (PaperID, Title, Year, MDate, Key, DOI) VALUES (1659, 'A Question Answering System based on Information Retrieval and Validation.', 2010, '2014-09-24', 'conf/clef/RodrigoPPGA10', 'http://www.clef-initiative.eu/documents/71612/86374/CLEF2010wn-MLQA10-RodrigoEt2010a.pdf');
INSERT INTO Write (AuthorID, PaperID) VALUES (8, 1659);
INSERT INTO Paper (PaperID, Title, Year, MDate, Key, DOI) VALUES (1735, 'Question Answering Pilot Task at CLEF 2004.', 2004, '2017-06-02', 'conf/clef/HerreraPV05', 'https://doi.org/10.1007/11519645_57');
INSERT INTO Write (AuthorID, PaperID) VALUES (8, 1735);
INSERT INTO Paper (PaperID, Title, Year, MDate, Key, DOI) VALUES (1775, 'Overview of the Answer Validation Exercise 2007.', 2007, '2017-06-02', 'conf/clef/PenasRV07', 'https://doi.org/10.1007/978-3-540-85760-0_28');
INSERT INTO Write (AuthorID, PaperID) VALUES (8, 1775);
INSERT INTO Paper (PaperID, Title, Year, MDate, Key, DOI) VALUES (1851, 'Overview of the Answer Validation Exercise 2008.', 2008, '2014-09-29', 'conf/clef/RodrigoPV08a', 'http://ceur-ws.org/Vol-1174/CLEF2008wn-QACLEF-RodrigoEt2008.pdf');
INSERT INTO Write (AuthorID, PaperID) VALUES (8, 1851);
INSERT INTO Paper (PaperID, Title, Year, MDate, Key, DOI) VALUES (1891, 'Overview of the CLEF Question Answering Track 2015.', 2015, '2017-05-24', 'conf/clef/PenasUPK15', 'https://doi.org/10.1007/978-3-319-24027-5_50');
INSERT INTO Write (AuthorID, PaperID) VALUES (8, 1891);
INSERT INTO Write (AuthorID, PaperID) VALUES (8, 2093);
INSERT INTO Paper (PaperID, Title, Year, MDate, Key, DOI) VALUES (2325, 'The Effect of Entity Recognition on Answer Validation.', 2006, '2017-06-02', 'conf/clef/RodrigoPHV06', 'https://doi.org/10.1007/978-3-540-74999-8_57');
INSERT INTO Write (AuthorID, PaperID) VALUES (8, 2325);
INSERT INTO Write (AuthorID, PaperID) VALUES (8, 2349);
INSERT INTO Write (AuthorID, PaperID) VALUES (8, 2485);
INSERT INTO Paper (PaperID, Title, Year, MDate, Key, DOI) VALUES (2789, 'Overview of ResPubliQA 2009: Question Answering Evaluation over European Legislation.', 2009, '2014-09-29', 'conf/clef/PenasFSRFLGMO09', 'http://ceur-ws.org/Vol-1175/CLEF2009wn-QACLEF-PenasEt2009.pdf');
INSERT INTO Write (AuthorID, PaperID) VALUES (8, 2789);
INSERT INTO Paper (PaperID, Title, Year, MDate, Key, DOI) VALUES (2836, 'Overview of the CLEF 2007 Multilingual Question Answering Track.', 2007, '2017-06-02', 'conf/clef/GiampiccoloFHPAFJORSS07', 'https://doi.org/10.1007/978-3-540-85760-0_27');
INSERT INTO Write (AuthorID, PaperID) VALUES (8, 2836);
INSERT INTO Paper (PaperID, Title, Year, MDate, Key, DOI) VALUES (2849, 'Overview of QA4MRE at CLEF 2011: Question Answering for Machine Reading Evaluation.', 2011, '2014-09-24', 'conf/clef/PenasHFRSFS11', 'http://www.clef-initiative.eu/documents/71612/86377/CLEF2011wn-QA4MRE-PenasEt2011.pdf');
INSERT INTO Write (AuthorID, PaperID) VALUES (8, 2849);
INSERT INTO Write (AuthorID, PaperID) VALUES (8, 2864);
INSERT INTO Paper (PaperID, Title, Year, MDate, Key, DOI) VALUES (2889, 'UNED Submission to AVE 2006.', 2006, '2014-08-15', 'conf/clef/HerreraRPV06', 'http://ceur-ws.org/Vol-1172/CLEF2006wn-QACLEF-HerreraEt2006.pdf');
INSERT INTO Write (AuthorID, PaperID) VALUES (8, 2889);
INSERT INTO Paper (PaperID, Title, Year, MDate, Key, DOI) VALUES (2954, 'Overview of CLEF QA Entrance Exams Task 2015.', 2015, '2015-09-03', 'conf/clef/RodrigoPMHK15', 'http://ceur-ws.org/Vol-1391/171-CR.pdf');
INSERT INTO Write (AuthorID, PaperID) VALUES (8, 2954);
INSERT INTO Paper (PaperID, Title, Year, MDate, Key, DOI) VALUES (3147, 'Overview of the CLEF 2007 Multilingual Question Answering Track.', 2007, '2014-09-23', 'conf/clef/GiampiccoloFPACJORSS07', 'http://ceur-ws.org/Vol-1173/CLEF2007wn-QACLEF-GiampiccoloEt2007.pdf');
INSERT INTO Write (AuthorID, PaperID) VALUES (8, 3147);
INSERT INTO Write (AuthorID, PaperID) VALUES (8, 3175);
INSERT INTO Paper (PaperID, Title, Year, MDate, Key, DOI) VALUES (3190, 'Overview of QA4MRE at CLEF 2012: Question Answering for Machine Reading Evaluation.', 2012, '2014-09-24', 'conf/clef/PenasHFRSSFBO12', 'http://www.clef-initiative.eu/documents/71612/c076dd78-e36b-40d9-a6c8-fed4b7aa0b3d');
INSERT INTO Write (AuthorID, PaperID) VALUES (8, 3190);
INSERT INTO Write (AuthorID, PaperID) VALUES (8, 3286);
INSERT INTO Paper (PaperID, Title, Year, MDate, Key, DOI) VALUES (3417, 'Overview of CLEF QA Entrance Exams Task 2014.', 2014, '2014-09-11', 'conf/clef/PenasMRHK14', 'http://ceur-ws.org/Vol-1180/CLEF2014wn-QA-PenasEt2014.pdf');
INSERT INTO Write (AuthorID, PaperID) VALUES (8, 3417);
INSERT INTO Paper (PaperID, Title, Year, MDate, Key, DOI) VALUES (3431, 'Question Answering for Machine Reading Evaluation.', 2010, '2014-09-24', 'conf/clef/RodrigoPHP10', 'http://www.clef-initiative.eu/documents/71612/86374/CLEF2010wn-MLQA10-RodrigoEt2010.pdf');
INSERT INTO Write (AuthorID, PaperID) VALUES (8, 3431);
INSERT INTO Paper (PaperID, Title, Year, MDate, Key, DOI) VALUES (3505, 'Information Retrieval Baselines for the ResPubliQA Task.', 2009, '2014-09-29', 'conf/clef/Perez-IglesiasGRAP09a', 'http://ceur-ws.org/Vol-1175/CLEF2009wn-QACLEF-PerezEt2009.pdf');
INSERT INTO Write (AuthorID, PaperID) VALUES (8, 3505);
INSERT INTO Author (AuthorID, Name) VALUES (9, 'Paul D. Clough');
INSERT INTO Paper (PaperID, Title, Year, MDate, Key, DOI) VALUES (57, 'Building a Diversity Featured Search System by Fusing Existing Tools.', 2008, '2014-09-29', 'conf/clef/TangASC08a', 'http://ceur-ws.org/Vol-1174/CLEF2008wn-ImageCLEF-TangEt2008.pdf');
INSERT INTO Write (AuthorID, PaperID) VALUES (9, 57);
INSERT INTO Paper (PaperID, Title, Year, MDate, Key, DOI) VALUES (146, 'Diversity in Photo Retrieval: Overview of the ImageCLEFPhoto Task 2009.', 2009, '2017-06-02', 'conf/clef/ParamitaSC09', 'https://doi.org/10.1007/978-3-642-15751-6_6');
INSERT INTO Write (AuthorID, PaperID) VALUES (9, 146);
INSERT INTO Write (AuthorID, PaperID) VALUES (9, 210);
INSERT INTO Paper (PaperID, Title, Year, MDate, Key, DOI) VALUES (223, 'GeoCLEF: The CLEF 2005 Cross-Language Geographic Information Retrieval Track Overview.', 2005, '2017-06-15', 'conf/clef/GeyLSJCP05', 'https://doi.org/10.1007/11878773_101');
INSERT INTO Write (AuthorID, PaperID) VALUES (9, 223);
INSERT INTO Paper (PaperID, Title, Year, MDate, Key, DOI) VALUES (237, 'Towards a Topic Complexity Measure for Cross Language Image Retrieval.', 2005, '2014-09-10', 'conf/clef/GrubingerLC05a', 'http://ceur-ws.org/Vol-1171/CLEF2005wn-ImageCLEF-GrubingerEt2005.pdf');
INSERT INTO Write (AuthorID, PaperID) VALUES (9, 237);
INSERT INTO Paper (PaperID, Title, Year, MDate, Key, DOI) VALUES (318, 'The Short Stories Corpus: Notebook for PAN at CLEF 2015.', 2015, '2015-09-03', 'conf/clef/AlviSC15', 'http://ceur-ws.org/Vol-1391/90-CR.pdf');
INSERT INTO Write (AuthorID, PaperID) VALUES (9, 318);
INSERT INTO Paper (PaperID, Title, Year, MDate, Key, DOI) VALUES (387, 'Using Concept Hierarchies in Text-Based Image Retrieval: A User Evaluation.', 2005, '2017-05-24', 'conf/clef/PetrelliC05', 'https://doi.org/10.1007/11878773_35');
INSERT INTO Write (AuthorID, PaperID) VALUES (9, 387);
INSERT INTO Paper (PaperID, Title, Year, MDate, Key, DOI) VALUES (517, 'Assessing Translation Quality for Cross Language Image Retrieval.', 2003, '2017-05-24', 'conf/clef/CloughS03a', 'https://doi.org/10.1007/978-3-540-30222-3_57');
INSERT INTO Write (AuthorID, PaperID) VALUES (9, 517);
INSERT INTO Write (AuthorID, PaperID) VALUES (9, 543);
INSERT INTO Write (AuthorID, PaperID) VALUES (9, 544);
INSERT INTO Paper (PaperID, Title, Year, MDate, Key, DOI) VALUES (663, 'Overview of the ImageCLEFphoto 2008 Photographic Retrieval Task.', 2008, '2014-09-29', 'conf/clef/ArniCSG08a', 'http://ceur-ws.org/Vol-1174/CLEF2008wn-ImageCLEF-ArniEt2008.pdf');
INSERT INTO Write (AuthorID, PaperID) VALUES (9, 663);
INSERT INTO Paper (PaperID, Title, Year, MDate, Key, DOI) VALUES (684, 'Caption vs. Query Translation for Cross-Language Image Retrieval.', 2004, '2014-09-10', 'conf/clef/Clough04', 'http://ceur-ws.org/Vol-1170/CLEF2004wn-ImageCLEF-Clough2004.pdf');
INSERT INTO Write (AuthorID, PaperID) VALUES (9, 684);
INSERT INTO Write (AuthorID, PaperID) VALUES (9, 693);
INSERT INTO Paper (PaperID, Title, Year, MDate, Key, DOI) VALUES (834, 'University of Sheffield - Lab Report for PAN at CLEF 2010.', 2010, '2014-09-24', 'conf/clef/NawabSC10', 'http://www.clef-initiative.eu/documents/71612/86374/CLEF2010wn-PAN-NawabEt2010.pdf');
INSERT INTO Write (AuthorID, PaperID) VALUES (9, 834);
INSERT INTO Write (AuthorID, PaperID) VALUES (9, 894);
INSERT INTO Paper (PaperID, Title, Year, MDate, Key, DOI) VALUES (914, 'Providing Multilingual Access to FLICKR for Arabic Users.', 2006, '2017-05-24', 'conf/clef/CloughAD06', 'https://doi.org/10.1007/978-3-540-74999-8_29');
INSERT INTO Write (AuthorID, PaperID) VALUES (9, 914);
INSERT INTO Write (AuthorID, PaperID) VALUES (9, 937);
INSERT INTO Paper (PaperID, Title, Year, MDate, Key, DOI) VALUES (938, 'External Plagiarism Detection using Information Retrieval and Sequence Alignment - Notebook for PAN at CLEF 2011.', 2011, '2014-09-24', 'conf/clef/NawabSC11', 'http://www.clef-initiative.eu/documents/71612/86377/CLEF2011wn-PAN-NawabEt2011.pdf');
INSERT INTO Write (AuthorID, PaperID) VALUES (9, 938);
INSERT INTO Paper (PaperID, Title, Year, MDate, Key, DOI) VALUES (1015, 'The CLEF 2003 Cross Language Image Retrieval Track.', 2003, '2017-05-24', 'conf/clef/CloughS03', 'https://doi.org/10.1007/978-3-540-30222-3_56');
INSERT INTO Write (AuthorID, PaperID) VALUES (9, 1015);
INSERT INTO Paper (PaperID, Title, Year, MDate, Key, DOI) VALUES (1078, 'Selecting Success Criteria: Experiences with an Academic Library Catalogue.', 2013, '2017-05-24', 'conf/clef/CloughG13', 'https://doi.org/10.1007/978-3-642-40802-1_7');
INSERT INTO Write (AuthorID, PaperID) VALUES (9, 1078);
INSERT INTO Paper (PaperID, Title, Year, MDate, Key, DOI) VALUES (1158, 'The CLEF 2003 Cross Language Image Retrieval Task.', 2003, '2014-09-10', 'conf/clef/CloughS03b', 'http://ceur-ws.org/Vol-1169/CLEF2003wn-ImageCLEF-CloughEt2003.pdf');
INSERT INTO Write (AuthorID, PaperID) VALUES (9, 1158);
INSERT INTO Write (AuthorID, PaperID) VALUES (9, 1374);
INSERT INTO Paper (PaperID, Title, Year, MDate, Key, DOI) VALUES (1414, 'Linguistic Estimation of Topic Difficulty in Cross-Language Image Retrieval.', 2005, '2017-05-24', 'conf/clef/GrubingerLC05', 'https://doi.org/10.1007/11878773_61');
INSERT INTO Write (AuthorID, PaperID) VALUES (9, 1414);
INSERT INTO Paper (PaperID, Title, Year, MDate, Key, DOI) VALUES (1437, 'Sheffield Submission to the CHiC Interactive Task: Exploring Digital Cultural Heritage.', 2013, '2014-09-10', 'conf/clef/HallVRBCT13', 'http://ceur-ws.org/Vol-1179/CLEF2013wn-CHiC-HallEt2013.pdf');
INSERT INTO Write (AuthorID, PaperID) VALUES (9, 1437);
INSERT INTO Write (AuthorID, PaperID) VALUES (9, 1551);
INSERT INTO Write (AuthorID, PaperID) VALUES (9, 1578);
INSERT INTO Paper (PaperID, Title, Year, MDate, Key, DOI) VALUES (1599, 'Integrating Mixed-Methods for Evaluating Information Access Systems.', 2015, '2017-06-02', 'conf/clef/WakelingC15', 'https://doi.org/10.1007/978-3-319-24027-5_33');
INSERT INTO Write (AuthorID, PaperID) VALUES (9, 1599);
INSERT INTO Write (AuthorID, PaperID) VALUES (9, 1663);
INSERT INTO Write (AuthorID, PaperID) VALUES (9, 1679);
INSERT INTO Paper (PaperID, Title, Year, MDate, Key, DOI) VALUES (1769, 'Building a Diversity Featured Search System by Fusing Existing Tools.', 2008, '2017-06-02', 'conf/clef/TangASC08', 'https://doi.org/10.1007/978-3-642-04447-2_68');
INSERT INTO Write (AuthorID, PaperID) VALUES (9, 1769);
INSERT INTO Write (AuthorID, PaperID) VALUES (9, 2081);
INSERT INTO Write (AuthorID, PaperID) VALUES (9, 2166);
INSERT INTO Paper (PaperID, Title, Year, MDate, Key, DOI) VALUES (2286, 'Sheffield at ImageCLEF 2003.', 2003, '2014-09-10', 'conf/clef/CloughS03c', 'http://ceur-ws.org/Vol-1169/CLEF2003wn-ImageCLEF-CloughEt2003b.pdf');
INSERT INTO Write (AuthorID, PaperID) VALUES (9, 2286);
INSERT INTO Paper (PaperID, Title, Year, MDate, Key, DOI) VALUES (2422, 'Concept Hierarchy across Languages in Text-Based Image Retrieval: A User Evaluation.', 2005, '2014-09-10', 'conf/clef/PetrelliC05a', 'http://ceur-ws.org/Vol-1171/CLEF2005wn-iCLEF-PetrelliEt2005.pdf');
INSERT INTO Write (AuthorID, PaperID) VALUES (9, 2422);
INSERT INTO Write (AuthorID, PaperID) VALUES (9, 2452);
INSERT INTO Write (AuthorID, PaperID) VALUES (9, 2482);
INSERT INTO Paper (PaperID, Title, Year, MDate, Key, DOI) VALUES (2530, 'The Sheffield and Basque Country Universities Entry to CHiC: Using Random Walks and Similarity to Access Cultural Heritage.', 2012, '2014-09-24', 'conf/clef/AgirreCFHOS12', 'http://www.clef-initiative.eu/documents/71612/b5103bb3-06dc-497d-b5dd-bb07d0444303');
INSERT INTO Write (AuthorID, PaperID) VALUES (9, 2530);
INSERT INTO Write (AuthorID, PaperID) VALUES (9, 2590);
INSERT INTO Paper (PaperID, Title, Year, MDate, Key, DOI) VALUES (2691, 'GeoCLEF: the CLEF 2005 Cross-Language Geographic Information Retrieval Track.', 2005, '2014-09-10', 'conf/clef/GeyLSJC05', 'http://ceur-ws.org/Vol-1171/CLEF2005wn-GeoCLEF-GeyEt2005.pdf');
INSERT INTO Write (AuthorID, PaperID) VALUES (9, 2691);
INSERT INTO Paper (PaperID, Title, Year, MDate, Key, DOI) VALUES (2695, 'Overview of the ImageCLEFphoto 2008 Photographic Retrieval Task.', 2008, '2017-06-02', 'conf/clef/ArniCSG08', 'https://doi.org/10.1007/978-3-642-04447-2_62');
INSERT INTO Write (AuthorID, PaperID) VALUES (9, 2695);
INSERT INTO Paper (PaperID, Title, Year, MDate, Key, DOI) VALUES (2698, 'Hashing and Merging Heuristics for Text Reuse Detection.', 2014, '2014-09-10', 'conf/clef/AlviSC14', 'http://ceur-ws.org/Vol-1180/CLEF2014wn-Pan-AlviEt2014.pdf');
INSERT INTO Write (AuthorID, PaperID) VALUES (9, 2698);
INSERT INTO Write (AuthorID, PaperID) VALUES (9, 2817);
INSERT INTO Paper (PaperID, Title, Year, MDate, Key, DOI) VALUES (2886, 'Unfair Means: Use Cases Beyond Plagiarism.', 2015, '2017-07-14', 'conf/clef/CloughWL15', 'https://doi.org/10.1007/978-3-319-24027-5_21');
INSERT INTO Write (AuthorID, PaperID) VALUES (9, 2886);
INSERT INTO Write (AuthorID, PaperID) VALUES (9, 3076);
INSERT INTO Paper (PaperID, Title, Year, MDate, Key, DOI) VALUES (3168, 'Providing Multilingual Access to FLICKR for Arabic Users.', 2006, '2014-09-10', 'conf/clef/CloughAD06a', 'http://ceur-ws.org/Vol-1172/CLEF2006wn-iCLEF-CloughEt2006.pdf');
INSERT INTO Write (AuthorID, PaperID) VALUES (9, 3168);
INSERT INTO Paper (PaperID, Title, Year, MDate, Key, DOI) VALUES (3310, 'Introduction to the CLEF 2011 Labs.', 2011, '2014-09-24', 'conf/clef/PetrasC11', 'http://www.clef-initiative.eu/documents/71612/86377/CLEF2011wn-all-petrasEt2011.pdf');
INSERT INTO Write (AuthorID, PaperID) VALUES (9, 3310);
INSERT INTO Paper (PaperID, Title, Year, MDate, Key, DOI) VALUES (3363, 'Diversity in Photo Retrieval: Overview of the ImageCLEFPhoto Task 2009.', 2009, '2014-09-29', 'conf/clef/ParamitaSC09a', 'http://ceur-ws.org/Vol-1175/CLEF2009wn-ImageCLEF-ParamitaEt2009.pdf');
INSERT INTO Write (AuthorID, PaperID) VALUES (9, 3363);
INSERT INTO Paper (PaperID, Title, Year, MDate, Key, DOI) VALUES (3455, 'Caption and Query Translation for Cross-Language Image Retrieval.', 2004, '2017-05-24', 'conf/clef/Clough05', 'https://doi.org/10.1007/11519645_60');
INSERT INTO Write (AuthorID, PaperID) VALUES (9, 3455);
INSERT INTO Author (AuthorID, Name) VALUES (10, 'Manuel Montes-y-G&oacute;mez');
INSERT INTO Write (AuthorID, PaperID) VALUES (10, 92);
INSERT INTO Paper (PaperID, Title, Year, MDate, Key, DOI) VALUES (116, 'TIA-INAOE''s Participation at ImageCLEF 2007.', 2007, '2014-09-24', 'conf/clef/EscalanteHLMMMSP07', 'http://ceur-ws.org/Vol-1173/CLEF2007wn-ImageCLEF-EscalanteEt2007.pdf');
INSERT INTO Write (AuthorID, PaperID) VALUES (10, 116);
INSERT INTO Paper (PaperID, Title, Year, MDate, Key, DOI) VALUES (129, 'A Two-Step Retrieval Method for Image Captioning.', 2016, '2018-11-02', 'conf/clef/PellegrinVOBEMG15', 'https://doi.org/10.1007/978-3-319-44564-9_12');
INSERT INTO Write (AuthorID, PaperID) VALUES (10, 129);
INSERT INTO Paper (PaperID, Title, Year, MDate, Key, DOI) VALUES (261, 'INAOE at CLEF 2006: Experiments in Spanish Question Answering.', 2006, '2014-08-15', 'conf/clef/Juarez-GonzalezTDMP06a', 'http://ceur-ws.org/Vol-1172/CLEF2006wn-QACLEF-JuarezGonzalezEt2006.pdf');
INSERT INTO Write (AuthorID, PaperID) VALUES (10, 261);
INSERT INTO Paper (PaperID, Title, Year, MDate, Key, DOI) VALUES (341, 'Authorship Identification with Modality Specific Meta Features - Notebook for PAN at CLEF 2011.', 2011, '2014-09-24', 'conf/clef/SolorioPM11', 'http://www.clef-initiative.eu/documents/71612/86377/CLEF2011wn-PAN-SolorioEt2011.pdf');
INSERT INTO Write (AuthorID, PaperID) VALUES (10, 341);
INSERT INTO Paper (PaperID, Title, Year, MDate, Key, DOI) VALUES (512, 'Author Profiling for English and Spanish Text Notebook for PAN at CLEF 2013.', 2013, '2014-09-10', 'conf/clef/SapkotaSMR13', 'http://ceur-ws.org/Vol-1179/CLEF2013wn-PAN-SapkotaEt2013.pdf');
INSERT INTO Write (AuthorID, PaperID) VALUES (10, 512);
INSERT INTO Paper (PaperID, Title, Year, MDate, Key, DOI) VALUES (538, 'A Lexical Approach for Spanish Question Answering.', 2007, '2017-05-24', 'conf/clef/TellezJHDVMP07', 'https://doi.org/10.1007/978-3-540-85760-0_40');
INSERT INTO Write (AuthorID, PaperID) VALUES (10, 538);
INSERT INTO Paper (PaperID, Title, Year, MDate, Key, DOI) VALUES (550, 'Annotation-Based Expansion and Late Fusion of Mixed Methods for Multimedia Image Retrieval.', 2008, '2017-11-06', 'conf/clef/EscalanteGHLMMSP08', 'https://doi.org/10.1007/978-3-642-04447-2_84');
INSERT INTO Write (AuthorID, PaperID) VALUES (10, 550);
INSERT INTO Write (AuthorID, PaperID) VALUES (10, 594);
INSERT INTO Paper (PaperID, Title, Year, MDate, Key, DOI) VALUES (647, 'The Role of Lexical Features in Question Answering for Spanish.', 2005, '2017-05-24', 'conf/clef/Perez-CoutinoMLP05', 'https://doi.org/10.1007/11878773_55');
INSERT INTO Write (AuthorID, PaperID) VALUES (10, 647);
INSERT INTO Paper (PaperID, Title, Year, MDate, Key, DOI) VALUES (652, 'INAOE at QAST 2009: Evaluating the Usefulness of a Phonetic Codification of Transcriptions.', 2009, '2014-09-30', 'conf/clef/Reyes-BarraganVM09', 'http://ceur-ws.org/Vol-1175/CLEF2009wn-QACLEF-BarraganEt2009.pdf');
INSERT INTO Write (AuthorID, PaperID) VALUES (10, 652);
INSERT INTO Write (AuthorID, PaperID) VALUES (10, 933);
INSERT INTO Paper (PaperID, Title, Year, MDate, Key, DOI) VALUES (1178, 'A Ranking Approach Based on Example Texts for Geographic Information Retrieval.', 2008, '2017-09-16', 'conf/clef/Villatoro-TelloMP08', 'https://doi.org/10.1007/978-3-642-04447-2_115');
INSERT INTO Write (AuthorID, PaperID) VALUES (10, 1178);
INSERT INTO Paper (PaperID, Title, Year, MDate, Key, DOI) VALUES (1234, 'INAOE''s Participation at PAN''13: Author Profiling Task Notebook for PAN at CLEF 2013.', 2013, '2014-09-10', 'conf/clef/Lopez-MonroyMEPV13', 'http://ceur-ws.org/Vol-1179/CLEF2013wn-PAN-LopezMonroyEt2013.pdf');
INSERT INTO Write (AuthorID, PaperID) VALUES (10, 1234);
INSERT INTO Paper (PaperID, Title, Year, MDate, Key, DOI) VALUES (1260, 'Convolutional Neural Networks for Author Profiling in PAN 2017.', 2017, '2017-08-16', 'conf/clef/SierraMSG17', 'http://ceur-ws.org/Vol-1866/paper_93.pdf');
INSERT INTO Write (AuthorID, PaperID) VALUES (10, 1260);
INSERT INTO Paper (PaperID, Title, Year, MDate, Key, DOI) VALUES (1344, 'INAOE''s Participation at PAN''15: Author Profiling task.', 2015, '2015-09-03', 'conf/clef/CarmonaLMPE15', 'http://ceur-ws.org/Vol-1391/122-CR.pdf');
INSERT INTO Write (AuthorID, PaperID) VALUES (10, 1344);
INSERT INTO Write (AuthorID, PaperID) VALUES (10, 1350);
INSERT INTO Paper (PaperID, Title, Year, MDate, Key, DOI) VALUES (1367, 'UNSL''s participation at eRisk 2018 Lab.', 2018, '2018-08-08', 'conf/clef/FunezUVBCME18', 'http://ceur-ws.org/Vol-2125/paper_137.pdf');
INSERT INTO Write (AuthorID, PaperID) VALUES (10, 1367);
INSERT INTO Paper (PaperID, Title, Year, MDate, Key, DOI) VALUES (1764, 'INAOE at AVE 2007: Experiments in Spanish Answer Validation.', 2007, '2014-09-30', 'conf/clef/Tellez-ValeroMV07', 'http://ceur-ws.org/Vol-1173/CLEF2007wn-QACLEF-TellezValeroEt2007.pdf');
INSERT INTO Write (AuthorID, PaperID) VALUES (10, 1764);
INSERT INTO Paper (PaperID, Title, Year, MDate, Key, DOI) VALUES (1875, 'Analyzing the Use of Non-overlap Features for Supervised Answer Validation.', 2008, '2017-09-16', 'conf/clef/Tellez-ValeroJMP08', 'https://doi.org/10.1007/978-3-642-04447-2_58');
INSERT INTO Write (AuthorID, PaperID) VALUES (10, 1875);
INSERT INTO Paper (PaperID, Title, Year, MDate, Key, DOI) VALUES (1895, 'A Supervised Learning Approach to Spanish Answer Validation.', 2007, '2017-05-24', 'conf/clef/Tellez-ValeroMP07', 'https://doi.org/10.1007/978-3-540-85760-0_51');
INSERT INTO Write (AuthorID, PaperID) VALUES (10, 1895);
INSERT INTO Paper (PaperID, Title, Year, MDate, Key, DOI) VALUES (1977, 'PEIMEX at eRisk2018: Emphasizing Personal Information for Depression and Anorexia Detection.', 2018, '2018-08-08', 'conf/clef/Ortega-MendozaL18', 'http://ceur-ws.org/Vol-2125/paper_122.pdf');
INSERT INTO Write (AuthorID, PaperID) VALUES (10, 1977);
INSERT INTO Write (AuthorID, PaperID) VALUES (10, 2010);
INSERT INTO Paper (PaperID, Title, Year, MDate, Key, DOI) VALUES (2080, 'I, Me, Mine: The Role of Personal Phrases in Author Profiling.', 2016, '2017-05-24', 'conf/clef/Ortega-MendozaF16', 'https://doi.org/10.1007/978-3-319-44564-9_9');
INSERT INTO Write (AuthorID, PaperID) VALUES (10, 2080);
INSERT INTO Paper (PaperID, Title, Year, MDate, Key, DOI) VALUES (2104, 'TIA-INAOE Participation at ImageCLEF 2008.', 2008, '2015-04-20', 'conf/clef/EscalanteGHLMMSV08', 'http://ceur-ws.org/Vol-1174/CLEF2008wn-ImageCLEF-EscalanteEt2008.pdf');
INSERT INTO Write (AuthorID, PaperID) VALUES (10, 2104);
INSERT INTO Write (AuthorID, PaperID) VALUES (10, 2218);
INSERT INTO Paper (PaperID, Title, Year, MDate, Key, DOI) VALUES (2270, 'Using Intra-Profile Information for Author Profiling.', 2014, '2014-09-10', 'conf/clef/Lopez-MonroyMEP14', 'http://ceur-ws.org/Vol-1180/CLEF2014wn-Pan-LopezMonroyEt2014.pdf');
INSERT INTO Write (AuthorID, PaperID) VALUES (10, 2270);
INSERT INTO Paper (PaperID, Title, Year, MDate, Key, DOI) VALUES (2317, 'TIA-INAOE''s Participation in ImageCLEF 2009.', 2009, '2014-09-30', 'conf/clef/EscalanteGHLMMRSP09', 'http://ceur-ws.org/Vol-1175/CLEF2009wn-ImageCLEF-EscalanteEt2009.pdf');
INSERT INTO Write (AuthorID, PaperID) VALUES (10, 2317);
INSERT INTO Paper (PaperID, Title, Year, MDate, Key, DOI) VALUES (2339, 'A Two-step Approach for Effective Detection of Misbehaving Users in Chats.', 2012, '2014-09-24', 'conf/clef/Villatoro-TelloJEMP12', 'http://www.clef-initiative.eu/documents/71612/1af63cb2-8f22-4db1-a3c3-a0108f272ae5');
INSERT INTO Write (AuthorID, PaperID) VALUES (10, 2339);
INSERT INTO Write (AuthorID, PaperID) VALUES (10, 2451);
INSERT INTO Paper (PaperID, Title, Year, MDate, Key, DOI) VALUES (2521, 'Applying Dependency Trees and Term Density for Answer Selection Reinforcement.', 2006, '2017-05-24', 'conf/clef/Perez-CoutinoMLPP06', 'https://doi.org/10.1007/978-3-540-74999-8_50');
INSERT INTO Write (AuthorID, PaperID) VALUES (10, 2521);
INSERT INTO Paper (PaperID, Title, Year, MDate, Key, DOI) VALUES (2522, 'INAOE''s Participation at QA@CLEF 2007.', 2007, '2014-09-24', 'conf/clef/TellezJHDVMP07a', 'http://ceur-ws.org/Vol-1173/CLEF2007wn-QACLEF-TellezEt2007.pdf');
INSERT INTO Write (AuthorID, PaperID) VALUES (10, 2522);
INSERT INTO Paper (PaperID, Title, Year, MDate, Key, DOI) VALUES (2611, 'INAOE at QA@CLEF 2008: Evaluating Answer Validation in Spanish Question Answering.', 2008, '2014-09-30', 'conf/clef/Tellez-ValeroJMV08', 'http://ceur-ws.org/Vol-1174/CLEF2008wn-QACLEF-TellezValero2008.pdf');
INSERT INTO Write (AuthorID, PaperID) VALUES (10, 2611);
INSERT INTO Paper (PaperID, Title, Year, MDate, Key, DOI) VALUES (2640, 'The Use of Lexical Context in Question Answering for Spanish.', 2004, '2014-08-15', 'conf/clef/Perez-CoutinoSMLP04', 'http://ceur-ws.org/Vol-1170/CLEF2004wn-QACLEF-Perez-CoutinoEt2004.pdf');
INSERT INTO Write (AuthorID, PaperID) VALUES (10, 2640);
INSERT INTO Paper (PaperID, Title, Year, MDate, Key, DOI) VALUES (2728, 'A Shallow Approach for Answer Selection based on Dependency Trees and Term Density.', 2006, '2014-08-15', 'conf/clef/Perez-CoutinoMLPP06a', 'http://ceur-ws.org/Vol-1172/CLEF2006wn-QACLEF-PerezCoutinoEt2006.pdf');
INSERT INTO Write (AuthorID, PaperID) VALUES (10, 2728);
INSERT INTO Paper (PaperID, Title, Year, MDate, Key, DOI) VALUES (2759, 'Towards Annotation-Based Query and Document Expansion for Image Retrieval.', 2007, '2017-05-24', 'conf/clef/EscalanteHLMMMSV07', 'https://doi.org/10.1007/978-3-540-85760-0_68');
INSERT INTO Write (AuthorID, PaperID) VALUES (10, 2759);
INSERT INTO Paper (PaperID, Title, Year, MDate, Key, DOI) VALUES (2769, 'Optimized Fuzzy Text Alignment for Plagiarism Detection.', 2012, '2014-09-24', 'conf/clef/Sanchez-VegaMP12', 'http://www.clef-initiative.eu/documents/71612/be84d34e-de8c-4ecc-ab54-65284b9cdfad');
INSERT INTO Write (AuthorID, PaperID) VALUES (10, 2769);
INSERT INTO Paper (PaperID, Title, Year, MDate, Key, DOI) VALUES (2826, 'Experiments for Tuning the Values of Lexical Features in Question Answering for Spanish.', 2005, '2014-08-15', 'conf/clef/Perez-CoutinoMLP05a', 'http://ceur-ws.org/Vol-1171/CLEF2005wn-QACLEF-PerezCoutinoEt2005.pdf');
INSERT INTO Write (AuthorID, PaperID) VALUES (10, 2826);
INSERT INTO Paper (PaperID, Title, Year, MDate, Key, DOI) VALUES (2941, 'UACH-INAOE participation at eRisk2017.', 2017, '2017-08-15', 'conf/clef/Farias-Anzaldua17', 'http://ceur-ws.org/Vol-1866/paper_136.pdf');
INSERT INTO Write (AuthorID, PaperID) VALUES (10, 2941);
INSERT INTO Paper (PaperID, Title, Year, MDate, Key, DOI) VALUES (2983, 'Social-Media Users can be profiled by their Similarity with other Users.', 2017, '2017-08-15', 'conf/clef/Lopez-MonroyMEP17', 'http://ceur-ws.org/Vol-1866/paper_109.pdf');
INSERT INTO Write (AuthorID, PaperID) VALUES (10, 2983);
INSERT INTO Paper (PaperID, Title, Year, MDate, Key, DOI) VALUES (3009, 'Using Machine Learning and Text Mining in Question Answering.', 2006, '2017-05-24', 'conf/clef/Juarez-GonzalezTDMP06', 'https://doi.org/10.1007/978-3-540-74999-8_49');
INSERT INTO Write (AuthorID, PaperID) VALUES (10, 3009);
INSERT INTO Paper (PaperID, Title, Year, MDate, Key, DOI) VALUES (3019, 'INAOE-UNAL at ImageCLEF 2015: Scalable Concept Image Annotation.', 2015, '2016-04-04', 'conf/clef/PellegrinVABEMG15', 'http://ceur-ws.org/Vol-1391/58-CR.pdf');
INSERT INTO Write (AuthorID, PaperID) VALUES (10, 3019);
INSERT INTO Paper (PaperID, Title, Year, MDate, Key, DOI) VALUES (3122, 'Question Answering for Spanish Supported by Lexical Context Annotation.', 2004, '2017-05-24', 'conf/clef/Perez-CoutinoSMLP05', 'https://doi.org/10.1007/11519645_49');
INSERT INTO Write (AuthorID, PaperID) VALUES (10, 3122);
INSERT INTO Paper (PaperID, Title, Year, MDate, Key, DOI) VALUES (3301, 'INAOE at GeoCLEF 2008: A Ranking Approach based on Sample Documents.', 2008, '2015-01-28', 'conf/clef/Villatoro-TelloMV08', 'http://ceur-ws.org/Vol-1174/CLEF2008wn-GeoCLEF-VillatoroTelloEt2008.pdf');
INSERT INTO Write (AuthorID, PaperID) VALUES (10, 3301);
INSERT INTO Paper (PaperID, Title, Year, MDate, Key, DOI) VALUES (3414, 'INAOE''s participation at ImageCLEF 2016: Text Illustration Task.', 2016, '2016-08-11', 'conf/clef/PellegrinLEM16', 'http://ceur-ws.org/Vol-1609/16090356.pdf');
INSERT INTO Write (AuthorID, PaperID) VALUES (10, 3414);
INSERT INTO Author (AuthorID, Name) VALUES (11, 'Julio Villena-Rom&aacute;n');
INSERT INTO Paper (PaperID, Title, Year, MDate, Key, DOI) VALUES (4, 'MIRACLE at ImageCLEFmed 2008: Semantic vs. Statistical Strategies for Topic Expansion.', 2008, '2017-05-24', 'conf/clef/Lana-SerranoVC08', 'https://doi.org/10.1007/978-3-642-04447-2_91');
INSERT INTO Write (AuthorID, PaperID) VALUES (11, 4);
INSERT INTO Paper (PaperID, Title, Year, MDate, Key, DOI) VALUES (42, 'MIRACLE-GSI at ImageCLEFphoto 2008: Different Strategies for Automatic Topic Expansion.', 2008, '2017-05-24', 'conf/clef/Villena-RomanLC08', 'https://doi.org/10.1007/978-3-642-04447-2_70');
INSERT INTO Write (AuthorID, PaperID) VALUES (11, 42);
INSERT INTO Paper (PaperID, Title, Year, MDate, Key, DOI) VALUES (56, 'DAEDALUS at RepLab 2012: Polarity Classification and Filtering on Twitter Data.', 2012, '2014-09-24', 'conf/clef/Villena-RomanLMGC12', 'http://www.clef-initiative.eu/documents/71612/c71f3491-8055-4b78-ba09-21e07e851cbc');
INSERT INTO Write (AuthorID, PaperID) VALUES (11, 56);
INSERT INTO Paper (PaperID, Title, Year, MDate, Key, DOI) VALUES (68, 'MIRACLE''s Naive Approach to Medical Images Annotation.', 2005, '2014-09-18', 'conf/clef/Villena-RomanCGM05', 'http://ceur-ws.org/Vol-1171/CLEF2005wn-ImageCLEF-VillenaRomanEt2005b.pdf');
INSERT INTO Write (AuthorID, PaperID) VALUES (11, 68);
INSERT INTO Paper (PaperID, Title, Year, MDate, Key, DOI) VALUES (135, 'MIRACLE at Ad-Hoc CLEF 2005: Merging and Combining Without Using a Single Approach.', 2005, '2017-05-24', 'conf/clef/Goni-MenoyoGV05', 'https://doi.org/10.1007/11878773_4');
INSERT INTO Write (AuthorID, PaperID) VALUES (11, 135);
INSERT INTO Paper (PaperID, Title, Year, MDate, Key, DOI) VALUES (202, 'MIRACLE at WebCLEF 2005: Combining Web Specific and Linguistic Information.', 2005, '2017-05-24', 'conf/clef/Martinez-GonzalezMPV05', 'https://doi.org/10.1007/11878773_95');
INSERT INTO Write (AuthorID, PaperID) VALUES (11, 202);
INSERT INTO Paper (PaperID, Title, Year, MDate, Key, DOI) VALUES (317, 'MIRACLE at ImageCLEFannot 2008: Classification of Image Features for Medical Image Annotation.', 2008, '2014-09-29', 'conf/clef/Lana-SerranoVCG08a', 'http://ceur-ws.org/Vol-1174/CLEF2008wn-ImageCLEF-LanaSerranoEt2008b.pdf');
INSERT INTO Write (AuthorID, PaperID) VALUES (11, 317);
INSERT INTO Paper (PaperID, Title, Year, MDate, Key, DOI) VALUES (410, 'MIRACLE at ImageCLEFannot 2008: Nearest Neighbour Classification of Image Feature Vectors for Medical Image Annotation.', 2008, '2017-06-02', 'conf/clef/Lana-SerranoVCG08', 'https://doi.org/10.1007/978-3-642-04447-2_93');
INSERT INTO Write (AuthorID, PaperID) VALUES (11, 410);
INSERT INTO Paper (PaperID, Title, Year, MDate, Key, DOI) VALUES (433, 'Report of MIRACLE team for the Ad-Hoc Track in CLEF 2007.', 2007, '2014-09-23', 'conf/clef/Goni-MenoyoCVL07', 'http://ceur-ws.org/Vol-1173/CLEF2007wn-adhoc-GoniMenoyoEt2007.pdf');
INSERT INTO Write (AuthorID, PaperID) VALUES (11, 433);
INSERT INTO Paper (PaperID, Title, Year, MDate, Key, DOI) VALUES (483, 'Effect of Connective Functions in Interactive Image Retrieval.', 2005, '2017-05-24', 'conf/clef/Villena-RomanGC05', 'https://doi.org/10.1007/11878773_34');
INSERT INTO Write (AuthorID, PaperID) VALUES (11, 483);
INSERT INTO Paper (PaperID, Title, Year, MDate, Key, DOI) VALUES (498, 'MIRACLE''s 2005 Approach to Cross-lingual Information Retrieval.', 2005, '2014-08-15', 'conf/clef/GonzalezGV05', 'http://ceur-ws.org/Vol-1171/CLEF2005wn-adhoc-GonzalezEt2005.pdf');
INSERT INTO Write (AuthorID, PaperID) VALUES (11, 498);
INSERT INTO Paper (PaperID, Title, Year, MDate, Key, DOI) VALUES (571, 'MIRACLE at VideoCLEF 2008: Classification of Multilingual Speech Transcripts.', 2008, '2014-09-29', 'conf/clef/Villena-RomanL08a', 'http://ceur-ws.org/Vol-1174/CLEF2008wn-VideoCLEF-VillenaRomanEt2008.pdf');
INSERT INTO Write (AuthorID, PaperID) VALUES (11, 571);
INSERT INTO Paper (PaperID, Title, Year, MDate, Key, DOI) VALUES (574, 'DAEDALUS at WebPS-3 2010: k-Medoids Clustering Using a Cost Function Minimization.', 2010, '2014-09-24', 'conf/clef/Lana-SerranoVC10a', 'http://www.clef-initiative.eu/documents/71612/86374/CLEF2010wn-WePS-Lana-SerranoEt2010.pdf');
INSERT INTO Write (AuthorID, PaperID) VALUES (11, 574);
INSERT INTO Paper (PaperID, Title, Year, MDate, Key, DOI) VALUES (585, 'DAEDALUS at PAN 2014: Guessing Tweet Author''s Gender and Age.', 2014, '2014-09-18', 'conf/clef/Villena-RomanG14', 'http://ceur-ws.org/Vol-1180/CLEF2014wn-Pan-VillenaRomanEt2014.pdf');
INSERT INTO Write (AuthorID, PaperID) VALUES (11, 585);
INSERT INTO Paper (PaperID, Title, Year, MDate, Key, DOI) VALUES (721, 'MIRACLE''s Combination of Visual and Textual Queries for Medical Image Retrieval.', 2005, '2014-08-15', 'conf/clef/Villena-RomanCGF05', 'http://ceur-ws.org/Vol-1171/CLEF2005wn-ImageCLEF-VillenaRomanEt2005.pdf');
INSERT INTO Write (AuthorID, PaperID) VALUES (11, 721);
INSERT INTO Paper (PaperID, Title, Year, MDate, Key, DOI) VALUES (790, 'Expanding Queries Through Word Sense Disambiguation.', 2006, '2018-10-05', 'conf/clef/Martinez-FernandezGVM06', 'https://doi.org/10.1007/978-3-540-74999-8_74');
INSERT INTO Write (AuthorID, PaperID) VALUES (11, 790);
INSERT INTO Paper (PaperID, Title, Year, MDate, Key, DOI) VALUES (868, 'MIRACLE at ImageCLEFanot 2007: Machine Learning Experiments on Medical Image Annotation.', 2007, '2017-05-24', 'conf/clef/Lana-SerranoVCG07', 'https://doi.org/10.1007/978-3-540-85760-0_75');
INSERT INTO Write (AuthorID, PaperID) VALUES (11, 868);
INSERT INTO Paper (PaperID, Title, Year, MDate, Key, DOI) VALUES (1119, 'DAEDALUS at LogCLEF 2011: Analyzing Query Success and User Context.', 2011, '2014-09-24', 'conf/clef/Lana-SerranoVC11a', 'http://www.clef-initiative.eu/documents/71612/86377/CLEF2011wn-LogCLEF-Lana-SerranoEt2011.pdf');
INSERT INTO Write (AuthorID, PaperID) VALUES (11, 1119);
INSERT INTO Paper (PaperID, Title, Year, MDate, Key, DOI) VALUES (1469, 'Combining Textual and Visual Features for Image Retrieval.', 2005, '2017-05-24', 'conf/clef/FernandezRGC05', 'https://doi.org/10.1007/11878773_75');
INSERT INTO Write (AuthorID, PaperID) VALUES (11, 1469);
INSERT INTO Paper (PaperID, Title, Year, MDate, Key, DOI) VALUES (1485, 'DAEDALUS at RepLab 2014: Detecting RepTrak Reputation Dimensions on Tweets.', 2014, '2014-09-18', 'conf/clef/Pablo-SanchezGVG14', 'http://ceur-ws.org/Vol-1180/CLEF2014wn-Rep-PabloSanchezEt2014.pdf');
INSERT INTO Write (AuthorID, PaperID) VALUES (11, 1485);
INSERT INTO Paper (PaperID, Title, Year, MDate, Key, DOI) VALUES (1492, 'MIRACLE at ImageCLEFmed 2007: Merging Textual and Visual Strategies to Improve Medical Image Retrieval.', 2007, '2014-09-23', 'conf/clef/Villena-RomanLC07a', 'http://ceur-ws.org/Vol-1173/CLEF2007wn-ImageCLEF-VillenaRomanEt2007a.pdf');
INSERT INTO Write (AuthorID, PaperID) VALUES (11, 1492);
INSERT INTO Paper (PaperID, Title, Year, MDate, Key, DOI) VALUES (1509, 'A Plagiarism Detector for Intrinsic Plagiarism - Lab Report for PAN at CLEF 2010.', 2010, '2016-06-02', 'conf/clef/SuarezCV10', 'http://www.clef-initiative.eu/documents/71612/86374/CLEF2010wn-PAN-Su%C3%A1rezEt2010.pdf');
INSERT INTO Write (AuthorID, PaperID) VALUES (11, 1509);
INSERT INTO Paper (PaperID, Title, Year, MDate, Key, DOI) VALUES (1516, 'MIRACLE at ImageCLEFphoto 2007: Evaluation of Merging Strategies for Multilingual and Multimedia Information Retrieval.', 2007, '2017-05-24', 'conf/clef/Villena-RomanLMC07', 'https://doi.org/10.1007/978-3-540-85760-0_61');
INSERT INTO Write (AuthorID, PaperID) VALUES (11, 1516);
INSERT INTO Paper (PaperID, Title, Year, MDate, Key, DOI) VALUES (1585, 'MIRACLE at VideoCLEF 2008: Topic Identification and Keyframe Extraction in Dual Language Videos.', 2008, '2017-05-24', 'conf/clef/Villena-RomanL08', 'https://doi.org/10.1007/978-3-642-04447-2_120');
INSERT INTO Write (AuthorID, PaperID) VALUES (11, 1585);
INSERT INTO Paper (PaperID, Title, Year, MDate, Key, DOI) VALUES (1925, 'MIRACLE Evaluation of Results for ImageCLEF 2003.', 2003, '2014-08-15', 'conf/clef/Villena-RomanMFGRMGG03', 'http://ceur-ws.org/Vol-1169/CLEF2003wn-ImageCLEF-VillenaRomanEt2003.pdf');
INSERT INTO Write (AuthorID, PaperID) VALUES (11, 1925);
INSERT INTO Paper (PaperID, Title, Year, MDate, Key, DOI) VALUES (1930, 'MIRACLE at ImageCLEFphoto 2007: Evaluation of Merging Strategies for Multilingual and Multimedia Information Retrieval.', 2007, '2014-09-23', 'conf/clef/Villena-RomanLMC07a', 'http://ceur-ws.org/Vol-1173/CLEF2007wn-ImageCLEF-VillenaRomanEt2007.pdf');
INSERT INTO Write (AuthorID, PaperID) VALUES (11, 1930);
INSERT INTO Paper (PaperID, Title, Year, MDate, Key, DOI) VALUES (1948, 'MIRACLE at ImageCLEFmed 2007: Merging Textual and Visual Strategies to Improve Medical Image Retrieval.', 2007, '2017-05-24', 'conf/clef/Villena-RomanLC07', 'https://doi.org/10.1007/978-3-540-85760-0_74');
INSERT INTO Write (AuthorID, PaperID) VALUES (11, 1948);
INSERT INTO Paper (PaperID, Title, Year, MDate, Key, DOI) VALUES (2051, 'DAEDALUS at ImageCLEF Medical Retrieval 2011: Textual, Visual and Multimodal Experiments.', 2011, '2014-09-24', 'conf/clef/Lana-SerranoVC11', 'http://www.clef-initiative.eu/documents/71612/86377/CLEF2011wn-ImageCLEF-Lana-SerranoEt2011.pdf');
INSERT INTO Write (AuthorID, PaperID) VALUES (11, 2051);
INSERT INTO Paper (PaperID, Title, Year, MDate, Key, DOI) VALUES (2129, 'DAEDALUS at ImageCLEF 2011 Plant Identification Task: Using SIFT Keypoints for Object Detection.', 2011, '2016-06-02', 'conf/clef/Villena-RomanLC11', 'http://www.clef-initiative.eu/documents/71612/86377/CLEF2011wn-ImageCLEF-Villena-Rom%C3%A1nEt2011.pdf');
INSERT INTO Write (AuthorID, PaperID) VALUES (11, 2129);
INSERT INTO Paper (PaperID, Title, Year, MDate, Key, DOI) VALUES (2130, 'MIRACLE at GeoCLEF Query Parsing 2007: Extraction and Classification of Geographical Information.', 2007, '2017-05-24', 'conf/clef/Lana-SerranoVCG07a', 'https://doi.org/10.1007/978-3-540-85760-0_99');
INSERT INTO Write (AuthorID, PaperID) VALUES (11, 2130);
INSERT INTO Paper (PaperID, Title, Year, MDate, Key, DOI) VALUES (2300, 'MIRACLE at ImageCLEFanot 2007: Machine Learning Experiments on Medical Image Annotation.', 2007, '2014-09-23', 'conf/clef/Lana-SerranoVCG07b', 'http://ceur-ws.org/Vol-1173/CLEF2007wn-ImageCLEF-LanaSerranoEt2007.pdf');
INSERT INTO Write (AuthorID, PaperID) VALUES (11, 2300);
INSERT INTO Paper (PaperID, Title, Year, MDate, Key, DOI) VALUES (2355, 'MIRACLE-GSI at ImageCLEFphoto 2008: Experiments on Semantic and Statistical Topic Expansion.', 2008, '2014-09-29', 'conf/clef/Villena-RomanLG08', 'http://ceur-ws.org/Vol-1174/CLEF2008wn-ImageCLEF-VillenaRomanEt2008.pdf');
INSERT INTO Write (AuthorID, PaperID) VALUES (11, 2355);
INSERT INTO Paper (PaperID, Title, Year, MDate, Key, DOI) VALUES (2415, 'MIRACLE at GeoCLEF Query Parsing 2007: Extraction and Classification of Geographical Information.', 2007, '2014-09-23', 'conf/clef/Lana-SerranoVG07', 'http://ceur-ws.org/Vol-1173/CLEF2007wn-GeoCLEF-LanaSerranoEt2007.pdf');
INSERT INTO Write (AuthorID, PaperID) VALUES (11, 2415);
INSERT INTO Paper (PaperID, Title, Year, MDate, Key, DOI) VALUES (2588, 'Boolean Operators in Interactive Search.', 2005, '2014-08-15', 'conf/clef/Villena-RomanGC05a', 'http://ceur-ws.org/Vol-1171/CLEF2005wn-iCLEF-VillenaRomanEt2005.pdf');
INSERT INTO Write (AuthorID, PaperID) VALUES (11, 2588);
INSERT INTO Paper (PaperID, Title, Year, MDate, Key, DOI) VALUES (2610, 'DAEDALUS at ImageCLEF Wikipedia Retrieval 2010: Expanding with Semantic Information from Context.', 2010, '2014-09-24', 'conf/clef/Lana-SerranoVC10', 'http://www.clef-initiative.eu/documents/71612/86374/CLEF2010wn-ImageCLEF-Lana-SerranoEt2010.pdf');
INSERT INTO Write (AuthorID, PaperID) VALUES (11, 2610);
INSERT INTO Paper (PaperID, Title, Year, MDate, Key, DOI) VALUES (2638, 'MIRACLE at ImageCLEFmed 2009: Reevaluating Strategies for Automatic Topic Expansion.', 2009, '2014-09-29', 'conf/clef/Lana-SerranoVG09', 'http://ceur-ws.org/Vol-1175/CLEF2009wn-ImageCLEF-LanaSerranoEt2009.pdf');
INSERT INTO Write (AuthorID, PaperID) VALUES (11, 2638);
INSERT INTO Paper (PaperID, Title, Year, MDate, Key, DOI) VALUES (2811, 'DAEDALUS at LogCLEF 2010: Analyzing the Success of Search Queries.', 2010, '2014-09-24', 'conf/clef/Lana-SerranoVC10b', 'http://www.clef-initiative.eu/documents/71612/86374/CLEF2010wn-LogCLEF-Lana-SerranoEt2010.pdf');
INSERT INTO Write (AuthorID, PaperID) VALUES (11, 2811);
INSERT INTO Paper (PaperID, Title, Year, MDate, Key, DOI) VALUES (3091, 'MIRACLE''s Approach to Multilingual Web Retrieval.', 2005, '2014-08-15', 'conf/clef/Martinez-GonzalezMPVJMC05', 'http://ceur-ws.org/Vol-1171/CLEF2005wn-WebCLEF-MartinezGonzalezEt2005.pdf');
INSERT INTO Write (AuthorID, PaperID) VALUES (11, 3091);
INSERT INTO Paper (PaperID, Title, Year, MDate, Key, DOI) VALUES (3191, 'MIRACLE-GSI at ImageCLEFphoto 2009: Comparing Clustering vs. Classification for Result Reranking.', 2009, '2014-09-29', 'conf/clef/Villena-RomanLG09', 'http://ceur-ws.org/Vol-1175/CLEF2009wn-ImageCLEF-VillenaRomanEt2009.pdf');
INSERT INTO Write (AuthorID, PaperID) VALUES (11, 3191);
INSERT INTO Paper (PaperID, Title, Year, MDate, Key, DOI) VALUES (3339, 'MIRACLE at ImageCLEFmed 2008: Evaluating Strategies for Automatic Topic Expansion.', 2008, '2014-09-29', 'conf/clef/Lana-SerranoVG08', 'http://ceur-ws.org/Vol-1174/CLEF2008wn-ImageCLEF-LanaSerranoEt2008a.pdf');
INSERT INTO Write (AuthorID, PaperID) VALUES (11, 3339);
INSERT INTO Paper (PaperID, Title, Year, MDate, Key, DOI) VALUES (3342, 'MIRACLE Progress in Monolingual Information Retrieval at Ad-Hoc CLEF 2007.', 2007, '2017-05-24', 'conf/clef/CristobalGVL07', 'https://doi.org/10.1007/978-3-540-85760-0_21');
INSERT INTO Write (AuthorID, PaperID) VALUES (11, 3342);
INSERT INTO Paper (PaperID, Title, Year, MDate, Key, DOI) VALUES (3372, 'Evaluation of MIRACLE Approach Results for CLEF 2003.', 2003, '2014-08-15', 'conf/clef/Martinez-FernandezVFGRMGG03', 'http://ceur-ws.org/Vol-1169/CLEF2003wn-adhoc-MartinezEt2003.pdf');
INSERT INTO Write (AuthorID, PaperID) VALUES (11, 3372);
INSERT INTO Paper (PaperID, Title, Year, MDate, Key, DOI) VALUES (3433, 'MIRACLE''s 2005 Approach to Monolingual Information Retrieval.', 2005, '2014-08-15', 'conf/clef/Goni-MenoyoGV05a', 'http://ceur-ws.org/Vol-1171/CLEF2005wn-adhoc-GoniMenoyoEt2005.pdf');
INSERT INTO Write (AuthorID, PaperID) VALUES (11, 3433);
INSERT INTO Paper (PaperID, Title, Year, MDate, Key, DOI) VALUES (3488, 'MIRACLE''s Hybrid Approach to Bilingual and Monolingual Information Retrieval.', 2004, '2018-10-05', 'conf/clef/Goni-MenoyoGMVGFPA04', 'http://ceur-ws.org/Vol-1170/CLEF2004wn-adhoc-GoniMenoyoEt2004.pdf');
INSERT INTO Write (AuthorID, PaperID) VALUES (11, 3488);
INSERT INTO Paper (PaperID, Title, Year, MDate, Key, DOI) VALUES (3495, 'Report of MIRACLE Team for the Ad-Hoc Track in CLEF 2006.', 2006, '2014-08-15', 'conf/clef/Goni-MenoyoCV06', 'http://ceur-ws.org/Vol-1172/CLEF2006wn-adhoc-GoniMenoyoEt2006.pdf');
INSERT INTO Write (AuthorID, PaperID) VALUES (11, 3495);
INSERT INTO Author (AuthorID, Name) VALUES (12, 'Johannes Leveling');
INSERT INTO Paper (PaperID, Title, Year, MDate, Key, DOI) VALUES (333, 'University of Hagen at CLEF 2003: Natural Language Access to the GIRT4 Data.', 2003, '2014-08-15', 'conf/clef/Leveling03a', 'http://ceur-ws.org/Vol-1169/CLEF2003wn-DomainSpecific-Leveling2003.pdf');
INSERT INTO Write (AuthorID, PaperID) VALUES (12, 333);
INSERT INTO Paper (PaperID, Title, Year, MDate, Key, DOI) VALUES (351, 'University of Hagen at QA@CLEF 2008: Efficient Question Answering with Question Decomposition and Multiple Answer Streams.', 2008, '2014-09-29', 'conf/clef/HartrumpfGL08a', 'http://ceur-ws.org/Vol-1174/CLEF2008wn-QACLEF-HartrumpfEt2008.pdf');
INSERT INTO Write (AuthorID, PaperID) VALUES (12, 351);
INSERT INTO Paper (PaperID, Title, Year, MDate, Key, DOI) VALUES (364, 'Integrating Methods from IR and QA for Geographic Information Retrieval.', 2008, '2017-06-02', 'conf/clef/LevelingH08', 'https://doi.org/10.1007/978-3-642-04447-2_111');
INSERT INTO Write (AuthorID, PaperID) VALUES (12, 364);
INSERT INTO Paper (PaperID, Title, Year, MDate, Key, DOI) VALUES (474, 'University of Hagen at QA@CLEF 2007: Coreference Resolution for Questions and Answer Merging.', 2007, '2014-09-23', 'conf/clef/HartrumpfGL07a', 'http://ceur-ws.org/Vol-1173/CLEF2007wn-QACLEF-HartrumpfEt2007.pdf');
INSERT INTO Write (AuthorID, PaperID) VALUES (12, 474);
INSERT INTO Paper (PaperID, Title, Year, MDate, Key, DOI) VALUES (510, 'Recursive Question Decomposition for Answering Complex Geographic Questions.', 2009, '2017-06-02', 'conf/clef/HartrumpfL09', 'https://doi.org/10.1007/978-3-642-15754-7_36');
INSERT INTO Write (AuthorID, PaperID) VALUES (12, 510);
INSERT INTO Paper (PaperID, Title, Year, MDate, Key, DOI) VALUES (604, 'Using Semantic Networks for Geographic Information Retrieval.', 2005, '2017-06-02', 'conf/clef/LevelingHV05', 'https://doi.org/10.1007/11878773_109');
INSERT INTO Write (AuthorID, PaperID) VALUES (12, 604);
INSERT INTO Paper (PaperID, Title, Year, MDate, Key, DOI) VALUES (823, 'GIRSA-WP at GikiCLEF: Integration of Structured Information and Decomposition of Questions.', 2009, '2014-09-29', 'conf/clef/HartrumpfL09a', 'http://ceur-ws.org/Vol-1175/CLEF2009wn-QACLEF-HartrumpfEt2009.pdf');
INSERT INTO Write (AuthorID, PaperID) VALUES (12, 823);
INSERT INTO Paper (PaperID, Title, Year, MDate, Key, DOI) VALUES (850, 'Getting Geographical Answers fromWikipedia: the GikiP pilot at CLEF.', 2008, '2014-09-29', 'conf/clef/SantosCCDHLS08a', 'http://ceur-ws.org/Vol-1174/CLEF2008wn-GeoCLEF-SantosEt2008.pdf');
INSERT INTO Write (AuthorID, PaperID) VALUES (12, 850);
INSERT INTO Write (AuthorID, PaperID) VALUES (12, 863);
INSERT INTO Paper (PaperID, Title, Year, MDate, Key, DOI) VALUES (879, 'University of Hagen at GeoCLEF 2005: Using Semantic Networks for Interpreting Geographical Queries.', 2005, '2014-08-15', 'conf/clef/LevelingHV05a', 'http://ceur-ws.org/Vol-1171/CLEF2005wn-GeoCLEF-LevelingEt2005.pdf');
INSERT INTO Write (AuthorID, PaperID) VALUES (12, 879);
INSERT INTO Write (AuthorID, PaperID) VALUES (12, 999);
INSERT INTO Write (AuthorID, PaperID) VALUES (12, 1024);
INSERT INTO Paper (PaperID, Title, Year, MDate, Key, DOI) VALUES (1201, 'Coreference Resolution for Questions and Answer Merging by Validation.', 2007, '2017-06-02', 'conf/clef/HartrumpfGL07', 'https://doi.org/10.1007/978-3-540-85760-0_32');
INSERT INTO Write (AuthorID, PaperID) VALUES (12, 1201);
INSERT INTO Write (AuthorID, PaperID) VALUES (12, 1214);
INSERT INTO Paper (PaperID, Title, Year, MDate, Key, DOI) VALUES (1255, 'GikiP at GeoCLEF 2008: Joining GIR and QA Forces for Querying Wikipedia.', 2008, '2017-06-02', 'conf/clef/SantosCCDHLS08', 'https://doi.org/10.1007/978-3-642-04447-2_118');
INSERT INTO Write (AuthorID, PaperID) VALUES (12, 1255);
INSERT INTO Paper (PaperID, Title, Year, MDate, Key, DOI) VALUES (1310, 'Reranking Documents with Antagonistic Terms.', 2006, '2017-06-02', 'conf/clef/Leveling06', 'https://doi.org/10.1007/978-3-540-74999-8_24');
INSERT INTO Write (AuthorID, PaperID) VALUES (12, 1310);
INSERT INTO Paper (PaperID, Title, Year, MDate, Key, DOI) VALUES (1567, 'University of Hagen at CLEF 2003: Natural Language Access to the GIRT4 Data.', 2003, '2017-06-02', 'conf/clef/Leveling03', 'https://doi.org/10.1007/978-3-540-30222-3_40');
INSERT INTO Write (AuthorID, PaperID) VALUES (12, 1567);
INSERT INTO Write (AuthorID, PaperID) VALUES (12, 1606);
INSERT INTO Write (AuthorID, PaperID) VALUES (12, 1676);
INSERT INTO Write (AuthorID, PaperID) VALUES (12, 1718);
INSERT INTO Write (AuthorID, PaperID) VALUES (12, 1729);
INSERT INTO Write (AuthorID, PaperID) VALUES (12, 1853);
INSERT INTO Paper (PaperID, Title, Year, MDate, Key, DOI) VALUES (1943, 'Efficient Question Answering with Question Decomposition and Multiple Answer Streams.', 2008, '2017-06-02', 'conf/clef/HartrumpfGL08', 'https://doi.org/10.1007/978-3-642-04447-2_49');
INSERT INTO Write (AuthorID, PaperID) VALUES (12, 1943);
INSERT INTO Paper (PaperID, Title, Year, MDate, Key, DOI) VALUES (1993, 'University of Hagen at QA@CLEF 2006: Interpretation and Normalization of Temporal Expressions.', 2006, '2014-08-15', 'conf/clef/HartrumpfL06a', 'http://ceur-ws.org/Vol-1172/CLEF2006wn-QACLEF-HartrumpfEt2006.pdf');
INSERT INTO Write (AuthorID, PaperID) VALUES (12, 1993);
INSERT INTO Write (AuthorID, PaperID) VALUES (12, 2022);
INSERT INTO Paper (PaperID, Title, Year, MDate, Key, DOI) VALUES (2120, 'University of Hagen at GeoCLEF 2007: Exploring Location Indicators for Geographic Information Retrieval.', 2007, '2014-09-23', 'conf/clef/LevelingH07a', 'http://ceur-ws.org/Vol-1173/CLEF2007wn-GeoCLEF-LevelingEt2007.pdf');
INSERT INTO Write (AuthorID, PaperID) VALUES (12, 2120);
INSERT INTO Paper (PaperID, Title, Year, MDate, Key, DOI) VALUES (2134, 'University of Hagen at CLEF 2004: Indexing and Translating Concepts for the GIRT Task.', 2004, '2014-08-15', 'conf/clef/LevelingH04', 'http://ceur-ws.org/Vol-1170/CLEF2004wn-DomainSpecific-LevelingEt2004.pdf');
INSERT INTO Write (AuthorID, PaperID) VALUES (12, 2134);
INSERT INTO Write (AuthorID, PaperID) VALUES (12, 2189);
INSERT INTO Paper (PaperID, Title, Year, MDate, Key, DOI) VALUES (2196, 'University of Hagen at GeoCLEF 2008: Combining IR and QA for Geographic Information Retrieval.', 2008, '2014-09-29', 'conf/clef/LevelingH08a', 'http://ceur-ws.org/Vol-1174/CLEF2008wn-GeoCLEF-LevelingEt2008.pdf');
INSERT INTO Write (AuthorID, PaperID) VALUES (12, 2196);
INSERT INTO Write (AuthorID, PaperID) VALUES (12, 2279);
INSERT INTO Write (AuthorID, PaperID) VALUES (12, 2421);
INSERT INTO Paper (PaperID, Title, Year, MDate, Key, DOI) VALUES (2574, 'University of Hagen at GeoCLEF2006: Experiments with Metonymy Recognition in Documents.', 2006, '2014-08-15', 'conf/clef/LevelingV06a', 'http://ceur-ws.org/Vol-1172/CLEF2006wn-GeoCLEF-LevelingEt2006.pdf');
INSERT INTO Write (AuthorID, PaperID) VALUES (12, 2574);
INSERT INTO Write (AuthorID, PaperID) VALUES (12, 2622);
INSERT INTO Paper (PaperID, Title, Year, MDate, Key, DOI) VALUES (2798, 'University of Hagen at CLEF 2004: Indexing and Translating Concepts for the GIRT Task.', 2004, '2017-06-02', 'conf/clef/LevelingH05', 'https://doi.org/10.1007/11519645_28');
INSERT INTO Write (AuthorID, PaperID) VALUES (12, 2798);
INSERT INTO Paper (PaperID, Title, Year, MDate, Key, DOI) VALUES (2933, 'Experiments on the Exclusion of Metonymic Location Names from GIR.', 2006, '2017-06-02', 'conf/clef/LevelingV06', 'https://doi.org/10.1007/978-3-540-74999-8_114');
INSERT INTO Write (AuthorID, PaperID) VALUES (12, 2933);
INSERT INTO Paper (PaperID, Title, Year, MDate, Key, DOI) VALUES (2947, 'Interpretation and Normalization of Temporal Expressions for Question Answering.', 2006, '2017-06-02', 'conf/clef/HartrumpfL06', 'https://doi.org/10.1007/978-3-540-74999-8_51');
INSERT INTO Write (AuthorID, PaperID) VALUES (12, 2947);
INSERT INTO Write (AuthorID, PaperID) VALUES (12, 3018);
INSERT INTO Write (AuthorID, PaperID) VALUES (12, 3053);
INSERT INTO Paper (PaperID, Title, Year, MDate, Key, DOI) VALUES (3080, 'University of Hagen at CLEF 2005: Towards a Better Baseline for NLP Methods in Domain-Specific Information Retrieval.', 2005, '2014-08-15', 'conf/clef/Leveling05a', 'http://ceur-ws.org/Vol-1171/CLEF2005wn-DomainSpecific-Leveling2005.pdf');
INSERT INTO Write (AuthorID, PaperID) VALUES (12, 3080);
INSERT INTO Paper (PaperID, Title, Year, MDate, Key, DOI) VALUES (3279, 'A Baseline for NLP in Domain-Specific IR.', 2005, '2017-06-02', 'conf/clef/Leveling05', 'https://doi.org/10.1007/11878773_26');
INSERT INTO Write (AuthorID, PaperID) VALUES (12, 3279);
INSERT INTO Paper (PaperID, Title, Year, MDate, Key, DOI) VALUES (3331, 'Revamping Question Answering with a Semantic Approach over World Knowledge.', 2010, '2014-09-24', 'conf/clef/CardosoDHL10', 'http://www.clef-initiative.eu/documents/71612/86374/CLEF2010wn-MLQA10-CardosoEt2010.pdf');
INSERT INTO Write (AuthorID, PaperID) VALUES (12, 3331);
INSERT INTO Paper (PaperID, Title, Year, MDate, Key, DOI) VALUES (3470, 'University of Hagen at CLEF2006: Reranking Documents for the Domain-specific Task.', 2006, '2014-08-15', 'conf/clef/Leveling06a', 'http://ceur-ws.org/Vol-1172/CLEF2006wn-DomainSpecific-Leveling2006.pdf');
INSERT INTO Write (AuthorID, PaperID) VALUES (12, 3470);
INSERT INTO Paper (PaperID, Title, Year, MDate, Key, DOI) VALUES (3494, 'Inferring Location Names for Geographic Information Retrieval.', 2007, '2017-06-02', 'conf/clef/LevelingH07', 'https://doi.org/10.1007/978-3-540-85760-0_97');
INSERT INTO Write (AuthorID, PaperID) VALUES (12, 3494);
INSERT INTO Author (AuthorID, Name) VALUES (13, 'Rafael Mu&ntilde;oz 0001');
INSERT INTO Write (AuthorID, PaperID) VALUES (13, 13);
INSERT INTO Write (AuthorID, PaperID) VALUES (13, 47);
INSERT INTO Write (AuthorID, PaperID) VALUES (13, 49);
INSERT INTO Write (AuthorID, PaperID) VALUES (13, 95);
INSERT INTO Write (AuthorID, PaperID) VALUES (13, 159);
INSERT INTO Write (AuthorID, PaperID) VALUES (13, 207);
INSERT INTO Paper (PaperID, Title, Year, MDate, Key, DOI) VALUES (217, 'Author Masking by Sentence Transformation.', 2017, '2018-08-12', 'conf/clef/Castro-CastroBM17', 'http://ceur-ws.org/Vol-1866/paper_170.pdf');
INSERT INTO Write (AuthorID, PaperID) VALUES (13, 217);
INSERT INTO Paper (PaperID, Title, Year, MDate, Key, DOI) VALUES (254, 'On the Application of Lexical-Syntactic Knowledge to the Answer Validation Exercise.', 2007, '2018-08-09', 'conf/clef/FerrandezMMP07', 'https://doi.org/10.1007/978-3-540-85760-0_48');
INSERT INTO Write (AuthorID, PaperID) VALUES (13, 254);
INSERT INTO Write (AuthorID, PaperID) VALUES (13, 389);
INSERT INTO Write (AuthorID, PaperID) VALUES (13, 548);
INSERT INTO Write (AuthorID, PaperID) VALUES (13, 682);
INSERT INTO Write (AuthorID, PaperID) VALUES (13, 751);
INSERT INTO Paper (PaperID, Title, Year, MDate, Key, DOI) VALUES (1098, 'Evaluation of Complex Temporal Questions in CLEF-QA.', 2004, '2018-08-09', 'conf/clef/SaqueteGMM04', 'http://ceur-ws.org/Vol-1170/CLEF2004wn-QACLEF-SaqueteEt2004.pdf');
INSERT INTO Write (AuthorID, PaperID) VALUES (13, 1098);
INSERT INTO Paper (PaperID, Title, Year, MDate, Key, DOI) VALUES (1199, 'GIR with Geographic Query Expansion.', 2006, '2018-08-09', 'conf/clef/ToralFNKMM06', 'https://doi.org/10.1007/978-3-540-74999-8_112');
INSERT INTO Write (AuthorID, PaperID) VALUES (13, 1199);
INSERT INTO Write (AuthorID, PaperID) VALUES (13, 1368);
INSERT INTO Write (AuthorID, PaperID) VALUES (13, 1443);
INSERT INTO Write (AuthorID, PaperID) VALUES (13, 1591);
INSERT INTO Paper (PaperID, Title, Year, MDate, Key, DOI) VALUES (1600, 'Authorship Verification, combining Linguistic Features and Different Similarity Functions.', 2015, '2018-08-12', 'conf/clef/CastroAPM15', 'http://ceur-ws.org/Vol-1391/83-CR.pdf');
INSERT INTO Write (AuthorID, PaperID) VALUES (13, 1600);
INSERT INTO Paper (PaperID, Title, Year, MDate, Key, DOI) VALUES (1730, 'Discovering Author Groups using a B-compact graph-based Clustering.', 2017, '2018-08-12', 'conf/clef/Garcia-MondejaC17', 'http://ceur-ws.org/Vol-1866/paper_139.pdf');
INSERT INTO Write (AuthorID, PaperID) VALUES (13, 1730);
INSERT INTO Write (AuthorID, PaperID) VALUES (13, 1809);
INSERT INTO Paper (PaperID, Title, Year, MDate, Key, DOI) VALUES (1824, 'Studying the Influence of Semantic Constraints in AVE.', 2008, '2018-11-14', 'conf/clef/FerrandezMP08', 'https://www.wikidata.org/entity/Q57712976');
INSERT INTO Write (AuthorID, PaperID) VALUES (13, 1824);
INSERT INTO Write (AuthorID, PaperID) VALUES (13, 2058);
INSERT INTO Paper (PaperID, Title, Year, MDate, Key, DOI) VALUES (2265, 'The Contribution of the University of Alicante to AVE 2007.', 2007, '2018-08-09', 'conf/clef/FerrandezMMP07a', 'http://ceur-ws.org/Vol-1173/CLEF2007wn-QACLEF-FerrandezEt2007.pdf');
INSERT INTO Write (AuthorID, PaperID) VALUES (13, 2265);
INSERT INTO Write (AuthorID, PaperID) VALUES (13, 2302);
INSERT INTO Paper (PaperID, Title, Year, MDate, Key, DOI) VALUES (2345, 'Author Profiling, instance-based Similarity Classification.', 2017, '2018-08-12', 'conf/clef/ArciaCBM17', 'http://ceur-ws.org/Vol-1866/paper_172.pdf');
INSERT INTO Write (AuthorID, PaperID) VALUES (13, 2345);
INSERT INTO Write (AuthorID, PaperID) VALUES (13, 2429);
INSERT INTO Write (AuthorID, PaperID) VALUES (13, 2792);
INSERT INTO Write (AuthorID, PaperID) VALUES (13, 2794);
INSERT INTO Paper (PaperID, Title, Year, MDate, Key, DOI) VALUES (2930, 'Geographic IR Helped by Structured Geospatial Knowledge Resources.', 2006, '2018-08-09', 'conf/clef/ToralFNKMM06a', 'http://ceur-ws.org/Vol-1172/CLEF2006wn-GeoCLEF-ToralEt2006.pdf');
INSERT INTO Write (AuthorID, PaperID) VALUES (13, 2930);
INSERT INTO Paper (PaperID, Title, Year, MDate, Key, DOI) VALUES (3026, 'A Knowledge-Based Textual Entailment Approach Applied to the AVE Task.', 2006, '2018-08-09', 'conf/clef/FerrandezTMMP06', 'https://doi.org/10.1007/978-3-540-74999-8_58');
INSERT INTO Write (AuthorID, PaperID) VALUES (13, 3026);
INSERT INTO Write (AuthorID, PaperID) VALUES (13, 3040);
INSERT INTO Paper (PaperID, Title, Year, MDate, Key, DOI) VALUES (3078, 'A Knowledge-based Textual Entailment Approach applied to the QA Answer Validation at CLEF 2006.', 2006, '2018-08-09', 'conf/clef/FerrandezTMMP06a', 'http://ceur-ws.org/Vol-1172/CLEF2006wn-QACLEF-FerrandezEt2006b.pdf');
INSERT INTO Write (AuthorID, PaperID) VALUES (13, 3078);
INSERT INTO Write (AuthorID, PaperID) VALUES (13, 3099);
INSERT INTO Write (AuthorID, PaperID) VALUES (13, 3110);
INSERT INTO Write (AuthorID, PaperID) VALUES (13, 3212);
INSERT INTO Write (AuthorID, PaperID) VALUES (13, 3309);
INSERT INTO Write (AuthorID, PaperID) VALUES (13, 3328);
INSERT INTO Paper (PaperID, Title, Year, MDate, Key, DOI) VALUES (3400, 'A Lexical-Semantic Approach to AVE.', 2008, '2018-08-09', 'conf/clef/FerrandezMP08a', 'http://ceur-ws.org/Vol-1174/CLEF2008wn-QACLEF-FerrandezEt2008.pdf');
INSERT INTO Write (AuthorID, PaperID) VALUES (13, 3400);
INSERT INTO Write (AuthorID, PaperID) VALUES (13, 3454);
INSERT INTO Write (AuthorID, PaperID) VALUES (13, 3466);
INSERT INTO Write (AuthorID, PaperID) VALUES (13, 3471);
INSERT INTO Author (AuthorID, Name) VALUES (14, 'Adrian Iftene');
INSERT INTO Paper (PaperID, Title, Year, MDate, Key, DOI) VALUES (40, 'UAIC Participation at ImageCLEF 2012 Photo Annotation Task.', 2012, '2014-09-24', 'conf/clef/PituGI12', 'http://www.clef-initiative.eu/documents/71612/cbfdcac6-ebc9-40da-9825-e53e38a594b3');
INSERT INTO Write (AuthorID, PaperID) VALUES (14, 40);
INSERT INTO Paper (PaperID, Title, Year, MDate, Key, DOI) VALUES (287, 'Answer Validation on English and Romanian Languages.', 2008, '2014-09-29', 'conf/clef/IfteneB08a', 'http://ceur-ws.org/Vol-1174/CLEF2008wn-QACLEF-IfteneEt2008b.pdf');
INSERT INTO Write (AuthorID, PaperID) VALUES (14, 287);
INSERT INTO Paper (PaperID, Title, Year, MDate, Key, DOI) VALUES (327, 'UAIC Participation at QA@CLEF2008.', 2008, '2018-11-02', 'conf/clef/IfteneTPMHC08', 'https://doi.org/10.1007/978-3-642-04447-2_45');
INSERT INTO Write (AuthorID, PaperID) VALUES (14, 327);
INSERT INTO Paper (PaperID, Title, Year, MDate, Key, DOI) VALUES (525, 'Question Answering on English and Romanian Languages.', 2009, '2014-09-30', 'conf/clef/IfteneTPMHST09', 'http://ceur-ws.org/Vol-1175/CLEF2009wn-QACLEF-IfteneEt2009.pdf');
INSERT INTO Write (AuthorID, PaperID) VALUES (14, 525);
INSERT INTO Paper (PaperID, Title, Year, MDate, Key, DOI) VALUES (605, 'UAIC''s Participation at Wikipedia Retrieval @ ImageCLEF 2011.', 2011, '2014-09-24', 'conf/clef/BorosGI11', 'http://www.clef-initiative.eu/documents/71612/86377/CLEF2011wn-ImageCLEF-BorosEt2011.pdf');
INSERT INTO Write (AuthorID, PaperID) VALUES (14, 605);
INSERT INTO Paper (PaperID, Title, Year, MDate, Key, DOI) VALUES (733, 'UAIC at ImageCLEF 2009 Photo Annotation Task.', 2009, '2014-09-29', 'conf/clef/IfteneVC09a', 'http://ceur-ws.org/Vol-1175/CLEF2009wn-ImageCLEF-IfteneEt2009.pdf');
INSERT INTO Write (AuthorID, PaperID) VALUES (14, 733);
INSERT INTO Paper (PaperID, Title, Year, MDate, Key, DOI) VALUES (887, 'UAIC at ImageCLEF 2009 Photo Annotation Task.', 2009, '2018-11-02', 'conf/clef/IfteneVC09', 'https://doi.org/10.1007/978-3-642-15751-6_35');
INSERT INTO Write (AuthorID, PaperID) VALUES (14, 887);
INSERT INTO Paper (PaperID, Title, Year, MDate, Key, DOI) VALUES (1117, 'Using SIFT Method for Global Topological Localization for Indoor Environments.', 2009, '2018-11-02', 'conf/clef/BorosRI09', 'https://doi.org/10.1007/978-3-642-15751-6_34');
INSERT INTO Write (AuthorID, PaperID) VALUES (14, 1117);
INSERT INTO Paper (PaperID, Title, Year, MDate, Key, DOI) VALUES (1118, 'UAIC: Participation in VideoCLEF Task.', 2009, '2014-09-29', 'conf/clef/DobrilaDLI09a', 'http://ceur-ws.org/Vol-1175/CLEF2009wn-VideoCLEF-DobrilaEt2009.pdf');
INSERT INTO Write (AuthorID, PaperID) VALUES (14, 1118);
INSERT INTO Paper (PaperID, Title, Year, MDate, Key, DOI) VALUES (1208, 'Using Machine Learning Techniques, Textual and Visual Processing in Scalable Concept Image Annotation Challenge.', 2016, '2016-08-11', 'conf/clef/CristeaI16', 'http://ceur-ws.org/Vol-1609/16090288.pdf');
INSERT INTO Write (AuthorID, PaperID) VALUES (14, 1208);
INSERT INTO Paper (PaperID, Title, Year, MDate, Key, DOI) VALUES (1343, 'UAIC Participation at QA@CLEF2008.', 2008, '2014-09-29', 'conf/clef/IftenePT08', 'http://ceur-ws.org/Vol-1174/CLEF2008wn-QACLEF-IfteneEt2008a.pdf');
INSERT INTO Write (AuthorID, PaperID) VALUES (14, 1343);
INSERT INTO Paper (PaperID, Title, Year, MDate, Key, DOI) VALUES (1424, 'Question Answering on English and Romanian Languages.', 2009, '2018-11-02', 'conf/clef/IfteneTMPHC09', 'https://doi.org/10.1007/978-3-642-15754-7_25');
INSERT INTO Write (AuthorID, PaperID) VALUES (14, 1424);
INSERT INTO Paper (PaperID, Title, Year, MDate, Key, DOI) VALUES (1593, 'UAIC: Participation in INFILE@CLEF Task.', 2009, '2014-09-29', 'conf/clef/DragusanuGAEAI09', 'http://ceur-ws.org/Vol-1175/CLEF2009wn-INFILE-DragusanuEt2009.pdf');
INSERT INTO Write (AuthorID, PaperID) VALUES (14, 1593);
INSERT INTO Paper (PaperID, Title, Year, MDate, Key, DOI) VALUES (1647, 'Identify Experts from a Domain of Interest.', 2010, '2014-09-24', 'conf/clef/IfteneLCM10', 'http://www.clef-initiative.eu/documents/71612/86374/CLEF2010wn-CriES-IfteneEt2010.pdf');
INSERT INTO Write (AuthorID, PaperID) VALUES (14, 1647);
INSERT INTO Paper (PaperID, Title, Year, MDate, Key, DOI) VALUES (1731, 'UAIC Participation at Robot Vision @ 2012 - An Updated Vision.', 2012, '2014-09-24', 'conf/clef/BorosGI12', 'http://www.clef-initiative.eu/documents/71612/c45bbff0-72da-4a68-81ef-6f26e55f77c0');
INSERT INTO Write (AuthorID, PaperID) VALUES (14, 1731);
INSERT INTO Paper (PaperID, Title, Year, MDate, Key, DOI) VALUES (1840, 'UAIC: Participation in ImageCLEF 2009 Robot Vision Task.', 2009, '2014-09-29', 'conf/clef/BorosRI09a', 'http://ceur-ws.org/Vol-1175/CLEF2009wn-ImageCLEF-BorosEt2009.pdf');
INSERT INTO Write (AuthorID, PaperID) VALUES (14, 1840);
INSERT INTO Paper (PaperID, Title, Year, MDate, Key, DOI) VALUES (1841, 'UAIC: Participation in INFILE@CLEF Task.', 2009, '2018-11-02', 'conf/clef/DragusanuGI09', 'https://doi.org/10.1007/978-3-642-15754-7_43');
INSERT INTO Write (AuthorID, PaperID) VALUES (14, 1841);
INSERT INTO Paper (PaperID, Title, Year, MDate, Key, DOI) VALUES (1920, 'Detecting Wikipedia Vandalism using Machine Learning - Notebook for PAN at CLEF 2011.', 2011, '2014-09-24', 'conf/clef/DragusanuCI11', 'http://www.clef-initiative.eu/documents/71612/86377/CLEF2011wn-PAN-DragusanuEt2011.pdf');
INSERT INTO Write (AuthorID, PaperID) VALUES (14, 1920);
INSERT INTO Paper (PaperID, Title, Year, MDate, Key, DOI) VALUES (1987, 'Combining Image Retrieval, Metadata Processing and Naive Bayes Classification at Plant Identification 2013.', 2013, '2014-09-10', 'conf/clef/SerbanSGIAB13', 'http://ceur-ws.org/Vol-1179/CLEF2013wn-ImageCLEF-SerbanEt2013.pdf');
INSERT INTO Write (AuthorID, PaperID) VALUES (14, 1987);
INSERT INTO Paper (PaperID, Title, Year, MDate, Key, DOI) VALUES (2038, 'Using Anaphora Resolution in a Question Answering System for Machine Reading Evaluation.', 2013, '2014-09-10', 'conf/clef/IfteneMI13', 'http://ceur-ws.org/Vol-1179/CLEF2013wn-QA4MRE-IfteneEt2013.pdf');
INSERT INTO Write (AuthorID, PaperID) VALUES (14, 2038);
INSERT INTO Paper (PaperID, Title, Year, MDate, Key, DOI) VALUES (2107, 'UAIC Participation at AVE 2007.', 2007, '2017-05-24', 'conf/clef/IfteneB07', 'https://doi.org/10.1007/978-3-540-85760-0_52');
INSERT INTO Write (AuthorID, PaperID) VALUES (14, 2107);
INSERT INTO Paper (PaperID, Title, Year, MDate, Key, DOI) VALUES (2159, 'Music Identification Using Chroma Features.', 2011, '2014-09-24', 'conf/clef/IfteneRL11', 'http://www.clef-initiative.eu/documents/71612/86377/CLEF2011wn-MusiCLEF-IfteneEt2011.pdf');
INSERT INTO Write (AuthorID, PaperID) VALUES (14, 2159);
INSERT INTO Paper (PaperID, Title, Year, MDate, Key, DOI) VALUES (2221, 'Methods for Classifying Videos by Subject and Detecting Narrative Peak Points.', 2009, '2018-11-02', 'conf/clef/DobrilaDLI09', 'https://doi.org/10.1007/978-3-642-15751-6_47');
INSERT INTO Write (AuthorID, PaperID) VALUES (14, 2221);
INSERT INTO Paper (PaperID, Title, Year, MDate, Key, DOI) VALUES (2347, 'Cross-Lingual Romanian to English Question Answering at CLEF 2006.', 2006, '2017-05-24', 'conf/clef/PuscasuIPTTCSIDMC06', 'https://doi.org/10.1007/978-3-540-74999-8_46');
INSERT INTO Write (AuthorID, PaperID) VALUES (14, 2347);
INSERT INTO Paper (PaperID, Title, Year, MDate, Key, DOI) VALUES (2465, 'Adapting Statistical Language Identification Methods for Short Queries.', 2011, '2014-09-24', 'conf/clef/GinscaBI11', 'http://www.clef-initiative.eu/documents/71612/86377/CLEF2011wn-LogCLEF-GinscaEt2011.pdf');
INSERT INTO Write (AuthorID, PaperID) VALUES (14, 2465);
INSERT INTO Paper (PaperID, Title, Year, MDate, Key, DOI) VALUES (2545, 'Developing a Question Answering System for the Romanian-English Track at CLEF 2006.', 2006, '2014-08-15', 'conf/clef/PuscasuIPTTCSIODMC06', 'http://ceur-ws.org/Vol-1172/CLEF2006wn-QACLEF-PuscasuEt2006.pdf');
INSERT INTO Write (AuthorID, PaperID) VALUES (14, 2545);
INSERT INTO Paper (PaperID, Title, Year, MDate, Key, DOI) VALUES (2680, 'Question Answering on Romanian, English and French Languages.', 2010, '2014-09-24', 'conf/clef/IfteneTHM10', 'http://www.clef-initiative.eu/documents/71612/86374/CLEF2010wn-MLQA10-IfteneEt2010.pdf');
INSERT INTO Write (AuthorID, PaperID) VALUES (14, 2680);
INSERT INTO Paper (PaperID, Title, Year, MDate, Key, DOI) VALUES (2863, 'UAIC: Participation in TEL@CLEF Task.', 2009, '2014-09-29', 'conf/clef/IfteneME09', 'http://ceur-ws.org/Vol-1175/CLEF2009wn-adhoc-IfteneEt2009.pdf');
INSERT INTO Write (AuthorID, PaperID) VALUES (14, 2863);
INSERT INTO Paper (PaperID, Title, Year, MDate, Key, DOI) VALUES (2940, 'UAIC at iCLEF 2009: Analysis of Logs of Multilingual Image Searches in Flickr.', 2009, '2014-09-29', 'conf/clef/CristeaAI09', 'http://ceur-ws.org/Vol-1175/CLEF2009wn-iCLEF-CristeaEt2009.pdf');
INSERT INTO Write (AuthorID, PaperID) VALUES (14, 2940);
INSERT INTO Paper (PaperID, Title, Year, MDate, Key, DOI) VALUES (3012, 'UAIC: Participation in CLEF-IP Track.', 2009, '2018-11-02', 'conf/clef/IfteneIO09', 'https://doi.org/10.1007/978-3-642-15754-7_50');
INSERT INTO Write (AuthorID, PaperID) VALUES (14, 3012);
INSERT INTO Paper (PaperID, Title, Year, MDate, Key, DOI) VALUES (3045, 'UAIC: Participation in LAGI Task.', 2009, '2014-09-29', 'conf/clef/Iftene09a', 'http://ceur-ws.org/Vol-1175/CLEF2009wn-LogCLEF-IfteneEt2009.pdf');
INSERT INTO Write (AuthorID, PaperID) VALUES (14, 3045);
INSERT INTO Paper (PaperID, Title, Year, MDate, Key, DOI) VALUES (3073, 'UAIC Romanian QA System for QA@CLEF.', 2007, '2017-05-24', 'conf/clef/IfteneTPMBCDDC07', 'https://doi.org/10.1007/978-3-540-85760-0_42');
INSERT INTO Write (AuthorID, PaperID) VALUES (14, 3073);
INSERT INTO Paper (PaperID, Title, Year, MDate, Key, DOI) VALUES (3086, 'Evaluating User Image Tagging Credibility.', 2015, '2018-11-02', 'conf/clef/GinscaPLIK15', 'https://doi.org/10.1007/978-3-319-24027-5_4');
INSERT INTO Write (AuthorID, PaperID) VALUES (14, 3086);
INSERT INTO Paper (PaperID, Title, Year, MDate, Key, DOI) VALUES (3126, 'Question Answering for Machine Reading Evaluation on Romanian and English Languages.', 2011, '2014-09-24', 'conf/clef/IfteneGMTH11', 'http://www.clef-initiative.eu/documents/71612/86377/CLEF2011wn-QA4MRE-IfteneEt2011.pdf');
INSERT INTO Write (AuthorID, PaperID) VALUES (14, 3126);
INSERT INTO Paper (PaperID, Title, Year, MDate, Key, DOI) VALUES (3302, 'Using Textual and Visual Processing in Scalable Concept Image Annotation Challenge.', 2015, '2015-09-03', 'conf/clef/CalfaSBALCPI15', 'http://ceur-ws.org/Vol-1391/113-CR.pdf');
INSERT INTO Write (AuthorID, PaperID) VALUES (14, 3302);
INSERT INTO Paper (PaperID, Title, Year, MDate, Key, DOI) VALUES (3319, 'Answer Validation on English and Romanian Languages.', 2008, '2018-11-02', 'conf/clef/IfteneB08', 'https://doi.org/10.1007/978-3-642-04447-2_53');
INSERT INTO Write (AuthorID, PaperID) VALUES (14, 3319);
INSERT INTO Paper (PaperID, Title, Year, MDate, Key, DOI) VALUES (3385, 'Identifying Geographical Entities in Users'' Queries.', 2009, '2018-11-02', 'conf/clef/Iftene09', 'https://doi.org/10.1007/978-3-642-15754-7_65');
INSERT INTO Write (AuthorID, PaperID) VALUES (14, 3385);
INSERT INTO Paper (PaperID, Title, Year, MDate, Key, DOI) VALUES (3389, 'UAIC at GikiCLEF 2009.', 2009, '2014-09-29', 'conf/clef/IftenePC09', 'http://ceur-ws.org/Vol-1175/CLEF2009wn-QACLEF-IfteneEt2009b.pdf');
INSERT INTO Write (AuthorID, PaperID) VALUES (14, 3389);
INSERT INTO Paper (PaperID, Title, Year, MDate, Key, DOI) VALUES (3397, 'Enhancing a Question Answering System with Textual Entailment for Machine Reading Evaluation.', 2012, '2014-09-24', 'conf/clef/IfteneGMTHB12', 'http://www.clef-initiative.eu/documents/71612/11cdc084-9404-4559-a815-563e7f075afe');
INSERT INTO Write (AuthorID, PaperID) VALUES (14, 3397);
INSERT INTO Paper (PaperID, Title, Year, MDate, Key, DOI) VALUES (3440, 'UAIC: Participation in CLEF-IP Track.', 2009, '2014-09-29', 'conf/clef/IfteneIOB09', 'http://ceur-ws.org/Vol-1175/CLEF2009wn-CLEFIP-IfteneEt2009.pdf');
INSERT INTO Write (AuthorID, PaperID) VALUES (14, 3440);
INSERT INTO Author (AuthorID, Name) VALUES (15, 'Nicola Ferro');
INSERT INTO Paper (PaperID, Title, Year, MDate, Key, DOI) VALUES (46, 'Overview of CENTRE@CLEF 2018: A First Tale in the Systematic Reproducibility Realm.', 2018, '2018-08-20', 'conf/clef/FerroMSS18a', 'https://doi.org/10.1007/978-3-319-98932-7_23');
INSERT INTO Write (AuthorID, PaperID) VALUES (15, 46);
INSERT INTO Write (AuthorID, PaperID) VALUES (15, 74);
INSERT INTO Paper (PaperID, Title, Year, MDate, Key, DOI) VALUES (193, 'Experiments on Statistical Approaches to Compensate for Limited Linguistic Resources.', 2004, '2017-05-24', 'conf/clef/NunzioFO05', 'https://doi.org/10.1007/11519645_6');
INSERT INTO Write (AuthorID, PaperID) VALUES (15, 193);
INSERT INTO Write (AuthorID, PaperID) VALUES (15, 199);
INSERT INTO Paper (PaperID, Title, Year, MDate, Key, DOI) VALUES (247, 'The University of Padua at CLEF 2004: Experiments on Statistical Approaches to Compensate for Limited Linguistic Resources.', 2004, '2014-09-24', 'conf/clef/NunzioFO04', 'http://ceur-ws.org/Vol-1170/CLEF2004wn-adhoc-DiNunzioEt2004.pdf');
INSERT INTO Write (AuthorID, PaperID) VALUES (15, 247);
INSERT INTO Paper (PaperID, Title, Year, MDate, Key, DOI) VALUES (277, 'University of Padua at CLEF 2002: Experiments to Evaluate a Statistical Stemming Algorithm.', 2002, '2014-08-15', 'conf/clef/BacchinFM02', 'http://ceur-ws.org/Vol-1168/CLEF2002wn-adhoc-BacchinEt2002.pdf');
INSERT INTO Write (AuthorID, PaperID) VALUES (15, 277);
INSERT INTO Write (AuthorID, PaperID) VALUES (15, 300);
INSERT INTO Paper (PaperID, Title, Year, MDate, Key, DOI) VALUES (507, 'Cultural Heritage in CLEF (CHiC) 2013.', 2013, '2017-06-15', 'conf/clef/PetrasBTHSMPFM13', 'https://doi.org/10.1007/978-3-642-40802-1_23');
INSERT INTO Write (AuthorID, PaperID) VALUES (15, 507);
INSERT INTO Paper (PaperID, Title, Year, MDate, Key, DOI) VALUES (699, 'Preface.', 2014, '2014-09-10', 'conf/clef/CappellatoFHK14', 'http://ceur-ws.org/Vol-1180/CLEF2014wn-All-CappellatoEt2014.pdf');
INSERT INTO Write (AuthorID, PaperID) VALUES (15, 699);
INSERT INTO Paper (PaperID, Title, Year, MDate, Key, DOI) VALUES (770, 'CLEF 2009 Ad Hoc Track Overview: TEL and Persian Tasks.', 2009, '2014-09-29', 'conf/clef/FerroP09a', 'http://ceur-ws.org/Vol-1175/CLEF2009wn-adhoc-FerroEt2009.pdf');
INSERT INTO Write (AuthorID, PaperID) VALUES (15, 770);
INSERT INTO Paper (PaperID, Title, Year, MDate, Key, DOI) VALUES (875, 'Experiments to Evaluate Probabilistic Models for Automatic Stemmer Generation and Query Word Translation.', 2003, '2017-06-02', 'conf/clef/NunzioFMO03', 'https://doi.org/10.1007/978-3-540-30222-3_21');
INSERT INTO Write (AuthorID, PaperID) VALUES (15, 875);
INSERT INTO Write (AuthorID, PaperID) VALUES (15, 912);
INSERT INTO Paper (PaperID, Title, Year, MDate, Key, DOI) VALUES (913, 'CLEF 15th Birthday: What Can We Learn From Ad Hoc Retrieval?', 2014, '2017-06-02', 'conf/clef/FerroS14', 'https://doi.org/10.1007/978-3-319-11382-1_4');
INSERT INTO Write (AuthorID, PaperID) VALUES (15, 913);
INSERT INTO Paper (PaperID, Title, Year, MDate, Key, DOI) VALUES (959, 'Grid@CLEF 2009 Track Overview.', 2009, '2014-09-29', 'conf/clef/FerroH09a', 'http://ceur-ws.org/Vol-1175/CLEF2009wn-GridCLEF-FerroEt2009.pdf');
INSERT INTO Write (AuthorID, PaperID) VALUES (15, 959);
INSERT INTO Paper (PaperID, Title, Year, MDate, Key, DOI) VALUES (1072, 'CENTRE@CLEF2018: Overview of the Replicability Task.', 2018, '2018-08-08', 'conf/clef/FerroMSS18', 'http://ceur-ws.org/Vol-2125/invited_paper_5.pdf');
INSERT INTO Write (AuthorID, PaperID) VALUES (15, 1072);
INSERT INTO Paper (PaperID, Title, Year, MDate, Key, DOI) VALUES (1194, 'DIRECTions: Design and Specification of an IR Evaluation Infrastructure.', 2012, '2017-06-02', 'conf/clef/AgostiBFMPS12', 'https://doi.org/10.1007/978-3-642-33247-0_11');
INSERT INTO Write (AuthorID, PaperID) VALUES (15, 1194);
INSERT INTO Paper (PaperID, Title, Year, MDate, Key, DOI) VALUES (1391, 'CLEF 2009 Ad Hoc Track Overview: TEL and Persian Tasks.', 2009, '2017-06-02', 'conf/clef/FerroP09', 'https://doi.org/10.1007/978-3-642-15754-7_2');
INSERT INTO Write (AuthorID, PaperID) VALUES (15, 1391);
INSERT INTO Write (AuthorID, PaperID) VALUES (15, 1543);
INSERT INTO Paper (PaperID, Title, Year, MDate, Key, DOI) VALUES (1687, 'To Re-rank or to Re-query: Can Visual Analytics Solve This Dilemma?', 2011, '2017-06-02', 'conf/clef/BuccioDFMST11', 'https://doi.org/10.1007/978-3-642-23708-9_14');
INSERT INTO Write (AuthorID, PaperID) VALUES (15, 1687);
INSERT INTO Write (AuthorID, PaperID) VALUES (15, 2005);
INSERT INTO Paper (PaperID, Title, Year, MDate, Key, DOI) VALUES (2040, 'CLEF 2004: Ad Hoc Track Overview and Results Analysis.', 2004, '2017-05-24', 'conf/clef/BraschlerNFP05', 'https://doi.org/10.1007/11519645_2');
INSERT INTO Write (AuthorID, PaperID) VALUES (15, 2040);
INSERT INTO Paper (PaperID, Title, Year, MDate, Key, DOI) VALUES (2071, 'Cultural Heritage in CLEF (CHiC) 2013 - Multilingual Task Overview.', 2013, '2014-09-10', 'conf/clef/PetrasBFM13', 'http://ceur-ws.org/Vol-1179/CLEF2013wn-CHiC-PetrasEt2013.pdf');
INSERT INTO Write (AuthorID, PaperID) VALUES (15, 2071);
INSERT INTO Paper (PaperID, Title, Year, MDate, Key, DOI) VALUES (2137, 'CHiC 2011 - Cultural Heritage in CLEF: From Use Cases to Evaluation in Practice for Multilingual Information Access to Cultural Heritage.', 2011, '2014-09-24', 'conf/clef/GadeFP11', 'http://www.clef-initiative.eu/documents/71612/86377/CLEF2011wn-CHiC-GaedeEt2011.pdf');
INSERT INTO Write (AuthorID, PaperID) VALUES (15, 2137);
INSERT INTO Paper (PaperID, Title, Year, MDate, Key, DOI) VALUES (2176, 'The University of Padova at CLEF 2003: Experiments to Evaluate Probabilistic Models for Automatic Stemmer Generation and Query Word Translation.', 2003, '2014-08-15', 'conf/clef/NunzioFMO03a', 'http://ceur-ws.org/Vol-1169/CLEF2003wn-adhoc-DiNunzioEt2003.pdf');
INSERT INTO Write (AuthorID, PaperID) VALUES (15, 2176);
INSERT INTO Write (AuthorID, PaperID) VALUES (15, 2182);
INSERT INTO Paper (PaperID, Title, Year, MDate, Key, DOI) VALUES (2268, 'Cumulated Relative Position: A Metric for Ranking Evaluation.', 2012, '2018-11-02', 'conf/clef/AngeliniFJKPSS12', 'https://doi.org/10.1007/978-3-642-33247-0_13');
INSERT INTO Write (AuthorID, PaperID) VALUES (15, 2268);
INSERT INTO Write (AuthorID, PaperID) VALUES (15, 2396);
INSERT INTO Paper (PaperID, Title, Year, MDate, Key, DOI) VALUES (2425, 'Scientific Data of an Evaluation Campaign: Do We Properly Deal with Them?', 2006, '2017-06-02', 'conf/clef/AgostiNF06', 'https://doi.org/10.1007/978-3-540-74999-8_2');
INSERT INTO Write (AuthorID, PaperID) VALUES (15, 2425);
INSERT INTO Paper (PaperID, Title, Year, MDate, Key, DOI) VALUES (2540, 'Rethinking How to Extend Average Precision to Graded Relevance.', 2014, '2017-06-02', 'conf/clef/FerranteFM14', 'https://doi.org/10.1007/978-3-319-11382-1_3');
INSERT INTO Write (AuthorID, PaperID) VALUES (15, 2540);
INSERT INTO Paper (PaperID, Title, Year, MDate, Key, DOI) VALUES (2720, 'CLEF 2009: Grid@CLEF Pilot Track Overview.', 2009, '2017-06-02', 'conf/clef/FerroH09', 'https://doi.org/10.1007/978-3-642-15754-7_68');
INSERT INTO Write (AuthorID, PaperID) VALUES (15, 2720);
INSERT INTO Write (AuthorID, PaperID) VALUES (15, 2820);
INSERT INTO Paper (PaperID, Title, Year, MDate, Key, DOI) VALUES (2821, 'The CLEF Monolingual Grid of Points.', 2016, '2018-11-02', 'conf/clef/FerroS16', 'https://doi.org/10.1007/978-3-319-44564-9_2');
INSERT INTO Write (AuthorID, PaperID) VALUES (15, 2821);
INSERT INTO Write (AuthorID, PaperID) VALUES (15, 2955);
INSERT INTO Write (AuthorID, PaperID) VALUES (15, 3041);
INSERT INTO Paper (PaperID, Title, Year, MDate, Key, DOI) VALUES (3287, 'Improving the Automatic Retrieval of Text Documents.', 2002, '2017-06-02', 'conf/clef/AgostiBFM02', 'https://doi.org/10.1007/978-3-540-45237-9_23');
INSERT INTO Write (AuthorID, PaperID) VALUES (15, 3287);
INSERT INTO Paper (PaperID, Title, Year, MDate, Key, DOI) VALUES (3295, 'Cultural Heritage in CLEF (CHiC) Overview 2012.', 2012, '2014-09-24', 'conf/clef/PetrasFGIKMNS12', 'http://www.clef-initiative.eu/documents/71612/0cadb163-3e32-4f16-a659-b457480c2a29');
INSERT INTO Write (AuthorID, PaperID) VALUES (15, 3295);
INSERT INTO Paper (PaperID, Title, Year, MDate, Key, DOI) VALUES (3411, 'Improving Ranking Evaluation Employing Visual Analytics.', 2013, '2018-11-02', 'conf/clef/AngeliniFSS13', 'https://doi.org/10.1007/978-3-642-40802-1_4');
INSERT INTO Write (AuthorID, PaperID) VALUES (15, 3411);
INSERT INTO Write (AuthorID, PaperID) VALUES (15, 3490);
INSERT INTO Paper (PaperID, Title, Year, MDate, Key, DOI) VALUES (3507, 'Scientific Data of an Evaluation Campaign: Do We Properly Deal With Them?', 2006, '2014-08-15', 'conf/clef/AgostiNF06a', 'http://ceur-ws.org/Vol-1172/CLEF2006wn-all-AgostiEt2006.pdf');
INSERT INTO Write (AuthorID, PaperID) VALUES (15, 3507);
INSERT INTO Write (AuthorID, PaperID) VALUES (15, 3521);
INSERT INTO Author (AuthorID, Name) VALUES (16, 'Jussi Karlgren');
INSERT INTO Paper (PaperID, Title, Year, MDate, Key, DOI) VALUES (50, 'SICS at iCLEF 2008: User Confidence and Satisfaction inferred from iCLEF Logs.', 2008, '2014-09-29', 'conf/clef/Karlgren08a', 'http://ceur-ws.org/Vol-1174/CLEF2008wn-iCLEF-Karlgren2008.pdf');
INSERT INTO Write (AuthorID, PaperID) VALUES (16, 50);
INSERT INTO Paper (PaperID, Title, Year, MDate, Key, DOI) VALUES (158, 'Continued Experiments on Cross-Language Relevance Assessment.', 2003, '2017-05-24', 'conf/clef/KarlgrenH03', 'https://doi.org/10.1007/978-3-540-30222-3_45');
INSERT INTO Write (AuthorID, PaperID) VALUES (16, 158);
INSERT INTO Paper (PaperID, Title, Year, MDate, Key, DOI) VALUES (203, 'Dictionary-based Amharic-French Information Retrieval.', 2005, '2014-08-15', 'conf/clef/ArgawACKS05a', 'http://ceur-ws.org/Vol-1171/CLEF2005wn-adhoc-ArgawEt2005.pdf');
INSERT INTO Write (AuthorID, PaperID) VALUES (16, 203);
INSERT INTO Write (AuthorID, PaperID) VALUES (16, 210);
INSERT INTO Paper (PaperID, Title, Year, MDate, Key, DOI) VALUES (251, 'Dictionary-Based Amharic-French Information Retrieval.', 2005, '2017-05-24', 'conf/clef/ArgawACKS05', 'https://doi.org/10.1007/11878773_9');
INSERT INTO Write (AuthorID, PaperID) VALUES (16, 251);
INSERT INTO Paper (PaperID, Title, Year, MDate, Key, DOI) VALUES (403, 'Trusting the Results in Crosslingual Keyword-based Image Retrieval.', 2006, '2014-08-15', 'conf/clef/KarlgrenO06a', 'http://ceur-ws.org/Vol-1172/CLEF2006wn-iCLEF-KarlgrenEt2006.pdf');
INSERT INTO Write (AuthorID, PaperID) VALUES (16, 403);
INSERT INTO Write (AuthorID, PaperID) VALUES (16, 543);
INSERT INTO Write (AuthorID, PaperID) VALUES (16, 544);
INSERT INTO Paper (PaperID, Title, Year, MDate, Key, DOI) VALUES (632, 'Selective Compound Splitting of Swedish Queries for Boolean Combinations of Truncated Terms.', 2003, '2017-05-24', 'conf/clef/CosterSK03', 'https://doi.org/10.1007/978-3-540-30222-3_32');
INSERT INTO Write (AuthorID, PaperID) VALUES (16, 632);
INSERT INTO Paper (PaperID, Title, Year, MDate, Key, DOI) VALUES (668, 'Cooperation, Bookmarking, and Thesaurus in Interactive Bilingual Question Answering.', 2004, '2017-05-24', 'conf/clef/HansenKS05', 'https://doi.org/10.1007/11519645_35');
INSERT INTO Write (AuthorID, PaperID) VALUES (16, 668);
INSERT INTO Paper (PaperID, Title, Year, MDate, Key, DOI) VALUES (796, 'Dictionary-Based Amharic - English Information Retrieval.', 2004, '2017-05-24', 'conf/clef/ArgawACK05', 'https://doi.org/10.1007/11519645_14');
INSERT INTO Write (AuthorID, PaperID) VALUES (16, 796);
INSERT INTO Paper (PaperID, Title, Year, MDate, Key, DOI) VALUES (799, 'Cross-Language Relevance Assessment and Task Context.', 2002, '2014-08-15', 'conf/clef/KarlgrenH02a', 'http://ceur-ws.org/Vol-1168/CLEF2002wn-iCLEF-KarlgrenEt2002.pdf');
INSERT INTO Write (AuthorID, PaperID) VALUES (16, 799);
INSERT INTO Paper (PaperID, Title, Year, MDate, Key, DOI) VALUES (888, 'Vector-Based Semantic Analysis Using Random Indexing for Cross-Lingual Query Expansion.', 2001, '2017-05-24', 'conf/clef/SahlgrenK01', 'https://doi.org/10.1007/3-540-45691-0_14');
INSERT INTO Write (AuthorID, PaperID) VALUES (16, 888);
INSERT INTO Paper (PaperID, Title, Year, MDate, Key, DOI) VALUES (964, 'Evaluating Learning Language Representations.', 2015, '2017-11-06', 'conf/clef/KarlgrenCCGEJKO15', 'https://doi.org/10.1007/978-3-319-24027-5_25');
INSERT INTO Write (AuthorID, PaperID) VALUES (16, 964);
INSERT INTO Paper (PaperID, Title, Year, MDate, Key, DOI) VALUES (965, 'Introduction to the CLEF 2012 Labs.', 2012, '2014-09-24', 'conf/clef/KarlgrenW12', 'http://www.clef-initiative.eu/documents/71612/7266a7ac-3aeb-411f-a688-4a68dc08e508');
INSERT INTO Write (AuthorID, PaperID) VALUES (16, 965);
INSERT INTO Paper (PaperID, Title, Year, MDate, Key, DOI) VALUES (1202, 'Dynamic Lexica for Query Translation.', 2004, '2017-05-24', 'conf/clef/KarlgrenSJC05', 'https://doi.org/10.1007/11519645_15');
INSERT INTO Write (AuthorID, PaperID) VALUES (16, 1202);
INSERT INTO Paper (PaperID, Title, Year, MDate, Key, DOI) VALUES (1293, 'Bookmarking, Thesaurus, and Cooperation in Bilingual Question Answering.', 2004, '2014-08-15', 'conf/clef/KarlgrenHS04', 'http://ceur-ws.org/Vol-1170/CLEF2004wn-iCLEF-KarlgrenEt2004.pdf');
INSERT INTO Write (AuthorID, PaperID) VALUES (16, 1293);
INSERT INTO Paper (PaperID, Title, Year, MDate, Key, DOI) VALUES (1535, 'Trusting the Results in Cross-Lingual Keyword-Based Image Retrieval.', 2006, '2017-11-06', 'conf/clef/KarlgrenO06', 'https://doi.org/10.1007/978-3-540-74999-8_30');
INSERT INTO Write (AuthorID, PaperID) VALUES (16, 1535);
INSERT INTO Write (AuthorID, PaperID) VALUES (16, 1663);
INSERT INTO Write (AuthorID, PaperID) VALUES (16, 1679);
INSERT INTO Paper (PaperID, Title, Year, MDate, Key, DOI) VALUES (1785, 'Vector-based Semantic Analysis using Random Indexing and Morphological Analysis for Cross-Lingual Information Retrieval.', 2001, '2014-08-15', 'conf/clef/KarlgrenS01', 'http://ceur-ws.org/Vol-1167/CLEF2001wn-adhoc-KarlgrenEt2001.pdf');
INSERT INTO Write (AuthorID, PaperID) VALUES (16, 1785);
INSERT INTO Paper (PaperID, Title, Year, MDate, Key, DOI) VALUES (1830, 'Automatic Query Expansion Using Random Indexing.', 2002, '2017-05-24', 'conf/clef/SahlgrenKCJ02', 'https://doi.org/10.1007/978-3-540-45237-9_26');
INSERT INTO Write (AuthorID, PaperID) VALUES (16, 1830);
INSERT INTO Paper (PaperID, Title, Year, MDate, Key, DOI) VALUES (1852, 'Weighting Query Terms Based on Distributional Statistics.', 2005, '2017-05-24', 'conf/clef/KarlgrenSC05', 'https://doi.org/10.1007/11878773_24');
INSERT INTO Write (AuthorID, PaperID) VALUES (16, 1852);
INSERT INTO Paper (PaperID, Title, Year, MDate, Key, DOI) VALUES (1901, 'Plausibility Testing for Lexical Resources.', 2017, '2017-11-06', 'conf/clef/ParksKS17', 'https://doi.org/10.1007/978-3-319-65813-1_13');
INSERT INTO Write (AuthorID, PaperID) VALUES (16, 1901);
INSERT INTO Paper (PaperID, Title, Year, MDate, Key, DOI) VALUES (2016, 'Principled Query Processing.', 2005, '2014-08-15', 'conf/clef/KarlgrenSC05a', 'http://ceur-ws.org/Vol-1171/CLEF2005wn-adhoc-KarlgrenEt2005.pdf');
INSERT INTO Write (AuthorID, PaperID) VALUES (16, 2016);
INSERT INTO Write (AuthorID, PaperID) VALUES (16, 2081);
INSERT INTO Paper (PaperID, Title, Year, MDate, Key, DOI) VALUES (2084, 'Selective Compound Splitting of Swedish Queries for Boolean Combinations of Truncated Terms.', 2003, '2014-08-15', 'conf/clef/CosterSK03a', 'http://ceur-ws.org/Vol-1169/CLEF2003wn-adhoc-CosterEt2003.pdf');
INSERT INTO Write (AuthorID, PaperID) VALUES (16, 2084);
INSERT INTO Paper (PaperID, Title, Year, MDate, Key, DOI) VALUES (2095, 'SICS at iCLEF 2008: User Confidence and Satisfaction Tentatively Inferred from iCLEF Logs.', 2008, '2017-11-06', 'conf/clef/Karlgren08', 'https://doi.org/10.1007/978-3-642-04447-2_33');
INSERT INTO Write (AuthorID, PaperID) VALUES (16, 2095);
INSERT INTO Paper (PaperID, Title, Year, MDate, Key, DOI) VALUES (2161, 'SICS at CLEF 2002: Automatic Query Expansion using Random Indexing.', 2002, '2014-08-15', 'conf/clef/SahlgrenKCJ02a', 'http://ceur-ws.org/Vol-1168/CLEF2002wn-adhoc-SahlgrenEt2002.pdf');
INSERT INTO Write (AuthorID, PaperID) VALUES (16, 2161);
INSERT INTO Paper (PaperID, Title, Year, MDate, Key, DOI) VALUES (2559, 'Dynamic Lexica for Query Translation.', 2004, '2014-08-15', 'conf/clef/KarlgrenSJC04', 'http://ceur-ws.org/Vol-1170/CLEF2004wn-adhoc-KarlgrenEt2004.pdf');
INSERT INTO Write (AuthorID, PaperID) VALUES (16, 2559);
INSERT INTO Paper (PaperID, Title, Year, MDate, Key, DOI) VALUES (2582, 'Features for Modelling Characteristics of Conversations.', 2012, '2014-09-24', 'conf/clef/ErikssonK12', 'http://www.clef-initiative.eu/documents/71612/bb5b5bec-a682-4dbd-83a7-758f4960825c');
INSERT INTO Write (AuthorID, PaperID) VALUES (16, 2582);
INSERT INTO Paper (PaperID, Title, Year, MDate, Key, DOI) VALUES (2586, 'Profiling Reputation of Corporate Entities in Semantic Space.', 2012, '2014-09-24', 'conf/clef/KarlgrenSOEH12', 'http://www.clef-initiative.eu/documents/71612/260c975d-0a49-4880-b7e4-41d16ef39fc8');
INSERT INTO Write (AuthorID, PaperID) VALUES (16, 2586);
INSERT INTO Paper (PaperID, Title, Year, MDate, Key, DOI) VALUES (2663, 'Authorship Profiling Without Using Topical Information: Notebook for PAN at CLEF 2018.', 2018, '2018-08-08', 'conf/clef/KarlgrenEGK18', 'http://ceur-ws.org/Vol-2125/paper_166.pdf');
INSERT INTO Write (AuthorID, PaperID) VALUES (16, 2663);
INSERT INTO Write (AuthorID, PaperID) VALUES (16, 2702);
INSERT INTO Write (AuthorID, PaperID) VALUES (16, 2955);
INSERT INTO Paper (PaperID, Title, Year, MDate, Key, DOI) VALUES (2971, 'Evaluating Categorisation in Real Life - An Argument Against Simple but Impractical Metrics.', 2016, '2017-11-06', 'conf/clef/KarlssonHK15', 'https://doi.org/10.1007/978-3-319-44564-9_19');
INSERT INTO Write (AuthorID, PaperID) VALUES (16, 2971);
INSERT INTO Paper (PaperID, Title, Year, MDate, Key, DOI) VALUES (3094, 'Dictionary-based Amharic - English Information Retrieval.', 2004, '2014-08-15', 'conf/clef/ArgawACK04', 'http://ceur-ws.org/Vol-1170/CLEF2004wn-adhoc-ArgawEt2004.pdf');
INSERT INTO Write (AuthorID, PaperID) VALUES (16, 3094);
INSERT INTO Paper (PaperID, Title, Year, MDate, Key, DOI) VALUES (3255, 'Semantic Space Models for Profiling Reputation of Corporate Entities.', 2013, '2014-09-10', 'conf/clef/KarlgrenE13', 'http://ceur-ws.org/Vol-1179/CLEF2013wn-RepLab-KarlgrenEt2013.pdf');
INSERT INTO Write (AuthorID, PaperID) VALUES (16, 3255);
INSERT INTO Paper (PaperID, Title, Year, MDate, Key, DOI) VALUES (3369, 'SICS at iCLEF 2002: Cross-Language Relevance Assessment and Task Context.', 2002, '2017-05-24', 'conf/clef/KarlgrenH02', 'https://doi.org/10.1007/978-3-540-45237-9_34');
INSERT INTO Write (AuthorID, PaperID) VALUES (16, 3369);
INSERT INTO Author (AuthorID, Name) VALUES (17, 'Ray R. Larson');
INSERT INTO Paper (PaperID, Title, Year, MDate, Key, DOI) VALUES (182, 'Decomposing Text Processing for Retrieval: Cheshire tries GRID@CLEF.', 2009, '2014-09-29', 'conf/clef/Larson09c', 'http://ceur-ws.org/Vol-1175/CLEF2009wn-GridCLEF-LarsonEt2009.pdf');
INSERT INTO Write (AuthorID, PaperID) VALUES (17, 182);
INSERT INTO Paper (PaperID, Title, Year, MDate, Key, DOI) VALUES (197, 'Text Retrieval and Blind Feedback for the ImageCLEF Photo Task.', 2006, '2014-08-15', 'conf/clef/Larson06b', 'http://ceur-ws.org/Vol-1172/CLEF2006wn-ImageCLEF-Larson2006.pdf');
INSERT INTO Write (AuthorID, PaperID) VALUES (17, 197);
INSERT INTO Paper (PaperID, Title, Year, MDate, Key, DOI) VALUES (201, 'Domain Specific Retrieval: Back to Basics.', 2006, '2015-05-22', 'conf/clef/Larson06c', 'http://ceur-ws.org/Vol-1172/CLEF2006wn-DomainSpecific-Larson2006.pdf');
INSERT INTO Write (AuthorID, PaperID) VALUES (17, 201);
INSERT INTO Write (AuthorID, PaperID) VALUES (17, 223);
INSERT INTO Write (AuthorID, PaperID) VALUES (17, 300);
INSERT INTO Paper (PaperID, Title, Year, MDate, Key, DOI) VALUES (535, 'Back to Basics - Again - for Domain Specific Retrieval.', 2008, '2014-09-29', 'conf/clef/Larson08d', 'http://ceur-ws.org/Vol-1174/CLEF2008wn-DomainSpecific-Larson2008.pdf');
INSERT INTO Write (AuthorID, PaperID) VALUES (17, 535);
INSERT INTO Paper (PaperID, Title, Year, MDate, Key, DOI) VALUES (678, 'Cheshire II at GeoCLEF: Fusion and Query Expansion for GIR.', 2005, '2014-08-15', 'conf/clef/Larson05', 'http://ceur-ws.org/Vol-1171/CLEF2005wn-GeoCLEF-Larson2005.pdf');
INSERT INTO Write (AuthorID, PaperID) VALUES (17, 678);
INSERT INTO Paper (PaperID, Title, Year, MDate, Key, DOI) VALUES (738, 'Cheshire at GeoCLEF 2007: Retesting Text Retrieval Baselines.', 2007, '2017-05-24', 'conf/clef/Larson07a', 'https://doi.org/10.1007/978-3-540-85760-0_102');
INSERT INTO Write (AuthorID, PaperID) VALUES (17, 738);
INSERT INTO Paper (PaperID, Title, Year, MDate, Key, DOI) VALUES (781, 'GeoCLEF Text Retrieval and Manual Expansion Approaches.', 2006, '2017-05-24', 'conf/clef/LarsonG06', 'https://doi.org/10.1007/978-3-540-74999-8_125');
INSERT INTO Write (AuthorID, PaperID) VALUES (17, 781);
INSERT INTO Paper (PaperID, Title, Year, MDate, Key, DOI) VALUES (872, 'Fusion of Probabilistic Algorithms for the CLEF Domain Specific Task.', 2005, '2014-08-15', 'conf/clef/Larson05a', 'http://ceur-ws.org/Vol-1171/CLEF2005wn-DomainSpecific-Larson2005.pdf');
INSERT INTO Write (AuthorID, PaperID) VALUES (17, 872);
INSERT INTO Paper (PaperID, Title, Year, MDate, Key, DOI) VALUES (1101, 'Multilingual Query Expansion for CLEF Adhoc-TEL.', 2009, '2017-05-24', 'conf/clef/Larson09', 'https://doi.org/10.1007/978-3-642-15754-7_9');
INSERT INTO Write (AuthorID, PaperID) VALUES (17, 1101);
INSERT INTO Paper (PaperID, Title, Year, MDate, Key, DOI) VALUES (1175, 'Berkeley at GeoCLEF: Logistic Regression and Fusion for Geographic Information Retrieval.', 2005, '2017-06-15', 'conf/clef/LarsonGP05', 'https://doi.org/10.1007/11878773_108');
INSERT INTO Write (AuthorID, PaperID) VALUES (17, 1175);
INSERT INTO Paper (PaperID, Title, Year, MDate, Key, DOI) VALUES (1318, 'Cheshire at GeoCLEF 2007: Retesting Text Retrieval Baselines.', 2007, '2014-09-23', 'conf/clef/Larson07b', 'http://ceur-ws.org/Vol-1173/CLEF2007wn-GeoCLEF-Larson2007.pdf');
INSERT INTO Write (AuthorID, PaperID) VALUES (17, 1318);
INSERT INTO Paper (PaperID, Title, Year, MDate, Key, DOI) VALUES (1392, 'GeoCLEF Text Retrieval and Manual Expansion Approaches.', 2006, '2014-08-15', 'conf/clef/LarsonG06a', 'http://ceur-ws.org/Vol-1172/CLEF2006wn-GeoCLEF-LarsonEt2006.pdf');
INSERT INTO Write (AuthorID, PaperID) VALUES (17, 1392);
INSERT INTO Paper (PaperID, Title, Year, MDate, Key, DOI) VALUES (1493, 'Interactive Probabilistic Search for GikiCLEF.', 2009, '2014-09-29', 'conf/clef/Larson09e', 'http://ceur-ws.org/Vol-1175/CLEF2009wn-QACLEF-LarsonEt2009.pdf');
INSERT INTO Write (AuthorID, PaperID) VALUES (17, 1493);
INSERT INTO Write (AuthorID, PaperID) VALUES (17, 1543);
INSERT INTO Write (AuthorID, PaperID) VALUES (17, 1650);
INSERT INTO Paper (PaperID, Title, Year, MDate, Key, DOI) VALUES (1867, 'Text Retrieval and Blind Feedback for the ImageCLEFphoto Task.', 2006, '2017-05-24', 'conf/clef/Larson06a', 'https://doi.org/10.1007/978-3-540-74999-8_73');
INSERT INTO Write (AuthorID, PaperID) VALUES (17, 1867);
INSERT INTO Write (AuthorID, PaperID) VALUES (17, 1934);
INSERT INTO Paper (PaperID, Title, Year, MDate, Key, DOI) VALUES (1967, 'Blind Relevance Feedback for the ImageCLEF Wikipedia Retrieval Task.', 2010, '2014-09-24', 'conf/clef/Larson10', 'http://www.clef-initiative.eu/documents/71612/86374/CLEF2010wn-ImageCLEF-Larson2010.pdf');
INSERT INTO Write (AuthorID, PaperID) VALUES (17, 1967);
INSERT INTO Paper (PaperID, Title, Year, MDate, Key, DOI) VALUES (2020, 'Logistic Regression for Metadata: Cheshire Takes on Adhoc-TEL.', 2008, '2017-05-24', 'conf/clef/Larson08', 'https://doi.org/10.1007/978-3-642-04447-2_3');
INSERT INTO Write (AuthorID, PaperID) VALUES (17, 2020);
INSERT INTO Paper (PaperID, Title, Year, MDate, Key, DOI) VALUES (2032, 'Experiments in Classification Clustering and Thesaurus Expansion for Domain Specific Cross-Language Retrieval.', 2007, '2017-05-24', 'conf/clef/Larson07', 'https://doi.org/10.1007/978-3-540-85760-0_25');
INSERT INTO Write (AuthorID, PaperID) VALUES (17, 2032);
INSERT INTO Paper (PaperID, Title, Year, MDate, Key, DOI) VALUES (2094, 'Decomposing Text Processing for Retrieval: Cheshire Tries GRID@CLEF.', 2009, '2017-05-24', 'conf/clef/Larson09b', 'https://doi.org/10.1007/978-3-642-15754-7_69');
INSERT INTO Write (AuthorID, PaperID) VALUES (17, 2094);
INSERT INTO Paper (PaperID, Title, Year, MDate, Key, DOI) VALUES (2152, 'Interactive Probabilistic Search for GikiCLEF.', 2009, '2017-05-24', 'conf/clef/Larson09a', 'https://doi.org/10.1007/978-3-642-15754-7_40');
INSERT INTO Write (AuthorID, PaperID) VALUES (17, 2152);
INSERT INTO Paper (PaperID, Title, Year, MDate, Key, DOI) VALUES (2167, 'Multilingual Query Expansion for CLEF Adhoc-TEL.', 2009, '2014-09-29', 'conf/clef/Larson09d', 'http://ceur-ws.org/Vol-1175/CLEF2009wn-adhoc-Larson2009.pdf');
INSERT INTO Write (AuthorID, PaperID) VALUES (17, 2167);
INSERT INTO Paper (PaperID, Title, Year, MDate, Key, DOI) VALUES (2382, 'Linked Relevance Feedback for the ImageCLEF Photo Task.', 2007, '2014-09-23', 'conf/clef/Larson07c', 'http://ceur-ws.org/Vol-1173/CLEF2007wn-ImageCLEF-Larson2007.pdf');
INSERT INTO Write (AuthorID, PaperID) VALUES (17, 2382);
INSERT INTO Paper (PaperID, Title, Year, MDate, Key, DOI) VALUES (2407, 'Domain-Specific CLIR of English, German and Russian Using Fusion and Subject Metadata for Query Expansion.', 2005, '2017-06-15', 'conf/clef/PetrasGL05', 'https://doi.org/10.1007/11878773_27');
INSERT INTO Write (AuthorID, PaperID) VALUES (17, 2407);
INSERT INTO Paper (PaperID, Title, Year, MDate, Key, DOI) VALUES (2416, 'Logistic Regression for Metadata: Cheshire takes on AdHoc-TEL.', 2008, '2014-09-29', 'conf/clef/Larson08e', 'http://ceur-ws.org/Vol-1174/CLEF2008wn-adhoc-Larson2008.pdf');
INSERT INTO Write (AuthorID, PaperID) VALUES (17, 2416);
INSERT INTO Paper (PaperID, Title, Year, MDate, Key, DOI) VALUES (2558, 'Cheshire at GeoCLEF 2008: Text and Fusion Approaches for GIR.', 2008, '2017-05-24', 'conf/clef/Larson08b', 'https://doi.org/10.1007/978-3-642-04447-2_108');
INSERT INTO Write (AuthorID, PaperID) VALUES (17, 2558);
INSERT INTO Write (AuthorID, PaperID) VALUES (17, 2691);
INSERT INTO Write (AuthorID, PaperID) VALUES (17, 2820);
INSERT INTO Paper (PaperID, Title, Year, MDate, Key, DOI) VALUES (3000, 'Cheshire at GeoCLEF 2008: Text and Fusion Approaches for GIR.', 2008, '2014-09-29', 'conf/clef/Larson08c', 'http://ceur-ws.org/Vol-1174/CLEF2008wn-GeoCLEF-Larson2008.pdf');
INSERT INTO Write (AuthorID, PaperID) VALUES (17, 3000);
INSERT INTO Paper (PaperID, Title, Year, MDate, Key, DOI) VALUES (3323, 'Back to Basics - Again - for Domain-Specific Retrieval.', 2008, '2017-05-24', 'conf/clef/Larson08a', 'https://doi.org/10.1007/978-3-642-04447-2_25');
INSERT INTO Write (AuthorID, PaperID) VALUES (17, 3323);
INSERT INTO Paper (PaperID, Title, Year, MDate, Key, DOI) VALUES (3345, 'Domain Specific Retrieval: Back to Basics.', 2006, '2017-05-24', 'conf/clef/Larson06', 'https://doi.org/10.1007/978-3-540-74999-8_25');
INSERT INTO Write (AuthorID, PaperID) VALUES (17, 3345);
INSERT INTO Paper (PaperID, Title, Year, MDate, Key, DOI) VALUES (3388, 'Pseudo-Relevance Feedback for CLEF-CHiC Adhoc.', 2013, '2014-09-10', 'conf/clef/Larson13', 'http://ceur-ws.org/Vol-1179/CLEF2013wn-CHiC-Larson2013.pdf');
INSERT INTO Write (AuthorID, PaperID) VALUES (17, 3388);
INSERT INTO Paper (PaperID, Title, Year, MDate, Key, DOI) VALUES (3445, 'Experiments in Classification Clustering and Thesaurus Expansion for Domain Specific Cross-Language Retrieval.', 2007, '2014-09-23', 'conf/clef/Larson07d', 'http://ceur-ws.org/Vol-1173/CLEF2007wn-DomainSpecific-Larson2007.pdf');
INSERT INTO Write (AuthorID, PaperID) VALUES (17, 3445);
INSERT INTO Write (AuthorID, PaperID) VALUES (17, 3521);
INSERT INTO Author (AuthorID, Name) VALUES (18, 'Carol Peters');
INSERT INTO Paper (PaperID, Title, Year, MDate, Key, DOI) VALUES (43, 'What Happened in CLEF2009: Introduction to the Working Notes.', 2009, '2014-09-29', 'conf/clef/Peters09b', 'http://ceur-ws.org/Vol-1175/CLEF2009wn-all-Peters2009.pdf');
INSERT INTO Write (AuthorID, PaperID) VALUES (18, 43);
INSERT INTO Write (AuthorID, PaperID) VALUES (18, 74);
INSERT INTO Paper (PaperID, Title, Year, MDate, Key, DOI) VALUES (166, 'Foreword.', 2001, '2014-08-15', 'conf/clef/Peters01a', 'http://ceur-ws.org/Vol-1167/CLEF2001wn-all-Peters2001.pdf');
INSERT INTO Write (AuthorID, PaperID) VALUES (18, 166);
INSERT INTO Write (AuthorID, PaperID) VALUES (18, 199);
INSERT INTO Paper (PaperID, Title, Year, MDate, Key, DOI) VALUES (271, 'What Happened in CLEF 2005.', 2005, '2014-08-15', 'conf/clef/Peters05b', 'http://ceur-ws.org/Vol-1171/CLEF2005wn-all-Peters2005.pdf');
INSERT INTO Write (AuthorID, PaperID) VALUES (18, 271);
INSERT INTO Paper (PaperID, Title, Year, MDate, Key, DOI) VALUES (438, 'CLEF 2002 Methodology and Metrics.', 2002, '2017-05-24', 'conf/clef/BraschlerP02', 'https://doi.org/10.1007/978-3-540-45237-9_44');
INSERT INTO Write (AuthorID, PaperID) VALUES (18, 438);
INSERT INTO Paper (PaperID, Title, Year, MDate, Key, DOI) VALUES (673, 'What Happened in CLEF 2004?', 2004, '2017-05-24', 'conf/clef/Peters05', 'https://doi.org/10.1007/11519645_1');
INSERT INTO Write (AuthorID, PaperID) VALUES (18, 673);
INSERT INTO Paper (PaperID, Title, Year, MDate, Key, DOI) VALUES (708, 'What Happened in CLEF 2008.', 2008, '2017-05-24', 'conf/clef/Peters08', 'https://doi.org/10.1007/978-3-642-04447-2_1');
INSERT INTO Write (AuthorID, PaperID) VALUES (18, 708);
INSERT INTO Paper (PaperID, Title, Year, MDate, Key, DOI) VALUES (735, 'Introduction.', 2001, '2017-05-24', 'conf/clef/Peters01', 'https://doi.org/10.1007/3-540-45691-0_1');
INSERT INTO Write (AuthorID, PaperID) VALUES (18, 735);
INSERT INTO Write (AuthorID, PaperID) VALUES (18, 770);
INSERT INTO Paper (PaperID, Title, Year, MDate, Key, DOI) VALUES (911, 'CLEF 2003 Methodology and Metrics.', 2003, '2017-05-24', 'conf/clef/BraschlerP03', 'https://doi.org/10.1007/978-3-540-30222-3_2');
INSERT INTO Write (AuthorID, PaperID) VALUES (18, 911);
INSERT INTO Write (AuthorID, PaperID) VALUES (18, 912);
INSERT INTO Paper (PaperID, Title, Year, MDate, Key, DOI) VALUES (1207, 'What happened in CLEF 2008: Introduction to the Working Notes.', 2008, '2014-09-29', 'conf/clef/Peters08a', 'http://ceur-ws.org/Vol-1174/CLEF2008wn-all-Peters2008.pdf');
INSERT INTO Write (AuthorID, PaperID) VALUES (18, 1207);
INSERT INTO Paper (PaperID, Title, Year, MDate, Key, DOI) VALUES (1340, 'What Happened in CLEF 2006.', 2006, '2017-05-24', 'conf/clef/Peters06', 'https://doi.org/10.1007/978-3-540-74999-8_1');
INSERT INTO Write (AuthorID, PaperID) VALUES (18, 1340);
INSERT INTO Paper (PaperID, Title, Year, MDate, Key, DOI) VALUES (1356, 'What Happened in CLEF 2009.', 2009, '2017-05-24', 'conf/clef/Peters09a', 'https://doi.org/10.1007/978-3-642-15751-6_1');
INSERT INTO Write (AuthorID, PaperID) VALUES (18, 1356);
INSERT INTO Write (AuthorID, PaperID) VALUES (18, 1391);
INSERT INTO Paper (PaperID, Title, Year, MDate, Key, DOI) VALUES (1648, 'What Happened in CLEF 2007.', 2007, '2017-05-24', 'conf/clef/Peters07', 'https://doi.org/10.1007/978-3-540-85760-0_1');
INSERT INTO Write (AuthorID, PaperID) VALUES (18, 1648);
INSERT INTO Paper (PaperID, Title, Year, MDate, Key, DOI) VALUES (1654, 'The Four Ladies of Experimental Evaluation.', 2010, '2017-05-24', 'conf/clef/HarmanKLP10', 'https://doi.org/10.1007/978-3-642-15998-5_15');
INSERT INTO Write (AuthorID, PaperID) VALUES (18, 1654);
INSERT INTO Paper (PaperID, Title, Year, MDate, Key, DOI) VALUES (1662, 'Introduction.', 2002, '2017-05-24', 'conf/clef/Peters02', 'https://doi.org/10.1007/978-3-540-45237-9_1');
INSERT INTO Write (AuthorID, PaperID) VALUES (18, 1662);
INSERT INTO Paper (PaperID, Title, Year, MDate, Key, DOI) VALUES (1928, 'What Happened in CLEF 2006: Introduction to the Working Notes.', 2006, '2014-08-15', 'conf/clef/Peters06a', 'http://ceur-ws.org/Vol-1172/CLEF2006wn-all-Peters2006.pdf');
INSERT INTO Write (AuthorID, PaperID) VALUES (18, 1928);
INSERT INTO Write (AuthorID, PaperID) VALUES (18, 2005);
INSERT INTO Paper (PaperID, Title, Year, MDate, Key, DOI) VALUES (2025, 'What happened in CLEF 2007: Introduction to the Working Notes.', 2007, '2014-09-23', 'conf/clef/Peters07a', 'http://ceur-ws.org/Vol-1173/CLEF2007wn-all-Peters2007.pdf');
INSERT INTO Write (AuthorID, PaperID) VALUES (18, 2025);
INSERT INTO Write (AuthorID, PaperID) VALUES (18, 2040);
INSERT INTO Paper (PaperID, Title, Year, MDate, Key, DOI) VALUES (2165, 'CLIR Evaluation at TREC.', 2000, '2017-12-30', 'conf/clef/HarmanBHKPSS00', 'https://doi.org/10.1007/3-540-44645-1_2');
INSERT INTO Write (AuthorID, PaperID) VALUES (18, 2165);
INSERT INTO Write (AuthorID, PaperID) VALUES (18, 2182);
INSERT INTO Paper (PaperID, Title, Year, MDate, Key, DOI) VALUES (2311, 'CLEF Methodology and Metrics.', 2001, '2017-05-24', 'conf/clef/BraschlerP01', 'https://doi.org/10.1007/3-540-45691-0_37');
INSERT INTO Write (AuthorID, PaperID) VALUES (18, 2311);
INSERT INTO Write (AuthorID, PaperID) VALUES (18, 2396);
INSERT INTO Paper (PaperID, Title, Year, MDate, Key, DOI) VALUES (2803, 'Introduction.', 2002, '2014-08-15', 'conf/clef/Peters02a', 'http://ceur-ws.org/Vol-1168/CLEF2002wn-all-Peters2002.pdf');
INSERT INTO Write (AuthorID, PaperID) VALUES (18, 2803);
INSERT INTO Paper (PaperID, Title, Year, MDate, Key, DOI) VALUES (3014, 'What Happened in CLEF 2005.', 2005, '2017-05-24', 'conf/clef/Peters05a', 'https://doi.org/10.1007/11878773_1');
INSERT INTO Write (AuthorID, PaperID) VALUES (18, 3014);
INSERT INTO Paper (PaperID, Title, Year, MDate, Key, DOI) VALUES (3028, 'Introduction.', 2000, '2017-05-24', 'conf/clef/Peters00', 'https://doi.org/10.1007/3-540-44645-1_1');
INSERT INTO Write (AuthorID, PaperID) VALUES (18, 3028);
INSERT INTO Write (AuthorID, PaperID) VALUES (18, 3041);
INSERT INTO Paper (PaperID, Title, Year, MDate, Key, DOI) VALUES (3165, 'What Happened in CLEF 2009.', 2009, '2017-05-24', 'conf/clef/Peters09', 'https://doi.org/10.1007/978-3-642-15754-7_1');
INSERT INTO Write (AuthorID, PaperID) VALUES (18, 3165);
INSERT INTO Paper (PaperID, Title, Year, MDate, Key, DOI) VALUES (3233, 'Introduction.', 2004, '2014-08-15', 'conf/clef/Peters04', 'http://ceur-ws.org/Vol-1170/CLEF2004wn-all-Peters2004.pdf');
INSERT INTO Write (AuthorID, PaperID) VALUES (18, 3233);
INSERT INTO Paper (PaperID, Title, Year, MDate, Key, DOI) VALUES (3246, 'Introduction.', 2003, '2014-08-15', 'conf/clef/Peters03', 'http://ceur-ws.org/Vol-1169/CLEF2003wn-all-Peters2003.pdf');
INSERT INTO Write (AuthorID, PaperID) VALUES (18, 3246);
INSERT INTO Write (AuthorID, PaperID) VALUES (18, 3383);
INSERT INTO Write (AuthorID, PaperID) VALUES (18, 3490);
INSERT INTO Author (AuthorID, Name) VALUES (19, 'Manuel Carlos D&iacute;az-Galiano');
INSERT INTO Write (AuthorID, PaperID) VALUES (19, 160);
INSERT INTO Write (AuthorID, PaperID) VALUES (19, 200);
INSERT INTO Write (AuthorID, PaperID) VALUES (19, 285);
INSERT INTO Write (AuthorID, PaperID) VALUES (19, 355);
INSERT INTO Write (AuthorID, PaperID) VALUES (19, 392);
INSERT INTO Write (AuthorID, PaperID) VALUES (19, 530);
INSERT INTO Write (AuthorID, PaperID) VALUES (19, 613);
INSERT INTO Write (AuthorID, PaperID) VALUES (19, 616);
INSERT INTO Write (AuthorID, PaperID) VALUES (19, 671);
INSERT INTO Write (AuthorID, PaperID) VALUES (19, 817);
INSERT INTO Write (AuthorID, PaperID) VALUES (19, 865);
INSERT INTO Write (AuthorID, PaperID) VALUES (19, 1167);
INSERT INTO Write (AuthorID, PaperID) VALUES (19, 1329);
INSERT INTO Write (AuthorID, PaperID) VALUES (19, 1443);
INSERT INTO Write (AuthorID, PaperID) VALUES (19, 1619);
INSERT INTO Paper (PaperID, Title, Year, MDate, Key, DOI) VALUES (1726, 'Complexity Measures and POS n-grams for Author Identification in Several Languages: SINAI at PAN@CLEF 2018.', 2018, '2018-08-08', 'conf/clef/Lopez-AnguitaMD18', 'http://ceur-ws.org/Vol-2125/paper_95.pdf');
INSERT INTO Write (AuthorID, PaperID) VALUES (19, 1726);
INSERT INTO Write (AuthorID, PaperID) VALUES (19, 1734);
INSERT INTO Write (AuthorID, PaperID) VALUES (19, 1911);
INSERT INTO Write (AuthorID, PaperID) VALUES (19, 2249);
INSERT INTO Write (AuthorID, PaperID) VALUES (19, 2288);
INSERT INTO Write (AuthorID, PaperID) VALUES (19, 2364);
INSERT INTO Write (AuthorID, PaperID) VALUES (19, 2370);
INSERT INTO Write (AuthorID, PaperID) VALUES (19, 2395);
INSERT INTO Write (AuthorID, PaperID) VALUES (19, 2445);
INSERT INTO Write (AuthorID, PaperID) VALUES (19, 2507);
INSERT INTO Write (AuthorID, PaperID) VALUES (19, 2577);
INSERT INTO Write (AuthorID, PaperID) VALUES (19, 2818);
INSERT INTO Write (AuthorID, PaperID) VALUES (19, 2857);
INSERT INTO Write (AuthorID, PaperID) VALUES (19, 2888);
INSERT INTO Write (AuthorID, PaperID) VALUES (19, 2956);
INSERT INTO Paper (PaperID, Title, Year, MDate, Key, DOI) VALUES (2995, 'SINAI at ImageCLEF 2010 Medical Task.', 2010, '2018-08-09', 'conf/clef/Diaz-GalianoMRC10', 'http://www.clef-initiative.eu/documents/71612/86374/CLEF2010wn-ImageCLEF-Diaz-GalianoEt2010.pdf');
INSERT INTO Write (AuthorID, PaperID) VALUES (19, 2995);
INSERT INTO Write (AuthorID, PaperID) VALUES (19, 3075);
INSERT INTO Write (AuthorID, PaperID) VALUES (19, 3206);
INSERT INTO Write (AuthorID, PaperID) VALUES (19, 3228);
INSERT INTO Write (AuthorID, PaperID) VALUES (19, 3273);
INSERT INTO Paper (PaperID, Title, Year, MDate, Key, DOI) VALUES (3380, 'SINAI at ImagePhoto 2009.', 2009, '2018-08-09', 'conf/clef/Garcia-CumbrerasDMM09', 'http://ceur-ws.org/Vol-1175/CLEF2009wn-ImageCLEF-GarciaCumbrerasEt2009.pdf');
INSERT INTO Write (AuthorID, PaperID) VALUES (19, 3380);
INSERT INTO Author (AuthorID, Name) VALUES (20, 'Jacques Savoy');
INSERT INTO Paper (PaperID, Title, Year, MDate, Key, DOI) VALUES (99, 'UniNE at CLEF 2015 Author Identification: Notebook for PAN at CLEF 2015.', 2015, '2015-09-03', 'conf/clef/KocherS15', 'http://ceur-ws.org/Vol-1391/28-CR.pdf');
INSERT INTO Write (AuthorID, PaperID) VALUES (20, 99);
INSERT INTO Paper (PaperID, Title, Year, MDate, Key, DOI) VALUES (369, 'UniNE at CLEF 2017: Author Profiling Reasoning.', 2017, '2017-08-15', 'conf/clef/KocherS17a', 'http://ceur-ws.org/Vol-1866/paper_56.pdf');
INSERT INTO Write (AuthorID, PaperID) VALUES (20, 369);
INSERT INTO Paper (PaperID, Title, Year, MDate, Key, DOI) VALUES (370, 'UniNE at CLEF - CHiC 2013.', 2013, '2014-09-10', 'conf/clef/AkaserehNS13', 'http://ceur-ws.org/Vol-1179/CLEF2013wn-CHiC-AkaserehEt2013.pdf');
INSERT INTO Write (AuthorID, PaperID) VALUES (20, 370);
INSERT INTO Paper (PaperID, Title, Year, MDate, Key, DOI) VALUES (431, 'Report on CLEF-2003 Monolingual Tracks: Fusion of Probabilistic Models for Effective Monolingual Retrieval.', 2003, '2014-08-15', 'conf/clef/Savoy03c', 'http://ceur-ws.org/Vol-1169/CLEF2003wn-adhoc-Savoy2003b.pdf');
INSERT INTO Write (AuthorID, PaperID) VALUES (20, 431);
INSERT INTO Write (AuthorID, PaperID) VALUES (20, 507);
INSERT INTO Paper (PaperID, Title, Year, MDate, Key, DOI) VALUES (583, 'Data Fusion for Effective European Monolingual Information Retrieval.', 2004, '2017-05-24', 'conf/clef/Savoy05', 'https://doi.org/10.1007/11519645_24');
INSERT INTO Write (AuthorID, PaperID) VALUES (20, 583);
INSERT INTO Paper (PaperID, Title, Year, MDate, Key, DOI) VALUES (813, 'UniNE at CLEF-IP 2009.', 2009, '2017-05-24', 'conf/clef/FautschS09', 'https://doi.org/10.1007/978-3-642-15754-7_57');
INSERT INTO Write (AuthorID, PaperID) VALUES (20, 813);
INSERT INTO Paper (PaperID, Title, Year, MDate, Key, DOI) VALUES (987, 'Selection and Merging Strategies for Multilingual Information Retrieval.', 2004, '2014-08-15', 'conf/clef/SavoyB04', 'http://ceur-ws.org/Vol-1170/CLEF2004wn-adhoc-SavoyEt2004.pdf');
INSERT INTO Write (AuthorID, PaperID) VALUES (20, 987);
INSERT INTO Paper (PaperID, Title, Year, MDate, Key, DOI) VALUES (1027, 'Monolingual, Bilingual, and GIRT Information Retrieval at CLEF-2005.', 2005, '2017-05-24', 'conf/clef/SavoyB05a', 'https://doi.org/10.1007/11878773_14');
INSERT INTO Write (AuthorID, PaperID) VALUES (20, 1027);
INSERT INTO Paper (PaperID, Title, Year, MDate, Key, DOI) VALUES (1366, 'Report on CLEF-2003 Monolingual Tracks: Fusion of Probabilistic Models for Effective Monolingual Retrieval.', 2003, '2017-05-24', 'conf/clef/Savoy03a', 'https://doi.org/10.1007/978-3-540-30222-3_31');
INSERT INTO Write (AuthorID, PaperID) VALUES (20, 1366);
INSERT INTO Paper (PaperID, Title, Year, MDate, Key, DOI) VALUES (1375, 'UniNE at CLEF 2016: Author Profiling.', 2016, '2016-08-11', 'conf/clef/KocherS16', 'http://ceur-ws.org/Vol-1609/16090903.pdf');
INSERT INTO Write (AuthorID, PaperID) VALUES (20, 1375);
INSERT INTO Paper (PaperID, Title, Year, MDate, Key, DOI) VALUES (1459, 'Report on CLEF-2003 Multilingual Tracks.', 2003, '2017-05-24', 'conf/clef/Savoy03', 'https://doi.org/10.1007/978-3-540-30222-3_6');
INSERT INTO Write (AuthorID, PaperID) VALUES (20, 1459);
INSERT INTO Paper (PaperID, Title, Year, MDate, Key, DOI) VALUES (1653, 'Stemming Approaches for East European Languages.', 2007, '2014-09-23', 'conf/clef/DolamicS07a', 'http://ceur-ws.org/Vol-1173/CLEF2007wn-adhoc-DolamicEt2007.pdf');
INSERT INTO Write (AuthorID, PaperID) VALUES (20, 1653);
INSERT INTO Paper (PaperID, Title, Year, MDate, Key, DOI) VALUES (1865, 'Report on CLEF-2001 Experiments.', 2001, '2014-08-15', 'conf/clef/Savoy01a', 'http://ceur-ws.org/Vol-1167/CLEF2001wn-adhoc-Savoy2001.pdf');
INSERT INTO Write (AuthorID, PaperID) VALUES (20, 1865);
INSERT INTO Paper (PaperID, Title, Year, MDate, Key, DOI) VALUES (1889, 'Author Clustering with an Adaptive Threshold.', 2017, '2017-09-21', 'conf/clef/KocherS17b', 'https://doi.org/10.1007/978-3-319-65813-1_19');
INSERT INTO Write (AuthorID, PaperID) VALUES (20, 1889);
INSERT INTO Paper (PaperID, Title, Year, MDate, Key, DOI) VALUES (1929, 'UniNE at Domain-Specific IR - CLEF 2008.', 2008, '2017-05-24', 'conf/clef/FautschDS08', 'https://doi.org/10.1007/978-3-642-04447-2_24');
INSERT INTO Write (AuthorID, PaperID) VALUES (20, 1929);
INSERT INTO Paper (PaperID, Title, Year, MDate, Key, DOI) VALUES (2003, 'Report on CLEF-2005 Evaluation Campaign: Monolingual, Bilingual and GIRT Information Retrieval.', 2005, '2014-08-15', 'conf/clef/SavoyB05b', 'http://ceur-ws.org/Vol-1171/CLEF2005wn-adhoc-SavoyEt2005.pdf');
INSERT INTO Write (AuthorID, PaperID) VALUES (20, 2003);
INSERT INTO Paper (PaperID, Title, Year, MDate, Key, DOI) VALUES (2035, 'Report on CLEF 2002 Experiments: Combining Multiple Sources of Evidence.', 2002, '2017-05-24', 'conf/clef/Savoy02', 'https://doi.org/10.1007/978-3-540-45237-9_6');
INSERT INTO Write (AuthorID, PaperID) VALUES (20, 2035);
INSERT INTO Paper (PaperID, Title, Year, MDate, Key, DOI) VALUES (2086, 'Experiments with Monolingual, Bilingual, and Robust Retrieval.', 2006, '2017-05-24', 'conf/clef/SavoyA06', 'https://doi.org/10.1007/978-3-540-74999-8_19');
INSERT INTO Write (AuthorID, PaperID) VALUES (20, 2086);
INSERT INTO Paper (PaperID, Title, Year, MDate, Key, DOI) VALUES (2098, 'Report on CLEF-2003 Multilingual Tracks.', 2003, '2014-08-15', 'conf/clef/Savoy03b', 'http://ceur-ws.org/Vol-1169/CLEF2003wn-adhoc-Savoy2003.pdf');
INSERT INTO Write (AuthorID, PaperID) VALUES (20, 2098);
INSERT INTO Paper (PaperID, Title, Year, MDate, Key, DOI) VALUES (2148, 'Report on CLEF-2002 Experiments: Combining Multiple Sources of Evidence.', 2002, '2014-08-15', 'conf/clef/Savoy02a', 'http://ceur-ws.org/Vol-1168/CLEF2002wn-adhoc-Savoy2002.pdf');
INSERT INTO Write (AuthorID, PaperID) VALUES (20, 2148);
INSERT INTO Paper (PaperID, Title, Year, MDate, Key, DOI) VALUES (2171, 'Selection and Merging Strategies for Multilingual Information Retrieval.', 2004, '2017-05-24', 'conf/clef/SavoyB05', 'https://doi.org/10.1007/11519645_3');
INSERT INTO Write (AuthorID, PaperID) VALUES (20, 2171);
INSERT INTO Paper (PaperID, Title, Year, MDate, Key, DOI) VALUES (2197, 'UniNE at CLEF 2008: TEL, and Persian IR.', 2008, '2017-05-24', 'conf/clef/DolamicFS08', 'https://doi.org/10.1007/978-3-642-04447-2_22');
INSERT INTO Write (AuthorID, PaperID) VALUES (20, 2197);
INSERT INTO Paper (PaperID, Title, Year, MDate, Key, DOI) VALUES (2248, 'UniNE at CLEF 2012.', 2012, '2014-09-24', 'conf/clef/AkaserehNS12', 'http://www.clef-initiative.eu/documents/71612/901619ab-eeeb-46ad-9188-933ed11a1641');
INSERT INTO Write (AuthorID, PaperID) VALUES (20, 2248);
INSERT INTO Paper (PaperID, Title, Year, MDate, Key, DOI) VALUES (2365, 'UniNE at CLEF 2009: Persian Ad Hoc Retrieval and IP.', 2009, '2014-09-29', 'conf/clef/DolamicFS09', 'http://ceur-ws.org/Vol-1175/CLEF2009wn-Miscellaneous-DolamicEt2009.pdf');
INSERT INTO Write (AuthorID, PaperID) VALUES (20, 2365);
INSERT INTO Paper (PaperID, Title, Year, MDate, Key, DOI) VALUES (2555, 'UniNE at CLEF 2008: TEL, Persian and Robust IR.', 2008, '2014-09-29', 'conf/clef/DolamicFS08a', 'http://ceur-ws.org/Vol-1174/CLEF2008wn-adhoc-DolamicEt2008.pdf');
INSERT INTO Write (AuthorID, PaperID) VALUES (20, 2555);
INSERT INTO Paper (PaperID, Title, Year, MDate, Key, DOI) VALUES (2557, 'UniNE at CLEF 2006: Experiments with Monolingual, Bilingual, Domain-Specific and Robust Retrieval.', 2006, '2014-08-15', 'conf/clef/SavoyA06a', 'http://ceur-ws.org/Vol-1172/CLEF2006wn-adhoc-SavoyEt2006.pdf');
INSERT INTO Write (AuthorID, PaperID) VALUES (20, 2557);
INSERT INTO Paper (PaperID, Title, Year, MDate, Key, DOI) VALUES (2710, 'Report on CLEF-2001 Experiments: Effective Combined Query-Translation Approach.', 2001, '2017-05-24', 'conf/clef/Savoy01', 'https://doi.org/10.1007/3-540-45691-0_3');
INSERT INTO Write (AuthorID, PaperID) VALUES (20, 2710);
INSERT INTO Paper (PaperID, Title, Year, MDate, Key, DOI) VALUES (2730, 'Ad Hoc Retrieval with the Persian Language.', 2009, '2017-05-24', 'conf/clef/DolamicS09', 'https://doi.org/10.1007/978-3-642-15754-7_12');
INSERT INTO Write (AuthorID, PaperID) VALUES (20, 2730);
INSERT INTO Paper (PaperID, Title, Year, MDate, Key, DOI) VALUES (2873, 'Stemming Approaches for East European Languages.', 2007, '2017-05-24', 'conf/clef/DolamicS07', 'https://doi.org/10.1007/978-3-540-85760-0_4');
INSERT INTO Write (AuthorID, PaperID) VALUES (20, 2873);
INSERT INTO Paper (PaperID, Title, Year, MDate, Key, DOI) VALUES (3024, 'Data Fusion for Effective European Monolingual Information Retrieval.', 2004, '2014-08-15', 'conf/clef/Savoy04', 'http://ceur-ws.org/Vol-1170/CLEF2004wn-adhoc-Savoy2004.pdf');
INSERT INTO Write (AuthorID, PaperID) VALUES (20, 3024);
INSERT INTO Paper (PaperID, Title, Year, MDate, Key, DOI) VALUES (3088, 'UniNE at Domain-Specific IR - CLEF 2008: Scientific Data Retrieval: Various Query Expansion Approaches.', 2008, '2014-09-29', 'conf/clef/FautschDS08a', 'http://ceur-ws.org/Vol-1174/CLEF2008wn-DomainSpecific-FautschEt2008.pdf');
INSERT INTO Write (AuthorID, PaperID) VALUES (20, 3088);
INSERT INTO Paper (PaperID, Title, Year, MDate, Key, DOI) VALUES (3163, 'UniNE at CLEF 2017: Author Clustering.', 2017, '2017-08-15', 'conf/clef/KocherS17', 'http://ceur-ws.org/Vol-1866/paper_55.pdf');
INSERT INTO Write (AuthorID, PaperID) VALUES (20, 3163);
INSERT INTO Paper (PaperID, Title, Year, MDate, Key, DOI) VALUES (3238, 'UniNE at CLEF 2018: Author Masking: Notebook for PAN at CLEF 2018.', 2018, '2018-08-08', 'conf/clef/KocherS18', 'http://ceur-ws.org/Vol-2125/paper_87.pdf');
INSERT INTO Write (AuthorID, PaperID) VALUES (20, 3238);
INSERT INTO Paper (PaperID, Title, Year, MDate, Key, DOI) VALUES (3522, 'Domain-Specific IR for German, English and Russian Languages.', 2007, '2017-05-24', 'conf/clef/FautschDAS07', 'https://doi.org/10.1007/978-3-540-85760-0_26');
INSERT INTO Write (AuthorID, PaperID) VALUES (20, 3522);
INSERT INTO Paper (PaperID, Title, Year, MDate, Key, DOI) VALUES (3525, 'Domain-Specific IR for German, English and Russian Languages.', 2007, '2014-09-23', 'conf/clef/FautschDAS07a', 'http://ceur-ws.org/Vol-1173/CLEF2007wn-DomainSpecific-FautschEt2007.pdf');
INSERT INTO Write (AuthorID, PaperID) VALUES (20, 3525);
INSERT INTO Author (AuthorID, Name) VALUES (21, 'Jos&eacute; Carlos Gonz&aacute;lez Crist&oacute;bal');
INSERT INTO Write (AuthorID, PaperID) VALUES (21, 4);
INSERT INTO Paper (PaperID, Title, Year, MDate, Key, DOI) VALUES (30, 'Report of MIRACLE Team for Geographical IR in CLEF 2006.', 2006, '2014-08-15', 'conf/clef/Lana-SerranoGC06', 'http://ceur-ws.org/Vol-1172/CLEF2006wn-GeoCLEF-LanaSerranoEt2006.pdf');
INSERT INTO Write (AuthorID, PaperID) VALUES (21, 30);
INSERT INTO Write (AuthorID, PaperID) VALUES (21, 42);
INSERT INTO Write (AuthorID, PaperID) VALUES (21, 56);
INSERT INTO Write (AuthorID, PaperID) VALUES (21, 68);
INSERT INTO Write (AuthorID, PaperID) VALUES (21, 135);
INSERT INTO Write (AuthorID, PaperID) VALUES (21, 317);
INSERT INTO Write (AuthorID, PaperID) VALUES (21, 410);
INSERT INTO Write (AuthorID, PaperID) VALUES (21, 433);
INSERT INTO Write (AuthorID, PaperID) VALUES (21, 483);
INSERT INTO Write (AuthorID, PaperID) VALUES (21, 574);
INSERT INTO Write (AuthorID, PaperID) VALUES (21, 585);
INSERT INTO Write (AuthorID, PaperID) VALUES (21, 721);
INSERT INTO Write (AuthorID, PaperID) VALUES (21, 868);
INSERT INTO Write (AuthorID, PaperID) VALUES (21, 1119);
INSERT INTO Paper (PaperID, Title, Year, MDate, Key, DOI) VALUES (1313, 'MIRACLE at GeoCLEF 2005: First Experiments in Geographical IR.', 2005, '2017-05-24', 'conf/clef/Lana-SerranoGC05', 'https://doi.org/10.1007/11878773_102');
INSERT INTO Write (AuthorID, PaperID) VALUES (21, 1313);
INSERT INTO Write (AuthorID, PaperID) VALUES (21, 1469);
INSERT INTO Write (AuthorID, PaperID) VALUES (21, 1485);
INSERT INTO Write (AuthorID, PaperID) VALUES (21, 1492);
INSERT INTO Write (AuthorID, PaperID) VALUES (21, 1509);
INSERT INTO Write (AuthorID, PaperID) VALUES (21, 1516);
INSERT INTO Write (AuthorID, PaperID) VALUES (21, 1930);
INSERT INTO Write (AuthorID, PaperID) VALUES (21, 1948);
INSERT INTO Write (AuthorID, PaperID) VALUES (21, 2051);
INSERT INTO Write (AuthorID, PaperID) VALUES (21, 2129);
INSERT INTO Write (AuthorID, PaperID) VALUES (21, 2130);
INSERT INTO Paper (PaperID, Title, Year, MDate, Key, DOI) VALUES (2260, 'MIRACLE''s Ad-Hoc and Geographical IR Approaches for CLEF 2006.', 2006, '2017-05-24', 'conf/clef/Goni-MenoyoGLM06', 'https://doi.org/10.1007/978-3-540-74999-8_110');
INSERT INTO Write (AuthorID, PaperID) VALUES (21, 2260);
INSERT INTO Write (AuthorID, PaperID) VALUES (21, 2300);
INSERT INTO Write (AuthorID, PaperID) VALUES (21, 2588);
INSERT INTO Write (AuthorID, PaperID) VALUES (21, 2610);
INSERT INTO Paper (PaperID, Title, Year, MDate, Key, DOI) VALUES (2753, 'MIRACLE''s 2005 Approach to Geographical Information Retrieval.', 2005, '2014-08-15', 'conf/clef/Lana-SerranoGC05a', 'http://ceur-ws.org/Vol-1171/CLEF2005wn-GeoCLEF-LanaSerranoEt2005.pdf');
INSERT INTO Write (AuthorID, PaperID) VALUES (21, 2753);
INSERT INTO Write (AuthorID, PaperID) VALUES (21, 2811);
INSERT INTO Write (AuthorID, PaperID) VALUES (21, 3091);
INSERT INTO Write (AuthorID, PaperID) VALUES (21, 3342);
INSERT INTO Write (AuthorID, PaperID) VALUES (21, 3495);
INSERT INTO Author (AuthorID, Name) VALUES (22, 'Maximilian Eibl');
INSERT INTO Paper (PaperID, Title, Year, MDate, Key, DOI) VALUES (79, 'The Importance of being Grid: Chemnitz University of Technology at Grid@CLEF.', 2009, '2014-09-29', 'conf/clef/EiblK09', 'http://ceur-ws.org/Vol-1175/CLEF2009wn-GridCLEF-EiblEt2009.pdf');
INSERT INTO Write (AuthorID, PaperID) VALUES (22, 79);
INSERT INTO Paper (PaperID, Title, Year, MDate, Key, DOI) VALUES (90, 'Large-Scale Bird Sound Classification using Convolutional Neural Networks.', 2017, '2017-08-15', 'conf/clef/KahlWHKKRE17', 'http://ceur-ws.org/Vol-1866/paper_143.pdf');
INSERT INTO Write (AuthorID, PaperID) VALUES (22, 90);
INSERT INTO Paper (PaperID, Title, Year, MDate, Key, DOI) VALUES (204, 'CLEF 2008 Ad-Hoc Track: Comparing and Combining Different IR Approaches.', 2008, '2017-05-24', 'conf/clef/KurstenWE08', 'https://doi.org/10.1007/978-3-642-04447-2_8');
INSERT INTO Write (AuthorID, PaperID) VALUES (22, 204);
INSERT INTO Paper (PaperID, Title, Year, MDate, Key, DOI) VALUES (536, 'The Xtrieval Framework at CLEF 2008: Domain-Specific Track.', 2008, '2014-09-29', 'conf/clef/KurstenWE08b', 'http://ceur-ws.org/Vol-1174/CLEF2008wn-DomainSpecific-KurstenEt2008.pdf');
INSERT INTO Write (AuthorID, PaperID) VALUES (22, 536);
INSERT INTO Paper (PaperID, Title, Year, MDate, Key, DOI) VALUES (665, 'Wrappers for Feature Subset Selection in CRF-based Clinical Information Extraction.', 2016, '2016-08-11', 'conf/clef/EbersbachHLE16', 'http://ceur-ws.org/Vol-1609/16090069.pdf');
INSERT INTO Write (AuthorID, PaperID) VALUES (22, 665);
INSERT INTO Paper (PaperID, Title, Year, MDate, Key, DOI) VALUES (806, 'The Xtrieval Framework at CLEF 2008: ImageCLEF Wikipedia MM task.', 2008, '2014-09-29', 'conf/clef/WilhelmKE08a', 'http://ceur-ws.org/Vol-1174/CLEF2008wn-ImageCLEF-WilhelmEt2008b.pdf');
INSERT INTO Write (AuthorID, PaperID) VALUES (22, 806);
INSERT INTO Paper (PaperID, Title, Year, MDate, Key, DOI) VALUES (955, 'Video Classification as IR Task: Experiments and Observations.', 2009, '2017-05-24', 'conf/clef/KurstenE09a', 'https://doi.org/10.1007/978-3-642-15751-6_49');
INSERT INTO Write (AuthorID, PaperID) VALUES (22, 955);
INSERT INTO Paper (PaperID, Title, Year, MDate, Key, DOI) VALUES (974, 'ImageCLEF 2006 Experiments at the Chemnitz Technical University.', 2006, '2017-05-24', 'conf/clef/WilhelmE06', 'https://doi.org/10.1007/978-3-540-74999-8_93');
INSERT INTO Write (AuthorID, PaperID) VALUES (22, 974);
INSERT INTO Paper (PaperID, Title, Year, MDate, Key, DOI) VALUES (1143, 'The XTRIEVAL Framework at CLEF 2007: Domain-Specific Track.', 2007, '2017-05-24', 'conf/clef/KurstenWE07', 'https://doi.org/10.1007/978-3-540-85760-0_23');
INSERT INTO Write (AuthorID, PaperID) VALUES (22, 1143);
INSERT INTO Paper (PaperID, Title, Year, MDate, Key, DOI) VALUES (1626, 'Chemnitz at the CHiC Evaluation Lab 2012: Creating an Xtrieval Module for Semantic Enrichment.', 2012, '2014-09-24', 'conf/clef/KurstenWRE12', 'http://www.clef-initiative.eu/documents/71612/fd9ccc73-42d7-48b2-9008-a4cfee57189f');
INSERT INTO Write (AuthorID, PaperID) VALUES (22, 1626);
INSERT INTO Paper (PaperID, Title, Year, MDate, Key, DOI) VALUES (1689, 'CLEF 2008 Ad-Hoc Track: On-line Processing Experiments with Xtrieval.', 2008, '2014-09-29', 'conf/clef/KurstenWE08c', 'http://ceur-ws.org/Vol-1174/CLEF2008wn-adhoc-KurstenEt2008.pdf');
INSERT INTO Write (AuthorID, PaperID) VALUES (22, 1689);
INSERT INTO Paper (PaperID, Title, Year, MDate, Key, DOI) VALUES (1776, 'A Baseline for Large-Scale Bird Species Identification in Field Recordings.', 2018, '2018-08-08', 'conf/clef/KahlWKKE18', 'http://ceur-ws.org/Vol-2125/paper_85.pdf');
INSERT INTO Write (AuthorID, PaperID) VALUES (22, 1776);
INSERT INTO Paper (PaperID, Title, Year, MDate, Key, DOI) VALUES (1783, 'Comparing IR System Components Using Beanplots.', 2012, '2017-05-24', 'conf/clef/KurstenE12', 'https://doi.org/10.1007/978-3-642-33247-0_15');
INSERT INTO Write (AuthorID, PaperID) VALUES (22, 1783);
INSERT INTO Paper (PaperID, Title, Year, MDate, Key, DOI) VALUES (1789, 'Monolingual Retrieval Experiments with a Domain-Specific Document Corpus at the Chemnitz Technical University.', 2006, '2014-08-15', 'conf/clef/KurstenE06a', 'http://ceur-ws.org/Vol-1172/CLEF2006wn-DomainSpecific-KurstenEt2006.pdf');
INSERT INTO Write (AuthorID, PaperID) VALUES (22, 1789);
INSERT INTO Paper (PaperID, Title, Year, MDate, Key, DOI) VALUES (1792, 'ImageCLEF 2006 Experiments at the Chemnitz Technical University.', 2006, '2014-08-15', 'conf/clef/WilhelmE06a', 'http://ceur-ws.org/Vol-1172/CLEF2006wn-ImageCLEF-WilhelmEt2006.pdf');
INSERT INTO Write (AuthorID, PaperID) VALUES (22, 1792);
INSERT INTO Paper (PaperID, Title, Year, MDate, Key, DOI) VALUES (1838, 'Improving Transcript-Based Video Retrieval Using Unsupervised Language Model Adaptation.', 2014, '2017-05-24', 'conf/clef/Wilhelm-SteinHRE14', 'https://doi.org/10.1007/978-3-319-11382-1_11');
INSERT INTO Write (AuthorID, PaperID) VALUES (22, 1838);
INSERT INTO Paper (PaperID, Title, Year, MDate, Key, DOI) VALUES (1856, 'Large-Scale Plant Classification using Deep Convolutional Neural Networks.', 2018, '2018-08-08', 'conf/clef/HauptKKE18', 'http://ceur-ws.org/Vol-2125/paper_92.pdf');
INSERT INTO Write (AuthorID, PaperID) VALUES (22, 1856);
INSERT INTO Paper (PaperID, Title, Year, MDate, Key, DOI) VALUES (1913, 'VideoCLEF 2008: ASR Classification with Wikipedia Categories.', 2008, '2017-05-24', 'conf/clef/KurstenRE08', 'https://doi.org/10.1007/978-3-642-04447-2_123');
INSERT INTO Write (AuthorID, PaperID) VALUES (22, 1913);
INSERT INTO Paper (PaperID, Title, Year, MDate, Key, DOI) VALUES (1965, 'Domain-Specific Cross Language Retrieval: Comparing and Merging Structured and Unstructured Indices.', 2007, '2014-09-23', 'conf/clef/KurstenE07', 'http://ceur-ws.org/Vol-1173/CLEF2007wn-DomainSpecific-KurstenEt2007.pdf');
INSERT INTO Write (AuthorID, PaperID) VALUES (22, 1965);
INSERT INTO Paper (PaperID, Title, Year, MDate, Key, DOI) VALUES (2019, 'A Quantitative Look at the CLEF Working Notes.', 2013, '2017-05-24', 'conf/clef/Wilhelm-SteinE13', 'https://doi.org/10.1007/978-3-642-40802-1_2');
INSERT INTO Write (AuthorID, PaperID) VALUES (22, 2019);
INSERT INTO Paper (PaperID, Title, Year, MDate, Key, DOI) VALUES (2116, 'Chemnitz at VideoCLEF 2009: Experiments and Observations on Treating Classification as an IR Task.', 2009, '2014-09-29', 'conf/clef/KurstenE09b', 'http://ceur-ws.org/Vol-1175/CLEF2009wn-VideoCLEF-KurstenEt2009.pdf');
INSERT INTO Write (AuthorID, PaperID) VALUES (22, 2116);
INSERT INTO Paper (PaperID, Title, Year, MDate, Key, DOI) VALUES (2127, 'Experiments for the ImageCLEF 2007 Photographic Retrieval Task.', 2007, '2014-09-23', 'conf/clef/WilhelmKE07', 'http://ceur-ws.org/Vol-1173/CLEF2007wn-ImageCLEF-WilhelmEt2007.pdf');
INSERT INTO Write (AuthorID, PaperID) VALUES (22, 2127);
INSERT INTO Paper (PaperID, Title, Year, MDate, Key, DOI) VALUES (2258, 'Fusion Methods for ICD10 Code Classification of Death Certificates in Multilingual Corpora.', 2017, '2017-08-15', 'conf/clef/EbersbachHE17', 'http://ceur-ws.org/Vol-1866/paper_66.pdf');
INSERT INTO Write (AuthorID, PaperID) VALUES (22, 2258);
INSERT INTO Paper (PaperID, Title, Year, MDate, Key, DOI) VALUES (2310, 'Identifying the Most Suitable Stemmer for the CHiC Multilingual Ad-hoc Task.', 2013, '2014-09-10', 'conf/clef/Wilhelm-SteinSE13', 'http://ceur-ws.org/Vol-1179/CLEF2013wn-CHiC-WilhelmSteinEt2013.pdf');
INSERT INTO Write (AuthorID, PaperID) VALUES (22, 2310);
INSERT INTO Paper (PaperID, Title, Year, MDate, Key, DOI) VALUES (2535, 'Monolingual Retrieval Experiments with a Domain-Specific Document Corpus at the Chemnitz University of Technology.', 2006, '2017-05-24', 'conf/clef/KurstenE06', 'https://doi.org/10.1007/978-3-540-74999-8_26');
INSERT INTO Write (AuthorID, PaperID) VALUES (22, 2535);
INSERT INTO Paper (PaperID, Title, Year, MDate, Key, DOI) VALUES (2570, 'Teaching the IR Process Using Real Experiments Supported by Game Mechanics.', 2015, '2017-05-24', 'conf/clef/Wilhelm-SteinE15', 'https://doi.org/10.1007/978-3-319-24027-5_34');
INSERT INTO Write (AuthorID, PaperID) VALUES (22, 2570);
INSERT INTO Paper (PaperID, Title, Year, MDate, Key, DOI) VALUES (2629, 'Species Prediction based on Environmental Variables using Machine Learning Techniques.', 2018, '2018-08-08', 'conf/clef/TaubertMKKE18', 'http://ceur-ws.org/Vol-2125/paper_93.pdf');
INSERT INTO Write (AuthorID, PaperID) VALUES (22, 2629);
INSERT INTO Paper (PaperID, Title, Year, MDate, Key, DOI) VALUES (2655, 'The Xtrieval Framework at CLEF 2008: Domain-Specific Track.', 2008, '2017-05-24', 'conf/clef/KurstenWE08a', 'https://doi.org/10.1007/978-3-642-04447-2_27');
INSERT INTO Write (AuthorID, PaperID) VALUES (22, 2655);
INSERT INTO Paper (PaperID, Title, Year, MDate, Key, DOI) VALUES (2835, 'Chemnitz at CLEF IP 2012: Advancing Xtrieval or a Baseline Hard to Crack.', 2012, '2014-09-24', 'conf/clef/WilhelmKE12', 'http://www.clef-initiative.eu/documents/71612/a77f637c-b3eb-4b57-9b14-ab7e1cb47ebc');
INSERT INTO Write (AuthorID, PaperID) VALUES (22, 2835);
INSERT INTO Paper (PaperID, Title, Year, MDate, Key, DOI) VALUES (2876, 'The Xtrieval Framework at CLEF 2008: ImageCLEF Photographic Retrieval Task.', 2008, '2014-09-29', 'conf/clef/WilhelmKE08', 'http://ceur-ws.org/Vol-1174/CLEF2008wn-ImageCLEF-WilhelmEt2008.pdf');
INSERT INTO Write (AuthorID, PaperID) VALUES (22, 2876);
INSERT INTO Paper (PaperID, Title, Year, MDate, Key, DOI) VALUES (2934, 'Unsupervised Language Model Adaptation using Utterance-based Web Search for Clinical Speech Recognition.', 2015, '2015-09-03', 'conf/clef/HermsRER15', 'http://ceur-ws.org/Vol-1391/63-CR.pdf');
INSERT INTO Write (AuthorID, PaperID) VALUES (22, 2934);
INSERT INTO Paper (PaperID, Title, Year, MDate, Key, DOI) VALUES (2994, 'Does Patent IR Profit from Linguistics or Maximum Query Length?', 2011, '2014-09-24', 'conf/clef/BecksEJKWW11', 'http://ceur-ws.org/Vol-1177/CLEF2011wn-CLEF-IP-BecksEt2011.pdf');
INSERT INTO Write (AuthorID, PaperID) VALUES (22, 2994);
INSERT INTO Paper (PaperID, Title, Year, MDate, Key, DOI) VALUES (3079, 'VideoCLEF 2008: ASR Classification based on Wikipedia Categories.', 2008, '2014-09-29', 'conf/clef/KurstenRE08a', 'http://ceur-ws.org/Vol-1174/CLEF2008wn-VideoCLEF-KurstenEt2008.pdf');
INSERT INTO Write (AuthorID, PaperID) VALUES (22, 3079);
INSERT INTO Paper (PaperID, Title, Year, MDate, Key, DOI) VALUES (3180, 'QA Extension for Xtrieval: Contribution to the QAst track.', 2008, '2014-09-29', 'conf/clef/KurstenKE08', 'http://ceur-ws.org/Vol-1174/CLEF2008wn-QACLEF-KurstenEt2008.pdf');
INSERT INTO Write (AuthorID, PaperID) VALUES (22, 3180);
INSERT INTO Paper (PaperID, Title, Year, MDate, Key, DOI) VALUES (3181, 'Putting It All Together: The Xtrieval Framework at Grid@CLEF 2009.', 2009, '2017-05-24', 'conf/clef/KurstenE09', 'https://doi.org/10.1007/978-3-642-15754-7_70');
INSERT INTO Write (AuthorID, PaperID) VALUES (22, 3181);
INSERT INTO Author (AuthorID, Name) VALUES (23, 'Giorgio Maria Di Nunzio');
INSERT INTO Write (AuthorID, PaperID) VALUES (23, 74);
INSERT INTO Write (AuthorID, PaperID) VALUES (23, 193);
INSERT INTO Write (AuthorID, PaperID) VALUES (23, 199);
INSERT INTO Paper (PaperID, Title, Year, MDate, Key, DOI) VALUES (206, 'Interactive Sampling for Systematic Reviews. IMS Unipd At CLEF 2018 eHealth Task 2.', 2018, '2018-08-08', 'conf/clef/NunzioCV18', 'http://ceur-ws.org/Vol-2125/paper_186.pdf');
INSERT INTO Write (AuthorID, PaperID) VALUES (23, 206);
INSERT INTO Write (AuthorID, PaperID) VALUES (23, 247);
INSERT INTO Write (AuthorID, PaperID) VALUES (23, 300);
INSERT INTO Write (AuthorID, PaperID) VALUES (23, 875);
INSERT INTO Write (AuthorID, PaperID) VALUES (23, 912);
INSERT INTO Write (AuthorID, PaperID) VALUES (23, 1543);
INSERT INTO Write (AuthorID, PaperID) VALUES (23, 1650);
INSERT INTO Write (AuthorID, PaperID) VALUES (23, 1676);
INSERT INTO Paper (PaperID, Title, Year, MDate, Key, DOI) VALUES (1836, 'Cross-Lingual Image Retrieval Interactions Based on a Game Competition.', 2008, '2017-06-02', 'conf/clef/Nunzio08', 'https://doi.org/10.1007/978-3-642-04447-2_31');
INSERT INTO Write (AuthorID, PaperID) VALUES (23, 1836);
INSERT INTO Write (AuthorID, PaperID) VALUES (23, 1886);
INSERT INTO Paper (PaperID, Title, Year, MDate, Key, DOI) VALUES (1956, 'An Interactive Two-Dimensional Approach to Query Aspects Rewriting in Systematic Reviews. IMS Unipd At CLEF eHealth Task 2.', 2017, '2017-08-15', 'conf/clef/NunzioBVH17a', 'http://ceur-ws.org/Vol-1866/paper_119.pdf');
INSERT INTO Write (AuthorID, PaperID) VALUES (23, 1956);
INSERT INTO Paper (PaperID, Title, Year, MDate, Key, DOI) VALUES (1966, 'A Lexicon Based Approach to Classification of ICD10 Codes. IMS Unipd at CLEF eHealth Task 1.', 2017, '2017-08-15', 'conf/clef/NunzioBVH17', 'http://ceur-ws.org/Vol-1866/paper_110.pdf');
INSERT INTO Write (AuthorID, PaperID) VALUES (23, 1966);
INSERT INTO Write (AuthorID, PaperID) VALUES (23, 1984);
INSERT INTO Write (AuthorID, PaperID) VALUES (23, 2005);
INSERT INTO Write (AuthorID, PaperID) VALUES (23, 2040);
INSERT INTO Write (AuthorID, PaperID) VALUES (23, 2052);
INSERT INTO Paper (PaperID, Title, Year, MDate, Key, DOI) VALUES (2175, '"Interactive" Undergraduate Students: UNIPD at iCLEF 2008.', 2008, '2014-09-29', 'conf/clef/Nunzio08a', 'http://ceur-ws.org/Vol-1174/CLEF2008wn-iCLEF-DiNunzio2008.pdf');
INSERT INTO Write (AuthorID, PaperID) VALUES (23, 2175);
INSERT INTO Write (AuthorID, PaperID) VALUES (23, 2176);
INSERT INTO Write (AuthorID, PaperID) VALUES (23, 2182);
INSERT INTO Paper (PaperID, Title, Year, MDate, Key, DOI) VALUES (2274, 'Using R Markdown for Replicable Experiments in Evidence Based Medicine.', 2018, '2018-08-20', 'conf/clef/NunzioV18', 'https://doi.org/10.1007/978-3-319-98932-7_3');
INSERT INTO Write (AuthorID, PaperID) VALUES (23, 2274);
INSERT INTO Write (AuthorID, PaperID) VALUES (23, 2396);
INSERT INTO Write (AuthorID, PaperID) VALUES (23, 2425);
INSERT INTO Write (AuthorID, PaperID) VALUES (23, 2820);
INSERT INTO Write (AuthorID, PaperID) VALUES (23, 3041);
INSERT INTO Paper (PaperID, Title, Year, MDate, Key, DOI) VALUES (3137, 'Classification of ICD10 Codes with no Resources but Reproducible Code. IMS Unipd at CLEF eHealth Task 1.', 2018, '2018-08-08', 'conf/clef/Nunzio18', 'http://ceur-ws.org/Vol-2125/paper_180.pdf');
INSERT INTO Write (AuthorID, PaperID) VALUES (23, 3137);
INSERT INTO Paper (PaperID, Title, Year, MDate, Key, DOI) VALUES (3154, 'A Study on Query Expansion with MeSH Terms and Elasticsearch. IMS Unipd at CLEF eHealth Task 3.', 2018, '2018-08-08', 'conf/clef/NunzioM18', 'http://ceur-ws.org/Vol-2125/paper_200.pdf');
INSERT INTO Write (AuthorID, PaperID) VALUES (23, 3154);
INSERT INTO Write (AuthorID, PaperID) VALUES (23, 3179);
INSERT INTO Write (AuthorID, PaperID) VALUES (23, 3245);
INSERT INTO Write (AuthorID, PaperID) VALUES (23, 3490);
INSERT INTO Write (AuthorID, PaperID) VALUES (23, 3507);
INSERT INTO Write (AuthorID, PaperID) VALUES (23, 3521);
INSERT INTO Author (AuthorID, Name) VALUES (24, 'Christa Womser-Hacker');
INSERT INTO Write (AuthorID, PaperID) VALUES (24, 96);
INSERT INTO Write (AuthorID, PaperID) VALUES (24, 152);
INSERT INTO Write (AuthorID, PaperID) VALUES (24, 300);
INSERT INTO Write (AuthorID, PaperID) VALUES (24, 309);
INSERT INTO Write (AuthorID, PaperID) VALUES (24, 446);
INSERT INTO Write (AuthorID, PaperID) VALUES (24, 496);
INSERT INTO Write (AuthorID, PaperID) VALUES (24, 597);
INSERT INTO Write (AuthorID, PaperID) VALUES (24, 690);
INSERT INTO Write (AuthorID, PaperID) VALUES (24, 848);
INSERT INTO Write (AuthorID, PaperID) VALUES (24, 965);
INSERT INTO Write (AuthorID, PaperID) VALUES (24, 1099);
INSERT INTO Write (AuthorID, PaperID) VALUES (24, 1281);
INSERT INTO Paper (PaperID, Title, Year, MDate, Key, DOI) VALUES (1301, 'Multilingual Topic Generation within the CLEF 2001 Experiments.', 2001, '2017-05-24', 'conf/clef/Womser-Hacker01', 'https://doi.org/10.1007/3-540-45691-0_36');
INSERT INTO Write (AuthorID, PaperID) VALUES (24, 1301);
INSERT INTO Write (AuthorID, PaperID) VALUES (24, 1396);
INSERT INTO Write (AuthorID, PaperID) VALUES (24, 1431);
INSERT INTO Write (AuthorID, PaperID) VALUES (24, 1434);
INSERT INTO Write (AuthorID, PaperID) VALUES (24, 1543);
INSERT INTO Write (AuthorID, PaperID) VALUES (24, 1650);
INSERT INTO Write (AuthorID, PaperID) VALUES (24, 1934);
INSERT INTO Write (AuthorID, PaperID) VALUES (24, 2073);
INSERT INTO Write (AuthorID, PaperID) VALUES (24, 2092);
INSERT INTO Write (AuthorID, PaperID) VALUES (24, 2122);
INSERT INTO Write (AuthorID, PaperID) VALUES (24, 2247);
INSERT INTO Write (AuthorID, PaperID) VALUES (24, 2431);
INSERT INTO Write (AuthorID, PaperID) VALUES (24, 2741);
INSERT INTO Write (AuthorID, PaperID) VALUES (24, 2793);
INSERT INTO Write (AuthorID, PaperID) VALUES (24, 2801);
INSERT INTO Write (AuthorID, PaperID) VALUES (24, 2808);
INSERT INTO Write (AuthorID, PaperID) VALUES (24, 2820);
INSERT INTO Write (AuthorID, PaperID) VALUES (24, 2853);
INSERT INTO Write (AuthorID, PaperID) VALUES (24, 2994);
INSERT INTO Write (AuthorID, PaperID) VALUES (24, 3355);
INSERT INTO Paper (PaperID, Title, Year, MDate, Key, DOI) VALUES (3451, 'Going beyond CLEF-IP: The ''Reality'' for Patent Searchers?', 2012, '2018-11-02', 'conf/clef/JurgensHW12', 'https://doi.org/10.1007/978-3-642-33247-0_4');
INSERT INTO Write (AuthorID, PaperID) VALUES (24, 3451);
INSERT INTO Write (AuthorID, PaperID) VALUES (24, 3521);
INSERT INTO Author (AuthorID, Name) VALUES (25, 'Felisa Verdejo');
INSERT INTO Write (AuthorID, PaperID) VALUES (25, 94);
INSERT INTO Write (AuthorID, PaperID) VALUES (25, 361);
INSERT INTO Write (AuthorID, PaperID) VALUES (25, 399);
INSERT INTO Write (AuthorID, PaperID) VALUES (25, 406);
INSERT INTO Write (AuthorID, PaperID) VALUES (25, 485);
INSERT INTO Write (AuthorID, PaperID) VALUES (25, 627);
INSERT INTO Write (AuthorID, PaperID) VALUES (25, 1003);
INSERT INTO Write (AuthorID, PaperID) VALUES (25, 1028);
INSERT INTO Write (AuthorID, PaperID) VALUES (25, 1062);
INSERT INTO Write (AuthorID, PaperID) VALUES (25, 1121);
INSERT INTO Write (AuthorID, PaperID) VALUES (25, 1296);
INSERT INTO Write (AuthorID, PaperID) VALUES (25, 1304);
INSERT INTO Write (AuthorID, PaperID) VALUES (25, 1330);
INSERT INTO Write (AuthorID, PaperID) VALUES (25, 1337);
INSERT INTO Write (AuthorID, PaperID) VALUES (25, 1450);
INSERT INTO Write (AuthorID, PaperID) VALUES (25, 1495);
INSERT INTO Write (AuthorID, PaperID) VALUES (25, 1506);
INSERT INTO Write (AuthorID, PaperID) VALUES (25, 1518);
INSERT INTO Write (AuthorID, PaperID) VALUES (25, 1641);
INSERT INTO Write (AuthorID, PaperID) VALUES (25, 1735);
INSERT INTO Write (AuthorID, PaperID) VALUES (25, 1775);
INSERT INTO Write (AuthorID, PaperID) VALUES (25, 1851);
INSERT INTO Write (AuthorID, PaperID) VALUES (25, 2093);
INSERT INTO Write (AuthorID, PaperID) VALUES (25, 2325);
INSERT INTO Write (AuthorID, PaperID) VALUES (25, 2344);
INSERT INTO Write (AuthorID, PaperID) VALUES (25, 2349);
INSERT INTO Write (AuthorID, PaperID) VALUES (25, 2467);
INSERT INTO Write (AuthorID, PaperID) VALUES (25, 2485);
INSERT INTO Paper (PaperID, Title, Year, MDate, Key, DOI) VALUES (2705, 'UNED@CL-SR CLEF 2005: Mixing Different Strategies to Retrieve Automatic Speech Transcriptions.', 2005, '2017-05-24', 'conf/clef/Lopez-OsteneroPSV05', 'https://doi.org/10.1007/11878773_86');
INSERT INTO Write (AuthorID, PaperID) VALUES (25, 2705);
INSERT INTO Write (AuthorID, PaperID) VALUES (25, 2707);
INSERT INTO Write (AuthorID, PaperID) VALUES (25, 2889);
INSERT INTO Write (AuthorID, PaperID) VALUES (25, 2993);
INSERT INTO Write (AuthorID, PaperID) VALUES (25, 3175);
INSERT INTO Write (AuthorID, PaperID) VALUES (25, 3368);
INSERT INTO Author (AuthorID, Name) VALUES (26, 'Jaap Kamps');
INSERT INTO Write (AuthorID, PaperID) VALUES (26, 31);
INSERT INTO Write (AuthorID, PaperID) VALUES (26, 48);
INSERT INTO Paper (PaperID, Title, Year, MDate, Key, DOI) VALUES (154, 'Two-Way Parsimonious Classification Models for Evolving Hierarchies.', 2016, '2018-03-06', 'conf/clef/DehghaniAKM16', 'https://doi.org/10.1007/978-3-319-44564-9_6');
INSERT INTO Write (AuthorID, PaperID) VALUES (26, 154);
INSERT INTO Paper (PaperID, Title, Year, MDate, Key, DOI) VALUES (232, 'Using Collaborative Filtering in Social Book Search.', 2012, '2014-09-24', 'conf/clef/HuurdemanKKW12', 'http://www.clef-initiative.eu/documents/71612/27835108-8519-438a-929a-c2a62c8f9b04');
INSERT INTO Write (AuthorID, PaperID) VALUES (26, 232);
INSERT INTO Write (AuthorID, PaperID) VALUES (26, 270);
INSERT INTO Paper (PaperID, Title, Year, MDate, Key, DOI) VALUES (378, 'Overview of INEX 2013.', 2013, '2018-11-14', 'conf/clef/BellotDGGKKKMMMPSSTTTW13', 'https://www.wikidata.org/entity/Q57830984');
INSERT INTO Write (AuthorID, PaperID) VALUES (26, 378);
INSERT INTO Paper (PaperID, Title, Year, MDate, Key, DOI) VALUES (429, 'Overview of the CLEF 2016 Social Book Search Lab.', 2016, '2018-11-02', 'conf/clef/KoolenBGHHHKSVW16', 'https://doi.org/10.1007/978-3-319-44564-9_29');
INSERT INTO Write (AuthorID, PaperID) VALUES (26, 429);
INSERT INTO Paper (PaperID, Title, Year, MDate, Key, DOI) VALUES (463, 'Searching Digital Heritage: Putting IR Evaluation in Context.', 2011, '2014-09-24', 'conf/clef/Kamps11', 'http://www.clef-initiative.eu/documents/71612/86377/CLEF2011wn-CHiC-Kamps2011.pdf');
INSERT INTO Write (AuthorID, PaperID) VALUES (26, 463);
INSERT INTO Paper (PaperID, Title, Year, MDate, Key, DOI) VALUES (946, 'Overview of the INEX 2012 Linked Data Track.', 2012, '2014-09-24', 'conf/clef/WangKCMSTGM12', 'http://www.clef-initiative.eu/documents/71612/ebba5434-ee01-4bf6-bc12-fe8661a496cb');
INSERT INTO Write (AuthorID, PaperID) VALUES (26, 946);
INSERT INTO Paper (PaperID, Title, Year, MDate, Key, DOI) VALUES (1034, 'Overview of the INEX 2013 Linked Data Track.', 2013, '2014-09-10', 'conf/clef/GurajadaKMSTW13', 'http://ceur-ws.org/Vol-1179/CLEF2013wn-INEX-GurajadaEt2013.pdf');
INSERT INTO Write (AuthorID, PaperID) VALUES (26, 1034);
INSERT INTO Paper (PaperID, Title, Year, MDate, Key, DOI) VALUES (1210, 'Overview of the SBS 2015 Suggestion Track.', 2015, '2015-09-03', 'conf/clef/KoolenBK15', 'http://ceur-ws.org/Vol-1391/76-CR.pdf');
INSERT INTO Write (AuthorID, PaperID) VALUES (26, 1210);
INSERT INTO Write (AuthorID, PaperID) VALUES (26, 1354);
INSERT INTO Paper (PaperID, Title, Year, MDate, Key, DOI) VALUES (1438, 'Overview of the INEX 2014 Social Book Search Track.', 2014, '2014-09-10', 'conf/clef/KoolenBKKP14', 'http://ceur-ws.org/Vol-1180/CLEF2014wn-Inex-KoolenEt2014.pdf');
INSERT INTO Write (AuthorID, PaperID) VALUES (26, 1438);
INSERT INTO Write (AuthorID, PaperID) VALUES (26, 1466);
INSERT INTO Paper (PaperID, Title, Year, MDate, Key, DOI) VALUES (1470, 'Are Topically Diverse Documents Also Interesting?', 2015, '2018-03-06', 'conf/clef/AzarbonyadSDMK15', 'https://doi.org/10.1007/978-3-319-24027-5_19');
INSERT INTO Write (AuthorID, PaperID) VALUES (26, 1470);
INSERT INTO Paper (PaperID, Title, Year, MDate, Key, DOI) VALUES (1546, 'Overview of the CLEF 2015 Social Book Search Lab.', 2015, '2018-11-02', 'conf/clef/KoolenBGHHKSTW15', 'https://doi.org/10.1007/978-3-319-24027-5_51');
INSERT INTO Write (AuthorID, PaperID) VALUES (26, 1546);
INSERT INTO Write (AuthorID, PaperID) VALUES (26, 1848);
INSERT INTO Write (AuthorID, PaperID) VALUES (26, 2090);
INSERT INTO Paper (PaperID, Title, Year, MDate, Key, DOI) VALUES (2447, 'The Value of Multistage Search Systems for Book Search.', 2015, '2015-09-03', 'conf/clef/HuurdemanKKK15', 'http://ceur-ws.org/Vol-1391/85-CR.pdf');
INSERT INTO Write (AuthorID, PaperID) VALUES (26, 2447);
INSERT INTO Paper (PaperID, Title, Year, MDate, Key, DOI) VALUES (2460, 'Overview of INEX 2014.', 2014, '2018-11-14', 'conf/clef/BellotBGHHKKKMMPSSSTW14', 'https://www.wikidata.org/entity/Q57830976');
INSERT INTO Write (AuthorID, PaperID) VALUES (26, 2460);
INSERT INTO Write (AuthorID, PaperID) VALUES (26, 2490);
INSERT INTO Write (AuthorID, PaperID) VALUES (26, 2500);
INSERT INTO Paper (PaperID, Title, Year, MDate, Key, DOI) VALUES (2542, 'Effective Metadata for Social Book Search from a User Perspective.', 2014, '2014-09-10', 'conf/clef/HuurdemanKK14', 'http://ceur-ws.org/Vol-1180/CLEF2014wn-Inex-HuudermanEt2014.pdf');
INSERT INTO Write (AuthorID, PaperID) VALUES (26, 2542);
INSERT INTO Paper (PaperID, Title, Year, MDate, Key, DOI) VALUES (2584, 'Overview of the INEX 2012 Social Book Search Track.', 2012, '2014-09-24', 'conf/clef/KoolenKKPDL12', 'http://www.clef-initiative.eu/documents/71612/d80cdbec-cfab-48b9-a102-256a5a2142b6');
INSERT INTO Write (AuthorID, PaperID) VALUES (26, 2584);
INSERT INTO Paper (PaperID, Title, Year, MDate, Key, DOI) VALUES (2625, 'Overview of the SBS 2016 Suggestion Track.', 2016, '2016-08-11', 'conf/clef/KoolenBK16', 'http://ceur-ws.org/Vol-1609/16091039.pdf');
INSERT INTO Write (AuthorID, PaperID) VALUES (26, 2625);
INSERT INTO Write (AuthorID, PaperID) VALUES (26, 2631);
INSERT INTO Write (AuthorID, PaperID) VALUES (26, 2635);
INSERT INTO Paper (PaperID, Title, Year, MDate, Key, DOI) VALUES (2939, 'Overview of the SBS 2015 Interactive Track.', 2015, '2017-09-07', 'conf/clef/GadeHHKKSTW15', 'http://ceur-ws.org/Vol-1391/78-CR.pdf');
INSERT INTO Write (AuthorID, PaperID) VALUES (26, 2939);
INSERT INTO Write (AuthorID, PaperID) VALUES (26, 2957);
INSERT INTO Paper (PaperID, Title, Year, MDate, Key, DOI) VALUES (3247, 'Comparing Topic Representations for Social Book Search.', 2013, '2014-09-10', 'conf/clef/KoolenHK13', 'http://ceur-ws.org/Vol-1179/CLEF2013wn-INEX-KoolenEt2013.pdf');
INSERT INTO Write (AuthorID, PaperID) VALUES (26, 3247);
INSERT INTO Write (AuthorID, PaperID) VALUES (26, 3304);
INSERT INTO Paper (PaperID, Title, Year, MDate, Key, DOI) VALUES (3370, 'Overview of the SBS 2016 Interactive Track.', 2016, '2017-09-07', 'conf/clef/GadeHHKKSBW16', 'http://ceur-ws.org/Vol-1609/16091024.pdf');
INSERT INTO Write (AuthorID, PaperID) VALUES (26, 3370);
INSERT INTO Write (AuthorID, PaperID) VALUES (26, 3457);
INSERT INTO Author (AuthorID, Name) VALUES (27, 'Douglas W. Oard');
INSERT INTO Write (AuthorID, PaperID) VALUES (27, 44);
INSERT INTO Paper (PaperID, Title, Year, MDate, Key, DOI) VALUES (244, 'Evaluating Interactive Cross-Language Information Retrieval: Document Selection.', 2000, '2017-05-24', 'conf/clef/Oard00', 'https://doi.org/10.1007/3-540-44645-1_6');
INSERT INTO Write (AuthorID, PaperID) VALUES (27, 244);
INSERT INTO Paper (PaperID, Title, Year, MDate, Key, DOI) VALUES (342, 'Summarization Design for Interactive Cross-Language Question Answering.', 2004, '2019-03-04', 'conf/clef/HeWLO05', 'https://doi.org/10.1007/11519645_36');
INSERT INTO Write (AuthorID, PaperID) VALUES (27, 342);
INSERT INTO Write (AuthorID, PaperID) VALUES (27, 825);
INSERT INTO Write (AuthorID, PaperID) VALUES (27, 1232);
INSERT INTO Paper (PaperID, Title, Year, MDate, Key, DOI) VALUES (1284, 'CLEF-2006 CL-SR at Maryland: English and Czech.', 2006, '2019-03-04', 'conf/clef/WangO06', 'https://doi.org/10.1007/978-3-540-74999-8_99');
INSERT INTO Write (AuthorID, PaperID) VALUES (27, 1284);
INSERT INTO Write (AuthorID, PaperID) VALUES (27, 1311);
INSERT INTO Paper (PaperID, Title, Year, MDate, Key, DOI) VALUES (1312, 'The CLEF 2001 Interactive Track.', 2001, '2014-08-15', 'conf/clef/Oard01', 'http://ceur-ws.org/Vol-1167/CLEF2001wn-iCLEF-Oard2001.pdf');
INSERT INTO Write (AuthorID, PaperID) VALUES (27, 1312);
INSERT INTO Write (AuthorID, PaperID) VALUES (27, 1461);
INSERT INTO Write (AuthorID, PaperID) VALUES (27, 1652);
INSERT INTO Paper (PaperID, Title, Year, MDate, Key, DOI) VALUES (1946, 'iCLEF 2003 at Maryland: Translation Selection and Document Selection.', 2003, '2019-03-04', 'conf/clef/DorrHLOSWZ03', 'https://doi.org/10.1007/978-3-540-30222-3_42');
INSERT INTO Write (AuthorID, PaperID) VALUES (27, 1946);
INSERT INTO Paper (PaperID, Title, Year, MDate, Key, DOI) VALUES (1947, 'iCLEF 2001 at Maryland: Comparing Word-for-Word Gloss and MT.', 2001, '2019-03-04', 'conf/clef/WangO01a', 'http://ceur-ws.org/Vol-1167/CLEF2001wn-iCLEF-WangEt2001.pdf');
INSERT INTO Write (AuthorID, PaperID) VALUES (27, 1947);
INSERT INTO Paper (PaperID, Title, Year, MDate, Key, DOI) VALUES (2057, 'CLEF-2005 CL-SR at Maryland: Document and Query Expansion Using Side Collections and Thesauri.', 2005, '2019-03-04', 'conf/clef/WangO05', 'https://doi.org/10.1007/11878773_88');
INSERT INTO Write (AuthorID, PaperID) VALUES (27, 2057);
INSERT INTO Paper (PaperID, Title, Year, MDate, Key, DOI) VALUES (2087, 'Comparing User-Assisted and Automatic Query Translation.', 2002, '2019-03-04', 'conf/clef/HeWON02', 'https://doi.org/10.1007/978-3-540-45237-9_36');
INSERT INTO Write (AuthorID, PaperID) VALUES (27, 2087);
INSERT INTO Paper (PaperID, Title, Year, MDate, Key, DOI) VALUES (2220, 'CLEF-2005 CL-SR at Maryland: Document and Query Expansion using Side Collections and Thesauri.', 2005, '2019-03-04', 'conf/clef/WangO05a', 'http://ceur-ws.org/Vol-1171/CLEF2005wn-CLSR-WangEt2005.pdf');
INSERT INTO Write (AuthorID, PaperID) VALUES (27, 2220);
INSERT INTO Write (AuthorID, PaperID) VALUES (27, 2250);
INSERT INTO Paper (PaperID, Title, Year, MDate, Key, DOI) VALUES (2342, 'Comparing User-assisted and Automatic Query Translation.', 2002, '2019-03-04', 'conf/clef/HeWON02a', 'http://ceur-ws.org/Vol-1168/CLEF2002wn-iCLEF-HeEt2002.pdf');
INSERT INTO Write (AuthorID, PaperID) VALUES (27, 2342);
INSERT INTO Paper (PaperID, Title, Year, MDate, Key, DOI) VALUES (2509, 'iCLEF 2001 at Maryland: Comparing Term-for-Term Gloss and MT.', 2001, '2019-03-04', 'conf/clef/WangO01', 'https://doi.org/10.1007/3-540-45691-0_33');
INSERT INTO Write (AuthorID, PaperID) VALUES (27, 2509);
INSERT INTO Write (AuthorID, PaperID) VALUES (27, 2612);
INSERT INTO Write (AuthorID, PaperID) VALUES (27, 2800);
INSERT INTO Paper (PaperID, Title, Year, MDate, Key, DOI) VALUES (2802, 'Cross-Language Question Answering at the USC Information Sciences Institute.', 2003, '2014-08-15', 'conf/clef/EchihabiOMH03a', 'http://ceur-ws.org/Vol-1169/CLEF2003wn-QACLEF-EchihabiEt2003.pdf');
INSERT INTO Write (AuthorID, PaperID) VALUES (27, 2802);
INSERT INTO Write (AuthorID, PaperID) VALUES (27, 2804);
INSERT INTO Write (AuthorID, PaperID) VALUES (27, 2867);
INSERT INTO Write (AuthorID, PaperID) VALUES (27, 2898);
INSERT INTO Paper (PaperID, Title, Year, MDate, Key, DOI) VALUES (2908, 'CLEF Experiments at the University of Maryland: Statistical Stemming and Back-off Translation Strategies.', 2000, '2014-08-15', 'conf/clef/OardLC00a', 'http://ceur-ws.org/Vol-1166/CLEF2000wn-adhoc-OardEt2000.pdf');
INSERT INTO Write (AuthorID, PaperID) VALUES (27, 2908);
INSERT INTO Write (AuthorID, PaperID) VALUES (27, 2943);
INSERT INTO Paper (PaperID, Title, Year, MDate, Key, DOI) VALUES (2970, 'iCLEF 2003 at Maryland: Translation Selection and Document Selection.', 2003, '2019-03-04', 'conf/clef/DorrHLOSWZ03a', 'http://ceur-ws.org/Vol-1169/CLEF2003wn-iCLEF-DorrEt2003.pdf');
INSERT INTO Write (AuthorID, PaperID) VALUES (27, 2970);
INSERT INTO Paper (PaperID, Title, Year, MDate, Key, DOI) VALUES (3115, 'Building a Cross-Language Entity Linking Collection in Twenty-One Languages.', 2011, '2018-03-08', 'conf/clef/MayfieldLMO11', 'https://doi.org/10.1007/978-3-642-23708-9_3');
INSERT INTO Write (AuthorID, PaperID) VALUES (27, 3115);
INSERT INTO Paper (PaperID, Title, Year, MDate, Key, DOI) VALUES (3200, 'iCLEF 2004 at Maryland: Summarization Design for Interactive Cross-Language Question Answering.', 2004, '2019-03-04', 'conf/clef/HeWLO04', 'http://ceur-ws.org/Vol-1170/CLEF2004wn-iCLEF-HeEt2004.pdf');
INSERT INTO Write (AuthorID, PaperID) VALUES (27, 3200);
INSERT INTO Paper (PaperID, Title, Year, MDate, Key, DOI) VALUES (3492, 'Cross-Language Question Answering at the USC Information Sciences Institute.', 2003, '2017-05-24', 'conf/clef/EchihabiOMH03', 'https://doi.org/10.1007/978-3-540-30222-3_49');
INSERT INTO Write (AuthorID, PaperID) VALUES (27, 3492);
INSERT INTO Paper (PaperID, Title, Year, MDate, Key, DOI) VALUES (3493, 'CLEF Experiments at Maryland: Statistical Stemming and Backoff Translation.', 2000, '2017-05-24', 'conf/clef/OardLC00', 'https://doi.org/10.1007/3-540-44645-1_17');
INSERT INTO Write (AuthorID, PaperID) VALUES (27, 3493);
INSERT INTO Paper (PaperID, Title, Year, MDate, Key, DOI) VALUES (3529, 'CLEF-2006 CL-SR at Maryland: English and Czech.', 2006, '2019-03-04', 'conf/clef/WangO06a', 'http://ceur-ws.org/Vol-1172/CLEF2006wn-CLSR-WangEt2006.pdf');
INSERT INTO Write (AuthorID, PaperID) VALUES (27, 3529);
INSERT INTO Author (AuthorID, Name) VALUES (28, 'Davide Buscaldi');
INSERT INTO Write (AuthorID, PaperID) VALUES (28, 208);
INSERT INTO Write (AuthorID, PaperID) VALUES (28, 295);
INSERT INTO Write (AuthorID, PaperID) VALUES (28, 416);
INSERT INTO Write (AuthorID, PaperID) VALUES (28, 682);
INSERT INTO Write (AuthorID, PaperID) VALUES (28, 765);
INSERT INTO Write (AuthorID, PaperID) VALUES (28, 944);
INSERT INTO Write (AuthorID, PaperID) VALUES (28, 1193);
INSERT INTO Write (AuthorID, PaperID) VALUES (28, 1463);
INSERT INTO Write (AuthorID, PaperID) VALUES (28, 1508);
INSERT INTO Write (AuthorID, PaperID) VALUES (28, 1531);
INSERT INTO Write (AuthorID, PaperID) VALUES (28, 1572);
INSERT INTO Write (AuthorID, PaperID) VALUES (28, 1873);
INSERT INTO Write (AuthorID, PaperID) VALUES (28, 2077);
INSERT INTO Write (AuthorID, PaperID) VALUES (28, 2101);
INSERT INTO Write (AuthorID, PaperID) VALUES (28, 2190);
INSERT INTO Write (AuthorID, PaperID) VALUES (28, 2224);
INSERT INTO Write (AuthorID, PaperID) VALUES (28, 2232);
INSERT INTO Write (AuthorID, PaperID) VALUES (28, 2262);
INSERT INTO Write (AuthorID, PaperID) VALUES (28, 2272);
INSERT INTO Write (AuthorID, PaperID) VALUES (28, 2446);
INSERT INTO Write (AuthorID, PaperID) VALUES (28, 2554);
INSERT INTO Write (AuthorID, PaperID) VALUES (28, 2618);
INSERT INTO Write (AuthorID, PaperID) VALUES (28, 2736);
INSERT INTO Write (AuthorID, PaperID) VALUES (28, 2792);
INSERT INTO Write (AuthorID, PaperID) VALUES (28, 2927);
INSERT INTO Write (AuthorID, PaperID) VALUES (28, 2942);
INSERT INTO Write (AuthorID, PaperID) VALUES (28, 2953);
INSERT INTO Write (AuthorID, PaperID) VALUES (28, 2974);
INSERT INTO Write (AuthorID, PaperID) VALUES (28, 3055);
INSERT INTO Write (AuthorID, PaperID) VALUES (28, 3195);
INSERT INTO Write (AuthorID, PaperID) VALUES (28, 3205);
INSERT INTO Paper (PaperID, Title, Year, MDate, Key, DOI) VALUES (3362, 'A Random Forest Approach for Authorship Profiling.', 2015, '2015-09-03', 'conf/clef/GaribayCFHBR15', 'http://ceur-ws.org/Vol-1391/72-CR.pdf');
INSERT INTO Write (AuthorID, PaperID) VALUES (28, 3362);
INSERT INTO Author (AuthorID, Name) VALUES (29, 'Sara Lana-Serrano');
INSERT INTO Write (AuthorID, PaperID) VALUES (29, 4);
INSERT INTO Write (AuthorID, PaperID) VALUES (29, 30);
INSERT INTO Write (AuthorID, PaperID) VALUES (29, 42);
INSERT INTO Write (AuthorID, PaperID) VALUES (29, 56);
INSERT INTO Write (AuthorID, PaperID) VALUES (29, 317);
INSERT INTO Write (AuthorID, PaperID) VALUES (29, 410);
INSERT INTO Write (AuthorID, PaperID) VALUES (29, 433);
INSERT INTO Paper (PaperID, Title, Year, MDate, Key, DOI) VALUES (469, 'An Approach for Detecting Modality and Negation in Texts by Using Rule-based Techniques.', 2012, '2014-09-24', 'conf/clef/Lana-SerranoSFML12', 'http://www.clef-initiative.eu/documents/71612/6fe1f22a-93a7-4300-9d41-26cfd1886fe9');
INSERT INTO Write (AuthorID, PaperID) VALUES (29, 469);
INSERT INTO Write (AuthorID, PaperID) VALUES (29, 571);
INSERT INTO Write (AuthorID, PaperID) VALUES (29, 574);
INSERT INTO Write (AuthorID, PaperID) VALUES (29, 868);
INSERT INTO Write (AuthorID, PaperID) VALUES (29, 1119);
INSERT INTO Write (AuthorID, PaperID) VALUES (29, 1313);
INSERT INTO Write (AuthorID, PaperID) VALUES (29, 1492);
INSERT INTO Write (AuthorID, PaperID) VALUES (29, 1516);
INSERT INTO Write (AuthorID, PaperID) VALUES (29, 1585);
INSERT INTO Write (AuthorID, PaperID) VALUES (29, 1930);
INSERT INTO Write (AuthorID, PaperID) VALUES (29, 1948);
INSERT INTO Write (AuthorID, PaperID) VALUES (29, 2051);
INSERT INTO Write (AuthorID, PaperID) VALUES (29, 2129);
INSERT INTO Write (AuthorID, PaperID) VALUES (29, 2130);
INSERT INTO Write (AuthorID, PaperID) VALUES (29, 2260);
INSERT INTO Write (AuthorID, PaperID) VALUES (29, 2300);
INSERT INTO Write (AuthorID, PaperID) VALUES (29, 2355);
INSERT INTO Write (AuthorID, PaperID) VALUES (29, 2415);
INSERT INTO Write (AuthorID, PaperID) VALUES (29, 2610);
INSERT INTO Write (AuthorID, PaperID) VALUES (29, 2638);
INSERT INTO Write (AuthorID, PaperID) VALUES (29, 2753);
INSERT INTO Write (AuthorID, PaperID) VALUES (29, 2811);
INSERT INTO Write (AuthorID, PaperID) VALUES (29, 3191);
INSERT INTO Write (AuthorID, PaperID) VALUES (29, 3339);
INSERT INTO Write (AuthorID, PaperID) VALUES (29, 3342);
INSERT INTO Author (AuthorID, Name) VALUES (30, 'Alexis Joly');
INSERT INTO Write (AuthorID, PaperID) VALUES (30, 2);
INSERT INTO Paper (PaperID, Title, Year, MDate, Key, DOI) VALUES (486, 'Overview of ExpertLifeCLEF 2018: how far Automated Identification Systems are from the Best Experts?', 2018, '2018-08-08', 'conf/clef/GoeauBJ18', 'http://ceur-ws.org/Vol-2125/invited_paper_10.pdf');
INSERT INTO Write (AuthorID, PaperID) VALUES (30, 486);
INSERT INTO Write (AuthorID, PaperID) VALUES (30, 537);
INSERT INTO Paper (PaperID, Title, Year, MDate, Key, DOI) VALUES (569, 'LifeCLEF Bird Identification Task 2017.', 2017, '2018-08-08', 'conf/clef/GoeauGVPJ17', 'http://ceur-ws.org/Vol-1866/invited_paper_8.pdf');
INSERT INTO Write (AuthorID, PaperID) VALUES (30, 569);
INSERT INTO Write (AuthorID, PaperID) VALUES (30, 596);
INSERT INTO Paper (PaperID, Title, Year, MDate, Key, DOI) VALUES (837, 'The ImageCLEF 2012 Plant Identification Task.', 2012, '2016-04-05', 'conf/clef/GoeauBJYBBM12', 'http://www.clef-initiative.eu/documents/71612/bd951435-a4bb-4f05-a4bd-a839153c9ff0');
INSERT INTO Write (AuthorID, PaperID) VALUES (30, 837);
INSERT INTO Paper (PaperID, Title, Year, MDate, Key, DOI) VALUES (867, 'PlantNet Participation at LifeCLEF2014 Plant Identification Task.', 2014, '2014-09-10', 'conf/clef/GoeauJY14', 'http://ceur-ws.org/Vol-1180/CLEF2014wn-Life-GoeauEt2014b.pdf');
INSERT INTO Write (AuthorID, PaperID) VALUES (30, 867);
INSERT INTO Write (AuthorID, PaperID) VALUES (30, 1140);
INSERT INTO Paper (PaperID, Title, Year, MDate, Key, DOI) VALUES (1147, 'Plant Identification in an Open-world (LifeCLEF 2016).', 2016, '2016-08-11', 'conf/clef/GoeauBJ16', 'http://ceur-ws.org/Vol-1609/16090428.pdf');
INSERT INTO Write (AuthorID, PaperID) VALUES (30, 1147);
INSERT INTO Paper (PaperID, Title, Year, MDate, Key, DOI) VALUES (1370, 'LifeCLEF Bird Identification Task 2016: The arrival of Deep learning.', 2016, '2017-08-31', 'conf/clef/GoeauGVPJ16', 'http://ceur-ws.org/Vol-1609/16090440.pdf');
INSERT INTO Write (AuthorID, PaperID) VALUES (30, 1370);
INSERT INTO Paper (PaperID, Title, Year, MDate, Key, DOI) VALUES (1408, 'LifeCLEF Bird Identication Task 2014.', 2014, '2017-08-31', 'conf/clef/GoeauGVPRJ14', 'http://ceur-ws.org/Vol-1180/CLEF2014wn-Life-GoeauEt2014a.pdf');
INSERT INTO Write (AuthorID, PaperID) VALUES (30, 1408);
INSERT INTO Write (AuthorID, PaperID) VALUES (30, 1522);
INSERT INTO Paper (PaperID, Title, Year, MDate, Key, DOI) VALUES (1547, 'A Comparative Study of Fine-grained Classification Methods in the Context of the LifeCLEF Plant Identification Challenge 2015.', 2015, '2015-09-03', 'conf/clef/ChampLSJ15', 'http://ceur-ws.org/Vol-1391/30-CR.pdf');
INSERT INTO Write (AuthorID, PaperID) VALUES (30, 1547);
INSERT INTO Paper (PaperID, Title, Year, MDate, Key, DOI) VALUES (1601, 'Plant Identification Based on Noisy Web Data: the Amazing Performance of Deep Learning (LifeCLEF 2017).', 2017, '2017-08-15', 'conf/clef/GoeauBJ17', 'http://ceur-ws.org/Vol-1866/invited_paper_9.pdf');
INSERT INTO Write (AuthorID, PaperID) VALUES (30, 1601);
INSERT INTO Paper (PaperID, Title, Year, MDate, Key, DOI) VALUES (1811, 'Inria IMEDIA2''s Participation at ImageCLEF 2012 Plant Identification Task.', 2012, '2014-09-24', 'conf/clef/BakicYMLOVGJ12', 'http://www.clef-initiative.eu/documents/71612/e43877ac-81ed-4fdd-adbb-5608f5c95da9');
INSERT INTO Write (AuthorID, PaperID) VALUES (30, 1811);
INSERT INTO Write (AuthorID, PaperID) VALUES (30, 1876);
INSERT INTO Paper (PaperID, Title, Year, MDate, Key, DOI) VALUES (2015, 'The ImageCLEF 2013 Plant Identification Task.', 2013, '2016-04-05', 'conf/clef/GoeauBJBBBM13', 'http://ceur-ws.org/Vol-1179/CLEF2013wn-ImageCLEF-GoeauEt2013.pdf');
INSERT INTO Write (AuthorID, PaperID) VALUES (30, 2015);
INSERT INTO Paper (PaperID, Title, Year, MDate, Key, DOI) VALUES (2047, 'LifeCLEF Plant Identification Task 2014.', 2014, '2014-09-10', 'conf/clef/JolyG14', 'http://ceur-ws.org/Vol-1180/CLEF2014wn-Life-JolyEt2014a.pdf');
INSERT INTO Write (AuthorID, PaperID) VALUES (30, 2047);
INSERT INTO Paper (PaperID, Title, Year, MDate, Key, DOI) VALUES (2099, 'Plant Classification Based on Gated Recurrent Unit.', 2017, '2018-09-13', 'conf/clef/LeeCCJBG17', 'https://doi.org/10.1007/978-3-319-98932-7_16');
INSERT INTO Write (AuthorID, PaperID) VALUES (30, 2099);
INSERT INTO Paper (PaperID, Title, Year, MDate, Key, DOI) VALUES (2118, 'Floristic participation at LifeCLEF 2016 Plant Identification Task.', 2016, '2016-08-11', 'conf/clef/ChampGJ16', 'http://ceur-ws.org/Vol-1609/16090450.pdf');
INSERT INTO Write (AuthorID, PaperID) VALUES (30, 2118);
INSERT INTO Paper (PaperID, Title, Year, MDate, Key, DOI) VALUES (2209, 'Overview of BirdCLEF 2018: Monospecies vs. Sundscape Bird Identification.', 2018, '2018-08-08', 'conf/clef/GoeauKGPVJ18', 'http://ceur-ws.org/Vol-2125/invited_paper_9.pdf');
INSERT INTO Write (AuthorID, PaperID) VALUES (30, 2209);
INSERT INTO Paper (PaperID, Title, Year, MDate, Key, DOI) VALUES (2356, 'LifeCLEF Plant Identification Task 2015.', 2015, '2015-09-03', 'conf/clef/GoeauBJ15', 'http://ceur-ws.org/Vol-1391/157-CR.pdf');
INSERT INTO Write (AuthorID, PaperID) VALUES (30, 2356);
INSERT INTO Paper (PaperID, Title, Year, MDate, Key, DOI) VALUES (2402, 'LifeCLEF Bird Identification Task 2015.', 2015, '2017-08-31', 'conf/clef/GoeauGVPRJ15', 'http://ceur-ws.org/Vol-1391/156-CR.pdf');
INSERT INTO Write (AuthorID, PaperID) VALUES (30, 2402);
INSERT INTO Paper (PaperID, Title, Year, MDate, Key, DOI) VALUES (2437, 'Unsupervised Individual Whales Identification: Spot the Difference in the Ocean.', 2016, '2016-08-11', 'conf/clef/JolyLCS16', 'http://ceur-ws.org/Vol-1609/16090469.pdf');
INSERT INTO Write (AuthorID, PaperID) VALUES (30, 2437);
INSERT INTO Paper (PaperID, Title, Year, MDate, Key, DOI) VALUES (2679, 'Instance-based Bird Species Identification with Undiscriminant Features Pruning.', 2014, '2014-09-10', 'conf/clef/JolyCB14', 'http://ceur-ws.org/Vol-1180/CLEF2014wn-Life-JolyEt2014b.pdf');
INSERT INTO Write (AuthorID, PaperID) VALUES (30, 2679);
INSERT INTO Paper (PaperID, Title, Year, MDate, Key, DOI) VALUES (2700, 'Overview of GeoLifeCLEF 2018: Location-based Species Recommendation.', 2018, '2018-08-08', 'conf/clef/BotellaBMMJ18', 'http://ceur-ws.org/Vol-2125/invited_paper_8.pdf');
INSERT INTO Write (AuthorID, PaperID) VALUES (30, 2700);
INSERT INTO Paper (PaperID, Title, Year, MDate, Key, DOI) VALUES (2830, 'Inria''s Participation at ImageCLEF 2013 Plant Identification Task.', 2013, '2014-09-10', 'conf/clef/BakicMOVYGJ13', 'http://ceur-ws.org/Vol-1179/CLEF2013wn-ImageCLEF-BakicEt2013.pdf');
INSERT INTO Write (AuthorID, PaperID) VALUES (30, 2830);
INSERT INTO Paper (PaperID, Title, Year, MDate, Key, DOI) VALUES (2949, 'Location-based Species Recommendation using Co-occurrences and Environment- GeoLifeCLEF 2018 Challenge.', 2018, '2018-08-08', 'conf/clef/DeneuSBJ18', 'http://ceur-ws.org/Vol-2125/paper_119.pdf');
INSERT INTO Write (AuthorID, PaperID) VALUES (30, 2949);
INSERT INTO Paper (PaperID, Title, Year, MDate, Key, DOI) VALUES (3072, 'The CLEF 2011 Plant Images Classification Task.', 2011, '2016-04-05', 'conf/clef/GoeauBJBBMBMP11', 'http://www.clef-initiative.eu/documents/71612/86377/CLEF2011wn-ImageCLEF-GoeauEt2011.pdf');
INSERT INTO Write (AuthorID, PaperID) VALUES (30, 3072);
INSERT INTO Paper (PaperID, Title, Year, MDate, Key, DOI) VALUES (3152, 'Shared Nearest Neighbors Match Kernel for Bird Songs Identification - LifeCLEF 2015 Challenge.', 2015, '2015-09-03', 'conf/clef/JolyLCB15', 'http://ceur-ws.org/Vol-1391/138-CR.pdf');
INSERT INTO Write (AuthorID, PaperID) VALUES (30, 3152);
INSERT INTO Paper (PaperID, Title, Year, MDate, Key, DOI) VALUES (3284, 'Participation of INRIA 800Aamp; Pl@ntNet to ImageCLEF 2011 Plant Images Classification Task.', 2011, '2016-06-02', 'conf/clef/GoeauJYBM11', 'http://www.clef-initiative.eu/documents/71612/86377/CLEF2011wn-ImageCLEF-Go%C3%ABauEt2011.pdf');
INSERT INTO Write (AuthorID, PaperID) VALUES (30, 3284);
INSERT INTO Author (AuthorID, Name) VALUES (31, 'Luis Villase&ntilde;or Pineda');
INSERT INTO Write (AuthorID, PaperID) VALUES (31, 116);
INSERT INTO Write (AuthorID, PaperID) VALUES (31, 261);
INSERT INTO Write (AuthorID, PaperID) VALUES (31, 538);
INSERT INTO Write (AuthorID, PaperID) VALUES (31, 550);
INSERT INTO Write (AuthorID, PaperID) VALUES (31, 594);
INSERT INTO Write (AuthorID, PaperID) VALUES (31, 647);
INSERT INTO Write (AuthorID, PaperID) VALUES (31, 652);
INSERT INTO Write (AuthorID, PaperID) VALUES (31, 1178);
INSERT INTO Write (AuthorID, PaperID) VALUES (31, 1234);
INSERT INTO Write (AuthorID, PaperID) VALUES (31, 1344);
INSERT INTO Write (AuthorID, PaperID) VALUES (31, 1764);
INSERT INTO Write (AuthorID, PaperID) VALUES (31, 1875);
INSERT INTO Write (AuthorID, PaperID) VALUES (31, 1895);
INSERT INTO Write (AuthorID, PaperID) VALUES (31, 2010);
INSERT INTO Write (AuthorID, PaperID) VALUES (31, 2104);
INSERT INTO Write (AuthorID, PaperID) VALUES (31, 2218);
INSERT INTO Write (AuthorID, PaperID) VALUES (31, 2270);
INSERT INTO Write (AuthorID, PaperID) VALUES (31, 2317);
INSERT INTO Write (AuthorID, PaperID) VALUES (31, 2339);
INSERT INTO Write (AuthorID, PaperID) VALUES (31, 2521);
INSERT INTO Write (AuthorID, PaperID) VALUES (31, 2522);
INSERT INTO Write (AuthorID, PaperID) VALUES (31, 2611);
INSERT INTO Write (AuthorID, PaperID) VALUES (31, 2640);
INSERT INTO Write (AuthorID, PaperID) VALUES (31, 2728);
INSERT INTO Write (AuthorID, PaperID) VALUES (31, 2759);
INSERT INTO Write (AuthorID, PaperID) VALUES (31, 2769);
INSERT INTO Write (AuthorID, PaperID) VALUES (31, 2826);
INSERT INTO Write (AuthorID, PaperID) VALUES (31, 2983);
INSERT INTO Write (AuthorID, PaperID) VALUES (31, 3009);
INSERT INTO Write (AuthorID, PaperID) VALUES (31, 3122);
INSERT INTO Write (AuthorID, PaperID) VALUES (31, 3301);
INSERT INTO Author (AuthorID, Name) VALUES (32, 'Benno Stein');
INSERT INTO Write (AuthorID, PaperID) VALUES (32, 92);
INSERT INTO Paper (PaperID, Title, Year, MDate, Key, DOI) VALUES (109, 'Clustering by Authorship Within and Across Documents.', 2016, '2016-08-11', 'conf/clef/StamatatosTVDSS16', 'http://ceur-ws.org/Vol-1609/16090691.pdf');
INSERT INTO Write (AuthorID, PaperID) VALUES (32, 109);
INSERT INTO Paper (PaperID, Title, Year, MDate, Key, DOI) VALUES (187, 'Overview of the Author Identification Task at PAN 2015.', 2015, '2015-09-03', 'conf/clef/StamatatosDVJLP15', 'http://ceur-ws.org/Vol-1391/inv-pap3-CR.pdf');
INSERT INTO Write (AuthorID, PaperID) VALUES (32, 187);
INSERT INTO Write (AuthorID, PaperID) VALUES (32, 307);
INSERT INTO Write (AuthorID, PaperID) VALUES (32, 323);
INSERT INTO Write (AuthorID, PaperID) VALUES (32, 372);
INSERT INTO Write (AuthorID, PaperID) VALUES (32, 484);
INSERT INTO Paper (PaperID, Title, Year, MDate, Key, DOI) VALUES (526, 'Evaluating Cross-Language Explicit Semantic Analysis and Cross Querying.', 2009, '2017-05-24', 'conf/clef/AnderkaLS09', 'https://doi.org/10.1007/978-3-642-15754-7_4');
INSERT INTO Write (AuthorID, PaperID) VALUES (32, 526);
INSERT INTO Write (AuthorID, PaperID) VALUES (32, 532);
INSERT INTO Paper (PaperID, Title, Year, MDate, Key, DOI) VALUES (552, 'Author Obfuscation: Attacking the State of the Art in Authorship Verification.', 2016, '2016-08-11', 'conf/clef/PotthastHS16', 'http://ceur-ws.org/Vol-1609/16090716.pdf');
INSERT INTO Write (AuthorID, PaperID) VALUES (32, 552);
INSERT INTO Paper (PaperID, Title, Year, MDate, Key, DOI) VALUES (572, 'Evaluating Cross-Language Explicit Semantic Analysis and Cross Querying at TEL@CLEF 2009.', 2009, '2014-09-29', 'conf/clef/AnderkaLS09a', 'http://ceur-ws.org/Vol-1175/CLEF2009wn-adhoc-AnderkaEt2009.pdf');
INSERT INTO Write (AuthorID, PaperID) VALUES (32, 572);
INSERT INTO Paper (PaperID, Title, Year, MDate, Key, DOI) VALUES (661, 'Overview of the Author Obfuscation Task at PAN 2017: Safety Evaluation Revisited.', 2017, '2017-08-15', 'conf/clef/HagenPS17', 'http://ceur-ws.org/Vol-1866/invited_paper_4.pdf');
INSERT INTO Write (AuthorID, PaperID) VALUES (32, 661);
INSERT INTO Write (AuthorID, PaperID) VALUES (32, 744);
INSERT INTO Write (AuthorID, PaperID) VALUES (32, 1137);
INSERT INTO Paper (PaperID, Title, Year, MDate, Key, DOI) VALUES (1227, 'Overview of the Author Obfuscation Task at PAN 2018: A New Approach to Measuring Safety.', 2018, '2018-08-08', 'conf/clef/PotthastSHS18', 'http://ceur-ws.org/Vol-2125/invited_paper_16.pdf');
INSERT INTO Write (AuthorID, PaperID) VALUES (32, 1227);
INSERT INTO Paper (PaperID, Title, Year, MDate, Key, DOI) VALUES (1386, 'Overview of the Author Identification Task at PAN 2014.', 2014, '2014-09-10', 'conf/clef/StamatatosDVSPJSB14', 'http://ceur-ws.org/Vol-1180/CLEF2014wn-Pan-StamatosEt2014.pdf');
INSERT INTO Write (AuthorID, PaperID) VALUES (32, 1386);
INSERT INTO Paper (PaperID, Title, Year, MDate, Key, DOI) VALUES (1417, 'Overview of the 1st International Competition on Wikipedia Vandalism Detection.', 2010, '2014-09-24', 'conf/clef/PotthastSH10', 'http://www.clef-initiative.eu/documents/71612/86374/CLEF2010wn-PAN-PotthastEt2010b.pdf');
INSERT INTO Write (AuthorID, PaperID) VALUES (32, 1417);
INSERT INTO Paper (PaperID, Title, Year, MDate, Key, DOI) VALUES (1427, 'Overview of the 1th International Competition on Quality Flaw Prediction in Wikipedia.', 2012, '2014-09-24', 'conf/clef/AnderkaS12', 'http://www.clef-initiative.eu/documents/71612/c1f78f6f-d4fa-4377-82c2-09b07c6c3ab5');
INSERT INTO Write (AuthorID, PaperID) VALUES (32, 1427);
INSERT INTO Paper (PaperID, Title, Year, MDate, Key, DOI) VALUES (1580, 'Webis at the CLEF 2017 Dynamic Search Lab.', 2017, '2017-08-15', 'conf/clef/HagenKAS17', 'http://ceur-ws.org/Vol-1866/paper_198.pdf');
INSERT INTO Write (AuthorID, PaperID) VALUES (32, 1580);
INSERT INTO Write (AuthorID, PaperID) VALUES (32, 1720);
INSERT INTO Write (AuthorID, PaperID) VALUES (32, 2113);
INSERT INTO Write (AuthorID, PaperID) VALUES (32, 2304);
INSERT INTO Write (AuthorID, PaperID) VALUES (32, 2511);
INSERT INTO Paper (PaperID, Title, Year, MDate, Key, DOI) VALUES (2544, 'Overview of the Author Identification Task at PAN-2017: Style Breach Detection and Author Clustering.', 2017, '2017-08-15', 'conf/clef/TschuggnallSVDS17', 'http://ceur-ws.org/Vol-1866/invited_paper_3.pdf');
INSERT INTO Write (AuthorID, PaperID) VALUES (32, 2544);
INSERT INTO Write (AuthorID, PaperID) VALUES (32, 2578);
INSERT INTO Paper (PaperID, Title, Year, MDate, Key, DOI) VALUES (2719, 'Source Retrieval for Plagiarism Detection from Large Web Corpora: Recent Approaches.', 2015, '2015-09-03', 'conf/clef/HagenPS15', 'http://ceur-ws.org/Vol-1391/inv-pap10-CR.pdf');
INSERT INTO Write (AuthorID, PaperID) VALUES (32, 2719);
INSERT INTO Write (AuthorID, PaperID) VALUES (32, 3074);
INSERT INTO Write (AuthorID, PaperID) VALUES (32, 3172);
INSERT INTO Write (AuthorID, PaperID) VALUES (32, 3276);
INSERT INTO Paper (PaperID, Title, Year, MDate, Key, DOI) VALUES (3404, 'Overview of the Author Identification Task at PAN-2018: Cross-domain Authorship Attribution and Style Change Detection.', 2018, '2018-08-08', 'conf/clef/KestemontTSDSSP18', 'http://ceur-ws.org/Vol-2125/invited_paper_2.pdf');
INSERT INTO Write (AuthorID, PaperID) VALUES (32, 3404);
INSERT INTO Write (AuthorID, PaperID) VALUES (32, 3482);
INSERT INTO Author (AuthorID, Name) VALUES (33, 'Arturo Montejo-R&aacute;ez');
INSERT INTO Write (AuthorID, PaperID) VALUES (33, 47);
INSERT INTO Write (AuthorID, PaperID) VALUES (33, 200);
INSERT INTO Write (AuthorID, PaperID) VALUES (33, 283);
INSERT INTO Write (AuthorID, PaperID) VALUES (33, 392);
INSERT INTO Write (AuthorID, PaperID) VALUES (33, 613);
INSERT INTO Write (AuthorID, PaperID) VALUES (33, 616);
INSERT INTO Paper (PaperID, Title, Year, MDate, Key, DOI) VALUES (634, 'SINAI at CLEF Ad-Hoc Robust Track 2007: Applying Google Search Engine for Robust Cross-Lingual Retrieval.', 2007, '2018-05-18', 'conf/clef/Martinez-SantiagoMC07', 'https://doi.org/10.1007/978-3-540-85760-0_18');
INSERT INTO Write (AuthorID, PaperID) VALUES (33, 634);
INSERT INTO Write (AuthorID, PaperID) VALUES (33, 817);
INSERT INTO Write (AuthorID, PaperID) VALUES (33, 865);
INSERT INTO Write (AuthorID, PaperID) VALUES (33, 1014);
INSERT INTO Write (AuthorID, PaperID) VALUES (33, 1443);
INSERT INTO Write (AuthorID, PaperID) VALUES (33, 1696);
INSERT INTO Write (AuthorID, PaperID) VALUES (33, 1726);
INSERT INTO Write (AuthorID, PaperID) VALUES (33, 1911);
INSERT INTO Write (AuthorID, PaperID) VALUES (33, 2202);
INSERT INTO Write (AuthorID, PaperID) VALUES (33, 2364);
INSERT INTO Write (AuthorID, PaperID) VALUES (33, 2370);
INSERT INTO Write (AuthorID, PaperID) VALUES (33, 2395);
INSERT INTO Paper (PaperID, Title, Year, MDate, Key, DOI) VALUES (2423, 'SINAI at CLEF Ad-Hoc Robust Track 2007: Applying Google Search Engine for Robust Cross-Lingual Retrieval.', 2007, '2014-09-24', 'conf/clef/Martinez-SantiagoMC07a', 'http://ceur-ws.org/Vol-1173/CLEF2007wn-adhoc-MartinezSantiagoEt2007.pdf');
INSERT INTO Write (AuthorID, PaperID) VALUES (33, 2423);
INSERT INTO Write (AuthorID, PaperID) VALUES (33, 2507);
INSERT INTO Paper (PaperID, Title, Year, MDate, Key, DOI) VALUES (2706, 'GEOUJA System. University of Ja800Aeacute;n at GeoCLEF 2007.', 2007, '2014-09-24', 'conf/clef/Perea-OrtegaGGM07', 'http://ceur-ws.org/Vol-1173/CLEF2007wn-GeoCLEF-PereaOrtegaEt2007.pdf');
INSERT INTO Write (AuthorID, PaperID) VALUES (33, 2706);
INSERT INTO Write (AuthorID, PaperID) VALUES (33, 2799);
INSERT INTO Write (AuthorID, PaperID) VALUES (33, 2818);
INSERT INTO Write (AuthorID, PaperID) VALUES (33, 2888);
INSERT INTO Write (AuthorID, PaperID) VALUES (33, 2995);
INSERT INTO Write (AuthorID, PaperID) VALUES (33, 3075);
INSERT INTO Write (AuthorID, PaperID) VALUES (33, 3228);
INSERT INTO Write (AuthorID, PaperID) VALUES (33, 3273);
INSERT INTO Write (AuthorID, PaperID) VALUES (33, 3380);
INSERT INTO Write (AuthorID, PaperID) VALUES (33, 3454);
INSERT INTO Author (AuthorID, Name) VALUES (34, 'Mar&iacute;a Teresa Mart&iacute;n-Valdivia');
INSERT INTO Write (AuthorID, PaperID) VALUES (34, 98);
INSERT INTO Write (AuthorID, PaperID) VALUES (34, 160);
INSERT INTO Write (AuthorID, PaperID) VALUES (34, 200);
INSERT INTO Write (AuthorID, PaperID) VALUES (34, 283);
INSERT INTO Write (AuthorID, PaperID) VALUES (34, 285);
INSERT INTO Write (AuthorID, PaperID) VALUES (34, 355);
INSERT INTO Write (AuthorID, PaperID) VALUES (34, 392);
INSERT INTO Write (AuthorID, PaperID) VALUES (34, 530);
INSERT INTO Write (AuthorID, PaperID) VALUES (34, 613);
INSERT INTO Write (AuthorID, PaperID) VALUES (34, 616);
INSERT INTO Write (AuthorID, PaperID) VALUES (34, 817);
INSERT INTO Write (AuthorID, PaperID) VALUES (34, 865);
INSERT INTO Write (AuthorID, PaperID) VALUES (34, 1014);
INSERT INTO Write (AuthorID, PaperID) VALUES (34, 1167);
INSERT INTO Write (AuthorID, PaperID) VALUES (34, 1368);
INSERT INTO Write (AuthorID, PaperID) VALUES (34, 1443);
INSERT INTO Write (AuthorID, PaperID) VALUES (34, 1734);
INSERT INTO Write (AuthorID, PaperID) VALUES (34, 1911);
INSERT INTO Write (AuthorID, PaperID) VALUES (34, 2249);
INSERT INTO Write (AuthorID, PaperID) VALUES (34, 2288);
INSERT INTO Write (AuthorID, PaperID) VALUES (34, 2364);
INSERT INTO Write (AuthorID, PaperID) VALUES (34, 2429);
INSERT INTO Write (AuthorID, PaperID) VALUES (34, 2445);
INSERT INTO Write (AuthorID, PaperID) VALUES (34, 2507);
INSERT INTO Write (AuthorID, PaperID) VALUES (34, 2888);
INSERT INTO Write (AuthorID, PaperID) VALUES (34, 2956);
INSERT INTO Write (AuthorID, PaperID) VALUES (34, 2995);
INSERT INTO Write (AuthorID, PaperID) VALUES (34, 3075);
INSERT INTO Write (AuthorID, PaperID) VALUES (34, 3273);
INSERT INTO Write (AuthorID, PaperID) VALUES (34, 3380);
INSERT INTO Author (AuthorID, Name) VALUES (35, 'Allan Hanbury');
INSERT INTO Paper (PaperID, Title, Year, MDate, Key, DOI) VALUES (71, 'Overview of the ImageCLEF 2007 Object Retrieval Task.', 2007, '2015-06-01', 'conf/clef/DeselaersHVBBDBGHHLLCNRSSW07', 'http://ceur-ws.org/Vol-1173/CLEF2007wn-ImageCLEF-DeselaersEt2007a.pdf');
INSERT INTO Write (AuthorID, PaperID) VALUES (35, 71);
INSERT INTO Paper (PaperID, Title, Year, MDate, Key, DOI) VALUES (134, 'Passage Retrieval Starting from Patent Claims A Clef-Ip 2013 Task Overview.', 2013, '2014-09-10', 'conf/clef/PiroiLH13a', 'http://ceur-ws.org/Vol-1179/CLEF2013wn-CLEFIP-PiroiEt2013.pdf');
INSERT INTO Write (AuthorID, PaperID) VALUES (35, 134);
INSERT INTO Paper (PaperID, Title, Year, MDate, Key, DOI) VALUES (211, 'Using Health Statistics to Improve Medical and Health Search.', 2015, '2017-05-24', 'conf/clef/SierekH15', 'https://doi.org/10.1007/978-3-319-24027-5_30');
INSERT INTO Write (AuthorID, PaperID) VALUES (35, 211);
INSERT INTO Write (AuthorID, PaperID) VALUES (35, 246);
INSERT INTO Paper (PaperID, Title, Year, MDate, Key, DOI) VALUES (274, 'Overview of CLEF-IP 2013 Lab - Information Retrieval in the Patent Domain.', 2013, '2017-06-15', 'conf/clef/PiroiLH13', 'https://doi.org/10.1007/978-3-642-40802-1_25');
INSERT INTO Write (AuthorID, PaperID) VALUES (35, 274);
INSERT INTO Write (AuthorID, PaperID) VALUES (35, 685);
INSERT INTO Paper (PaperID, Title, Year, MDate, Key, DOI) VALUES (712, 'Replicating an Experiment in Cross-lingual Information Retrieval with Explicit Semantic Analysis.', 2018, '2018-08-08', 'conf/clef/JungwirthH18', 'http://ceur-ws.org/Vol-2125/paper_208.pdf');
INSERT INTO Write (AuthorID, PaperID) VALUES (35, 712);
INSERT INTO Paper (PaperID, Title, Year, MDate, Key, DOI) VALUES (882, 'An Information Retrieval Ontology for Information Retrieval Nanopublications.', 2014, '2017-06-15', 'conf/clef/LipaniPAH14', 'https://doi.org/10.1007/978-3-319-11382-1_5');
INSERT INTO Write (AuthorID, PaperID) VALUES (35, 882);
INSERT INTO Paper (PaperID, Title, Year, MDate, Key, DOI) VALUES (975, 'The Visual Concept Detection Task in ImageCLEF 2008.', 2008, '2014-09-29', 'conf/clef/DeselaersH08a', 'http://ceur-ws.org/Vol-1174/CLEF2008wn-ImageCLEF-DeselaersEt2008b.pdf');
INSERT INTO Write (AuthorID, PaperID) VALUES (35, 975);
INSERT INTO Paper (PaperID, Title, Year, MDate, Key, DOI) VALUES (1044, 'Overview of the ImageCLEF 2007 Object Retrieval Task.', 2007, '2018-11-02', 'conf/clef/DeselaersHVBBDBGGHLLCNRSSW07', 'https://doi.org/10.1007/978-3-540-85760-0_58');
INSERT INTO Write (AuthorID, PaperID) VALUES (35, 1044);
INSERT INTO Paper (PaperID, Title, Year, MDate, Key, DOI) VALUES (1153, 'The Visual Concept Detection Task in ImageCLEF 2008.', 2008, '2017-05-24', 'conf/clef/DeselaersH08', 'https://doi.org/10.1007/978-3-642-04447-2_65');
INSERT INTO Write (AuthorID, PaperID) VALUES (35, 1153);
INSERT INTO Paper (PaperID, Title, Year, MDate, Key, DOI) VALUES (1240, 'Report on the CLEF-IP 2011 Experiments: Exploring Patent Summarization.', 2011, '2014-09-24', 'conf/clef/MahdabiAHC11', 'http://ceur-ws.org/Vol-1177/CLEF2011wn-CLEF-IP-MahdabiEt2011.pdf');
INSERT INTO Write (AuthorID, PaperID) VALUES (35, 1240);
INSERT INTO Paper (PaperID, Title, Year, MDate, Key, DOI) VALUES (1402, 'Report on the CLEF-IP 2012 Experiments: Exploring Passage Retrieval with the PIPExtractor.', 2012, '2014-09-24', 'conf/clef/AnderssonMHR12', 'http://www.clef-initiative.eu/documents/71612/d6ebe25d-4f52-4345-bba6-49c9436ea643');
INSERT INTO Write (AuthorID, PaperID) VALUES (35, 1402);
INSERT INTO Write (AuthorID, PaperID) VALUES (35, 1551);
INSERT INTO Write (AuthorID, PaperID) VALUES (35, 1578);
INSERT INTO Write (AuthorID, PaperID) VALUES (35, 1729);
INSERT INTO Write (AuthorID, PaperID) VALUES (35, 2368);
INSERT INTO Write (AuthorID, PaperID) VALUES (35, 2452);
INSERT INTO Write (AuthorID, PaperID) VALUES (35, 2524);
INSERT INTO Write (AuthorID, PaperID) VALUES (35, 2652);
INSERT INTO Paper (PaperID, Title, Year, MDate, Key, DOI) VALUES (2735, 'Assessors Agreement: A Case Study Across Assessor Type, Payment Levels, Query Variations and Relevance Dimensions.', 2016, '2018-11-02', 'conf/clef/PalottiZBHG16', 'https://doi.org/10.1007/978-3-319-44564-9_4');
INSERT INTO Write (AuthorID, PaperID) VALUES (35, 2735);
INSERT INTO Paper (PaperID, Title, Year, MDate, Key, DOI) VALUES (2896, 'CLEF-IP 2012: Retrieval Experiments in the Intellectual Property Domain.', 2012, '2014-09-24', 'conf/clef/PiroiLHSMF12', 'http://www.clef-initiative.eu/documents/71612/c30f390b-dec6-4ba0-a423-daea1a30f256');
INSERT INTO Write (AuthorID, PaperID) VALUES (35, 2896);
INSERT INTO Write (AuthorID, PaperID) VALUES (35, 2955);
INSERT INTO Paper (PaperID, Title, Year, MDate, Key, DOI) VALUES (2997, 'CLEF 2017 Task Overview: The IR Task at the eHealth Evaluation Lab - Evaluating Retrieval Methods for Consumer Health Search.', 2017, '2017-08-15', 'conf/clef/PalottiZJPLGKH17', 'http://ceur-ws.org/Vol-1866/invited_paper_16.pdf');
INSERT INTO Write (AuthorID, PaperID) VALUES (35, 2997);
INSERT INTO Write (AuthorID, PaperID) VALUES (35, 3076);
INSERT INTO Paper (PaperID, Title, Year, MDate, Key, DOI) VALUES (3106, 'A Formative Evaluation of a Comprehensive Search System for Medical Professionals.', 2013, '2017-05-24', 'conf/clef/StefanovSKSGH13', 'https://doi.org/10.1007/978-3-642-40802-1_10');
INSERT INTO Write (AuthorID, PaperID) VALUES (35, 3106);
INSERT INTO Paper (PaperID, Title, Year, MDate, Key, DOI) VALUES (3213, 'CLEF-IP 2011: Retrieval in the Intellectual Property Domain.', 2011, '2014-09-24', 'conf/clef/PiroiLHZ11', 'http://www.clef-initiative.eu/documents/71612/86377/CLEF2011wn-CLEF-IP-PiroiEt2011.pdf');
INSERT INTO Write (AuthorID, PaperID) VALUES (35, 3213);
INSERT INTO Paper (PaperID, Title, Year, MDate, Key, DOI) VALUES (3256, 'Effects of Language and Topic Size in Patent IR: An Empirical Study.', 2012, '2017-06-15', 'conf/clef/PiroiLH12', 'https://doi.org/10.1007/978-3-642-33247-0_7');
INSERT INTO Write (AuthorID, PaperID) VALUES (35, 3256);
INSERT INTO Paper (PaperID, Title, Year, MDate, Key, DOI) VALUES (3420, 'Classifying Patent Images.', 2011, '2014-09-24', 'conf/clef/MorzingerHTBH11', 'http://ceur-ws.org/Vol-1177/CLEF2011wn-CLEF-IP-MorzingerEt2011.pdf');
INSERT INTO Write (AuthorID, PaperID) VALUES (35, 3420);
INSERT INTO Author (AuthorID, Name) VALUES (36, 'Vivien Petras');
INSERT INTO Paper (PaperID, Title, Year, MDate, Key, DOI) VALUES (83, 'Which Log for Which Information? Gathering Multilingual Data from Different Log File Types.', 2010, '2018-11-14', 'conf/clef/GadePS10', 'https://www.wikidata.org/entity/Q57563880');
INSERT INTO Write (AuthorID, PaperID) VALUES (36, 83);
INSERT INTO Write (AuthorID, PaperID) VALUES (36, 223);
INSERT INTO Paper (PaperID, Title, Year, MDate, Key, DOI) VALUES (404, 'Are Thesauri Useful in Cross-Language Information Retrieval?', 2002, '2014-08-15', 'conf/clef/PetrasPG02a', 'http://ceur-ws.org/Vol-1168/CLEF2002wn-DomainSpecific-PetrasEt2002.pdf');
INSERT INTO Write (AuthorID, PaperID) VALUES (36, 404);
INSERT INTO Paper (PaperID, Title, Year, MDate, Key, DOI) VALUES (418, 'GIRT and the Use of Subject Metadata for Retrieval.', 2004, '2014-08-15', 'conf/clef/Petras04', 'http://ceur-ws.org/Vol-1170/CLEF2004wn-DomainSpecific-Petras2004.pdf');
INSERT INTO Write (AuthorID, PaperID) VALUES (36, 418);
INSERT INTO Write (AuthorID, PaperID) VALUES (36, 507);
INSERT INTO Paper (PaperID, Title, Year, MDate, Key, DOI) VALUES (958, 'Berkeley2 at GeoCLEF: Cross-Language Geographic Information Retrieval of German and English Documents.', 2005, '2014-08-15', 'conf/clef/PetrasG05', 'http://ceur-ws.org/Vol-1171/CLEF2005wn-GeoCLEF-PetrasEt2005.pdf');
INSERT INTO Write (AuthorID, PaperID) VALUES (36, 958);
INSERT INTO Paper (PaperID, Title, Year, MDate, Key, DOI) VALUES (1047, 'The Domain -Specific Track at CLEF 2007.', 2007, '2014-09-23', 'conf/clef/PetrasBS07a', 'http://ceur-ws.org/Vol-1173/CLEF2007wn-DomainSpecific-PetrasEt2007.pdf');
INSERT INTO Write (AuthorID, PaperID) VALUES (36, 1047);
INSERT INTO Paper (PaperID, Title, Year, MDate, Key, DOI) VALUES (1171, 'Hood or Hypertext: A Comparison of Offline and Online Book Search Sessions.', 2016, '2016-08-11', 'conf/clef/GadeP16', 'http://ceur-ws.org/Vol-1609/16091097.pdf');
INSERT INTO Write (AuthorID, PaperID) VALUES (36, 1171);
INSERT INTO Write (AuthorID, PaperID) VALUES (36, 1175);
INSERT INTO Paper (PaperID, Title, Year, MDate, Key, DOI) VALUES (1238, 'How One Word Can Make all the Difference - Using Subject Metadata for Automatic Query Expansion and Reformulation.', 2005, '2014-08-15', 'conf/clef/Petras05a', 'http://ceur-ws.org/Vol-1171/CLEF2005wn-DomainSpecific-Petras2005.pdf');
INSERT INTO Write (AuthorID, PaperID) VALUES (36, 1238);
INSERT INTO Paper (PaperID, Title, Year, MDate, Key, DOI) VALUES (1980, 'This is it! Selection and Preferences for Books.', 2015, '2015-09-03', 'conf/clef/GadeP15', 'http://ceur-ws.org/Vol-1391/46-CR.pdf');
INSERT INTO Write (AuthorID, PaperID) VALUES (36, 1980);
INSERT INTO Write (AuthorID, PaperID) VALUES (36, 2071);
INSERT INTO Paper (PaperID, Title, Year, MDate, Key, DOI) VALUES (2157, 'Ambiguity of Queries and the Challenges for Query Language Detection.', 2010, '2014-09-24', 'conf/clef/StillerGP10', 'http://www.clef-initiative.eu/documents/71612/86374/CLEF2010wn-LogCLEF-StillerEt2010.pdf');
INSERT INTO Write (AuthorID, PaperID) VALUES (36, 2157);
INSERT INTO Paper (PaperID, Title, Year, MDate, Key, DOI) VALUES (2208, 'UC Berkeley at CLEF-2003 - Russian Language Experiments and Domain-Specific Retrieval.', 2003, '2017-06-15', 'conf/clef/PetrasPG03', 'https://doi.org/10.1007/978-3-540-30222-3_39');
INSERT INTO Write (AuthorID, PaperID) VALUES (36, 2208);
INSERT INTO Write (AuthorID, PaperID) VALUES (36, 2407);
INSERT INTO Paper (PaperID, Title, Year, MDate, Key, DOI) VALUES (2458, 'Using Thesauri in Cross-Language Retrieval of German and French Indexed Collections.', 2002, '2017-06-15', 'conf/clef/PetrasPG02', 'https://doi.org/10.1007/978-3-540-45237-9_31');
INSERT INTO Write (AuthorID, PaperID) VALUES (36, 2458);
INSERT INTO Paper (PaperID, Title, Year, MDate, Key, DOI) VALUES (2519, 'Cross-Language Retrieval for the CLEF Collections - Comparing Multiple Methods of Retrieval.', 2000, '2014-08-15', 'conf/clef/GeyJPC00a', 'http://ceur-ws.org/Vol-1166/CLEF2000wn-adhoc-GeyEt2000.pdf');
INSERT INTO Write (AuthorID, PaperID) VALUES (36, 2519);
INSERT INTO Paper (PaperID, Title, Year, MDate, Key, DOI) VALUES (2642, 'A Component-Level Analysis of an Academic Search Test Collection. - Part I: System and Collection Configurations.', 2017, '2017-08-31', 'conf/clef/DietzP17', 'https://doi.org/10.1007/978-3-319-65813-1_2');
INSERT INTO Write (AuthorID, PaperID) VALUES (36, 2642);
INSERT INTO Paper (PaperID, Title, Year, MDate, Key, DOI) VALUES (2775, 'The Domain-Specific Track at CLEF 2008.', 2008, '2014-09-29', 'conf/clef/PetrasB08a', 'http://ceur-ws.org/Vol-1174/CLEF2008wn-DomainSpecific-PetrasEt2008.pdf');
INSERT INTO Write (AuthorID, PaperID) VALUES (36, 2775);
INSERT INTO Paper (PaperID, Title, Year, MDate, Key, DOI) VALUES (2812, 'Interface Language, User Language and Success Rates in the European Library.', 2011, '2014-09-24', 'conf/clef/GadeSBP11', 'http://www.clef-initiative.eu/documents/71612/86377/CLEF2011wn-LogCLEF-GaedeEt2011.pdf');
INSERT INTO Write (AuthorID, PaperID) VALUES (36, 2812);
INSERT INTO Paper (PaperID, Title, Year, MDate, Key, DOI) VALUES (2828, 'The Domain-Specific Track at CLEF 2008.', 2008, '2017-06-15', 'conf/clef/PetrasB08', 'https://doi.org/10.1007/978-3-642-04447-2_23');
INSERT INTO Write (AuthorID, PaperID) VALUES (36, 2828);
INSERT INTO Write (AuthorID, PaperID) VALUES (36, 2955);
INSERT INTO Paper (PaperID, Title, Year, MDate, Key, DOI) VALUES (3027, 'The Domain-Specific Track at CLEF 2007.', 2007, '2017-06-15', 'conf/clef/PetrasBS07', 'https://doi.org/10.1007/978-3-540-85760-0_22');
INSERT INTO Write (AuthorID, PaperID) VALUES (36, 3027);
INSERT INTO Paper (PaperID, Title, Year, MDate, Key, DOI) VALUES (3138, 'UC Berkeley at CLEF 2003 - Russian Language Experiments and Domain-Specific Cross-Language Retrieval.', 2003, '2014-09-08', 'conf/clef/PetrasPG03a', 'http://ceur-ws.org/Vol-1169/CLEF2003wn-DomainSpecific-PetrasEt2003.pdf');
INSERT INTO Write (AuthorID, PaperID) VALUES (36, 3138);
INSERT INTO Write (AuthorID, PaperID) VALUES (36, 3295);
INSERT INTO Write (AuthorID, PaperID) VALUES (36, 3310);
INSERT INTO Paper (PaperID, Title, Year, MDate, Key, DOI) VALUES (3409, 'GIRT and the Use of Subject Metadata for Retrieval.', 2004, '2017-06-15', 'conf/clef/Petras05', 'https://doi.org/10.1007/11519645_31');
INSERT INTO Write (AuthorID, PaperID) VALUES (36, 3409);
INSERT INTO Paper (PaperID, Title, Year, MDate, Key, DOI) VALUES (3477, 'A Component-Level Analysis of an Academic Search Test Collection. - Part II: Query Analysis.', 2017, '2017-08-31', 'conf/clef/DietzP17a', 'https://doi.org/10.1007/978-3-319-65813-1_3');
INSERT INTO Write (AuthorID, PaperID) VALUES (36, 3477);
INSERT INTO Paper (PaperID, Title, Year, MDate, Key, DOI) VALUES (3498, 'Cross-Language Retrieval for the CLEF Collections - Comparing Multiple Methods of Retrieval.', 2000, '2017-06-15', 'conf/clef/GeyJPC00', 'https://doi.org/10.1007/3-540-44645-1_11');
INSERT INTO Write (AuthorID, PaperID) VALUES (36, 3498);
INSERT INTO Author (AuthorID, Name) VALUES (37, 'Mirna Adriani');
INSERT INTO Paper (PaperID, Title, Year, MDate, Key, DOI) VALUES (264, 'Ambiguity Problem in Multilingual Information Retrieval.', 2000, '2017-05-24', 'conf/clef/Adriani00', 'https://doi.org/10.1007/3-540-44645-1_15');
INSERT INTO Write (AuthorID, PaperID) VALUES (37, 264);
INSERT INTO Paper (PaperID, Title, Year, MDate, Key, DOI) VALUES (278, 'Contextual Approach for Paragraph Selection in Question Answering Task.', 2010, '2014-09-24', 'conf/clef/TobaSAM10', 'http://www.clef-initiative.eu/documents/71612/86374/CLEF2010wn-MLQA10-TobaEt2010.pdf');
INSERT INTO Write (AuthorID, PaperID) VALUES (37, 278);
INSERT INTO Paper (PaperID, Title, Year, MDate, Key, DOI) VALUES (293, 'Using Web-Content for Retrieving Snippets.', 2007, '2017-05-24', 'conf/clef/HendriansyahFA07', 'https://doi.org/10.1007/978-3-540-85760-0_95');
INSERT INTO Write (AuthorID, PaperID) VALUES (37, 293);
INSERT INTO Paper (PaperID, Title, Year, MDate, Key, DOI) VALUES (345, 'Applying Geo-feedback to Geographic Information Retrieval.', 2007, '2017-05-24', 'conf/clef/AdrianiN07', 'https://doi.org/10.1007/978-3-540-85760-0_107');
INSERT INTO Write (AuthorID, PaperID) VALUES (37, 345);
INSERT INTO Paper (PaperID, Title, Year, MDate, Key, DOI) VALUES (358, 'University of Indonesia''s Participation in Ad Hoc at CLEF 2005.', 2005, '2014-08-15', 'conf/clef/AdrianiW05a', 'http://ceur-ws.org/Vol-1171/CLEF2005wn-adhoc-AdrianiEt2005.pdf');
INSERT INTO Write (AuthorID, PaperID) VALUES (37, 358);
INSERT INTO Paper (PaperID, Title, Year, MDate, Key, DOI) VALUES (390, 'Applying Relevance Feedback for Retrieving Web-Page Retrieval.', 2006, '2017-05-24', 'conf/clef/WijayaWKA06', 'https://doi.org/10.1007/978-3-540-74999-8_108');
INSERT INTO Write (AuthorID, PaperID) VALUES (37, 390);
INSERT INTO Paper (PaperID, Title, Year, MDate, Key, DOI) VALUES (436, 'The University of Indonesia''s Participation in IMAGE-CLEF 2005.', 2005, '2014-08-15', 'conf/clef/AdrianiF05', 'http://ceur-ws.org/Vol-1171/CLEF2005wn-ImageCLEF-AdrianiEt2005.pdf');
INSERT INTO Write (AuthorID, PaperID) VALUES (37, 436);
INSERT INTO Paper (PaperID, Title, Year, MDate, Key, DOI) VALUES (456, 'Location Identification for Geographic Information Retrieval.', 2007, '2014-09-23', 'conf/clef/NasikhinA07', 'http://ceur-ws.org/Vol-1173/CLEF2007wn-GeoCLEF-NasikhinEt2007.pdf');
INSERT INTO Write (AuthorID, PaperID) VALUES (37, 456);
INSERT INTO Paper (PaperID, Title, Year, MDate, Key, DOI) VALUES (890, 'Finding Answers to Indonesian Questions from English Documents.', 2006, '2014-08-15', 'conf/clef/WijonoBFA06', 'http://ceur-ws.org/Vol-1172/CLEF2006wn-QACLEF-WijonoEt2006.pdf');
INSERT INTO Write (AuthorID, PaperID) VALUES (37, 890);
INSERT INTO Paper (PaperID, Title, Year, MDate, Key, DOI) VALUES (931, 'Automatic External Plagiarism Detection Using Passage Similarities - Lab Report for PAN at CLEF 2010.', 2010, '2014-09-24', 'conf/clef/VaniaA10', 'http://www.clef-initiative.eu/documents/71612/86374/CLEF2010wn-PAN-VaniaEt2010.pdf');
INSERT INTO Write (AuthorID, PaperID) VALUES (37, 931);
INSERT INTO Paper (PaperID, Title, Year, MDate, Key, DOI) VALUES (934, 'Dictionary-based CLIR for the CLEF Multilingual Track.', 2000, '2014-08-15', 'conf/clef/Adriani00a', 'http://ceur-ws.org/Vol-1166/CLEF2000wn-adhoc-Adriani2000.pdf');
INSERT INTO Write (AuthorID, PaperID) VALUES (37, 934);
INSERT INTO Paper (PaperID, Title, Year, MDate, Key, DOI) VALUES (980, 'Finding Answers to Indonesian Questions from English Documents.', 2005, '2017-05-24', 'conf/clef/AdrianiR05', 'https://doi.org/10.1007/11878773_57');
INSERT INTO Write (AuthorID, PaperID) VALUES (37, 980);
INSERT INTO Paper (PaperID, Title, Year, MDate, Key, DOI) VALUES (998, 'University of Indonesia''s Participation in WEB-CLEF 2005.', 2005, '2014-08-15', 'conf/clef/AdrianiP05a', 'http://ceur-ws.org/Vol-1171/CLEF2005wn-WebCLEF-ArianiEt2005.pdf');
INSERT INTO Write (AuthorID, PaperID) VALUES (37, 998);
INSERT INTO Paper (PaperID, Title, Year, MDate, Key, DOI) VALUES (1005, 'Evaluating Language Resources for English-Indonesian CLIR.', 2006, '2014-08-15', 'conf/clef/HayuraniSA06a', 'http://ceur-ws.org/Vol-1172/CLEF2006wn-adhoc-HayuranEt2006.pdf');
INSERT INTO Write (AuthorID, PaperID) VALUES (37, 1005);
INSERT INTO Paper (PaperID, Title, Year, MDate, Key, DOI) VALUES (1040, 'Evaluating Language Resources for CLEF 2007.', 2007, '2014-09-23', 'conf/clef/HayuraniSA07', 'http://ceur-ws.org/Vol-1173/CLEF2007wn-adhoc-HayuraniEt2007.pdf');
INSERT INTO Write (AuthorID, PaperID) VALUES (37, 1040);
INSERT INTO Paper (PaperID, Title, Year, MDate, Key, DOI) VALUES (1060, 'Finding Answers Using Resources in the Internet.', 2007, '2014-09-23', 'conf/clef/AdiwibowoA07', 'http://ceur-ws.org/Vol-1173/CLEF2007wn-QACLEF-AdiwibowoEt2007.pdf');
INSERT INTO Write (AuthorID, PaperID) VALUES (37, 1060);
INSERT INTO Paper (PaperID, Title, Year, MDate, Key, DOI) VALUES (1303, 'The Performance of a Machine Translation-Based English-Indonesian CLIR System.', 2005, '2017-05-24', 'conf/clef/AdrianiW05', 'https://doi.org/10.1007/11878773_16');
INSERT INTO Write (AuthorID, PaperID) VALUES (37, 1303);
INSERT INTO Paper (PaperID, Title, Year, MDate, Key, DOI) VALUES (1376, 'Question Answering System Using Query Expansion and Heuristic Features.', 2013, '2014-09-10', 'conf/clef/SjafrizalBAA13', 'http://ceur-ws.org/Vol-1179/CLEF2013wn-QA4MRE-SjafrizalEt2013.pdf');
INSERT INTO Write (AuthorID, PaperID) VALUES (37, 1376);
INSERT INTO Paper (PaperID, Title, Year, MDate, Key, DOI) VALUES (1400, 'Finding Answers Using Resources in the Internet.', 2007, '2017-05-24', 'conf/clef/AdrianiA07', 'https://doi.org/10.1007/978-3-540-85760-0_41');
INSERT INTO Write (AuthorID, PaperID) VALUES (37, 1400);
INSERT INTO Paper (PaperID, Title, Year, MDate, Key, DOI) VALUES (1560, 'Query and Document Translation for English-Indonesian Cross Language IR.', 2006, '2017-05-24', 'conf/clef/HayuraniSA06', 'https://doi.org/10.1007/978-3-540-74999-8_7');
INSERT INTO Write (AuthorID, PaperID) VALUES (37, 1560);
INSERT INTO Paper (PaperID, Title, Year, MDate, Key, DOI) VALUES (1708, 'Prior Art Retrieval Using Various Patent Document Fields Contents.', 2010, '2014-09-24', 'conf/clef/WanagiriA10', 'http://www.clef-initiative.eu/documents/71612/86374/CLEF2010wn-CLEF-IP-WanagiriEt2010.pdf');
INSERT INTO Write (AuthorID, PaperID) VALUES (37, 1708);
INSERT INTO Paper (PaperID, Title, Year, MDate, Key, DOI) VALUES (1835, 'Using the Web Information Structure for Retrieving Web Pages.', 2005, '2017-05-24', 'conf/clef/AdrianiP05', 'https://doi.org/10.1007/11878773_99');
INSERT INTO Write (AuthorID, PaperID) VALUES (37, 1835);
INSERT INTO Paper (PaperID, Title, Year, MDate, Key, DOI) VALUES (1893, 'University of Indonesia''s Participation in Question Answering at CLEF 2005.', 2005, '2014-08-15', 'conf/clef/AdrianiR05a', 'http://ceur-ws.org/Vol-1171/CLEF2005wn-QACLEF-AdrianiEt2005.pdf');
INSERT INTO Write (AuthorID, PaperID) VALUES (37, 1893);
INSERT INTO Paper (PaperID, Title, Year, MDate, Key, DOI) VALUES (1976, 'Retrieving Images Using Cross-Language Text and Image Features.', 2005, '2017-05-24', 'conf/clef/AdrianiA05', 'https://doi.org/10.1007/11878773_80');
INSERT INTO Write (AuthorID, PaperID) VALUES (37, 1976);
INSERT INTO Paper (PaperID, Title, Year, MDate, Key, DOI) VALUES (2133, 'Indonesian-English Transitive Translation for Cross-Language Information Retrieval.', 2007, '2017-05-24', 'conf/clef/AdrianiHS07', 'https://doi.org/10.1007/978-3-540-85760-0_16');
INSERT INTO Write (AuthorID, PaperID) VALUES (37, 2133);
INSERT INTO Paper (PaperID, Title, Year, MDate, Key, DOI) VALUES (2461, 'Using Document Structure on Retrieving Webpages at the Web-CLEF 2006.', 2006, '2014-08-15', 'conf/clef/WijayaWKA06a', 'http://ceur-ws.org/Vol-1172/CLEF2006wn-WebCLEF-WijayaEt2006.pdf');
INSERT INTO Write (AuthorID, PaperID) VALUES (37, 2461);
INSERT INTO Paper (PaperID, Title, Year, MDate, Key, DOI) VALUES (3153, 'English-Dutch CLIR Using Query Translation Techniques.', 2001, '2017-05-24', 'conf/clef/Adriani01', 'https://doi.org/10.1007/3-540-45691-0_19');
INSERT INTO Write (AuthorID, PaperID) VALUES (37, 3153);
INSERT INTO Paper (PaperID, Title, Year, MDate, Key, DOI) VALUES (3291, 'English-Dutch CLIR Using Query Translation Techniques.', 2001, '2014-08-15', 'conf/clef/Adriani01a', 'http://ceur-ws.org/Vol-1167/CLEF2001wn-adhoc-Adriani2001.pdf');
INSERT INTO Write (AuthorID, PaperID) VALUES (37, 3291);
INSERT INTO Author (AuthorID, Name) VALUES (38, 'Fredric C. Gey');
INSERT INTO Write (AuthorID, PaperID) VALUES (38, 223);
INSERT INTO Write (AuthorID, PaperID) VALUES (38, 300);
INSERT INTO Write (AuthorID, PaperID) VALUES (38, 404);
INSERT INTO Paper (PaperID, Title, Year, MDate, Key, DOI) VALUES (521, 'Research to Improve Cross-Language Retrieval - Position Paper for CLEF.', 2000, '2017-05-24', 'conf/clef/Gey00', 'https://doi.org/10.1007/3-540-44645-1_8');
INSERT INTO Write (AuthorID, PaperID) VALUES (38, 521);
INSERT INTO Write (AuthorID, PaperID) VALUES (38, 781);
INSERT INTO Write (AuthorID, PaperID) VALUES (38, 958);
INSERT INTO Paper (PaperID, Title, Year, MDate, Key, DOI) VALUES (1080, 'Working with Russian Queries for the GIRT, Bilingual and Multilingual CLEF Tasks.', 2001, '2014-08-15', 'conf/clef/GeyJP01a', 'http://ceur-ws.org/Vol-1167/CLEF2001wn-adhoc-GeyEt2001.pdf');
INSERT INTO Write (AuthorID, PaperID) VALUES (38, 1080);
INSERT INTO Write (AuthorID, PaperID) VALUES (38, 1175);
INSERT INTO Paper (PaperID, Title, Year, MDate, Key, DOI) VALUES (1237, 'Combining Query Translation and Document Translation in Cross-Language Retrieval.', 2003, '2017-05-24', 'conf/clef/ChenG03', 'https://doi.org/10.1007/978-3-540-30222-3_10');
INSERT INTO Write (AuthorID, PaperID) VALUES (38, 1237);
INSERT INTO Paper (PaperID, Title, Year, MDate, Key, DOI) VALUES (1378, 'Combining Query Translation and Document Translation in Cross-Language Retrieval.', 2003, '2014-08-15', 'conf/clef/ChenG03a', 'http://ceur-ws.org/Vol-1169/CLEF2003wn-adhoc-ChenEt2003.pdf');
INSERT INTO Write (AuthorID, PaperID) VALUES (38, 1378);
INSERT INTO Write (AuthorID, PaperID) VALUES (38, 1392);
INSERT INTO Write (AuthorID, PaperID) VALUES (38, 1543);
INSERT INTO Write (AuthorID, PaperID) VALUES (38, 1650);
INSERT INTO Write (AuthorID, PaperID) VALUES (38, 1934);
INSERT INTO Paper (PaperID, Title, Year, MDate, Key, DOI) VALUES (1972, 'Working with Russian Queries for the GIRT, Bilingual, and Multilingual CLEF Tasks.', 2001, '2017-05-24', 'conf/clef/GeyJP01', 'https://doi.org/10.1007/3-540-45691-0_21');
INSERT INTO Write (AuthorID, PaperID) VALUES (38, 1972);
INSERT INTO Paper (PaperID, Title, Year, MDate, Key, DOI) VALUES (2178, 'Searching a Russian Document Collection Using English, Chinese and Japanese Queries.', 2004, '2017-05-24', 'conf/clef/Gey05', 'https://doi.org/10.1007/11519645_21');
INSERT INTO Write (AuthorID, PaperID) VALUES (38, 2178);
INSERT INTO Write (AuthorID, PaperID) VALUES (38, 2208);
INSERT INTO Write (AuthorID, PaperID) VALUES (38, 2407);
INSERT INTO Write (AuthorID, PaperID) VALUES (38, 2458);
INSERT INTO Paper (PaperID, Title, Year, MDate, Key, DOI) VALUES (2498, 'The Domain-Specific Task of CLEF - Specific Evaluation Strategies in Cross-Language Information Retrieval.', 2000, '2017-05-24', 'conf/clef/KluckG00', 'https://doi.org/10.1007/3-540-44645-1_5');
INSERT INTO Write (AuthorID, PaperID) VALUES (38, 2498);
INSERT INTO Write (AuthorID, PaperID) VALUES (38, 2519);
INSERT INTO Paper (PaperID, Title, Year, MDate, Key, DOI) VALUES (2594, 'Searching a Russian Document Collection using English, Chinese and Japanese Queries.', 2004, '2014-08-15', 'conf/clef/Gey04', 'http://ceur-ws.org/Vol-1170/CLEF2004wn-adhoc-Gey2004.pdf');
INSERT INTO Write (AuthorID, PaperID) VALUES (38, 2594);
INSERT INTO Write (AuthorID, PaperID) VALUES (38, 2691);
INSERT INTO Write (AuthorID, PaperID) VALUES (38, 2820);
INSERT INTO Write (AuthorID, PaperID) VALUES (38, 3138);
INSERT INTO Paper (PaperID, Title, Year, MDate, Key, DOI) VALUES (3467, 'Domain-Specific Russian Retrieval: A Baseline Approach.', 2005, '2014-08-15', 'conf/clef/Gey05a', 'http://ceur-ws.org/Vol-1171/CLEF2005wn-DomainSpecific-Gey2005.pdf');
INSERT INTO Write (AuthorID, PaperID) VALUES (38, 3467);
INSERT INTO Write (AuthorID, PaperID) VALUES (38, 3498);
INSERT INTO Write (AuthorID, PaperID) VALUES (38, 3521);
INSERT INTO Author (AuthorID, Name) VALUES (39, 'Martin Potthast');
INSERT INTO Write (AuthorID, PaperID) VALUES (39, 92);
INSERT INTO Write (AuthorID, PaperID) VALUES (39, 109);
INSERT INTO Write (AuthorID, PaperID) VALUES (39, 187);
INSERT INTO Write (AuthorID, PaperID) VALUES (39, 307);
INSERT INTO Write (AuthorID, PaperID) VALUES (39, 323);
INSERT INTO Write (AuthorID, PaperID) VALUES (39, 372);
INSERT INTO Write (AuthorID, PaperID) VALUES (39, 484);
INSERT INTO Write (AuthorID, PaperID) VALUES (39, 532);
INSERT INTO Write (AuthorID, PaperID) VALUES (39, 552);
INSERT INTO Write (AuthorID, PaperID) VALUES (39, 661);
INSERT INTO Write (AuthorID, PaperID) VALUES (39, 744);
INSERT INTO Write (AuthorID, PaperID) VALUES (39, 1137);
INSERT INTO Write (AuthorID, PaperID) VALUES (39, 1227);
INSERT INTO Write (AuthorID, PaperID) VALUES (39, 1386);
INSERT INTO Write (AuthorID, PaperID) VALUES (39, 1417);
INSERT INTO Write (AuthorID, PaperID) VALUES (39, 1720);
INSERT INTO Write (AuthorID, PaperID) VALUES (39, 2113);
INSERT INTO Write (AuthorID, PaperID) VALUES (39, 2304);
INSERT INTO Write (AuthorID, PaperID) VALUES (39, 2511);
INSERT INTO Write (AuthorID, PaperID) VALUES (39, 2544);
INSERT INTO Write (AuthorID, PaperID) VALUES (39, 2578);
INSERT INTO Write (AuthorID, PaperID) VALUES (39, 2719);
INSERT INTO Paper (PaperID, Title, Year, MDate, Key, DOI) VALUES (2977, 'Overview of the 2nd International Competition on Wikipedia Vandalism Detection.', 2011, '2014-09-24', 'conf/clef/PotthastH11', 'http://www.clef-initiative.eu/documents/71612/86377/CLEF2011wn-PAN-PotthastEt2011b.pdf');
INSERT INTO Write (AuthorID, PaperID) VALUES (39, 2977);
INSERT INTO Write (AuthorID, PaperID) VALUES (39, 3074);
INSERT INTO Write (AuthorID, PaperID) VALUES (39, 3172);
INSERT INTO Write (AuthorID, PaperID) VALUES (39, 3276);
INSERT INTO Write (AuthorID, PaperID) VALUES (39, 3404);
INSERT INTO Write (AuthorID, PaperID) VALUES (39, 3482);
INSERT INTO Author (AuthorID, Name) VALUES (40, '&Aacute;lvaro Rodrigo');
INSERT INTO Write (AuthorID, PaperID) VALUES (40, 19);
INSERT INTO Write (AuthorID, PaperID) VALUES (40, 35);
INSERT INTO Write (AuthorID, PaperID) VALUES (40, 94);
INSERT INTO Write (AuthorID, PaperID) VALUES (40, 221);
INSERT INTO Write (AuthorID, PaperID) VALUES (40, 265);
INSERT INTO Write (AuthorID, PaperID) VALUES (40, 406);
INSERT INTO Write (AuthorID, PaperID) VALUES (40, 554);
INSERT INTO Write (AuthorID, PaperID) VALUES (40, 896);
INSERT INTO Write (AuthorID, PaperID) VALUES (40, 1296);
INSERT INTO Write (AuthorID, PaperID) VALUES (40, 1304);
INSERT INTO Write (AuthorID, PaperID) VALUES (40, 1330);
INSERT INTO Write (AuthorID, PaperID) VALUES (40, 1450);
INSERT INTO Write (AuthorID, PaperID) VALUES (40, 1641);
INSERT INTO Write (AuthorID, PaperID) VALUES (40, 1643);
INSERT INTO Write (AuthorID, PaperID) VALUES (40, 1659);
INSERT INTO Write (AuthorID, PaperID) VALUES (40, 1775);
INSERT INTO Write (AuthorID, PaperID) VALUES (40, 1851);
INSERT INTO Paper (PaperID, Title, Year, MDate, Key, DOI) VALUES (1932, 'Using BM25F and KLD for Pattern Retrieval.', 2010, '2014-09-24', 'conf/clef/Perez-IglesiasRF10', 'http://www.clef-initiative.eu/documents/71612/86374/CLEF2010wn-CLEF-IP-PerezEt2010.pdf');
INSERT INTO Write (AuthorID, PaperID) VALUES (40, 1932);
INSERT INTO Write (AuthorID, PaperID) VALUES (40, 2325);
INSERT INTO Write (AuthorID, PaperID) VALUES (40, 2789);
INSERT INTO Write (AuthorID, PaperID) VALUES (40, 2849);
INSERT INTO Write (AuthorID, PaperID) VALUES (40, 2889);
INSERT INTO Write (AuthorID, PaperID) VALUES (40, 2954);
INSERT INTO Write (AuthorID, PaperID) VALUES (40, 3190);
INSERT INTO Write (AuthorID, PaperID) VALUES (40, 3417);
INSERT INTO Write (AuthorID, PaperID) VALUES (40, 3431);
INSERT INTO Write (AuthorID, PaperID) VALUES (40, 3505);
INSERT INTO Author (AuthorID, Name) VALUES (41, 'Lorraine Goeuriot');
INSERT INTO Paper (PaperID, Title, Year, MDate, Key, DOI) VALUES (7, 'Task 1 of the CLEF eHealth Evaluation Lab 2014.', 2014, '2014-09-11', 'conf/clef/SuominenSLHGKMNFK14', 'http://ceur-ws.org/Vol-1180/CLEF2014wn-eHealth-SuominenEt2014.pdf');
INSERT INTO Write (AuthorID, PaperID) VALUES (41, 7);
INSERT INTO Paper (PaperID, Title, Year, MDate, Key, DOI) VALUES (144, 'Comparison of Several Word embedding Sources for Medical Information Retrieval.', 2016, '2016-08-11', 'conf/clef/BudaherAG16', 'http://ceur-ws.org/Vol-1609/16090043.pdf');
INSERT INTO Write (AuthorID, PaperID) VALUES (41, 144);
INSERT INTO Paper (PaperID, Title, Year, MDate, Key, DOI) VALUES (243, 'TimeLine Illustration Based on Microblogs: When Diversification Meets Metadata Re-ranking.', 2017, '2017-08-31', 'conf/clef/MulhemGDA17', 'https://doi.org/10.1007/978-3-319-65813-1_22');
INSERT INTO Write (AuthorID, PaperID) VALUES (41, 243);
INSERT INTO Paper (PaperID, Title, Year, MDate, Key, DOI) VALUES (531, 'Overview of the CLEF eHealth Evaluation Lab 2018.', 2018, '2018-11-02', 'conf/clef/SuominenKGNRRKS18', 'https://doi.org/10.1007/978-3-319-98932-7_26');
INSERT INTO Write (AuthorID, PaperID) VALUES (41, 531);
INSERT INTO Paper (PaperID, Title, Year, MDate, Key, DOI) VALUES (643, 'Cultural micro-blog Contextualization 2016 Workshop Overview: data and pilot tasks.', 2016, '2016-08-12', 'conf/clef/ErmakovaGMMNS16', 'http://ceur-ws.org/Vol-1609/16091197.pdf');
INSERT INTO Write (AuthorID, PaperID) VALUES (41, 643);
INSERT INTO Paper (PaperID, Title, Year, MDate, Key, DOI) VALUES (657, 'Clinical Information Extraction at the CLEF eHealth Evaluation lab 2016.', 2016, '2016-08-11', 'conf/clef/NeveolCGHLKGRRT16', 'http://ceur-ws.org/Vol-1609/16090028.pdf');
INSERT INTO Write (AuthorID, PaperID) VALUES (41, 657);
INSERT INTO Write (AuthorID, PaperID) VALUES (41, 685);
INSERT INTO Paper (PaperID, Title, Year, MDate, Key, DOI) VALUES (803, 'CLEF 2017 Microblog Cultural Contextualization Lab Overview.', 2017, '2017-08-31', 'conf/clef/ErmakovaGMMNS17', 'https://doi.org/10.1007/978-3-319-65813-1_27');
INSERT INTO Write (AuthorID, PaperID) VALUES (41, 803);
INSERT INTO Paper (PaperID, Title, Year, MDate, Key, DOI) VALUES (822, 'CLEF 2017 eHealth Evaluation Lab Overview.', 2017, '2018-11-02', 'conf/clef/GoeuriotKSNRKSP17', 'https://doi.org/10.1007/978-3-319-65813-1_26');
INSERT INTO Write (AuthorID, PaperID) VALUES (41, 822);
INSERT INTO Paper (PaperID, Title, Year, MDate, Key, DOI) VALUES (910, 'Overview of the CLEF 2018 Consumer Health Search Task.', 2018, '2018-08-08', 'conf/clef/JimmyZPGK18', 'http://ceur-ws.org/Vol-2125/invited_paper_17.pdf');
INSERT INTO Write (AuthorID, PaperID) VALUES (41, 910);
INSERT INTO Paper (PaperID, Title, Year, MDate, Key, DOI) VALUES (1046, 'CLEF eHealth Evaluation Lab 2015 Task 1b: Clinical Named Entity Recognition.', 2015, '2015-09-03', 'conf/clef/NeveolGTHKGZ15', 'http://ceur-ws.org/Vol-1391/inv-pap5-CR.pdf');
INSERT INTO Write (AuthorID, PaperID) VALUES (41, 1046);
INSERT INTO Paper (PaperID, Title, Year, MDate, Key, DOI) VALUES (1126, 'Task 2: ShARe/CLEF eHealth Evaluation Lab 2014.', 2014, '2015-07-24', 'conf/clef/MoweryVSCMKGEPSC14', 'http://ceur-ws.org/Vol-1180/CLEF2014wn-eHealth-MoweryEt2014.pdf');
INSERT INTO Write (AuthorID, PaperID) VALUES (41, 1126);
INSERT INTO Paper (PaperID, Title, Year, MDate, Key, DOI) VALUES (1398, 'LIG at CLEF 2016 Cultural Microblog Contextualization: TimeLine illustration based on Microblogs.', 2016, '2016-08-11', 'conf/clef/DograMAG16', 'http://ceur-ws.org/Vol-1609/16091201.pdf');
INSERT INTO Write (AuthorID, PaperID) VALUES (41, 1398);
INSERT INTO Paper (PaperID, Title, Year, MDate, Key, DOI) VALUES (1436, 'Overview of the CLEF 2016 Cultural Micro-blog Contextualization Workshop.', 2016, '2017-05-24', 'conf/clef/GoeuriotMMMS16', 'https://doi.org/10.1007/978-3-319-44564-9_30');
INSERT INTO Write (AuthorID, PaperID) VALUES (41, 1436);
INSERT INTO Paper (PaperID, Title, Year, MDate, Key, DOI) VALUES (1586, 'Overview of the ShARe/CLEF eHealth Evaluation Lab 2014.', 2014, '2018-11-02', 'conf/clef/KellyGSSLMVCMZP14', 'https://doi.org/10.1007/978-3-319-11382-1_17');
INSERT INTO Write (AuthorID, PaperID) VALUES (41, 1586);
INSERT INTO Write (AuthorID, PaperID) VALUES (41, 1729);
INSERT INTO Write (AuthorID, PaperID) VALUES (41, 1732);
INSERT INTO Paper (PaperID, Title, Year, MDate, Key, DOI) VALUES (1774, 'Overview of the CLEF eHealth Evaluation Lab 2016.', 2016, '2018-11-02', 'conf/clef/KellyGSNPZ16', 'https://doi.org/10.1007/978-3-319-44564-9_24');
INSERT INTO Write (AuthorID, PaperID) VALUES (41, 1774);
INSERT INTO Paper (PaperID, Title, Year, MDate, Key, DOI) VALUES (1888, 'CLEF 2017 MC2 Search and Time Line tasks Overview.', 2017, '2017-08-15', 'conf/clef/GoeuriotMS17', 'http://ceur-ws.org/Vol-1866/invited_paper_15.pdf');
INSERT INTO Write (AuthorID, PaperID) VALUES (41, 1888);
INSERT INTO Write (AuthorID, PaperID) VALUES (41, 2059);
INSERT INTO Write (AuthorID, PaperID) VALUES (41, 2189);
INSERT INTO Paper (PaperID, Title, Year, MDate, Key, DOI) VALUES (2398, 'Overview of the CLEF eHealth Evaluation Lab 2015.', 2015, '2018-11-02', 'conf/clef/GoeuriotKSHNGPZ15', 'https://doi.org/10.1007/978-3-319-24027-5_44');
INSERT INTO Write (AuthorID, PaperID) VALUES (41, 2398);
INSERT INTO Paper (PaperID, Title, Year, MDate, Key, DOI) VALUES (2472, 'Task 1 of the CLEF eHealth Evaluation Lab 2016: Handover Information Extraction.', 2016, '2016-08-11', 'conf/clef/SuominenZGK16', 'http://ceur-ws.org/Vol-1609/16090001.pdf');
INSERT INTO Write (AuthorID, PaperID) VALUES (41, 2472);
INSERT INTO Write (AuthorID, PaperID) VALUES (41, 2524);
INSERT INTO Write (AuthorID, PaperID) VALUES (41, 2652);
INSERT INTO Write (AuthorID, PaperID) VALUES (41, 2735);
INSERT INTO Write (AuthorID, PaperID) VALUES (41, 2997);
INSERT INTO Author (AuthorID, Name) VALUES (42, 'Herv&eacute; Glotin');
INSERT INTO Write (AuthorID, PaperID) VALUES (42, 2);
INSERT INTO Paper (PaperID, Title, Year, MDate, Key, DOI) VALUES (297, 'Efficient Instance-based Fish Species Visual Identification by Global Representation.', 2014, '2014-09-10', 'conf/clef/JoallandPG14', 'http://ceur-ws.org/Vol-1180/CLEF2014wn-Life-JoallandEt2014.pdf');
INSERT INTO Write (AuthorID, PaperID) VALUES (42, 297);
INSERT INTO Paper (PaperID, Title, Year, MDate, Key, DOI) VALUES (494, 'Profil Entropic Visual Features for Visual Concept Detection in CLEF 2008 Campaign.', 2008, '2014-09-29', 'conf/clef/GlotinZ08a', 'http://ceur-ws.org/Vol-1174/CLEF2008wn-ImageCLEF-GlotinEt2008a.pdf');
INSERT INTO Write (AuthorID, PaperID) VALUES (42, 494);
INSERT INTO Write (AuthorID, PaperID) VALUES (42, 569);
INSERT INTO Paper (PaperID, Title, Year, MDate, Key, DOI) VALUES (592, 'A Fast Visual Word Frequency - Inverse Image Frequency for Detector of Rare Concepts.', 2009, '2017-05-24', 'conf/clef/DumontGPZ09', 'https://doi.org/10.1007/978-3-642-15751-6_39');
INSERT INTO Write (AuthorID, PaperID) VALUES (42, 592);
INSERT INTO Write (AuthorID, PaperID) VALUES (42, 596);
INSERT INTO Paper (PaperID, Title, Year, MDate, Key, DOI) VALUES (750, 'Visual Affinity Propagation Improves Sub-topics Diversity without Loss of Precision in Web Photo Retrieval.', 2008, '2017-05-24', 'conf/clef/GlotinZ08', 'https://doi.org/10.1007/978-3-642-04447-2_78');
INSERT INTO Write (AuthorID, PaperID) VALUES (42, 750);
INSERT INTO Paper (PaperID, Title, Year, MDate, Key, DOI) VALUES (1013, 'A Comparative Study of Diversity Methods for Hybrid Text and Image Retrieval Approaches.', 2008, '2017-05-24', 'conf/clef/TollariMFGDGSZ08', 'https://doi.org/10.1007/978-3-642-04447-2_72');
INSERT INTO Write (AuthorID, PaperID) VALUES (42, 1013);
INSERT INTO Write (AuthorID, PaperID) VALUES (42, 1140);
INSERT INTO Paper (PaperID, Title, Year, MDate, Key, DOI) VALUES (1223, 'LSIS Scaled Photo Annotations: Discriminant Features SVM versus Visual Dictionary based on Image Frequency.', 2009, '2014-09-29', 'conf/clef/ZhaoGD09', 'http://ceur-ws.org/Vol-1175/CLEF2009wn-ImageCLEF-ZhaoEt2009.pdf');
INSERT INTO Write (AuthorID, PaperID) VALUES (42, 1223);
INSERT INTO Paper (PaperID, Title, Year, MDate, Key, DOI) VALUES (1229, 'Participation of LSIS/DYNI to ImageCLEF 2012 Plant Images Classification Task.', 2012, '2014-09-24', 'conf/clef/ParisHG12', 'http://www.clef-initiative.eu/documents/71612/b6a7d03e-6f78-43fd-bc30-6a789ea43825');
INSERT INTO Write (AuthorID, PaperID) VALUES (42, 1229);
INSERT INTO Paper (PaperID, Title, Year, MDate, Key, DOI) VALUES (1272, 'Linear SVM for new Pyramidal Multi-Level Visual only Concept Detection in CLEF 2010 Challenge.', 2010, '2014-09-24', 'conf/clef/ParisG10', 'http://www.clef-initiative.eu/documents/71612/86374/CLEF2010wn-ImageCLEF-ParisEt2010.pdf');
INSERT INTO Write (AuthorID, PaperID) VALUES (42, 1272);
INSERT INTO Write (AuthorID, PaperID) VALUES (42, 1370);
INSERT INTO Write (AuthorID, PaperID) VALUES (42, 1408);
INSERT INTO Paper (PaperID, Title, Year, MDate, Key, DOI) VALUES (1467, 'Audio Bird Classification with Inception-v4 extended with Time and Time-Frequency Attention Mechanisms.', 2017, '2017-08-15', 'conf/clef/SevillaG17', 'http://ceur-ws.org/Vol-1866/paper_177.pdf');
INSERT INTO Write (AuthorID, PaperID) VALUES (42, 1467);
INSERT INTO Write (AuthorID, PaperID) VALUES (42, 1522);
INSERT INTO Paper (PaperID, Title, Year, MDate, Key, DOI) VALUES (1594, 'Bag of MFCC-based Words for Bird Identification.', 2016, '2016-08-11', 'conf/clef/RicardG16', 'http://ceur-ws.org/Vol-1609/16090544.pdf');
INSERT INTO Write (AuthorID, PaperID) VALUES (42, 1594);
INSERT INTO Paper (PaperID, Title, Year, MDate, Key, DOI) VALUES (1622, 'ZhaoHFUT at ImageCLEF 2012 Plant Identification Task.', 2012, '2014-09-24', 'conf/clef/ZhengZG12', 'http://www.clef-initiative.eu/documents/71612/9f5dd230-3990-4bb1-a0d0-50f231b56ae9');
INSERT INTO Write (AuthorID, PaperID) VALUES (42, 1622);
INSERT INTO Paper (PaperID, Title, Year, MDate, Key, DOI) VALUES (1677, 'Affinity Propagation promoting Diversity in Visuo-entropic and Text Features for CLEF Photo Retrieval 2008 Campaign.', 2008, '2014-09-29', 'conf/clef/GlotinZ08b', 'http://ceur-ws.org/Vol-1174/CLEF2008wn-ImageCLEF-GlotinEt2008b.pdf');
INSERT INTO Write (AuthorID, PaperID) VALUES (42, 1677);
INSERT INTO Paper (PaperID, Title, Year, MDate, Key, DOI) VALUES (1741, 'Fast LSIS Profile Entropy Features for Robot Visual Self-Localization.', 2009, '2014-09-29', 'conf/clef/GlotinZD09', 'http://ceur-ws.org/Vol-1175/CLEF2009wn-ImageCLEF-GlotinEt2009b.pdf');
INSERT INTO Write (AuthorID, PaperID) VALUES (42, 1741);
INSERT INTO Paper (PaperID, Title, Year, MDate, Key, DOI) VALUES (1833, 'Consortium AVEIR at ImageCLEFphoto 2008: on the Fusion of Runs.', 2008, '2014-09-29', 'conf/clef/TollariDFGMAFGSZ08', 'http://ceur-ws.org/Vol-1174/CLEF2008wn-ImageCLEF-TollariEt2008b.pdf');
INSERT INTO Write (AuthorID, PaperID) VALUES (42, 1833);
INSERT INTO Write (AuthorID, PaperID) VALUES (42, 1876);
INSERT INTO Write (AuthorID, PaperID) VALUES (42, 2209);
INSERT INTO Paper (PaperID, Title, Year, MDate, Key, DOI) VALUES (2263, 'Comparison of Various AVEIR Visual Concept Detectors with an Index of Carefulness.', 2009, '2015-07-28', 'conf/clef/GlotinFMFZTQSDG09', 'http://ceur-ws.org/Vol-1175/CLEF2009wn-ImageCLEF-GlotinEt2009a.pdf');
INSERT INTO Write (AuthorID, PaperID) VALUES (42, 2263);
INSERT INTO Write (AuthorID, PaperID) VALUES (42, 2402);
INSERT INTO Paper (PaperID, Title, Year, MDate, Key, DOI) VALUES (2412, 'Concept Content Based Wikipedia WEB Image Retrieval using CLEF VCDT 2008.', 2008, '2014-09-29', 'conf/clef/ZhaoG08a', 'http://ceur-ws.org/Vol-1174/CLEF2008wn-ImageCLEF-ZhaoEt2008.pdf');
INSERT INTO Write (AuthorID, PaperID) VALUES (42, 2412);
INSERT INTO Paper (PaperID, Title, Year, MDate, Key, DOI) VALUES (3148, 'Enhancing Visual Concept Detection by a Novel Matrix Modular Scheme on SVM.', 2008, '2017-05-24', 'conf/clef/ZhaoG08', 'https://doi.org/10.1007/978-3-642-04447-2_80');
INSERT INTO Write (AuthorID, PaperID) VALUES (42, 3148);
INSERT INTO Author (AuthorID, Name) VALUES (43, 'Jos&eacute; Luis Mart&iacute;nez-Fern&aacute;ndez');
INSERT INTO Paper (PaperID, Title, Year, MDate, Key, DOI) VALUES (39, 'Image Retrieval: The MIRACLE Approach.', 2003, '2018-11-14', 'conf/clef/VillenaMFGRMGG03', 'https://www.wikidata.org/entity/Q58037829');
INSERT INTO Write (AuthorID, PaperID) VALUES (43, 39);
INSERT INTO Write (AuthorID, PaperID) VALUES (43, 68);
INSERT INTO Write (AuthorID, PaperID) VALUES (43, 202);
INSERT INTO Paper (PaperID, Title, Year, MDate, Key, DOI) VALUES (501, 'miraQA: Experiments with Learning Answer Context Patterns from the Web.', 2004, '2017-05-24', 'conf/clef/Pablo-SanchezMMV05', 'https://doi.org/10.1007/11519645_48');
INSERT INTO Write (AuthorID, PaperID) VALUES (43, 501);
INSERT INTO Paper (PaperID, Title, Year, MDate, Key, DOI) VALUES (784, 'MIRACLE at ImageCLEF 2004.', 2004, '2014-09-18', 'conf/clef/Martinez-FernandezGVSGCA04', 'http://ceur-ws.org/Vol-1170/CLEF2004wn-ImageCLEF-MartinezFernandezEt2004.pdf');
INSERT INTO Write (AuthorID, PaperID) VALUES (43, 784);
INSERT INTO Write (AuthorID, PaperID) VALUES (43, 790);
INSERT INTO Paper (PaperID, Title, Year, MDate, Key, DOI) VALUES (1094, 'MIRACLE Approach to ImageCLEF 2004: Merging Textual and Content-Based Image Retrieval.', 2004, '2017-05-24', 'conf/clef/Martinez-FernandezGVM05', 'https://doi.org/10.1007/11519645_68');
INSERT INTO Write (AuthorID, PaperID) VALUES (43, 1094);
INSERT INTO Paper (PaperID, Title, Year, MDate, Key, DOI) VALUES (1203, 'MIRACLE at the Spanish WiQA Pilot: Using Named Entities and Cosine Similarity to extend Wikipedia articles.', 2006, '2014-08-15', 'conf/clef/Pablo-SanchezMM06', 'http://ceur-ws.org/Vol-1172/CLEF2006wn-QACLEF-PabloSanchezEt2006b.pdf');
INSERT INTO Write (AuthorID, PaperID) VALUES (43, 1203);
INSERT INTO Paper (PaperID, Title, Year, MDate, Key, DOI) VALUES (1231, 'MIRACLE Question Answering System for Spanish at CLEF 2007.', 2007, '2014-09-23', 'conf/clef/Pablo-SanchezMGSMMA07a', 'http://ceur-ws.org/Vol-1173/CLEF2007wn-QACLEF-PabloSanchezEt2007.pdf');
INSERT INTO Write (AuthorID, PaperID) VALUES (43, 1231);
INSERT INTO Paper (PaperID, Title, Year, MDate, Key, DOI) VALUES (1278, 'MIRACLE''s 2005 Approach to Cross-Lingual Question Answering.', 2005, '2014-08-15', 'conf/clef/Pablo-SanchezGMGMM05a', 'http://ceur-ws.org/Vol-1171/CLEF2005wn-QACLEF-dePabloSanchezEt2005.pdf');
INSERT INTO Write (AuthorID, PaperID) VALUES (43, 1278);
INSERT INTO Write (AuthorID, PaperID) VALUES (43, 1469);
INSERT INTO Write (AuthorID, PaperID) VALUES (43, 1516);
INSERT INTO Paper (PaperID, Title, Year, MDate, Key, DOI) VALUES (1596, 'Exploiting Semantic Features for Image Retrieval at CLEF 2005.', 2005, '2014-08-15', 'conf/clef/Martinez-FernandezVGGCC05', 'http://ceur-ws.org/Vol-1171/CLEF2005wn-ImageCLEF-MartineziFernandezEt2005.pdf');
INSERT INTO Write (AuthorID, PaperID) VALUES (43, 1596);
INSERT INTO Paper (PaperID, Title, Year, MDate, Key, DOI) VALUES (1669, 'Combining Wikipedia and Newswire Texts for Question Answering in Spanish.', 2007, '2017-05-24', 'conf/clef/Pablo-SanchezMGSMMA07', 'https://doi.org/10.1007/978-3-540-85760-0_44');
INSERT INTO Write (AuthorID, PaperID) VALUES (43, 1669);
INSERT INTO Write (AuthorID, PaperID) VALUES (43, 1925);
INSERT INTO Write (AuthorID, PaperID) VALUES (43, 1930);
INSERT INTO Paper (PaperID, Title, Year, MDate, Key, DOI) VALUES (1941, 'MIRACLE''s Hybrid Approach to Bilingual and Monolingual Information Retrieval.', 2004, '2017-05-24', 'conf/clef/Goni-MenoyoGMV05', 'https://doi.org/10.1007/11519645_20');
INSERT INTO Write (AuthorID, PaperID) VALUES (43, 1941);
INSERT INTO Paper (PaperID, Title, Year, MDate, Key, DOI) VALUES (1996, 'miraQA: Initial Experiments in Question Answering.', 2004, '2018-10-05', 'conf/clef/PabloMMVGGG04', 'http://ceur-ws.org/Vol-1170/CLEF2004wn-QACLEF-dePabloEt2004.pdf');
INSERT INTO Write (AuthorID, PaperID) VALUES (43, 1996);
INSERT INTO Paper (PaperID, Title, Year, MDate, Key, DOI) VALUES (2141, 'The MIRACLE Team at the CLEF 2008 Multilingual Question Answering Track.', 2008, '2014-09-30', 'conf/clef/Martinez-GonzalezPPVMM08', 'http://ceur-ws.org/Vol-1174/CLEF2008wn-QACLEF-MartinezGonzalezEt2008.pdf');
INSERT INTO Write (AuthorID, PaperID) VALUES (43, 2141);
INSERT INTO Paper (PaperID, Title, Year, MDate, Key, DOI) VALUES (2212, 'MIRACLE at the Spanish CLEF@QA 2006 Track.', 2006, '2014-08-15', 'conf/clef/Pablo-SanchezGMMM06', 'http://ceur-ws.org/Vol-1172/CLEF2006wn-QACLEF-PabloSanchezEt2006.pdf');
INSERT INTO Write (AuthorID, PaperID) VALUES (43, 2212);
INSERT INTO Paper (PaperID, Title, Year, MDate, Key, DOI) VALUES (2525, 'MIRACLE Team Report for ImageCLEF IR in CLEF 2006.', 2006, '2014-08-15', 'conf/clef/Martinez-FernandezVGM06', 'http://ceur-ws.org/Vol-1172/CLEF2006wn-ImageCLEF-MartinezFernandezEt2006.pdf');
INSERT INTO Write (AuthorID, PaperID) VALUES (43, 2525);
INSERT INTO Paper (PaperID, Title, Year, MDate, Key, DOI) VALUES (2633, 'MIRACLE Approaches to Multilingual Information Retrieval: A Baseline for Future Research.', 2003, '2018-11-14', 'conf/clef/Martinez-FernandezVFGMGG03', 'https://www.wikidata.org/entity/Q58037833');
INSERT INTO Write (AuthorID, PaperID) VALUES (43, 2633);
INSERT INTO Paper (PaperID, Title, Year, MDate, Key, DOI) VALUES (3046, 'MIRACLE''s Cross-Lingual Question Answering Experiments with Spanish as a Target Language.', 2005, '2017-05-24', 'conf/clef/Pablo-SanchezGMGMM05', 'https://doi.org/10.1007/11878773_54');
INSERT INTO Write (AuthorID, PaperID) VALUES (43, 3046);
INSERT INTO Write (AuthorID, PaperID) VALUES (43, 3091);
INSERT INTO Write (AuthorID, PaperID) VALUES (43, 3372);
INSERT INTO Write (AuthorID, PaperID) VALUES (43, 3488);
INSERT INTO Paper (PaperID, Title, Year, MDate, Key, DOI) VALUES (3527, 'The MIRACLE Team at the CLEF 2008 Multilingual Question Answering Track.', 2008, '2017-05-24', 'conf/clef/Martinez-GonzalezPPVFM08', 'https://doi.org/10.1007/978-3-642-04447-2_48');
INSERT INTO Write (AuthorID, PaperID) VALUES (43, 3527);
INSERT INTO Author (AuthorID, Name) VALUES (44, 'V&iacute;ctor Peinado');
INSERT INTO Write (AuthorID, PaperID) VALUES (44, 196);
INSERT INTO Write (AuthorID, PaperID) VALUES (44, 210);
INSERT INTO Paper (PaperID, Title, Year, MDate, Key, DOI) VALUES (357, 'UNED at CL-SR CLEF 2005: Mixing Different Strategies to Retrieve Automatic Speech Transcriptions.', 2005, '2014-08-15', 'conf/clef/Lopez-OsteneroPS05', 'http://ceur-ws.org/Vol-1171/CLEF2005wn-CLSR-LopezOsteneroEt2005.pdf');
INSERT INTO Write (AuthorID, PaperID) VALUES (44, 357);
INSERT INTO Write (AuthorID, PaperID) VALUES (44, 399);
INSERT INTO Write (AuthorID, PaperID) VALUES (44, 432);
INSERT INTO Write (AuthorID, PaperID) VALUES (44, 485);
INSERT INTO Write (AuthorID, PaperID) VALUES (44, 508);
INSERT INTO Write (AuthorID, PaperID) VALUES (44, 627);
INSERT INTO Write (AuthorID, PaperID) VALUES (44, 801);
INSERT INTO Write (AuthorID, PaperID) VALUES (44, 1003);
INSERT INTO Write (AuthorID, PaperID) VALUES (44, 1028);
INSERT INTO Write (AuthorID, PaperID) VALUES (44, 1062);
INSERT INTO Write (AuthorID, PaperID) VALUES (44, 1121);
INSERT INTO Write (AuthorID, PaperID) VALUES (44, 1620);
INSERT INTO Write (AuthorID, PaperID) VALUES (44, 1679);
INSERT INTO Write (AuthorID, PaperID) VALUES (44, 2349);
INSERT INTO Paper (PaperID, Title, Year, MDate, Key, DOI) VALUES (2360, 'UNED at WebCLEF 2008: Applying High Restrictive Summarization, Low Restrictive Information Retrieval and Multilingual Techniques.', 2008, '2017-06-02', 'conf/clef/AmigoMAP08', 'https://doi.org/10.1007/978-3-642-04447-2_104');
INSERT INTO Write (AuthorID, PaperID) VALUES (44, 2360);
INSERT INTO Write (AuthorID, PaperID) VALUES (44, 2401);
INSERT INTO Write (AuthorID, PaperID) VALUES (44, 2467);
INSERT INTO Write (AuthorID, PaperID) VALUES (44, 2705);
INSERT INTO Write (AuthorID, PaperID) VALUES (44, 2707);
INSERT INTO Write (AuthorID, PaperID) VALUES (44, 2993);
INSERT INTO Write (AuthorID, PaperID) VALUES (44, 3175);
INSERT INTO Write (AuthorID, PaperID) VALUES (44, 3242);
INSERT INTO Write (AuthorID, PaperID) VALUES (44, 3259);
INSERT INTO Write (AuthorID, PaperID) VALUES (44, 3368);
INSERT INTO Author (AuthorID, Name) VALUES (45, 'Richard F. E. Sutcliffe');
INSERT INTO Paper (PaperID, Title, Year, MDate, Key, DOI) VALUES (5, 'Cross-Language French-English Question Answering using the DLT System at CLEF 2003.', 2003, '2014-08-15', 'conf/clef/SutcliffeGO03a', 'http://ceur-ws.org/Vol-1169/CLEF2003wn-QACLEF-SutcliffeEt2003.pdf');
INSERT INTO Write (AuthorID, PaperID) VALUES (45, 5);
INSERT INTO Write (AuthorID, PaperID) VALUES (45, 76);
INSERT INTO Write (AuthorID, PaperID) VALUES (45, 142);
INSERT INTO Write (AuthorID, PaperID) VALUES (45, 221);
INSERT INTO Write (AuthorID, PaperID) VALUES (45, 265);
INSERT INTO Write (AuthorID, PaperID) VALUES (45, 554);
INSERT INTO Write (AuthorID, PaperID) VALUES (45, 633);
INSERT INTO Paper (PaperID, Title, Year, MDate, Key, DOI) VALUES (732, 'Cross-Language French-English Question Answering using the DLT System at CLEF 2005.', 2005, '2014-08-15', 'conf/clef/SutcliffeMGOWS05', 'http://ceur-ws.org/Vol-1171/CLEF2005wn-QACLEF-SutcliffeEt2005.pdf');
INSERT INTO Write (AuthorID, PaperID) VALUES (45, 732);
INSERT INTO Write (AuthorID, PaperID) VALUES (45, 896);
INSERT INTO Write (AuthorID, PaperID) VALUES (45, 907);
INSERT INTO Paper (PaperID, Title, Year, MDate, Key, DOI) VALUES (969, 'Cross-Language French-English Question Answering using the DLT System at CLEF 2006.', 2006, '2014-08-15', 'conf/clef/SutcliffeWSGM06', 'http://ceur-ws.org/Vol-1172/CLEF2006wn-QACLEF-SutcliffeEt2006.pdf');
INSERT INTO Write (AuthorID, PaperID) VALUES (45, 969);
INSERT INTO Write (AuthorID, PaperID) VALUES (45, 1163);
INSERT INTO Write (AuthorID, PaperID) VALUES (45, 1205);
INSERT INTO Paper (PaperID, Title, Year, MDate, Key, DOI) VALUES (1372, 'Identifying Novel Information using Latent Semantic Analysis in the WiQA Task at CLEF 2006.', 2006, '2014-08-15', 'conf/clef/SutcliffeSKKP06a', 'http://ceur-ws.org/Vol-1172/CLEF2006wn-QACLEF-SutcliffeEt2006b.pdf');
INSERT INTO Write (AuthorID, PaperID) VALUES (45, 1372);
INSERT INTO Paper (PaperID, Title, Year, MDate, Key, DOI) VALUES (1452, 'Identifying Novel Information Using Latent Semantic Analysis in the WiQA Task at CLEF 2006.', 2006, '2017-06-15', 'conf/clef/SutcliffeSKKP06', 'https://doi.org/10.1007/978-3-540-74999-8_66');
INSERT INTO Write (AuthorID, PaperID) VALUES (45, 1452);
INSERT INTO Paper (PaperID, Title, Year, MDate, Key, DOI) VALUES (2131, 'Cross-Language French-English Question Answering Using the DLT System at CLEF 2005.', 2005, '2017-05-24', 'conf/clef/SutcliffeMGOS05', 'https://doi.org/10.1007/11878773_56');
INSERT INTO Write (AuthorID, PaperID) VALUES (45, 2131);
INSERT INTO Paper (PaperID, Title, Year, MDate, Key, DOI) VALUES (2414, 'Cross-Language French-English Question Answering Using the DLT System at CLEF 2004.', 2004, '2017-05-24', 'conf/clef/SutcliffeGMO05', 'https://doi.org/10.1007/11519645_40');
INSERT INTO Write (AuthorID, PaperID) VALUES (45, 2414);
INSERT INTO Write (AuthorID, PaperID) VALUES (45, 2789);
INSERT INTO Write (AuthorID, PaperID) VALUES (45, 2836);
INSERT INTO Write (AuthorID, PaperID) VALUES (45, 2849);
INSERT INTO Paper (PaperID, Title, Year, MDate, Key, DOI) VALUES (2851, 'Cross-Language French-English Question Answering using the DLT System at CLEF 2004.', 2004, '2014-08-15', 'conf/clef/SutcliffeGMO04', 'http://ceur-ws.org/Vol-1170/CLEF2004wn-QACLEF-SutcliffeEt2004.pdf');
INSERT INTO Write (AuthorID, PaperID) VALUES (45, 2851);
INSERT INTO Write (AuthorID, PaperID) VALUES (45, 2864);
INSERT INTO Write (AuthorID, PaperID) VALUES (45, 3147);
INSERT INTO Write (AuthorID, PaperID) VALUES (45, 3190);
INSERT INTO Write (AuthorID, PaperID) VALUES (45, 3286);
INSERT INTO Paper (PaperID, Title, Year, MDate, Key, DOI) VALUES (3335, 'Cross-Language French-English Question Answering Using the DLT System at CLEF 2003.', 2003, '2017-05-24', 'conf/clef/SutcliffeGO03', 'https://doi.org/10.1007/978-3-540-30222-3_55');
INSERT INTO Write (AuthorID, PaperID) VALUES (45, 3335);
INSERT INTO Author (AuthorID, Name) VALUES (46, 'Elisa Noguera');
INSERT INTO Write (AuthorID, PaperID) VALUES (46, 13);
INSERT INTO Write (AuthorID, PaperID) VALUES (46, 47);
INSERT INTO Write (AuthorID, PaperID) VALUES (46, 176);
INSERT INTO Write (AuthorID, PaperID) VALUES (46, 207);
INSERT INTO Write (AuthorID, PaperID) VALUES (46, 471);
INSERT INTO Write (AuthorID, PaperID) VALUES (46, 548);
INSERT INTO Write (AuthorID, PaperID) VALUES (46, 682);
INSERT INTO Write (AuthorID, PaperID) VALUES (46, 705);
INSERT INTO Write (AuthorID, PaperID) VALUES (46, 751);
INSERT INTO Write (AuthorID, PaperID) VALUES (46, 755);
INSERT INTO Write (AuthorID, PaperID) VALUES (46, 788);
INSERT INTO Write (AuthorID, PaperID) VALUES (46, 810);
INSERT INTO Write (AuthorID, PaperID) VALUES (46, 1154);
INSERT INTO Write (AuthorID, PaperID) VALUES (46, 1199);
INSERT INTO Write (AuthorID, PaperID) VALUES (46, 1420);
INSERT INTO Write (AuthorID, PaperID) VALUES (46, 2058);
INSERT INTO Write (AuthorID, PaperID) VALUES (46, 2192);
INSERT INTO Write (AuthorID, PaperID) VALUES (46, 2302);
INSERT INTO Write (AuthorID, PaperID) VALUES (46, 2792);
INSERT INTO Write (AuthorID, PaperID) VALUES (46, 2917);
INSERT INTO Write (AuthorID, PaperID) VALUES (46, 2930);
INSERT INTO Write (AuthorID, PaperID) VALUES (46, 3040);
INSERT INTO Write (AuthorID, PaperID) VALUES (46, 3192);
INSERT INTO Write (AuthorID, PaperID) VALUES (46, 3328);
INSERT INTO Write (AuthorID, PaperID) VALUES (46, 3454);
INSERT INTO Write (AuthorID, PaperID) VALUES (46, 3476);
INSERT INTO Author (AuthorID, Name) VALUES (47, 'Mark Sanderson');
INSERT INTO Write (AuthorID, PaperID) VALUES (47, 57);
INSERT INTO Write (AuthorID, PaperID) VALUES (47, 146);
INSERT INTO Write (AuthorID, PaperID) VALUES (47, 223);
INSERT INTO Write (AuthorID, PaperID) VALUES (47, 300);
INSERT INTO Paper (PaperID, Title, Year, MDate, Key, DOI) VALUES (311, 'iCLEF at Sheffield.', 2001, '2017-05-24', 'conf/clef/SandersonB01', 'https://doi.org/10.1007/3-540-45691-0_32');
INSERT INTO Write (AuthorID, PaperID) VALUES (47, 311);
INSERT INTO Write (AuthorID, PaperID) VALUES (47, 517);
INSERT INTO Paper (PaperID, Title, Year, MDate, Key, DOI) VALUES (533, 'Sheffield University: CLEF 2000 Submission (Bilingual Track - German to English).', 2000, '2014-08-15', 'conf/clef/GollinsS00a', 'http://ceur-ws.org/Vol-1166/CLEF2000wn-adhoc-GollinsEt2000.pdf');
INSERT INTO Write (AuthorID, PaperID) VALUES (47, 533);
INSERT INTO Write (AuthorID, PaperID) VALUES (47, 663);
INSERT INTO Write (AuthorID, PaperID) VALUES (47, 693);
INSERT INTO Write (AuthorID, PaperID) VALUES (47, 937);
INSERT INTO Write (AuthorID, PaperID) VALUES (47, 1015);
INSERT INTO Paper (PaperID, Title, Year, MDate, Key, DOI) VALUES (1091, 'Sheffield University CLEF 2000 Submission - Bilingual Track: German to English.', 2000, '2017-05-24', 'conf/clef/GollinsS00', 'https://doi.org/10.1007/3-540-44645-1_24');
INSERT INTO Write (AuthorID, PaperID) VALUES (47, 1091);
INSERT INTO Write (AuthorID, PaperID) VALUES (47, 1158);
INSERT INTO Paper (PaperID, Title, Year, MDate, Key, DOI) VALUES (1324, 'Overview of the INEX 2012 Snippet Retrieval Track.', 2012, '2014-09-24', 'conf/clef/TrappettGTSS12', 'http://www.clef-initiative.eu/documents/71612/f737bdf9-560b-49f4-be3e-5423e6f7dc3d');
INSERT INTO Write (AuthorID, PaperID) VALUES (47, 1324);
INSERT INTO Write (AuthorID, PaperID) VALUES (47, 1543);
INSERT INTO Paper (PaperID, Title, Year, MDate, Key, DOI) VALUES (1646, 'Exploring the Effect of Query Translation when Searching Cross-Language.', 2002, '2017-05-24', 'conf/clef/PetrelliDHBS02', 'https://doi.org/10.1007/978-3-540-45237-9_38');
INSERT INTO Write (AuthorID, PaperID) VALUES (47, 1646);
INSERT INTO Write (AuthorID, PaperID) VALUES (47, 1769);
INSERT INTO Write (AuthorID, PaperID) VALUES (47, 2286);
INSERT INTO Paper (PaperID, Title, Year, MDate, Key, DOI) VALUES (2491, 'Is Query Translation a Distinct Task from Search?', 2002, '2014-08-15', 'conf/clef/PetrelliDHBS02a', 'http://ceur-ws.org/Vol-1168/CLEF2002wn-iCLEF-PetrelliEt2002.pdf');
INSERT INTO Write (AuthorID, PaperID) VALUES (47, 2491);
INSERT INTO Write (AuthorID, PaperID) VALUES (47, 2691);
INSERT INTO Write (AuthorID, PaperID) VALUES (47, 2695);
INSERT INTO Paper (PaperID, Title, Year, MDate, Key, DOI) VALUES (2709, 'Overview of the INEX 2013 Snippet Retrieval Track.', 2013, '2014-09-10', 'conf/clef/TrappettGTSS13', 'http://ceur-ws.org/Vol-1179/CLEF2013wn-INEX-TrappettEt2013.pdf');
INSERT INTO Write (AuthorID, PaperID) VALUES (47, 2709);
INSERT INTO Write (AuthorID, PaperID) VALUES (47, 2820);
INSERT INTO Paper (PaperID, Title, Year, MDate, Key, DOI) VALUES (2878, 'iCLEF at Sheffield.', 2001, '2014-08-15', 'conf/clef/BathieS01', 'http://ceur-ws.org/Vol-1167/CLEF2001wn-iCLEF-BathieEt2001.pdf');
INSERT INTO Write (AuthorID, PaperID) VALUES (47, 2878);
INSERT INTO Write (AuthorID, PaperID) VALUES (47, 3363);
INSERT INTO Write (AuthorID, PaperID) VALUES (47, 3521);
INSERT INTO Author (AuthorID, Name) VALUES (48, 'Ana Garc&iacute;a-Serrano');
INSERT INTO Write (AuthorID, PaperID) VALUES (48, 39);
INSERT INTO Paper (PaperID, Title, Year, MDate, Key, DOI) VALUES (209, 'Using Visual Concept Features in a Multimodal Retrieval System for the Medical Collection at ImageCLEF2012.', 2012, '2014-09-24', 'conf/clef/GonzalesBBGV12', 'http://www.clef-initiative.eu/documents/71612/4f29e9e5-1565-447c-a472-6eb295fb48c0');
INSERT INTO Write (AuthorID, PaperID) VALUES (48, 209);
INSERT INTO Write (AuthorID, PaperID) VALUES (48, 784);
INSERT INTO Write (AuthorID, PaperID) VALUES (48, 790);
INSERT INTO Paper (PaperID, Title, Year, MDate, Key, DOI) VALUES (851, 'Multimedia Retrieval by Means of Merge of Results from Textual and Content Based Retrieval Subsystems.', 2009, '2018-11-14', 'conf/clef/Garcia-SerranoBGVG09', 'https://www.wikidata.org/entity/Q58037794');
INSERT INTO Write (AuthorID, PaperID) VALUES (48, 851);
INSERT INTO Paper (PaperID, Title, Year, MDate, Key, DOI) VALUES (996, 'A Multimedia IR-based System for the Photo Annotation Task at ImageCLEF2013.', 2013, '2016-05-18', 'conf/clef/BenaventCVHGG13', 'http://ceur-ws.org/Vol-1179/CLEF2013wn-ImageCLEF-BenaventEt2013.pdf');
INSERT INTO Write (AuthorID, PaperID) VALUES (48, 996);
INSERT INTO Write (AuthorID, PaperID) VALUES (48, 1094);
INSERT INTO Paper (PaperID, Title, Year, MDate, Key, DOI) VALUES (1458, 'Using Linked Open Data Sources for Entity Disambiguation.', 2013, '2016-02-23', 'conf/clef/RodriguezTSR13', 'http://ceur-ws.org/Vol-1179/CLEF2013wn-RepLab-VillarRodriguezEt2013.pdf');
INSERT INTO Write (AuthorID, PaperID) VALUES (48, 1458);
INSERT INTO Write (AuthorID, PaperID) VALUES (48, 1469);
INSERT INTO Paper (PaperID, Title, Year, MDate, Key, DOI) VALUES (1477, 'Modelling Techniques for Twitter Contents: A Step beyond Classification based Approaches.', 2013, '2016-05-18', 'conf/clef/CastellanosCG13', 'http://ceur-ws.org/Vol-1179/CLEF2013wn-RepLab-CastellanosEt2013.pdf');
INSERT INTO Write (AuthorID, PaperID) VALUES (48, 1477);
INSERT INTO Write (AuthorID, PaperID) VALUES (48, 1596);
INSERT INTO Paper (PaperID, Title, Year, MDate, Key, DOI) VALUES (1820, 'MIRACLE (FI) at ImageCLEFphoto 2009.', 2009, '2018-10-05', 'conf/clef/GranadosBAGGGVDA09', 'http://ceur-ws.org/Vol-1175/CLEF2009wn-ImageCLEF-GranadosEt2009.pdf');
INSERT INTO Write (AuthorID, PaperID) VALUES (48, 1820);
INSERT INTO Write (AuthorID, PaperID) VALUES (48, 1925);
INSERT INTO Write (AuthorID, PaperID) VALUES (48, 1996);
INSERT INTO Paper (PaperID, Title, Year, MDate, Key, DOI) VALUES (2198, 'Multimodal Information Approaches for the Wikipedia Collection at ImageCLEF 2011.', 2011, '2014-09-24', 'conf/clef/GranadosBBVG11', 'http://www.clef-initiative.eu/documents/71612/86377/CLEF2011wn-ImageCLEF-GranadosEt2011.pdf');
INSERT INTO Write (AuthorID, PaperID) VALUES (48, 2198);
INSERT INTO Paper (PaperID, Title, Year, MDate, Key, DOI) VALUES (2330, 'Some Results Using Different Approaches to Merge Visual and Text-Based Features in CLEF''08 Photo Collection.', 2008, '2018-11-14', 'conf/clef/Garcia-SerranoBGG08', 'https://www.wikidata.org/entity/Q58037798');
INSERT INTO Write (AuthorID, PaperID) VALUES (48, 2330);
INSERT INTO Paper (PaperID, Title, Year, MDate, Key, DOI) VALUES (2390, 'UNED-UV at Medical Retrieval Task of ImageCLEF 2011.', 2011, '2014-09-24', 'conf/clef/GonzalesBBG11', 'http://www.clef-initiative.eu/documents/71612/86377/CLEF2011wn-ImageCLEF-CastellanosEt2011.pdf');
INSERT INTO Write (AuthorID, PaperID) VALUES (48, 2390);
INSERT INTO Paper (PaperID, Title, Year, MDate, Key, DOI) VALUES (2430, 'UNED @ CLEF-Newsreel 2014.', 2014, '2018-10-05', 'conf/clef/CastellanosGC14', 'http://ceur-ws.org/Vol-1180/CLEF2014wn-Newsreel-CastellanosEt2014.pdf');
INSERT INTO Write (AuthorID, PaperID) VALUES (48, 2430);
INSERT INTO Write (AuthorID, PaperID) VALUES (48, 2525);
INSERT INTO Paper (PaperID, Title, Year, MDate, Key, DOI) VALUES (2569, 'MIRACLE-FI at ImageCLEFphoto 2008: Experiences in merging Text-based and Content-based Retrievals.', 2008, '2014-09-29', 'conf/clef/GranadosBGG08', 'http://ceur-ws.org/Vol-1174/CLEF2008wn-ImageCLEF-GranadosEt2008.pdf');
INSERT INTO Write (AuthorID, PaperID) VALUES (48, 2569);
INSERT INTO Paper (PaperID, Title, Year, MDate, Key, DOI) VALUES (2621, 'Visual Concept Features and Textual Expansion in a Multimodal System for Concept Annotation and Retrieval with Flickr Photos at ImageCLEF2012.', 2012, '2014-09-24', 'conf/clef/BenaventGBVG12', 'http://www.clef-initiative.eu/documents/71612/92b592c0-8414-4908-ac76-36c4a8c10e90');
INSERT INTO Write (AuthorID, PaperID) VALUES (48, 2621);
INSERT INTO Write (AuthorID, PaperID) VALUES (48, 2633);
INSERT INTO Paper (PaperID, Title, Year, MDate, Key, DOI) VALUES (3035, 'Experiences at ImageCLEF 2010 using CBIR and TBIR Mixing Information Approaches.', 2010, '2014-09-24', 'conf/clef/BenaventBVGG10', 'http://www.clef-initiative.eu/documents/71612/86374/CLEF2010wn-ImageCLEF-BenaventEt2010.pdf');
INSERT INTO Write (AuthorID, PaperID) VALUES (48, 3035);
INSERT INTO Write (AuthorID, PaperID) VALUES (48, 3372);
INSERT INTO Write (AuthorID, PaperID) VALUES (48, 3488);
INSERT INTO Author (AuthorID, Name) VALUES (49, 'Fernando Mart&iacute;nez Santiago');
INSERT INTO Write (AuthorID, PaperID) VALUES (49, 47);
INSERT INTO Write (AuthorID, PaperID) VALUES (49, 98);
INSERT INTO Write (AuthorID, PaperID) VALUES (49, 391);
INSERT INTO Write (AuthorID, PaperID) VALUES (49, 634);
INSERT INTO Write (AuthorID, PaperID) VALUES (49, 671);
INSERT INTO Paper (PaperID, Title, Year, MDate, Key, DOI) VALUES (847, 'SINAI at Robust WSD Task @ CLEF 2008: When WSD is a Good Idea for Information Retrieval tasks?', 2008, '2014-09-30', 'conf/clef/Martinez-SantiagoPG08', 'http://ceur-ws.org/Vol-1174/CLEF2008wn-adhoc-MartinezSantiagoEt2008.pdf');
INSERT INTO Write (AuthorID, PaperID) VALUES (49, 847);
INSERT INTO Paper (PaperID, Title, Year, MDate, Key, DOI) VALUES (918, 'SINAI at CLEF 2005: Multi-8 Two-years-on and Multi-8 Merging-only Tasks.', 2005, '2014-08-15', 'conf/clef/SantiagoC05', 'http://ceur-ws.org/Vol-1171/CLEF2005wn-adhoc-MartinezSantiagoEt2005.pdf');
INSERT INTO Write (AuthorID, PaperID) VALUES (49, 918);
INSERT INTO Write (AuthorID, PaperID) VALUES (49, 1016);
INSERT INTO Write (AuthorID, PaperID) VALUES (49, 1164);
INSERT INTO Paper (PaperID, Title, Year, MDate, Key, DOI) VALUES (1241, 'Evaluating Word Sense Disambiguation Tools for Information Retrieval Task.', 2008, '2017-06-02', 'conf/clef/SantiagoPC08', 'https://doi.org/10.1007/978-3-642-04447-2_13');
INSERT INTO Write (AuthorID, PaperID) VALUES (49, 1241);
INSERT INTO Write (AuthorID, PaperID) VALUES (49, 1619);
INSERT INTO Write (AuthorID, PaperID) VALUES (49, 1696);
INSERT INTO Write (AuthorID, PaperID) VALUES (49, 2201);
INSERT INTO Write (AuthorID, PaperID) VALUES (49, 2202);
INSERT INTO Write (AuthorID, PaperID) VALUES (49, 2213);
INSERT INTO Write (AuthorID, PaperID) VALUES (49, 2395);
INSERT INTO Write (AuthorID, PaperID) VALUES (49, 2423);
INSERT INTO Write (AuthorID, PaperID) VALUES (49, 2577);
INSERT INTO Write (AuthorID, PaperID) VALUES (49, 2757);
INSERT INTO Write (AuthorID, PaperID) VALUES (49, 2818);
INSERT INTO Write (AuthorID, PaperID) VALUES (49, 2857);
INSERT INTO Write (AuthorID, PaperID) VALUES (49, 2882);
INSERT INTO Paper (PaperID, Title, Year, MDate, Key, DOI) VALUES (3089, 'SINAI at WePS-3: Online Reputation Management.', 2010, '2014-09-24', 'conf/clef/CumbrerasVSP10', 'http://www.clef-initiative.eu/documents/71612/86374/CLEF2010wn-WePS-Garcia-CumbrerasEt2010.pdf');
INSERT INTO Write (AuthorID, PaperID) VALUES (49, 3089);
INSERT INTO Write (AuthorID, PaperID) VALUES (49, 3206);
INSERT INTO Write (AuthorID, PaperID) VALUES (49, 3454);
INSERT INTO Author (AuthorID, Name) VALUES (50, 'Miguel Angel Garc&iacute;a Cumbreras');
INSERT INTO Write (AuthorID, PaperID) VALUES (50, 285);
INSERT INTO Write (AuthorID, PaperID) VALUES (50, 530);
INSERT INTO Write (AuthorID, PaperID) VALUES (50, 616);
INSERT INTO Write (AuthorID, PaperID) VALUES (50, 634);
INSERT INTO Write (AuthorID, PaperID) VALUES (50, 682);
INSERT INTO Write (AuthorID, PaperID) VALUES (50, 746);
INSERT INTO Write (AuthorID, PaperID) VALUES (50, 865);
INSERT INTO Write (AuthorID, PaperID) VALUES (50, 1076);
INSERT INTO Write (AuthorID, PaperID) VALUES (50, 1241);
INSERT INTO Write (AuthorID, PaperID) VALUES (50, 1443);
INSERT INTO Write (AuthorID, PaperID) VALUES (50, 1911);
INSERT INTO Write (AuthorID, PaperID) VALUES (50, 2006);
INSERT INTO Write (AuthorID, PaperID) VALUES (50, 2201);
INSERT INTO Write (AuthorID, PaperID) VALUES (50, 2202);
INSERT INTO Write (AuthorID, PaperID) VALUES (50, 2213);
INSERT INTO Write (AuthorID, PaperID) VALUES (50, 2364);
INSERT INTO Write (AuthorID, PaperID) VALUES (50, 2507);
INSERT INTO Write (AuthorID, PaperID) VALUES (50, 2577);
INSERT INTO Write (AuthorID, PaperID) VALUES (50, 2799);
INSERT INTO Write (AuthorID, PaperID) VALUES (50, 2888);
INSERT INTO Write (AuthorID, PaperID) VALUES (50, 2956);
INSERT INTO Write (AuthorID, PaperID) VALUES (50, 2995);
INSERT INTO Write (AuthorID, PaperID) VALUES (50, 3089);
INSERT INTO Write (AuthorID, PaperID) VALUES (50, 3273);
INSERT INTO Write (AuthorID, PaperID) VALUES (50, 3454);
INSERT INTO Author (AuthorID, Name) VALUES (51, 'Herv&eacute; Go&euml;au');
INSERT INTO Write (AuthorID, PaperID) VALUES (51, 2);
INSERT INTO Write (AuthorID, PaperID) VALUES (51, 486);
INSERT INTO Write (AuthorID, PaperID) VALUES (51, 537);
INSERT INTO Write (AuthorID, PaperID) VALUES (51, 569);
INSERT INTO Write (AuthorID, PaperID) VALUES (51, 596);
INSERT INTO Write (AuthorID, PaperID) VALUES (51, 837);
INSERT INTO Write (AuthorID, PaperID) VALUES (51, 867);
INSERT INTO Write (AuthorID, PaperID) VALUES (51, 1140);
INSERT INTO Write (AuthorID, PaperID) VALUES (51, 1147);
INSERT INTO Write (AuthorID, PaperID) VALUES (51, 1370);
INSERT INTO Write (AuthorID, PaperID) VALUES (51, 1408);
INSERT INTO Write (AuthorID, PaperID) VALUES (51, 1522);
INSERT INTO Write (AuthorID, PaperID) VALUES (51, 1601);
INSERT INTO Write (AuthorID, PaperID) VALUES (51, 1811);
INSERT INTO Write (AuthorID, PaperID) VALUES (51, 1876);
INSERT INTO Write (AuthorID, PaperID) VALUES (51, 2015);
INSERT INTO Write (AuthorID, PaperID) VALUES (51, 2047);
INSERT INTO Write (AuthorID, PaperID) VALUES (51, 2099);
INSERT INTO Write (AuthorID, PaperID) VALUES (51, 2118);
INSERT INTO Write (AuthorID, PaperID) VALUES (51, 2209);
INSERT INTO Write (AuthorID, PaperID) VALUES (51, 2356);
INSERT INTO Write (AuthorID, PaperID) VALUES (51, 2402);
INSERT INTO Write (AuthorID, PaperID) VALUES (51, 2830);
INSERT INTO Write (AuthorID, PaperID) VALUES (51, 3072);
INSERT INTO Write (AuthorID, PaperID) VALUES (51, 3284);
INSERT INTO Author (AuthorID, Name) VALUES (52, '&Aacute;ngel F. Zazo Rodr&iacute;guez');
INSERT INTO Paper (PaperID, Title, Year, MDate, Key, DOI) VALUES (181, 'REINA at RepLab2013 Topic Detection Task: Community Detection.', 2013, '2014-09-10', 'conf/clef/BerrocalFR13', 'http://ceur-ws.org/Vol-1179/CLEF2013wn-RepLab-AlonsoBerrocalEt2013.pdf');
INSERT INTO Write (AuthorID, PaperID) VALUES (52, 181);
INSERT INTO Paper (PaperID, Title, Year, MDate, Key, DOI) VALUES (374, 'REINA at the WebCLEF Task: Combining Evidences and Link Analysis.', 2005, '2014-08-15', 'conf/clef/FiguerolaBRR05', 'http://ceur-ws.org/Vol-1171/CLEF2005wn-WebCLEF-FiguerolaEt2005.pdf');
INSERT INTO Write (AuthorID, PaperID) VALUES (52, 374);
INSERT INTO Paper (PaperID, Title, Year, MDate, Key, DOI) VALUES (417, 'Local Query Expansion Using Terms Windows for Robust Retrieval.', 2006, '2017-05-24', 'conf/clef/RodriguezBF06', 'https://doi.org/10.1007/978-3-540-74999-8_20');
INSERT INTO Write (AuthorID, PaperID) VALUES (52, 417);
INSERT INTO Paper (PaperID, Title, Year, MDate, Key, DOI) VALUES (499, 'REINA at CLEF 2007 Robust Task.', 2007, '2014-09-23', 'conf/clef/RodriguezFB07', 'http://ceur-ws.org/Vol-1173/CLEF2007wn-adhoc-ZazoEt2007.pdf');
INSERT INTO Write (AuthorID, PaperID) VALUES (52, 499);
INSERT INTO Paper (PaperID, Title, Year, MDate, Key, DOI) VALUES (692, 'REINA at CLEF 2006 Robust Task: Local Query Expansion Using Term Windows for Robust Retrieval.', 2006, '2014-08-15', 'conf/clef/RodriguezFB06', 'http://ceur-ws.org/Vol-1172/CLEF2006wn-adhoc-ZazoEt2006.pdf');
INSERT INTO Write (AuthorID, PaperID) VALUES (52, 692);
INSERT INTO Paper (PaperID, Title, Year, MDate, Key, DOI) VALUES (1088, 'REINA at WebCLEF 2007. Selecting Useful Snippets.', 2007, '2014-09-23', 'conf/clef/FiguerolaBRR07', 'http://ceur-ws.org/Vol-1173/CLEF2007wn-WebCLEF-FiguerolaEt2007.pdf');
INSERT INTO Write (AuthorID, PaperID) VALUES (52, 1088);
INSERT INTO Paper (PaperID, Title, Year, MDate, Key, DOI) VALUES (1288, 'REINA at iCLEF 2004.', 2004, '2014-09-11', 'conf/clef/FiguerolaRBA04', 'http://ceur-ws.org/Vol-1170/CLEF2004wn-iCLEF-FiguerolaEt2004.pdf');
INSERT INTO Write (AuthorID, PaperID) VALUES (52, 1288);
INSERT INTO Paper (PaperID, Title, Year, MDate, Key, DOI) VALUES (1453, 'REINA at CLEF 2009 Robust-WSD Task: Partial Use of WSD Information for Retrieval.', 2009, '2014-09-30', 'conf/clef/RodriguezFBG09', 'http://ceur-ws.org/Vol-1175/CLEF2009wn-adhoc-ZazoEt2009.pdf');
INSERT INTO Write (AuthorID, PaperID) VALUES (52, 1453);
INSERT INTO Paper (PaperID, Title, Year, MDate, Key, DOI) VALUES (1602, 'Retrieval of Snippets of Web Pages Converted to Plain Text. More Questions Than Answers.', 2008, '2018-11-02', 'conf/clef/FiguerolaBRS08', 'https://doi.org/10.1007/978-3-642-04447-2_105');
INSERT INTO Write (AuthorID, PaperID) VALUES (52, 1602);
INSERT INTO Paper (PaperID, Title, Year, MDate, Key, DOI) VALUES (1733, 'Retrieval of Spanish-English Bilingual Information by Means of a Standard Automatic Translation System.', 2000, '2014-08-15', 'conf/clef/FiguerolaBRD00', 'http://ceur-ws.org/Vol-1166/CLEF2000wn-adhoc-FiguerolaEt2000.pdf');
INSERT INTO Write (AuthorID, PaperID) VALUES (52, 1733);
INSERT INTO Paper (PaperID, Title, Year, MDate, Key, DOI) VALUES (1736, 'iCLEF2005 at REINA-USAL: Use of Free On-line Machine Translation Programs for Interactive Cross-Language Question Answering.', 2005, '2014-08-15', 'conf/clef/RodriguezFBM05', 'http://ceur-ws.org/Vol-1171/CLEF2005wn-iCLEF-ZazoRodriguezEt2005.pdf');
INSERT INTO Write (AuthorID, PaperID) VALUES (52, 1736);
INSERT INTO Paper (PaperID, Title, Year, MDate, Key, DOI) VALUES (1910, 'Spanish Monolingual Track: The Impact of Stemming on Retrieval.', 2001, '2018-11-02', 'conf/clef/FiguerolaDRB01', 'https://doi.org/10.1007/3-540-45691-0_23');
INSERT INTO Write (AuthorID, PaperID) VALUES (52, 1910);
INSERT INTO Paper (PaperID, Title, Year, MDate, Key, DOI) VALUES (1994, 'Use of Free On-Line Machine Translation for Interactive Cross-Language Question Answering.', 2005, '2017-05-24', 'conf/clef/ZazoFBM05', 'https://doi.org/10.1007/11878773_31');
INSERT INTO Write (AuthorID, PaperID) VALUES (52, 1994);
INSERT INTO Paper (PaperID, Title, Year, MDate, Key, DOI) VALUES (2280, 'Experiments in Term Expansion Using Thesauri in Spanish.', 2002, '2018-11-02', 'conf/clef/RodriguezFBRG02', 'https://doi.org/10.1007/978-3-540-45237-9_25');
INSERT INTO Write (AuthorID, PaperID) VALUES (52, 2280);
INSERT INTO Paper (PaperID, Title, Year, MDate, Key, DOI) VALUES (2391, 'Improving Web Pages Retrieval Using Combined Fields.', 2006, '2018-11-02', 'conf/clef/FiguerolaBRR06', 'https://doi.org/10.1007/978-3-540-74999-8_102');
INSERT INTO Write (AuthorID, PaperID) VALUES (52, 2391);
INSERT INTO Paper (PaperID, Title, Year, MDate, Key, DOI) VALUES (2417, 'Stemming in Spanish: A First Approach to its Impact on Information Retrieval.', 2001, '2014-08-15', 'conf/clef/FiguerolaDRB01a', 'http://ceur-ws.org/Vol-1167/CLEF2001wn-adhoc-FiguerolaEt2001.pdf');
INSERT INTO Write (AuthorID, PaperID) VALUES (52, 2417);
INSERT INTO Paper (PaperID, Title, Year, MDate, Key, DOI) VALUES (2533, 'REINA at WebCLEF 2008.', 2008, '2014-09-29', 'conf/clef/FiguerolaBRS08a', 'http://ceur-ws.org/Vol-1174/CLEF2008wn-WebCLEF-FiguerolaEt2008.pdf');
INSERT INTO Write (AuthorID, PaperID) VALUES (52, 2533);
INSERT INTO Paper (PaperID, Title, Year, MDate, Key, DOI) VALUES (2722, 'Web Page Retrieval by Combining Evidence.', 2005, '2018-11-02', 'conf/clef/FiguerolaBRA05', 'https://doi.org/10.1007/11878773_97');
INSERT INTO Write (AuthorID, PaperID) VALUES (52, 2722);
INSERT INTO Paper (PaperID, Title, Year, MDate, Key, DOI) VALUES (2780, 'Term Expansion using Stemming and Thesauri in Spanish.', 2002, '2014-08-15', 'conf/clef/RodriguezFBR02', 'http://ceur-ws.org/Vol-1168/CLEF2002wn-adhoc-ZazoEt2002.pdf');
INSERT INTO Write (AuthorID, PaperID) VALUES (52, 2780);
INSERT INTO Paper (PaperID, Title, Year, MDate, Key, DOI) VALUES (3151, 'Improving Robustness Using Query Expansion.', 2007, '2017-05-24', 'conf/clef/RosriguezBF07', 'https://doi.org/10.1007/978-3-540-85760-0_19');
INSERT INTO Write (AuthorID, PaperID) VALUES (52, 3151);
INSERT INTO Paper (PaperID, Title, Year, MDate, Key, DOI) VALUES (3157, 'REINA at WebCLEF2006. Mixing Fields to Improve Retrieval.', 2006, '2014-08-15', 'conf/clef/FiguerolaBRR06a', 'http://ceur-ws.org/Vol-1172/CLEF2006wn-WebCLEF-FiguerolaEt2006.pdf');
INSERT INTO Write (AuthorID, PaperID) VALUES (52, 3157);
INSERT INTO Paper (PaperID, Title, Year, MDate, Key, DOI) VALUES (3230, 'Interactive and Bilingual Question Answering Using Term Suggestion and Passage Retrieval.', 2004, '2018-11-02', 'conf/clef/FiguerolaZBA05', 'https://doi.org/10.1007/11519645_37');
INSERT INTO Write (AuthorID, PaperID) VALUES (52, 3230);
INSERT INTO Paper (PaperID, Title, Year, MDate, Key, DOI) VALUES (3269, 'Segmentation of Web Documents and Retrieval of Useful Passages.', 2007, '2017-05-24', 'conf/clef/FiguerolaBR07', 'https://doi.org/10.1007/978-3-540-85760-0_93');
INSERT INTO Write (AuthorID, PaperID) VALUES (52, 3269);
INSERT INTO Paper (PaperID, Title, Year, MDate, Key, DOI) VALUES (3517, 'A Simple Approach to the Spanish-English Bilingual Retrieval Task.', 2000, '2017-06-02', 'conf/clef/FiguerolaBZD00', 'https://doi.org/10.1007/3-540-44645-1_21');
INSERT INTO Write (AuthorID, PaperID) VALUES (52, 3517);
INSERT INTO Author (AuthorID, Name) VALUES (53, 'Jos&eacute; Luis Alonso Berrocal');
INSERT INTO Write (AuthorID, PaperID) VALUES (53, 181);
INSERT INTO Write (AuthorID, PaperID) VALUES (53, 374);
INSERT INTO Write (AuthorID, PaperID) VALUES (53, 417);
INSERT INTO Write (AuthorID, PaperID) VALUES (53, 499);
INSERT INTO Write (AuthorID, PaperID) VALUES (53, 692);
INSERT INTO Write (AuthorID, PaperID) VALUES (53, 1088);
INSERT INTO Write (AuthorID, PaperID) VALUES (53, 1288);
INSERT INTO Write (AuthorID, PaperID) VALUES (53, 1453);
INSERT INTO Write (AuthorID, PaperID) VALUES (53, 1602);
INSERT INTO Write (AuthorID, PaperID) VALUES (53, 1733);
INSERT INTO Write (AuthorID, PaperID) VALUES (53, 1736);
INSERT INTO Write (AuthorID, PaperID) VALUES (53, 1910);
INSERT INTO Write (AuthorID, PaperID) VALUES (53, 1994);
INSERT INTO Write (AuthorID, PaperID) VALUES (53, 2280);
INSERT INTO Write (AuthorID, PaperID) VALUES (53, 2391);
INSERT INTO Write (AuthorID, PaperID) VALUES (53, 2417);
INSERT INTO Write (AuthorID, PaperID) VALUES (53, 2533);
INSERT INTO Write (AuthorID, PaperID) VALUES (53, 2722);
INSERT INTO Write (AuthorID, PaperID) VALUES (53, 2780);
INSERT INTO Write (AuthorID, PaperID) VALUES (53, 3151);
INSERT INTO Write (AuthorID, PaperID) VALUES (53, 3157);
INSERT INTO Write (AuthorID, PaperID) VALUES (53, 3230);
INSERT INTO Write (AuthorID, PaperID) VALUES (53, 3269);
INSERT INTO Write (AuthorID, PaperID) VALUES (53, 3517);
INSERT INTO Author (AuthorID, Name) VALUES (54, 'Carlos G. Figuerola');
INSERT INTO Write (AuthorID, PaperID) VALUES (54, 181);
INSERT INTO Write (AuthorID, PaperID) VALUES (54, 374);
INSERT INTO Write (AuthorID, PaperID) VALUES (54, 417);
INSERT INTO Write (AuthorID, PaperID) VALUES (54, 499);
INSERT INTO Write (AuthorID, PaperID) VALUES (54, 692);
INSERT INTO Write (AuthorID, PaperID) VALUES (54, 1088);
INSERT INTO Write (AuthorID, PaperID) VALUES (54, 1288);
INSERT INTO Write (AuthorID, PaperID) VALUES (54, 1453);
INSERT INTO Write (AuthorID, PaperID) VALUES (54, 1602);
INSERT INTO Write (AuthorID, PaperID) VALUES (54, 1733);
INSERT INTO Write (AuthorID, PaperID) VALUES (54, 1736);
INSERT INTO Write (AuthorID, PaperID) VALUES (54, 1910);
INSERT INTO Write (AuthorID, PaperID) VALUES (54, 1994);
INSERT INTO Write (AuthorID, PaperID) VALUES (54, 2280);
INSERT INTO Write (AuthorID, PaperID) VALUES (54, 2391);
INSERT INTO Write (AuthorID, PaperID) VALUES (54, 2417);
INSERT INTO Write (AuthorID, PaperID) VALUES (54, 2533);
INSERT INTO Write (AuthorID, PaperID) VALUES (54, 2722);
INSERT INTO Write (AuthorID, PaperID) VALUES (54, 2780);
INSERT INTO Write (AuthorID, PaperID) VALUES (54, 3151);
INSERT INTO Write (AuthorID, PaperID) VALUES (54, 3157);
INSERT INTO Write (AuthorID, PaperID) VALUES (54, 3230);
INSERT INTO Write (AuthorID, PaperID) VALUES (54, 3269);
INSERT INTO Write (AuthorID, PaperID) VALUES (54, 3517);
INSERT INTO Author (AuthorID, Name) VALUES (55, 'Fernando L&oacute;pez-Ostenero');
INSERT INTO Write (AuthorID, PaperID) VALUES (55, 196);
INSERT INTO Write (AuthorID, PaperID) VALUES (55, 357);
INSERT INTO Write (AuthorID, PaperID) VALUES (55, 361);
INSERT INTO Write (AuthorID, PaperID) VALUES (55, 432);
INSERT INTO Write (AuthorID, PaperID) VALUES (55, 485);
INSERT INTO Write (AuthorID, PaperID) VALUES (55, 508);
INSERT INTO Write (AuthorID, PaperID) VALUES (55, 627);
INSERT INTO Write (AuthorID, PaperID) VALUES (55, 801);
INSERT INTO Write (AuthorID, PaperID) VALUES (55, 1062);
INSERT INTO Write (AuthorID, PaperID) VALUES (55, 1495);
INSERT INTO Write (AuthorID, PaperID) VALUES (55, 1506);
INSERT INTO Write (AuthorID, PaperID) VALUES (55, 1620);
INSERT INTO Write (AuthorID, PaperID) VALUES (55, 2093);
INSERT INTO Write (AuthorID, PaperID) VALUES (55, 2344);
INSERT INTO Write (AuthorID, PaperID) VALUES (55, 2401);
INSERT INTO Write (AuthorID, PaperID) VALUES (55, 2467);
INSERT INTO Write (AuthorID, PaperID) VALUES (55, 2485);
INSERT INTO Write (AuthorID, PaperID) VALUES (55, 2705);
INSERT INTO Write (AuthorID, PaperID) VALUES (55, 2707);
INSERT INTO Write (AuthorID, PaperID) VALUES (55, 2993);
INSERT INTO Write (AuthorID, PaperID) VALUES (55, 3242);
INSERT INTO Paper (PaperID, Title, Year, MDate, Key, DOI) VALUES (3254, 'Automatic System for Extraction of Content-Based Characteristics from Digital Images.', 2008, '2014-09-30', 'conf/clef/LeonDRLS08', 'http://ceur-ws.org/Vol-1174/CLEF2008wn-ImageCLEF-LeonEt2008.pdf');
INSERT INTO Write (AuthorID, PaperID) VALUES (55, 3254);
INSERT INTO Write (AuthorID, PaperID) VALUES (55, 3259);
INSERT INTO Write (AuthorID, PaperID) VALUES (55, 3368);
INSERT INTO Author (AuthorID, Name) VALUES (56, 'Valentin Jijkoun');
INSERT INTO Write (AuthorID, PaperID) VALUES (56, 142);
INSERT INTO Write (AuthorID, PaperID) VALUES (56, 356);
INSERT INTO Write (AuthorID, PaperID) VALUES (56, 386);
INSERT INTO Write (AuthorID, PaperID) VALUES (56, 633);
INSERT INTO Write (AuthorID, PaperID) VALUES (56, 667);
INSERT INTO Write (AuthorID, PaperID) VALUES (56, 826);
INSERT INTO Write (AuthorID, PaperID) VALUES (56, 1082);
INSERT INTO Write (AuthorID, PaperID) VALUES (56, 1500);
INSERT INTO Write (AuthorID, PaperID) VALUES (56, 1713);
INSERT INTO Write (AuthorID, PaperID) VALUES (56, 1898);
INSERT INTO Write (AuthorID, PaperID) VALUES (56, 1919);
INSERT INTO Write (AuthorID, PaperID) VALUES (56, 1936);
INSERT INTO Write (AuthorID, PaperID) VALUES (56, 2031);
INSERT INTO Write (AuthorID, PaperID) VALUES (56, 2076);
INSERT INTO Write (AuthorID, PaperID) VALUES (56, 2418);
INSERT INTO Write (AuthorID, PaperID) VALUES (56, 2489);
INSERT INTO Write (AuthorID, PaperID) VALUES (56, 2506);
INSERT INTO Write (AuthorID, PaperID) VALUES (56, 2537);
INSERT INTO Write (AuthorID, PaperID) VALUES (56, 2596);
INSERT INTO Write (AuthorID, PaperID) VALUES (56, 2614);
INSERT INTO Write (AuthorID, PaperID) VALUES (56, 2687);
INSERT INTO Write (AuthorID, PaperID) VALUES (56, 2776);
INSERT INTO Write (AuthorID, PaperID) VALUES (56, 2836);
INSERT INTO Write (AuthorID, PaperID) VALUES (56, 3147);
INSERT INTO Author (AuthorID, Name) VALUES (57, 'Jean-Pierre Chevallet');
INSERT INTO Paper (PaperID, Title, Year, MDate, Key, DOI) VALUES (45, 'IPAL Knowledge-based Medical Image Retrieval in ImageCLEFmed 2006.', 2006, '2014-08-15', 'conf/clef/LacosteCLWRLTV06', 'http://ceur-ws.org/Vol-1172/CLEF2006wn-ImageCLEF-LacosteEt2006.pdf');
INSERT INTO Write (AuthorID, PaperID) VALUES (57, 45);
INSERT INTO Paper (PaperID, Title, Year, MDate, Key, DOI) VALUES (476, 'MRIM at ImageCLEF2012. From Words to Concepts: A New Counting Approach.', 2012, '2014-09-24', 'conf/clef/AbdulahhadCB12', 'http://www.clef-initiative.eu/documents/71612/5cb1ce78-92b8-48df-be6c-d16908bfe822');
INSERT INTO Write (AuthorID, PaperID) VALUES (57, 476);
INSERT INTO Paper (PaperID, Title, Year, MDate, Key, DOI) VALUES (567, 'Using Ontology Dimensions and Negative Expansion to solve Precise Queries in the ImageCLEF Medical Task.', 2005, '2014-08-15', 'conf/clef/ChevalletLR05a', 'http://ceur-ws.org/Vol-1171/CLEF2005wn-ImageCLEF-ChevalletEt2005.pdf');
INSERT INTO Write (AuthorID, PaperID) VALUES (57, 567);
INSERT INTO Paper (PaperID, Title, Year, MDate, Key, DOI) VALUES (676, 'Using Bayesian Network for Conceptual Indexing: Application to Medical Document Indexing with UMLS Metathesaurus.', 2007, '2017-05-24', 'conf/clef/LeCL07', 'https://doi.org/10.1007/978-3-540-85760-0_80');
INSERT INTO Write (AuthorID, PaperID) VALUES (57, 676);
INSERT INTO Paper (PaperID, Title, Year, MDate, Key, DOI) VALUES (734, 'Multi-Relation Modeling on Multi Concept Extraction LIG participation at ImageClefMed.', 2008, '2014-09-29', 'conf/clef/MaisonnasseGC08', 'http://ceur-ws.org/Vol-1174/CLEF2008wn-ImageCLEF-MaisonnasseEt2008.pdf');
INSERT INTO Write (AuthorID, PaperID) VALUES (57, 734);
INSERT INTO Paper (PaperID, Title, Year, MDate, Key, DOI) VALUES (1145, 'Simple Translations of Monolingual Queries Expanded Through an Association Thesaurus: X-IOTA IR System Used for CLIPS Bilingual Experiments.', 2003, '2017-05-24', 'conf/clef/SerassetC03', 'https://doi.org/10.1007/978-3-540-30222-3_23');
INSERT INTO Write (AuthorID, PaperID) VALUES (57, 1145);
INSERT INTO Paper (PaperID, Title, Year, MDate, Key, DOI) VALUES (1221, 'LIG at ImageCLEF 2008.', 2008, '2017-05-24', 'conf/clef/MaisonnasseMGC08', 'https://doi.org/10.1007/978-3-642-04447-2_89');
INSERT INTO Write (AuthorID, PaperID) VALUES (57, 1221);
INSERT INTO Paper (PaperID, Title, Year, MDate, Key, DOI) VALUES (1292, 'IPAL at ImageClef 2007 Mixing Features, Models and Knowledge.', 2007, '2014-09-23', 'conf/clef/GaoCLPL07', 'http://ceur-ws.org/Vol-1173/CLEF2007wn-ImageCLEF-GaoEt2007.pdf');
INSERT INTO Write (AuthorID, PaperID) VALUES (57, 1292);
INSERT INTO Paper (PaperID, Title, Year, MDate, Key, DOI) VALUES (1579, 'MRIM-LIG at ImageCLEF 2009: Robotvision, Image Annotation and Retrieval Tasks.', 2009, '2017-05-24', 'conf/clef/PhamMMCQA09', 'https://doi.org/10.1007/978-3-642-15751-6_42');
INSERT INTO Write (AuthorID, PaperID) VALUES (57, 1579);
INSERT INTO Paper (PaperID, Title, Year, MDate, Key, DOI) VALUES (1717, 'A Structured Learning Approach for Medical Image Indexing and Retrieval.', 2005, '2014-08-15', 'conf/clef/LimC05', 'http://ceur-ws.org/Vol-1171/CLEF2005wn-ImageCLEF-LimEt2005.pdf');
INSERT INTO Write (AuthorID, PaperID) VALUES (57, 1717);
INSERT INTO Paper (PaperID, Title, Year, MDate, Key, DOI) VALUES (1758, 'Using Syntactic Dependency and Language Model X-IOTA IR System for CLIPS Mono 800Aamp; Bilingual Experiments in CLEF 2005.', 2005, '2014-08-15', 'conf/clef/MaisonnasseSC05a', 'http://ceur-ws.org/Vol-1171/CLEF2005wn-adhoc-MaisonnasseEt2005.pdf');
INSERT INTO Write (AuthorID, PaperID) VALUES (57, 1758);
INSERT INTO Paper (PaperID, Title, Year, MDate, Key, DOI) VALUES (2067, 'Inter-media Pseudo-relevance Feedback Application to ImageCLEF 2006 Photo Retrieval.', 2006, '2017-05-24', 'conf/clef/MaillotCL06', 'https://doi.org/10.1007/978-3-540-74999-8_92');
INSERT INTO Write (AuthorID, PaperID) VALUES (57, 2067);
INSERT INTO Paper (PaperID, Title, Year, MDate, Key, DOI) VALUES (2283, 'Multiplying Concept Sources for Graph Modeling.', 2007, '2017-05-24', 'conf/clef/MaisonnasseGC07', 'https://doi.org/10.1007/978-3-540-85760-0_73');
INSERT INTO Write (AuthorID, PaperID) VALUES (57, 2283);
INSERT INTO Paper (PaperID, Title, Year, MDate, Key, DOI) VALUES (2647, 'A Structured Visual Learning Approach Mixed with Ontology Dimensions for Medical Queries.', 2005, '2017-05-24', 'conf/clef/ChevalletLR05', 'https://doi.org/10.1007/11878773_71');
INSERT INTO Write (AuthorID, PaperID) VALUES (57, 2647);
INSERT INTO Paper (PaperID, Title, Year, MDate, Key, DOI) VALUES (2754, 'MRIM-LIG at ImageCLEF 2009: Photo Retrieval and Photo Annotation Tasks.', 2009, '2014-09-29', 'conf/clef/MulhemCQA09', 'http://ceur-ws.org/Vol-1175/CLEF2009wn-ImageCLEF-MulhemEt2009.pdf');
INSERT INTO Write (AuthorID, PaperID) VALUES (57, 2754);
INSERT INTO Paper (PaperID, Title, Year, MDate, Key, DOI) VALUES (2824, 'Using the X-IOTA System in Mono- and Bilingual Experiments at CLEF 2005.', 2005, '2017-05-24', 'conf/clef/MaisonnasseSC05', 'https://doi.org/10.1007/11878773_7');
INSERT INTO Write (AuthorID, PaperID) VALUES (57, 2824);
INSERT INTO Paper (PaperID, Title, Year, MDate, Key, DOI) VALUES (2964, 'Multi-facet Document Representation and Retrieval.', 2011, '2014-09-24', 'conf/clef/AbdulahhadCB11', 'http://www.clef-initiative.eu/documents/71612/86377/CLEF2011wn-ImageCLEF-AbdulahhadEt2011.pdf');
INSERT INTO Write (AuthorID, PaperID) VALUES (57, 2964);
INSERT INTO Paper (PaperID, Title, Year, MDate, Key, DOI) VALUES (3066, 'Using Surface-Syntactic Parser and Deviation from Randomness.', 2004, '2017-05-24', 'conf/clef/ChevalletS05', 'https://doi.org/10.1007/11519645_4');
INSERT INTO Write (AuthorID, PaperID) VALUES (57, 3066);
INSERT INTO Paper (PaperID, Title, Year, MDate, Key, DOI) VALUES (3103, 'Multimedia Information Modeling and Retrieval (MRIM) /Laboratoire d''Informatique de Grenoble (LIG) at CHiC2013.', 2013, '2014-09-10', 'conf/clef/TanACMB13', 'http://ceur-ws.org/Vol-1179/CLEF2013wn-CHiC-TanEt2013.pdf');
INSERT INTO Write (AuthorID, PaperID) VALUES (57, 3103);
INSERT INTO Paper (PaperID, Title, Year, MDate, Key, DOI) VALUES (3132, 'Inter-media Concept-Based Medical Image Indexing and Retrieval with UMLS at IPAL.', 2006, '2018-01-31', 'conf/clef/LacosteCLLXRTV06', 'https://doi.org/10.1007/978-3-540-74999-8_86');
INSERT INTO Write (AuthorID, PaperID) VALUES (57, 3132);
INSERT INTO Paper (PaperID, Title, Year, MDate, Key, DOI) VALUES (3282, 'IPAL at CLEF 2008: Mixed-Modality based Image Search, Novelty based Re-ranking and Extended Matching.', 2008, '2014-09-29', 'conf/clef/GaoCL08', 'http://ceur-ws.org/Vol-1174/CLEF2008wn-ImageCLEF-GaoEt2008.pdf');
INSERT INTO Write (AuthorID, PaperID) VALUES (57, 3282);
INSERT INTO Paper (PaperID, Title, Year, MDate, Key, DOI) VALUES (3374, 'IPAL Inter-Media Pseudo-Relevance Feedback Approach to ImageCLEF 2006 Photo Retrieval.', 2006, '2014-08-15', 'conf/clef/MaillotCVL06', 'http://ceur-ws.org/Vol-1172/CLEF2006wn-ImageCLEF-MaillotEt2006.pdf');
INSERT INTO Write (AuthorID, PaperID) VALUES (57, 3374);
INSERT INTO Paper (PaperID, Title, Year, MDate, Key, DOI) VALUES (3514, 'Multiplying Concept Sources for Graph Modeling.', 2007, '2014-09-23', 'conf/clef/MaisonnasseGC07a', 'http://ceur-ws.org/Vol-1173/CLEF2007wn-ImageCLEF-MaisonnasseEt2007.pdf');
INSERT INTO Write (AuthorID, PaperID) VALUES (57, 3514);
INSERT INTO Paper (PaperID, Title, Year, MDate, Key, DOI) VALUES (3519, 'Using Surface-Syntactic Parser and Derivation from Randomness: X-IOTA IR System used for CLIPS Mono 800Aamp; Bilingual Experiments for CLEF 2004.', 2004, '2014-08-15', 'conf/clef/SerassetC04', 'http://ceur-ws.org/Vol-1170/CLEF2004wn-adhoc-SerassetEt2004.pdf');
INSERT INTO Write (AuthorID, PaperID) VALUES (57, 3519);
INSERT INTO Author (AuthorID, Name) VALUES (58, 'Jens K&uuml;rsten');
INSERT INTO Write (AuthorID, PaperID) VALUES (58, 79);
INSERT INTO Write (AuthorID, PaperID) VALUES (58, 204);
INSERT INTO Write (AuthorID, PaperID) VALUES (58, 536);
INSERT INTO Write (AuthorID, PaperID) VALUES (58, 806);
INSERT INTO Write (AuthorID, PaperID) VALUES (58, 955);
INSERT INTO Write (AuthorID, PaperID) VALUES (58, 1143);
INSERT INTO Paper (PaperID, Title, Year, MDate, Key, DOI) VALUES (1554, 'Chemnitz at CLEF 2009 Ad-Hoc TEL Task: Combining Different Retrieval Models and Addressing the Multilinguality.', 2009, '2014-09-29', 'conf/clef/Kursten09', 'http://ceur-ws.org/Vol-1175/CLEF2009wn-adhoc-Kursten2009.pdf');
INSERT INTO Write (AuthorID, PaperID) VALUES (58, 1554);
INSERT INTO Write (AuthorID, PaperID) VALUES (58, 1626);
INSERT INTO Write (AuthorID, PaperID) VALUES (58, 1689);
INSERT INTO Write (AuthorID, PaperID) VALUES (58, 1783);
INSERT INTO Write (AuthorID, PaperID) VALUES (58, 1789);
INSERT INTO Write (AuthorID, PaperID) VALUES (58, 1913);
INSERT INTO Write (AuthorID, PaperID) VALUES (58, 1965);
INSERT INTO Write (AuthorID, PaperID) VALUES (58, 2116);
INSERT INTO Write (AuthorID, PaperID) VALUES (58, 2127);
INSERT INTO Write (AuthorID, PaperID) VALUES (58, 2535);
INSERT INTO Write (AuthorID, PaperID) VALUES (58, 2655);
INSERT INTO Write (AuthorID, PaperID) VALUES (58, 2835);
INSERT INTO Write (AuthorID, PaperID) VALUES (58, 2876);
INSERT INTO Write (AuthorID, PaperID) VALUES (58, 2994);
INSERT INTO Write (AuthorID, PaperID) VALUES (58, 3079);
INSERT INTO Write (AuthorID, PaperID) VALUES (58, 3180);
INSERT INTO Write (AuthorID, PaperID) VALUES (58, 3181);
INSERT INTO Author (AuthorID, Name) VALUES (59, 'Sven Hartrumpf');
INSERT INTO Paper (PaperID, Title, Year, MDate, Key, DOI) VALUES (53, 'Question Answering Using Sentence Parsing and Semantic Network Matching.', 2004, '2017-05-24', 'conf/clef/Hartrumpf05', 'https://doi.org/10.1007/11519645_50');
INSERT INTO Write (AuthorID, PaperID) VALUES (59, 53);
INSERT INTO Write (AuthorID, PaperID) VALUES (59, 351);
INSERT INTO Write (AuthorID, PaperID) VALUES (59, 364);
INSERT INTO Write (AuthorID, PaperID) VALUES (59, 474);
INSERT INTO Write (AuthorID, PaperID) VALUES (59, 510);
INSERT INTO Write (AuthorID, PaperID) VALUES (59, 604);
INSERT INTO Paper (PaperID, Title, Year, MDate, Key, DOI) VALUES (621, 'University of Hagen at QA@CLEF 2005: Extending Knowledge and Deepening Linguistic Processing for Question Answering.', 2005, '2014-08-15', 'conf/clef/Hartrumpf05b', 'http://ceur-ws.org/Vol-1171/CLEF2005wn-QACLEF-Hartrumpf2005.pdf');
INSERT INTO Write (AuthorID, PaperID) VALUES (59, 621);
INSERT INTO Write (AuthorID, PaperID) VALUES (59, 823);
INSERT INTO Write (AuthorID, PaperID) VALUES (59, 850);
INSERT INTO Write (AuthorID, PaperID) VALUES (59, 879);
INSERT INTO Write (AuthorID, PaperID) VALUES (59, 1201);
INSERT INTO Write (AuthorID, PaperID) VALUES (59, 1255);
INSERT INTO Paper (PaperID, Title, Year, MDate, Key, DOI) VALUES (1595, 'Extending Knowledge and Deepening Linguistic Processing for the Question Answering System InSicht.', 2005, '2017-05-24', 'conf/clef/Hartrumpf05a', 'https://doi.org/10.1007/11878773_41');
INSERT INTO Write (AuthorID, PaperID) VALUES (59, 1595);
INSERT INTO Paper (PaperID, Title, Year, MDate, Key, DOI) VALUES (1801, 'Question Answering using Sentence Parsing and Semantic Network Matching.', 2004, '2014-08-15', 'conf/clef/Hartrumpf04', 'http://ceur-ws.org/Vol-1170/CLEF2004wn-QACLEF-Hartrumpf2004.pdf');
INSERT INTO Write (AuthorID, PaperID) VALUES (59, 1801);
INSERT INTO Write (AuthorID, PaperID) VALUES (59, 1943);
INSERT INTO Write (AuthorID, PaperID) VALUES (59, 1993);
INSERT INTO Write (AuthorID, PaperID) VALUES (59, 2120);
INSERT INTO Write (AuthorID, PaperID) VALUES (59, 2134);
INSERT INTO Write (AuthorID, PaperID) VALUES (59, 2196);
INSERT INTO Write (AuthorID, PaperID) VALUES (59, 2798);
INSERT INTO Write (AuthorID, PaperID) VALUES (59, 2947);
INSERT INTO Write (AuthorID, PaperID) VALUES (59, 3331);
INSERT INTO Write (AuthorID, PaperID) VALUES (59, 3494);
INSERT INTO Author (AuthorID, Name) VALUES (60, 'Liadh Kelly');
INSERT INTO Write (AuthorID, PaperID) VALUES (60, 7);
INSERT INTO Write (AuthorID, PaperID) VALUES (60, 531);
INSERT INTO Paper (PaperID, Title, Year, MDate, Key, DOI) VALUES (600, 'Extended Overview of the Living Labs for Information Retrieval Evaluation (LL4IR) CLEF Lab 2015.', 2015, '2015-09-03', 'conf/clef/SchuthBK15a', 'http://ceur-ws.org/Vol-1391/inv-pap8-CR.pdf');
INSERT INTO Write (AuthorID, PaperID) VALUES (60, 600);
INSERT INTO Write (AuthorID, PaperID) VALUES (60, 657);
INSERT INTO Write (AuthorID, PaperID) VALUES (60, 685);
INSERT INTO Write (AuthorID, PaperID) VALUES (60, 822);
INSERT INTO Write (AuthorID, PaperID) VALUES (60, 910);
INSERT INTO Write (AuthorID, PaperID) VALUES (60, 1046);
INSERT INTO Write (AuthorID, PaperID) VALUES (60, 1126);
INSERT INTO Paper (PaperID, Title, Year, MDate, Key, DOI) VALUES (1361, 'Overview of the Living Labs for Information Retrieval Evaluation (LL4IR) CLEF Lab 2015.', 2015, '2017-09-16', 'conf/clef/SchuthBK15', 'https://doi.org/10.1007/978-3-319-24027-5_47');
INSERT INTO Write (AuthorID, PaperID) VALUES (60, 1361);
INSERT INTO Paper (PaperID, Title, Year, MDate, Key, DOI) VALUES (1465, 'EvalUMAP: Towards Comparative Evaluation in User Modeling, Adaptation and Personalization.', 2017, '2017-08-15', 'conf/clef/ConlanKKLS17', 'http://ceur-ws.org/Vol-1866/paper_203.pdf');
INSERT INTO Write (AuthorID, PaperID) VALUES (60, 1465);
INSERT INTO Write (AuthorID, PaperID) VALUES (60, 1586);
INSERT INTO Write (AuthorID, PaperID) VALUES (60, 1729);
INSERT INTO Write (AuthorID, PaperID) VALUES (60, 1732);
INSERT INTO Write (AuthorID, PaperID) VALUES (60, 1774);
INSERT INTO Write (AuthorID, PaperID) VALUES (60, 2059);
INSERT INTO Write (AuthorID, PaperID) VALUES (60, 2189);
INSERT INTO Paper (PaperID, Title, Year, MDate, Key, DOI) VALUES (2253, 'Research-Centres Centred Living Labs.', 2016, '2016-08-11', 'conf/clef/Kelly16', 'http://ceur-ws.org/Vol-1609/16090589.pdf');
INSERT INTO Write (AuthorID, PaperID) VALUES (60, 2253);
INSERT INTO Write (AuthorID, PaperID) VALUES (60, 2398);
INSERT INTO Write (AuthorID, PaperID) VALUES (60, 2472);
INSERT INTO Write (AuthorID, PaperID) VALUES (60, 2524);
INSERT INTO Write (AuthorID, PaperID) VALUES (60, 2652);
INSERT INTO Write (AuthorID, PaperID) VALUES (60, 2997);
INSERT INTO Author (AuthorID, Name) VALUES (61, 'Jos&eacute; M. Perea-Ortega');
INSERT INTO Write (AuthorID, PaperID) VALUES (61, 283);
INSERT INTO Write (AuthorID, PaperID) VALUES (61, 613);
INSERT INTO Write (AuthorID, PaperID) VALUES (61, 682);
INSERT INTO Write (AuthorID, PaperID) VALUES (61, 746);
INSERT INTO Write (AuthorID, PaperID) VALUES (61, 817);
INSERT INTO Write (AuthorID, PaperID) VALUES (61, 847);
INSERT INTO Write (AuthorID, PaperID) VALUES (61, 1014);
INSERT INTO Write (AuthorID, PaperID) VALUES (61, 1076);
INSERT INTO Write (AuthorID, PaperID) VALUES (61, 1167);
INSERT INTO Write (AuthorID, PaperID) VALUES (61, 1241);
INSERT INTO Write (AuthorID, PaperID) VALUES (61, 1630);
INSERT INTO Write (AuthorID, PaperID) VALUES (61, 2006);
INSERT INTO Write (AuthorID, PaperID) VALUES (61, 2114);
INSERT INTO Write (AuthorID, PaperID) VALUES (61, 2213);
INSERT INTO Write (AuthorID, PaperID) VALUES (61, 2224);
INSERT INTO Write (AuthorID, PaperID) VALUES (61, 2249);
INSERT INTO Write (AuthorID, PaperID) VALUES (61, 2370);
INSERT INTO Write (AuthorID, PaperID) VALUES (61, 2706);
INSERT INTO Write (AuthorID, PaperID) VALUES (61, 2792);
INSERT INTO Write (AuthorID, PaperID) VALUES (61, 2799);
INSERT INTO Write (AuthorID, PaperID) VALUES (61, 2974);
INSERT INTO Write (AuthorID, PaperID) VALUES (61, 3089);
INSERT INTO Write (AuthorID, PaperID) VALUES (61, 3228);
INSERT INTO Author (AuthorID, Name) VALUES (62, 'Jos&eacute; Miguel Go&ntilde;i-Menoyo');
INSERT INTO Write (AuthorID, PaperID) VALUES (62, 30);
INSERT INTO Write (AuthorID, PaperID) VALUES (62, 68);
INSERT INTO Write (AuthorID, PaperID) VALUES (62, 135);
INSERT INTO Write (AuthorID, PaperID) VALUES (62, 317);
INSERT INTO Write (AuthorID, PaperID) VALUES (62, 410);
INSERT INTO Write (AuthorID, PaperID) VALUES (62, 433);
INSERT INTO Write (AuthorID, PaperID) VALUES (62, 498);
INSERT INTO Write (AuthorID, PaperID) VALUES (62, 721);
INSERT INTO Write (AuthorID, PaperID) VALUES (62, 851);
INSERT INTO Write (AuthorID, PaperID) VALUES (62, 868);
INSERT INTO Write (AuthorID, PaperID) VALUES (62, 1313);
INSERT INTO Write (AuthorID, PaperID) VALUES (62, 1820);
INSERT INTO Write (AuthorID, PaperID) VALUES (62, 1941);
INSERT INTO Write (AuthorID, PaperID) VALUES (62, 2130);
INSERT INTO Write (AuthorID, PaperID) VALUES (62, 2260);
INSERT INTO Write (AuthorID, PaperID) VALUES (62, 2300);
INSERT INTO Write (AuthorID, PaperID) VALUES (62, 2330);
INSERT INTO Write (AuthorID, PaperID) VALUES (62, 2415);
INSERT INTO Write (AuthorID, PaperID) VALUES (62, 2753);
INSERT INTO Write (AuthorID, PaperID) VALUES (62, 3342);
INSERT INTO Write (AuthorID, PaperID) VALUES (62, 3433);
INSERT INTO Write (AuthorID, PaperID) VALUES (62, 3488);
INSERT INTO Write (AuthorID, PaperID) VALUES (62, 3495);
INSERT INTO Author (AuthorID, Name) VALUES (63, 'Stephen Tomlinson');
INSERT INTO Paper (PaperID, Title, Year, MDate, Key, DOI) VALUES (97, 'Bulgarian and Hungarian Experiments with Hummingbird SearchServer<sup>TM</sup> at CLEF 2005.', 2005, '2017-05-24', 'conf/clef/Tomlinson05a', 'https://doi.org/10.1007/11878773_22');
INSERT INTO Write (AuthorID, PaperID) VALUES (63, 97);
INSERT INTO Paper (PaperID, Title, Year, MDate, Key, DOI) VALUES (338, 'German, French, English and Persian Retrieval Experiments at CLEF 2008.', 2008, '2014-09-29', 'conf/clef/Tomlinson08a', 'http://ceur-ws.org/Vol-1174/CLEF2008wn-adhoc-Tomlinson2008.pdf');
INSERT INTO Write (AuthorID, PaperID) VALUES (63, 338);
INSERT INTO Paper (PaperID, Title, Year, MDate, Key, DOI) VALUES (419, 'Comparing the Robustness of Expansion Techniques and Retrieval Measures.', 2006, '2017-05-24', 'conf/clef/Tomlinson06', 'https://doi.org/10.1007/978-3-540-74999-8_18');
INSERT INTO Write (AuthorID, PaperID) VALUES (63, 419);
INSERT INTO Paper (PaperID, Title, Year, MDate, Key, DOI) VALUES (529, 'Experiments with the 4 Query Sets of WebCLEF 2006.', 2006, '2017-05-24', 'conf/clef/Tomlinson06a', 'https://doi.org/10.1007/978-3-540-74999-8_107');
INSERT INTO Write (AuthorID, PaperID) VALUES (63, 529);
INSERT INTO Paper (PaperID, Title, Year, MDate, Key, DOI) VALUES (553, 'European Ad Hoc Retrieval Experiments with Hummingbird SearchServerTM at CLEF 2005.', 2005, '2014-08-15', 'conf/clef/Tomlinson05c', 'http://ceur-ws.org/Vol-1171/CLEF2005wn-adhoc-Tomlinson2005.pdf');
INSERT INTO Write (AuthorID, PaperID) VALUES (63, 553);
INSERT INTO Paper (PaperID, Title, Year, MDate, Key, DOI) VALUES (560, 'European Web Retrieval Experiments with Hummingbird SearchServer800A#8482; at CLEF 2005.', 2005, '2014-08-15', 'conf/clef/Tomlinson05d', 'http://ceur-ws.org/Vol-1171/CLEF2005wn-WebCLEF-Tomlinson2005.pdf');
INSERT INTO Write (AuthorID, PaperID) VALUES (63, 560);
INSERT INTO Paper (PaperID, Title, Year, MDate, Key, DOI) VALUES (617, 'German, French, English and Persian Retrieval Experiments at CLEF 2009.', 2009, '2014-09-29', 'conf/clef/Tomlinson09a', 'http://ceur-ws.org/Vol-1175/CLEF2009wn-adhoc-Tomlinson2009.pdf');
INSERT INTO Write (AuthorID, PaperID) VALUES (63, 617);
INSERT INTO Paper (PaperID, Title, Year, MDate, Key, DOI) VALUES (960, 'Stemming Evaluated in 6 Languages by Hummingbird SearchServer<sup>TM</sup> at CLEF 2001.', 2001, '2017-05-24', 'conf/clef/Tomlinson01', 'https://doi.org/10.1007/3-540-45691-0_25');
INSERT INTO Write (AuthorID, PaperID) VALUES (63, 960);
INSERT INTO Paper (PaperID, Title, Year, MDate, Key, DOI) VALUES (1077, 'Experiments in 8 European Languages with Hummingbird SearchServer<sup>TM</sup> at CLEF 2002.', 2002, '2017-05-24', 'conf/clef/Tomlinson02', 'https://doi.org/10.1007/978-3-540-45237-9_20');
INSERT INTO Write (AuthorID, PaperID) VALUES (63, 1077);
INSERT INTO Paper (PaperID, Title, Year, MDate, Key, DOI) VALUES (1187, 'Sampling Precision to Depth 10000 at CLEF 2008.', 2008, '2017-05-24', 'conf/clef/Tomlinson08', 'https://doi.org/10.1007/978-3-642-04447-2_20');
INSERT INTO Write (AuthorID, PaperID) VALUES (63, 1187);
INSERT INTO Paper (PaperID, Title, Year, MDate, Key, DOI) VALUES (1215, 'Finnish, Portuguese and Russian Retrieval with Hummingbird SearchServer800A#8482; at CLEF 2004.', 2004, '2014-08-15', 'conf/clef/Tomlinson04', 'http://ceur-ws.org/Vol-1170/CLEF2004wn-adhoc-Tomlinson2004.pdf');
INSERT INTO Write (AuthorID, PaperID) VALUES (63, 1215);
INSERT INTO Paper (PaperID, Title, Year, MDate, Key, DOI) VALUES (1390, 'European Web Retrieval Experiments at WebCLEF 2006.', 2006, '2014-08-15', 'conf/clef/Tomlinson06c', 'http://ceur-ws.org/Vol-1172/CLEF2006wn-WebCLEF-Tomlinson2006.pdf');
INSERT INTO Write (AuthorID, PaperID) VALUES (63, 1390);
INSERT INTO Paper (PaperID, Title, Year, MDate, Key, DOI) VALUES (1688, 'Sampling Precision to Depth 10000 at CLEF 2009.', 2009, '2017-05-24', 'conf/clef/Tomlinson09', 'https://doi.org/10.1007/978-3-642-15754-7_8');
INSERT INTO Write (AuthorID, PaperID) VALUES (63, 1688);
INSERT INTO Paper (PaperID, Title, Year, MDate, Key, DOI) VALUES (1690, 'Experiments in 8 European Languages with Hummingbird SearchServer800A#8482; at CLEF2002.', 2002, '2014-08-15', 'conf/clef/Tomlinson02a', 'http://ceur-ws.org/Vol-1168/CLEF2002wn-adhoc-Tomlinson2002.pdf');
INSERT INTO Write (AuthorID, PaperID) VALUES (63, 1690);
INSERT INTO Paper (PaperID, Title, Year, MDate, Key, DOI) VALUES (1700, 'Sampling Precision to Depth 10000: Evaluation Experiments at CLEF 2007.', 2007, '2014-09-23', 'conf/clef/Tomlinson07a', 'http://ceur-ws.org/Vol-1173/CLEF2007wn-adhoc-Tomlinson2007.pdf');
INSERT INTO Write (AuthorID, PaperID) VALUES (63, 1700);
INSERT INTO Paper (PaperID, Title, Year, MDate, Key, DOI) VALUES (1829, 'Danish and Greek Web Search Experiments with Hummingbird SearchServer<sup>TM</sup> at CLEF 2005.', 2005, '2017-05-24', 'conf/clef/Tomlinson05b', 'https://doi.org/10.1007/11878773_92');
INSERT INTO Write (AuthorID, PaperID) VALUES (63, 1829);
INSERT INTO Paper (PaperID, Title, Year, MDate, Key, DOI) VALUES (2520, 'Lexical and Algorithmic Stemming Compared for 9 European Languages with Hummingbird SearchServerTM at CLEF 2003.', 2003, '2014-08-15', 'conf/clef/Tomlinson03a', 'http://ceur-ws.org/Vol-1169/CLEF2003wn-adhoc-Tomlinson2003.pdf');
INSERT INTO Write (AuthorID, PaperID) VALUES (63, 2520);
INSERT INTO Paper (PaperID, Title, Year, MDate, Key, DOI) VALUES (2576, 'Finnish, Portuguese and Russian Retrieval with Hummingbird SearchServer<sup>TM</sup> at CLEF 2004.', 2004, '2017-05-24', 'conf/clef/Tomlinson05', 'https://doi.org/10.1007/11519645_23');
INSERT INTO Write (AuthorID, PaperID) VALUES (63, 2576);
INSERT INTO Paper (PaperID, Title, Year, MDate, Key, DOI) VALUES (2907, 'Hummingbird''s Fulcrum SearchServer at CLEF2001.', 2001, '2014-08-15', 'conf/clef/Tomlinson01a', 'http://ceur-ws.org/Vol-1167/CLEF2001wn-adhoc-Tomlinson2001.pdf');
INSERT INTO Write (AuthorID, PaperID) VALUES (63, 2907);
INSERT INTO Paper (PaperID, Title, Year, MDate, Key, DOI) VALUES (3129, 'Lexical and Algorithmic Stemming Compared for 9 European Languages with Hummingbird SearchServer800A#8482; at CLEF 2003.', 2003, '2017-05-24', 'conf/clef/Tomlinson03', 'https://doi.org/10.1007/978-3-540-30222-3_27');
INSERT INTO Write (AuthorID, PaperID) VALUES (63, 3129);
INSERT INTO Paper (PaperID, Title, Year, MDate, Key, DOI) VALUES (3401, 'Comparing the Robustness of Expansion Techniques and Retrieval Measures.', 2006, '2014-08-15', 'conf/clef/Tomlinson06b', 'http://ceur-ws.org/Vol-1172/CLEF2006wn-adhoc-Tomlinson2006.pdf');
INSERT INTO Write (AuthorID, PaperID) VALUES (63, 3401);
INSERT INTO Paper (PaperID, Title, Year, MDate, Key, DOI) VALUES (3480, 'Sampling Precision to Depth 10000 at CLEF 2007.', 2007, '2017-05-24', 'conf/clef/Tomlinson07', 'https://doi.org/10.1007/978-3-540-85760-0_7');
INSERT INTO Write (AuthorID, PaperID) VALUES (63, 3480);
INSERT INTO Author (AuthorID, Name) VALUES (64, 'Nuno Cardoso');
INSERT INTO Paper (PaperID, Title, Year, MDate, Key, DOI) VALUES (36, 'Using Geographic Signatures as Query and Document Scopes in Geographic IR.', 2007, '2017-05-24', 'conf/clef/CardosoCCS07', 'https://doi.org/10.1007/978-3-540-85760-0_101');
INSERT INTO Write (AuthorID, PaperID) VALUES (64, 36);
INSERT INTO Paper (PaperID, Title, Year, MDate, Key, DOI) VALUES (51, 'The University of Lisbon at GeoCLEF 2006.', 2006, '2018-02-28', 'conf/clef/MartinsCCAS06a', 'http://ceur-ws.org/Vol-1172/CLEF2006wn-GeoCLEF-MartinsEt2006.pdf');
INSERT INTO Write (AuthorID, PaperID) VALUES (64, 51);
INSERT INTO Paper (PaperID, Title, Year, MDate, Key, DOI) VALUES (315, 'Experiments with Geographic Evidence Extracted from Documents.', 2008, '2017-06-02', 'conf/clef/CardosoSS08', 'https://doi.org/10.1007/978-3-642-04447-2_117');
INSERT INTO Write (AuthorID, PaperID) VALUES (64, 315);
INSERT INTO Paper (PaperID, Title, Year, MDate, Key, DOI) VALUES (477, 'The University of Lisbon at GeoCLEF 2008.', 2008, '2014-09-29', 'conf/clef/CardosoSS08a', 'http://ceur-ws.org/Vol-1174/CLEF2008wn-GeoCLEF-CardosoEt2008.pdf');
INSERT INTO Write (AuthorID, PaperID) VALUES (64, 477);
INSERT INTO Paper (PaperID, Title, Year, MDate, Key, DOI) VALUES (562, 'The University of Lisbon at GeoCLEF 2007.', 2007, '2014-09-23', 'conf/clef/CardosoCCS07a', 'http://ceur-ws.org/Vol-1173/CLEF2007wn-GeoCLEF-CardosoEt2007.pdf');
INSERT INTO Write (AuthorID, PaperID) VALUES (64, 562);
INSERT INTO Paper (PaperID, Title, Year, MDate, Key, DOI) VALUES (619, 'The XLDB Group Participation in the CLEF 2005 Ad Hoc Task.', 2005, '2018-02-28', 'conf/clef/CardosoASS05a', 'http://ceur-ws.org/Vol-1171/CLEF2005wn-adhoc-CardosoEt2005.pdf');
INSERT INTO Write (AuthorID, PaperID) VALUES (64, 619);
INSERT INTO Write (AuthorID, PaperID) VALUES (64, 850);
INSERT INTO Paper (PaperID, Title, Year, MDate, Key, DOI) VALUES (880, 'The XLDB Group at CLEF 2004.', 2004, '2017-05-24', 'conf/clef/CardosoSC05', 'https://doi.org/10.1007/11519645_25');
INSERT INTO Write (AuthorID, PaperID) VALUES (64, 880);
INSERT INTO Write (AuthorID, PaperID) VALUES (64, 1255);
INSERT INTO Paper (PaperID, Title, Year, MDate, Key, DOI) VALUES (2561, 'The University of Lisbon at CLEF 2006 Ad-Hoc Task.', 2006, '2017-12-13', 'conf/clef/CardosoSM06', 'https://doi.org/10.1007/978-3-540-74999-8_6');
INSERT INTO Write (AuthorID, PaperID) VALUES (64, 2561);
INSERT INTO Paper (PaperID, Title, Year, MDate, Key, DOI) VALUES (2613, 'The XLDB Group at GeoCLEF 2005.', 2005, '2018-02-28', 'conf/clef/CardosoMCAS05', 'https://doi.org/10.1007/11878773_111');
INSERT INTO Write (AuthorID, PaperID) VALUES (64, 2613);
INSERT INTO Paper (PaperID, Title, Year, MDate, Key, DOI) VALUES (2692, 'The XLDB Group at GeoCLEF 2005.', 2005, '2018-02-28', 'conf/clef/CardosoMCAS05a', 'http://ceur-ws.org/Vol-1171/CLEF2005wn-GeoCLEF-CardosoEt2005.pdf');
INSERT INTO Write (AuthorID, PaperID) VALUES (64, 2692);
INSERT INTO Paper (PaperID, Title, Year, MDate, Key, DOI) VALUES (2696, 'The University of Lisbon at CLEF 2006 Ad-Hoc Task.', 2006, '2017-12-13', 'conf/clef/CardosoSM06a', 'http://ceur-ws.org/Vol-1172/CLEF2006wn-adhoc-CardosoEt2006.pdf');
INSERT INTO Write (AuthorID, PaperID) VALUES (64, 2696);
INSERT INTO Paper (PaperID, Title, Year, MDate, Key, DOI) VALUES (2777, 'Portuguese at CLEF 2005.', 2005, '2017-05-24', 'conf/clef/SantosC05', 'https://doi.org/10.1007/11878773_112');
INSERT INTO Write (AuthorID, PaperID) VALUES (64, 2777);
INSERT INTO Paper (PaperID, Title, Year, MDate, Key, DOI) VALUES (2847, 'Where in the Wikipedia Is That Answer? The XLDB at the GikiCLEF 2009 Task.', 2009, '2018-11-14', 'conf/clef/CardosoBLS09', 'https://www.wikidata.org/entity/Q57824257');
INSERT INTO Write (AuthorID, PaperID) VALUES (64, 2847);
INSERT INTO Paper (PaperID, Title, Year, MDate, Key, DOI) VALUES (2968, 'The XLDB Group at the CLEF 2005 Ad-Hoc Task.', 2005, '2018-02-28', 'conf/clef/CardosoASS05', 'https://doi.org/10.1007/11878773_5');
INSERT INTO Write (AuthorID, PaperID) VALUES (64, 2968);
INSERT INTO Paper (PaperID, Title, Year, MDate, Key, DOI) VALUES (2990, 'Portuguese at CLEF 2005: Reflections and Challenges.', 2005, '2014-08-15', 'conf/clef/SantosC05a', 'http://ceur-ws.org/Vol-1171/CLEF2005wn-adhoc-SantosEt2005.pdf');
INSERT INTO Write (AuthorID, PaperID) VALUES (64, 2990);
INSERT INTO Paper (PaperID, Title, Year, MDate, Key, DOI) VALUES (3092, 'The XLDB Group at CLEF 2004.', 2004, '2014-08-15', 'conf/clef/CardosoSC04', 'http://ceur-ws.org/Vol-1170/CLEF2004wn-adhoc-CardosoEt2004.pdf');
INSERT INTO Write (AuthorID, PaperID) VALUES (64, 3092);
INSERT INTO Paper (PaperID, Title, Year, MDate, Key, DOI) VALUES (3285, 'GikiCLEF Topics and Wikipedia Articles: Did They Blend?', 2009, '2017-05-24', 'conf/clef/Cardoso09', 'https://doi.org/10.1007/978-3-642-15754-7_37');
INSERT INTO Write (AuthorID, PaperID) VALUES (64, 3285);
INSERT INTO Write (AuthorID, PaperID) VALUES (64, 3331);
INSERT INTO Paper (PaperID, Title, Year, MDate, Key, DOI) VALUES (3461, 'The University of Lisbon at GeoCLEF 2006.', 2006, '2018-02-28', 'conf/clef/MartinsCCAS06', 'https://doi.org/10.1007/978-3-540-74999-8_127');
INSERT INTO Write (AuthorID, PaperID) VALUES (64, 3461);
INSERT INTO Paper (PaperID, Title, Year, MDate, Key, DOI) VALUES (3510, 'Where in Wikipedia is that Answer? XLDB at the GikiCLEF 2009 task.', 2009, '2014-09-29', 'conf/clef/CardosoBLS09a', 'http://ceur-ws.org/Vol-1175/CLEF2009wn-QACLEF-CardosoEt2009.pdf');
INSERT INTO Write (AuthorID, PaperID) VALUES (64, 3510);
INSERT INTO Author (AuthorID, Name) VALUES (65, 'Josiane Mothe');
INSERT INTO Paper (PaperID, Title, Year, MDate, Key, DOI) VALUES (66, 'Overview of INEX Tweet Contextualization 2014 track.', 2014, '2014-09-10', 'conf/clef/BellotMMST14', 'http://ceur-ws.org/Vol-1180/CLEF2014wn-Inex-BellotEt2014.pdf');
INSERT INTO Write (AuthorID, PaperID) VALUES (65, 66);
INSERT INTO Write (AuthorID, PaperID) VALUES (65, 378);
INSERT INTO Write (AuthorID, PaperID) VALUES (65, 643);
INSERT INTO Paper (PaperID, Title, Year, MDate, Key, DOI) VALUES (783, 'FabSpaces at ImageCLEF 2017 - Population Estimation (remote) Task.', 2017, '2018-01-09', 'conf/clef/ArenasBBBBCGHIL17', 'http://ceur-ws.org/Vol-1866/paper_161.pdf');
INSERT INTO Write (AuthorID, PaperID) VALUES (65, 783);
INSERT INTO Write (AuthorID, PaperID) VALUES (65, 803);
INSERT INTO Paper (PaperID, Title, Year, MDate, Key, DOI) VALUES (811, 'IRIT at e-Risk 2018.', 2018, '2018-08-08', 'conf/clef/RamiandrisoaMBM18', 'http://ceur-ws.org/Vol-2125/paper_102.pdf');
INSERT INTO Write (AuthorID, PaperID) VALUES (65, 811);
INSERT INTO Paper (PaperID, Title, Year, MDate, Key, DOI) VALUES (843, 'Overview of the INEX 2012 Tweet Contextualization Track.', 2012, '2014-09-24', 'conf/clef/SanJuanMTBM12', 'http://www.clef-initiative.eu/documents/71612/0daaae31-ae99-4fb4-8982-b5a3a2ebbb6b');
INSERT INTO Write (AuthorID, PaperID) VALUES (65, 843);
INSERT INTO Write (AuthorID, PaperID) VALUES (65, 870);
INSERT INTO Paper (PaperID, Title, Year, MDate, Key, DOI) VALUES (900, 'IRIT at INEX 2013: Tweet Contextualization Track.', 2013, '2014-09-10', 'conf/clef/ErmakovaM13', 'http://ceur-ws.org/Vol-1179/CLEF2013wn-INEX-ErmakovaEt2013.pdf');
INSERT INTO Write (AuthorID, PaperID) VALUES (65, 900);
INSERT INTO Paper (PaperID, Title, Year, MDate, Key, DOI) VALUES (1149, 'IRIT 800Aamp; MISA at Image CLEF 2017 - Multi Label Classification.', 2017, '2017-08-15', 'conf/clef/HoavyMR17', 'http://ceur-ws.org/Vol-1866/paper_148.pdf');
INSERT INTO Write (AuthorID, PaperID) VALUES (65, 1149);
INSERT INTO Paper (PaperID, Title, Year, MDate, Key, DOI) VALUES (1225, 'Building a Knowledge Base using Microblogs: the Case of Cultural MicroBlog Contextualization Collection.', 2016, '2016-08-11', 'conf/clef/NgocM16', 'http://ceur-ws.org/Vol-1609/16091226.pdf');
INSERT INTO Write (AuthorID, PaperID) VALUES (65, 1225);
INSERT INTO Paper (PaperID, Title, Year, MDate, Key, DOI) VALUES (1319, 'Overview of INEX Tweet Contextualization 2013 Track.', 2013, '2014-09-10', 'conf/clef/BellotMMST13', 'http://ceur-ws.org/Vol-1179/CLEF2013wn-INEX-BellotEt2013.pdf');
INSERT INTO Write (AuthorID, PaperID) VALUES (65, 1319);
INSERT INTO Write (AuthorID, PaperID) VALUES (65, 1436);
INSERT INTO Paper (PaperID, Title, Year, MDate, Key, DOI) VALUES (1460, 'IRIT at CheckThat! 2018.', 2018, '2018-08-08', 'conf/clef/AgezBLPM18', 'http://ceur-ws.org/Vol-2125/paper_132.pdf');
INSERT INTO Write (AuthorID, PaperID) VALUES (65, 1460);
INSERT INTO Paper (PaperID, Title, Year, MDate, Key, DOI) VALUES (1747, 'Overview of ImageCLEF 2017 Population Estimation (Remote) task.', 2017, '2017-08-15', 'conf/clef/ArenasIM17', 'http://ceur-ws.org/Vol-1866/invited_paper_2.pdf');
INSERT INTO Write (AuthorID, PaperID) VALUES (65, 1747);
INSERT INTO Paper (PaperID, Title, Year, MDate, Key, DOI) VALUES (1878, 'CLEF 2017 Microblog Cultural Contextualization Content Analysis task Overview.', 2017, '2017-08-15', 'conf/clef/ErmakovaMS17', 'http://ceur-ws.org/Vol-1866/invited_paper_14.pdf');
INSERT INTO Write (AuthorID, PaperID) VALUES (65, 1878);
INSERT INTO Paper (PaperID, Title, Year, MDate, Key, DOI) VALUES (2326, 'IRIT-QFR: IRIT Query Feature Resource.', 2017, '2017-08-31', 'conf/clef/MolinaMRTU17', 'https://doi.org/10.1007/978-3-319-65813-1_6');
INSERT INTO Write (AuthorID, PaperID) VALUES (65, 2326);
INSERT INTO Paper (PaperID, Title, Year, MDate, Key, DOI) VALUES (2403, 'IRIT at INEX 2014: Tweet Contextualization Trac.', 2014, '2014-09-10', 'conf/clef/ErmakovaM14', 'http://ceur-ws.org/Vol-1180/CLEF2014wn-Inex-ErmakovaEt2014.pdf');
INSERT INTO Write (AuthorID, PaperID) VALUES (65, 2403);
INSERT INTO Write (AuthorID, PaperID) VALUES (65, 2460);
INSERT INTO Paper (PaperID, Title, Year, MDate, Key, DOI) VALUES (2712, 'Tweet Data mining : the Cultural Microblog Contextualization Data Set.', 2016, '2016-08-11', 'conf/clef/ScohyCDM16', 'http://ceur-ws.org/Vol-1609/16091246.pdf');
INSERT INTO Write (AuthorID, PaperID) VALUES (65, 2712);
INSERT INTO Paper (PaperID, Title, Year, MDate, Key, DOI) VALUES (3116, 'IRIT at INEX 2012: Tweet Contextualization.', 2012, '2014-09-24', 'conf/clef/ErmakovaM12', 'http://www.clef-initiative.eu/documents/71612/3e9ecc64-fae6-4af3-93fd-1a6a6fabb5d6');
INSERT INTO Write (AuthorID, PaperID) VALUES (65, 3116);
INSERT INTO Paper (PaperID, Title, Year, MDate, Key, DOI) VALUES (3140, 'IRIT at e-Risk.', 2017, '2017-08-15', 'conf/clef/MalamABBKEHHMMR17', 'http://ceur-ws.org/Vol-1866/paper_135.pdf');
INSERT INTO Write (AuthorID, PaperID) VALUES (65, 3140);
INSERT INTO Author (AuthorID, Name) VALUES (66, 'Patrick Ruch');
INSERT INTO Paper (PaperID, Title, Year, MDate, Key, DOI) VALUES (93, 'Taking Benefit of Query and Document Expansion using MeSH Descriptors in Medical ImageCLEF 2009.', 2009, '2014-09-29', 'conf/clef/GobeillTPR09', 'http://ceur-ws.org/Vol-1175/CLEF2009wn-ImageCLEF-GobeillEt2009.pdf');
INSERT INTO Write (AuthorID, PaperID) VALUES (66, 93);
INSERT INTO Paper (PaperID, Title, Year, MDate, Key, DOI) VALUES (198, 'Instance-Based Learning for Tweet Monitoring and Categorization.', 2015, '2017-05-24', 'conf/clef/GobeillGR15', 'https://doi.org/10.1007/978-3-319-24027-5_22');
INSERT INTO Write (AuthorID, PaperID) VALUES (66, 198);
INSERT INTO Write (AuthorID, PaperID) VALUES (66, 239);
INSERT INTO Paper (PaperID, Title, Year, MDate, Key, DOI) VALUES (587, 'Text-only Cross-language Image Search at Medical ImageCLEF 2008.', 2008, '2014-09-29', 'conf/clef/GobeillRZ08a', 'http://ceur-ws.org/Vol-1174/CLEF2008wn-ImageCLEF-GobeillEt2008.pdf');
INSERT INTO Write (AuthorID, PaperID) VALUES (66, 587);
INSERT INTO Write (AuthorID, PaperID) VALUES (66, 762);
INSERT INTO Write (AuthorID, PaperID) VALUES (66, 821);
INSERT INTO Paper (PaperID, Title, Year, MDate, Key, DOI) VALUES (1628, 'Query and Document Expansion with Medical Subject Headings Terms at Medical Imageclef 2008.', 2008, '2017-05-24', 'conf/clef/GobeillRZ08', 'https://doi.org/10.1007/978-3-642-04447-2_95');
INSERT INTO Write (AuthorID, PaperID) VALUES (66, 1628);
INSERT INTO Paper (PaperID, Title, Year, MDate, Key, DOI) VALUES (1799, 'Instance-based Learning for Tweet Categorization in CLEF RepLab 2014.', 2014, '2014-09-10', 'conf/clef/GobeillGR14', 'http://ceur-ws.org/Vol-1180/CLEF2014wn-Rep-GobeilEt2014.pdf');
INSERT INTO Write (AuthorID, PaperID) VALUES (66, 1799);
INSERT INTO Write (AuthorID, PaperID) VALUES (66, 1803);
INSERT INTO Paper (PaperID, Title, Year, MDate, Key, DOI) VALUES (1821, 'Using a Question-Answering Approach in Machine Reading Task of Biomedical Texts about the Alzheimer Disease.', 2013, '2014-09-10', 'conf/clef/VishnyakovaGR13', 'http://ceur-ws.org/Vol-1179/CLEF2013wn-QA4MRE-VishnyakovaEt2013.pdf');
INSERT INTO Write (AuthorID, PaperID) VALUES (66, 1821);
INSERT INTO Write (AuthorID, PaperID) VALUES (66, 2002);
INSERT INTO Paper (PaperID, Title, Year, MDate, Key, DOI) VALUES (2269, 'Exploring a Wide Range of Simple Pre and Post Processing Strategies for Patent Searching in CLEF IP 2009.', 2009, '2014-09-29', 'conf/clef/GobeillTR09', 'http://ceur-ws.org/Vol-1175/CLEF2009wn-CLEFIP-GobeillEt2009.pdf');
INSERT INTO Write (AuthorID, PaperID) VALUES (66, 2269);
INSERT INTO Paper (PaperID, Title, Year, MDate, Key, DOI) VALUES (2324, 'BiTeM Site Report for the Claims to Passage Task in CLEF-IP 2012.', 2012, '2014-09-24', 'conf/clef/GobeillR12', 'http://www.clef-initiative.eu/documents/71612/8923eb76-a555-4a15-ab80-2abda1740011');
INSERT INTO Write (AuthorID, PaperID) VALUES (66, 2324);
INSERT INTO Paper (PaperID, Title, Year, MDate, Key, DOI) VALUES (2778, 'Simple Pre and Post Processing Strategies for Patent Searching in CLEF Intellectual Property Track 2009.', 2009, '2017-06-02', 'conf/clef/GobeillPTR09', 'https://doi.org/10.1007/978-3-642-15754-7_53');
INSERT INTO Write (AuthorID, PaperID) VALUES (66, 2778);
INSERT INTO Write (AuthorID, PaperID) VALUES (66, 2880);
INSERT INTO Paper (PaperID, Title, Year, MDate, Key, DOI) VALUES (2890, 'Instance-based Learning for ICD10 Categorization.', 2018, '2018-08-08', 'conf/clef/GobeillR18', 'http://ceur-ws.org/Vol-2125/paper_149.pdf');
INSERT INTO Write (AuthorID, PaperID) VALUES (66, 2890);
INSERT INTO Paper (PaperID, Title, Year, MDate, Key, DOI) VALUES (2928, 'First Participation of University and Hospitals of Geneva to Domain-Specific Track in CLEF 2008.', 2008, '2014-09-29', 'conf/clef/GobeillR08', 'http://ceur-ws.org/Vol-1174/CLEF2008wn-DomainSpecific-GobeillEt2008.pdf');
INSERT INTO Write (AuthorID, PaperID) VALUES (66, 2928);
INSERT INTO Paper (PaperID, Title, Year, MDate, Key, DOI) VALUES (3120, 'Automatic Prior Art Searching and Patent Encoding at CLEF-IP ''10.', 2010, '2014-09-24', 'conf/clef/TeodoroGPVRL10', 'http://www.clef-initiative.eu/documents/71612/86374/CLEF2010wn-CLEF-IP-TeodoroEt2010.pdf');
INSERT INTO Write (AuthorID, PaperID) VALUES (66, 3120);
INSERT INTO Paper (PaperID, Title, Year, MDate, Key, DOI) VALUES (3198, 'BiTeM at CLEF eHealth Evaluation Lab 2016 Task 2: Multilingual Information Extraction.', 2016, '2016-08-11', 'conf/clef/MottinGMPGR16', 'http://ceur-ws.org/Vol-1609/16090094.pdf');
INSERT INTO Write (AuthorID, PaperID) VALUES (66, 3198);
INSERT INTO Write (AuthorID, PaperID) VALUES (66, 3231);
INSERT INTO Write (AuthorID, PaperID) VALUES (66, 3333);
INSERT INTO Write (AuthorID, PaperID) VALUES (66, 3483);
INSERT INTO Author (AuthorID, Name) VALUES (67, 'Thomas Deselaers');
INSERT INTO Write (AuthorID, PaperID) VALUES (67, 71);
INSERT INTO Write (AuthorID, PaperID) VALUES (67, 437);
INSERT INTO Paper (PaperID, Title, Year, MDate, Key, DOI) VALUES (611, 'FIRE in ImageCLEF 2007: Support Vector Machines and Logistic Models to Fuse Image Descriptors for Photo Retrieval.', 2007, '2017-05-24', 'conf/clef/GassWDN07', 'https://doi.org/10.1007/978-3-540-85760-0_60');
INSERT INTO Write (AuthorID, PaperID) VALUES (67, 611);
INSERT INTO Paper (PaperID, Title, Year, MDate, Key, DOI) VALUES (963, 'FIRE - Flexible Image Retrieval Engine: ImageCLEF 2004 Evaluation.', 2004, '2014-08-15', 'conf/clef/DeselaersKN04', 'http://ceur-ws.org/Vol-1170/CLEF2004wn-ImageCLEF-DeselaersEt2004.pdf');
INSERT INTO Write (AuthorID, PaperID) VALUES (67, 963);
INSERT INTO Write (AuthorID, PaperID) VALUES (67, 975);
INSERT INTO Write (AuthorID, PaperID) VALUES (67, 1044);
INSERT INTO Paper (PaperID, Title, Year, MDate, Key, DOI) VALUES (1123, 'Medical Image Annotation in ImageCLEF 2008.', 2008, '2017-05-24', 'conf/clef/DeselaersD08', 'https://doi.org/10.1007/978-3-642-04447-2_64');
INSERT INTO Write (AuthorID, PaperID) VALUES (67, 1123);
INSERT INTO Write (AuthorID, PaperID) VALUES (67, 1153);
INSERT INTO Write (AuthorID, PaperID) VALUES (67, 1374);
INSERT INTO Write (AuthorID, PaperID) VALUES (67, 1551);
INSERT INTO Paper (PaperID, Title, Year, MDate, Key, DOI) VALUES (1562, 'FIRE in ImageCLEF 2005: Combining Content-based Image Retrieval with Textual Information Retrieval.', 2005, '2014-08-15', 'conf/clef/DeselaersWKMN05a', 'http://ceur-ws.org/Vol-1171/CLEF2005wn-ImageCLEF-DeselaersEt2005.pdf');
INSERT INTO Write (AuthorID, PaperID) VALUES (67, 1562);
INSERT INTO Paper (PaperID, Title, Year, MDate, Key, DOI) VALUES (1906, 'Image Retrieval and Annotation Using Maximum Entropy.', 2006, '2017-05-24', 'conf/clef/DeselaersWN06', 'https://doi.org/10.1007/978-3-540-74999-8_91');
INSERT INTO Write (AuthorID, PaperID) VALUES (67, 1906);
INSERT INTO Paper (PaperID, Title, Year, MDate, Key, DOI) VALUES (2068, 'Image Retrieval and Annotation Using Maximum Entropy.', 2006, '2014-08-15', 'conf/clef/DeselaersWN06a', 'http://ceur-ws.org/Vol-1172/CLEF2006wn-ImageCLEF-DeselaersEt2006.pdf');
INSERT INTO Write (AuthorID, PaperID) VALUES (67, 2068);
INSERT INTO Paper (PaperID, Title, Year, MDate, Key, DOI) VALUES (2306, 'FIRE in ImageCLEF 2005: Combining Content-Based Image Retrieval with Textual Information Retrieval.', 2005, '2017-05-24', 'conf/clef/DeselaersWKMN05', 'https://doi.org/10.1007/11878773_72');
INSERT INTO Write (AuthorID, PaperID) VALUES (67, 2306);
INSERT INTO Write (AuthorID, PaperID) VALUES (67, 2482);
INSERT INTO Write (AuthorID, PaperID) VALUES (67, 2590);
INSERT INTO Write (AuthorID, PaperID) VALUES (67, 2817);
INSERT INTO Paper (PaperID, Title, Year, MDate, Key, DOI) VALUES (2850, 'FIRE in ImageCLEF 2007.', 2007, '2014-09-23', 'conf/clef/DeselaersGWN07', 'http://ceur-ws.org/Vol-1173/CLEF2007wn-ImageCLEF-DeselaersEt2007b.pdf');
INSERT INTO Write (AuthorID, PaperID) VALUES (67, 2850);
INSERT INTO Write (AuthorID, PaperID) VALUES (67, 3076);
INSERT INTO Write (AuthorID, PaperID) VALUES (67, 3288);
INSERT INTO Paper (PaperID, Title, Year, MDate, Key, DOI) VALUES (3308, 'FIRE - Flexible Image Retrieval Engine: ImageCLEF 2004 Evaluation.', 2004, '2017-05-24', 'conf/clef/DeselaersKN05', 'https://doi.org/10.1007/11519645_67');
INSERT INTO Write (AuthorID, PaperID) VALUES (67, 3308);
INSERT INTO Paper (PaperID, Title, Year, MDate, Key, DOI) VALUES (3434, 'Medical Image Annotation in ImageCLEF 2008.', 2008, '2014-09-29', 'conf/clef/DeselaersD08a', 'http://ceur-ws.org/Vol-1174/CLEF2008wn-ImageCLEF-DeselaersEt2008a.pdf');
INSERT INTO Write (AuthorID, PaperID) VALUES (67, 3434);
INSERT INTO Author (AuthorID, Name) VALUES (68, 'William R. Hersh');
INSERT INTO Paper (PaperID, Title, Year, MDate, Key, DOI) VALUES (163, 'Medical Image Retrieval and Automatic Annotation: OHSU at ImageCLEF 2007.', 2007, '2017-05-24', 'conf/clef/Kalpathy-CramerH07', 'https://doi.org/10.1007/978-3-540-85760-0_79');
INSERT INTO Write (AuthorID, PaperID) VALUES (68, 163);
INSERT INTO Paper (PaperID, Title, Year, MDate, Key, DOI) VALUES (382, 'Medical Image Retrieval and Automated Annotation: OHSU at ImageCLEF 2006.', 2006, '2017-05-24', 'conf/clef/HershKJ06', 'https://doi.org/10.1007/978-3-540-74999-8_81');
INSERT INTO Write (AuthorID, PaperID) VALUES (68, 382);
INSERT INTO Write (AuthorID, PaperID) VALUES (68, 437);
INSERT INTO Paper (PaperID, Title, Year, MDate, Key, DOI) VALUES (452, 'Medical Image Retrieval and Automatic Annotation: OHSU at ImageCLEF 2007.', 2007, '2014-09-23', 'conf/clef/Kalpathy-CramerH07a', 'http://ceur-ws.org/Vol-1173/CLEF2007wn-ImageCLEF-KalpathyCramerEt2007.pdf');
INSERT INTO Write (AuthorID, PaperID) VALUES (68, 452);
INSERT INTO Write (AuthorID, PaperID) VALUES (68, 631);
INSERT INTO Write (AuthorID, PaperID) VALUES (68, 1168);
INSERT INTO Paper (PaperID, Title, Year, MDate, Key, DOI) VALUES (1247, 'Manual Query Modification and Automated Translation to Improve Cross-Language Medical Image Retrieval.', 2005, '2014-08-15', 'conf/clef/JensenH05a', 'http://ceur-ws.org/Vol-1171/CLEF2005wn-ImageCLEF-JensenEt2005.pdf');
INSERT INTO Write (AuthorID, PaperID) VALUES (68, 1247);
INSERT INTO Write (AuthorID, PaperID) VALUES (68, 1280);
INSERT INTO Paper (PaperID, Title, Year, MDate, Key, DOI) VALUES (1341, 'Multimodal Medical Image Retrieval: OHSU at ImageCLEF 2008.', 2008, '2014-09-29', 'conf/clef/Kalpathy-CramerBHH08a', 'http://ceur-ws.org/Vol-1174/CLEF2008wn-ImageCLEF-KalpathyCramerEt2008.pdf');
INSERT INTO Write (AuthorID, PaperID) VALUES (68, 1341);
INSERT INTO Write (AuthorID, PaperID) VALUES (68, 1374);
INSERT INTO Write (AuthorID, PaperID) VALUES (68, 1505);
INSERT INTO Write (AuthorID, PaperID) VALUES (68, 1537);
INSERT INTO Paper (PaperID, Title, Year, MDate, Key, DOI) VALUES (1566, 'Multimodal Medical Image Retrieval: Improving Precision at ImageCLEF 2009.', 2009, '2014-09-29', 'conf/clef/RadhouaniKBBH09a', 'http://ceur-ws.org/Vol-1175/CLEF2009wn-ImageCLEF-RadhouaniEt2009.pdf');
INSERT INTO Write (AuthorID, PaperID) VALUES (68, 1566);
INSERT INTO Paper (PaperID, Title, Year, MDate, Key, DOI) VALUES (1959, 'Multimodal Medical Image Retrieval OHSU at ImageCLEF 2008.', 2008, '2017-09-16', 'conf/clef/Kalpathy-CramerBHH08', 'https://doi.org/10.1007/978-3-642-04447-2_96');
INSERT INTO Write (AuthorID, PaperID) VALUES (68, 1959);
INSERT INTO Paper (PaperID, Title, Year, MDate, Key, DOI) VALUES (2444, 'Manual Query Modification and Data Fusion for Medical Image Retrieval.', 2005, '2017-05-24', 'conf/clef/JensenH05', 'https://doi.org/10.1007/11878773_74');
INSERT INTO Write (AuthorID, PaperID) VALUES (68, 2444);
INSERT INTO Paper (PaperID, Title, Year, MDate, Key, DOI) VALUES (2469, 'Using Media Fusion and Domain Dimensions to Improve Precision in Medical Image Retrieval.', 2009, '2017-09-16', 'conf/clef/RadhouaniKBBH09', 'https://doi.org/10.1007/978-3-642-15751-6_27');
INSERT INTO Write (AuthorID, PaperID) VALUES (68, 2469);
INSERT INTO Write (AuthorID, PaperID) VALUES (68, 2482);
INSERT INTO Write (AuthorID, PaperID) VALUES (68, 2590);
INSERT INTO Write (AuthorID, PaperID) VALUES (68, 2817);
INSERT INTO Paper (PaperID, Title, Year, MDate, Key, DOI) VALUES (3215, 'Medical Image Retrieval and Automated Annotation: OHSU at ImageCLEF 2006.', 2006, '2014-08-15', 'conf/clef/HershKJ06a', 'http://ceur-ws.org/Vol-1172/CLEF2006wn-ImageCLEF-HershEt2006.pdf');
INSERT INTO Write (AuthorID, PaperID) VALUES (68, 3215);
INSERT INTO Write (AuthorID, PaperID) VALUES (68, 3288);
INSERT INTO Author (AuthorID, Name) VALUES (69, 'Adenike M. Lam-Adesina');
INSERT INTO Write (AuthorID, PaperID) VALUES (69, 72);
INSERT INTO Write (AuthorID, PaperID) VALUES (69, 121);
INSERT INTO Write (AuthorID, PaperID) VALUES (69, 396);
INSERT INTO Write (AuthorID, PaperID) VALUES (69, 450);
INSERT INTO Write (AuthorID, PaperID) VALUES (69, 759);
INSERT INTO Write (AuthorID, PaperID) VALUES (69, 866);
INSERT INTO Write (AuthorID, PaperID) VALUES (69, 886);
INSERT INTO Write (AuthorID, PaperID) VALUES (69, 921);
INSERT INTO Write (AuthorID, PaperID) VALUES (69, 1045);
INSERT INTO Write (AuthorID, PaperID) VALUES (69, 1174);
INSERT INTO Write (AuthorID, PaperID) VALUES (69, 1189);
INSERT INTO Write (AuthorID, PaperID) VALUES (69, 1570);
INSERT INTO Write (AuthorID, PaperID) VALUES (69, 1629);
INSERT INTO Write (AuthorID, PaperID) VALUES (69, 1635);
INSERT INTO Write (AuthorID, PaperID) VALUES (69, 1651);
INSERT INTO Write (AuthorID, PaperID) VALUES (69, 2528);
INSERT INTO Write (AuthorID, PaperID) VALUES (69, 2653);
INSERT INTO Write (AuthorID, PaperID) VALUES (69, 3057);
INSERT INTO Write (AuthorID, PaperID) VALUES (69, 3203);
INSERT INTO Write (AuthorID, PaperID) VALUES (69, 3332);
INSERT INTO Write (AuthorID, PaperID) VALUES (69, 3341);
INSERT INTO Author (AuthorID, Name) VALUES (70, 'Jos&eacute; Luis Vicedo Gonz&aacute;lez');
INSERT INTO Paper (PaperID, Title, Year, MDate, Key, DOI) VALUES (63, 'Re-ranking Passages with LSA in a Question Answering System.', 2006, '2017-05-24', 'conf/clef/TomasG06', 'https://doi.org/10.1007/978-3-540-74999-8_34');
INSERT INTO Write (AuthorID, PaperID) VALUES (70, 63);
INSERT INTO Write (AuthorID, PaperID) VALUES (70, 95);
INSERT INTO Write (AuthorID, PaperID) VALUES (70, 159);
INSERT INTO Write (AuthorID, PaperID) VALUES (70, 171);
INSERT INTO Write (AuthorID, PaperID) VALUES (70, 391);
INSERT INTO Paper (PaperID, Title, Year, MDate, Key, DOI) VALUES (629, 'Building an XML Framework for Question Answering.', 2005, '2014-08-15', 'conf/clef/TomasGSI05', 'http://ceur-ws.org/Vol-1171/CLEF2005wn-QACLEF-TomasEt2005.pdf');
INSERT INTO Write (AuthorID, PaperID) VALUES (70, 629);
INSERT INTO Write (AuthorID, PaperID) VALUES (70, 653);
INSERT INTO Write (AuthorID, PaperID) VALUES (70, 1098);
INSERT INTO Paper (PaperID, Title, Year, MDate, Key, DOI) VALUES (1285, 'Does English help Question Answering in Spanish?', 2004, '2014-08-15', 'conf/clef/GonzalezSI04', 'http://ceur-ws.org/Vol-1170/CLEF2004wn-QACLEF-VicedoEt2004.pdf');
INSERT INTO Write (AuthorID, PaperID) VALUES (70, 1285);
INSERT INTO Write (AuthorID, PaperID) VALUES (70, 1695);
INSERT INTO Paper (PaperID, Title, Year, MDate, Key, DOI) VALUES (1796, 'Pattern-Based Image Retrieval with Constraints and Preferences on ImageCLEF 2004.', 2004, '2017-05-24', 'conf/clef/Saiz-NoedaGI05', 'https://doi.org/10.1007/11519645_61');
INSERT INTO Write (AuthorID, PaperID) VALUES (70, 1796);
INSERT INTO Write (AuthorID, PaperID) VALUES (70, 1809);
INSERT INTO Paper (PaperID, Title, Year, MDate, Key, DOI) VALUES (2147, 'Pattern-based Image Retrieval with Constraints and Preferences on ImageCLEF 2004.', 2004, '2014-08-15', 'conf/clef/Saiz-NoedaGI04', 'http://ceur-ws.org/Vol-1170/CLEF2004wn-ImageCLEF-SaizNoedaEt2004.pdf');
INSERT INTO Write (AuthorID, PaperID) VALUES (70, 2147);
INSERT INTO Paper (PaperID, Title, Year, MDate, Key, DOI) VALUES (2225, 'Experiments with LSA for Passage Re-Ranking in Question Answering.', 2006, '2014-08-15', 'conf/clef/TomasGBM06', 'http://ceur-ws.org/Vol-1172/CLEF2006wn-QACLEF-TomasEt2006.pdf');
INSERT INTO Write (AuthorID, PaperID) VALUES (70, 2225);
INSERT INTO Paper (PaperID, Title, Year, MDate, Key, DOI) VALUES (2406, 'A Probabilistic, Text and Knowledge-Based Image Retrieval System.', 2005, '2017-05-24', 'conf/clef/Izquierdo-BeviaTSG05', 'https://doi.org/10.1007/11878773_63');
INSERT INTO Write (AuthorID, PaperID) VALUES (70, 2406);
INSERT INTO Paper (PaperID, Title, Year, MDate, Key, DOI) VALUES (2583, 'University of Alicante in ImageCLEF2005.', 2005, '2014-08-15', 'conf/clef/Izquierdo-BeviaTSG05a', 'http://ceur-ws.org/Vol-1171/CLEF2005wn-ImageCLEF-IzquierdoBeviaEt2005.pdf');
INSERT INTO Write (AuthorID, PaperID) VALUES (70, 2583);
INSERT INTO Write (AuthorID, PaperID) VALUES (70, 2882);
INSERT INTO Write (AuthorID, PaperID) VALUES (70, 3161);
INSERT INTO Paper (PaperID, Title, Year, MDate, Key, DOI) VALUES (3265, 'An XML-Based System for Spanish Question Answering.', 2005, '2017-05-24', 'conf/clef/TomasVSI05', 'https://doi.org/10.1007/11878773_39');
INSERT INTO Write (AuthorID, PaperID) VALUES (70, 3265);
INSERT INTO Write (AuthorID, PaperID) VALUES (70, 3387);
INSERT INTO Author (AuthorID, Name) VALUES (71, 'Philippe Mulhem');
INSERT INTO Paper (PaperID, Title, Year, MDate, Key, DOI) VALUES (59, 'Word Embedding for Social Book Suggestion.', 2016, '2016-08-11', 'conf/clef/AmerMGA16', 'http://ceur-ws.org/Vol-1609/16091136.pdf');
INSERT INTO Write (AuthorID, PaperID) VALUES (71, 59);
INSERT INTO Write (AuthorID, PaperID) VALUES (71, 243);
INSERT INTO Paper (PaperID, Title, Year, MDate, Key, DOI) VALUES (284, 'MRIM-LIG at ImageCLEF 2010 Visual Concept Detection and Annotation task.', 2010, '2016-06-01', 'conf/clef/AlbatalM10', 'http://www.clef-initiative.eu/documents/71612/86374/CLEF2010wn-ImageCLEF-Al%20BatalEt2010.pdf');
INSERT INTO Write (AuthorID, PaperID) VALUES (71, 284);
INSERT INTO Write (AuthorID, PaperID) VALUES (71, 643);
INSERT INTO Paper (PaperID, Title, Year, MDate, Key, DOI) VALUES (710, 'MRIM-LIG at ImageCLEF 2016 Scalable Concept Image Annotation Task.', 2016, '2016-08-11', 'conf/clef/PortazBMP16', 'http://ceur-ws.org/Vol-1609/16090363.pdf');
INSERT INTO Write (AuthorID, PaperID) VALUES (71, 710);
INSERT INTO Write (AuthorID, PaperID) VALUES (71, 803);
INSERT INTO Write (AuthorID, PaperID) VALUES (71, 1013);
INSERT INTO Write (AuthorID, PaperID) VALUES (71, 1221);
INSERT INTO Write (AuthorID, PaperID) VALUES (71, 1398);
INSERT INTO Write (AuthorID, PaperID) VALUES (71, 1436);
INSERT INTO Write (AuthorID, PaperID) VALUES (71, 1579);
INSERT INTO Paper (PaperID, Title, Year, MDate, Key, DOI) VALUES (1644, 'Visual Language Modeling for Mobile Localization: LIG Participation in RobotVision''09.', 2009, '2014-09-29', 'conf/clef/PhamMM09', 'http://ceur-ws.org/Vol-1175/CLEF2009wn-ImageCLEF-PhamEt2009.pdf');
INSERT INTO Write (AuthorID, PaperID) VALUES (71, 1644);
INSERT INTO Paper (PaperID, Title, Year, MDate, Key, DOI) VALUES (1762, 'LIG at CLEF 2015 SBS Lab.', 2015, '2015-09-03', 'conf/clef/MulhemAG15', 'http://ceur-ws.org/Vol-1391/6-CR.pdf');
INSERT INTO Write (AuthorID, PaperID) VALUES (71, 1762);
INSERT INTO Write (AuthorID, PaperID) VALUES (71, 1833);
INSERT INTO Write (AuthorID, PaperID) VALUES (71, 1888);
INSERT INTO Write (AuthorID, PaperID) VALUES (71, 2263);
INSERT INTO Paper (PaperID, Title, Year, MDate, Key, DOI) VALUES (2716, 'LIG-MRIM at Image Photo Annotation Task in ImageCLEF 2011.', 2011, '2014-09-24', 'conf/clef/AlbatalSQM11', 'http://www.clef-initiative.eu/documents/71612/86377/CLEF2011wn-ImageCLEF-AlbatalEt2011.pdf');
INSERT INTO Write (AuthorID, PaperID) VALUES (71, 2716);
INSERT INTO Write (AuthorID, PaperID) VALUES (71, 2754);
INSERT INTO Write (AuthorID, PaperID) VALUES (71, 3103);
INSERT INTO Paper (PaperID, Title, Year, MDate, Key, DOI) VALUES (3166, 'LIG at ImageCLEFphoto 2008.', 2008, '2014-09-29', 'conf/clef/Mulhem08', 'http://ceur-ws.org/Vol-1174/CLEF2008wn-ImageCLEF-Mulhem2008.pdf');
INSERT INTO Write (AuthorID, PaperID) VALUES (71, 3166);
INSERT INTO Author (AuthorID, Name) VALUES (72, 'Guido Zuccon');
INSERT INTO Write (AuthorID, PaperID) VALUES (72, 531);
INSERT INTO Paper (PaperID, Title, Year, MDate, Key, DOI) VALUES (674, 'Identify Disorders in Health Records using Conditional Random Fields and Metamap AEHRC at ShARe/CLEF 2013 eHealth Evaluation Lab Task 1.', 2013, '2014-12-11', 'conf/clef/ZucconHKN13', 'http://ceur-ws.org/Vol-1179/CLEF2013wn-CLEFeHealth-ZucconEt2013.pdf');
INSERT INTO Write (AuthorID, PaperID) VALUES (72, 674);
INSERT INTO Write (AuthorID, PaperID) VALUES (72, 685);
INSERT INTO Paper (PaperID, Title, Year, MDate, Key, DOI) VALUES (795, 'QUT ielab at CLEF 2017 e-Health IR Task: Knowledge Base Retrieval for Consumer Health Search.', 2017, '2017-08-15', 'conf/clef/JimmyZK17', 'http://ceur-ws.org/Vol-1866/paper_91.pdf');
INSERT INTO Write (AuthorID, PaperID) VALUES (72, 795);
INSERT INTO Write (AuthorID, PaperID) VALUES (72, 822);
INSERT INTO Write (AuthorID, PaperID) VALUES (72, 910);
INSERT INTO Paper (PaperID, Title, Year, MDate, Key, DOI) VALUES (1326, 'Retrieval of Health Advice on the Web AEHRC at ShARe/CLEF eHealth Evaluation Lab Task 3.', 2013, '2014-12-11', 'conf/clef/ZucconKN13', 'http://ceur-ws.org/Vol-1179/CLEF2013wn-CLEFeHealth-ZucconEt2013b.pdf');
INSERT INTO Write (AuthorID, PaperID) VALUES (72, 1326);
INSERT INTO Write (AuthorID, PaperID) VALUES (72, 1586);
INSERT INTO Write (AuthorID, PaperID) VALUES (72, 1729);
INSERT INTO Write (AuthorID, PaperID) VALUES (72, 1774);
INSERT INTO Write (AuthorID, PaperID) VALUES (72, 2059);
INSERT INTO Write (AuthorID, PaperID) VALUES (72, 2189);
INSERT INTO Write (AuthorID, PaperID) VALUES (72, 2398);
INSERT INTO Paper (PaperID, Title, Year, MDate, Key, DOI) VALUES (2515, 'The University of Glasgow at ImageCLEFPhoto 2009.', 2009, '2014-09-29', 'conf/clef/ZucconLGHPJ09', 'http://ceur-ws.org/Vol-1175/CLEF2009wn-ImageCLEF-ZucconEt2009.pdf');
INSERT INTO Write (AuthorID, PaperID) VALUES (72, 2515);
INSERT INTO Write (AuthorID, PaperID) VALUES (72, 2524);
INSERT INTO Write (AuthorID, PaperID) VALUES (72, 2735);
INSERT INTO Paper (PaperID, Title, Year, MDate, Key, DOI) VALUES (2765, 'University of Glasgow at ImageCLEFPhoto 2009: Optimising Similarity and Diversity in Image Retrieval.', 2009, '2018-11-02', 'conf/clef/LeelanupabZGHPJ09', 'https://doi.org/10.1007/978-3-642-15751-6_14');
INSERT INTO Write (AuthorID, PaperID) VALUES (72, 2765);
INSERT INTO Paper (PaperID, Title, Year, MDate, Key, DOI) VALUES (2768, 'QUT IElab at CLEF 2018 Consumer Health Search Task: Knowledge Base Retrieval for Consumer Health Search.', 2018, '2018-08-08', 'conf/clef/JimmyZK18', 'http://ceur-ws.org/Vol-2125/paper_203.pdf');
INSERT INTO Write (AuthorID, PaperID) VALUES (72, 2768);
INSERT INTO Paper (PaperID, Title, Year, MDate, Key, DOI) VALUES (2952, 'QUT ielab at CLEF 2017 Technology Assisted Reviews Track: Initial Experiments with Learning To Rank.', 2017, '2017-08-15', 'conf/clef/ScellsZDK17', 'http://ceur-ws.org/Vol-1866/paper_98.pdf');
INSERT INTO Write (AuthorID, PaperID) VALUES (72, 2952);
INSERT INTO Write (AuthorID, PaperID) VALUES (72, 2997);
INSERT INTO Author (AuthorID, Name) VALUES (73, 'Hsin-Hsi Chen');
INSERT INTO Paper (PaperID, Title, Year, MDate, Key, DOI) VALUES (17, 'From Text to Image: Generating Visual Query for Image Retrieval.', 2004, '2014-08-15', 'conf/clef/LinCC04', 'http://ceur-ws.org/Vol-1170/CLEF2004wn-ImageCLEF-LinEt2004.pdf');
INSERT INTO Write (AuthorID, PaperID) VALUES (73, 17);
INSERT INTO Paper (PaperID, Title, Year, MDate, Key, DOI) VALUES (173, 'Foreign Name Backward Transliteration in Chinese-English Cross-Language Image Retrieval.', 2003, '2017-06-02', 'conf/clef/LinYC03', 'https://doi.org/10.1007/978-3-540-30222-3_58');
INSERT INTO Write (AuthorID, PaperID) VALUES (73, 173);
INSERT INTO Paper (PaperID, Title, Year, MDate, Key, DOI) VALUES (646, 'Merging Results by Predicted Retrieval Effectiveness.', 2003, '2017-06-02', 'conf/clef/LinC03', 'https://doi.org/10.1007/978-3-540-30222-3_19');
INSERT INTO Write (AuthorID, PaperID) VALUES (73, 646);
INSERT INTO Paper (PaperID, Title, Year, MDate, Key, DOI) VALUES (786, 'NTU at CLEF 2001: Chinese-English Cross-Lingual Information Retrieval.', 2001, '2014-08-15', 'conf/clef/ChenL01', 'http://ceur-ws.org/Vol-1167/CLEF2001wn-adhoc-ChenEt2001.pdf');
INSERT INTO Write (AuthorID, PaperID) VALUES (73, 786);
INSERT INTO Paper (PaperID, Title, Year, MDate, Key, DOI) VALUES (917, 'Foreign Name Backward Transliteration in Chinese-English Cross-Language Image Retrieval.', 2003, '2014-08-15', 'conf/clef/LinYC03a', 'http://ceur-ws.org/Vol-1169/CLEF2003wn-ImageCLEF-LinEt2003.pdf');
INSERT INTO Write (AuthorID, PaperID) VALUES (73, 917);
INSERT INTO Paper (PaperID, Title, Year, MDate, Key, DOI) VALUES (927, 'Approaches Using a Word-Image Ontology and an Annotated Image Corpus as Intermedia for Cross-Language Image Retrieval.', 2006, '2014-08-15', 'conf/clef/ChangC06a', 'http://ceur-ws.org/Vol-1172/CLEF2006wn-ImageCLEF-ChangEt2006.pdf');
INSERT INTO Write (AuthorID, PaperID) VALUES (73, 927);
INSERT INTO Paper (PaperID, Title, Year, MDate, Key, DOI) VALUES (949, 'Increasing Precision and Diversity in Photo Retrieval by Result Fusion.', 2008, '2017-06-02', 'conf/clef/ChangC08', 'https://doi.org/10.1007/978-3-642-04447-2_76');
INSERT INTO Write (AuthorID, PaperID) VALUES (73, 949);
INSERT INTO Paper (PaperID, Title, Year, MDate, Key, DOI) VALUES (1134, 'Combining Text and Image Queries at ImageCLEF2005.', 2005, '2014-08-15', 'conf/clef/ChangLC05a', 'http://ceur-ws.org/Vol-1171/CLEF2005wn-ImageCLEF-ChangEt2005.pdf');
INSERT INTO Write (AuthorID, PaperID) VALUES (73, 1134);
INSERT INTO Paper (PaperID, Title, Year, MDate, Key, DOI) VALUES (1246, 'Visual Concept Selection with Textual Knowledge for Understanding Activities of Daily Living and Life Moment Retrieval.', 2018, '2018-08-08', 'conf/clef/TangFHCC18', 'http://ceur-ws.org/Vol-2125/paper_124.pdf');
INSERT INTO Write (AuthorID, PaperID) VALUES (73, 1246);
INSERT INTO Paper (PaperID, Title, Year, MDate, Key, DOI) VALUES (1462, 'Merging Mechanisms in Multilingual Information Retrieval.', 2002, '2014-08-15', 'conf/clef/LinC02a', 'http://ceur-ws.org/Vol-1168/CLEF2002wn-adhoc-LinEt2002.pdf');
INSERT INTO Write (AuthorID, PaperID) VALUES (73, 1462);
INSERT INTO Paper (PaperID, Title, Year, MDate, Key, DOI) VALUES (1464, 'From Text to Image: Generating Visual Query for Image Retrieval.', 2004, '2017-06-02', 'conf/clef/LinCC05', 'https://doi.org/10.1007/11519645_65');
INSERT INTO Write (AuthorID, PaperID) VALUES (73, 1464);
INSERT INTO Paper (PaperID, Title, Year, MDate, Key, DOI) VALUES (1474, 'Using an Image-Text Parallel Corpus and the Web for Query Expansion in Cross-Language Image Retrieval.', 2007, '2017-06-02', 'conf/clef/ChangC07', 'https://doi.org/10.1007/978-3-540-85760-0_62');
INSERT INTO Write (AuthorID, PaperID) VALUES (73, 1474);
INSERT INTO Paper (PaperID, Title, Year, MDate, Key, DOI) VALUES (2164, 'A Corpus-Based Relevance Feedback Approach to Cross-Language Image Retrieval.', 2005, '2017-06-02', 'conf/clef/ChangLC05', 'https://doi.org/10.1007/11878773_66');
INSERT INTO Write (AuthorID, PaperID) VALUES (73, 2164);
INSERT INTO Paper (PaperID, Title, Year, MDate, Key, DOI) VALUES (2353, 'Merging Results by Using Predicted Retrieval Effectiveness.', 2003, '2014-08-15', 'conf/clef/LinC03a', 'http://ceur-ws.org/Vol-1169/CLEF2003wn-adhoc-LinEt2003.pdf');
INSERT INTO Write (AuthorID, PaperID) VALUES (73, 2353);
INSERT INTO Paper (PaperID, Title, Year, MDate, Key, DOI) VALUES (2901, 'Approaches of Using a Word-Image Ontology and an Annotated Image Corpus as Intermedia for Cross-Language Image Retrieval.', 2006, '2017-06-02', 'conf/clef/ChangC06', 'https://doi.org/10.1007/978-3-540-74999-8_76');
INSERT INTO Write (AuthorID, PaperID) VALUES (73, 2901);
INSERT INTO Paper (PaperID, Title, Year, MDate, Key, DOI) VALUES (3003, 'Increasing Relevance and Diversity in Photo Retrieval by Result Fusion.', 2008, '2014-09-29', 'conf/clef/ChangC08a', 'http://ceur-ws.org/Vol-1174/CLEF2008wn-ImageCLEF-ChangEt2008.pdf');
INSERT INTO Write (AuthorID, PaperID) VALUES (73, 3003);
INSERT INTO Paper (PaperID, Title, Year, MDate, Key, DOI) VALUES (3008, 'Using Co-occurrence, Augmented Restrictions, and C-E WordNet for Chinese-English Cross-Language Information Retrieval at CLEF 2001.', 2001, '2017-06-02', 'conf/clef/LinC01', 'https://doi.org/10.1007/3-540-45691-0_9');
INSERT INTO Write (AuthorID, PaperID) VALUES (73, 3008);
INSERT INTO Paper (PaperID, Title, Year, MDate, Key, DOI) VALUES (3188, 'A Neural Network Approach to Early Risk Detection of Depression and Anorexia on Social Media Text.', 2018, '2018-08-08', 'conf/clef/WangHC18', 'http://ceur-ws.org/Vol-2125/paper_126.pdf');
INSERT INTO Write (AuthorID, PaperID) VALUES (73, 3188);
INSERT INTO Paper (PaperID, Title, Year, MDate, Key, DOI) VALUES (3274, 'Experiment for Using Web Information to do Query and Document Expansion.', 2007, '2014-09-23', 'conf/clef/ChangC07a', 'http://ceur-ws.org/Vol-1173/CLEF2007wn-ImageCLEF-ChangEt2007.pdf');
INSERT INTO Write (AuthorID, PaperID) VALUES (73, 3274);
INSERT INTO Paper (PaperID, Title, Year, MDate, Key, DOI) VALUES (3523, 'Merging Mechanisms in Multilingual Information Retrieval.', 2002, '2017-06-02', 'conf/clef/LinC02', 'https://doi.org/10.1007/978-3-540-45237-9_14');
INSERT INTO Write (AuthorID, PaperID) VALUES (73, 3523);
INSERT INTO Author (AuthorID, Name) VALUES (74, 'Bogdan Sacaleanu');
INSERT INTO Write (AuthorID, PaperID) VALUES (74, 142);
INSERT INTO Paper (PaperID, Title, Year, MDate, Key, DOI) VALUES (191, 'DFKI-LT at the CLEF 2006 Multiple Language Question Answering Track.', 2006, '2014-08-15', 'conf/clef/SacaleanuN06a', 'http://ceur-ws.org/Vol-1172/CLEF2006wn-QACLEF-SacaleanuEt2006.pdf');
INSERT INTO Write (AuthorID, PaperID) VALUES (74, 191);
INSERT INTO Paper (PaperID, Title, Year, MDate, Key, DOI) VALUES (402, 'DFKI-LT at QA@CLEF 2008.', 2008, '2017-05-24', 'conf/clef/SacaleanuNS08', 'https://doi.org/10.1007/978-3-642-04447-2_50');
INSERT INTO Write (AuthorID, PaperID) VALUES (74, 402);
INSERT INTO Write (AuthorID, PaperID) VALUES (74, 633);
INSERT INTO Paper (PaperID, Title, Year, MDate, Key, DOI) VALUES (805, 'Experiments on Robust NL Question Interpretation and Multi-layered Document Annotation for a Cross-Language Question/Answering System.', 2004, '2017-05-24', 'conf/clef/NeumannS05', 'https://doi.org/10.1007/11519645_41');
INSERT INTO Write (AuthorID, PaperID) VALUES (74, 805);
INSERT INTO Write (AuthorID, PaperID) VALUES (74, 907);
INSERT INTO Write (AuthorID, PaperID) VALUES (74, 1163);
INSERT INTO Write (AuthorID, PaperID) VALUES (74, 1205);
INSERT INTO Paper (PaperID, Title, Year, MDate, Key, DOI) VALUES (1529, 'DFKI-LT at QA@CLEF 2007.', 2007, '2017-05-24', 'conf/clef/SacaleanuNS07', 'https://doi.org/10.1007/978-3-540-85760-0_35');
INSERT INTO Write (AuthorID, PaperID) VALUES (74, 1529);
INSERT INTO Paper (PaperID, Title, Year, MDate, Key, DOI) VALUES (1887, 'A Cross-Lingual German-English Framework for Open-Domain Question Answering.', 2006, '2017-05-24', 'conf/clef/SacaleanuN06', 'https://doi.org/10.1007/978-3-540-74999-8_40');
INSERT INTO Write (AuthorID, PaperID) VALUES (74, 1887);
INSERT INTO Paper (PaperID, Title, Year, MDate, Key, DOI) VALUES (2238, 'Experiments on Cross-Linguality and Question-Type Driven Strategy Selection for Open-Domain QA.', 2005, '2017-05-24', 'conf/clef/NeumannS05a', 'https://doi.org/10.1007/11878773_48');
INSERT INTO Write (AuthorID, PaperID) VALUES (74, 2238);
INSERT INTO Paper (PaperID, Title, Year, MDate, Key, DOI) VALUES (2331, 'Experiments on Robust NL Question Interpretation and Multi-layered Document Annotation for a Cross-Language Question/Answering-System.', 2004, '2014-08-15', 'conf/clef/NeumannS04', 'http://ceur-ws.org/Vol-1170/CLEF2004wn-QACLEF-NeumannEt2004.pdf');
INSERT INTO Write (AuthorID, PaperID) VALUES (74, 2331);
INSERT INTO Paper (PaperID, Title, Year, MDate, Key, DOI) VALUES (2767, 'DFKI at QA@CLEF 2008.', 2008, '2014-09-29', 'conf/clef/SacaleanuNS08a', 'http://ceur-ws.org/Vol-1174/CLEF2008wn-QACLEF-SacaleanuEt2008.pdf');
INSERT INTO Write (AuthorID, PaperID) VALUES (74, 2767);
INSERT INTO Write (AuthorID, PaperID) VALUES (74, 2836);
INSERT INTO Paper (PaperID, Title, Year, MDate, Key, DOI) VALUES (2979, 'DFKI''s LT-lab at the CLEF 2005 Multiple Language Question Answering Track.', 2005, '2014-08-15', 'conf/clef/NeumannS05b', 'http://ceur-ws.org/Vol-1171/CLEF2005wn-QACLEF-NeumanEt2005.pdf');
INSERT INTO Write (AuthorID, PaperID) VALUES (74, 2979);
INSERT INTO Write (AuthorID, PaperID) VALUES (74, 3147);
INSERT INTO Paper (PaperID, Title, Year, MDate, Key, DOI) VALUES (3204, 'A Cross-Language Question/Answering-System for German and English.', 2003, '2017-05-24', 'conf/clef/NeumannS03', 'https://doi.org/10.1007/978-3-540-30222-3_54');
INSERT INTO Write (AuthorID, PaperID) VALUES (74, 3204);
INSERT INTO Paper (PaperID, Title, Year, MDate, Key, DOI) VALUES (3226, 'A Cross-Language Question/Answering-System for German and English.', 2003, '2014-08-15', 'conf/clef/NeumannS03a', 'http://ceur-ws.org/Vol-1169/CLEF2003wn-QACLEF-NeumannEt2003.pdf');
INSERT INTO Write (AuthorID, PaperID) VALUES (74, 3226);
INSERT INTO Paper (PaperID, Title, Year, MDate, Key, DOI) VALUES (3258, 'DFKI-LT at QA@CLEF 2007.', 2007, '2014-09-23', 'conf/clef/SacaleanuNS07a', 'http://ceur-ws.org/Vol-1173/CLEF2007wn-QACLEF-SacaleanuEt2007.pdf');
INSERT INTO Write (AuthorID, PaperID) VALUES (74, 3258);
INSERT INTO Write (AuthorID, PaperID) VALUES (74, 3286);
INSERT INTO Author (AuthorID, Name) VALUES (75, 'Bernardo Magnini');
INSERT INTO Paper (PaperID, Title, Year, MDate, Key, DOI) VALUES (24, 'The DIOGENE Question Answering System at CLEF-2004.', 2004, '2014-08-15', 'conf/clef/TanevNMK04', 'http://ceur-ws.org/Vol-1170/CLEF2004wn-QACLEF-TanevEt2004.pdf');
INSERT INTO Write (AuthorID, PaperID) VALUES (75, 24);
INSERT INTO Write (AuthorID, PaperID) VALUES (75, 76);
INSERT INTO Paper (PaperID, Title, Year, MDate, Key, DOI) VALUES (139, 'Exploiting Linguistic Indices and Syntactic Structures for Multilingual Question Answering: ITC-irst at CLEF 2005.', 2005, '2016-08-30', 'conf/clef/TanevKMNS05a', 'http://ceur-ws.org/Vol-1171/CLEF2005wn-QACLEF-TanevEt2005.pdf');
INSERT INTO Write (AuthorID, PaperID) VALUES (75, 139);
INSERT INTO Write (AuthorID, PaperID) VALUES (75, 142);
INSERT INTO Paper (PaperID, Title, Year, MDate, Key, DOI) VALUES (194, 'SemEval-2007 Task 01: Evaluating WSD on Cross-Language Information Retrieval.', 2007, '2014-09-23', 'conf/clef/AgirreLMORV07a', 'http://ceur-ws.org/Vol-1173/CLEF2007wn-MorphoChallenge-AgirreEt2007.pdf');
INSERT INTO Write (AuthorID, PaperID) VALUES (75, 194);
INSERT INTO Paper (PaperID, Title, Year, MDate, Key, DOI) VALUES (195, 'The DIOGENE Question Answering System at CLEF-2004.', 2004, '2017-05-24', 'conf/clef/TanevNMK05', 'https://doi.org/10.1007/11519645_43');
INSERT INTO Write (AuthorID, PaperID) VALUES (75, 195);
INSERT INTO Paper (PaperID, Title, Year, MDate, Key, DOI) VALUES (397, 'Towards Entailment-based Question Answering: ITC-irst at CLEF 2006.', 2006, '2014-08-15', 'conf/clef/KouylekovNMC06a', 'http://ceur-ws.org/Vol-1172/CLEF2006wn-QACLEF-KouylekovEt2006.pdf');
INSERT INTO Write (AuthorID, PaperID) VALUES (75, 397);
INSERT INTO Write (AuthorID, PaperID) VALUES (75, 399);
INSERT INTO Paper (PaperID, Title, Year, MDate, Key, DOI) VALUES (515, 'FBK-irst at CLEF 2007.', 2007, '2014-09-23', 'conf/clef/KouylekovNMC07', 'http://ceur-ws.org/Vol-1173/CLEF2007wn-QACLEF-KouylekovEt2007.pdf');
INSERT INTO Write (AuthorID, PaperID) VALUES (75, 515);
INSERT INTO Paper (PaperID, Title, Year, MDate, Key, DOI) VALUES (541, 'Exploiting Linguistic Indices and Syntactic Structures for Multilingual Question Answering: ITC-irst at CLEF 2005.', 2005, '2017-05-24', 'conf/clef/TanevKMNS05', 'https://doi.org/10.1007/11878773_44');
INSERT INTO Write (AuthorID, PaperID) VALUES (75, 541);
INSERT INTO Paper (PaperID, Title, Year, MDate, Key, DOI) VALUES (570, 'Towards Entailment-Based Question Answering: ITC-irst at CLEF 2006.', 2006, '2017-05-24', 'conf/clef/KouylekovNMC06', 'https://doi.org/10.1007/978-3-540-74999-8_64');
INSERT INTO Write (AuthorID, PaperID) VALUES (75, 570);
INSERT INTO Write (AuthorID, PaperID) VALUES (75, 633);
INSERT INTO Write (AuthorID, PaperID) VALUES (75, 1028);
INSERT INTO Write (AuthorID, PaperID) VALUES (75, 1163);
INSERT INTO Paper (PaperID, Title, Year, MDate, Key, DOI) VALUES (1525, 'Bridging Languages for Question Answering: DIOGENE at CLEF 2003.', 2003, '2014-08-15', 'conf/clef/NegriTM03a', 'http://ceur-ws.org/Vol-1169/CLEF2003wn-QACLEF-NegriEt2003.pdf');
INSERT INTO Write (AuthorID, PaperID) VALUES (75, 1525);
INSERT INTO Paper (PaperID, Title, Year, MDate, Key, DOI) VALUES (2335, 'Bridging Languages for Question Answering: DIOGENE at CLEF 2003.', 2003, '2017-05-24', 'conf/clef/NegriTM03', 'https://doi.org/10.1007/978-3-540-30222-3_48');
INSERT INTO Write (AuthorID, PaperID) VALUES (75, 2335);
INSERT INTO Write (AuthorID, PaperID) VALUES (75, 2349);
INSERT INTO Paper (PaperID, Title, Year, MDate, Key, DOI) VALUES (2580, 'SemEval-2007 Task 01: Evaluating WSD on Cross-Language Information Retrieval.', 2007, '2017-05-24', 'conf/clef/AgirreLMORV07', 'https://doi.org/10.1007/978-3-540-85760-0_116');
INSERT INTO Write (AuthorID, PaperID) VALUES (75, 2580);
INSERT INTO Write (AuthorID, PaperID) VALUES (75, 2864);
INSERT INTO Write (AuthorID, PaperID) VALUES (75, 3175);
INSERT INTO Author (AuthorID, Name) VALUES (76, 'G&uuml;nter Neumann');
INSERT INTO Paper (PaperID, Title, Year, MDate, Key, DOI) VALUES (149, 'Using Recognizing Textual Entailment as a Core Engine for Answer Validation.', 2007, '2017-05-24', 'conf/clef/WangN07', 'https://doi.org/10.1007/978-3-540-85760-0_50');
INSERT INTO Write (AuthorID, PaperID) VALUES (76, 149);
INSERT INTO Write (AuthorID, PaperID) VALUES (76, 191);
INSERT INTO Write (AuthorID, PaperID) VALUES (76, 402);
INSERT INTO Paper (PaperID, Title, Year, MDate, Key, DOI) VALUES (421, 'Information Synthesis for Answer Validation.', 2008, '2015-07-31', 'conf/clef/WangN08c', 'http://ceur-ws.org/Vol-1174/CLEF2008wn-QACLEF-WangEt2008.pdf');
INSERT INTO Write (AuthorID, PaperID) VALUES (76, 421);
INSERT INTO Write (AuthorID, PaperID) VALUES (76, 805);
INSERT INTO Paper (PaperID, Title, Year, MDate, Key, DOI) VALUES (915, 'DFKI-LT at QAST 2007: Adapting QA Components to Mine Answers in Speech Transcripts.', 2007, '2015-07-31', 'conf/clef/NeumannW07a', 'http://ceur-ws.org/Vol-1173/CLEF2007wn-QACLEF-NeumannEt2007.pdf');
INSERT INTO Write (AuthorID, PaperID) VALUES (76, 915);
INSERT INTO Write (AuthorID, PaperID) VALUES (76, 1529);
INSERT INTO Write (AuthorID, PaperID) VALUES (76, 1887);
INSERT INTO Write (AuthorID, PaperID) VALUES (76, 2238);
INSERT INTO Write (AuthorID, PaperID) VALUES (76, 2331);
INSERT INTO Paper (PaperID, Title, Year, MDate, Key, DOI) VALUES (2532, 'Information Synthesis for Answer Validation.', 2008, '2017-05-24', 'conf/clef/WangN08', 'https://doi.org/10.1007/978-3-642-04447-2_57');
INSERT INTO Write (AuthorID, PaperID) VALUES (76, 2532);
INSERT INTO Paper (PaperID, Title, Year, MDate, Key, DOI) VALUES (2726, 'Adapting QA Components to Mine Answers in Speech Transcripts.', 2007, '2017-05-24', 'conf/clef/NeumannW07', 'https://doi.org/10.1007/978-3-540-85760-0_54');
INSERT INTO Write (AuthorID, PaperID) VALUES (76, 2726);
INSERT INTO Write (AuthorID, PaperID) VALUES (76, 2767);
INSERT INTO Write (AuthorID, PaperID) VALUES (76, 2979);
INSERT INTO Write (AuthorID, PaperID) VALUES (76, 3204);
INSERT INTO Paper (PaperID, Title, Year, MDate, Key, DOI) VALUES (3222, 'Ontology-Based Query Construction for GeoCLEF.', 2008, '2017-05-24', 'conf/clef/WangN08a', 'https://doi.org/10.1007/978-3-642-04447-2_116');
INSERT INTO Write (AuthorID, PaperID) VALUES (76, 3222);
INSERT INTO Write (AuthorID, PaperID) VALUES (76, 3226);
INSERT INTO Write (AuthorID, PaperID) VALUES (76, 3258);
INSERT INTO Paper (PaperID, Title, Year, MDate, Key, DOI) VALUES (3324, 'DFKI-LT at AVE 2007: Using Recognizing Textual Entailment for Answer Validation.', 2007, '2014-09-24', 'conf/clef/WangN07a', 'http://ceur-ws.org/Vol-1173/CLEF2007wn-QACLEF-WangEt2007.pdf');
INSERT INTO Write (AuthorID, PaperID) VALUES (76, 3324);
INSERT INTO Paper (PaperID, Title, Year, MDate, Key, DOI) VALUES (3352, 'Ontology-based Query Construction for GeoCLEF.', 2008, '2015-07-31', 'conf/clef/WangN08b', 'http://ceur-ws.org/Vol-1174/CLEF2008wn-GeoCLEF-WangEt2008.pdf');
INSERT INTO Write (AuthorID, PaperID) VALUES (76, 3352);
INSERT INTO Author (AuthorID, Name) VALUES (77, 'Paul McNamee');
INSERT INTO Paper (PaperID, Title, Year, MDate, Key, DOI) VALUES (143, 'N-Gram Morphemes for Retrieval.', 2007, '2014-09-23', 'conf/clef/McNameeM07', 'http://ceur-ws.org/Vol-1173/CLEF2007wn-MorphoChallenge-McNameeEt2007.pdf');
INSERT INTO Write (AuthorID, PaperID) VALUES (77, 143);
INSERT INTO Paper (PaperID, Title, Year, MDate, Key, DOI) VALUES (349, 'A Language-Independent Approach to European Text Retrieval.', 2000, '2017-05-24', 'conf/clef/McNameeMP00', 'https://doi.org/10.1007/3-540-44645-1_12');
INSERT INTO Write (AuthorID, PaperID) VALUES (77, 349);
INSERT INTO Paper (PaperID, Title, Year, MDate, Key, DOI) VALUES (371, 'Retrieval Experiments at Morpho Challenge 2008.', 2008, '2014-09-29', 'conf/clef/McNamee08b', 'http://ceur-ws.org/Vol-1174/CLEF2008wn-MorphoChallenge-McNamee2008.pdf');
INSERT INTO Write (AuthorID, PaperID) VALUES (77, 371);
INSERT INTO Paper (PaperID, Title, Year, MDate, Key, DOI) VALUES (584, 'Exploring New Languages with HAIRCUT at CLEF 2005.', 2005, '2017-05-24', 'conf/clef/McNamee05', 'https://doi.org/10.1007/11878773_17');
INSERT INTO Write (AuthorID, PaperID) VALUES (77, 584);
INSERT INTO Paper (PaperID, Title, Year, MDate, Key, DOI) VALUES (720, 'JHU/APL Experiments at CLEF: Translation Resources and Score Normalization.', 2001, '2017-05-24', 'conf/clef/McNameeM01', 'https://doi.org/10.1007/3-540-45691-0_17');
INSERT INTO Write (AuthorID, PaperID) VALUES (77, 720);
INSERT INTO Paper (PaperID, Title, Year, MDate, Key, DOI) VALUES (924, 'JHU Experiments in Monolingual Farsi Document Retrieval at CLEF 2009.', 2009, '2014-09-29', 'conf/clef/McNamee09', 'http://ceur-ws.org/Vol-1175/CLEF2009wn-adhoc-McNamee2009.pdf');
INSERT INTO Write (AuthorID, PaperID) VALUES (77, 924);
INSERT INTO Paper (PaperID, Title, Year, MDate, Key, DOI) VALUES (1364, 'JHU/APL Ad Hoc Experiments at CLEF 2006.', 2006, '2017-05-24', 'conf/clef/McNamee06', 'https://doi.org/10.1007/978-3-540-74999-8_22');
INSERT INTO Write (AuthorID, PaperID) VALUES (77, 1364);
INSERT INTO Paper (PaperID, Title, Year, MDate, Key, DOI) VALUES (1394, 'Exploring New Languages with HAIRCUT at CLEF 2005.', 2005, '2014-08-15', 'conf/clef/McNamee05a', 'http://ceur-ws.org/Vol-1171/CLEF2005wn-adhoc-McNamee2005.pdf');
INSERT INTO Write (AuthorID, PaperID) VALUES (77, 1394);
INSERT INTO Paper (PaperID, Title, Year, MDate, Key, DOI) VALUES (1448, 'JHU/APL Experiments at CLEF: Translation Resources and Score Normalization.', 2001, '2014-08-15', 'conf/clef/McNameeM01a', 'http://ceur-ws.org/Vol-1167/CLEF2001wn-adhoc-McNameeEt2001.pdf');
INSERT INTO Write (AuthorID, PaperID) VALUES (77, 1448);
INSERT INTO Paper (PaperID, Title, Year, MDate, Key, DOI) VALUES (1752, 'A Language-Independent Approach to European Text Retrieval.', 2000, '2014-08-15', 'conf/clef/McNameeM00', 'http://ceur-ws.org/Vol-1166/CLEF2000wn-adhoc-McNameeEt2000.pdf');
INSERT INTO Write (AuthorID, PaperID) VALUES (77, 1752);
INSERT INTO Paper (PaperID, Title, Year, MDate, Key, DOI) VALUES (2453, 'N-Grams for Translation and Retrieval in CL-SDR.', 2003, '2017-05-24', 'conf/clef/McNameeM03a', 'https://doi.org/10.1007/978-3-540-30222-3_63');
INSERT INTO Write (AuthorID, PaperID) VALUES (77, 2453);
INSERT INTO Paper (PaperID, Title, Year, MDate, Key, DOI) VALUES (2478, 'Scalable Multilingual Information Access.', 2002, '2017-05-24', 'conf/clef/McNameeM02', 'https://doi.org/10.1007/978-3-540-45237-9_17');
INSERT INTO Write (AuthorID, PaperID) VALUES (77, 2478);
INSERT INTO Paper (PaperID, Title, Year, MDate, Key, DOI) VALUES (2671, 'Cross-Language Retrieval Using HAIRCUT for CLEF 2004.', 2004, '2014-08-15', 'conf/clef/McNameeM04', 'http://ceur-ws.org/Vol-1170/CLEF2004wn-adhoc-McNameeEt2004.pdf');
INSERT INTO Write (AuthorID, PaperID) VALUES (77, 2671);
INSERT INTO Paper (PaperID, Title, Year, MDate, Key, DOI) VALUES (2688, 'Scalable Multilingual Information Access.', 2002, '2014-08-15', 'conf/clef/McNameeM02a', 'http://ceur-ws.org/Vol-1168/CLEF2002wn-adhoc-McNameeEt2002.pdf');
INSERT INTO Write (AuthorID, PaperID) VALUES (77, 2688);
INSERT INTO Paper (PaperID, Title, Year, MDate, Key, DOI) VALUES (3013, 'JHU Ad Hoc Experiments at CLEF 2008.', 2008, '2014-09-29', 'conf/clef/McNamee08a', 'http://ceur-ws.org/Vol-1174/CLEF2008wn-adhoc-McNamee2008.pdf');
INSERT INTO Write (AuthorID, PaperID) VALUES (77, 3013);
INSERT INTO Paper (PaperID, Title, Year, MDate, Key, DOI) VALUES (3042, 'JHU Ad Hoc Experiments at CLEF 2008.', 2008, '2017-05-24', 'conf/clef/McNamee08', 'https://doi.org/10.1007/978-3-642-04447-2_21');
INSERT INTO Write (AuthorID, PaperID) VALUES (77, 3042);
INSERT INTO Write (AuthorID, PaperID) VALUES (77, 3115);
INSERT INTO Paper (PaperID, Title, Year, MDate, Key, DOI) VALUES (3318, 'Cross-Language Retrieval Using HAIRCUT at CLEF 2004.', 2004, '2017-05-24', 'conf/clef/McNameeM05', 'https://doi.org/10.1007/11519645_5');
INSERT INTO Write (AuthorID, PaperID) VALUES (77, 3318);
INSERT INTO Paper (PaperID, Title, Year, MDate, Key, DOI) VALUES (3398, 'JHU/APL Experiments in Tokenization and Non-word Translation.', 2003, '2017-05-24', 'conf/clef/McNameeM03', 'https://doi.org/10.1007/978-3-540-30222-3_8');
INSERT INTO Write (AuthorID, PaperID) VALUES (77, 3398);
INSERT INTO Paper (PaperID, Title, Year, MDate, Key, DOI) VALUES (3479, 'JHU/APL Experiments in Tokenization and Non-Word Translation.', 2003, '2014-08-15', 'conf/clef/McNameeM03b', 'http://ceur-ws.org/Vol-1169/CLEF2003wn-adhoc-McNameeEt2003.pdf');
INSERT INTO Write (AuthorID, PaperID) VALUES (77, 3479);
INSERT INTO Author (AuthorID, Name) VALUES (78, 'Noriko Kando');
INSERT INTO Paper (PaperID, Title, Year, MDate, Key, DOI) VALUES (18, 'CLIR at NTCIR Workshop 3: Cross-Language and Cross-Genre Retrieval.', 2002, '2017-05-24', 'conf/clef/Kando02', 'https://doi.org/10.1007/978-3-540-45237-9_42');
INSERT INTO Write (AuthorID, PaperID) VALUES (78, 18);
INSERT INTO Paper (PaperID, Title, Year, MDate, Key, DOI) VALUES (164, 'A Hybrid Approach to Query and Document Translation Using a Pivot Language for Cross-Language Information Retrieval.', 2005, '2017-05-24', 'conf/clef/KishidaK05', 'https://doi.org/10.1007/11878773_10');
INSERT INTO Write (AuthorID, PaperID) VALUES (78, 164);
INSERT INTO Paper (PaperID, Title, Year, MDate, Key, DOI) VALUES (578, 'CLIR at NTCIR Workshop 3.', 2002, '2014-08-15', 'conf/clef/Kando02a', 'http://ceur-ws.org/Vol-1168/CLEF2002wn-other-KandoEt2002.pdf');
INSERT INTO Write (AuthorID, PaperID) VALUES (78, 578);
INSERT INTO Write (AuthorID, PaperID) VALUES (78, 656);
INSERT INTO Paper (PaperID, Title, Year, MDate, Key, DOI) VALUES (756, 'Two-Stage Refinement of Transitive Query Translation with English Disambiguation for Cross-Language Information Retrieval: An Experiment at CLEF 2004.', 2004, '2017-05-24', 'conf/clef/KishidaKC05', 'https://doi.org/10.1007/11519645_13');
INSERT INTO Write (AuthorID, PaperID) VALUES (78, 756);
INSERT INTO Paper (PaperID, Title, Year, MDate, Key, DOI) VALUES (899, 'Two Stages Refinement of Query Translation for Pivot Language Approach to Cross Lingual Information Retrieval: A Trial at CLEF 2003.', 2003, '2014-08-15', 'conf/clef/KishidaK03a', 'http://ceur-ws.org/Vol-1169/CLEF2003wn-adhoc-KishidaEt2003.pdf');
INSERT INTO Write (AuthorID, PaperID) VALUES (78, 899);
INSERT INTO Paper (PaperID, Title, Year, MDate, Key, DOI) VALUES (1242, 'CRES at LogCLEF 2010: Towards Understanding the User Behaviors through an Analysis of Search Sessions, Search Units and Click Ranks.', 2010, '2014-09-24', 'conf/clef/TakakuESKTM10', 'http://www.clef-initiative.eu/documents/71612/86374/CLEF2010wn-LogCLEF-TakakuEt2010.pdf');
INSERT INTO Write (AuthorID, PaperID) VALUES (78, 1242);
INSERT INTO Paper (PaperID, Title, Year, MDate, Key, DOI) VALUES (1335, 'Two-Stage Refinement of Query Translation in a Pivot Language Approach to Cross-Lingual Information Retrieval: An Experiment at CLEF 2003.', 2003, '2017-05-24', 'conf/clef/KishidaK03', 'https://doi.org/10.1007/978-3-540-30222-3_24');
INSERT INTO Write (AuthorID, PaperID) VALUES (78, 1335);
INSERT INTO Paper (PaperID, Title, Year, MDate, Key, DOI) VALUES (1393, 'Evaluation of Information Access Technologies at NTCIR Workshop.', 2003, '2014-08-15', 'conf/clef/Kando03a', 'http://ceur-ws.org/Vol-1169/CLEF2003wn-other-Kando2003.pdf');
INSERT INTO Write (AuthorID, PaperID) VALUES (78, 1393);
INSERT INTO Write (AuthorID, PaperID) VALUES (78, 1654);
INSERT INTO Paper (PaperID, Title, Year, MDate, Key, DOI) VALUES (1666, 'NTCIR-4: Outline of Invited Talk at CLEF 2004 Workshop.', 2004, '2014-08-15', 'conf/clef/Kando04', 'http://ceur-ws.org/Vol-1170/CLEF2004wn-other-Kando2004.pdf');
INSERT INTO Write (AuthorID, PaperID) VALUES (78, 1666);
INSERT INTO Paper (PaperID, Title, Year, MDate, Key, DOI) VALUES (2135, 'Evaluation of Information Access Technologies at the NTCIR Workshop.', 2003, '2017-05-24', 'conf/clef/Kando03', 'https://doi.org/10.1007/978-3-540-30222-3_4');
INSERT INTO Write (AuthorID, PaperID) VALUES (78, 2135);
INSERT INTO Paper (PaperID, Title, Year, MDate, Key, DOI) VALUES (2411, 'NTCIR Workshop: Japanese- and Chinese-English Cross-Lingual Information Retrieval and Multi-grade Relevance Judgments.', 2000, '2017-05-24', 'conf/clef/Kando00', 'https://doi.org/10.1007/3-540-44645-1_3');
INSERT INTO Write (AuthorID, PaperID) VALUES (78, 2411);
INSERT INTO Paper (PaperID, Title, Year, MDate, Key, DOI) VALUES (2885, 'CLIR System Evaluation at the Second NTCIR Workshop.', 2001, '2017-05-24', 'conf/clef/Kando01', 'https://doi.org/10.1007/3-540-45691-0_35');
INSERT INTO Write (AuthorID, PaperID) VALUES (78, 2885);
INSERT INTO Write (AuthorID, PaperID) VALUES (78, 2954);
INSERT INTO Paper (PaperID, Title, Year, MDate, Key, DOI) VALUES (3065, 'Two-Stage Refinement of Transitive Query Translation with English Disambiguation for Cross-Language Information Retrieval: A Trial at CLEF 2004.', 2004, '2015-03-06', 'conf/clef/KishidaKC04', 'http://ceur-ws.org/Vol-1170/CLEF2004wn-adhoc-KishidaEt2004.pdf');
INSERT INTO Write (AuthorID, PaperID) VALUES (78, 3065);
INSERT INTO Paper (PaperID, Title, Year, MDate, Key, DOI) VALUES (3349, 'Hybrid Approach of Query and Document Translation with Pivot Language for Cross-Language Information Retrieval.', 2005, '2014-08-15', 'conf/clef/KishidaK05a', 'http://ceur-ws.org/Vol-1171/CLEF2005wn-adhoc-KishidaEt2005.pdf');
INSERT INTO Write (AuthorID, PaperID) VALUES (78, 3349);
INSERT INTO Write (AuthorID, PaperID) VALUES (78, 3417);
INSERT INTO Paper (PaperID, Title, Year, MDate, Key, DOI) VALUES (3419, 'CLIR System Evaluation at NTCIR Workshops.', 2001, '2014-08-15', 'conf/clef/Kando01a', 'http://ceur-ws.org/Vol-1167/CLEF2001wn-other-Kando2001.pdf');
INSERT INTO Write (AuthorID, PaperID) VALUES (78, 3419);
INSERT INTO Author (AuthorID, Name) VALUES (79, 'Diana Santos');
INSERT INTO Write (AuthorID, PaperID) VALUES (79, 300);
INSERT INTO Paper (PaperID, Title, Year, MDate, Key, DOI) VALUES (424, 'GikiCLEF: Crosscultural Issues in an International Setting: Asking non-English-centered Questions to Wikipedia.', 2009, '2014-09-29', 'conf/clef/SantosC09a', 'http://ceur-ws.org/Vol-1175/CLEF2009wn-QACLEF-SantosEt2009.pdf');
INSERT INTO Write (AuthorID, PaperID) VALUES (79, 424);
INSERT INTO Write (AuthorID, PaperID) VALUES (79, 850);
INSERT INTO Write (AuthorID, PaperID) VALUES (79, 1163);
INSERT INTO Write (AuthorID, PaperID) VALUES (79, 1255);
INSERT INTO Paper (PaperID, Title, Year, MDate, Key, DOI) VALUES (1383, 'Esfinge at CLEF 2007: First Steps in a Multiple Question and Multiple Answer Approach.', 2007, '2014-09-23', 'conf/clef/CabralCS07a', 'http://ceur-ws.org/Vol-1173/CLEF2007wn-QACLEF-CabralEt2007.pdf');
INSERT INTO Write (AuthorID, PaperID) VALUES (79, 1383);
INSERT INTO Paper (PaperID, Title, Year, MDate, Key, DOI) VALUES (1429, 'What Happened to Esfinge in 2007?', 2007, '2017-05-24', 'conf/clef/CabralCS07', 'https://doi.org/10.1007/978-3-540-85760-0_31');
INSERT INTO Write (AuthorID, PaperID) VALUES (79, 1429);
INSERT INTO Paper (PaperID, Title, Year, MDate, Key, DOI) VALUES (1439, 'The Key to the First CLEF with Portuguese: Topics, Questions and Answers in CHAVE.', 2004, '2017-05-24', 'conf/clef/SantosR05', 'https://doi.org/10.1007/11519645_80');
INSERT INTO Write (AuthorID, PaperID) VALUES (79, 1439);
INSERT INTO Write (AuthorID, PaperID) VALUES (79, 1543);
INSERT INTO Write (AuthorID, PaperID) VALUES (79, 1650);
INSERT INTO Paper (PaperID, Title, Year, MDate, Key, DOI) VALUES (1788, 'QolA: Fostering Collaboration Within QA.', 2006, '2017-05-24', 'conf/clef/SantosC06', 'https://doi.org/10.1007/978-3-540-74999-8_70');
INSERT INTO Write (AuthorID, PaperID) VALUES (79, 1788);
INSERT INTO Write (AuthorID, PaperID) VALUES (79, 1934);
INSERT INTO Write (AuthorID, PaperID) VALUES (79, 2777);
INSERT INTO Write (AuthorID, PaperID) VALUES (79, 2820);
INSERT INTO Write (AuthorID, PaperID) VALUES (79, 2990);
INSERT INTO Write (AuthorID, PaperID) VALUES (79, 3286);
INSERT INTO Paper (PaperID, Title, Year, MDate, Key, DOI) VALUES (3373, 'CHAVE: Topics and Questions on the Portuguese Participation in CLEF.', 2004, '2014-08-15', 'conf/clef/SantosR04', 'http://ceur-ws.org/Vol-1170/CLEF2004wn-other-Santos2004.pdf');
INSERT INTO Write (AuthorID, PaperID) VALUES (79, 3373);
INSERT INTO Paper (PaperID, Title, Year, MDate, Key, DOI) VALUES (3426, 'GikiCLEF: Expectations and Lessons Learned.', 2009, '2017-05-24', 'conf/clef/SantosC09', 'https://doi.org/10.1007/978-3-642-15754-7_23');
INSERT INTO Write (AuthorID, PaperID) VALUES (79, 3426);
INSERT INTO Write (AuthorID, PaperID) VALUES (79, 3521);
INSERT INTO Author (AuthorID, Name) VALUES (80, 'Jayashree Kalpathy-Cramer');
INSERT INTO Write (AuthorID, PaperID) VALUES (80, 163);
INSERT INTO Write (AuthorID, PaperID) VALUES (80, 382);
INSERT INTO Write (AuthorID, PaperID) VALUES (80, 437);
INSERT INTO Write (AuthorID, PaperID) VALUES (80, 452);
INSERT INTO Write (AuthorID, PaperID) VALUES (80, 631);
INSERT INTO Write (AuthorID, PaperID) VALUES (80, 1168);
INSERT INTO Write (AuthorID, PaperID) VALUES (80, 1280);
INSERT INTO Write (AuthorID, PaperID) VALUES (80, 1341);
INSERT INTO Write (AuthorID, PaperID) VALUES (80, 1505);
INSERT INTO Write (AuthorID, PaperID) VALUES (80, 1537);
INSERT INTO Write (AuthorID, PaperID) VALUES (80, 1566);
INSERT INTO Write (AuthorID, PaperID) VALUES (80, 1959);
INSERT INTO Write (AuthorID, PaperID) VALUES (80, 2155);
INSERT INTO Paper (PaperID, Title, Year, MDate, Key, DOI) VALUES (2180, 'Improving Retrieval Using External Annotations: OHSU at ImageCLEF 2010.', 2010, '2014-09-24', 'conf/clef/BedrickK10', 'http://www.clef-initiative.eu/documents/71612/86374/CLEF2010wn-ImageCLEF-BedrickEt2010.pdf');
INSERT INTO Write (AuthorID, PaperID) VALUES (80, 2180);
INSERT INTO Write (AuthorID, PaperID) VALUES (80, 2469);
INSERT INTO Write (AuthorID, PaperID) VALUES (80, 3141);
INSERT INTO Write (AuthorID, PaperID) VALUES (80, 3167);
INSERT INTO Write (AuthorID, PaperID) VALUES (80, 3215);
INSERT INTO Write (AuthorID, PaperID) VALUES (80, 3288);
INSERT INTO Author (AuthorID, Name) VALUES (81, 'Julien Gobeill');
INSERT INTO Write (AuthorID, PaperID) VALUES (81, 93);
INSERT INTO Write (AuthorID, PaperID) VALUES (81, 198);
INSERT INTO Write (AuthorID, PaperID) VALUES (81, 250);
INSERT INTO Write (AuthorID, PaperID) VALUES (81, 587);
INSERT INTO Write (AuthorID, PaperID) VALUES (81, 1387);
INSERT INTO Write (AuthorID, PaperID) VALUES (81, 1628);
INSERT INTO Write (AuthorID, PaperID) VALUES (81, 1799);
INSERT INTO Write (AuthorID, PaperID) VALUES (81, 1803);
INSERT INTO Write (AuthorID, PaperID) VALUES (81, 1821);
INSERT INTO Write (AuthorID, PaperID) VALUES (81, 2269);
INSERT INTO Write (AuthorID, PaperID) VALUES (81, 2324);
INSERT INTO Write (AuthorID, PaperID) VALUES (81, 2778);
INSERT INTO Write (AuthorID, PaperID) VALUES (81, 2880);
INSERT INTO Write (AuthorID, PaperID) VALUES (81, 2890);
INSERT INTO Write (AuthorID, PaperID) VALUES (81, 2928);
INSERT INTO Write (AuthorID, PaperID) VALUES (81, 3120);
INSERT INTO Write (AuthorID, PaperID) VALUES (81, 3198);
INSERT INTO Write (AuthorID, PaperID) VALUES (81, 3231);
INSERT INTO Write (AuthorID, PaperID) VALUES (81, 3483);
INSERT INTO Author (AuthorID, Name) VALUES (82, 'Paloma Mart&iacute;nez');
INSERT INTO Write (AuthorID, PaperID) VALUES (82, 39);
INSERT INTO Write (AuthorID, PaperID) VALUES (82, 501);
INSERT INTO Write (AuthorID, PaperID) VALUES (82, 790);
INSERT INTO Write (AuthorID, PaperID) VALUES (82, 1203);
INSERT INTO Write (AuthorID, PaperID) VALUES (82, 1231);
INSERT INTO Write (AuthorID, PaperID) VALUES (82, 1278);
INSERT INTO Write (AuthorID, PaperID) VALUES (82, 1669);
INSERT INTO Paper (PaperID, Title, Year, MDate, Key, DOI) VALUES (1704, 'Temporal Information Needs in ResPubliQA: an Attempt to Improve Accuracy. The UC3M Participation at CLEF 2010.', 2010, '2016-06-02', 'conf/clef/Vicente-DiezSM10', 'http://www.clef-initiative.eu/documents/71612/86374/CLEF2010wn-MLQA10-Vicente-D%C3%ADezEt2010.pdf');
INSERT INTO Write (AuthorID, PaperID) VALUES (82, 1704);
INSERT INTO Write (AuthorID, PaperID) VALUES (82, 1925);
INSERT INTO Write (AuthorID, PaperID) VALUES (82, 1996);
INSERT INTO Paper (PaperID, Title, Year, MDate, Key, DOI) VALUES (2036, 'Are Passages Enough? The MIRACLE Team Participation in QA@CLEF2009.', 2009, '2017-05-24', 'conf/clef/Vicente-DiezPMSS09', 'https://doi.org/10.1007/978-3-642-15754-7_32');
INSERT INTO Write (AuthorID, PaperID) VALUES (82, 2036);
INSERT INTO Write (AuthorID, PaperID) VALUES (82, 2212);
INSERT INTO Paper (PaperID, Title, Year, MDate, Key, DOI) VALUES (2305, 'Are Passages Enough? The MIRACLE Team Participation in QA@CLEF2009.', 2009, '2014-09-29', 'conf/clef/Vicente-DiezPMSS09a', 'http://ceur-ws.org/Vol-1175/CLEF2009wn-QACLEF-VicenteDiezEt2009.pdf');
INSERT INTO Write (AuthorID, PaperID) VALUES (82, 2305);
INSERT INTO Write (AuthorID, PaperID) VALUES (82, 2525);
INSERT INTO Write (AuthorID, PaperID) VALUES (82, 2633);
INSERT INTO Write (AuthorID, PaperID) VALUES (82, 3046);
INSERT INTO Write (AuthorID, PaperID) VALUES (82, 3091);
INSERT INTO Write (AuthorID, PaperID) VALUES (82, 3372);
INSERT INTO Author (AuthorID, Name) VALUES (83, 'Horacio Rodr&iacute;guez');
INSERT INTO Paper (PaperID, Title, Year, MDate, Key, DOI) VALUES (216, 'TALP-QA System for Spanish at CLEF-2004.', 2004, '2014-08-15', 'conf/clef/AgenoFGKRST04', 'http://ceur-ws.org/Vol-1170/CLEF2004wn-QACLEF-AgenoEt2004.pdf');
INSERT INTO Write (AuthorID, PaperID) VALUES (83, 216);
INSERT INTO Paper (PaperID, Title, Year, MDate, Key, DOI) VALUES (492, 'The GeoTALP-IR System at GeoCLEF-2005: Experiments Using a QA-based IR System, Linguistic Analysis, and a Geographical Thesaurus.', 2005, '2014-08-15', 'conf/clef/FerresAR05a', 'http://ceur-ws.org/Vol-1171/CLEF2005wn-GeoCLEF-FerresEt2005.pdf');
INSERT INTO Write (AuthorID, PaperID) VALUES (83, 492);
INSERT INTO Paper (PaperID, Title, Year, MDate, Key, DOI) VALUES (624, 'Semantic Tagging and Normalization of French Medical Entities.', 2016, '2016-08-11', 'conf/clef/VivaldiRC16', 'http://ceur-ws.org/Vol-1609/16090179.pdf');
INSERT INTO Write (AuthorID, PaperID) VALUES (83, 624);
INSERT INTO Paper (PaperID, Title, Year, MDate, Key, DOI) VALUES (916, 'The GeoTALP-IR System at GeoCLEF 2005: Experiments Using a QA-Based IR System, Linguistic Analysis, and a Geographical Thesaurus.', 2005, '2018-11-02', 'conf/clef/FerresAR05', 'https://doi.org/10.1007/11878773_106');
INSERT INTO Write (AuthorID, PaperID) VALUES (83, 916);
INSERT INTO Paper (PaperID, Title, Year, MDate, Key, DOI) VALUES (919, 'TALP at GikiCLEF 2009.', 2009, '2014-09-29', 'conf/clef/FerresR09a', 'http://ceur-ws.org/Vol-1175/CLEF2009wn-QACLEF-FerresEt2009.pdf');
INSERT INTO Write (AuthorID, PaperID) VALUES (83, 919);
INSERT INTO Paper (PaperID, Title, Year, MDate, Key, DOI) VALUES (1089, 'Semantic Tagging of French Medical Entities Using Distant Learning.', 2015, '2015-09-03', 'conf/clef/CotikVR15', 'http://ceur-ws.org/Vol-1391/93-CR.pdf');
INSERT INTO Write (AuthorID, PaperID) VALUES (83, 1089);
INSERT INTO Paper (PaperID, Title, Year, MDate, Key, DOI) VALUES (1597, 'TALP at GeoCLEF-2006: Experiments Using JIRS and Lucene with the ADL Feature Type Thesaurus.', 2006, '2014-08-15', 'conf/clef/FerresR06a', 'http://ceur-ws.org/Vol-1172/CLEF2006wn-GeoCLEF-FerresEt2006.pdf');
INSERT INTO Write (AuthorID, PaperID) VALUES (83, 1597);
INSERT INTO Paper (PaperID, Title, Year, MDate, Key, DOI) VALUES (1692, 'TALP at GeoQuery 2007: Linguistic and Geographical Analysis for Query Parsing.', 2007, '2018-11-02', 'conf/clef/FerresR07a', 'https://doi.org/10.1007/978-3-540-85760-0_106');
INSERT INTO Write (AuthorID, PaperID) VALUES (83, 1692);
INSERT INTO Paper (PaperID, Title, Year, MDate, Key, DOI) VALUES (1908, 'The TALP-QA System for Spanish at CLEF 2004: Structural and Hierarchical Relaxing of Semantic Constraints.', 2004, '2018-11-02', 'conf/clef/FerresKAGRST05', 'https://doi.org/10.1007/11519645_55');
INSERT INTO Write (AuthorID, PaperID) VALUES (83, 1908);
INSERT INTO Paper (PaperID, Title, Year, MDate, Key, DOI) VALUES (1950, 'The TALP-QA System for Spanish at CLEF-2005.', 2005, '2014-08-15', 'conf/clef/FerresKGART05', 'http://ceur-ws.org/Vol-1171/CLEF2005wn-QACLEF-FerresEt2005.pdf');
INSERT INTO Write (AuthorID, PaperID) VALUES (83, 1950);
INSERT INTO Paper (PaperID, Title, Year, MDate, Key, DOI) VALUES (2352, 'The TALP-QA System for Spanish at CLEF 2005.', 2005, '2018-11-02', 'conf/clef/FerresKAGRT05', 'https://doi.org/10.1007/11878773_45');
INSERT INTO Write (AuthorID, PaperID) VALUES (83, 2352);
INSERT INTO Paper (PaperID, Title, Year, MDate, Key, DOI) VALUES (2471, 'TALP at GeoCLEF 2007: Using Terrier with Geographical Knowledge Filtering.', 2007, '2014-09-23', 'conf/clef/FerresR07b', 'http://ceur-ws.org/Vol-1173/CLEF2007wn-GeoCLEF-FerresEt2007a.pdf');
INSERT INTO Write (AuthorID, PaperID) VALUES (83, 2471);
INSERT INTO Paper (PaperID, Title, Year, MDate, Key, DOI) VALUES (2495, 'TALP at GeoCLEF 2007: Results of a Geographical Knowledge Filtering Approach with Terrier.', 2007, '2018-11-02', 'conf/clef/FerresR07', 'https://doi.org/10.1007/978-3-540-85760-0_105');
INSERT INTO Write (AuthorID, PaperID) VALUES (83, 2495);
INSERT INTO Paper (PaperID, Title, Year, MDate, Key, DOI) VALUES (2752, 'TALP at GeoCLEF 2006: Experiments Using JIRS and Lucene with the ADL Feature Type Thesaurus.', 2006, '2018-11-02', 'conf/clef/FerresR06', 'https://doi.org/10.1007/978-3-540-74999-8_124');
INSERT INTO Write (AuthorID, PaperID) VALUES (83, 2752);
INSERT INTO Paper (PaperID, Title, Year, MDate, Key, DOI) VALUES (2813, 'TALP at GikiCLEF 2009.', 2009, '2018-11-02', 'conf/clef/FerresR09', 'https://doi.org/10.1007/978-3-642-15754-7_38');
INSERT INTO Write (AuthorID, PaperID) VALUES (83, 2813);
INSERT INTO Paper (PaperID, Title, Year, MDate, Key, DOI) VALUES (2861, 'TALP at WePS-3 2010.', 2010, '2016-06-02', 'conf/clef/FerresR10', 'http://www.clef-initiative.eu/documents/71612/86374/CLEF2010wn-WePS-Ferr%C3%A9sEt2010.pdf');
INSERT INTO Write (AuthorID, PaperID) VALUES (83, 2861);
INSERT INTO Write (AuthorID, PaperID) VALUES (83, 2974);
INSERT INTO Paper (PaperID, Title, Year, MDate, Key, DOI) VALUES (3429, 'TALP at GeoQuery 2007: Linguistic and Geographical Analysis for Query Parsing.', 2007, '2014-09-23', 'conf/clef/FerresR07c', 'http://ceur-ws.org/Vol-1173/CLEF2007wn-GeoCLEF-FerresEt2007b.pdf');
INSERT INTO Write (AuthorID, PaperID) VALUES (83, 3429);
INSERT INTO Author (AuthorID, Name) VALUES (84, 'Petya Osenova');
INSERT INTO Paper (PaperID, Title, Year, MDate, Key, DOI) VALUES (61, 'Bulgarian-English Question Answering: Adaptation of Language Resources.', 2004, '2016-08-30', 'conf/clef/OsenovaSSTK04', 'http://ceur-ws.org/Vol-1170/CLEF2004wn-QACLEF-OsenovaEt2004.pdf');
INSERT INTO Write (AuthorID, PaperID) VALUES (84, 61);
INSERT INTO Write (AuthorID, PaperID) VALUES (84, 142);
INSERT INTO Write (AuthorID, PaperID) VALUES (84, 265);
INSERT INTO Write (AuthorID, PaperID) VALUES (84, 554);
INSERT INTO Write (AuthorID, PaperID) VALUES (84, 633);
INSERT INTO Write (AuthorID, PaperID) VALUES (84, 907);
INSERT INTO Write (AuthorID, PaperID) VALUES (84, 1163);
INSERT INTO Write (AuthorID, PaperID) VALUES (84, 1205);
INSERT INTO Paper (PaperID, Title, Year, MDate, Key, DOI) VALUES (1574, 'Bulgarian-English Question Answering: Adaptation of Language Resources.', 2004, '2017-05-24', 'conf/clef/OsenovaSSTK05', 'https://doi.org/10.1007/11519645_45');
INSERT INTO Write (AuthorID, PaperID) VALUES (84, 1574);
INSERT INTO Paper (PaperID, Title, Year, MDate, Key, DOI) VALUES (2042, 'BulQA: Bulgarian-Bulgarian Question Answering at CLEF 2005.', 2005, '2017-05-24', 'conf/clef/SimovO05', 'https://doi.org/10.1007/11878773_58');
INSERT INTO Write (AuthorID, PaperID) VALUES (84, 2042);
INSERT INTO Write (AuthorID, PaperID) VALUES (84, 2789);
INSERT INTO Write (AuthorID, PaperID) VALUES (84, 2836);
INSERT INTO Paper (PaperID, Title, Year, MDate, Key, DOI) VALUES (2998, 'Bulgarian Question Answering for Machine Reading.', 2012, '2016-08-30', 'conf/clef/SimovOGZT12', 'http://www.clef-initiative.eu/documents/71612/6b811abc-500e-4af9-acb9-c79a02eb04c9');
INSERT INTO Write (AuthorID, PaperID) VALUES (84, 2998);
INSERT INTO Paper (PaperID, Title, Year, MDate, Key, DOI) VALUES (3117, 'Cross-Language Answer Validation.', 2012, '2016-08-30', 'conf/clef/ZhikovTOSG12', 'http://www.clef-initiative.eu/documents/71612/d3743f2e-5cf0-4571-be0f-71986037ea08');
INSERT INTO Write (AuthorID, PaperID) VALUES (84, 3117);
INSERT INTO Write (AuthorID, PaperID) VALUES (84, 3147);
INSERT INTO Write (AuthorID, PaperID) VALUES (84, 3190);
INSERT INTO Write (AuthorID, PaperID) VALUES (84, 3286);
INSERT INTO Paper (PaperID, Title, Year, MDate, Key, DOI) VALUES (3487, 'BulQA: Bulgarian-Bulgarian Question Answering at CLEF 2005.', 2005, '2016-08-30', 'conf/clef/SimovO05a', 'http://ceur-ws.org/Vol-1171/CLEF2005wn-QACLEF-SimovEt2005.pdf');
INSERT INTO Write (AuthorID, PaperID) VALUES (84, 3487);
INSERT INTO Author (AuthorID, Name) VALUES (85, 'Marijn Koolen');
INSERT INTO Write (AuthorID, PaperID) VALUES (85, 232);
INSERT INTO Write (AuthorID, PaperID) VALUES (85, 378);
INSERT INTO Write (AuthorID, PaperID) VALUES (85, 429);
INSERT INTO Paper (PaperID, Title, Year, MDate, Key, DOI) VALUES (675, 'Individual Differences and Task Behaviour.', 2016, '2016-08-11', 'conf/clef/HallK16', 'http://ceur-ws.org/Vol-1609/16091106.pdf');
INSERT INTO Write (AuthorID, PaperID) VALUES (85, 675);
INSERT INTO Write (AuthorID, PaperID) VALUES (85, 1210);
INSERT INTO Paper (PaperID, Title, Year, MDate, Key, DOI) VALUES (1245, 'Overview of the INEX 2014 Interactive Social Book Search Track.', 2014, '2017-09-07', 'conf/clef/HallHKSW14', 'http://ceur-ws.org/Vol-1180/CLEF2014wn-Inex-HallEt2014.pdf');
INSERT INTO Write (AuthorID, PaperID) VALUES (85, 1245);
INSERT INTO Write (AuthorID, PaperID) VALUES (85, 1438);
INSERT INTO Write (AuthorID, PaperID) VALUES (85, 1546);
INSERT INTO Write (AuthorID, PaperID) VALUES (85, 2447);
INSERT INTO Write (AuthorID, PaperID) VALUES (85, 2460);
INSERT INTO Write (AuthorID, PaperID) VALUES (85, 2542);
INSERT INTO Write (AuthorID, PaperID) VALUES (85, 2584);
INSERT INTO Paper (PaperID, Title, Year, MDate, Key, DOI) VALUES (2601, 'Overview of the SBS 2016 Mining Track.', 2016, '2016-08-11', 'conf/clef/BogersHKV16', 'http://ceur-ws.org/Vol-1609/16091053.pdf');
INSERT INTO Write (AuthorID, PaperID) VALUES (85, 2601);
INSERT INTO Write (AuthorID, PaperID) VALUES (85, 2625);
INSERT INTO Write (AuthorID, PaperID) VALUES (85, 2939);
INSERT INTO Write (AuthorID, PaperID) VALUES (85, 3247);
INSERT INTO Write (AuthorID, PaperID) VALUES (85, 3370);
INSERT INTO Paper (PaperID, Title, Year, MDate, Key, DOI) VALUES (3458, 'Overview of the INEX 2013 Social Book Search Track.', 2013, '2014-09-10', 'conf/clef/KoolenKPD13', 'http://ceur-ws.org/Vol-1179/CLEF2013wn-INEX-KoolenEt2013b.pdf');
INSERT INTO Write (AuthorID, PaperID) VALUES (85, 3458);
INSERT INTO Author (AuthorID, Name) VALUES (86, 'Martin Braschler');
INSERT INTO Paper (PaperID, Title, Year, MDate, Key, DOI) VALUES (55, 'Introduction to the CLEF 2010 labs.', 2010, '2014-09-24', 'conf/clef/BraschlerH10', 'http://www.clef-initiative.eu/documents/71612/86374/CLEF2010wn_all_BraschlerEt2010.pdf');
INSERT INTO Write (AuthorID, PaperID) VALUES (86, 55);
INSERT INTO Write (AuthorID, PaperID) VALUES (86, 438);
INSERT INTO Paper (PaperID, Title, Year, MDate, Key, DOI) VALUES (828, 'CLEF 2003 - Overview of Results.', 2003, '2017-05-24', 'conf/clef/Braschler03', 'https://doi.org/10.1007/978-3-540-30222-3_5');
INSERT INTO Write (AuthorID, PaperID) VALUES (86, 828);
INSERT INTO Write (AuthorID, PaperID) VALUES (86, 911);
INSERT INTO Paper (PaperID, Title, Year, MDate, Key, DOI) VALUES (1030, 'Experiments with the Eurospider Retrieval System for CLEF 2000.', 2000, '2017-05-24', 'conf/clef/BraschlerS00', 'https://doi.org/10.1007/3-540-44645-1_13');
INSERT INTO Write (AuthorID, PaperID) VALUES (86, 1030);
INSERT INTO Paper (PaperID, Title, Year, MDate, Key, DOI) VALUES (1219, 'CLEF 2000 - Overview of Results.', 2000, '2017-05-24', 'conf/clef/Braschler00', 'https://doi.org/10.1007/3-540-44645-1_9');
INSERT INTO Write (AuthorID, PaperID) VALUES (86, 1219);
INSERT INTO Paper (PaperID, Title, Year, MDate, Key, DOI) VALUES (1305, 'CLEF 2002 - Overview of Results.', 2002, '2017-05-24', 'conf/clef/Braschler02', 'https://doi.org/10.1007/978-3-540-45237-9_2');
INSERT INTO Write (AuthorID, PaperID) VALUES (86, 1305);
INSERT INTO Write (AuthorID, PaperID) VALUES (86, 2040);
INSERT INTO Write (AuthorID, PaperID) VALUES (86, 2165);
INSERT INTO Paper (PaperID, Title, Year, MDate, Key, DOI) VALUES (2229, 'Experiments with the Eurospider Retrieval System for CLEF 2000.', 2000, '2014-08-15', 'conf/clef/BraschlerS00a', 'http://ceur-ws.org/Vol-1166/CLEF2000wn-adhoc-BraschlerEt2000.pdf');
INSERT INTO Write (AuthorID, PaperID) VALUES (86, 2229);
INSERT INTO Write (AuthorID, PaperID) VALUES (86, 2311);
INSERT INTO Paper (PaperID, Title, Year, MDate, Key, DOI) VALUES (2496, 'Experiments with the Eurospider Retrieval System for CLEF 2001.', 2001, '2014-08-15', 'conf/clef/BraschlerRS01a', 'http://ceur-ws.org/Vol-1167/CLEF2001wn-adhoc-BraschlerEt2001.pdf');
INSERT INTO Write (AuthorID, PaperID) VALUES (86, 2496);
INSERT INTO Paper (PaperID, Title, Year, MDate, Key, DOI) VALUES (2541, 'Eurospider at CLEF 2002.', 2002, '2014-08-15', 'conf/clef/BraschlerGS02a', 'http://ceur-ws.org/Vol-1168/CLEF2002wn-adhoc-BraschlerEt2002.pdf');
INSERT INTO Write (AuthorID, PaperID) VALUES (86, 2541);
INSERT INTO Paper (PaperID, Title, Year, MDate, Key, DOI) VALUES (2723, 'Eurospider at CLEF 2002.', 2002, '2017-05-24', 'conf/clef/BraschlerGS02', 'https://doi.org/10.1007/978-3-540-45237-9_13');
INSERT INTO Write (AuthorID, PaperID) VALUES (86, 2723);
INSERT INTO Write (AuthorID, PaperID) VALUES (86, 2955);
INSERT INTO Paper (PaperID, Title, Year, MDate, Key, DOI) VALUES (2960, 'Experiments with the Eurospider Retrieval System for CLEF 2001.', 2001, '2017-05-24', 'conf/clef/BraschlerRS01', 'https://doi.org/10.1007/3-540-45691-0_8');
INSERT INTO Write (AuthorID, PaperID) VALUES (86, 2960);
INSERT INTO Paper (PaperID, Title, Year, MDate, Key, DOI) VALUES (3197, 'Are Test Collections "Real"? Mirroring Real-World Complexity in IR Test Collections.', 2015, '2017-05-24', 'conf/clef/ImhofB15', 'https://doi.org/10.1007/978-3-319-24027-5_23');
INSERT INTO Write (AuthorID, PaperID) VALUES (86, 3197);
INSERT INTO Paper (PaperID, Title, Year, MDate, Key, DOI) VALUES (3410, 'CLEF 2001 - Overview of Results.', 2001, '2017-05-24', 'conf/clef/Braschler01', 'https://doi.org/10.1007/3-540-45691-0_2');
INSERT INTO Write (AuthorID, PaperID) VALUES (86, 3410);
INSERT INTO Author (AuthorID, Name) VALUES (87, 'Pavel Pecina');
INSERT INTO Write (AuthorID, PaperID) VALUES (87, 44);
INSERT INTO Paper (PaperID, Title, Year, MDate, Key, DOI) VALUES (235, 'Task3 Patient-Centred Information Retrieval: Team CUNI.', 2017, '2017-08-15', 'conf/clef/SalehP17', 'http://ceur-ws.org/Vol-1866/paper_126.pdf');
INSERT INTO Write (AuthorID, PaperID) VALUES (87, 235);
INSERT INTO Paper (PaperID, Title, Year, MDate, Key, DOI) VALUES (373, 'Charles University at CLEF 2007 CL-SR Track.', 2007, '2014-09-23', 'conf/clef/CeskaP07a', 'http://ceur-ws.org/Vol-1173/CLEF2007wn-CLSR-CeskaEt2007.pdf');
INSERT INTO Write (AuthorID, PaperID) VALUES (87, 373);
INSERT INTO Write (AuthorID, PaperID) VALUES (87, 685);
INSERT INTO Paper (PaperID, Title, Year, MDate, Key, DOI) VALUES (1222, 'Charles University at CLEF 2007 Ad-Hoc Track.', 2007, '2014-09-23', 'conf/clef/CeskaP07b', 'http://ceur-ws.org/Vol-1173/CLEF2007wn-adhoc-CeskaEt2007.pdf');
INSERT INTO Write (AuthorID, PaperID) VALUES (87, 1222);
INSERT INTO Write (AuthorID, PaperID) VALUES (87, 1652);
INSERT INTO Paper (PaperID, Title, Year, MDate, Key, DOI) VALUES (1907, 'Penalty Functions for Evaluation Measures of Unsegmented Speech Retrieval.', 2012, '2017-11-06', 'conf/clef/GaluscakovaPH12', 'https://doi.org/10.1007/978-3-642-33247-0_12');
INSERT INTO Write (AuthorID, PaperID) VALUES (87, 1907);
INSERT INTO Write (AuthorID, PaperID) VALUES (87, 2059);
INSERT INTO Write (AuthorID, PaperID) VALUES (87, 2250);
INSERT INTO Paper (PaperID, Title, Year, MDate, Key, DOI) VALUES (2261, 'Task3 Patient-Centred Information Retrieval: Team CUNI.', 2016, '2016-08-11', 'conf/clef/SalehP16', 'http://ceur-ws.org/Vol-1609/16090123.pdf');
INSERT INTO Write (AuthorID, PaperID) VALUES (87, 2261);
INSERT INTO Paper (PaperID, Title, Year, MDate, Key, DOI) VALUES (2273, 'CUNI team: CLEF eHealth Consumer Health Search Task 2018.', 2018, '2018-08-08', 'conf/clef/SalehP18', 'http://ceur-ws.org/Vol-2125/paper_201.pdf');
INSERT INTO Write (AuthorID, PaperID) VALUES (87, 2273);
INSERT INTO Write (AuthorID, PaperID) VALUES (87, 2524);
INSERT INTO Paper (PaperID, Title, Year, MDate, Key, DOI) VALUES (2774, 'Charles University at CLEF 2007 Ad-Hoc Track.', 2007, '2017-05-24', 'conf/clef/CeskaP07', 'https://doi.org/10.1007/978-3-540-85760-0_3');
INSERT INTO Write (AuthorID, PaperID) VALUES (87, 2774);
INSERT INTO Write (AuthorID, PaperID) VALUES (87, 2898);
INSERT INTO Paper (PaperID, Title, Year, MDate, Key, DOI) VALUES (2973, 'CUNI at the ShARe/CLEF eHealth Evaluation Lab 2014.', 2014, '2014-09-10', 'conf/clef/SalehP14', 'http://ceur-ws.org/Vol-1180/CLEF2014wn-eHealth-SalehEt2014.pdf');
INSERT INTO Write (AuthorID, PaperID) VALUES (87, 2973);
INSERT INTO Write (AuthorID, PaperID) VALUES (87, 2997);
INSERT INTO Paper (PaperID, Title, Year, MDate, Key, DOI) VALUES (3054, 'CUNI at the CLEF 2015 eHealth Lab Task 2.', 2015, '2015-09-03', 'conf/clef/SalehBP15', 'http://ceur-ws.org/Vol-1391/124-CR.pdf');
INSERT INTO Write (AuthorID, PaperID) VALUES (87, 3054);
INSERT INTO Paper (PaperID, Title, Year, MDate, Key, DOI) VALUES (3136, 'Reranking Hypotheses of Machine-Translated Queries for Cross-Lingual Information Retrieval.', 2016, '2017-09-16', 'conf/clef/SalehP16a', 'https://doi.org/10.1007/978-3-319-44564-9_5');
INSERT INTO Write (AuthorID, PaperID) VALUES (87, 3136);
INSERT INTO Author (AuthorID, Name) VALUES (88, 'Miguel E. Ruiz');
INSERT INTO Paper (PaperID, Title, Year, MDate, Key, DOI) VALUES (117, 'CLEF 2003 Experiments at UB: Automatically Generated Phrases and Relevance Feedback for Improving CLIR.', 2003, '2017-05-24', 'conf/clef/Ruiz03', 'https://doi.org/10.1007/978-3-540-30222-3_17');
INSERT INTO Write (AuthorID, PaperID) VALUES (88, 117);
INSERT INTO Paper (PaperID, Title, Year, MDate, Key, DOI) VALUES (422, 'UNT at ImageCLEF 2010: CLIR for Wikipedia Images.', 2010, '2014-09-24', 'conf/clef/RuizCPCK10', 'http://www.clef-initiative.eu/documents/71612/86374/CLEF2010wn-ImageCLEF-RuizEt2010.pdf');
INSERT INTO Write (AuthorID, PaperID) VALUES (88, 422);
INSERT INTO Paper (PaperID, Title, Year, MDate, Key, DOI) VALUES (547, 'UB at CLEF2004: Part 1 - Monolingual and Multilingual Tasks.', 2004, '2014-08-15', 'conf/clef/RuizS04a', 'http://ceur-ws.org/Vol-1170/CLEF2004wn-adhoc-RuizEt2004.pdf');
INSERT INTO Write (AuthorID, PaperID) VALUES (88, 547);
INSERT INTO Paper (PaperID, Title, Year, MDate, Key, DOI) VALUES (575, 'UB at ImageCLEFmed 2006.', 2006, '2017-05-24', 'conf/clef/Ruiz06', 'https://doi.org/10.1007/978-3-540-74999-8_87');
INSERT INTO Write (AuthorID, PaperID) VALUES (88, 575);
INSERT INTO Paper (PaperID, Title, Year, MDate, Key, DOI) VALUES (670, 'UB at CLEF2004 Cross Language Medical Image Retrieval.', 2004, '2017-05-24', 'conf/clef/RuizS05a', 'https://doi.org/10.1007/11519645_75');
INSERT INTO Write (AuthorID, PaperID) VALUES (88, 670);
INSERT INTO Paper (PaperID, Title, Year, MDate, Key, DOI) VALUES (717, 'UB at CLEF2004: Part 2 - Cross Language Medical Image Retrieval.', 2004, '2014-08-15', 'conf/clef/RuizS04', 'http://ceur-ws.org/Vol-1170/CLEF2004wn-ImageCLEF-RuizEt2004.pdf');
INSERT INTO Write (AuthorID, PaperID) VALUES (88, 717);
INSERT INTO Paper (PaperID, Title, Year, MDate, Key, DOI) VALUES (1010, 'UNT at ImageCLEF 2011: Relevance Models and Salient Semantic Analysis for Image Retrieval.', 2011, '2018-11-16', 'conf/clef/RuizLH11', 'http://www.clef-initiative.eu/documents/71612/86377/CLEF2011wn-ImageCLEF-RuizEt2011.pdf');
INSERT INTO Write (AuthorID, PaperID) VALUES (88, 1010);
INSERT INTO Paper (PaperID, Title, Year, MDate, Key, DOI) VALUES (1327, 'UB at CLEF 2005: Bilingual CLIR and Medical Image Retrieval Tasks.', 2005, '2017-05-24', 'conf/clef/RuizS05b', 'https://doi.org/10.1007/11878773_81');
INSERT INTO Write (AuthorID, PaperID) VALUES (88, 1327);
INSERT INTO Paper (PaperID, Title, Year, MDate, Key, DOI) VALUES (1409, 'Report on CLEF 2003 Experiments at UB.', 2003, '2014-08-15', 'conf/clef/Ruiz03a', 'http://ceur-ws.org/Vol-1169/CLEF2003wn-adhoc-Ruiz2003.pdf');
INSERT INTO Write (AuthorID, PaperID) VALUES (88, 1409);
INSERT INTO Paper (PaperID, Title, Year, MDate, Key, DOI) VALUES (1419, 'UNT at ImageCLEFmed 2009.', 2009, '2014-09-29', 'conf/clef/Ruiz09', 'http://ceur-ws.org/Vol-1175/CLEF2009wn-ImageCLEF-Ruiz2009.pdf');
INSERT INTO Write (AuthorID, PaperID) VALUES (88, 1419);
INSERT INTO Paper (PaperID, Title, Year, MDate, Key, DOI) VALUES (1862, 'Users'' Image Seeking Behavior in a Multilingual Tag Environment.', 2009, '2017-05-24', 'conf/clef/RuizC09', 'https://doi.org/10.1007/978-3-642-15751-6_5');
INSERT INTO Write (AuthorID, PaperID) VALUES (88, 1862);
INSERT INTO Paper (PaperID, Title, Year, MDate, Key, DOI) VALUES (1874, 'Evaluation of Automatically Assigned MeSH Terms for Retrieval of Medical Images.', 2007, '2017-05-24', 'conf/clef/RuizN07', 'https://doi.org/10.1007/978-3-540-85760-0_82');
INSERT INTO Write (AuthorID, PaperID) VALUES (88, 1874);
INSERT INTO Paper (PaperID, Title, Year, MDate, Key, DOI) VALUES (1999, 'UB at GeoCLEF 2006.', 2006, '2014-08-15', 'conf/clef/RuizSASM06', 'http://ceur-ws.org/Vol-1172/CLEF2006wn-GeoCLEF-RuizEt2006.pdf');
INSERT INTO Write (AuthorID, PaperID) VALUES (88, 1999);
INSERT INTO Paper (PaperID, Title, Year, MDate, Key, DOI) VALUES (2315, 'Users'' Image Seeking Behavior in a Multilingual Tag Environment.', 2009, '2014-09-29', 'conf/clef/RuizC09a', 'http://ceur-ws.org/Vol-1175/CLEF2009wn-iCLEF-RuizEt2009.pdf');
INSERT INTO Write (AuthorID, PaperID) VALUES (88, 2315);
INSERT INTO Paper (PaperID, Title, Year, MDate, Key, DOI) VALUES (2556, 'UB at CLEF 2005: Medical Image Retrieval Task.', 2005, '2014-08-15', 'conf/clef/RuizS05c', 'http://ceur-ws.org/Vol-1171/CLEF2005wn-ImageCLEF-RuizEt2005.pdf');
INSERT INTO Write (AuthorID, PaperID) VALUES (88, 2556);
INSERT INTO Paper (PaperID, Title, Year, MDate, Key, DOI) VALUES (2838, 'UB at GeoCLEF 2006.', 2006, '2017-05-24', 'conf/clef/RuizAMSS06', 'https://doi.org/10.1007/978-3-540-74999-8_126');
INSERT INTO Write (AuthorID, PaperID) VALUES (88, 2838);
INSERT INTO Paper (PaperID, Title, Year, MDate, Key, DOI) VALUES (2966, 'Improving Query Expansion for Image Retrieval via Saliency and Picturability.', 2011, '2018-11-16', 'conf/clef/LeongHRM11', 'https://doi.org/10.1007/978-3-642-23708-9_16');
INSERT INTO Write (AuthorID, PaperID) VALUES (88, 2966);
INSERT INTO Paper (PaperID, Title, Year, MDate, Key, DOI) VALUES (3093, 'UB at CLEF2004: Cross Language Information Retrieval Using Statistical Language Models.', 2004, '2017-05-24', 'conf/clef/RuizS05', 'https://doi.org/10.1007/11519645_19');
INSERT INTO Write (AuthorID, PaperID) VALUES (88, 3093);
INSERT INTO Author (AuthorID, Name) VALUES (89, 'Magnus Sahlgren');
INSERT INTO Write (AuthorID, PaperID) VALUES (89, 203);
INSERT INTO Write (AuthorID, PaperID) VALUES (89, 251);
INSERT INTO Write (AuthorID, PaperID) VALUES (89, 632);
INSERT INTO Write (AuthorID, PaperID) VALUES (89, 668);
INSERT INTO Write (AuthorID, PaperID) VALUES (89, 888);
INSERT INTO Write (AuthorID, PaperID) VALUES (89, 964);
INSERT INTO Write (AuthorID, PaperID) VALUES (89, 1202);
INSERT INTO Write (AuthorID, PaperID) VALUES (89, 1293);
INSERT INTO Write (AuthorID, PaperID) VALUES (89, 1785);
INSERT INTO Write (AuthorID, PaperID) VALUES (89, 1830);
INSERT INTO Write (AuthorID, PaperID) VALUES (89, 1852);
INSERT INTO Write (AuthorID, PaperID) VALUES (89, 2016);
INSERT INTO Write (AuthorID, PaperID) VALUES (89, 2084);
INSERT INTO Write (AuthorID, PaperID) VALUES (89, 2161);
INSERT INTO Paper (PaperID, Title, Year, MDate, Key, DOI) VALUES (2385, 'STAVICTA Group Report for RepLab 2014 Reputation Dimension Task.', 2014, '2014-09-10', 'conf/clef/RahimiSKP14', 'http://ceur-ws.org/Vol-1180/CLEF2014wn-Rep-RahimiEt2014.pdf');
INSERT INTO Write (AuthorID, PaperID) VALUES (89, 2385);
INSERT INTO Write (AuthorID, PaperID) VALUES (89, 2559);
INSERT INTO Write (AuthorID, PaperID) VALUES (89, 2586);
INSERT INTO Author (AuthorID, Name) VALUES (90, 'Mohand Boughanem');
INSERT INTO Paper (PaperID, Title, Year, MDate, Key, DOI) VALUES (637, 'Evaluating a Conceptual Indexing Method by Utilizing WordNet.', 2005, '2017-05-24', 'conf/clef/BazizBA05a', 'https://doi.org/10.1007/11878773_28');
INSERT INTO Write (AuthorID, PaperID) VALUES (90, 637);
INSERT INTO Paper (PaperID, Title, Year, MDate, Key, DOI) VALUES (645, 'Investigation on Disambiguation in CLIR: Aligned Corpus and Bi-directional Translation-Based Strategies.', 2001, '2017-05-24', 'conf/clef/BoughanemCN01', 'https://doi.org/10.1007/3-540-45691-0_13');
INSERT INTO Write (AuthorID, PaperID) VALUES (90, 645);
INSERT INTO Paper (PaperID, Title, Year, MDate, Key, DOI) VALUES (853, 'Mercure at CLEF-1.', 2000, '2017-05-24', 'conf/clef/BoughanemN00', 'https://doi.org/10.1007/3-540-44645-1_19');
INSERT INTO Write (AuthorID, PaperID) VALUES (90, 853);
INSERT INTO Paper (PaperID, Title, Year, MDate, Key, DOI) VALUES (1152, 'Tie-Breaking Bias: Effect of an Uncontrolled Parameter on Information Retrieval Evaluation.', 2010, '2017-06-02', 'conf/clef/CabanacHBC10', 'https://doi.org/10.1007/978-3-642-15998-5_13');
INSERT INTO Write (AuthorID, PaperID) VALUES (90, 1152);
INSERT INTO Paper (PaperID, Title, Year, MDate, Key, DOI) VALUES (1457, 'Evaluating the Impact of Image Names in Context-Based Image Retrieval.', 2008, '2017-09-16', 'conf/clef/TorjmenPB08a', 'https://doi.org/10.1007/978-3-642-04447-2_98');
INSERT INTO Write (AuthorID, PaperID) VALUES (90, 1457);
INSERT INTO Paper (PaperID, Title, Year, MDate, Key, DOI) VALUES (1625, 'Evaluating a Conceptual Indexing Method by Utilizing WordNet.', 2005, '2014-08-15', 'conf/clef/BazizBA05b', 'http://ceur-ws.org/Vol-1171/CLEF2005wn-DomainSpecific-BazizEt2005.pdf');
INSERT INTO Write (AuthorID, PaperID) VALUES (90, 1625);
INSERT INTO Paper (PaperID, Title, Year, MDate, Key, DOI) VALUES (1778, 'Multimodal Social Book Search.', 2015, '2015-09-03', 'conf/clef/ImhofBB15', 'http://ceur-ws.org/Vol-1391/7-CR.pdf');
INSERT INTO Write (AuthorID, PaperID) VALUES (90, 1778);
INSERT INTO Paper (PaperID, Title, Year, MDate, Key, DOI) VALUES (1808, 'IRIT at CLEF 2004: The English GIRT Task.', 2004, '2017-05-24', 'conf/clef/BazizBA05', 'https://doi.org/10.1007/11519645_29');
INSERT INTO Write (AuthorID, PaperID) VALUES (90, 1808);
INSERT INTO Paper (PaperID, Title, Year, MDate, Key, DOI) VALUES (1923, 'Methods for Combining Content-Based and Textual-Based Approaches in Medical Image Retrieval.', 2008, '2017-09-16', 'conf/clef/TorjmenPB08', 'https://doi.org/10.1007/978-3-642-04447-2_87');
INSERT INTO Write (AuthorID, PaperID) VALUES (90, 1923);
INSERT INTO Paper (PaperID, Title, Year, MDate, Key, DOI) VALUES (2389, 'Some Experiments on the WikipediaMM 2008 task: Evaluating the Impact of Image names in Context-based Retrieval.', 2008, '2014-09-29', 'conf/clef/TorjmenPB08c', 'http://ceur-ws.org/Vol-1174/CLEF2008wn-ImageCLEF-TorjmenEt2008b.pdf');
INSERT INTO Write (AuthorID, PaperID) VALUES (90, 2389);
INSERT INTO Paper (PaperID, Title, Year, MDate, Key, DOI) VALUES (2456, 'Mercure at CLEF-2.', 2001, '2014-08-15', 'conf/clef/NassrB01', 'http://ceur-ws.org/Vol-1167/CLEF2001wn-adhoc-NassrEt2001.pdf');
INSERT INTO Write (AuthorID, PaperID) VALUES (90, 2456);
INSERT INTO Paper (PaperID, Title, Year, MDate, Key, DOI) VALUES (2480, 'Miracl at Clef 2015 : User-Centred Health Information Retrieval Task.', 2015, '2015-09-03', 'conf/clef/KsentiniTBG15', 'http://ceur-ws.org/Vol-1391/91-CR.pdf');
INSERT INTO Write (AuthorID, PaperID) VALUES (90, 2480);
INSERT INTO Paper (PaperID, Title, Year, MDate, Key, DOI) VALUES (2563, 'IRIT at CLEF 2004: The English GIRT Task.', 2004, '2014-08-15', 'conf/clef/BazizBA04', 'http://ceur-ws.org/Vol-1170/CLEF2004wn-DomainSpecific-BazizEt2004.pdf');
INSERT INTO Write (AuthorID, PaperID) VALUES (90, 2563);
INSERT INTO Paper (PaperID, Title, Year, MDate, Key, DOI) VALUES (2779, 'Using Pseudo-Relevance Feedback to Improve Image Retrieval Results.', 2007, '2017-09-16', 'conf/clef/TorjmenPB07', 'https://doi.org/10.1007/978-3-540-85760-0_85');
INSERT INTO Write (AuthorID, PaperID) VALUES (90, 2779);
INSERT INTO Paper (PaperID, Title, Year, MDate, Key, DOI) VALUES (3214, 'Methods for combining Content-based and Textual-based Approaches in Medical Image Retrieval.', 2008, '2014-09-29', 'conf/clef/TorjmenPB08b', 'http://ceur-ws.org/Vol-1174/CLEF2008wn-ImageCLEF-TorjmenEt2008a.pdf');
INSERT INTO Write (AuthorID, PaperID) VALUES (90, 3214);
INSERT INTO Paper (PaperID, Title, Year, MDate, Key, DOI) VALUES (3327, 'Using Pseudo-relevance Feedback to Improve Image Retrieval Results.', 2007, '2014-09-23', 'conf/clef/KhemakhemPB07', 'http://ceur-ws.org/Vol-1173/CLEF2007wn-ImageCLEF-TorjmenEt2007.pdf');
INSERT INTO Write (AuthorID, PaperID) VALUES (90, 3327);
INSERT INTO Paper (PaperID, Title, Year, MDate, Key, DOI) VALUES (3441, 'Mercure at CLEF-1.', 2000, '2014-08-15', 'conf/clef/BoughanemN00a', 'http://ceur-ws.org/Vol-1166/CLEF2000wn-adhoc-BoughanemEt2000.pdf');
INSERT INTO Write (AuthorID, PaperID) VALUES (90, 3441);
INSERT INTO Author (AuthorID, Name) VALUES (91, 'Efstathios Stamatatos');
INSERT INTO Write (AuthorID, PaperID) VALUES (91, 109);
INSERT INTO Write (AuthorID, PaperID) VALUES (91, 187);
INSERT INTO Write (AuthorID, PaperID) VALUES (91, 372);
INSERT INTO Write (AuthorID, PaperID) VALUES (91, 484);
INSERT INTO Paper (PaperID, Title, Year, MDate, Key, DOI) VALUES (971, 'An Improved Impostors Method for Authorship Verification.', 2017, '2017-08-31', 'conf/clef/PothaS17', 'https://doi.org/10.1007/978-3-319-65813-1_14');
INSERT INTO Write (AuthorID, PaperID) VALUES (91, 971);
INSERT INTO Write (AuthorID, PaperID) VALUES (91, 1386);
INSERT INTO Write (AuthorID, PaperID) VALUES (91, 1720);
INSERT INTO Write (AuthorID, PaperID) VALUES (91, 2511);
INSERT INTO Write (AuthorID, PaperID) VALUES (91, 2544);
INSERT INTO Paper (PaperID, Title, Year, MDate, Key, DOI) VALUES (2572, 'Overview of the Author Identification Task at PAN 2013.', 2013, '2014-09-10', 'conf/clef/JuolaS13', 'http://ceur-ws.org/Vol-1179/CLEF2013wn-PAN-JuolaEt2013.pdf');
INSERT INTO Write (AuthorID, PaperID) VALUES (91, 2572);
INSERT INTO Write (AuthorID, PaperID) VALUES (91, 2578);
INSERT INTO Paper (PaperID, Title, Year, MDate, Key, DOI) VALUES (3158, 'Author Identification Using Semi-supervised Learning - Notebook for PAN at CLEF 2011.', 2011, '2014-09-24', 'conf/clef/KourtisS11', 'http://www.clef-initiative.eu/documents/71612/86377/CLEF2011wn-PAN-KourtisEt2011.pdf');
INSERT INTO Write (AuthorID, PaperID) VALUES (91, 3158);
INSERT INTO Write (AuthorID, PaperID) VALUES (91, 3276);
INSERT INTO Write (AuthorID, PaperID) VALUES (91, 3351);
INSERT INTO Write (AuthorID, PaperID) VALUES (91, 3404);
INSERT INTO Paper (PaperID, Title, Year, MDate, Key, DOI) VALUES (3405, 'The Impact of Noise in Web Genre Identification.', 2015, '2017-06-15', 'conf/clef/PritsosS15', 'https://doi.org/10.1007/978-3-319-24027-5_27');
INSERT INTO Write (AuthorID, PaperID) VALUES (91, 3405);
INSERT INTO Write (AuthorID, PaperID) VALUES (91, 3482);
INSERT INTO Author (AuthorID, Name) VALUES (92, 'Romaric Besan&ccedil;on');
INSERT INTO Paper (PaperID, Title, Year, MDate, Key, DOI) VALUES (132, 'Data Fusion of Retrieval Results from Different Media: Experiments at ImageCLEF 2005.', 2005, '2017-05-24', 'conf/clef/BesanconM05', 'https://doi.org/10.1007/11878773_69');
INSERT INTO Write (AuthorID, PaperID) VALUES (92, 132);
INSERT INTO Paper (PaperID, Title, Year, MDate, Key, DOI) VALUES (566, 'Overview of CLEF 2008 INFILE Pilot Track.', 2008, '2017-05-24', 'conf/clef/BesanconCMHTC08', 'https://doi.org/10.1007/978-3-642-04447-2_125');
INSERT INTO Write (AuthorID, PaperID) VALUES (92, 566);
INSERT INTO Paper (PaperID, Title, Year, MDate, Key, DOI) VALUES (711, 'Merging Results from Different Media: Lic2m Experiments at ImageCLEF 2005.', 2005, '2014-08-15', 'conf/clef/BesanconM05a', 'http://ceur-ws.org/Vol-1171/CLEF2005wn-ImageCLEF-BesanconEt2005.pdf');
INSERT INTO Write (AuthorID, PaperID) VALUES (92, 711);
INSERT INTO Paper (PaperID, Title, Year, MDate, Key, DOI) VALUES (881, 'LIC2M Experiments at CLEF 2004.', 2004, '2014-08-15', 'conf/clef/BesanconFF04', 'http://ceur-ws.org/Vol-1170/CLEF2004wn-adhoc-BesanconEt2004.pdf');
INSERT INTO Write (AuthorID, PaperID) VALUES (92, 881);
INSERT INTO Paper (PaperID, Title, Year, MDate, Key, DOI) VALUES (957, 'The LIC2M''s CLEF 2003 System.', 2003, '2014-08-15', 'conf/clef/BesanconCFFMN03a', 'http://ceur-ws.org/Vol-1169/CLEF2003wn-adhoc-BesanconEt2003.pdf');
INSERT INTO Write (AuthorID, PaperID) VALUES (92, 957);
INSERT INTO Paper (PaperID, Title, Year, MDate, Key, DOI) VALUES (1220, 'The OEDipe System at CLEF-QA 2005.', 2005, '2017-05-24', 'conf/clef/BesanconEF05', 'https://doi.org/10.1007/11878773_38');
INSERT INTO Write (AuthorID, PaperID) VALUES (92, 1220);
INSERT INTO Paper (PaperID, Title, Year, MDate, Key, DOI) VALUES (1674, 'Finding Answers in the OEdipe System by Extracting and Applying Linguistic Patterns.', 2006, '2017-05-24', 'conf/clef/BesanconEF06', 'https://doi.org/10.1007/978-3-540-74999-8_47');
INSERT INTO Write (AuthorID, PaperID) VALUES (92, 1674);
INSERT INTO Paper (PaperID, Title, Year, MDate, Key, DOI) VALUES (1812, 'The Oedipe System at CLEF-QA 2005.', 2005, '2014-08-15', 'conf/clef/BesanconEF05a', 'http://ceur-ws.org/Vol-1171/CLEF2005wn-QACLEF-BesanconEt2005.pdf');
INSERT INTO Write (AuthorID, PaperID) VALUES (92, 1812);
INSERT INTO Paper (PaperID, Title, Year, MDate, Key, DOI) VALUES (1939, 'Integrating New Languages in a Multilingual Search System Based on a Deep Linguistic Analysis.', 2004, '2017-05-24', 'conf/clef/BesanconFF05', 'https://doi.org/10.1007/11519645_8');
INSERT INTO Write (AuthorID, PaperID) VALUES (92, 1939);
INSERT INTO Paper (PaperID, Title, Year, MDate, Key, DOI) VALUES (1998, 'Overview of CLEF 2008 INFILE Pilot Track.', 2008, '2014-09-29', 'conf/clef/BesanconCMHTC08a', 'http://ceur-ws.org/Vol-1174/CLEF2008wn-INFILE-BesanconEt2008.pdf');
INSERT INTO Write (AuthorID, PaperID) VALUES (92, 1998);
INSERT INTO Paper (PaperID, Title, Year, MDate, Key, DOI) VALUES (2066, 'LIC2M Experiments at ImageCLEF 2004.', 2004, '2014-08-15', 'conf/clef/BesanconHMF04', 'http://ceur-ws.org/Vol-1170/CLEF2004wn-ImageCLEF-BesanconEt2004.pdf');
INSERT INTO Write (AuthorID, PaperID) VALUES (92, 2066);
INSERT INTO Paper (PaperID, Title, Year, MDate, Key, DOI) VALUES (2103, 'Information Filtering Evaluation: Overview of CLEF 2009 INFILE Track.', 2009, '2017-05-24', 'conf/clef/BesanconCMTCL09', 'https://doi.org/10.1007/978-3-642-15754-7_41');
INSERT INTO Write (AuthorID, PaperID) VALUES (92, 2103);
INSERT INTO Paper (PaperID, Title, Year, MDate, Key, DOI) VALUES (2371, 'Finding Answers in the 800A#338;dipe System by Extracting and Applying Linguistic Patterns.', 2006, '2014-08-15', 'conf/clef/BesanconEF06a', 'http://ceur-ws.org/Vol-1172/CLEF2006wn-QACLEF-BesanconEt2006.pdf');
INSERT INTO Write (AuthorID, PaperID) VALUES (92, 2371);
INSERT INTO Paper (PaperID, Title, Year, MDate, Key, DOI) VALUES (2632, 'Cross-Media Feedback Strategies: Merging Text and Image Information to Improve Image Retrieval.', 2004, '2017-05-24', 'conf/clef/BesanconHMF05', 'https://doi.org/10.1007/11519645_69');
INSERT INTO Write (AuthorID, PaperID) VALUES (92, 2632);
INSERT INTO Paper (PaperID, Title, Year, MDate, Key, DOI) VALUES (3077, 'Concept-Based Searching and Merging for Multilingual Information Retrieval: First Experiments at CLEF 2003.', 2003, '2017-05-24', 'conf/clef/BesanconCFFMN03', 'https://doi.org/10.1007/978-3-540-30222-3_16');
INSERT INTO Write (AuthorID, PaperID) VALUES (92, 3077);
INSERT INTO Paper (PaperID, Title, Year, MDate, Key, DOI) VALUES (3090, 'Using Text and Image Retrieval Systems. Lic2m experiments at ImageCLEF 2006.', 2006, '2014-08-15', 'conf/clef/BesanconM06', 'http://ceur-ws.org/Vol-1172/CLEF2006wn-ImageCLEF-BesanconEt2006.pdf');
INSERT INTO Write (AuthorID, PaperID) VALUES (92, 3090);
INSERT INTO Paper (PaperID, Title, Year, MDate, Key, DOI) VALUES (3296, 'Overview of CLEF 2009 INFILE track.', 2009, '2014-09-29', 'conf/clef/BesanconCMTCL09a', 'http://ceur-ws.org/Vol-1175/CLEF2009wn-INFILE-BesanconEt2009.pdf');
INSERT INTO Write (AuthorID, PaperID) VALUES (92, 3296);
INSERT INTO Author (AuthorID, Name) VALUES (93, 'David Pinto');
INSERT INTO Paper (PaperID, Title, Year, MDate, Key, DOI) VALUES (106, 'Author Clustering using Hierarchical Clustering Analysis.', 2017, '2017-08-15', 'conf/clef/Gomez-AdornoAAS17', 'http://ceur-ws.org/Vol-1866/paper_108.pdf');
INSERT INTO Write (AuthorID, PaperID) VALUES (93, 106);
INSERT INTO Paper (PaperID, Title, Year, MDate, Key, DOI) VALUES (904, 'Text Reduction-Enrichment at WebCLEF.', 2006, '2014-08-15', 'conf/clef/LopezJP06a', 'http://ceur-ws.org/Vol-1172/CLEF2006wn-WebCLEF-RojasEt2006.pdf');
INSERT INTO Write (AuthorID, PaperID) VALUES (93, 904);
INSERT INTO Paper (PaperID, Title, Year, MDate, Key, DOI) VALUES (943, 'Two Approaches for QA4MRE: Information Retrieval and Graph-based Knowledge Representation.', 2013, '2014-09-10', 'conf/clef/Gomez-AdornoPA13', 'http://ceur-ws.org/Vol-1179/CLEF2013wn-QA4MRE-GomezAdornoEt2013.pdf');
INSERT INTO Write (AuthorID, PaperID) VALUES (93, 943);
INSERT INTO Paper (PaperID, Title, Year, MDate, Key, DOI) VALUES (1129, 'Vocabulary Reduction and Text Enrichment at WebCLEF.', 2006, '2017-05-24', 'conf/clef/LopezJP06', 'https://doi.org/10.1007/978-3-540-74999-8_106');
INSERT INTO Write (AuthorID, PaperID) VALUES (93, 1129);
INSERT INTO Paper (PaperID, Title, Year, MDate, Key, DOI) VALUES (1267, 'Lexical-Syntactic and Graph-Based Features for Authorship Verification Notebook for PAN at CLEF 2013.', 2013, '2015-06-17', 'conf/clef/AyalaPGLC13', 'http://ceur-ws.org/Vol-1179/CLEF2013wn-PAN-VilarinoEt2013.pdf');
INSERT INTO Write (AuthorID, PaperID) VALUES (93, 1267);
INSERT INTO Paper (PaperID, Title, Year, MDate, Key, DOI) VALUES (1348, 'Two Methodologies Applied to the Author Profiling Task.', 2013, '2014-09-10', 'conf/clef/AlemanLAP13', 'http://ceur-ws.org/Vol-1179/CLEF2013wn-PAN-AlemanEt2013.pdf');
INSERT INTO Write (AuthorID, PaperID) VALUES (93, 1348);
INSERT INTO Write (AuthorID, PaperID) VALUES (93, 2033);
INSERT INTO Paper (PaperID, Title, Year, MDate, Key, DOI) VALUES (2075, 'Graph-based and Lexical-Syntactic Approaches for the Authorship Attribution Task.', 2012, '2015-04-17', 'conf/clef/CastilloAPOGC12', 'http://www.clef-initiative.eu/documents/71612/38724007-41f0-4477-86d5-f07734cf9a5b');
INSERT INTO Write (AuthorID, PaperID) VALUES (93, 2075);
INSERT INTO Paper (PaperID, Title, Year, MDate, Key, DOI) VALUES (2083, 'Baseline Approaches for the Authorship Identification Task - Notebook for PAN at CLEF 2011.', 2011, '2016-06-02', 'conf/clef/AyalaCPLT11', 'http://www.clef-initiative.eu/documents/71612/86377/CLEF2011wn-PAN-Vilari%C3%B1oEt2011.pdf');
INSERT INTO Write (AuthorID, PaperID) VALUES (93, 2083);
INSERT INTO Write (AuthorID, PaperID) VALUES (93, 2085);
INSERT INTO Write (AuthorID, PaperID) VALUES (93, 2199);
INSERT INTO Paper (PaperID, Title, Year, MDate, Key, DOI) VALUES (2427, 'Information Retrieval and Classification based Approaches for the Sexual Predator Identification.', 2012, '2015-06-17', 'conf/clef/AyalaCPOL12', 'http://www.clef-initiative.eu/documents/71612/5860be8f-4b34-40c5-bd3e-54b9d8c831a7');
INSERT INTO Write (AuthorID, PaperID) VALUES (93, 2427);
INSERT INTO Paper (PaperID, Title, Year, MDate, Key, DOI) VALUES (2538, 'Hierarchical Clustering Analysis: The Best-Performing Approach at PAN 2017 Author Clustering Task.', 2017, '2018-08-20', 'conf/clef/Gomez-AdornoMSA17', 'https://doi.org/10.1007/978-3-319-98932-7_20');
INSERT INTO Write (AuthorID, PaperID) VALUES (93, 2538);
INSERT INTO Paper (PaperID, Title, Year, MDate, Key, DOI) VALUES (3201, 'A Graph Based Authorship Identification Approach: Notebook for PAN at CLEF 2015.', 2015, '2015-09-03', 'conf/clef/Gomez-AdornoSPM15', 'http://ceur-ws.org/Vol-1391/135-CR.pdf');
INSERT INTO Write (AuthorID, PaperID) VALUES (93, 3201);
INSERT INTO Write (AuthorID, PaperID) VALUES (93, 3260);
INSERT INTO Paper (PaperID, Title, Year, MDate, Key, DOI) VALUES (3497, 'Graph Based Approach for the Question Answering Task Based on Entrance Exams.', 2014, '2014-09-10', 'conf/clef/Gomez-AdornoSPG14', 'http://ceur-ws.org/Vol-1180/CLEF2014wn-QA-GomezAdornoEt2014.pdf');
INSERT INTO Write (AuthorID, PaperID) VALUES (93, 3497);
INSERT INTO Paper (PaperID, Title, Year, MDate, Key, DOI) VALUES (3501, 'Unsupervised Method for the Authorship Identification Task.', 2014, '2015-06-17', 'conf/clef/CastilloCAPL14', 'http://ceur-ws.org/Vol-1180/CLEF2014wn-Pan-CastilloEt2014.pdf');
INSERT INTO Write (AuthorID, PaperID) VALUES (93, 3501);
INSERT INTO Author (AuthorID, Name) VALUES (94, 'Ingo Gl&ouml;ckner');
INSERT INTO Paper (PaperID, Title, Year, MDate, Key, DOI) VALUES (140, 'The LogAnswer Project at ResPubliQA 2010.', 2010, '2014-09-24', 'conf/clef/GlocknerP10', 'http://www.clef-initiative.eu/documents/71612/86374/CLEF2010wn-MLQA10-GlocknerEt2010.pdf');
INSERT INTO Write (AuthorID, PaperID) VALUES (94, 140);
INSERT INTO Write (AuthorID, PaperID) VALUES (94, 351);
INSERT INTO Write (AuthorID, PaperID) VALUES (94, 474);
INSERT INTO Paper (PaperID, Title, Year, MDate, Key, DOI) VALUES (819, 'Combining Logic and Machine Learning for Answering Questions.', 2008, '2017-05-24', 'conf/clef/GlocknerP08', 'https://doi.org/10.1007/978-3-642-04447-2_47');
INSERT INTO Write (AuthorID, PaperID) VALUES (94, 819);
INSERT INTO Paper (PaperID, Title, Year, MDate, Key, DOI) VALUES (1165, 'RAVE: A Fast Logic-Based Answer Validator.', 2008, '2017-05-24', 'conf/clef/Glockner08', 'https://doi.org/10.1007/978-3-642-04447-2_56');
INSERT INTO Write (AuthorID, PaperID) VALUES (94, 1165);
INSERT INTO Write (AuthorID, PaperID) VALUES (94, 1201);
INSERT INTO Paper (PaperID, Title, Year, MDate, Key, DOI) VALUES (1289, 'The LogAnswer Project at CLEF 2009.', 2009, '2014-09-30', 'conf/clef/GloecknerP09', 'http://ceur-ws.org/Vol-1175/CLEF2009wn-QACLEF-GloecknerEt2009.pdf');
INSERT INTO Write (AuthorID, PaperID) VALUES (94, 1289);
INSERT INTO Paper (PaperID, Title, Year, MDate, Key, DOI) VALUES (1379, 'University of Hagen at CLEF 2007: Answer Validation Exercise.', 2007, '2014-09-23', 'conf/clef/Glockner07a', 'http://ceur-ws.org/Vol-1173/CLEF2007wn-QACLEF-Glockner2007.pdf');
INSERT INTO Write (AuthorID, PaperID) VALUES (94, 1379);
INSERT INTO Write (AuthorID, PaperID) VALUES (94, 1943);
INSERT INTO Paper (PaperID, Title, Year, MDate, Key, DOI) VALUES (2088, 'The LogAnswer Project at QA4MRE 2011.', 2011, '2016-06-02', 'conf/clef/GlocknerPD11', 'http://www.clef-initiative.eu/documents/71612/86377/CLEF2011wn-QA4MRE-Gl%C3%B6cknerEt2011.pdf');
INSERT INTO Write (AuthorID, PaperID) VALUES (94, 2088);
INSERT INTO Paper (PaperID, Title, Year, MDate, Key, DOI) VALUES (2244, 'Answer Validation Through Robust Logical Inference.', 2006, '2017-05-24', 'conf/clef/Glockner06', 'https://doi.org/10.1007/978-3-540-74999-8_62');
INSERT INTO Write (AuthorID, PaperID) VALUES (94, 2244);
INSERT INTO Paper (PaperID, Title, Year, MDate, Key, DOI) VALUES (2399, 'University of Hagen at QA@CLEF 2006: Answer Validation Exercise.', 2006, '2014-08-15', 'conf/clef/Glockner06a', 'http://ceur-ws.org/Vol-1172/CLEF2006wn-QACLEF-Glockner2006.pdf');
INSERT INTO Write (AuthorID, PaperID) VALUES (94, 2399);
INSERT INTO Paper (PaperID, Title, Year, MDate, Key, DOI) VALUES (2770, 'Combining Logic and Aggregation for Answer Selection.', 2007, '2017-05-24', 'conf/clef/Glockner07', 'https://doi.org/10.1007/978-3-540-85760-0_47');
INSERT INTO Write (AuthorID, PaperID) VALUES (94, 2770);
INSERT INTO Paper (PaperID, Title, Year, MDate, Key, DOI) VALUES (2832, 'University of Hagen at CLEF 2008: Answer Validation Exercise.', 2008, '2014-09-29', 'conf/clef/Glockner08a', 'http://ceur-ws.org/Vol-1174/CLEF2008wn-QACLEF-Glockner2008.pdf');
INSERT INTO Write (AuthorID, PaperID) VALUES (94, 2832);
INSERT INTO Paper (PaperID, Title, Year, MDate, Key, DOI) VALUES (2839, 'Extending a Logic-Based Question Answering System for Administrative Texts.', 2009, '2017-05-24', 'conf/clef/GlocknerP09', 'https://doi.org/10.1007/978-3-642-15754-7_30');
INSERT INTO Write (AuthorID, PaperID) VALUES (94, 2839);
INSERT INTO Paper (PaperID, Title, Year, MDate, Key, DOI) VALUES (2920, 'The LogAnswer Project at CLEF 2008: Towards Logic-Based Question Answering.', 2008, '2014-09-29', 'conf/clef/GlocknerP08a', 'http://ceur-ws.org/Vol-1174/CLEF2008wn-QACLEF-GlocknerEt2008.pdf');
INSERT INTO Write (AuthorID, PaperID) VALUES (94, 2920);
INSERT INTO Paper (PaperID, Title, Year, MDate, Key, DOI) VALUES (3486, 'The LogAnswer Project at QA4MRE 2012.', 2012, '2014-09-24', 'conf/clef/GlocknerP12', 'http://www.clef-initiative.eu/documents/71612/36719ef2-d251-461f-87be-a889bdde4bf4');
INSERT INTO Write (AuthorID, PaperID) VALUES (94, 3486);
INSERT INTO Author (AuthorID, Name) VALUES (95, 'Andreas Lommatzsch');
INSERT INTO Paper (PaperID, Title, Year, MDate, Key, DOI) VALUES (126, 'Benchmarking News Recommendations in a Living Lab.', 2014, '2018-11-14', 'conf/clef/HopfgartnerKLPBH14', 'https://www.wikidata.org/entity/Q57703122');
INSERT INTO Write (AuthorID, PaperID) VALUES (95, 126);
INSERT INTO Paper (PaperID, Title, Year, MDate, Key, DOI) VALUES (559, 'Development and Evaluation of a Highly Scalable News Recommender System.', 2015, '2015-09-03', 'conf/clef/VerbitskiyPL15', 'http://ceur-ws.org/Vol-1391/149-CR.pdf');
INSERT INTO Write (AuthorID, PaperID) VALUES (95, 559);
INSERT INTO Paper (PaperID, Title, Year, MDate, Key, DOI) VALUES (829, 'Stream-Based Recommendations: Online and Offline Evaluation as a Service.', 2015, '2018-11-14', 'conf/clef/KilleLTSLBSH15', 'https://www.wikidata.org/entity/Q57703118');
INSERT INTO Write (AuthorID, PaperID) VALUES (95, 829);
INSERT INTO Paper (PaperID, Title, Year, MDate, Key, DOI) VALUES (926, 'Development of a News Recommender System based on Apache Flink.', 2016, '2016-08-11', 'conf/clef/CiobanuL16', 'http://ceur-ws.org/Vol-1609/16090606.pdf');
INSERT INTO Write (AuthorID, PaperID) VALUES (95, 926);
INSERT INTO Paper (PaperID, Title, Year, MDate, Key, DOI) VALUES (1065, 'Clicks Pattern Analysis for Online News Recommendation Systems.', 2016, '2016-08-11', 'conf/clef/YuanLK16', 'http://ceur-ws.org/Vol-1609/16090679.pdf');
INSERT INTO Write (AuthorID, PaperID) VALUES (95, 1065);
INSERT INTO Paper (PaperID, Title, Year, MDate, Key, DOI) VALUES (1093, 'Overview of CLEF NewsREEL 2015: News Recommendation Evaluation Lab.', 2015, '2015-09-03', 'conf/clef/KilleLTSLBSH15a', 'http://ceur-ws.org/Vol-1391/inv-pap4-CR.pdf');
INSERT INTO Write (AuthorID, PaperID) VALUES (95, 1093);
INSERT INTO Paper (PaperID, Title, Year, MDate, Key, DOI) VALUES (1104, 'Overview of NewsREEL''16: Multi-dimensional Evaluation of Real-Time Stream-Recommendation Algorithms.', 2016, '2018-11-14', 'conf/clef/KilleLGHLSMSBV16', 'https://www.wikidata.org/entity/Q57703107');
INSERT INTO Write (AuthorID, PaperID) VALUES (95, 1104);
INSERT INTO Paper (PaperID, Title, Year, MDate, Key, DOI) VALUES (1320, 'CLEF NewsREEL 2016: Comparing Multi-dimensional Offline and Online Evaluation of News Recommender Systems.', 2016, '2016-08-11', 'conf/clef/KilleLHLSMSB16', 'http://ceur-ws.org/Vol-1609/16090593.pdf');
INSERT INTO Write (AuthorID, PaperID) VALUES (95, 1320);
INSERT INTO Paper (PaperID, Title, Year, MDate, Key, DOI) VALUES (1334, 'Recommender Ensembles for News Articles based on Most-Popular Strategies.', 2016, '2016-08-11', 'conf/clef/LommatzschJMHD16', 'http://ceur-ws.org/Vol-1609/16090657.pdf');
INSERT INTO Write (AuthorID, PaperID) VALUES (95, 1334);
INSERT INTO Paper (PaperID, Title, Year, MDate, Key, DOI) VALUES (1369, 'A System for Online News Recommendations in Real-Time with Apache Mahout.', 2017, '2017-08-15', 'conf/clef/BeckBML17', 'http://ceur-ws.org/Vol-1866/paper_164.pdf');
INSERT INTO Write (AuthorID, PaperID) VALUES (95, 1369);
INSERT INTO Paper (PaperID, Title, Year, MDate, Key, DOI) VALUES (1609, 'CLEF 2017 NewsREEL Overview: A Stream-Based Recommender Task for Evaluation and Education.', 2017, '2017-08-31', 'conf/clef/LommatzschKHLBS17', 'https://doi.org/10.1007/978-3-319-65813-1_23');
INSERT INTO Write (AuthorID, PaperID) VALUES (95, 1609);
INSERT INTO Paper (PaperID, Title, Year, MDate, Key, DOI) VALUES (1661, 'Optimizing a Scalable News Recommender System.', 2016, '2016-08-11', 'conf/clef/ProbstL16', 'http://ceur-ws.org/Vol-1609/16090669.pdf');
INSERT INTO Write (AuthorID, PaperID) VALUES (95, 1661);
INSERT INTO Paper (PaperID, Title, Year, MDate, Key, DOI) VALUES (2758, 'Real-time News Recommendations using Apache Spark.', 2016, '2016-08-11', 'conf/clef/DomannMHL16', 'http://ceur-ws.org/Vol-1609/16090628.pdf');
INSERT INTO Write (AuthorID, PaperID) VALUES (95, 2758);
INSERT INTO Paper (PaperID, Title, Year, MDate, Key, DOI) VALUES (2909, 'CLEF 2017 NewsREEL Overview: Offline and Online Evaluation of Stream-based News Recommender Systems.', 2017, '2017-08-15', 'conf/clef/KilleLHLB17', 'http://ceur-ws.org/Vol-1866/invited_paper_17.pdf');
INSERT INTO Write (AuthorID, PaperID) VALUES (95, 2909);
INSERT INTO Paper (PaperID, Title, Year, MDate, Key, DOI) VALUES (3264, 'Optimizing and Evaluating Stream-Based News Recommendation Algorithms.', 2015, '2017-05-24', 'conf/clef/LommatzschW15', 'https://doi.org/10.1007/978-3-319-24027-5_40');
INSERT INTO Write (AuthorID, PaperID) VALUES (95, 3264);
INSERT INTO Paper (PaperID, Title, Year, MDate, Key, DOI) VALUES (3272, 'A Highly Available Real-Time News Recommender Based on Apache Spark.', 2017, '2017-08-31', 'conf/clef/DomannL17', 'https://doi.org/10.1007/978-3-319-65813-1_17');
INSERT INTO Write (AuthorID, PaperID) VALUES (95, 3272);
INSERT INTO Paper (PaperID, Title, Year, MDate, Key, DOI) VALUES (3430, 'Optimizing and Evaluating Stream-based News Recommendation Algorithms.', 2014, '2014-09-10', 'conf/clef/WernerL14', 'http://ceur-ws.org/Vol-1180/CLEF2014wn-Newsreel-WernerEt2014.pdf');
INSERT INTO Write (AuthorID, PaperID) VALUES (95, 3430);
INSERT INTO Author (AuthorID, Name) VALUES (96, 'Hanna Suominen');
INSERT INTO Write (AuthorID, PaperID) VALUES (96, 7);
INSERT INTO Write (AuthorID, PaperID) VALUES (96, 531);
INSERT INTO Write (AuthorID, PaperID) VALUES (96, 822);
INSERT INTO Paper (PaperID, Title, Year, MDate, Key, DOI) VALUES (928, 'Task 2: ShARe/CLEF eHealth Evaluation Lab 2013.', 2013, '2015-07-24', 'conf/clef/MowerySCMSSMEPSC13', 'http://ceur-ws.org/Vol-1179/CLEF2013wn-CLEFeHealth-MoweryEt2013.pdf');
INSERT INTO Write (AuthorID, PaperID) VALUES (96, 928);
INSERT INTO Paper (PaperID, Title, Year, MDate, Key, DOI) VALUES (1156, 'Clinical Speech to Text Evaluation Setting.', 2012, '2014-09-24', 'conf/clef/SuominenBJDHKYS12', 'http://www.clef-initiative.eu/documents/71612/6815efb3-1d40-4d3a-a6d1-7ca5b61bc647');
INSERT INTO Write (AuthorID, PaperID) VALUES (96, 1156);
INSERT INTO Write (AuthorID, PaperID) VALUES (96, 1586);
INSERT INTO Write (AuthorID, PaperID) VALUES (96, 1729);
INSERT INTO Write (AuthorID, PaperID) VALUES (96, 1732);
INSERT INTO Paper (PaperID, Title, Year, MDate, Key, DOI) VALUES (1740, 'Task 1: ShARe/CLEF eHealth Evaluation Lab 2013.', 2013, '2015-07-24', 'conf/clef/PradhanESMCVSCS13', 'http://ceur-ws.org/Vol-1179/CLEF2013wn-CLEFeHealth-PradhanEt2013.pdf');
INSERT INTO Write (AuthorID, PaperID) VALUES (96, 1740);
INSERT INTO Write (AuthorID, PaperID) VALUES (96, 1774);
INSERT INTO Write (AuthorID, PaperID) VALUES (96, 2189);
INSERT INTO Paper (PaperID, Title, Year, MDate, Key, DOI) VALUES (2287, 'CLEFeHealth2012 - The CLEF 2012 Workshop on Cross-Language Evaluation of Methods, Applications, and Resources for eHealth Document Analysis.', 2012, '2014-09-24', 'conf/clef/Suominen12', 'http://www.clef-initiative.eu/documents/71612/4183b711-d669-43c1-a097-55b7bd5b8ef5');
INSERT INTO Write (AuthorID, PaperID) VALUES (96, 2287);
INSERT INTO Paper (PaperID, Title, Year, MDate, Key, DOI) VALUES (2323, 'Towards International Privacy-preserving Benchmarks of eHealth Technologies.', 2012, '2014-09-24', 'conf/clef/Suominen12a', 'http://www.clef-initiative.eu/documents/71612/9e55ccf5-c6a4-4f60-bfee-c58f75adbccc');
INSERT INTO Write (AuthorID, PaperID) VALUES (96, 2323);
INSERT INTO Write (AuthorID, PaperID) VALUES (96, 2398);
INSERT INTO Write (AuthorID, PaperID) VALUES (96, 2472);
INSERT INTO Paper (PaperID, Title, Year, MDate, Key, DOI) VALUES (2492, 'Towards Ease of Building Legos in Assessing eHealth Language Technologies A RESTful Laboratory for Data and Software.', 2012, '2014-09-24', 'conf/clef/SuominenKWH12', 'http://www.clef-initiative.eu/documents/71612/176963fc-e6ff-466e-b853-47158de827be');
INSERT INTO Write (AuthorID, PaperID) VALUES (96, 2492);
INSERT INTO Paper (PaperID, Title, Year, MDate, Key, DOI) VALUES (3421, 'Biosurveillance for Invasive Fungal Infections via Text Mining.', 2012, '2015-07-24', 'conf/clef/MartinezSAC12', 'http://www.clef-initiative.eu/documents/71612/c6a4d33a-4a09-4a86-ab70-432ae2c6ef5e');
INSERT INTO Write (AuthorID, PaperID) VALUES (96, 3421);
INSERT INTO Author (AuthorID, Name) VALUES (97, 'Martha Larson');
INSERT INTO Write (AuthorID, PaperID) VALUES (97, 829);
INSERT INTO Write (AuthorID, PaperID) VALUES (97, 1093);
INSERT INTO Write (AuthorID, PaperID) VALUES (97, 1104);
INSERT INTO Write (AuthorID, PaperID) VALUES (97, 1111);
INSERT INTO Paper (PaperID, Title, Year, MDate, Key, DOI) VALUES (1125, 'The University of Amsterdam at VideoCLEF 2008.', 2008, '2014-09-29', 'conf/clef/HeZWL08a', 'http://ceur-ws.org/Vol-1174/CLEF2008wn-VideoCLEF-ZhangEt2008.pdf');
INSERT INTO Write (AuthorID, PaperID) VALUES (97, 1125);
INSERT INTO Write (AuthorID, PaperID) VALUES (97, 1159);
INSERT INTO Paper (PaperID, Title, Year, MDate, Key, DOI) VALUES (1191, 'Exploiting Speech Recognition Transcripts for Narrative Peak Detection in Short-Form Documentaries.', 2009, '2018-11-02', 'conf/clef/LarsonJSO09', 'https://doi.org/10.1007/978-3-642-15751-6_50');
INSERT INTO Write (AuthorID, PaperID) VALUES (97, 1191);
INSERT INTO Write (AuthorID, PaperID) VALUES (97, 1320);
INSERT INTO Write (AuthorID, PaperID) VALUES (97, 1609);
INSERT INTO Write (AuthorID, PaperID) VALUES (97, 1767);
INSERT INTO Paper (PaperID, Title, Year, MDate, Key, DOI) VALUES (2065, 'Metadata and Multilinguality in Video Classification.', 2008, '2017-05-24', 'conf/clef/HeZWL08', 'https://doi.org/10.1007/978-3-642-04447-2_124');
INSERT INTO Write (AuthorID, PaperID) VALUES (97, 2065);
INSERT INTO Paper (PaperID, Title, Year, MDate, Key, DOI) VALUES (2483, 'CLEF NewsREEL 2017: Contextual Bandit News Recommendation.', 2017, '2017-08-15', 'conf/clef/LiangLL17', 'http://ceur-ws.org/Vol-1866/paper_176.pdf');
INSERT INTO Write (AuthorID, PaperID) VALUES (97, 2483);
INSERT INTO Write (AuthorID, PaperID) VALUES (97, 2909);
INSERT INTO Paper (PaperID, Title, Year, MDate, Key, DOI) VALUES (2987, 'Exploiting Speech Recognition Transcripts for Narrative Peak Detection in Short-Form Documentaries.', 2009, '2014-09-29', 'conf/clef/LarsonJSO09a', 'http://ceur-ws.org/Vol-1175/CLEF2009wn-VideoCLEF-LarsonEt2009b.pdf');
INSERT INTO Write (AuthorID, PaperID) VALUES (97, 2987);
INSERT INTO Paper (PaperID, Title, Year, MDate, Key, DOI) VALUES (3267, 'CLEF NewsREEL 2016: Image based Recommendation.', 2016, '2016-08-11', 'conf/clef/CorsiniL16', 'http://ceur-ws.org/Vol-1609/16090618.pdf');
INSERT INTO Write (AuthorID, PaperID) VALUES (97, 3267);
INSERT INTO Write (AuthorID, PaperID) VALUES (97, 3386);
INSERT INTO Author (AuthorID, Name) VALUES (98, 'M&aacute;rio J. Silva');
INSERT INTO Write (AuthorID, PaperID) VALUES (98, 36);
INSERT INTO Write (AuthorID, PaperID) VALUES (98, 51);
INSERT INTO Write (AuthorID, PaperID) VALUES (98, 315);
INSERT INTO Write (AuthorID, PaperID) VALUES (98, 477);
INSERT INTO Write (AuthorID, PaperID) VALUES (98, 562);
INSERT INTO Write (AuthorID, PaperID) VALUES (98, 619);
INSERT INTO Write (AuthorID, PaperID) VALUES (98, 880);
INSERT INTO Write (AuthorID, PaperID) VALUES (98, 2561);
INSERT INTO Write (AuthorID, PaperID) VALUES (98, 2613);
INSERT INTO Write (AuthorID, PaperID) VALUES (98, 2692);
INSERT INTO Write (AuthorID, PaperID) VALUES (98, 2696);
INSERT INTO Write (AuthorID, PaperID) VALUES (98, 2847);
INSERT INTO Write (AuthorID, PaperID) VALUES (98, 2968);
INSERT INTO Write (AuthorID, PaperID) VALUES (98, 3092);
INSERT INTO Write (AuthorID, PaperID) VALUES (98, 3461);
INSERT INTO Write (AuthorID, PaperID) VALUES (98, 3510);
INSERT INTO Author (AuthorID, Name) VALUES (99, 'Adrian Popescu 0001');
INSERT INTO Paper (PaperID, Title, Year, MDate, Key, DOI) VALUES (332, 'CEA LIST''s Participation to Visual Concept Detection Task of ImageCLEF 2011.', 2011, '2016-02-05', 'conf/clef/ZnaidiaBP11', 'http://www.clef-initiative.eu/documents/71612/86377/CLEF2011wn-ImageCLEF-ZnaidiaEt2011.pdf');
INSERT INTO Write (AuthorID, PaperID) VALUES (99, 332);
INSERT INTO Paper (PaperID, Title, Year, MDate, Key, DOI) VALUES (447, 'Image Annotation and Two Paths to Text Illustration.', 2016, '2016-08-12', 'conf/clef/BorgneGCTTG016', 'http://ceur-ws.org/Vol-1609/16090322.pdf');
INSERT INTO Write (AuthorID, PaperID) VALUES (99, 447);
INSERT INTO Paper (PaperID, Title, Year, MDate, Key, DOI) VALUES (480, 'Multimodal Image Retrieval over a Large Database.', 2009, '2017-05-24', 'conf/clef/MyoupoPBM09', 'https://doi.org/10.1007/978-3-642-15751-6_20');
INSERT INTO Write (AuthorID, PaperID) VALUES (99, 480);
INSERT INTO Paper (PaperID, Title, Year, MDate, Key, DOI) VALUES (695, 'Overview of the ImageCLEF 2012 Flickr Photo Annotation and Retrieval Task.', 2012, '2016-02-05', 'conf/clef/ThomeeP12', 'http://www.clef-initiative.eu/documents/71612/ec10fe5c-92e7-4217-b6fa-24ad439df1ba');
INSERT INTO Write (AuthorID, PaperID) VALUES (99, 695);
INSERT INTO Paper (PaperID, Title, Year, MDate, Key, DOI) VALUES (798, 'Overview of the Wikipedia Image Retrieval Task at ImageCLEF 2011.', 2011, '2016-02-05', 'conf/clef/TsikrikaPK11', 'http://www.clef-initiative.eu/documents/71612/86377/CLEF2011wn-ImageCLEF-TsikrikaEt2011.pdf');
INSERT INTO Write (AuthorID, PaperID) VALUES (99, 798);
INSERT INTO Paper (PaperID, Title, Year, MDate, Key, DOI) VALUES (871, 'Overview of the Wikipedia Retrieval Task at ImageCLEF 2010.', 2010, '2016-02-05', 'conf/clef/PopescuTK10', 'http://www.clef-initiative.eu/documents/71612/86374/CLEF2010wn-ImageCLEF-PopescuEt2010.pdf');
INSERT INTO Write (AuthorID, PaperID) VALUES (99, 871);
INSERT INTO Paper (PaperID, Title, Year, MDate, Key, DOI) VALUES (1000, 'Conceptual Image Retrieval over the Wikipedia Corpus.', 2008, '2016-02-05', 'conf/clef/PopescuBM08a', 'http://ceur-ws.org/Vol-1174/CLEF2008wn-ImageCLEF-PopescuEt2008.pdf');
INSERT INTO Write (AuthorID, PaperID) VALUES (99, 1000);
INSERT INTO Paper (PaperID, Title, Year, MDate, Key, DOI) VALUES (1224, 'Visual Reranking for Image Retrieval over the Wikipedia Corpus.', 2009, '2016-02-05', 'conf/clef/MyoupoPBM09a', 'http://ceur-ws.org/Vol-1175/CLEF2009wn-ImageCLEF-MyoupoEt2009.pdf');
INSERT INTO Write (AuthorID, PaperID) VALUES (99, 1224);
INSERT INTO Paper (PaperID, Title, Year, MDate, Key, DOI) VALUES (1273, 'CEA LIST''s participation to the Scalable Concept Image Annotation task of ImageCLEF 2015.', 2015, '2016-02-05', 'conf/clef/GadeskiBP15', 'http://ceur-ws.org/Vol-1391/23-CR.pdf');
INSERT INTO Write (AuthorID, PaperID) VALUES (99, 1273);
INSERT INTO Paper (PaperID, Title, Year, MDate, Key, DOI) VALUES (1576, 'CEA LIST@ImageCLEF 2013: Scalable Concept Image Annotation.', 2013, '2016-02-05', 'conf/clef/BorgnePZ13', 'http://ceur-ws.org/Vol-1179/CLEF2013wn-ImageCLEF-LeBorgneEt2013.pdf');
INSERT INTO Write (AuthorID, PaperID) VALUES (99, 1576);
INSERT INTO Paper (PaperID, Title, Year, MDate, Key, DOI) VALUES (1632, 'T800Aeacute;l800Aeacute;com Bretagne at ImageCLEF WikipediaMM 2010.', 2010, '2016-02-05', 'conf/clef/Popescu10', 'http://www.clef-initiative.eu/documents/71612/86374/CLEF2010wn-ImageCLEF-Popescu2010.pdf');
INSERT INTO Write (AuthorID, PaperID) VALUES (99, 1632);
INSERT INTO Paper (PaperID, Title, Year, MDate, Key, DOI) VALUES (1697, 'CEA LIST''s Participation at the CLEF CHiC 2013.', 2013, '2016-02-05', 'conf/clef/Popescu13', 'http://ceur-ws.org/Vol-1179/CLEF2013wn-CHiC-Popescu2013.pdf');
INSERT INTO Write (AuthorID, PaperID) VALUES (99, 1697);
INSERT INTO Paper (PaperID, Title, Year, MDate, Key, DOI) VALUES (2064, 'CEA LIST''s Participation to the Concept Annotation Task of ImageCLEF 2012.', 2012, '2016-02-05', 'conf/clef/ZnaidiaSPB12', 'http://www.clef-initiative.eu/documents/71612/bc06da1b-e417-46e6-bb32-0be0918a07be');
INSERT INTO Write (AuthorID, PaperID) VALUES (99, 2064);
INSERT INTO Paper (PaperID, Title, Year, MDate, Key, DOI) VALUES (2566, 'Conceptual Image Retrieval over a Large Scale Database.', 2008, '2017-05-24', 'conf/clef/PopescuBM08', 'https://doi.org/10.1007/978-3-642-04447-2_100');
INSERT INTO Write (AuthorID, PaperID) VALUES (99, 2566);
INSERT INTO Paper (PaperID, Title, Year, MDate, Key, DOI) VALUES (3030, 'XRCE''s Participation at Wikipedia Retrieval of ImageCLEF 2011.', 2011, '2016-02-05', 'conf/clef/CsurkaCP11', 'http://www.clef-initiative.eu/documents/71612/86377/CLEF2011wn-ImageCLEF-CsurkaEt2011a.pdf');
INSERT INTO Write (AuthorID, PaperID) VALUES (99, 3030);
INSERT INTO Write (AuthorID, PaperID) VALUES (99, 3086);
INSERT INTO Author (AuthorID, Name) VALUES (100, 'C&eacute;sar de Pablo-S&aacute;nchez');
INSERT INTO Write (AuthorID, PaperID) VALUES (100, 202);
INSERT INTO Paper (PaperID, Title, Year, MDate, Key, DOI) VALUES (448, 'MIRACLE Experiments in QA@CLEF 2006 in Spanish: Main Task, Real-Time QA and Exploratory QA Using Wikipedia (WiQA).', 2006, '2017-05-24', 'conf/clef/Pablo-SanchezGMV06', 'https://doi.org/10.1007/978-3-540-74999-8_55');
INSERT INTO Write (AuthorID, PaperID) VALUES (100, 448);
INSERT INTO Write (AuthorID, PaperID) VALUES (100, 501);
INSERT INTO Write (AuthorID, PaperID) VALUES (100, 1203);
INSERT INTO Write (AuthorID, PaperID) VALUES (100, 1231);
INSERT INTO Write (AuthorID, PaperID) VALUES (100, 1278);
INSERT INTO Write (AuthorID, PaperID) VALUES (100, 1485);
INSERT INTO Write (AuthorID, PaperID) VALUES (100, 1669);
INSERT INTO Write (AuthorID, PaperID) VALUES (100, 2036);
INSERT INTO Write (AuthorID, PaperID) VALUES (100, 2141);
INSERT INTO Write (AuthorID, PaperID) VALUES (100, 2212);
INSERT INTO Write (AuthorID, PaperID) VALUES (100, 2305);
INSERT INTO Write (AuthorID, PaperID) VALUES (100, 3046);
INSERT INTO Write (AuthorID, PaperID) VALUES (100, 3091);
INSERT INTO Write (AuthorID, PaperID) VALUES (100, 3488);
INSERT INTO Write (AuthorID, PaperID) VALUES (100, 3527);
INSERT INTO Author (AuthorID, Name) VALUES (101, 'Pierre Bonnet');
INSERT INTO Write (AuthorID, PaperID) VALUES (101, 2);
INSERT INTO Write (AuthorID, PaperID) VALUES (101, 486);
INSERT INTO Write (AuthorID, PaperID) VALUES (101, 537);
INSERT INTO Write (AuthorID, PaperID) VALUES (101, 596);
INSERT INTO Write (AuthorID, PaperID) VALUES (101, 837);
INSERT INTO Write (AuthorID, PaperID) VALUES (101, 1140);
INSERT INTO Write (AuthorID, PaperID) VALUES (101, 1147);
INSERT INTO Write (AuthorID, PaperID) VALUES (101, 1522);
INSERT INTO Write (AuthorID, PaperID) VALUES (101, 1601);
INSERT INTO Write (AuthorID, PaperID) VALUES (101, 1876);
INSERT INTO Write (AuthorID, PaperID) VALUES (101, 2015);
INSERT INTO Write (AuthorID, PaperID) VALUES (101, 2099);
INSERT INTO Write (AuthorID, PaperID) VALUES (101, 2356);
INSERT INTO Write (AuthorID, PaperID) VALUES (101, 2700);
INSERT INTO Write (AuthorID, PaperID) VALUES (101, 3072);
INSERT INTO Write (AuthorID, PaperID) VALUES (101, 3284);
INSERT INTO Author (AuthorID, Name) VALUES (102, 'Barbara Caputo');
INSERT INTO Paper (PaperID, Title, Year, MDate, Key, DOI) VALUES (77, 'Overview of the ImageCLEF 2013 Robot Vision Task.', 2013, '2014-09-10', 'conf/clef/Martinez-GomezGCC13', 'http://ceur-ws.org/Vol-1179/CLEF2013wn-ImageCLEF-MartinezGomezEt2013.pdf');
INSERT INTO Write (AuthorID, PaperID) VALUES (102, 77);
INSERT INTO Paper (PaperID, Title, Year, MDate, Key, DOI) VALUES (408, 'Overview of the ImageCLEF 2014 Domain Adaptation Task.', 2014, '2014-09-10', 'conf/clef/CaputoP14', 'http://ceur-ws.org/Vol-1180/CLEF2014wn-Image-CaputoEt2014.pdf');
INSERT INTO Write (AuthorID, PaperID) VALUES (102, 408);
INSERT INTO Paper (PaperID, Title, Year, MDate, Key, DOI) VALUES (430, 'Baseline Multimodal Place Classifier for the 2012 Robot Vision Task.', 2012, '2014-09-24', 'conf/clef/Martinez-GomezGC12a', 'http://www.clef-initiative.eu/documents/71612/a5b0a0c1-c4bf-49fb-86c6-1b8f84687577');
INSERT INTO Write (AuthorID, PaperID) VALUES (102, 430);
INSERT INTO Paper (PaperID, Title, Year, MDate, Key, DOI) VALUES (493, 'A Multi Cue Discriminative Approach to Semantic Place Classification.', 2010, '2014-09-24', 'conf/clef/FornoniMC10', 'http://www.clef-initiative.eu/documents/71612/86374/CLEF2010wn-ImageCLEF-FornoniEt2010.pdf');
INSERT INTO Write (AuthorID, PaperID) VALUES (102, 493);
INSERT INTO Write (AuthorID, PaperID) VALUES (102, 537);
INSERT INTO Paper (PaperID, Title, Year, MDate, Key, DOI) VALUES (874, 'Overview of the ImageCLEF 2012 Robot Vision Task.', 2012, '2014-09-24', 'conf/clef/Martinez-GomezGC12', 'http://www.clef-initiative.eu/documents/71612/95de9226-0d1f-4f04-82d8-8082d57bc905');
INSERT INTO Write (AuthorID, PaperID) VALUES (102, 874);
INSERT INTO Write (AuthorID, PaperID) VALUES (102, 1068);
INSERT INTO Paper (PaperID, Title, Year, MDate, Key, DOI) VALUES (1517, 'Overview of the CLEF 2009 Medical Image Annotation Track.', 2009, '2014-09-29', 'conf/clef/TommasiCWGD09a', 'http://ceur-ws.org/Vol-1175/CLEF2009wn-ImageCLEF-TommasiEt2009.pdf');
INSERT INTO Write (AuthorID, PaperID) VALUES (102, 1517);
INSERT INTO Paper (PaperID, Title, Year, MDate, Key, DOI) VALUES (2217, 'Overview of the CLEF 2009 Robot Vision Track.', 2009, '2017-06-02', 'conf/clef/PronobisXC09', 'https://doi.org/10.1007/978-3-642-15751-6_11');
INSERT INTO Write (AuthorID, PaperID) VALUES (102, 2217);
INSERT INTO Paper (PaperID, Title, Year, MDate, Key, DOI) VALUES (2237, 'Cue Integration for Medical Image Annotation.', 2007, '2017-05-24', 'conf/clef/TommasiOC07', 'https://doi.org/10.1007/978-3-540-85760-0_72');
INSERT INTO Write (AuthorID, PaperID) VALUES (102, 2237);
INSERT INTO Paper (PaperID, Title, Year, MDate, Key, DOI) VALUES (2581, 'CLEF2007: Image Annotation Task: an SVM-based Cue Integration Approach.', 2007, '2014-09-23', 'conf/clef/TommasiOC07a', 'http://ceur-ws.org/Vol-1173/CLEF2007wn-ImageCLEF-TommasiEt2007.pdf');
INSERT INTO Write (AuthorID, PaperID) VALUES (102, 2581);
INSERT INTO Paper (PaperID, Title, Year, MDate, Key, DOI) VALUES (2703, 'CLEF2008 Image Annotation Task: an SVM Confidence-Based Approach.', 2008, '2014-09-29', 'conf/clef/TommasiOC08a', 'http://ceur-ws.org/Vol-1174/CLEF2008wn-ImageCLEF-TommasiEt2008.pdf');
INSERT INTO Write (AuthorID, PaperID) VALUES (102, 2703);
INSERT INTO Paper (PaperID, Title, Year, MDate, Key, DOI) VALUES (2925, 'The Robot Vision Track at ImageCLEF 2010.', 2010, '2014-09-24', 'conf/clef/PronobisFCC10', 'http://www.clef-initiative.eu/documents/71612/86374/CLEF2010wn-ImageCLEF-PronobisEt2010.pdf');
INSERT INTO Write (AuthorID, PaperID) VALUES (102, 2925);
INSERT INTO Paper (PaperID, Title, Year, MDate, Key, DOI) VALUES (3081, 'An SVM Confidence-Based Approach to Medical Image Annotation.', 2008, '2018-11-24', 'conf/clef/TommasiOC08', 'https://www.wikidata.org/entity/Q58833047');
INSERT INTO Write (AuthorID, PaperID) VALUES (102, 3081);
INSERT INTO Paper (PaperID, Title, Year, MDate, Key, DOI) VALUES (3098, 'Overview of the CLEF 2009 Medical Image Annotation Track.', 2009, '2018-11-24', 'conf/clef/TommasiCWGD09', 'https://www.wikidata.org/entity/Q58833043');
INSERT INTO Write (AuthorID, PaperID) VALUES (102, 3098);
INSERT INTO Paper (PaperID, Title, Year, MDate, Key, DOI) VALUES (3290, 'Overview of the CLEF 2009 Robot Vision Track.', 2009, '2014-09-29', 'conf/clef/CaputoPJ09', 'http://ceur-ws.org/Vol-1175/CLEF2009wn-ImageCLEF-CaputoEt2009.pdf');
INSERT INTO Write (AuthorID, PaperID) VALUES (102, 3290);
INSERT INTO Author (AuthorID, Name) VALUES (103, 'Jordi Turmo');
INSERT INTO Paper (PaperID, Title, Year, MDate, Key, DOI) VALUES (65, 'Overview of QAST 2008.', 2008, '2017-05-24', 'conf/clef/TurmoCRLMM08', 'https://doi.org/10.1007/978-3-642-04447-2_36');
INSERT INTO Write (AuthorID, PaperID) VALUES (103, 65);
INSERT INTO Write (AuthorID, PaperID) VALUES (103, 216);
INSERT INTO Paper (PaperID, Title, Year, MDate, Key, DOI) VALUES (726, 'Robust Question Answering for Speech Transcripts Using Minimal Syntactic Analysis.', 2007, '2014-09-23', 'conf/clef/ComasTS07a', 'http://ceur-ws.org/Vol-1173/CLEF2007wn-QACLEF-ComasEt2007.pdf');
INSERT INTO Write (AuthorID, PaperID) VALUES (103, 726);
INSERT INTO Paper (PaperID, Title, Year, MDate, Key, DOI) VALUES (1588, 'Robust Question Answering for Speech Transcripts: UPC Experience in QAst 2009.', 2009, '2017-05-24', 'conf/clef/ComasT09', 'https://doi.org/10.1007/978-3-642-15754-7_34');
INSERT INTO Write (AuthorID, PaperID) VALUES (103, 1588);
INSERT INTO Paper (PaperID, Title, Year, MDate, Key, DOI) VALUES (1685, 'Overview of QAST 2008.', 2008, '2014-09-29', 'conf/clef/TurmoCRLMM08a', 'http://ceur-ws.org/Vol-1174/CLEF2008wn-QACLEF-TurmoEt2008.pdf');
INSERT INTO Write (AuthorID, PaperID) VALUES (103, 1685);
INSERT INTO Paper (PaperID, Title, Year, MDate, Key, DOI) VALUES (1723, 'Robust Question Answering for Speech Transcripts Using Minimal Syntactic Analysis.', 2007, '2017-05-24', 'conf/clef/ComasTS07', 'https://doi.org/10.1007/978-3-540-85760-0_56');
INSERT INTO Write (AuthorID, PaperID) VALUES (103, 1723);
INSERT INTO Write (AuthorID, PaperID) VALUES (103, 1908);
INSERT INTO Write (AuthorID, PaperID) VALUES (103, 1950);
INSERT INTO Write (AuthorID, PaperID) VALUES (103, 2190);
INSERT INTO Paper (PaperID, Title, Year, MDate, Key, DOI) VALUES (2316, 'Overview of QAST 2007.', 2007, '2017-05-24', 'conf/clef/TurmoCAMRL07', 'https://doi.org/10.1007/978-3-540-85760-0_29');
INSERT INTO Write (AuthorID, PaperID) VALUES (103, 2316);
INSERT INTO Paper (PaperID, Title, Year, MDate, Key, DOI) VALUES (2329, 'Overview of QAST 2007.', 2007, '2014-09-23', 'conf/clef/TurmoCAMRL07a', 'http://ceur-ws.org/Vol-1173/CLEF2007wn-QACLEF-TurmoEt2007.pdf');
INSERT INTO Write (AuthorID, PaperID) VALUES (103, 2329);
INSERT INTO Write (AuthorID, PaperID) VALUES (103, 2352);
INSERT INTO Write (AuthorID, PaperID) VALUES (103, 2446);
INSERT INTO Paper (PaperID, Title, Year, MDate, Key, DOI) VALUES (2543, 'Robust Question Answering for Speech Transcripts: UPC Experience in QAst 2009.', 2009, '2014-09-29', 'conf/clef/ComasT09a', 'http://ceur-ws.org/Vol-1175/CLEF2009wn-QACLEF-ComasEt2009.pdf');
INSERT INTO Write (AuthorID, PaperID) VALUES (103, 2543);
INSERT INTO Paper (PaperID, Title, Year, MDate, Key, DOI) VALUES (2902, 'Robust Question Answering for Speech Transcripts: UPC Experience in QAst 2008.', 2008, '2017-05-24', 'conf/clef/ComasT08', 'https://doi.org/10.1007/978-3-642-04447-2_61');
INSERT INTO Write (AuthorID, PaperID) VALUES (103, 2902);
INSERT INTO Paper (PaperID, Title, Year, MDate, Key, DOI) VALUES (3127, 'Robust Question Answering for Speech Transcripts: UPC Experience in QAst 2008.', 2008, '2014-09-29', 'conf/clef/ComasT08a', 'http://ceur-ws.org/Vol-1174/CLEF2008wn-QACLEF-ComasEt2008.pdf');
INSERT INTO Write (AuthorID, PaperID) VALUES (103, 3127);
INSERT INTO Author (AuthorID, Name) VALUES (104, 'Daniel Ferr&eacute;s');
INSERT INTO Write (AuthorID, PaperID) VALUES (104, 216);
INSERT INTO Write (AuthorID, PaperID) VALUES (104, 492);
INSERT INTO Write (AuthorID, PaperID) VALUES (104, 916);
INSERT INTO Write (AuthorID, PaperID) VALUES (104, 919);
INSERT INTO Write (AuthorID, PaperID) VALUES (104, 1597);
INSERT INTO Write (AuthorID, PaperID) VALUES (104, 1692);
INSERT INTO Write (AuthorID, PaperID) VALUES (104, 1908);
INSERT INTO Write (AuthorID, PaperID) VALUES (104, 1950);
INSERT INTO Write (AuthorID, PaperID) VALUES (104, 2352);
INSERT INTO Write (AuthorID, PaperID) VALUES (104, 2471);
INSERT INTO Write (AuthorID, PaperID) VALUES (104, 2495);
INSERT INTO Write (AuthorID, PaperID) VALUES (104, 2752);
INSERT INTO Write (AuthorID, PaperID) VALUES (104, 2813);
INSERT INTO Write (AuthorID, PaperID) VALUES (104, 2861);
INSERT INTO Write (AuthorID, PaperID) VALUES (104, 2974);
INSERT INTO Write (AuthorID, PaperID) VALUES (104, 3429);
INSERT INTO Author (AuthorID, Name) VALUES (105, 'Alba Garcia Seco de Herrera');
INSERT INTO Write (AuthorID, PaperID) VALUES (105, 33);
INSERT INTO Write (AuthorID, PaperID) VALUES (105, 331);
INSERT INTO Write (AuthorID, PaperID) VALUES (105, 383);
INSERT INTO Write (AuthorID, PaperID) VALUES (105, 870);
INSERT INTO Write (AuthorID, PaperID) VALUES (105, 1985);
INSERT INTO Write (AuthorID, PaperID) VALUES (105, 2125);
INSERT INTO Write (AuthorID, PaperID) VALUES (105, 2132);
INSERT INTO Write (AuthorID, PaperID) VALUES (105, 2155);
INSERT INTO Write (AuthorID, PaperID) VALUES (105, 2308);
INSERT INTO Write (AuthorID, PaperID) VALUES (105, 2327);
INSERT INTO Write (AuthorID, PaperID) VALUES (105, 2667);
INSERT INTO Write (AuthorID, PaperID) VALUES (105, 2750);
INSERT INTO Write (AuthorID, PaperID) VALUES (105, 3141);
INSERT INTO Write (AuthorID, PaperID) VALUES (105, 3167);
INSERT INTO Paper (PaperID, Title, Year, MDate, Key, DOI) VALUES (3406, 'NLM at ImageCLEF 2017 Caption Task.', 2017, '2017-08-15', 'conf/clef/AbachaHGDA17', 'http://ceur-ws.org/Vol-1866/paper_158.pdf');
INSERT INTO Write (AuthorID, PaperID) VALUES (105, 3406);
INSERT INTO Write (AuthorID, PaperID) VALUES (105, 3504);
INSERT INTO Author (AuthorID, Name) VALUES (106, 'Patrice Bellot');
INSERT INTO Write (AuthorID, PaperID) VALUES (106, 66);
INSERT INTO Paper (PaperID, Title, Year, MDate, Key, DOI) VALUES (105, 'Linking Task: Identifying Authors and Book Titles in Verbose Queries.', 2016, '2016-08-11', 'conf/clef/OllagnierFB16', 'http://ceur-ws.org/Vol-1609/16091064.pdf');
INSERT INTO Write (AuthorID, PaperID) VALUES (106, 105);
INSERT INTO Write (AuthorID, PaperID) VALUES (106, 378);
INSERT INTO Paper (PaperID, Title, Year, MDate, Key, DOI) VALUES (586, 'Book Recommendation based on Social Information.', 2013, '2014-09-10', 'conf/clef/BenkoussasB13', 'http://ceur-ws.org/Vol-1179/CLEF2013wn-INEX-BenkoussasyEt2013.pdf');
INSERT INTO Write (AuthorID, PaperID) VALUES (106, 586);
INSERT INTO Paper (PaperID, Title, Year, MDate, Key, DOI) VALUES (833, 'Combining Tags and Reviews to Improve Social Book Search Performance.', 2018, '2018-08-20', 'conf/clef/ChaaNB18', 'https://doi.org/10.1007/978-3-319-98932-7_6');
INSERT INTO Write (AuthorID, PaperID) VALUES (106, 833);
INSERT INTO Write (AuthorID, PaperID) VALUES (106, 843);
INSERT INTO Paper (PaperID, Title, Year, MDate, Key, DOI) VALUES (1042, 'Relevance Measures for Question Answering, The LIA at QA@CLEF-2006.', 2006, '2017-06-15', 'conf/clef/GillardSBBE06', 'https://doi.org/10.1007/978-3-540-74999-8_52');
INSERT INTO Write (AuthorID, PaperID) VALUES (106, 1042);
INSERT INTO Paper (PaperID, Title, Year, MDate, Key, DOI) VALUES (1209, 'Book Recommendation Using Information Retrieval Methods and Graph Analysis.', 2015, '2015-09-03', 'conf/clef/BenkoussasOB15', 'http://ceur-ws.org/Vol-1391/8-CR.pdf');
INSERT INTO Write (AuthorID, PaperID) VALUES (106, 1209);
INSERT INTO Paper (PaperID, Title, Year, MDate, Key, DOI) VALUES (1270, 'Do Social Information Help Book Search?', 2012, '2014-09-24', 'conf/clef/BonnefoyDB12', 'http://www.clef-initiative.eu/documents/71612/f1163b00-fde2-4f4e-b327-acaa04aae51b');
INSERT INTO Write (AuthorID, PaperID) VALUES (106, 1270);
INSERT INTO Write (AuthorID, PaperID) VALUES (106, 1319);
INSERT INTO Paper (PaperID, Title, Year, MDate, Key, DOI) VALUES (1806, 'SBS 2016 Track Mining: Classification with Linguistic Features for Book Search Requests Classification.', 2016, '2016-08-11', 'conf/clef/EttalebLDB16', 'http://ceur-ws.org/Vol-1609/16091079.pdf');
INSERT INTO Write (AuthorID, PaperID) VALUES (106, 1806);
INSERT INTO Paper (PaperID, Title, Year, MDate, Key, DOI) VALUES (2441, 'The LIA at QA@CLEF-2006.', 2006, '2014-08-15', 'conf/clef/GillardSBBE06a', 'http://ceur-ws.org/Vol-1172/CLEF2006wn-QACLEF-GillardEt2006.pdf');
INSERT INTO Write (AuthorID, PaperID) VALUES (106, 2441);
INSERT INTO Paper (PaperID, Title, Year, MDate, Key, DOI) VALUES (2450, 'Collaborative Filtering for Book Recommandation.', 2014, '2014-09-10', 'conf/clef/BenkoussasHAOB14', 'http://ceur-ws.org/Vol-1180/CLEF2014wn-Inex-BenkoussasEt2014.pdf');
INSERT INTO Write (AuthorID, PaperID) VALUES (106, 2450);
INSERT INTO Write (AuthorID, PaperID) VALUES (106, 2460);
INSERT INTO Paper (PaperID, Title, Year, MDate, Key, DOI) VALUES (2639, 'Verbose Query Reduction by Learning to Rank for Social Book Search Track.', 2016, '2016-08-11', 'conf/clef/ChaaNB16', 'http://ceur-ws.org/Vol-1609/16091072.pdf');
INSERT INTO Write (AuthorID, PaperID) VALUES (106, 2639);
INSERT INTO Paper (PaperID, Title, Year, MDate, Key, DOI) VALUES (3250, 'SBS 2016 : Combining Query Expansion Result and Books Information Score for Book Recommendation.', 2016, '2016-08-11', 'conf/clef/HtaitFB16', 'http://ceur-ws.org/Vol-1609/16091115.pdf');
INSERT INTO Write (AuthorID, PaperID) VALUES (106, 3250);
INSERT INTO Author (AuthorID, Name) VALUES (107, 'Aur&eacute;lie N&eacute;v&eacute;ol');
INSERT INTO Paper (PaperID, Title, Year, MDate, Key, DOI) VALUES (190, 'CLEF eHealth 2018 Multilingual Information Extraction Task Overview: ICD10 Coding of Death Certificates in French, Hungarian and Italian.', 2018, '2018-08-08', 'conf/clef/NeveolRGMOPRRZ18', 'http://ceur-ws.org/Vol-2125/invited_paper_18.pdf');
INSERT INTO Write (AuthorID, PaperID) VALUES (107, 190);
INSERT INTO Write (AuthorID, PaperID) VALUES (107, 531);
INSERT INTO Write (AuthorID, PaperID) VALUES (107, 657);
INSERT INTO Paper (PaperID, Title, Year, MDate, Key, DOI) VALUES (773, 'Multilingual Named-Entity Recognition from Parallel Corpora.', 2013, '2014-09-10', 'conf/clef/BodnariNUZS13', 'http://ceur-ws.org/Vol-1179/CLEF2013wn-CLEFER-BodnariEt2013.pdf');
INSERT INTO Write (AuthorID, PaperID) VALUES (107, 773);
INSERT INTO Write (AuthorID, PaperID) VALUES (107, 822);
INSERT INTO Write (AuthorID, PaperID) VALUES (107, 1046);
INSERT INTO Paper (PaperID, Title, Year, MDate, Key, DOI) VALUES (1133, 'A Supervised Abbreviation Resolution System for Medical Text.', 2013, '2014-09-11', 'conf/clef/ZweigenbaumDLNB13', 'http://ceur-ws.org/Vol-1179/CLEF2013wn-CLEFeHealth-ZweigenbaumEt2013.pdf');
INSERT INTO Write (AuthorID, PaperID) VALUES (107, 1133);
INSERT INTO Paper (PaperID, Title, Year, MDate, Key, DOI) VALUES (1422, 'CLEF eHealth 2017 Multilingual Information Extraction task Overview: ICD10 Coding of Death Certificates in English and French.', 2017, '2017-08-15', 'conf/clef/NeveolRACGLRRZ17', 'http://ceur-ws.org/Vol-1866/invited_paper_6.pdf');
INSERT INTO Write (AuthorID, PaperID) VALUES (107, 1422);
INSERT INTO Write (AuthorID, PaperID) VALUES (107, 1774);
INSERT INTO Write (AuthorID, PaperID) VALUES (107, 1874);
INSERT INTO Paper (PaperID, Title, Year, MDate, Key, DOI) VALUES (1914, 'A Supervised Named-Entity Extraction System for Medical Text.', 2013, '2014-09-10', 'conf/clef/BodnariDLNZ13', 'http://ceur-ws.org/Vol-1179/CLEF2013wn-CLEFeHealth-BodnariEt2013.pdf');
INSERT INTO Write (AuthorID, PaperID) VALUES (107, 1914);
INSERT INTO Write (AuthorID, PaperID) VALUES (107, 2398);
INSERT INTO Paper (PaperID, Title, Year, MDate, Key, DOI) VALUES (2697, 'LIMSI@CLEF eHealth 2017 Task 2: Logistic Regression for Automatic Article Ranking.', 2017, '2017-08-15', 'conf/clef/NormanLN17', 'http://ceur-ws.org/Vol-1866/paper_101.pdf');
INSERT INTO Write (AuthorID, PaperID) VALUES (107, 2697);
INSERT INTO Paper (PaperID, Title, Year, MDate, Key, DOI) VALUES (2840, 'LIMSI@CLEF eHealth 2018 Task 2: Technology Assisted Reviews by Stacking Active and Static Learning.', 2018, '2018-08-08', 'conf/clef/NormanLN18', 'http://ceur-ws.org/Vol-2125/paper_198.pdf');
INSERT INTO Write (AuthorID, PaperID) VALUES (107, 2840);
INSERT INTO Paper (PaperID, Title, Year, MDate, Key, DOI) VALUES (3068, 'An Overview of Terminological Resources available for French bioNLP.', 2013, '2014-09-10', 'conf/clef/NeveolRZ13', 'http://ceur-ws.org/Vol-1179/CLEF2013wn-CLEFER-NeveolEt2013.pdf');
INSERT INTO Write (AuthorID, PaperID) VALUES (107, 3068);
INSERT INTO Author (AuthorID, Name) VALUES (108, 'Eneko Agirre');
INSERT INTO Write (AuthorID, PaperID) VALUES (108, 194);
INSERT INTO Paper (PaperID, Title, Year, MDate, Key, DOI) VALUES (820, 'Elhuyar-IXA: Semantic Relatedness and Cross-lingual Passage Retrieval.', 2009, '2014-09-29', 'conf/clef/AgirreAALOSZ09a', 'http://ceur-ws.org/Vol-1175/CLEF2009wn-QACLEF-AgirreEt2009.pdf');
INSERT INTO Write (AuthorID, PaperID) VALUES (108, 820);
INSERT INTO Paper (PaperID, Title, Year, MDate, Key, DOI) VALUES (1146, 'IXA at CLEF 2008 Robust-WSD Task: Using Word Sense Disambiguation for (Cross Lingual) Information Retrieval.', 2008, '2018-11-14', 'conf/clef/AgirreOR08', 'https://www.wikidata.org/entity/Q57400835');
INSERT INTO Write (AuthorID, PaperID) VALUES (108, 1146);
INSERT INTO Write (AuthorID, PaperID) VALUES (108, 1205);
INSERT INTO Paper (PaperID, Title, Year, MDate, Key, DOI) VALUES (1332, 'Using Semantic Relatedness and Word Sense Disambiguation for (CL)IR.', 2009, '2014-09-29', 'conf/clef/AgirreOZ09a', 'http://ceur-ws.org/Vol-1175/CLEF2009wn-adhoc-AgirreEt2009b.pdf');
INSERT INTO Write (AuthorID, PaperID) VALUES (108, 1332);
INSERT INTO Paper (PaperID, Title, Year, MDate, Key, DOI) VALUES (1863, 'Using Semantic Relatedness and Word Sense Disambiguation for (CL)IR.', 2009, '2018-11-14', 'conf/clef/AgirreOZ09', 'https://www.wikidata.org/entity/Q57400832');
INSERT INTO Write (AuthorID, PaperID) VALUES (108, 1863);
INSERT INTO Write (AuthorID, PaperID) VALUES (108, 1886);
INSERT INTO Write (AuthorID, PaperID) VALUES (108, 2052);
INSERT INTO Paper (PaperID, Title, Year, MDate, Key, DOI) VALUES (2377, 'IXA at CLEF 2008 Robust-WSD Task: using Word Sense Disambiguation for (Cross Lingual) Information Retrieval.', 2008, '2014-09-29', 'conf/clef/OtegiAR08', 'http://ceur-ws.org/Vol-1174/CLEF2008wn-adhoc-OtegiEt2008.pdf');
INSERT INTO Write (AuthorID, PaperID) VALUES (108, 2377);
INSERT INTO Paper (PaperID, Title, Year, MDate, Key, DOI) VALUES (2388, 'Elhuyar-IXA: Semantic Relatedness and Cross-Lingual Passage Retrieval.', 2009, '2018-11-14', 'conf/clef/AgirreAALOSZ09', 'https://www.wikidata.org/entity/Q57400830');
INSERT INTO Write (AuthorID, PaperID) VALUES (108, 2388);
INSERT INTO Write (AuthorID, PaperID) VALUES (108, 2396);
INSERT INTO Write (AuthorID, PaperID) VALUES (108, 2530);
INSERT INTO Write (AuthorID, PaperID) VALUES (108, 2580);
INSERT INTO Paper (PaperID, Title, Year, MDate, Key, DOI) VALUES (3475, 'Document Expansion for Cross-Lingual Passage Retrieval.', 2010, '2014-09-24', 'conf/clef/AgirreAALOS10', 'http://www.clef-initiative.eu/documents/71612/86374/CLEF2010wn-MLQA10-AgirreEt2010.pdf');
INSERT INTO Write (AuthorID, PaperID) VALUES (108, 3475);
INSERT INTO Write (AuthorID, PaperID) VALUES (108, 3490);
INSERT INTO Author (AuthorID, Name) VALUES (109, 'Patricio Mart&iacute;nez-Barco');
INSERT INTO Write (AuthorID, PaperID) VALUES (109, 95);
INSERT INTO Paper (PaperID, Title, Year, MDate, Key, DOI) VALUES (122, 'AliQAn, Spanish QA System at Multilingual QA@CLEF-2008.', 2008, '2014-09-29', 'conf/clef/Munoz-TerolPPS0VFPM08', 'http://ceur-ws.org/Vol-1174/CLEF2008wn-QACLEF-MunozTerolEt2008.pdf');
INSERT INTO Write (AuthorID, PaperID) VALUES (109, 122);
INSERT INTO Write (AuthorID, PaperID) VALUES (109, 174);
INSERT INTO Paper (PaperID, Title, Year, MDate, Key, DOI) VALUES (752, 'DLSI-Volvam at RepLab 2013: Polarity Classification on Twitter Data.', 2013, '2014-09-11', 'conf/clef/LopezFGMM13', 'http://ceur-ws.org/Vol-1179/CLEF2013wn-RepLab-MosqueraEt2013.pdf');
INSERT INTO Write (AuthorID, PaperID) VALUES (109, 752);
INSERT INTO Paper (PaperID, Title, Year, MDate, Key, DOI) VALUES (1075, 'Applying Logic Forms and Statistical Methods to CL-SR Performance.', 2006, '2017-05-24', 'conf/clef/TerolMP06', 'https://doi.org/10.1007/978-3-540-74999-8_96');
INSERT INTO Write (AuthorID, PaperID) VALUES (109, 1075);
INSERT INTO Write (AuthorID, PaperID) VALUES (109, 1098);
INSERT INTO Write (AuthorID, PaperID) VALUES (109, 1345);
INSERT INTO Write (AuthorID, PaperID) VALUES (109, 2058);
INSERT INTO Paper (PaperID, Title, Year, MDate, Key, DOI) VALUES (2112, 'Applying Logic Forms and Statistical Methods to CL-SR Performance.', 2006, '2014-08-15', 'conf/clef/TerolMP06a', 'http://ceur-ws.org/Vol-1172/CLEF2006wn-CLSR-TerolEt2006.pdf');
INSERT INTO Write (AuthorID, PaperID) VALUES (109, 2112);
INSERT INTO Paper (PaperID, Title, Year, MDate, Key, DOI) VALUES (2207, 'Adapting IBQAS to work with Text Transciptions in QAst Task: IBQAst.', 2008, '2015-09-03', 'conf/clef/PardinoGLMNSMMP08', 'http://ceur-ws.org/Vol-1174/CLEF2008wn-QACLEF-PardinoEt2008.pdf');
INSERT INTO Write (AuthorID, PaperID) VALUES (109, 2207);
INSERT INTO Paper (PaperID, Title, Year, MDate, Key, DOI) VALUES (2733, 'IBQAst: A Question Answering System for Text Transcriptions.', 2008, '2017-06-02', 'conf/clef/PardinoGLTNSMMP08', 'https://doi.org/10.1007/978-3-642-04447-2_60');
INSERT INTO Write (AuthorID, PaperID) VALUES (109, 2733);
INSERT INTO Write (AuthorID, PaperID) VALUES (109, 3026);
INSERT INTO Write (AuthorID, PaperID) VALUES (109, 3078);
INSERT INTO Write (AuthorID, PaperID) VALUES (109, 3328);
INSERT INTO Paper (PaperID, Title, Year, MDate, Key, DOI) VALUES (3462, 'Integrating Logic Forms and Anaphora Resolution in the AliQAn System.', 2008, '2017-06-02', 'conf/clef/TerolPPGRVFPM08', 'https://doi.org/10.1007/978-3-642-04447-2_51');
INSERT INTO Write (AuthorID, PaperID) VALUES (109, 3462);
INSERT INTO Author (AuthorID, Name) VALUES (110, 'Arjen P. de Vries');
INSERT INTO Paper (PaperID, Title, Year, MDate, Key, DOI) VALUES (321, 'The Degree of Randomness in a Live Recommender Systems Evaluation.', 2015, '2015-09-03', 'conf/clef/GebremeskelV15', 'http://ceur-ws.org/Vol-1391/155-CR.pdf');
INSERT INTO Write (AuthorID, PaperID) VALUES (110, 321);
INSERT INTO Paper (PaperID, Title, Year, MDate, Key, DOI) VALUES (503, 'CWI at the Photo Retrieval Task of ImageCLEF 2009.', 2009, '2014-09-29', 'conf/clef/TsikrikaV09', 'http://ceur-ws.org/Vol-1175/CLEF2009wn-ImageCLEF-TsikrikaEt2009b.pdf');
INSERT INTO Write (AuthorID, PaperID) VALUES (110, 503);
INSERT INTO Paper (PaperID, Title, Year, MDate, Key, DOI) VALUES (984, 'Random Performance Differences Between Online Recommender System Algorithms.', 2016, '2017-05-24', 'conf/clef/GebremeskelV15a', 'https://doi.org/10.1007/978-3-319-44564-9_15');
INSERT INTO Write (AuthorID, PaperID) VALUES (110, 984);
INSERT INTO Write (AuthorID, PaperID) VALUES (110, 1104);
INSERT INTO Paper (PaperID, Title, Year, MDate, Key, DOI) VALUES (1162, 'Running CLEF-IP Experiments using a Graphical Query Builder.', 2009, '2014-09-29', 'conf/clef/AlinkCV09a', 'http://ceur-ws.org/Vol-1175/CLEF2009wn-CLEFIP-AlinkEt2009.pdf');
INSERT INTO Write (AuthorID, PaperID) VALUES (110, 1162);
INSERT INTO Paper (PaperID, Title, Year, MDate, Key, DOI) VALUES (1447, 'A Poor Man''s Approach to CLEF.', 2000, '2014-08-15', 'conf/clef/Vries00a', 'http://ceur-ws.org/Vol-1166/CLEF2000wn-adhoc-deVries2000.pdf');
INSERT INTO Write (AuthorID, PaperID) VALUES (110, 1447);
INSERT INTO Paper (PaperID, Title, Year, MDate, Key, DOI) VALUES (1483, 'CWI at ImageCLEF 2008.', 2008, '2014-09-29', 'conf/clef/TsikrikaRV08', 'http://ceur-ws.org/Vol-1174/CLEF2008wn-ImageCLEF-TsikrikaEt2008b.pdf');
INSERT INTO Write (AuthorID, PaperID) VALUES (110, 1483);
INSERT INTO Paper (PaperID, Title, Year, MDate, Key, DOI) VALUES (2373, 'Some Experiments with the Dutch Collection.', 2002, '2017-05-24', 'conf/clef/VriesD02', 'https://doi.org/10.1007/978-3-540-45237-9_18');
INSERT INTO Write (AuthorID, PaperID) VALUES (110, 2373);
INSERT INTO Paper (PaperID, Title, Year, MDate, Key, DOI) VALUES (2476, 'A Probabilistic Approach to Medical Image Retrieval.', 2004, '2017-05-24', 'conf/clef/LubbersVHV05', 'https://doi.org/10.1007/11519645_74');
INSERT INTO Write (AuthorID, PaperID) VALUES (110, 2476);
INSERT INTO Paper (PaperID, Title, Year, MDate, Key, DOI) VALUES (2593, 'Searching CLEF-IP by Strategy.', 2009, '2017-06-02', 'conf/clef/AlinkCV09', 'https://doi.org/10.1007/978-3-642-15754-7_56');
INSERT INTO Write (AuthorID, PaperID) VALUES (110, 2593);
INSERT INTO Paper (PaperID, Title, Year, MDate, Key, DOI) VALUES (2620, 'A Probabilistic Approach to the Medical Retrieval Task.', 2004, '2014-08-15', 'conf/clef/LubbersVHV04', 'http://ceur-ws.org/Vol-1170/CLEF2004wn-ImageCLEF-LubbersEt2004.pdf');
INSERT INTO Write (AuthorID, PaperID) VALUES (110, 2620);
INSERT INTO Paper (PaperID, Title, Year, MDate, Key, DOI) VALUES (2626, 'Some Experiments with the Dutch Collection.', 2002, '2014-08-15', 'conf/clef/VriesD02a', 'http://ceur-ws.org/Vol-1168/CLEF2002wn-adhoc-deVriesEt2002.pdf');
INSERT INTO Write (AuthorID, PaperID) VALUES (110, 2626);
INSERT INTO Paper (PaperID, Title, Year, MDate, Key, DOI) VALUES (2636, 'Recommender Systems Evaluations : Offline, Online, Time and A/A Test.', 2016, '2016-08-11', 'conf/clef/GebremeskelV16', 'http://ceur-ws.org/Vol-1609/16090642.pdf');
INSERT INTO Write (AuthorID, PaperID) VALUES (110, 2636);
INSERT INTO Paper (PaperID, Title, Year, MDate, Key, DOI) VALUES (2841, 'Building Strategies, a Year Later.', 2010, '2014-09-24', 'conf/clef/AlinkCV10', 'http://www.clef-initiative.eu/documents/71612/86374/CLEF2010wn-CLEF-IP-AlinkEt2010.pdf');
INSERT INTO Write (AuthorID, PaperID) VALUES (110, 2841);
INSERT INTO Paper (PaperID, Title, Year, MDate, Key, DOI) VALUES (2852, 'A Poor Man''s Approach to CLEF.', 2000, '2017-05-24', 'conf/clef/Vries00', 'https://doi.org/10.1007/3-540-44645-1_14');
INSERT INTO Write (AuthorID, PaperID) VALUES (110, 2852);
INSERT INTO Author (AuthorID, Name) VALUES (111, 'Toine Bogers');
INSERT INTO Paper (PaperID, Title, Year, MDate, Key, DOI) VALUES (337, 'RSLIS at INEX 2012: Social Book Search Track.', 2012, '2014-09-24', 'conf/clef/BogersL12', 'http://www.clef-initiative.eu/documents/71612/7c0674e8-9743-428a-93dc-fdc0988ad07d');
INSERT INTO Write (AuthorID, PaperID) VALUES (111, 337);
INSERT INTO Write (AuthorID, PaperID) VALUES (111, 429);
INSERT INTO Write (AuthorID, PaperID) VALUES (111, 507);
INSERT INTO Write (AuthorID, PaperID) VALUES (111, 1210);
INSERT INTO Write (AuthorID, PaperID) VALUES (111, 1438);
INSERT INTO Write (AuthorID, PaperID) VALUES (111, 1546);
INSERT INTO Write (AuthorID, PaperID) VALUES (111, 1657);
INSERT INTO Write (AuthorID, PaperID) VALUES (111, 2071);
INSERT INTO Paper (PaperID, Title, Year, MDate, Key, DOI) VALUES (2340, 'The Influence of Language Proficiency on Book Search Behaviour.', 2015, '2015-09-03', 'conf/clef/SkovB15', 'http://ceur-ws.org/Vol-1391/109-CR.pdf');
INSERT INTO Write (AuthorID, PaperID) VALUES (111, 2340);
INSERT INTO Write (AuthorID, PaperID) VALUES (111, 2460);
INSERT INTO Write (AuthorID, PaperID) VALUES (111, 2601);
INSERT INTO Write (AuthorID, PaperID) VALUES (111, 2625);
INSERT INTO Paper (PaperID, Title, Year, MDate, Key, DOI) VALUES (2781, 'RSLIS/AAU at CHiC 2013.', 2013, '2014-09-10', 'conf/clef/SkovBLJWL13', 'http://ceur-ws.org/Vol-1179/CLEF2013wn-CHiC-SkovEt2013.pdf');
INSERT INTO Write (AuthorID, PaperID) VALUES (111, 2781);
INSERT INTO Paper (PaperID, Title, Year, MDate, Key, DOI) VALUES (3321, 'RSLIS at INEX 2013: Social Book Search Track.', 2013, '2014-09-10', 'conf/clef/BogersL13', 'http://ceur-ws.org/Vol-1179/CLEF2013wn-INEX-BogersEt2013.pdf');
INSERT INTO Write (AuthorID, PaperID) VALUES (111, 3321);
INSERT INTO Write (AuthorID, PaperID) VALUES (111, 3370);
INSERT INTO Author (AuthorID, Name) VALUES (112, 'Marcello Federico');
INSERT INTO Paper (PaperID, Title, Year, MDate, Key, DOI) VALUES (32, 'ITC-irst at CLEF 2003: Cross-Language Spoken Document Retrieval.', 2003, '2017-05-24', 'conf/clef/BertoldiF03a', 'https://doi.org/10.1007/978-3-540-30222-3_65');
INSERT INTO Write (AuthorID, PaperID) VALUES (112, 32);
INSERT INTO Paper (PaperID, Title, Year, MDate, Key, DOI) VALUES (180, 'ITC-irst at CLEF 2003: Monolingual, Bilingual and Multilingual Information Retrieval.', 2003, '2014-08-15', 'conf/clef/BertoldiF03b', 'http://ceur-ws.org/Vol-1169/CLEF2003wn-adhoc-BertoldiEt2003.pdf');
INSERT INTO Write (AuthorID, PaperID) VALUES (112, 180);
INSERT INTO Write (AuthorID, PaperID) VALUES (112, 542);
INSERT INTO Write (AuthorID, PaperID) VALUES (112, 545);
INSERT INTO Write (AuthorID, PaperID) VALUES (112, 854);
INSERT INTO Paper (PaperID, Title, Year, MDate, Key, DOI) VALUES (1103, 'ITC-irst at CLEF 2002: Using N-best Query Translations for CLIR.', 2002, '2014-08-15', 'conf/clef/BertoldiF02b', 'http://ceur-ws.org/Vol-1168/CLEF2002wn-adhoc-BertoldiEt2002.pdf');
INSERT INTO Write (AuthorID, PaperID) VALUES (112, 1103);
INSERT INTO Paper (PaperID, Title, Year, MDate, Key, DOI) VALUES (1235, 'ITS-irst at CLEF 2002: Using N-Best Query Translations for CLIR.', 2002, '2017-05-24', 'conf/clef/BertoldiF02', 'https://doi.org/10.1007/978-3-540-45237-9_4');
INSERT INTO Write (AuthorID, PaperID) VALUES (112, 1235);
INSERT INTO Paper (PaperID, Title, Year, MDate, Key, DOI) VALUES (1479, 'ITC-irst at CLEF 2003: Monolingual, Bilingual, and Multilingual Information Retrieval.', 2003, '2017-05-24', 'conf/clef/BertoldiF03', 'https://doi.org/10.1007/978-3-540-30222-3_13');
INSERT INTO Write (AuthorID, PaperID) VALUES (112, 1479);
INSERT INTO Paper (PaperID, Title, Year, MDate, Key, DOI) VALUES (1521, 'ITC-irst at CLEF 2001: Monolingual and Bilingual Tracks.', 2001, '2017-05-24', 'conf/clef/BertoldiF01', 'https://doi.org/10.1007/3-540-45691-0_7');
INSERT INTO Write (AuthorID, PaperID) VALUES (112, 1521);
INSERT INTO Paper (PaperID, Title, Year, MDate, Key, DOI) VALUES (1550, 'Cross-Language Spoken Document Retrieval on the TREC SDR Collection.', 2002, '2017-05-24', 'conf/clef/BertoldiF02a', 'https://doi.org/10.1007/978-3-540-45237-9_41');
INSERT INTO Write (AuthorID, PaperID) VALUES (112, 1550);
INSERT INTO Paper (PaperID, Title, Year, MDate, Key, DOI) VALUES (1693, 'Italian Text Retrieval for CLEF 2000 at ITC-irst.', 2000, '2014-08-15', 'conf/clef/BertoldiF00a', 'http://ceur-ws.org/Vol-1166/CLEF2000wn-adhoc-BertoldiEt2000.pdf');
INSERT INTO Write (AuthorID, PaperID) VALUES (112, 1693);
INSERT INTO Paper (PaperID, Title, Year, MDate, Key, DOI) VALUES (1706, 'ITC-irst at CLEF 2001: Monolingual and Bilingual Tracks.', 2001, '2014-08-15', 'conf/clef/BertoldiF01a', 'http://ceur-ws.org/Vol-1167/CLEF2001wn-adhoc-BertoldiEt2001.pdf');
INSERT INTO Write (AuthorID, PaperID) VALUES (112, 1706);
INSERT INTO Paper (PaperID, Title, Year, MDate, Key, DOI) VALUES (2996, 'ITC-irst at CLEF 2000: Italian Monolingual Track.', 2000, '2017-05-24', 'conf/clef/BertoldiF00', 'https://doi.org/10.1007/3-540-44645-1_26');
INSERT INTO Write (AuthorID, PaperID) VALUES (112, 2996);
INSERT INTO Write (AuthorID, PaperID) VALUES (112, 3087);
INSERT INTO Write (AuthorID, PaperID) VALUES (112, 3460);
INSERT INTO Author (AuthorID, Name) VALUES (113, 'Walter Daelemans');
INSERT INTO Write (AuthorID, PaperID) VALUES (113, 109);
INSERT INTO Write (AuthorID, PaperID) VALUES (113, 187);
INSERT INTO Paper (PaperID, Title, Year, MDate, Key, DOI) VALUES (346, 'Annotating Modality and Negation for a Machine Reading Evaluation.', 2012, '2014-09-24', 'conf/clef/MoranteD12', 'http://www.clef-initiative.eu/documents/71612/463956e9-2b22-4e68-aa39-b711302c97b1');
INSERT INTO Write (AuthorID, PaperID) VALUES (113, 346);
INSERT INTO Paper (PaperID, Title, Year, MDate, Key, DOI) VALUES (1086, 'Text Mining in Biograph.', 2011, '2014-09-24', 'conf/clef/Daelemans11', 'http://www.clef-initiative.eu/documents/71612/86377/CLEF2011wn-QA4MRE-Daelemans2011.pdf');
INSERT INTO Write (AuthorID, PaperID) VALUES (113, 1086);
INSERT INTO Write (AuthorID, PaperID) VALUES (113, 1386);
INSERT INTO Paper (PaperID, Title, Year, MDate, Key, DOI) VALUES (1831, 'Machine Reading of Biomedical Texts about Alzheimer''s Disease.', 2013, '2014-09-10', 'conf/clef/MoranteKVD13', 'http://ceur-ws.org/Vol-1179/CLEF2013wn-QA4MRE-MoranteEt2013.pdf');
INSERT INTO Write (AuthorID, PaperID) VALUES (113, 1831);
INSERT INTO Paper (PaperID, Title, Year, MDate, Key, DOI) VALUES (2278, 'Intrinsic Plagiarism Detection Using Character Trigram Distance Scores - Notebook for PAN at CLEF 2011.', 2011, '2014-09-24', 'conf/clef/KestemontLD11', 'http://www.clef-initiative.eu/documents/71612/86377/CLEF2011wn-PAN-KestemontEt2011.pdf');
INSERT INTO Write (AuthorID, PaperID) VALUES (113, 2278);
INSERT INTO Write (AuthorID, PaperID) VALUES (113, 2304);
INSERT INTO Paper (PaperID, Title, Year, MDate, Key, DOI) VALUES (2468, 'Machine Reading of Biomedical Texts about Alzheimer''s Disease.', 2012, '2014-09-24', 'conf/clef/MoranteKVD12', 'http://www.clef-initiative.eu/documents/71612/3ef8a4d6-74eb-413d-9f5d-26023877d88b');
INSERT INTO Write (AuthorID, PaperID) VALUES (113, 2468);
INSERT INTO Write (AuthorID, PaperID) VALUES (113, 2544);
INSERT INTO Paper (PaperID, Title, Year, MDate, Key, DOI) VALUES (2711, 'Overview of the QA4MRE Pilot Task: Annotating Modality and Negation for a Machine Reading Evaluation.', 2011, '2014-09-24', 'conf/clef/MoranteD11', 'http://www.clef-initiative.eu/documents/71612/86377/CLEF2011wn-QA4MRE-MoranteEt2011.pdf');
INSERT INTO Write (AuthorID, PaperID) VALUES (113, 2711);
INSERT INTO Write (AuthorID, PaperID) VALUES (113, 3074);
INSERT INTO Write (AuthorID, PaperID) VALUES (113, 3172);
INSERT INTO Paper (PaperID, Title, Year, MDate, Key, DOI) VALUES (3382, 'Conversation Level Constraints on Pedophile Detection in Chat Rooms.', 2012, '2014-09-24', 'conf/clef/PeersmanVAD12', 'http://www.clef-initiative.eu/documents/71612/a12af9e3-6fac-4e0b-b474-89975af53d19');
INSERT INTO Write (AuthorID, PaperID) VALUES (113, 3382);
INSERT INTO Write (AuthorID, PaperID) VALUES (113, 3404);
INSERT INTO Author (AuthorID, Name) VALUES (114, 'Rafael M. Terol');
INSERT INTO Write (AuthorID, PaperID) VALUES (114, 47);
INSERT INTO Write (AuthorID, PaperID) VALUES (114, 751);
INSERT INTO Write (AuthorID, PaperID) VALUES (114, 1075);
INSERT INTO Paper (PaperID, Title, Year, MDate, Key, DOI) VALUES (1951, 'User Behaviour and Lexical Ambiguity in Cross-Language Image Retrieval.', 2009, '2017-06-02', 'conf/clef/Navarro-ColoradoPTVL09', 'https://doi.org/10.1007/978-3-642-15751-6_4');
INSERT INTO Write (AuthorID, PaperID) VALUES (114, 1951);
INSERT INTO Write (AuthorID, PaperID) VALUES (114, 2058);
INSERT INTO Write (AuthorID, PaperID) VALUES (114, 2112);
INSERT INTO Paper (PaperID, Title, Year, MDate, Key, DOI) VALUES (2493, 'Lexical Ambiguity in Cross-language Image Retrieval: a Preliminary Analysis.', 2009, '2014-09-29', 'conf/clef/Navarro-ColoradoPTVL09a', 'http://ceur-ws.org/Vol-1175/CLEF2009wn-iCLEF-NavarroColoradoEt2009.pdf');
INSERT INTO Write (AuthorID, PaperID) VALUES (114, 2493);
INSERT INTO Write (AuthorID, PaperID) VALUES (114, 2733);
INSERT INTO Write (AuthorID, PaperID) VALUES (114, 3026);
INSERT INTO Write (AuthorID, PaperID) VALUES (114, 3040);
INSERT INTO Write (AuthorID, PaperID) VALUES (114, 3078);
INSERT INTO Write (AuthorID, PaperID) VALUES (114, 3328);
INSERT INTO Write (AuthorID, PaperID) VALUES (114, 3454);
INSERT INTO Write (AuthorID, PaperID) VALUES (114, 3462);
INSERT INTO Author (AuthorID, Name) VALUES (115, 'Hugo Jair Escalante');
INSERT INTO Write (AuthorID, PaperID) VALUES (115, 116);
INSERT INTO Write (AuthorID, PaperID) VALUES (115, 129);
INSERT INTO Write (AuthorID, PaperID) VALUES (115, 550);
INSERT INTO Paper (PaperID, Title, Year, MDate, Key, DOI) VALUES (859, 'EPSMS and the Document Occurrence Representation for Authorship Identification - Notebook for PAN at CLEF 2011.', 2011, '2014-09-24', 'conf/clef/Escalante11', 'http://www.clef-initiative.eu/documents/71612/86377/CLEF2011wn-PAN-Escalante2011.pdf');
INSERT INTO Write (AuthorID, PaperID) VALUES (115, 859);
INSERT INTO Write (AuthorID, PaperID) VALUES (115, 1234);
INSERT INTO Write (AuthorID, PaperID) VALUES (115, 1344);
INSERT INTO Write (AuthorID, PaperID) VALUES (115, 2104);
INSERT INTO Write (AuthorID, PaperID) VALUES (115, 2270);
INSERT INTO Write (AuthorID, PaperID) VALUES (115, 2317);
INSERT INTO Write (AuthorID, PaperID) VALUES (115, 2339);
INSERT INTO Write (AuthorID, PaperID) VALUES (115, 2759);
INSERT INTO Write (AuthorID, PaperID) VALUES (115, 2983);
INSERT INTO Write (AuthorID, PaperID) VALUES (115, 3019);
INSERT INTO Write (AuthorID, PaperID) VALUES (115, 3414);
INSERT INTO Author (AuthorID, Name) VALUES (116, 'Arantxa Otegi');
INSERT INTO Write (AuthorID, PaperID) VALUES (116, 194);
INSERT INTO Write (AuthorID, PaperID) VALUES (116, 820);
INSERT INTO Write (AuthorID, PaperID) VALUES (116, 1146);
INSERT INTO Paper (PaperID, Title, Year, MDate, Key, DOI) VALUES (1155, 'Ihardetsi: A Basque Question Answering System at QA@CLEF 2008.', 2008, '2017-06-15', 'conf/clef/AnsaAOS08', 'https://doi.org/10.1007/978-3-642-04447-2_43');
INSERT INTO Write (AuthorID, PaperID) VALUES (116, 1155);
INSERT INTO Write (AuthorID, PaperID) VALUES (116, 1332);
INSERT INTO Paper (PaperID, Title, Year, MDate, Key, DOI) VALUES (1446, 'Ihardetsi Question Answering System at QA@CLEF 2008.', 2008, '2014-09-29', 'conf/clef/AnsaAOS08a', 'http://ceur-ws.org/Vol-1174/CLEF2008wn-QACLEF-AnsaEt2008.pdf');
INSERT INTO Write (AuthorID, PaperID) VALUES (116, 1446);
INSERT INTO Write (AuthorID, PaperID) VALUES (116, 1863);
INSERT INTO Write (AuthorID, PaperID) VALUES (116, 1886);
INSERT INTO Write (AuthorID, PaperID) VALUES (116, 2052);
INSERT INTO Write (AuthorID, PaperID) VALUES (116, 2377);
INSERT INTO Write (AuthorID, PaperID) VALUES (116, 2388);
INSERT INTO Write (AuthorID, PaperID) VALUES (116, 2530);
INSERT INTO Write (AuthorID, PaperID) VALUES (116, 2580);
INSERT INTO Write (AuthorID, PaperID) VALUES (116, 3475);
INSERT INTO Author (AuthorID, Name) VALUES (117, 'Jian-Yun Nie');
INSERT INTO Paper (PaperID, Title, Year, MDate, Key, DOI) VALUES (218, 'Using Statistical Translation Models for Bilingual IR.', 2001, '2017-05-24', 'conf/clef/NieS01', 'https://doi.org/10.1007/3-540-45691-0_11');
INSERT INTO Write (AuthorID, PaperID) VALUES (117, 218);
INSERT INTO Paper (PaperID, Title, Year, MDate, Key, DOI) VALUES (225, 'Mining Disorder Attributes with Rules and Statistical Learning.', 2014, '2014-09-10', 'conf/clef/LiuLSN14', 'http://ceur-ws.org/Vol-1180/CLEF2014wn-eHealth-LiuEt2014b.pdf');
INSERT INTO Write (AuthorID, PaperID) VALUES (117, 225);
INSERT INTO Paper (PaperID, Title, Year, MDate, Key, DOI) VALUES (367, 'Multilingual Information Retrieval Based on Parallel Texts from the Web.', 2000, '2017-05-24', 'conf/clef/NieSF00', 'https://doi.org/10.1007/3-540-44645-1_18');
INSERT INTO Write (AuthorID, PaperID) VALUES (117, 367);
INSERT INTO Write (AuthorID, PaperID) VALUES (117, 643);
INSERT INTO Write (AuthorID, PaperID) VALUES (117, 803);
INSERT INTO Paper (PaperID, Title, Year, MDate, Key, DOI) VALUES (1283, 'Using Parallel Web Pages for Multi-lingual IR.', 2000, '2014-08-15', 'conf/clef/NieS00', 'http://ceur-ws.org/Vol-1166/CLEF2000wn-adhoc-NieEt2000.pdf');
INSERT INTO Write (AuthorID, PaperID) VALUES (117, 1283);
INSERT INTO Paper (PaperID, Title, Year, MDate, Key, DOI) VALUES (1753, 'A Multilingual Approach to Multilingual Information Retrieval.', 2002, '2017-05-24', 'conf/clef/NieJ02', 'https://doi.org/10.1007/978-3-540-45237-9_8');
INSERT INTO Write (AuthorID, PaperID) VALUES (117, 1753);
INSERT INTO Paper (PaperID, Title, Year, MDate, Key, DOI) VALUES (2181, 'Toward Cross-Language and Cross-Media Image Retrieval.', 2004, '2017-05-24', 'conf/clef/AlvarezOMN05', 'https://doi.org/10.1007/11519645_66');
INSERT INTO Write (AuthorID, PaperID) VALUES (117, 2181);
INSERT INTO Paper (PaperID, Title, Year, MDate, Key, DOI) VALUES (2378, 'Bridging Layperson''s Queries with Medical Concepts- GRIUM@CLEF2015 eHealth Task 2.', 2015, '2015-09-03', 'conf/clef/LiuN15', 'http://ceur-ws.org/Vol-1391/116-CR.pdf');
INSERT INTO Write (AuthorID, PaperID) VALUES (117, 2378);
INSERT INTO Paper (PaperID, Title, Year, MDate, Key, DOI) VALUES (2394, 'Is Concept Mapping Useful for Biomedical Information Retrieval?', 2015, '2017-05-24', 'conf/clef/ShenN15', 'https://doi.org/10.1007/978-3-319-24027-5_29');
INSERT INTO Write (AuthorID, PaperID) VALUES (117, 2394);
INSERT INTO Paper (PaperID, Title, Year, MDate, Key, DOI) VALUES (2579, 'Using Statistical Translation Models for Bilingual IR.', 2001, '2014-08-15', 'conf/clef/NieS01a', 'http://ceur-ws.org/Vol-1167/CLEF2001wn-adhoc-NieEt2001.pdf');
INSERT INTO Write (AuthorID, PaperID) VALUES (117, 2579);
INSERT INTO Paper (PaperID, Title, Year, MDate, Key, DOI) VALUES (3216, 'An Investigation of the Effectiveness of Concept-based Approach in Medical Information Retrieval.', 2014, '2014-09-10', 'conf/clef/ShenweiNLL14', 'http://ceur-ws.org/Vol-1180/CLEF2014wn-eHealth-ShenEt2014.pdf');
INSERT INTO Write (AuthorID, PaperID) VALUES (117, 3216);
INSERT INTO Paper (PaperID, Title, Year, MDate, Key, DOI) VALUES (3366, 'Merging Different Languages in a Single Document Collection.', 2002, '2014-08-15', 'conf/clef/NieJ02a', 'http://ceur-ws.org/Vol-1168/CLEF2002wn-adhoc-NieEt2002.pdf');
INSERT INTO Write (AuthorID, PaperID) VALUES (117, 3366);
INSERT INTO Paper (PaperID, Title, Year, MDate, Key, DOI) VALUES (3408, 'Toward Cross-Language and Cross-Media Image Retrieval.', 2004, '2014-08-15', 'conf/clef/AlvarezOMN04', 'http://ceur-ws.org/Vol-1170/CLEF2004wn-ImageCLEF-AlvarezEt2004.pdf');
INSERT INTO Write (AuthorID, PaperID) VALUES (117, 3408);
INSERT INTO Author (AuthorID, Name) VALUES (118, 'Miguel &Aacute;ngel Garc&iacute;a Cumbreras');
INSERT INTO Write (AuthorID, PaperID) VALUES (118, 47);
INSERT INTO Write (AuthorID, PaperID) VALUES (118, 200);
INSERT INTO Write (AuthorID, PaperID) VALUES (118, 355);
INSERT INTO Write (AuthorID, PaperID) VALUES (118, 392);
INSERT INTO Write (AuthorID, PaperID) VALUES (118, 918);
INSERT INTO Write (AuthorID, PaperID) VALUES (118, 1016);
INSERT INTO Write (AuthorID, PaperID) VALUES (118, 1164);
INSERT INTO Write (AuthorID, PaperID) VALUES (118, 1329);
INSERT INTO Write (AuthorID, PaperID) VALUES (118, 1696);
INSERT INTO Write (AuthorID, PaperID) VALUES (118, 2114);
INSERT INTO Write (AuthorID, PaperID) VALUES (118, 2423);
INSERT INTO Write (AuthorID, PaperID) VALUES (118, 2706);
INSERT INTO Write (AuthorID, PaperID) VALUES (118, 2792);
INSERT INTO Write (AuthorID, PaperID) VALUES (118, 2857);
INSERT INTO Author (AuthorID, Name) VALUES (119, 'Pamela Forner');
INSERT INTO Write (AuthorID, PaperID) VALUES (119, 142);
INSERT INTO Write (AuthorID, PaperID) VALUES (119, 221);
INSERT INTO Write (AuthorID, PaperID) VALUES (119, 265);
INSERT INTO Write (AuthorID, PaperID) VALUES (119, 554);
INSERT INTO Write (AuthorID, PaperID) VALUES (119, 633);
INSERT INTO Write (AuthorID, PaperID) VALUES (119, 656);
INSERT INTO Write (AuthorID, PaperID) VALUES (119, 896);
INSERT INTO Write (AuthorID, PaperID) VALUES (119, 907);
INSERT INTO Write (AuthorID, PaperID) VALUES (119, 1205);
INSERT INTO Write (AuthorID, PaperID) VALUES (119, 2789);
INSERT INTO Write (AuthorID, PaperID) VALUES (119, 2836);
INSERT INTO Write (AuthorID, PaperID) VALUES (119, 2849);
INSERT INTO Write (AuthorID, PaperID) VALUES (119, 3147);
INSERT INTO Write (AuthorID, PaperID) VALUES (119, 3190);
INSERT INTO Author (AuthorID, Name) VALUES (120, 'Grigori Sidorov');
INSERT INTO Write (AuthorID, PaperID) VALUES (120, 106);
INSERT INTO Paper (PaperID, Title, Year, MDate, Key, DOI) VALUES (878, 'A Winning Approach to Text Alignment for Text Reuse Detection at PAN 2014.', 2014, '2014-09-10', 'conf/clef/Sanchez-PerezSG14', 'http://ceur-ws.org/Vol-1180/CLEF2014wn-Pan-SanchezPerezEt2014.pdf');
INSERT INTO Write (AuthorID, PaperID) VALUES (120, 878);
INSERT INTO Paper (PaperID, Title, Year, MDate, Key, DOI) VALUES (1039, 'Adaptive Algorithm for Plagiarism Detection: The Best-Performing Approach at PAN 2014 Text Alignment Competition.', 2015, '2018-11-14', 'conf/clef/Sanchez-PerezGS15', 'https://www.wikidata.org/entity/Q57555788');
INSERT INTO Write (AuthorID, PaperID) VALUES (120, 1039);
INSERT INTO Paper (PaperID, Title, Year, MDate, Key, DOI) VALUES (2303, 'Syntactic N-grams as Features for the Author Profiling Task: Notebook for PAN at CLEF 2015.', 2015, '2015-09-03', 'conf/clef/Posadas-DuranGM15', 'http://ceur-ws.org/Vol-1391/136-CR.pdf');
INSERT INTO Write (AuthorID, PaperID) VALUES (120, 2303);
INSERT INTO Write (AuthorID, PaperID) VALUES (120, 2538);
INSERT INTO Paper (PaperID, Title, Year, MDate, Key, DOI) VALUES (2553, 'Adapting Cross-Genre Author Profiling to Language and Corpus.', 2016, '2016-08-11', 'conf/clef/MarkovGSG16', 'http://ceur-ws.org/Vol-1609/16090947.pdf');
INSERT INTO Write (AuthorID, PaperID) VALUES (120, 2553);
INSERT INTO Paper (PaperID, Title, Year, MDate, Key, DOI) VALUES (2599, 'Author Verification Using Syntactic N-grams: Notebook for PAN at CLEF 2015.', 2015, '2015-09-03', 'conf/clef/Posadas-DuranSB15', 'http://ceur-ws.org/Vol-1391/139-CR.pdf');
INSERT INTO Write (AuthorID, PaperID) VALUES (120, 2599);
INSERT INTO Paper (PaperID, Title, Year, MDate, Key, DOI) VALUES (2783, 'Language- and Subtask-Dependent Feature Selection and Classifier Parameter Tuning for Author Profiling.', 2017, '2017-08-15', 'conf/clef/MarkovGS17', 'http://ceur-ws.org/Vol-1866/paper_96.pdf');
INSERT INTO Write (AuthorID, PaperID) VALUES (120, 2783);
INSERT INTO Paper (PaperID, Title, Year, MDate, Key, DOI) VALUES (2894, 'CIC-GIL Approach to Cross-domain Authorship Attribution: Notebook for PAN at CLEF 2018.', 2018, '2018-08-08', 'conf/clef/Martin-Del-Campo-Rodriguez18', 'http://ceur-ws.org/Vol-2125/paper_162.pdf');
INSERT INTO Write (AuthorID, PaperID) VALUES (120, 2894);
INSERT INTO Write (AuthorID, PaperID) VALUES (120, 3201);
INSERT INTO Paper (PaperID, Title, Year, MDate, Key, DOI) VALUES (3217, 'A Tweets Classifier based on Cosine Similarity.', 2017, '2017-08-15', 'conf/clef/AriasZSBG17', 'http://ceur-ws.org/Vol-1866/paper_57.pdf');
INSERT INTO Write (AuthorID, PaperID) VALUES (120, 3217);
INSERT INTO Paper (PaperID, Title, Year, MDate, Key, DOI) VALUES (3469, 'Dynamically Adjustable Approach through Obfuscation Type Recognition.', 2015, '2015-09-03', 'conf/clef/Sanchez-PerezGS15a', 'http://ceur-ws.org/Vol-1391/92-CR.pdf');
INSERT INTO Write (AuthorID, PaperID) VALUES (120, 3469);
INSERT INTO Write (AuthorID, PaperID) VALUES (120, 3497);
INSERT INTO Paper (PaperID, Title, Year, MDate, Key, DOI) VALUES (3503, 'Comparison of Character n-grams and Lexical Features on Author, Gender, and Language Variety Identification on the Same Spanish News Corpus.', 2017, '2017-08-31', 'conf/clef/Sanchez-PerezMG17', 'https://doi.org/10.1007/978-3-319-65813-1_15');
INSERT INTO Write (AuthorID, PaperID) VALUES (120, 3503);
INSERT INTO Author (AuthorID, Name) VALUES (121, 'Ren&eacute; Hackl');
INSERT INTO Write (AuthorID, PaperID) VALUES (121, 96);
INSERT INTO Write (AuthorID, PaperID) VALUES (121, 309);
INSERT INTO Write (AuthorID, PaperID) VALUES (121, 496);
INSERT INTO Write (AuthorID, PaperID) VALUES (121, 845);
INSERT INTO Write (AuthorID, PaperID) VALUES (121, 1281);
INSERT INTO Write (AuthorID, PaperID) VALUES (121, 1396);
INSERT INTO Write (AuthorID, PaperID) VALUES (121, 1434);
INSERT INTO Write (AuthorID, PaperID) VALUES (121, 1624);
INSERT INTO Write (AuthorID, PaperID) VALUES (121, 1772);
INSERT INTO Write (AuthorID, PaperID) VALUES (121, 2092);
INSERT INTO Write (AuthorID, PaperID) VALUES (121, 2139);
INSERT INTO Write (AuthorID, PaperID) VALUES (121, 2431);
INSERT INTO Write (AuthorID, PaperID) VALUES (121, 2801);
INSERT INTO Write (AuthorID, PaperID) VALUES (121, 2853);
INSERT INTO Author (AuthorID, Name) VALUES (122, 'Steven Bedrick');
INSERT INTO Paper (PaperID, Title, Year, MDate, Key, DOI) VALUES (78, 'Automatic Classification of PubMed Abstracts with Latent Semantic Indexing: Working Notes.', 2014, '2014-09-10', 'conf/clef/AdamsB14', 'http://ceur-ws.org/Vol-1180/CLEF2014wn-QA-AdamsEt2014.pdf');
INSERT INTO Write (AuthorID, PaperID) VALUES (122, 78);
INSERT INTO Paper (PaperID, Title, Year, MDate, Key, DOI) VALUES (623, 'Lucene, MetaMap, and Language Modeling: OHSU at CLEF eHealth 2013.', 2013, '2014-09-10', 'conf/clef/BedrickS13', 'http://ceur-ws.org/Vol-1179/CLEF2013wn-CLEFeHealth-BedrickEt2013.pdf');
INSERT INTO Write (AuthorID, PaperID) VALUES (122, 623);
INSERT INTO Write (AuthorID, PaperID) VALUES (122, 631);
INSERT INTO Write (AuthorID, PaperID) VALUES (122, 1168);
INSERT INTO Write (AuthorID, PaperID) VALUES (122, 1280);
INSERT INTO Write (AuthorID, PaperID) VALUES (122, 1341);
INSERT INTO Write (AuthorID, PaperID) VALUES (122, 1505);
INSERT INTO Write (AuthorID, PaperID) VALUES (122, 1537);
INSERT INTO Write (AuthorID, PaperID) VALUES (122, 1566);
INSERT INTO Write (AuthorID, PaperID) VALUES (122, 1959);
INSERT INTO Write (AuthorID, PaperID) VALUES (122, 2180);
INSERT INTO Write (AuthorID, PaperID) VALUES (122, 2469);
INSERT INTO Paper (PaperID, Title, Year, MDate, Key, DOI) VALUES (2911, 'Automatic Indexing of Journal Abstracts with Latent Semantic Analysis.', 2015, '2017-09-16', 'conf/clef/AdamsB15', 'https://doi.org/10.1007/978-3-319-24027-5_17');
INSERT INTO Write (AuthorID, PaperID) VALUES (122, 2911);
INSERT INTO Write (AuthorID, PaperID) VALUES (122, 3141);
INSERT INTO Author (AuthorID, Name) VALUES (123, 'Francisco M. Rangel Pardo');
INSERT INTO Write (AuthorID, PaperID) VALUES (123, 92);
INSERT INTO Write (AuthorID, PaperID) VALUES (123, 372);
INSERT INTO Write (AuthorID, PaperID) VALUES (123, 423);
INSERT INTO Write (AuthorID, PaperID) VALUES (123, 484);
INSERT INTO Write (AuthorID, PaperID) VALUES (123, 1350);
INSERT INTO Write (AuthorID, PaperID) VALUES (123, 1411);
INSERT INTO Write (AuthorID, PaperID) VALUES (123, 1720);
INSERT INTO Write (AuthorID, PaperID) VALUES (123, 2451);
INSERT INTO Write (AuthorID, PaperID) VALUES (123, 2511);
INSERT INTO Write (AuthorID, PaperID) VALUES (123, 2578);
INSERT INTO Write (AuthorID, PaperID) VALUES (123, 3074);
INSERT INTO Write (AuthorID, PaperID) VALUES (123, 3172);
INSERT INTO Write (AuthorID, PaperID) VALUES (123, 3351);
INSERT INTO Write (AuthorID, PaperID) VALUES (123, 3482);
INSERT INTO Author (AuthorID, Name) VALUES (124, 'Jianqiang Wang 0002');
INSERT INTO Write (AuthorID, PaperID) VALUES (124, 342);
INSERT INTO Write (AuthorID, PaperID) VALUES (124, 1284);
INSERT INTO Write (AuthorID, PaperID) VALUES (124, 1946);
INSERT INTO Write (AuthorID, PaperID) VALUES (124, 1947);
INSERT INTO Write (AuthorID, PaperID) VALUES (124, 2057);
INSERT INTO Write (AuthorID, PaperID) VALUES (124, 2087);
INSERT INTO Write (AuthorID, PaperID) VALUES (124, 2220);
INSERT INTO Write (AuthorID, PaperID) VALUES (124, 2250);
INSERT INTO Write (AuthorID, PaperID) VALUES (124, 2342);
INSERT INTO Write (AuthorID, PaperID) VALUES (124, 2509);
INSERT INTO Write (AuthorID, PaperID) VALUES (124, 2898);
INSERT INTO Write (AuthorID, PaperID) VALUES (124, 2970);
INSERT INTO Write (AuthorID, PaperID) VALUES (124, 3200);
INSERT INTO Write (AuthorID, PaperID) VALUES (124, 3529);
INSERT INTO Author (AuthorID, Name) VALUES (125, 'Pierre Zweigenbaum');
INSERT INTO Paper (PaperID, Title, Year, MDate, Key, DOI) VALUES (64, 'Disease and Disorder Template Filling using Rule-based and Statistical Approaches.', 2014, '2014-09-10', 'conf/clef/HamonGZ14', 'http://ceur-ws.org/Vol-1180/CLEF2014wn-eHealth-HamonEt2014.pdf');
INSERT INTO Write (AuthorID, PaperID) VALUES (125, 64);
INSERT INTO Write (AuthorID, PaperID) VALUES (125, 190);
INSERT INTO Write (AuthorID, PaperID) VALUES (125, 657);
INSERT INTO Write (AuthorID, PaperID) VALUES (125, 773);
INSERT INTO Write (AuthorID, PaperID) VALUES (125, 1046);
INSERT INTO Write (AuthorID, PaperID) VALUES (125, 1133);
INSERT INTO Write (AuthorID, PaperID) VALUES (125, 1422);
INSERT INTO Paper (PaperID, Title, Year, MDate, Key, DOI) VALUES (1473, 'Multiple Methods for Multi-class, Multi-label ICD-10 Coding of Multi-granularity, Multilingual Death Certificates.', 2017, '2017-08-15', 'conf/clef/ZweigenbaumL17', 'http://ceur-ws.org/Vol-1866/paper_82.pdf');
INSERT INTO Write (AuthorID, PaperID) VALUES (125, 1473);
INSERT INTO Write (AuthorID, PaperID) VALUES (125, 1914);
INSERT INTO Paper (PaperID, Title, Year, MDate, Key, DOI) VALUES (1952, 'LIMSI ICD10 coding Experiments on C800Aeacute;piDC Death Certificate Statements.', 2016, '2016-08-11', 'conf/clef/ZweigenbaumL16', 'http://ceur-ws.org/Vol-1609/16090205.pdf');
INSERT INTO Write (AuthorID, PaperID) VALUES (125, 1952);
INSERT INTO Paper (PaperID, Title, Year, MDate, Key, DOI) VALUES (2455, 'LIMSI @ CLEF eHealth 2015 - task 2.', 2015, '2015-09-03', 'conf/clef/DhondtGZ15', 'http://ceur-ws.org/Vol-1391/89-CR.pdf');
INSERT INTO Write (AuthorID, PaperID) VALUES (125, 2455);
INSERT INTO Paper (PaperID, Title, Year, MDate, Key, DOI) VALUES (2546, 'Adaptation of LIMSI''s QALC for QA4MRE.', 2012, '2014-09-24', 'conf/clef/GrauPLAZC12', 'http://www.clef-initiative.eu/documents/71612/98b03c78-307d-469c-830f-90e83e9f9219');
INSERT INTO Write (AuthorID, PaperID) VALUES (125, 2546);
INSERT INTO Write (AuthorID, PaperID) VALUES (125, 3068);
INSERT INTO Author (AuthorID, Name) VALUES (126, 'Mark Oliver G&uuml;ld');
INSERT INTO Paper (PaperID, Title, Year, MDate, Key, DOI) VALUES (461, 'Baseline Results for the ImageCLEF 2008 Medical Automatic Annotation Task in Comparison over the Years.', 2008, '2017-05-24', 'conf/clef/GuldWD08', 'https://doi.org/10.1007/978-3-642-04447-2_97');
INSERT INTO Write (AuthorID, PaperID) VALUES (126, 461);
INSERT INTO Paper (PaperID, Title, Year, MDate, Key, DOI) VALUES (669, 'Baseline Results for the CLEF 2007 Medical Automatic Annotation Task.', 2007, '2014-09-29', 'conf/clef/GuldD07a', 'http://ceur-ws.org/Vol-1173/CLEF2007wn-ImageCLEF-GuldEt2007.pdf');
INSERT INTO Write (AuthorID, PaperID) VALUES (126, 669);
INSERT INTO Paper (PaperID, Title, Year, MDate, Key, DOI) VALUES (923, 'Baseline Results for the ImageCLEF 2007 Medical Automatic Annotation Task Using Global Image Features.', 2007, '2017-05-24', 'conf/clef/GuldD07', 'https://doi.org/10.1007/978-3-540-85760-0_81');
INSERT INTO Write (AuthorID, PaperID) VALUES (126, 923);
INSERT INTO Paper (PaperID, Title, Year, MDate, Key, DOI) VALUES (992, 'Combining Global Features within a Nearest Neighbor Classifier for Content-based Retrieval of Medical Images.', 2006, '2014-08-15', 'conf/clef/GuldTFL06', 'http://ceur-ws.org/Vol-1172/CLEF2006wn-ImageCLEF-GuldEt2006a.pdf');
INSERT INTO Write (AuthorID, PaperID) VALUES (126, 992);
INSERT INTO Paper (PaperID, Title, Year, MDate, Key, DOI) VALUES (1036, 'Content-Based Queries on the CasImage Database Within the IRMA Framework.', 2004, '2018-11-02', 'conf/clef/ThiesGFL05', 'https://doi.org/10.1007/11519645_76');
INSERT INTO Write (AuthorID, PaperID) VALUES (126, 1036);
INSERT INTO Paper (PaperID, Title, Year, MDate, Key, DOI) VALUES (1197, 'Content-Based Retrieval of Medical Images by Combining Global Features.', 2005, '2018-11-02', 'conf/clef/GuldTFL05', 'https://doi.org/10.1007/11878773_77');
INSERT INTO Write (AuthorID, PaperID) VALUES (126, 1197);
INSERT INTO Write (AuthorID, PaperID) VALUES (126, 1517);
INSERT INTO Paper (PaperID, Title, Year, MDate, Key, DOI) VALUES (2009, 'Baseline Results for the ImageCLEF 2006 Medical Automatic Annotation Task.', 2006, '2014-08-15', 'conf/clef/GuldTFL06a', 'http://ceur-ws.org/Vol-1172/CLEF2006wn-ImageCLEF-GuldEt2006b.pdf');
INSERT INTO Write (AuthorID, PaperID) VALUES (126, 2009);
INSERT INTO Paper (PaperID, Title, Year, MDate, Key, DOI) VALUES (2140, 'Combining Global features for Content-based Retrieval of Medical Images.', 2005, '2014-08-15', 'conf/clef/GuldTFL05a', 'http://ceur-ws.org/Vol-1171/CLEF2005wn-ImageCLEF-OGuldEt2005.pdf');
INSERT INTO Write (AuthorID, PaperID) VALUES (126, 2140);
INSERT INTO Paper (PaperID, Title, Year, MDate, Key, DOI) VALUES (2363, 'Baseline Results for the CLEF 2008 Medical Automatic Annotation Task.', 2008, '2014-09-29', 'conf/clef/GuldD08', 'http://ceur-ws.org/Vol-1174/CLEF2008wn-ImageCLEF-GuldEt2008.pdf');
INSERT INTO Write (AuthorID, PaperID) VALUES (126, 2363);
INSERT INTO Write (AuthorID, PaperID) VALUES (126, 3098);
INSERT INTO Paper (PaperID, Title, Year, MDate, Key, DOI) VALUES (3128, 'Baseline Results for the ImageCLEF 2006 Medical Automatic Annotation Task.', 2006, '2018-11-02', 'conf/clef/GuldTFD06', 'https://doi.org/10.1007/978-3-540-74999-8_84');
INSERT INTO Write (AuthorID, PaperID) VALUES (126, 3128);
INSERT INTO Paper (PaperID, Title, Year, MDate, Key, DOI) VALUES (3297, 'Content-based Queries on the Casimage Database with the IRMA framework: A Field Report.', 2004, '2014-08-15', 'conf/clef/ThiesGFL04', 'http://ceur-ws.org/Vol-1170/CLEF2004wn-ImageCLEF-ThiesEt2004.pdf');
INSERT INTO Write (AuthorID, PaperID) VALUES (126, 3297);
INSERT INTO Author (AuthorID, Name) VALUES (127, 'Vasudeva Varma');
INSERT INTO Paper (PaperID, Title, Year, MDate, Key, DOI) VALUES (0, 'Improving Recall for Hindi, Telugu, Oromo to English CLIR.', 2007, '2017-05-24', 'conf/clef/PingaliTV07', 'https://doi.org/10.1007/978-3-540-85760-0_13');
INSERT INTO Write (AuthorID, PaperID) VALUES (127, 0);
INSERT INTO Paper (PaperID, Title, Year, MDate, Key, DOI) VALUES (482, 'Hindi and Telugu to English Cross Language Information Retrieval at CLEF 2006.', 2006, '2014-08-15', 'conf/clef/PingaliV06', 'http://ceur-ws.org/Vol-1172/CLEF2006wn-adhoc-PingaliEt2006.pdf');
INSERT INTO Write (AuthorID, PaperID) VALUES (127, 482);
INSERT INTO Paper (PaperID, Title, Year, MDate, Key, DOI) VALUES (846, 'IIIT Hyderabad at CLEF 2007 - Adhoc Indian Language CLIR Task.', 2007, '2014-09-23', 'conf/clef/PingaliV07', 'http://ceur-ws.org/Vol-1173/CLEF2007wn-adhoc-PingaliEt2007.pdf');
INSERT INTO Write (AuthorID, PaperID) VALUES (127, 846);
INSERT INTO Paper (PaperID, Title, Year, MDate, Key, DOI) VALUES (1066, 'Author Profiling: Predicting Age and Gender from Blogs Notebook for PAN at CLEF 2013.', 2013, '2014-09-10', 'conf/clef/SantoshBSV13', 'http://ceur-ws.org/Vol-1179/CLEF2013wn-PAN-SantoshEt2013.pdf');
INSERT INTO Write (AuthorID, PaperID) VALUES (127, 1066);
INSERT INTO Paper (PaperID, Title, Year, MDate, Key, DOI) VALUES (1299, 'Hindi, Telugu, Oromo, English CLIR Evaluation.', 2006, '2017-05-24', 'conf/clef/PingaliTV06', 'https://doi.org/10.1007/978-3-540-74999-8_4');
INSERT INTO Write (AuthorID, PaperID) VALUES (127, 1299);
INSERT INTO Paper (PaperID, Title, Year, MDate, Key, DOI) VALUES (1503, 'A Na800Aiuml;ve Approach for Monolingual Question Answering.', 2009, '2015-08-02', 'conf/clef/BharadwajV09', 'http://ceur-ws.org/Vol-1175/CLEF2009wn-QACLEF-BharadwajEt2009.pdf');
INSERT INTO Write (AuthorID, PaperID) VALUES (127, 1503);
INSERT INTO Paper (PaperID, Title, Year, MDate, Key, DOI) VALUES (1691, 'A Language-Independent Approach to Identify the Named Entities in Under-Resourced Languages and Clustering Multilingual Documents.', 2011, '2017-05-24', 'conf/clef/KumarSV11', 'https://doi.org/10.1007/978-3-642-23708-9_9');
INSERT INTO Write (AuthorID, PaperID) VALUES (127, 1691);
INSERT INTO Paper (PaperID, Title, Year, MDate, Key, DOI) VALUES (1722, 'Check It Out : Politics and Neural Networks.', 2018, '2018-08-08', 'conf/clef/LalKKMV18', 'http://ceur-ws.org/Vol-2125/paper_106.pdf');
INSERT INTO Write (AuthorID, PaperID) VALUES (127, 1722);
INSERT INTO Paper (PaperID, Title, Year, MDate, Key, DOI) VALUES (1745, 'Author Profiling using LDA and Maximum Entropy Notebook for PAN at CLEF 2013.', 2013, '2014-09-10', 'conf/clef/PavanMV13', 'http://ceur-ws.org/Vol-1179/CLEF2013wn-PAN-PavanEt2013.pdf');
INSERT INTO Write (AuthorID, PaperID) VALUES (127, 1745);
INSERT INTO Paper (PaperID, Title, Year, MDate, Key, DOI) VALUES (1749, 'Oromo-English Information Retrieval Experiments at CLEF 2007.', 2007, '2014-09-23', 'conf/clef/TuneV07', 'http://ceur-ws.org/Vol-1173/CLEF2007wn-adhoc-KekebaTuneEt2007.pdf');
INSERT INTO Write (AuthorID, PaperID) VALUES (127, 1749);
INSERT INTO Paper (PaperID, Title, Year, MDate, Key, DOI) VALUES (1858, 'Oromo-English Information Retrieval Experiments at CLEF 2006.', 2006, '2014-08-15', 'conf/clef/TuneV06', 'http://ceur-ws.org/Vol-1172/CLEF2006wn-adhoc-TuneEt2006.pdf');
INSERT INTO Write (AuthorID, PaperID) VALUES (127, 1858);
INSERT INTO Paper (PaperID, Title, Year, MDate, Key, DOI) VALUES (2737, 'Deep Neural Architecture for News Recommendation.', 2017, '2017-08-16', 'conf/clef/KumarKG0V17', 'http://ceur-ws.org/Vol-1866/paper_85.pdf');
INSERT INTO Write (AuthorID, PaperID) VALUES (127, 2737);
INSERT INTO Paper (PaperID, Title, Year, MDate, Key, DOI) VALUES (3173, 'Exploring Keyphrase Extraction and IPC Classification Vectors for Prior Art Search.', 2011, '2014-09-24', 'conf/clef/VermaV11', 'http://ceur-ws.org/Vol-1177/CLEF2011wn-CLEF-IP-VermaEt2011.pdf');
INSERT INTO Write (AuthorID, PaperID) VALUES (127, 3173);
INSERT INTO Author (AuthorID, Name) VALUES (128, 'James Mayfield');
INSERT INTO Write (AuthorID, PaperID) VALUES (128, 143);
INSERT INTO Write (AuthorID, PaperID) VALUES (128, 349);
INSERT INTO Write (AuthorID, PaperID) VALUES (128, 720);
INSERT INTO Write (AuthorID, PaperID) VALUES (128, 1448);
INSERT INTO Write (AuthorID, PaperID) VALUES (128, 1752);
INSERT INTO Write (AuthorID, PaperID) VALUES (128, 2453);
INSERT INTO Write (AuthorID, PaperID) VALUES (128, 2478);
INSERT INTO Write (AuthorID, PaperID) VALUES (128, 2671);
INSERT INTO Write (AuthorID, PaperID) VALUES (128, 2688);
INSERT INTO Write (AuthorID, PaperID) VALUES (128, 3115);
INSERT INTO Write (AuthorID, PaperID) VALUES (128, 3318);
INSERT INTO Write (AuthorID, PaperID) VALUES (128, 3398);
INSERT INTO Write (AuthorID, PaperID) VALUES (128, 3479);
INSERT INTO Author (AuthorID, Name) VALUES (129, 'Jean-Michel Renders');
INSERT INTO Paper (PaperID, Title, Year, MDate, Key, DOI) VALUES (137, 'Evaluation of Diversity-Focused Strategies for Multimedia Retrieval.', 2008, '2017-05-24', 'conf/clef/Ah-PineCR08', 'https://doi.org/10.1007/978-3-642-04447-2_85');
INSERT INTO Write (AuthorID, PaperID) VALUES (129, 137);
INSERT INTO Paper (PaperID, Title, Year, MDate, Key, DOI) VALUES (241, 'Report on CLEF-2003 Experiments: Two Ways of Extracting Multilingual Resources from Corpora.', 2003, '2014-08-15', 'conf/clef/CanceddaDGRV03a', 'http://ceur-ws.org/Vol-1169/CLEF2003wn-adhoc-CanceddaEt2003.pdf');
INSERT INTO Write (AuthorID, PaperID) VALUES (129, 241);
INSERT INTO Paper (PaperID, Title, Year, MDate, Key, DOI) VALUES (310, 'XRCE''s Participation to CLEF 2007 Domain-Specific Track.', 2007, '2014-09-23', 'conf/clef/ClinchantR07a', 'http://ceur-ws.org/Vol-1173/CLEF2007wn-DomainSpecific-ClinchantEt2007.pdf');
INSERT INTO Write (AuthorID, PaperID) VALUES (129, 310);
INSERT INTO Paper (PaperID, Title, Year, MDate, Key, DOI) VALUES (497, 'XRCE Participation in CLEF 2002.', 2002, '2014-08-15', 'conf/clef/RendersDG02a', 'http://ceur-ws.org/Vol-1168/CLEF2002wn-DomainSpecific-RendersEt2002.pdf');
INSERT INTO Write (AuthorID, PaperID) VALUES (129, 497);
INSERT INTO Paper (PaperID, Title, Year, MDate, Key, DOI) VALUES (818, 'XRCE''s Participation at Patent Image Classification and Image-based Patent Retrieval Tasks of the Clef-IP 2011.', 2011, '2014-09-24', 'conf/clef/CsurkaRJ11', 'http://ceur-ws.org/Vol-1177/CLEF2011wn-CLEF-IP-CsurkaEt2011.pdf');
INSERT INTO Write (AuthorID, PaperID) VALUES (129, 818);
INSERT INTO Paper (PaperID, Title, Year, MDate, Key, DOI) VALUES (1052, 'XRCE''s Participation to ImageCLEFphoto 2007.', 2007, '2014-09-23', 'conf/clef/ClinchantRC07a', 'http://ceur-ws.org/Vol-1173/CLEF2007wn-ImageCLEF-ClinchantEt2007.pdf');
INSERT INTO Write (AuthorID, PaperID) VALUES (129, 1052);
INSERT INTO Paper (PaperID, Title, Year, MDate, Key, DOI) VALUES (1213, 'XRCE''s Participation to ImageCLEF 2008.', 2008, '2014-09-29', 'conf/clef/Ah-PineCCCR08', 'http://ceur-ws.org/Vol-1174/CLEF2008wn-ImageCLEF-AhPineEt2008.pdf');
INSERT INTO Write (AuthorID, PaperID) VALUES (129, 1213);
INSERT INTO Paper (PaperID, Title, Year, MDate, Key, DOI) VALUES (1784, 'Trans-Media Pseudo-Relevance Feedback Methods in Multimedia Retrieval.', 2007, '2017-05-24', 'conf/clef/ClinchantRC07', 'https://doi.org/10.1007/978-3-540-85760-0_71');
INSERT INTO Write (AuthorID, PaperID) VALUES (129, 1784);
INSERT INTO Paper (PaperID, Title, Year, MDate, Key, DOI) VALUES (2168, 'XRCE''s Participation to CLEF 2008 Ad-Hoc Track.', 2008, '2014-09-29', 'conf/clef/ClinchantR08a', 'http://ceur-ws.org/Vol-1174/CLEF2008wn-adhoc-ClinchantEt2008.pdf');
INSERT INTO Write (AuthorID, PaperID) VALUES (129, 2168);
INSERT INTO Paper (PaperID, Title, Year, MDate, Key, DOI) VALUES (2321, 'Multi-language Models and Meta-dictionary Adaptation for Accessing Multilingual Digital Libraries.', 2008, '2017-05-24', 'conf/clef/ClinchantR08', 'https://doi.org/10.1007/978-3-642-04447-2_9');
INSERT INTO Write (AuthorID, PaperID) VALUES (129, 2321);
INSERT INTO Paper (PaperID, Title, Year, MDate, Key, DOI) VALUES (2814, 'Report on CLEF-2003 Experiments: Two Ways of Extracting Multilingual Resources from Corpora.', 2003, '2017-05-24', 'conf/clef/CanceddaDGRV03', 'https://doi.org/10.1007/978-3-540-30222-3_9');
INSERT INTO Write (AuthorID, PaperID) VALUES (129, 2814);
INSERT INTO Paper (PaperID, Title, Year, MDate, Key, DOI) VALUES (3058, 'Query Translation through Dictionary Adaptation.', 2007, '2017-05-24', 'conf/clef/ClinchantR07', 'https://doi.org/10.1007/978-3-540-85760-0_24');
INSERT INTO Write (AuthorID, PaperID) VALUES (129, 3058);
INSERT INTO Paper (PaperID, Title, Year, MDate, Key, DOI) VALUES (3450, 'Assessing Automatically Extracted Bilingual Lexicons for CLIR in Vertical Domains: XRCE Participation in the GIRT Track of CLEF 2002.', 2002, '2017-05-24', 'conf/clef/RendersDG02', 'https://doi.org/10.1007/978-3-540-45237-9_32');
INSERT INTO Write (AuthorID, PaperID) VALUES (129, 3450);
INSERT INTO Author (AuthorID, Name) VALUES (130, 'Paulo Quaresma');
INSERT INTO Paper (PaperID, Title, Year, MDate, Key, DOI) VALUES (111, 'Multi-Language Neural Network Model with Advance Preprocessor for Gender Classification over Social Media: Notebook for PAN at CLEF 2018.', 2018, '2018-08-08', 'conf/clef/RaiyaniGQN18', 'http://ceur-ws.org/Vol-2125/paper_105.pdf');
INSERT INTO Write (AuthorID, PaperID) VALUES (130, 111);
INSERT INTO Paper (PaperID, Title, Year, MDate, Key, DOI) VALUES (161, 'The DI@UE''s Participation in QA4MRE: from QA to Multiple Choice Challenge.', 2011, '2014-09-24', 'conf/clef/SaiasQ11', 'http://www.clef-initiative.eu/documents/71612/86377/CLEF2011wn-QA4MRE-SaiasEt2011.pdf');
INSERT INTO Write (AuthorID, PaperID) VALUES (130, 161);
INSERT INTO Paper (PaperID, Title, Year, MDate, Key, DOI) VALUES (420, 'The Senso Question Answering System at QA@CLEF 2008.', 2008, '2014-09-29', 'conf/clef/SaiasQ08', 'http://ceur-ws.org/Vol-1174/CLEF2008wn-QACLEF-SaiasEt2008.pdf');
INSERT INTO Write (AuthorID, PaperID) VALUES (130, 420);
INSERT INTO Paper (PaperID, Title, Year, MDate, Key, DOI) VALUES (442, 'An Approach to the Main Task of QA4MRE-2013.', 2013, '2014-09-10', 'conf/clef/SantosSQ13', 'http://ceur-ws.org/Vol-1179/CLEF2013wn-QA4MRE-SantosEt2013.pdf');
INSERT INTO Write (AuthorID, PaperID) VALUES (130, 442);
INSERT INTO Paper (PaperID, Title, Year, MDate, Key, DOI) VALUES (458, 'TeamUEvora at Clef eHealth 2014 Task2a.', 2014, '2014-09-10', 'conf/clef/SequeiraMGQ14', 'http://ceur-ws.org/Vol-1180/CLEF2014wn-eHealth-SequeiraEt2014.pdf');
INSERT INTO Write (AuthorID, PaperID) VALUES (130, 458);
INSERT INTO Paper (PaperID, Title, Year, MDate, Key, DOI) VALUES (639, 'University of 800AEacute;vora in QA@CLEF-2004.', 2004, '2018-09-04', 'conf/clef/QuaresmaQRSS05', 'https://doi.org/10.1007/11519645_52');
INSERT INTO Write (AuthorID, PaperID) VALUES (130, 639);
INSERT INTO Paper (PaperID, Title, Year, MDate, Key, DOI) VALUES (966, 'A Logic Programming-based Approach to the QA@CLEF05 Track.', 2005, '2018-09-04', 'conf/clef/QuaresmaR05a', 'http://ceur-ws.org/Vol-1171/CLEF2005wn-QACLEF-QuaresmaEt2005.pdf');
INSERT INTO Write (AuthorID, PaperID) VALUES (130, 966);
INSERT INTO Paper (PaperID, Title, Year, MDate, Key, DOI) VALUES (1029, 'The Senso Question Answering Approach to Portuguese QA@CLEF-2007.', 2007, '2014-09-23', 'conf/clef/SaiasQ07a', 'http://ceur-ws.org/Vol-1173/CLEF2007wn-QACLEF-SaiasEt2007.pdf');
INSERT INTO Write (AuthorID, PaperID) VALUES (130, 1029);
INSERT INTO Paper (PaperID, Title, Year, MDate, Key, DOI) VALUES (1266, 'Brazilian Social Mood: The Political Dimension of Emotion.', 2016, '2018-11-02', 'conf/clef/WeitzelBQAZF15', 'https://doi.org/10.1007/978-3-319-44564-9_23');
INSERT INTO Write (AuthorID, PaperID) VALUES (130, 1266);
INSERT INTO Paper (PaperID, Title, Year, MDate, Key, DOI) VALUES (2408, 'A Logic Programming Based Approach to QA@CLEF05 Track.', 2005, '2018-09-04', 'conf/clef/QuaresmaR05', 'https://doi.org/10.1007/11878773_40');
INSERT INTO Write (AuthorID, PaperID) VALUES (130, 2408);
INSERT INTO Paper (PaperID, Title, Year, MDate, Key, DOI) VALUES (2905, 'The University of 800AEacute;vora approach to QA@CLEF-2004.', 2004, '2018-09-04', 'conf/clef/QuaresmaQRSS04', 'http://ceur-ws.org/Vol-1170/CLEF2004wn-QACLEF-QuaresmaEt2004.pdf');
INSERT INTO Write (AuthorID, PaperID) VALUES (130, 2905);
INSERT INTO Paper (PaperID, Title, Year, MDate, Key, DOI) VALUES (3047, 'The University of 800AEacute;vora''s Participation in QA@CLEF-2007.', 2007, '2017-05-24', 'conf/clef/SaiasQ07', 'https://doi.org/10.1007/978-3-540-85760-0_38');
INSERT INTO Write (AuthorID, PaperID) VALUES (130, 3047);
INSERT INTO Paper (PaperID, Title, Year, MDate, Key, DOI) VALUES (3452, 'DI@UE in CLEF2012: Question Answering Approach to the Multiple Choice QA4MRE Challenge.', 2012, '2014-09-24', 'conf/clef/SaiasQ12', 'http://www.clef-initiative.eu/documents/71612/7c21ae6d-c6e7-481e-9039-523e3b39a9d7');
INSERT INTO Write (AuthorID, PaperID) VALUES (130, 3452);
INSERT INTO Author (AuthorID, Name) VALUES (131, 'Stefan M. R&uuml;ger');
INSERT INTO Paper (PaperID, Title, Year, MDate, Key, DOI) VALUES (296, 'Place Disambiguation with Co-occurrence Models.', 2006, '2014-08-15', 'conf/clef/OverellMR06a', 'http://ceur-ws.org/Vol-1172/CLEF2006wn-GeoCLEF-OverellEt2006.pdf');
INSERT INTO Write (AuthorID, PaperID) VALUES (131, 296);
INSERT INTO Paper (PaperID, Title, Year, MDate, Key, DOI) VALUES (405, 'MMIS at GeoCLEF 2008: Experiments in GIR.', 2008, '2014-09-29', 'conf/clef/OverellRR08a', 'http://ceur-ws.org/Vol-1174/CLEF2008wn-GeoCLEF-OverellEt2008.pdf');
INSERT INTO Write (AuthorID, PaperID) VALUES (131, 405);
INSERT INTO Paper (PaperID, Title, Year, MDate, Key, DOI) VALUES (648, 'Exploiting Term Co-occurrence for Enhancing Automated Image Annotation.', 2008, '2017-10-24', 'conf/clef/LlorenteOLHRZSR08', 'https://doi.org/10.1007/978-3-642-04447-2_79');
INSERT INTO Write (AuthorID, PaperID) VALUES (131, 648);
INSERT INTO Paper (PaperID, Title, Year, MDate, Key, DOI) VALUES (1173, 'MMIS at ImageCLEF 2008: Experiments combining Different Evidence Sources.', 2008, '2017-10-24', 'conf/clef/OverellL0HRZSR08', 'http://ceur-ws.org/Vol-1174/CLEF2008wn-ImageCLEF-OverellEt2008.pdf');
INSERT INTO Write (AuthorID, PaperID) VALUES (131, 1173);
INSERT INTO Paper (PaperID, Title, Year, MDate, Key, DOI) VALUES (1971, 'MMIS at ImageCLEF 2009: Non-parametric Density Estimation Algorithms.', 2009, '2014-09-29', 'conf/clef/LlorenteLR09', 'http://ceur-ws.org/Vol-1175/CLEF2009wn-ImageCLEF-LlorenteEt2009.pdf');
INSERT INTO Write (AuthorID, PaperID) VALUES (131, 1971);
INSERT INTO Paper (PaperID, Title, Year, MDate, Key, DOI) VALUES (2420, 'GIR Experiments with Forostar at GeoCLEF 2007.', 2007, '2014-09-23', 'conf/clef/OverellMR07a', 'http://ceur-ws.org/Vol-1173/CLEF2007wn-GeoCLEF-OverellEt2007.pdf');
INSERT INTO Write (AuthorID, PaperID) VALUES (131, 2420);
INSERT INTO Paper (PaperID, Title, Year, MDate, Key, DOI) VALUES (2426, 'Exploring the Semantics behind a Collection to Improve Automated Image Annotation.', 2009, '2017-06-02', 'conf/clef/LlorenteMR09', 'https://doi.org/10.1007/978-3-642-15751-6_40');
INSERT INTO Write (AuthorID, PaperID) VALUES (131, 2426);
INSERT INTO Paper (PaperID, Title, Year, MDate, Key, DOI) VALUES (2732, 'Visual Features for Content-based Medical Image Retrieval.', 2004, '2014-08-15', 'conf/clef/HowarthYHR04', 'http://ceur-ws.org/Vol-1170/CLEF2004wn-ImageCLEF-HowarthEt2004.pdf');
INSERT INTO Write (AuthorID, PaperID) VALUES (131, 2732);
INSERT INTO Paper (PaperID, Title, Year, MDate, Key, DOI) VALUES (2914, 'Exploring Image, Text and Geographic Evidences in ImageCLEF 2007.', 2007, '2014-09-25', 'conf/clef/MagalhaesOR07', 'http://ceur-ws.org/Vol-1173/CLEF2007wn-ImageCLEF-MagalhaesEt2007.pdf');
INSERT INTO Write (AuthorID, PaperID) VALUES (131, 2914);
INSERT INTO Paper (PaperID, Title, Year, MDate, Key, DOI) VALUES (3114, 'Forostar: A System for GIR.', 2006, '2017-05-24', 'conf/clef/OverellMR06', 'https://doi.org/10.1007/978-3-540-74999-8_119');
INSERT INTO Write (AuthorID, PaperID) VALUES (131, 3114);
INSERT INTO Paper (PaperID, Title, Year, MDate, Key, DOI) VALUES (3241, 'GIR Experiments with Forostar.', 2007, '2017-05-24', 'conf/clef/OverellMR07', 'https://doi.org/10.1007/978-3-540-85760-0_110');
INSERT INTO Write (AuthorID, PaperID) VALUES (131, 3241);
INSERT INTO Paper (PaperID, Title, Year, MDate, Key, DOI) VALUES (3243, 'Geographic and Textual Data Fusion in Forostar.', 2008, '2017-05-24', 'conf/clef/OverellRR08', 'https://doi.org/10.1007/978-3-642-04447-2_109');
INSERT INTO Write (AuthorID, PaperID) VALUES (131, 3243);
INSERT INTO Paper (PaperID, Title, Year, MDate, Key, DOI) VALUES (3270, 'Medical Image Retrieval Using Texture, Locality and Colour.', 2004, '2017-05-24', 'conf/clef/HowarthYHR05', 'https://doi.org/10.1007/11519645_72');
INSERT INTO Write (AuthorID, PaperID) VALUES (131, 3270);
INSERT INTO Author (AuthorID, Name) VALUES (132, 'Brigitte Grau');
INSERT INTO Paper (PaperID, Title, Year, MDate, Key, DOI) VALUES (75, 'Term Translation Validation by Retrieving Bi-terms.', 2005, '2017-05-24', 'conf/clef/GrauLRV05', 'https://doi.org/10.1007/11878773_43');
INSERT INTO Write (AuthorID, PaperID) VALUES (132, 75);
INSERT INTO Paper (PaperID, Title, Year, MDate, Key, DOI) VALUES (229, 'The Bilingual System MUSCLEF at QA@CLEF 2006.', 2006, '2017-05-24', 'conf/clef/GrauLRVBS06', 'https://doi.org/10.1007/978-3-540-74999-8_54');
INSERT INTO Write (AuthorID, PaperID) VALUES (132, 229);
INSERT INTO Paper (PaperID, Title, Year, MDate, Key, DOI) VALUES (601, 'How to Answer in English to Questions Asked in French: by Exploiting Results from Several Sources of Information.', 2004, '2014-08-15', 'conf/clef/BourdilEGIMRV04', 'http://ceur-ws.org/Vol-1170/CLEF2004wn-QACLEF-BourdilEt2004.pdf');
INSERT INTO Write (AuthorID, PaperID) VALUES (132, 601);
INSERT INTO Paper (PaperID, Title, Year, MDate, Key, DOI) VALUES (1022, 'SemGraphQA@QALD5: LIMSI participation at QALD5@CLEF.', 2015, '2015-09-03', 'conf/clef/BeaumontGL15', 'http://ceur-ws.org/Vol-1391/164-CR.pdf');
INSERT INTO Write (AuthorID, PaperID) VALUES (132, 1022);
INSERT INTO Paper (PaperID, Title, Year, MDate, Key, DOI) VALUES (1637, 'LIMSI-CNRS@CLEF 2015: Tree Edit Beam Search for Multiple Choice Question Answering.', 2015, '2015-09-03', 'conf/clef/GleizeG15', 'http://ceur-ws.org/Vol-1391/115-CR.pdf');
INSERT INTO Write (AuthorID, PaperID) VALUES (132, 1637);
INSERT INTO Paper (PaperID, Title, Year, MDate, Key, DOI) VALUES (1681, 'LIMSI-CNRS@CLEF 2014: Invalidating Answers for Multiple Choice Question Answering.', 2014, '2014-09-10', 'conf/clef/GleizeLG14', 'http://ceur-ws.org/Vol-1180/CLEF2014wn-QA-GleizeEt2014.pdf');
INSERT INTO Write (AuthorID, PaperID) VALUES (132, 1681);
INSERT INTO Paper (PaperID, Title, Year, MDate, Key, DOI) VALUES (1763, 'Term Translation Validation by Retrieving Bi-terms.', 2005, '2014-08-15', 'conf/clef/GrauLRSV05', 'http://ceur-ws.org/Vol-1171/CLEF2005wn-QACLEF-GrauEt2005.pdf');
INSERT INTO Write (AuthorID, PaperID) VALUES (132, 1763);
INSERT INTO Paper (PaperID, Title, Year, MDate, Key, DOI) VALUES (1940, 'Answering French Questions in English by Exploiting Results from Several Sources of Information.', 2004, '2017-05-24', 'conf/clef/GrauIMRVBEFM05', 'https://doi.org/10.1007/11519645_46');
INSERT INTO Write (AuthorID, PaperID) VALUES (132, 1940);
INSERT INTO Paper (PaperID, Title, Year, MDate, Key, DOI) VALUES (1988, 'Selecting Answers with Structured Lexical Expansion and Discourse Relations LIMSI''s Participation at QA4MRE 2013.', 2013, '2014-09-10', 'conf/clef/GleizeGPLIGL13', 'http://ceur-ws.org/Vol-1179/CLEF2013wn-QA4MRE-GleizeEt2013.pdf');
INSERT INTO Write (AuthorID, PaperID) VALUES (132, 1988);
INSERT INTO Write (AuthorID, PaperID) VALUES (132, 2455);
INSERT INTO Write (AuthorID, PaperID) VALUES (132, 2546);
INSERT INTO Paper (PaperID, Title, Year, MDate, Key, DOI) VALUES (3237, 'The Bilingual System MUSCLEF at QA@CLEF 2006.', 2006, '2016-07-15', 'conf/clef/GrauLRVBS06a', 'http://ceur-ws.org/Vol-1172/CLEF2006wn-QACLEF-GrauEt2006.pdf');
INSERT INTO Write (AuthorID, PaperID) VALUES (132, 3237);
INSERT INTO Paper (PaperID, Title, Year, MDate, Key, DOI) VALUES (3358, 'Justification of Answers by Verification of Dependency Relations - The French AVE Task.', 2008, '2014-09-29', 'conf/clef/MoriceauTGG08', 'http://ceur-ws.org/Vol-1174/CLEF2008wn-QACLEF-MoriceauEt2008.pdf');
INSERT INTO Write (AuthorID, PaperID) VALUES (132, 3358);
INSERT INTO Author (AuthorID, Name) VALUES (133, 'Andr&aacute;s A. Bencz&uacute;r');
INSERT INTO Write (AuthorID, PaperID) VALUES (133, 71);
INSERT INTO Paper (PaperID, Title, Year, MDate, Key, DOI) VALUES (1001, 'SZTAKI@Imageclef2010.', 2010, '2014-09-24', 'conf/clef/DaroczyPBNP10', 'http://www.clef-initiative.eu/documents/71612/86374/CLEF2010wn-ImageCLEF-DaroczyEt2010.pdf');
INSERT INTO Write (AuthorID, PaperID) VALUES (133, 1001);
INSERT INTO Write (AuthorID, PaperID) VALUES (133, 1044);
INSERT INTO Paper (PaperID, Title, Year, MDate, Key, DOI) VALUES (1054, 'Multimodal Retrieval by Text-Segment Biclustering.', 2007, '2017-05-24', 'conf/clef/BenczurBBCDS07', 'https://doi.org/10.1007/978-3-540-85760-0_64');
INSERT INTO Write (AuthorID, PaperID) VALUES (133, 1054);
INSERT INTO Paper (PaperID, Title, Year, MDate, Key, DOI) VALUES (1148, 'Cross-Language Retrieval with Wikipedia.', 2007, '2017-05-24', 'conf/clef/SchonhofenBBC07', 'https://doi.org/10.1007/978-3-540-85760-0_9');
INSERT INTO Write (AuthorID, PaperID) VALUES (133, 1148);
INSERT INTO Paper (PaperID, Title, Year, MDate, Key, DOI) VALUES (1401, 'Cross-modal Retrieval by Text and Image Feature Biclustering.', 2007, '2014-09-23', 'conf/clef/BenczurBBCDS07a', 'http://ceur-ws.org/Vol-1173/CLEF2007wn-ImageCLEF-BenczurEt2007.pdf');
INSERT INTO Write (AuthorID, PaperID) VALUES (133, 1401);
INSERT INTO Paper (PaperID, Title, Year, MDate, Key, DOI) VALUES (1475, 'SZTAKI @ ImageCLEF 2011.', 2011, '2016-06-02', 'conf/clef/DaroczyPB11', 'http://www.clef-initiative.eu/documents/71612/86377/CLEF2011wn-ImageCLEF-Dar%C3%B3czyEt2011.pdf');
INSERT INTO Write (AuthorID, PaperID) VALUES (133, 1475);
INSERT INTO Paper (PaperID, Title, Year, MDate, Key, DOI) VALUES (1702, 'Increasing Cluster Recall of Cross-modal Image Retrieval.', 2008, '2014-09-30', 'conf/clef/RaczDSPBB08', 'http://ceur-ws.org/Vol-1174/CLEF2008wn-ImageCLEF-RaczEt2008.pdf');
INSERT INTO Write (AuthorID, PaperID) VALUES (133, 1702);
INSERT INTO Paper (PaperID, Title, Year, MDate, Key, DOI) VALUES (1746, 'SZTAKI @ ImageCLEF 2009.', 2009, '2014-09-29', 'conf/clef/DaroczyPBFNSW09a', 'http://ceur-ws.org/Vol-1175/CLEF2009wn-ImageCLEF-DaroczyEt2009.pdf');
INSERT INTO Write (AuthorID, PaperID) VALUES (133, 1746);
INSERT INTO Paper (PaperID, Title, Year, MDate, Key, DOI) VALUES (2056, 'SZTAKI @ ImageCLEF 2008: Visual Feature Analysis in Segmented Images.', 2008, '2017-05-24', 'conf/clef/DaroczyFBRBSP08', 'https://doi.org/10.1007/978-3-642-04447-2_81');
INSERT INTO Write (AuthorID, PaperID) VALUES (133, 2056);
INSERT INTO Paper (PaperID, Title, Year, MDate, Key, DOI) VALUES (2235, 'DMS-SZTAKI @ ImageCLEF 2012 Photo Annotation.', 2012, '2014-09-24', 'conf/clef/DaroczySB12', 'http://www.clef-initiative.eu/documents/71612/f098ebbf-aafc-428b-994f-21d2c58992b0');
INSERT INTO Write (AuthorID, PaperID) VALUES (133, 2235);
INSERT INTO Paper (PaperID, Title, Year, MDate, Key, DOI) VALUES (2259, 'Interest Point and Segmentation-Based Photo Annotation.', 2009, '2017-05-24', 'conf/clef/DaroczyPBFNSW09', 'https://doi.org/10.1007/978-3-642-15751-6_44');
INSERT INTO Write (AuthorID, PaperID) VALUES (133, 2259);
INSERT INTO Paper (PaperID, Title, Year, MDate, Key, DOI) VALUES (2699, 'Performing Cross-Language Retrieval with Wikipedia.', 2007, '2014-09-24', 'conf/clef/SchonhofenBBC07a', 'http://ceur-ws.org/Vol-1173/CLEF2007wn-adhoc-SchonhofenEt2007.pdf');
INSERT INTO Write (AuthorID, PaperID) VALUES (133, 2699);
INSERT INTO Author (AuthorID, Name) VALUES (134, 'Eric SanJuan');
INSERT INTO Write (AuthorID, PaperID) VALUES (134, 66);
INSERT INTO Write (AuthorID, PaperID) VALUES (134, 84);
INSERT INTO Write (AuthorID, PaperID) VALUES (134, 378);
INSERT INTO Write (AuthorID, PaperID) VALUES (134, 643);
INSERT INTO Write (AuthorID, PaperID) VALUES (134, 803);
INSERT INTO Write (AuthorID, PaperID) VALUES (134, 843);
INSERT INTO Write (AuthorID, PaperID) VALUES (134, 1319);
INSERT INTO Write (AuthorID, PaperID) VALUES (134, 1436);
INSERT INTO Write (AuthorID, PaperID) VALUES (134, 1878);
INSERT INTO Write (AuthorID, PaperID) VALUES (134, 1888);
INSERT INTO Paper (PaperID, Title, Year, MDate, Key, DOI) VALUES (1975, 'CLEF MC2 2018 Lab Overview.', 2018, '2018-08-20', 'conf/clef/HajjemCLS18', 'https://doi.org/10.1007/978-3-319-98932-7_27');
INSERT INTO Write (AuthorID, PaperID) VALUES (134, 1975);
INSERT INTO Write (AuthorID, PaperID) VALUES (134, 2460);
INSERT INTO Paper (PaperID, Title, Year, MDate, Key, DOI) VALUES (2477, 'A Turing Test to Evaluate a Complex Summarization Task.', 2013, '2018-11-14', 'conf/clef/MolinaSM13', 'https://www.wikidata.org/entity/Q57731944');
INSERT INTO Write (AuthorID, PaperID) VALUES (134, 2477);
INSERT INTO Author (AuthorID, Name) VALUES (135, '&Oacute;scar Ferr&aacute;ndez');
INSERT INTO Write (AuthorID, PaperID) VALUES (135, 254);
INSERT INTO Write (AuthorID, PaperID) VALUES (135, 548);
INSERT INTO Write (AuthorID, PaperID) VALUES (135, 682);
INSERT INTO Write (AuthorID, PaperID) VALUES (135, 1199);
INSERT INTO Write (AuthorID, PaperID) VALUES (135, 1824);
INSERT INTO Write (AuthorID, PaperID) VALUES (135, 2265);
INSERT INTO Write (AuthorID, PaperID) VALUES (135, 2302);
INSERT INTO Write (AuthorID, PaperID) VALUES (135, 2792);
INSERT INTO Write (AuthorID, PaperID) VALUES (135, 2930);
INSERT INTO Write (AuthorID, PaperID) VALUES (135, 3026);
INSERT INTO Write (AuthorID, PaperID) VALUES (135, 3078);
INSERT INTO Write (AuthorID, PaperID) VALUES (135, 3400);
INSERT INTO Write (AuthorID, PaperID) VALUES (135, 3466);
INSERT INTO Author (AuthorID, Name) VALUES (136, 'Enrique Amig&oacute;');
INSERT INTO Write (AuthorID, PaperID) VALUES (136, 299);
INSERT INTO Write (AuthorID, PaperID) VALUES (136, 505);
INSERT INTO Write (AuthorID, PaperID) VALUES (136, 780);
INSERT INTO Write (AuthorID, PaperID) VALUES (136, 1081);
INSERT INTO Write (AuthorID, PaperID) VALUES (136, 1518);
INSERT INTO Write (AuthorID, PaperID) VALUES (136, 1754);
INSERT INTO Write (AuthorID, PaperID) VALUES (136, 2360);
INSERT INTO Write (AuthorID, PaperID) VALUES (136, 2648);
INSERT INTO Write (AuthorID, PaperID) VALUES (136, 2931);
INSERT INTO Write (AuthorID, PaperID) VALUES (136, 3039);
INSERT INTO Write (AuthorID, PaperID) VALUES (136, 3096);
INSERT INTO Paper (PaperID, Title, Year, MDate, Key, DOI) VALUES (3121, 'Using an Emotion-based Model and Sentiment Analysis Techniques to Classify Polarity for Reputation.', 2012, '2014-09-24', 'conf/clef/Carrillo-de-AlbornozCA12', 'http://www.clef-initiative.eu/documents/71612/03d1f88a-14cb-43c0-9bc3-3a2094265994');
INSERT INTO Write (AuthorID, PaperID) VALUES (136, 3121);
INSERT INTO Write (AuthorID, PaperID) VALUES (136, 3244);
INSERT INTO Author (AuthorID, Name) VALUES (137, 'Alexander F. Gelbukh');
INSERT INTO Paper (PaperID, Title, Year, MDate, Key, DOI) VALUES (25, 'An Automatic System for Modality and Negation Detection.', 2012, '2014-09-24', 'conf/clef/PakrayBBBG12', 'http://www.clef-initiative.eu/documents/71612/a2e97aa6-4f75-4595-9a7a-da487053436c');
INSERT INTO Write (AuthorID, PaperID) VALUES (137, 25);
INSERT INTO Paper (PaperID, Title, Year, MDate, Key, DOI) VALUES (125, 'Multiple Choice Question (MCQ) Answering for Machine Reading Evaluation.', 2013, '2014-09-10', 'conf/clef/BhaskarBPBBG13', 'http://ceur-ws.org/Vol-1179/CLEF2013wn-QA4MRE-BhaskarEt2013b.pdf');
INSERT INTO Write (AuthorID, PaperID) VALUES (137, 125);
INSERT INTO Write (AuthorID, PaperID) VALUES (137, 878);
INSERT INTO Paper (PaperID, Title, Year, MDate, Key, DOI) VALUES (941, 'Question Answering System for QA4MRE@CLEF 2012.', 2012, '2014-09-24', 'conf/clef/BhaskarPBBBG12', 'http://www.clef-initiative.eu/documents/71612/d1bc614c-b465-4fbf-9e65-1b193dacd3ce');
INSERT INTO Write (AuthorID, PaperID) VALUES (137, 941);
INSERT INTO Write (AuthorID, PaperID) VALUES (137, 1039);
INSERT INTO Paper (PaperID, Title, Year, MDate, Key, DOI) VALUES (2150, 'JU_CSE_TE: System Description QA@CLEF 2010 - ResPubliQA.', 2010, '2018-03-14', 'conf/clef/PakrayBPDBG10', 'http://www.clef-initiative.eu/documents/71612/86374/CLEF2010wn-MLQA10-PakrayEt2010.pdf');
INSERT INTO Write (AuthorID, PaperID) VALUES (137, 2150);
INSERT INTO Paper (PaperID, Title, Year, MDate, Key, DOI) VALUES (2227, 'Multiple Choice Question (MCQ) Answering System for Entrance Examination.', 2013, '2014-09-10', 'conf/clef/BanerjeeBPBG13', 'http://ceur-ws.org/Vol-1179/CLEF2013wn-QA4MRE-BanerjeeEt2013.pdf');
INSERT INTO Write (AuthorID, PaperID) VALUES (137, 2227);
INSERT INTO Write (AuthorID, PaperID) VALUES (137, 2303);
INSERT INTO Write (AuthorID, PaperID) VALUES (137, 2553);
INSERT INTO Write (AuthorID, PaperID) VALUES (137, 3217);
INSERT INTO Paper (PaperID, Title, Year, MDate, Key, DOI) VALUES (3379, 'A Hybrid Question Answering System based on Information Retrieval and Answer Validation.', 2011, '2014-09-24', 'conf/clef/PakrayBBPBG11', 'http://www.clef-initiative.eu/documents/71612/86377/CLEF2011wn-QA4MRE-PakrayEt2011.pdf');
INSERT INTO Write (AuthorID, PaperID) VALUES (137, 3379);
INSERT INTO Write (AuthorID, PaperID) VALUES (137, 3469);
INSERT INTO Write (AuthorID, PaperID) VALUES (137, 3497);
INSERT INTO Author (AuthorID, Name) VALUES (138, 'Jo&atilde;o R. M. Palotti');
INSERT INTO Write (AuthorID, PaperID) VALUES (138, 531);
INSERT INTO Paper (PaperID, Title, Year, MDate, Key, DOI) VALUES (618, 'Exploring Understandability Features to Personalize Consumer Health Search. TUW at CLEF 2017 eHealth.', 2017, '2017-08-15', 'conf/clef/PalottiR17', 'http://ceur-ws.org/Vol-1866/paper_114.pdf');
INSERT INTO Write (AuthorID, PaperID) VALUES (138, 618);
INSERT INTO Write (AuthorID, PaperID) VALUES (138, 685);
INSERT INTO Write (AuthorID, PaperID) VALUES (138, 822);
INSERT INTO Write (AuthorID, PaperID) VALUES (138, 910);
INSERT INTO Write (AuthorID, PaperID) VALUES (138, 1586);
INSERT INTO Write (AuthorID, PaperID) VALUES (138, 1774);
INSERT INTO Write (AuthorID, PaperID) VALUES (138, 2059);
INSERT INTO Paper (PaperID, Title, Year, MDate, Key, DOI) VALUES (2267, 'Leveraging Wikipedia''s Article Structure to Build Search Agents: TUW at CLEF 2017 Dynamic Search.', 2017, '2018-10-24', 'conf/clef/Palotti17', 'http://ceur-ws.org/Vol-1866/paper_201.pdf');
INSERT INTO Write (AuthorID, PaperID) VALUES (138, 2267);
INSERT INTO Write (AuthorID, PaperID) VALUES (138, 2398);
INSERT INTO Write (AuthorID, PaperID) VALUES (138, 2524);
INSERT INTO Write (AuthorID, PaperID) VALUES (138, 2735);
INSERT INTO Write (AuthorID, PaperID) VALUES (138, 2997);
INSERT INTO Author (AuthorID, Name) VALUES (139, '&Eacute;ric Gaussier');
INSERT INTO Write (AuthorID, PaperID) VALUES (139, 241);
INSERT INTO Paper (PaperID, Title, Year, MDate, Key, DOI) VALUES (440, 'Batch Document Filtering Using Nearest Neighbor Algorithm.', 2009, '2014-09-29', 'conf/clef/QamarGD09a', 'http://ceur-ws.org/Vol-1175/CLEF2009wn-INFILE-QamarEt2009.pdf');
INSERT INTO Write (AuthorID, PaperID) VALUES (139, 440);
INSERT INTO Write (AuthorID, PaperID) VALUES (139, 497);
INSERT INTO Write (AuthorID, PaperID) VALUES (139, 734);
INSERT INTO Paper (PaperID, Title, Year, MDate, Key, DOI) VALUES (749, 'Results of the First BioASQ Workshop.', 2013, '2014-08-15', 'conf/clef/PartalasGN13', 'http://ceur-ws.org/Vol-1094/bioasq2013_overview.pdf');
INSERT INTO Write (AuthorID, PaperID) VALUES (139, 749);
INSERT INTO Write (AuthorID, PaperID) VALUES (139, 1221);
INSERT INTO Paper (PaperID, Title, Year, MDate, Key, DOI) VALUES (1755, 'Batch Document Filtering Using Nearest Neighbor Algorithm.', 2009, '2017-05-24', 'conf/clef/QamarGD09', 'https://doi.org/10.1007/978-3-642-15754-7_42');
INSERT INTO Write (AuthorID, PaperID) VALUES (139, 1755);
INSERT INTO Write (AuthorID, PaperID) VALUES (139, 2283);
INSERT INTO Paper (PaperID, Title, Year, MDate, Key, DOI) VALUES (2742, 'Working Notes for the InFile Campaign : Online Document Filtering Using 1 Nearest Neighbor.', 2008, '2014-09-29', 'conf/clef/GaussierQB08', 'http://ceur-ws.org/Vol-1174/CLEF2008wn-INFILE-GaussierEt2008.pdf');
INSERT INTO Write (AuthorID, PaperID) VALUES (139, 2742);
INSERT INTO Write (AuthorID, PaperID) VALUES (139, 2814);
INSERT INTO Paper (PaperID, Title, Year, MDate, Key, DOI) VALUES (2922, 'Online Document Filtering Using Adaptive k-NN.', 2008, '2017-05-24', 'conf/clef/BodinierQG08', 'https://doi.org/10.1007/978-3-642-04447-2_126');
INSERT INTO Write (AuthorID, PaperID) VALUES (139, 2922);
INSERT INTO Write (AuthorID, PaperID) VALUES (139, 3450);
INSERT INTO Write (AuthorID, PaperID) VALUES (139, 3514);
INSERT INTO Author (AuthorID, Name) VALUES (140, 'Mauricio Villegas');
INSERT INTO Write (AuthorID, PaperID) VALUES (140, 33);
INSERT INTO Paper (PaperID, Title, Year, MDate, Key, DOI) VALUES (82, 'Overview of the ImageCLEF 2016 Handwritten Scanned Document Retrieval Task.', 2016, '2017-11-11', 'conf/clef/VillegasPTSV16', 'http://ceur-ws.org/Vol-1609/16090233.pdf');
INSERT INTO Write (AuthorID, PaperID) VALUES (140, 82);
INSERT INTO Write (AuthorID, PaperID) VALUES (140, 383);
INSERT INTO Write (AuthorID, PaperID) VALUES (140, 537);
INSERT INTO Write (AuthorID, PaperID) VALUES (140, 870);
INSERT INTO Paper (PaperID, Title, Year, MDate, Key, DOI) VALUES (948, 'Overview of the ImageCLEF 2015 Scalable Image Annotation, Localization and Sentence Generation task.', 2015, '2019-01-17', 'conf/clef/GilbertPWYDGVM15', 'http://ceur-ws.org/Vol-1391/inv-pap6-CR.pdf');
INSERT INTO Write (AuthorID, PaperID) VALUES (140, 948);
INSERT INTO Write (AuthorID, PaperID) VALUES (140, 1068);
INSERT INTO Paper (PaperID, Title, Year, MDate, Key, DOI) VALUES (1581, 'Overview of the ImageCLEF 2012 Scalable Web Image Annotation Task.', 2012, '2014-09-24', 'conf/clef/VillegasP12', 'http://www.clef-initiative.eu/documents/71612/b0b250e9-ccb5-42d0-8588-948c9c02e2ec');
INSERT INTO Write (AuthorID, PaperID) VALUES (140, 1581);
INSERT INTO Write (AuthorID, PaperID) VALUES (140, 2308);
INSERT INTO Paper (PaperID, Title, Year, MDate, Key, DOI) VALUES (2527, 'Relevant Clouds: Leveraging Relevance Feedback to Build Tag Clouds for Image Search.', 2013, '2017-05-24', 'conf/clef/LeivaVP13', 'https://doi.org/10.1007/978-3-642-40802-1_18');
INSERT INTO Write (AuthorID, PaperID) VALUES (140, 2527);
INSERT INTO Paper (PaperID, Title, Year, MDate, Key, DOI) VALUES (2658, 'Overview of the ImageCLEF 2014 Scalable Concept Image Annotation Task.', 2014, '2014-09-10', 'conf/clef/VillegasP14', 'http://ceur-ws.org/Vol-1180/CLEF2014wn-Image-VillegasEt2014.pdf');
INSERT INTO Write (AuthorID, PaperID) VALUES (140, 2658);
INSERT INTO Paper (PaperID, Title, Year, MDate, Key, DOI) VALUES (3402, 'Overview of the ImageCLEF 2013 Scalable Concept Image Annotation Subtask.', 2013, '2014-09-10', 'conf/clef/VillegasPT13', 'http://ceur-ws.org/Vol-1179/CLEF2013wn-ImageCLEF-VillegasEt2013.pdf');
INSERT INTO Write (AuthorID, PaperID) VALUES (140, 3402);
INSERT INTO Paper (PaperID, Title, Year, MDate, Key, DOI) VALUES (3423, 'Overview of the ImageCLEF 2016 Scalable Concept Image Annotation Task.', 2016, '2019-01-17', 'conf/clef/GilbertPWYRDGVM16', 'http://ceur-ws.org/Vol-1609/16090254.pdf');
INSERT INTO Write (AuthorID, PaperID) VALUES (140, 3423);
INSERT INTO Author (AuthorID, Name) VALUES (141, 'Sivaji Bandyopadhyay');
INSERT INTO Write (AuthorID, PaperID) VALUES (141, 25);
INSERT INTO Write (AuthorID, PaperID) VALUES (141, 125);
INSERT INTO Paper (PaperID, Title, Year, MDate, Key, DOI) VALUES (411, 'Tweet Contextualization (Answering Tweet Question) - the Role of Multi-document Summarization.', 2013, '2014-09-10', 'conf/clef/BhaskarBB13', 'http://ceur-ws.org/Vol-1179/CLEF2013wn-INEX-BhaskarEt2013.pdf');
INSERT INTO Write (AuthorID, PaperID) VALUES (141, 411);
INSERT INTO Paper (PaperID, Title, Year, MDate, Key, DOI) VALUES (555, 'Automatic Author Profiling Based on Linguistic and Stylistic Features Notebook for PAN at CLEF 2013.', 2013, '2018-03-14', 'conf/clef/PatraBDSB13', 'http://ceur-ws.org/Vol-1179/CLEF2013wn-PAN-PatraEt2013.pdf');
INSERT INTO Write (AuthorID, PaperID) VALUES (141, 555);
INSERT INTO Write (AuthorID, PaperID) VALUES (141, 941);
INSERT INTO Paper (PaperID, Title, Year, MDate, Key, DOI) VALUES (1834, 'Language Independent Query Focused Snippet Generation.', 2012, '2017-05-24', 'conf/clef/BhaskarB12', 'https://doi.org/10.1007/978-3-642-33247-0_16');
INSERT INTO Write (AuthorID, PaperID) VALUES (141, 1834);
INSERT INTO Write (AuthorID, PaperID) VALUES (141, 2150);
INSERT INTO Write (AuthorID, PaperID) VALUES (141, 2227);
INSERT INTO Paper (PaperID, Title, Year, MDate, Key, DOI) VALUES (2484, 'Bengali, Hindi and Telugu to English Ad-Hoc Bilingual Task at CLEF 2007.', 2007, '2017-05-24', 'conf/clef/BandyopadhyayMNEHG07', 'https://doi.org/10.1007/978-3-540-85760-0_11');
INSERT INTO Write (AuthorID, PaperID) VALUES (141, 2484);
INSERT INTO Paper (PaperID, Title, Year, MDate, Key, DOI) VALUES (2666, 'Rule Based Plagiarism Detection using Information Retrieval - Notebook for PAN at CLEF 2011.', 2011, '2014-09-24', 'conf/clef/GhoshBPB11', 'http://www.clef-initiative.eu/documents/71612/86377/CLEF2011wn-PAN-GhoshEt2011.pdf');
INSERT INTO Write (AuthorID, PaperID) VALUES (141, 2666);
INSERT INTO Paper (PaperID, Title, Year, MDate, Key, DOI) VALUES (3311, 'A Hybrid Tweet Contextualization System using IR and Summarization.', 2012, '2014-09-24', 'conf/clef/BhaskarBB12', 'http://www.clef-initiative.eu/documents/71612/54d904de-a4b7-4107-9e99-44b315725e5c');
INSERT INTO Write (AuthorID, PaperID) VALUES (141, 3311);
INSERT INTO Write (AuthorID, PaperID) VALUES (141, 3379);
INSERT INTO Paper (PaperID, Title, Year, MDate, Key, DOI) VALUES (3428, 'Bengali, Hindi and Telugu to English Ad-hoc Bilingual Task at CLEF 2007.', 2007, '2014-09-23', 'conf/clef/BandyopadhyayMNEHG07a', 'http://ceur-ws.org/Vol-1173/CLEF2007wn-adhoc-BandyopadhyayEt2007.pdf');
INSERT INTO Write (AuthorID, PaperID) VALUES (141, 3428);
INSERT INTO Author (AuthorID, Name) VALUES (142, 'Gabriela Csurka');
INSERT INTO Write (AuthorID, PaperID) VALUES (142, 137);
INSERT INTO Paper (PaperID, Title, Year, MDate, Key, DOI) VALUES (488, 'XRCE''s Participation at Medical Image Modality Classification and Ad-hoc Retrieval Tasks of Image CLEF2011.', 2011, '2014-09-24', 'conf/clef/CsurkaCJ11', 'http://www.clef-initiative.eu/documents/71612/86377/CLEF2011wn-ImageCLEF-CsurkaEt2011.pdf');
INSERT INTO Write (AuthorID, PaperID) VALUES (142, 488);
INSERT INTO Write (AuthorID, PaperID) VALUES (142, 818);
INSERT INTO Write (AuthorID, PaperID) VALUES (142, 1052);
INSERT INTO Paper (PaperID, Title, Year, MDate, Key, DOI) VALUES (1087, 'Assembling Heterogeneous Domain Adaptation Methods for Image Classification.', 2014, '2014-09-10', 'conf/clef/ChidlovskiiCG14', 'http://ceur-ws.org/Vol-1180/CLEF2014wn-Image-ChidlovskiiEt2014.pdf');
INSERT INTO Write (AuthorID, PaperID) VALUES (142, 1087);
INSERT INTO Write (AuthorID, PaperID) VALUES (142, 1213);
INSERT INTO Paper (PaperID, Title, Year, MDate, Key, DOI) VALUES (1253, 'Comparison of Several Combinations of Multimodal and Diversity Seeking Methods for Multimedia Retrieval.', 2009, '2017-05-24', 'conf/clef/Ah-PineCC09', 'https://doi.org/10.1007/978-3-642-15751-6_13');
INSERT INTO Write (AuthorID, PaperID) VALUES (142, 1253);
INSERT INTO Write (AuthorID, PaperID) VALUES (142, 1784);
INSERT INTO Paper (PaperID, Title, Year, MDate, Key, DOI) VALUES (2424, 'XRCE''s Participation in Wikipedia Retrieval, Medical Image Modality Classification and Ad-hoc Retrieval Tasks of ImageCLEF 2010.', 2010, '2014-09-24', 'conf/clef/ClinchantCAJPSM10', 'http://www.clef-initiative.eu/documents/71612/86374/CLEF2010wn-ImageCLEF-ClinchantEt2010.pdf');
INSERT INTO Write (AuthorID, PaperID) VALUES (142, 2424);
INSERT INTO Paper (PaperID, Title, Year, MDate, Key, DOI) VALUES (2575, 'Evaluating Stacked Marginalised Denoising Autoencoders Within Domain Adaptation Methods.', 2015, '2017-05-24', 'conf/clef/ChidlovskiiCC15', 'https://doi.org/10.1007/978-3-319-24027-5_2');
INSERT INTO Write (AuthorID, PaperID) VALUES (142, 2575);
INSERT INTO Write (AuthorID, PaperID) VALUES (142, 3030);
INSERT INTO Paper (PaperID, Title, Year, MDate, Key, DOI) VALUES (3063, 'LEAR and XRCE''s Participation to Visual Concept Detection Task - ImageCLEF 2010.', 2010, '2014-09-24', 'conf/clef/MensinkCPSV10', 'http://www.clef-initiative.eu/documents/71612/86374/CLEF2010wn-ImageCLEF-MensinkEt2010.pdf');
INSERT INTO Write (AuthorID, PaperID) VALUES (142, 3063);
INSERT INTO Paper (PaperID, Title, Year, MDate, Key, DOI) VALUES (3221, 'XRCE''s Participation in ImageCLEF 2009.', 2009, '2014-09-29', 'conf/clef/Ah-PineCCL09', 'http://ceur-ws.org/Vol-1175/CLEF2009wn-ImageCLEF-AhPineEt2009.pdf');
INSERT INTO Write (AuthorID, PaperID) VALUES (142, 3221);
INSERT INTO Author (AuthorID, Name) VALUES (143, 'Leif Azzopardi');
INSERT INTO Paper (PaperID, Title, Year, MDate, Key, DOI) VALUES (439, 'CLEF 2018 Technologically Assisted Reviews in Empirical Medicine Overview.', 2018, '2018-08-08', 'conf/clef/KanoulasLAS18', 'http://ceur-ws.org/Vol-2125/invited_paper_6.pdf');
INSERT INTO Write (AuthorID, PaperID) VALUES (143, 439);
INSERT INTO Write (AuthorID, PaperID) VALUES (143, 531);
INSERT INTO Paper (PaperID, Title, Year, MDate, Key, DOI) VALUES (768, 'CLEF 2017 Dynamic Search Evaluation Lab Overview.', 2017, '2017-08-31', 'conf/clef/KanoulasA17a', 'https://doi.org/10.1007/978-3-319-65813-1_31');
INSERT INTO Write (AuthorID, PaperID) VALUES (143, 768);
INSERT INTO Paper (PaperID, Title, Year, MDate, Key, DOI) VALUES (1360, 'CLEF 2017 Dynamic Search Lab Overview And Evaluation.', 2017, '2017-08-15', 'conf/clef/KanoulasA17', 'http://ceur-ws.org/Vol-1866/invited_paper_13.pdf');
INSERT INTO Write (AuthorID, PaperID) VALUES (143, 1360);
INSERT INTO Write (AuthorID, PaperID) VALUES (143, 1466);
INSERT INTO Paper (PaperID, Title, Year, MDate, Key, DOI) VALUES (1743, 'SiS at CLEF 2017 eHealth TAR Task.', 2017, '2017-08-15', 'conf/clef/AzzopardiKG17', 'http://ceur-ws.org/Vol-1866/paper_124.pdf');
INSERT INTO Write (AuthorID, PaperID) VALUES (143, 1743);
INSERT INTO Paper (PaperID, Title, Year, MDate, Key, DOI) VALUES (2014, 'Exploring Behavioral Dimensions in Session Effectiveness.', 2015, '2017-06-02', 'conf/clef/PaakkonenJKKBMA15', 'https://doi.org/10.1007/978-3-319-24027-5_15');
INSERT INTO Write (AuthorID, PaperID) VALUES (143, 2014);
INSERT INTO Paper (PaperID, Title, Year, MDate, Key, DOI) VALUES (2216, 'Towards a Living Lab for Information Retrieval Research and Development - A Proposal for a Living Lab for Product Search Tasks.', 2011, '2017-06-02', 'conf/clef/AzzopardiB11', 'https://doi.org/10.1007/978-3-642-23708-9_5');
INSERT INTO Write (AuthorID, PaperID) VALUES (143, 2216);
INSERT INTO Write (AuthorID, PaperID) VALUES (143, 2490);
INSERT INTO Paper (PaperID, Title, Year, MDate, Key, DOI) VALUES (2550, 'Automatically Generating Queries for Prior Art Search.', 2009, '2014-09-29', 'conf/clef/GrafAR09a', 'http://ceur-ws.org/Vol-1175/CLEF2009wn-CLEFIP-GrafEt2009.pdf');
INSERT INTO Write (AuthorID, PaperID) VALUES (143, 2550);
INSERT INTO Paper (PaperID, Title, Year, MDate, Key, DOI) VALUES (2944, 'Overview of the CLEF Dynamic Search Evaluation Lab 2018.', 2018, '2018-08-20', 'conf/clef/KanoulasAY18', 'https://doi.org/10.1007/978-3-319-98932-7_31');
INSERT INTO Write (AuthorID, PaperID) VALUES (143, 2944);
INSERT INTO Paper (PaperID, Title, Year, MDate, Key, DOI) VALUES (3338, 'Automatically Generating Queries for Prior Art Search.', 2009, '2017-05-24', 'conf/clef/GrafAR09', 'https://doi.org/10.1007/978-3-642-15754-7_58');
INSERT INTO Write (AuthorID, PaperID) VALUES (143, 3338);
INSERT INTO Paper (PaperID, Title, Year, MDate, Key, DOI) VALUES (3468, 'CLEF 2017 Technologically Assisted Reviews in Empirical Medicine Overview.', 2017, '2017-08-15', 'conf/clef/KanoulasLAS17', 'http://ceur-ws.org/Vol-1866/invited_paper_12.pdf');
INSERT INTO Write (AuthorID, PaperID) VALUES (143, 3468);
INSERT INTO Author (AuthorID, Name) VALUES (144, 'Roman Kern');
INSERT INTO Paper (PaperID, Title, Year, MDate, Key, DOI) VALUES (222, 'KNOW At The Social Book Search Lab 2016 Suggestion Track.', 2016, '2016-08-11', 'conf/clef/ZiakK16', 'http://ceur-ws.org/Vol-1609/16091183.pdf');
INSERT INTO Write (AuthorID, PaperID) VALUES (144, 222);
INSERT INTO Paper (PaperID, Title, Year, MDate, Key, DOI) VALUES (520, 'Profiling Microblog Authors using Concreteness and Sentiment - Know-Center at PAN 2016 Author Profiling.', 2016, '2016-08-11', 'conf/clef/PimasRKK16', 'http://ceur-ws.org/Vol-1609/16090978.pdf');
INSERT INTO Write (AuthorID, PaperID) VALUES (144, 520);
INSERT INTO Paper (PaperID, Title, Year, MDate, Key, DOI) VALUES (580, 'Evaluation of Pseudo Relevance Feedback Techniques for Cross Vertical Aggregated Search.', 2015, '2017-05-24', 'conf/clef/ZiakK15', 'https://doi.org/10.1007/978-3-319-24027-5_8');
INSERT INTO Write (AuthorID, PaperID) VALUES (144, 580);
INSERT INTO Paper (PaperID, Title, Year, MDate, Key, DOI) VALUES (747, 'Grammar Checker Features for Author Identification and Author Profiling Notebook for PAN at CLEF 2013.', 2013, '2014-09-10', 'conf/clef/Kern13', 'http://ceur-ws.org/Vol-1179/CLEF2013wn-PAN-Kern2013.pdf');
INSERT INTO Write (AuthorID, PaperID) VALUES (144, 747);
INSERT INTO Paper (PaperID, Title, Year, MDate, Key, DOI) VALUES (1268, 'Crosslanguage Retrieval Based on Wikipedia Statistics.', 2008, '2017-05-24', 'conf/clef/JuffingerKG08', 'https://doi.org/10.1007/978-3-642-04447-2_19');
INSERT INTO Write (AuthorID, PaperID) VALUES (144, 1268);
INSERT INTO Paper (PaperID, Title, Year, MDate, Key, DOI) VALUES (1668, 'Vote/Veto Meta-Classifier for Authorship Identification - Notebook for PAN at CLEF 2011.', 2011, '2014-09-24', 'conf/clef/KernSZG11', 'http://www.clef-initiative.eu/documents/71612/86377/CLEF2011wn-PAN-KernEt2011.pdf');
INSERT INTO Write (AuthorID, PaperID) VALUES (144, 1668);
INSERT INTO Paper (PaperID, Title, Year, MDate, Key, DOI) VALUES (2027, 'Evaluation of Axiomatic Approaches to Crosslanguage Retrieval.', 2009, '2017-05-24', 'conf/clef/KernJG09', 'https://doi.org/10.1007/978-3-642-15754-7_17');
INSERT INTO Write (AuthorID, PaperID) VALUES (144, 2027);
INSERT INTO Paper (PaperID, Title, Year, MDate, Key, DOI) VALUES (2366, 'KNOW At The Social Book Search Lab 2016 Mining Track.', 2016, '2016-08-11', 'conf/clef/ZiakRK16', 'http://ceur-ws.org/Vol-1609/16091190.pdf');
INSERT INTO Write (AuthorID, PaperID) VALUES (144, 2366);
INSERT INTO Paper (PaperID, Title, Year, MDate, Key, DOI) VALUES (3021, 'External and Intrinsic Plagiarism Detection Using a Cross-Lingual Retrieval and Segmentation System - Lab Report for PAN at CLEF 2010.', 2010, '2014-09-24', 'conf/clef/MuhrKZG10', 'http://www.clef-initiative.eu/documents/71612/86374/CLEF2010wn-PAN-MuhrEt2010.pdf');
INSERT INTO Write (AuthorID, PaperID) VALUES (144, 3021);
INSERT INTO Paper (PaperID, Title, Year, MDate, Key, DOI) VALUES (3224, 'Exploiting Cooccurrence on Corpus and Document Level for Fair Crosslanguage Retrieval.', 2008, '2014-09-29', 'conf/clef/JuffingerKG08a', 'http://ceur-ws.org/Vol-1174/CLEF2008wn-adhoc-JuffingerEt2008.pdf');
INSERT INTO Write (AuthorID, PaperID) VALUES (144, 3224);
INSERT INTO Paper (PaperID, Title, Year, MDate, Key, DOI) VALUES (3353, 'Know-Center at PAN 2015 Author Identification: Notebook for PAN at CLEF 2015.', 2015, '2015-09-03', 'conf/clef/PimasKK15', 'http://ceur-ws.org/Vol-1391/101-CR.pdf');
INSERT INTO Write (AuthorID, PaperID) VALUES (144, 3353);
INSERT INTO Paper (PaperID, Title, Year, MDate, Key, DOI) VALUES (3371, 'Vote/Veto Classification, Ensemble Clustering and Sequence Classification for Author Identification.', 2012, '2014-09-24', 'conf/clef/KernKZ12', 'http://www.clef-initiative.eu/documents/71612/1c91a237-e353-4b5d-8ffa-e062bfee4bda');
INSERT INTO Write (AuthorID, PaperID) VALUES (144, 3371);
INSERT INTO Paper (PaperID, Title, Year, MDate, Key, DOI) VALUES (3478, 'Application of Axiomatic Approaches to Crosslanguage Retrieval.', 2009, '2014-09-29', 'conf/clef/KernJG09a', 'http://ceur-ws.org/Vol-1175/CLEF2009wn-adhoc-KernEt2009.pdf');
INSERT INTO Write (AuthorID, PaperID) VALUES (144, 3478);
INSERT INTO Author (AuthorID, Name) VALUES (145, 'St&eacute;phane Clinchant');
INSERT INTO Write (AuthorID, PaperID) VALUES (145, 310);
INSERT INTO Write (AuthorID, PaperID) VALUES (145, 488);
INSERT INTO Write (AuthorID, PaperID) VALUES (145, 1052);
INSERT INTO Write (AuthorID, PaperID) VALUES (145, 1213);
INSERT INTO Write (AuthorID, PaperID) VALUES (145, 1253);
INSERT INTO Write (AuthorID, PaperID) VALUES (145, 1784);
INSERT INTO Write (AuthorID, PaperID) VALUES (145, 2168);
INSERT INTO Write (AuthorID, PaperID) VALUES (145, 2321);
INSERT INTO Write (AuthorID, PaperID) VALUES (145, 2424);
INSERT INTO Write (AuthorID, PaperID) VALUES (145, 2575);
INSERT INTO Write (AuthorID, PaperID) VALUES (145, 3030);
INSERT INTO Write (AuthorID, PaperID) VALUES (145, 3058);
INSERT INTO Write (AuthorID, PaperID) VALUES (145, 3221);
INSERT INTO Author (AuthorID, Name) VALUES (146, 'Thomas Wilhelm');
INSERT INTO Write (AuthorID, PaperID) VALUES (146, 204);
INSERT INTO Write (AuthorID, PaperID) VALUES (146, 536);
INSERT INTO Write (AuthorID, PaperID) VALUES (146, 806);
INSERT INTO Write (AuthorID, PaperID) VALUES (146, 974);
INSERT INTO Write (AuthorID, PaperID) VALUES (146, 1143);
INSERT INTO Write (AuthorID, PaperID) VALUES (146, 1626);
INSERT INTO Write (AuthorID, PaperID) VALUES (146, 1689);
INSERT INTO Write (AuthorID, PaperID) VALUES (146, 1792);
INSERT INTO Write (AuthorID, PaperID) VALUES (146, 2127);
INSERT INTO Write (AuthorID, PaperID) VALUES (146, 2655);
INSERT INTO Write (AuthorID, PaperID) VALUES (146, 2835);
INSERT INTO Write (AuthorID, PaperID) VALUES (146, 2876);
INSERT INTO Write (AuthorID, PaperID) VALUES (146, 2994);
INSERT INTO Author (AuthorID, Name) VALUES (147, 'Sergio Navarro');
INSERT INTO Write (AuthorID, PaperID) VALUES (147, 49);
INSERT INTO Write (AuthorID, PaperID) VALUES (147, 389);
INSERT INTO Write (AuthorID, PaperID) VALUES (147, 705);
INSERT INTO Write (AuthorID, PaperID) VALUES (147, 1368);
INSERT INTO Write (AuthorID, PaperID) VALUES (147, 1443);
INSERT INTO Write (AuthorID, PaperID) VALUES (147, 1591);
INSERT INTO Write (AuthorID, PaperID) VALUES (147, 2429);
INSERT INTO Write (AuthorID, PaperID) VALUES (147, 2794);
INSERT INTO Write (AuthorID, PaperID) VALUES (147, 3099);
INSERT INTO Write (AuthorID, PaperID) VALUES (147, 3110);
INSERT INTO Write (AuthorID, PaperID) VALUES (147, 3309);
INSERT INTO Write (AuthorID, PaperID) VALUES (147, 3476);
INSERT INTO Author (AuthorID, Name) VALUES (148, 'Antonio Ferr&aacute;ndez');
INSERT INTO Write (AuthorID, PaperID) VALUES (148, 122);
INSERT INTO Write (AuthorID, PaperID) VALUES (148, 151);
INSERT INTO Write (AuthorID, PaperID) VALUES (148, 171);
INSERT INTO Write (AuthorID, PaperID) VALUES (148, 391);
INSERT INTO Write (AuthorID, PaperID) VALUES (148, 755);
INSERT INTO Write (AuthorID, PaperID) VALUES (148, 1291);
INSERT INTO Paper (PaperID, Title, Year, MDate, Key, DOI) VALUES (1415, 'Using AliQAn in Monolingual QA@CLEF 2008.', 2008, '2017-05-24', 'conf/clef/RogerVFPGPP08', 'https://doi.org/10.1007/978-3-642-04447-2_38');
INSERT INTO Write (AuthorID, PaperID) VALUES (148, 1415);
INSERT INTO Write (AuthorID, PaperID) VALUES (148, 2192);
INSERT INTO Write (AuthorID, PaperID) VALUES (148, 2882);
INSERT INTO Write (AuthorID, PaperID) VALUES (148, 3161);
INSERT INTO Write (AuthorID, PaperID) VALUES (148, 3462);
INSERT INTO Paper (PaperID, Title, Year, MDate, Key, DOI) VALUES (3485, 'AliQAn, Spanish QA System at CLEF-2008.', 2008, '2014-09-29', 'conf/clef/0001VFPSPP08', 'http://ceur-ws.org/Vol-1174/CLEF2008wn-QACLEF-RogerEt2008.pdf');
INSERT INTO Write (AuthorID, PaperID) VALUES (148, 3485);
INSERT INTO Author (AuthorID, Name) VALUES (149, 'Luca Piras');
INSERT INTO Write (AuthorID, PaperID) VALUES (149, 33);
INSERT INTO Paper (PaperID, Title, Year, MDate, Key, DOI) VALUES (249, 'Overview of ImageCLEFlifelog 2018: Daily Living Understanding and Lifelog Moment Retrieval.', 2018, '2018-08-08', 'conf/clef/Dang-NguyenPRZL18', 'http://ceur-ws.org/Vol-2125/invited_paper_3.pdf');
INSERT INTO Write (AuthorID, PaperID) VALUES (149, 249);
INSERT INTO Write (AuthorID, PaperID) VALUES (149, 383);
INSERT INTO Write (AuthorID, PaperID) VALUES (149, 870);
INSERT INTO Paper (PaperID, Title, Year, MDate, Key, DOI) VALUES (920, 'Overview of ImageCLEFlifelog 2017: Lifelog Retrieval and Summarization.', 2017, '2017-08-15', 'conf/clef/Dang-NguyenPRBZ17', 'http://ceur-ws.org/Vol-1866/invited_paper_10.pdf');
INSERT INTO Write (AuthorID, PaperID) VALUES (149, 920);
INSERT INTO Write (AuthorID, PaperID) VALUES (149, 948);
INSERT INTO Paper (PaperID, Title, Year, MDate, Key, DOI) VALUES (1837, 'Organizer Team at ImageCLEFlifelog 2017: Baseline Approaches for Lifelog Retrieval and Summarization.', 2017, '2017-08-15', 'conf/clef/ZhouPRBDG17', 'http://ceur-ws.org/Vol-1866/paper_154.pdf');
INSERT INTO Write (AuthorID, PaperID) VALUES (149, 1837);
INSERT INTO Paper (PaperID, Title, Year, MDate, Key, DOI) VALUES (1968, 'Image Hunter at ImageCLEF 2012 Personal Photo Retrieval Task.', 2012, '2014-09-24', 'conf/clef/TronciPMG12', 'http://www.clef-initiative.eu/documents/71612/ec76f1a1-5b38-494c-8340-b999f60826d5');
INSERT INTO Write (AuthorID, PaperID) VALUES (149, 1968);
INSERT INTO Write (AuthorID, PaperID) VALUES (149, 2308);
INSERT INTO Paper (PaperID, Title, Year, MDate, Key, DOI) VALUES (2562, 'An Interactive Lifelog Retrieval System for Activities of Daily Living Understanding.', 2018, '2018-08-08', 'conf/clef/ZhouPRLDG18', 'http://ceur-ws.org/Vol-2125/paper_160.pdf');
INSERT INTO Write (AuthorID, PaperID) VALUES (149, 2562);
INSERT INTO Paper (PaperID, Title, Year, MDate, Key, DOI) VALUES (2600, 'The PRA and AmILAB at ImageCLEF 2012 Photo Flickr Annotation Task.', 2012, '2014-09-24', 'conf/clef/PirasTMG12', 'http://www.clef-initiative.eu/documents/71612/46a47c51-1cec-44b9-a7c7-d5b8cb71bc18');
INSERT INTO Write (AuthorID, PaperID) VALUES (149, 2600);
INSERT INTO Write (AuthorID, PaperID) VALUES (149, 3423);
INSERT INTO Author (AuthorID, Name) VALUES (150, 'Nicola Bertoldi');
INSERT INTO Write (AuthorID, PaperID) VALUES (150, 32);
INSERT INTO Write (AuthorID, PaperID) VALUES (150, 180);
INSERT INTO Write (AuthorID, PaperID) VALUES (150, 545);
INSERT INTO Write (AuthorID, PaperID) VALUES (150, 854);
INSERT INTO Write (AuthorID, PaperID) VALUES (150, 1103);
INSERT INTO Write (AuthorID, PaperID) VALUES (150, 1235);
INSERT INTO Write (AuthorID, PaperID) VALUES (150, 1479);
INSERT INTO Write (AuthorID, PaperID) VALUES (150, 1521);
INSERT INTO Write (AuthorID, PaperID) VALUES (150, 1550);
INSERT INTO Write (AuthorID, PaperID) VALUES (150, 1693);
INSERT INTO Write (AuthorID, PaperID) VALUES (150, 1706);
INSERT INTO Write (AuthorID, PaperID) VALUES (150, 2996);
INSERT INTO Author (AuthorID, Name) VALUES (151, 'Thomas Martin Deserno');
INSERT INTO Write (AuthorID, PaperID) VALUES (151, 437);
INSERT INTO Write (AuthorID, PaperID) VALUES (151, 461);
INSERT INTO Write (AuthorID, PaperID) VALUES (151, 669);
INSERT INTO Write (AuthorID, PaperID) VALUES (151, 923);
INSERT INTO Write (AuthorID, PaperID) VALUES (151, 1123);
INSERT INTO Write (AuthorID, PaperID) VALUES (151, 1517);
INSERT INTO Write (AuthorID, PaperID) VALUES (151, 2363);
INSERT INTO Write (AuthorID, PaperID) VALUES (151, 2590);
INSERT INTO Write (AuthorID, PaperID) VALUES (151, 3098);
INSERT INTO Write (AuthorID, PaperID) VALUES (151, 3128);
INSERT INTO Write (AuthorID, PaperID) VALUES (151, 3288);
INSERT INTO Write (AuthorID, PaperID) VALUES (151, 3434);
INSERT INTO Author (AuthorID, Name) VALUES (152, 'Aurelio L&oacute;pez-L&oacute;pez');
INSERT INTO Write (AuthorID, PaperID) VALUES (152, 116);
INSERT INTO Write (AuthorID, PaperID) VALUES (152, 187);
INSERT INTO Write (AuthorID, PaperID) VALUES (152, 550);
INSERT INTO Write (AuthorID, PaperID) VALUES (152, 647);
INSERT INTO Write (AuthorID, PaperID) VALUES (152, 2104);
INSERT INTO Write (AuthorID, PaperID) VALUES (152, 2317);
INSERT INTO Write (AuthorID, PaperID) VALUES (152, 2521);
INSERT INTO Write (AuthorID, PaperID) VALUES (152, 2640);
INSERT INTO Write (AuthorID, PaperID) VALUES (152, 2728);
INSERT INTO Write (AuthorID, PaperID) VALUES (152, 2759);
INSERT INTO Write (AuthorID, PaperID) VALUES (152, 2826);
INSERT INTO Write (AuthorID, PaperID) VALUES (152, 3122);
INSERT INTO Author (AuthorID, Name) VALUES (153, 'Wen-Cheng Lin');
INSERT INTO Write (AuthorID, PaperID) VALUES (153, 17);
INSERT INTO Write (AuthorID, PaperID) VALUES (153, 173);
INSERT INTO Write (AuthorID, PaperID) VALUES (153, 646);
INSERT INTO Write (AuthorID, PaperID) VALUES (153, 786);
INSERT INTO Write (AuthorID, PaperID) VALUES (153, 917);
INSERT INTO Write (AuthorID, PaperID) VALUES (153, 1134);
INSERT INTO Write (AuthorID, PaperID) VALUES (153, 1462);
INSERT INTO Write (AuthorID, PaperID) VALUES (153, 1464);
INSERT INTO Write (AuthorID, PaperID) VALUES (153, 2164);
INSERT INTO Write (AuthorID, PaperID) VALUES (153, 2353);
INSERT INTO Write (AuthorID, PaperID) VALUES (153, 3008);
INSERT INTO Write (AuthorID, PaperID) VALUES (153, 3523);
INSERT INTO Author (AuthorID, Name) VALUES (154, 'Djoerd Hiemstra');
INSERT INTO Paper (PaperID, Title, Year, MDate, Key, DOI) VALUES (169, 'WikiTranslate: Query Translation for Cross-lingual Information Retrieval using only Wikipedia.', 2008, '2014-10-01', 'conf/clef/NguyenOHTHJ08a', 'http://ceur-ws.org/Vol-1174/CLEF2008wn-adhoc-NguyenEt2008.pdf');
INSERT INTO Write (AuthorID, PaperID) VALUES (154, 169);
INSERT INTO Paper (PaperID, Title, Year, MDate, Key, DOI) VALUES (313, 'Cross-language Retrieval at Twente and TNO.', 2002, '2014-08-15', 'conf/clef/ReidsmaHJK02a', 'http://ceur-ws.org/Vol-1168/CLEF2002wn-adhoc-ReidsmaEt2002.pdf');
INSERT INTO Write (AuthorID, PaperID) VALUES (154, 313);
INSERT INTO Paper (PaperID, Title, Year, MDate, Key, DOI) VALUES (994, 'On the Evaluation of Snippet Selection for WebCLEF.', 2008, '2017-06-02', 'conf/clef/OverwijkNHTHJ08', 'https://doi.org/10.1007/978-3-642-04447-2_103');
INSERT INTO Write (AuthorID, PaperID) VALUES (154, 994);
INSERT INTO Paper (PaperID, Title, Year, MDate, Key, DOI) VALUES (1766, 'Translation Resources, Merging Strategies, and Relevance Feedback for Cross-Language Information Retrieval.', 2000, '2017-05-24', 'conf/clef/HiemstraKPW00', 'https://doi.org/10.1007/3-540-44645-1_10');
INSERT INTO Write (AuthorID, PaperID) VALUES (154, 1766);
INSERT INTO Paper (PaperID, Title, Year, MDate, Key, DOI) VALUES (1815, 'Twenty-One at CLEF-2000: Translation Resources, Merging Strategies and Relevance Feedback.', 2000, '2014-08-15', 'conf/clef/HiemstraKPW00a', 'http://ceur-ws.org/Vol-1166/CLEF2000wn-adhoc-HiemstraEt2000.pdf');
INSERT INTO Write (AuthorID, PaperID) VALUES (154, 1815);
INSERT INTO Paper (PaperID, Title, Year, MDate, Key, DOI) VALUES (2004, 'MapReduce for Information Retrieval Evaluation: "Let''s Quickly Test This on 12 TB of Data".', 2010, '2017-06-02', 'conf/clef/HiemstraH10', 'https://doi.org/10.1007/978-3-642-15998-5_8');
INSERT INTO Write (AuthorID, PaperID) VALUES (154, 2004);
INSERT INTO Paper (PaperID, Title, Year, MDate, Key, DOI) VALUES (2041, 'XML Information Retrieval from Spoken Word Archives.', 2006, '2017-06-15', 'conf/clef/AlyHOWJ06', 'https://doi.org/10.1007/978-3-540-74999-8_97');
INSERT INTO Write (AuthorID, PaperID) VALUES (154, 2041);
INSERT INTO Paper (PaperID, Title, Year, MDate, Key, DOI) VALUES (2186, 'Multilingual Retrieval in Twente.', 2003, '2014-08-15', 'conf/clef/JongRH03', 'http://ceur-ws.org/Vol-1169/CLEF2003wn-adhoc-deJongEt2003.pdf');
INSERT INTO Write (AuthorID, PaperID) VALUES (154, 2186);
INSERT INTO Paper (PaperID, Title, Year, MDate, Key, DOI) VALUES (2505, 'WikiTranslate: Query Translation for Cross-Lingual Information Retrieval Using Only Wikipedia.', 2008, '2017-06-02', 'conf/clef/NguyenOHTHJ08', 'https://doi.org/10.1007/978-3-642-04447-2_6');
INSERT INTO Write (AuthorID, PaperID) VALUES (154, 2505);
INSERT INTO Paper (PaperID, Title, Year, MDate, Key, DOI) VALUES (2605, 'On the Evaluation of Snippet Selection for Information Retrieval.', 2008, '2015-04-06', 'conf/clef/OverwijkNHTHJ08a', 'http://ceur-ws.org/Vol-1174/CLEF2008wn-WebCLEF-OverwijkEt2008.pdf');
INSERT INTO Write (AuthorID, PaperID) VALUES (154, 2605);
INSERT INTO Paper (PaperID, Title, Year, MDate, Key, DOI) VALUES (2913, 'Cross-Language Retrieval at the University of Twente and TNO.', 2002, '2017-05-24', 'conf/clef/ReidsmaHJK02', 'https://doi.org/10.1007/978-3-540-45237-9_16');
INSERT INTO Write (AuthorID, PaperID) VALUES (154, 2913);
INSERT INTO Paper (PaperID, Title, Year, MDate, Key, DOI) VALUES (3199, 'Speech Retrieval Experiments using XML Information Retrieval.', 2006, '2014-08-15', 'conf/clef/HiemstraOAWJ06', 'http://ceur-ws.org/Vol-1172/CLEF2006wn-CLSR-HiemstraEt2006.pdf');
INSERT INTO Write (AuthorID, PaperID) VALUES (154, 3199);
INSERT INTO Author (AuthorID, Name) VALUES (155, 'Andr&eacute;s Montoyo');
INSERT INTO Write (AuthorID, PaperID) VALUES (155, 548);
INSERT INTO Write (AuthorID, PaperID) VALUES (155, 682);
INSERT INTO Write (AuthorID, PaperID) VALUES (155, 788);
INSERT INTO Write (AuthorID, PaperID) VALUES (155, 873);
INSERT INTO Write (AuthorID, PaperID) VALUES (155, 1154);
INSERT INTO Write (AuthorID, PaperID) VALUES (155, 1199);
INSERT INTO Write (AuthorID, PaperID) VALUES (155, 2302);
INSERT INTO Write (AuthorID, PaperID) VALUES (155, 2641);
INSERT INTO Write (AuthorID, PaperID) VALUES (155, 2792);
INSERT INTO Write (AuthorID, PaperID) VALUES (155, 2930);
INSERT INTO Paper (PaperID, Title, Year, MDate, Key, DOI) VALUES (3359, 'University of Alicante at QA@CLEF2006: Answer Validation Exercise.', 2006, '2017-05-24', 'conf/clef/KozarevaVM06', 'https://doi.org/10.1007/978-3-540-74999-8_63');
INSERT INTO Write (AuthorID, PaperID) VALUES (155, 3359);
INSERT INTO Paper (PaperID, Title, Year, MDate, Key, DOI) VALUES (3444, 'Adaptation of a Machine-learning Textual Entailment System to a Multilingual Answer Validation Exercise.', 2006, '2014-08-15', 'conf/clef/KozarevaVM06a', 'http://ceur-ws.org/Vol-1172/CLEF2006wn-QACLEF-KozarevaEt2006.pdf');
INSERT INTO Write (AuthorID, PaperID) VALUES (155, 3444);
INSERT INTO Author (AuthorID, Name) VALUES (156, 'Manuel Palomar');
INSERT INTO Write (AuthorID, PaperID) VALUES (156, 254);
INSERT INTO Write (AuthorID, PaperID) VALUES (156, 1075);
INSERT INTO Write (AuthorID, PaperID) VALUES (156, 1824);
INSERT INTO Write (AuthorID, PaperID) VALUES (156, 2058);
INSERT INTO Write (AuthorID, PaperID) VALUES (156, 2112);
INSERT INTO Write (AuthorID, PaperID) VALUES (156, 2207);
INSERT INTO Write (AuthorID, PaperID) VALUES (156, 2265);
INSERT INTO Write (AuthorID, PaperID) VALUES (156, 2733);
INSERT INTO Write (AuthorID, PaperID) VALUES (156, 3026);
INSERT INTO Write (AuthorID, PaperID) VALUES (156, 3078);
INSERT INTO Write (AuthorID, PaperID) VALUES (156, 3328);
INSERT INTO Write (AuthorID, PaperID) VALUES (156, 3400);
INSERT INTO Author (AuthorID, Name) VALUES (157, 'B&aacute;lint Dar&oacute;czy');
INSERT INTO Write (AuthorID, PaperID) VALUES (157, 71);
INSERT INTO Write (AuthorID, PaperID) VALUES (157, 1001);
INSERT INTO Write (AuthorID, PaperID) VALUES (157, 1044);
INSERT INTO Write (AuthorID, PaperID) VALUES (157, 1054);
INSERT INTO Write (AuthorID, PaperID) VALUES (157, 1401);
INSERT INTO Write (AuthorID, PaperID) VALUES (157, 1475);
INSERT INTO Write (AuthorID, PaperID) VALUES (157, 1702);
INSERT INTO Write (AuthorID, PaperID) VALUES (157, 1746);
INSERT INTO Write (AuthorID, PaperID) VALUES (157, 2056);
INSERT INTO Write (AuthorID, PaperID) VALUES (157, 2235);
INSERT INTO Write (AuthorID, PaperID) VALUES (157, 2259);
INSERT INTO Paper (PaperID, Title, Year, MDate, Key, DOI) VALUES (3378, 'SZTAKI @ ImageCLEF 2008: Visual Concept Detection.', 2008, '2014-09-29', 'conf/clef/DaroczyFB08', 'http://ceur-ws.org/Vol-1174/CLEF2008wn-ImageCLEF-DaroczyEt2008.pdf');
INSERT INTO Write (AuthorID, PaperID) VALUES (157, 3378);
INSERT INTO Author (AuthorID, Name) VALUES (158, 'Rickard C&ouml;ster');
INSERT INTO Write (AuthorID, PaperID) VALUES (158, 203);
INSERT INTO Write (AuthorID, PaperID) VALUES (158, 251);
INSERT INTO Write (AuthorID, PaperID) VALUES (158, 632);
INSERT INTO Write (AuthorID, PaperID) VALUES (158, 796);
INSERT INTO Write (AuthorID, PaperID) VALUES (158, 1202);
INSERT INTO Write (AuthorID, PaperID) VALUES (158, 1830);
INSERT INTO Write (AuthorID, PaperID) VALUES (158, 1852);
INSERT INTO Write (AuthorID, PaperID) VALUES (158, 2016);
INSERT INTO Write (AuthorID, PaperID) VALUES (158, 2084);
INSERT INTO Write (AuthorID, PaperID) VALUES (158, 2161);
INSERT INTO Write (AuthorID, PaperID) VALUES (158, 2559);
INSERT INTO Write (AuthorID, PaperID) VALUES (158, 3094);
INSERT INTO Author (AuthorID, Name) VALUES (159, 'Lee Gillam');
INSERT INTO Paper (PaperID, Title, Year, MDate, Key, DOI) VALUES (588, 'Adapting for Subject-Specific Term Length using Topic Cost in Author Verification - Notebook for PAN at CLEF 2015.', 2015, '2015-09-03', 'conf/clef/VartapetianceG15', 'http://ceur-ws.org/Vol-1391/112-CR.pdf');
INSERT INTO Write (AuthorID, PaperID) VALUES (159, 588);
INSERT INTO Paper (PaperID, Title, Year, MDate, Key, DOI) VALUES (972, 'A High-performance Plagiarism Detection System - Notebook for PAN at CLEF 2011.', 2011, '2014-09-24', 'conf/clef/CookeGWCA11', 'http://www.clef-initiative.eu/documents/71612/86377/CLEF2011wn-PAN-CookeEt2011.pdf');
INSERT INTO Write (AuthorID, PaperID) VALUES (159, 972);
INSERT INTO Paper (PaperID, Title, Year, MDate, Key, DOI) VALUES (1561, 'Evaluating Robustness for ''IPCRESS'': Surrey''s Text Alignment for Plagiarism Detection.', 2014, '2014-09-10', 'conf/clef/GillamN14', 'http://ceur-ws.org/Vol-1180/CLEF2014wn-Pan-GillamEt2014.pdf');
INSERT INTO Write (AuthorID, PaperID) VALUES (159, 1561);
INSERT INTO Paper (PaperID, Title, Year, MDate, Key, DOI) VALUES (1655, 'Guess Again and See if They Line up: Surrey''s Runs at Plagiarism Detection Notebook for PAN at CLEF 2013.', 2013, '2014-09-10', 'conf/clef/Gillam13', 'http://ceur-ws.org/Vol-1179/CLEF2013wn-PAN-Gillam2013.pdf');
INSERT INTO Write (AuthorID, PaperID) VALUES (159, 1655);
INSERT INTO Paper (PaperID, Title, Year, MDate, Key, DOI) VALUES (1846, 'A Trinity of Trials: Surrey''s 2014 Attempts at Author Verification.', 2014, '2014-09-10', 'conf/clef/VartapetianceG14', 'http://ceur-ws.org/Vol-1180/CLEF2014wn-Pan-VartapetianceEt2014.pdf');
INSERT INTO Write (AuthorID, PaperID) VALUES (159, 1846);
INSERT INTO Paper (PaperID, Title, Year, MDate, Key, DOI) VALUES (2017, 'Educated Guesses and Equality Judgments: Using Search Engines and Pairwise Match for External Plagiarism Detection.', 2012, '2014-09-24', 'conf/clef/GillamNC12', 'http://www.clef-initiative.eu/documents/71612/8b81f8e7-e353-4e37-816a-708c63c1d690');
INSERT INTO Write (AuthorID, PaperID) VALUES (159, 2017);
INSERT INTO Paper (PaperID, Title, Year, MDate, Key, DOI) VALUES (2138, 'Readability for Author Profiling? Notebook for PAN at CLEF 2013.', 2013, '2014-09-10', 'conf/clef/Gillam13a', 'http://ceur-ws.org/Vol-1179/CLEF2013wn-PAN-Gillam2013b.pdf');
INSERT INTO Write (AuthorID, PaperID) VALUES (159, 2138);
INSERT INTO Paper (PaperID, Title, Year, MDate, Key, DOI) VALUES (2715, 'A Big Increase in Known Unknowns: from Author Verification to Author Clustering.', 2016, '2016-08-11', 'conf/clef/VartapetianceG16', 'http://ceur-ws.org/Vol-1609/16091008.pdf');
INSERT INTO Write (AuthorID, PaperID) VALUES (159, 2715);
INSERT INTO Paper (PaperID, Title, Year, MDate, Key, DOI) VALUES (2921, 'Scene of Crime Information System: Playing at St. Andrews.', 2003, '2017-05-24', 'conf/clef/VrusiasTG03', 'https://doi.org/10.1007/978-3-540-30222-3_60');
INSERT INTO Write (AuthorID, PaperID) VALUES (159, 2921);
INSERT INTO Paper (PaperID, Title, Year, MDate, Key, DOI) VALUES (2991, 'Scene of Crime Information System: Playing at St. Andrews.', 2003, '2014-08-15', 'conf/clef/VrusiasTG03a', 'http://ceur-ws.org/Vol-1169/CLEF2003wn-ImageCLEF-VrusiasEt2003.pdf');
INSERT INTO Write (AuthorID, PaperID) VALUES (159, 2991);
INSERT INTO Paper (PaperID, Title, Year, MDate, Key, DOI) VALUES (3143, 'Quite Simple Approaches for Authorship Attribution, Intrinsic Plagiarism Detection and Sexual Predator Identification.', 2012, '2014-09-24', 'conf/clef/SalmasiG12', 'http://www.clef-initiative.eu/documents/71612/e37d89c9-4db1-4118-afb9-a05c04b1d0e5');
INSERT INTO Write (AuthorID, PaperID) VALUES (159, 3143);
INSERT INTO Paper (PaperID, Title, Year, MDate, Key, DOI) VALUES (3281, 'A Textual Modus Operandi: Surrey''s Simple System for Author Identification Notebook for PAN at CLEF 2013.', 2013, '2014-09-10', 'conf/clef/VartapetianceG13', 'http://ceur-ws.org/Vol-1179/CLEF2013wn-PAN-VartapetianceEt2013.pdf');
INSERT INTO Write (AuthorID, PaperID) VALUES (159, 3281);
INSERT INTO Author (AuthorID, Name) VALUES (160, 'Sophie Rosset');
INSERT INTO Write (AuthorID, PaperID) VALUES (160, 65);
INSERT INTO Paper (PaperID, Title, Year, MDate, Key, DOI) VALUES (1200, 'The LIMSI Multilingual, Multitask QAst System.', 2008, '2017-05-24', 'conf/clef/RossetGBBA08', 'https://doi.org/10.1007/978-3-642-04447-2_59');
INSERT INTO Write (AuthorID, PaperID) VALUES (160, 1200);
INSERT INTO Paper (PaperID, Title, Year, MDate, Key, DOI) VALUES (1532, 'The LIMSI Participation in the QAst Track.', 2007, '2017-05-24', 'conf/clef/RossetGAB07', 'https://doi.org/10.1007/978-3-540-85760-0_55');
INSERT INTO Write (AuthorID, PaperID) VALUES (160, 1532);
INSERT INTO Write (AuthorID, PaperID) VALUES (160, 1685);
INSERT INTO Write (AuthorID, PaperID) VALUES (160, 2190);
INSERT INTO Paper (PaperID, Title, Year, MDate, Key, DOI) VALUES (2223, 'The LIMSI Participation in the QAst 2009 Track: Experimenting on Answer Scoring.', 2009, '2017-05-24', 'conf/clef/BernardRGAB09', 'https://doi.org/10.1007/978-3-642-15754-7_33');
INSERT INTO Write (AuthorID, PaperID) VALUES (160, 2223);
INSERT INTO Write (AuthorID, PaperID) VALUES (160, 2316);
INSERT INTO Write (AuthorID, PaperID) VALUES (160, 2329);
INSERT INTO Write (AuthorID, PaperID) VALUES (160, 2446);
INSERT INTO Paper (PaperID, Title, Year, MDate, Key, DOI) VALUES (3131, 'LIMSI participation in the QAst 2009 track.', 2009, '2014-09-29', 'conf/clef/BernardRGBA09', 'http://ceur-ws.org/Vol-1175/CLEF2009wn-QACLEF-BernardEt2009.pdf');
INSERT INTO Write (AuthorID, PaperID) VALUES (160, 3131);
INSERT INTO Paper (PaperID, Title, Year, MDate, Key, DOI) VALUES (3300, 'The LIMSI Participation to the QAst Track.', 2008, '2014-09-29', 'conf/clef/RossetGBBA08a', 'http://ceur-ws.org/Vol-1174/CLEF2008wn-QACLEF-RossetEt2008.pdf');
INSERT INTO Write (AuthorID, PaperID) VALUES (160, 3300);
INSERT INTO Paper (PaperID, Title, Year, MDate, Key, DOI) VALUES (3439, 'The LIMSI Participation in the QAst Track.', 2007, '2014-09-23', 'conf/clef/RossetGAB07a', 'http://ceur-ws.org/Vol-1173/CLEF2007wn-QACLEF-RossetEt2007.pdf');
INSERT INTO Write (AuthorID, PaperID) VALUES (160, 3439);
INSERT INTO Author (AuthorID, Name) VALUES (161, 'Suzan Verberne');
INSERT INTO Write (AuthorID, PaperID) VALUES (161, 429);
INSERT INTO Paper (PaperID, Title, Year, MDate, Key, DOI) VALUES (491, 'Prior Art Retrieval using the Claims Section as a Bag of Words.', 2009, '2014-09-29', 'conf/clef/VerberneD09a', 'http://ceur-ws.org/Vol-1175/CLEF2009wn-CLEFIP-VerberneEt2009.pdf');
INSERT INTO Write (AuthorID, PaperID) VALUES (161, 491);
INSERT INTO Paper (PaperID, Title, Year, MDate, Key, DOI) VALUES (641, 'How does the Library Searcher Behave? A Contrastive Study of Library Search against Ad-hoc Search.', 2010, '2014-09-24', 'conf/clef/VerberneHHHKW10', 'http://www.clef-initiative.eu/documents/71612/86374/CLEF2010wn-LogCLEF-VerberneEt2010.pdf');
INSERT INTO Write (AuthorID, PaperID) VALUES (161, 641);
INSERT INTO Paper (PaperID, Title, Year, MDate, Key, DOI) VALUES (740, 'A Language-modelling Approach to User-Centred Health Information Retrieval.', 2014, '2014-09-10', 'conf/clef/Verberne14', 'http://ceur-ws.org/Vol-1180/CLEF2014wn-eHealth-Verberne2014.pdf');
INSERT INTO Write (AuthorID, PaperID) VALUES (161, 740);
INSERT INTO Paper (PaperID, Title, Year, MDate, Key, DOI) VALUES (940, 'Show Me How to Tie a Tie: Evaluation of Cross-Lingual Video Retrieval.', 2016, '2018-11-02', 'conf/clef/BraslavskiVT16', 'https://doi.org/10.1007/978-3-319-44564-9_1');
INSERT INTO Write (AuthorID, PaperID) VALUES (161, 940);
INSERT INTO Paper (PaperID, Title, Year, MDate, Key, DOI) VALUES (1442, 'Patent Classification Experiments with the Linguistic Classification System LCS.', 2010, '2014-09-24', 'conf/clef/VerberneVD10', 'http://www.clef-initiative.eu/documents/71612/86374/CLEF2010wn-CLEF-IP-VerberneEt2010.pdf');
INSERT INTO Write (AuthorID, PaperID) VALUES (161, 1442);
INSERT INTO Paper (PaperID, Title, Year, MDate, Key, DOI) VALUES (1818, 'Patent Classification Experiments with the Linguistic Classification System LCS in CLEF-IP 2011.', 2011, '2014-09-24', 'conf/clef/VerberneD11', 'http://ceur-ws.org/Vol-1177/CLEF2011wn-CLEF-IP-VerberneEt2011.pdf');
INSERT INTO Write (AuthorID, PaperID) VALUES (161, 1818);
INSERT INTO Paper (PaperID, Title, Year, MDate, Key, DOI) VALUES (1861, 'CLEF-IP 2010: Prior Art Retrieval Using the Different Sections in Patent Documents.', 2010, '2014-09-24', 'conf/clef/DhondtV10', 'http://www.clef-initiative.eu/documents/71612/86374/CLEF2010wn-CLEF-IP-DhondtEt2010.pdf');
INSERT INTO Write (AuthorID, PaperID) VALUES (161, 1861);
INSERT INTO Paper (PaperID, Title, Year, MDate, Key, DOI) VALUES (2021, 'Prior Art Retrieval Using the Claims Section as a Bag of Words.', 2009, '2018-11-02', 'conf/clef/VerberneD09', 'https://doi.org/10.1007/978-3-642-15754-7_60');
INSERT INTO Write (AuthorID, PaperID) VALUES (161, 2021);
INSERT INTO Write (AuthorID, PaperID) VALUES (161, 2601);
INSERT INTO Paper (PaperID, Title, Year, MDate, Key, DOI) VALUES (2617, 'Retrieval-based Question Answering for Machine Reading Evaluation.', 2011, '2014-09-24', 'conf/clef/Verberne11', 'http://www.clef-initiative.eu/documents/71612/86377/CLEF2011wn-QA4MRE-Verberne2011.pdf');
INSERT INTO Write (AuthorID, PaperID) VALUES (161, 2617);
INSERT INTO Paper (PaperID, Title, Year, MDate, Key, DOI) VALUES (3001, 'Combining Document Representations for Prior-art Retrieval.', 2011, '2014-09-24', 'conf/clef/DhondtVAC11', 'http://ceur-ws.org/Vol-1177/CLEF2011wn-CLEF-IP-DHondtEt2011.pdf');
INSERT INTO Write (AuthorID, PaperID) VALUES (161, 3001);
INSERT INTO Author (AuthorID, Name) VALUES (162, 'Mark Stevenson');
INSERT INTO Write (AuthorID, PaperID) VALUES (162, 318);
INSERT INTO Write (AuthorID, PaperID) VALUES (162, 834);
INSERT INTO Paper (PaperID, Title, Year, MDate, Key, DOI) VALUES (857, 'Topic Models and n-gram Language Models for Author Profiling - Notebook for PAN at CLEF 2015.', 2015, '2015-09-03', 'conf/clef/PoulstonSB15', 'http://ceur-ws.org/Vol-1391/32-CR.pdf');
INSERT INTO Write (AuthorID, PaperID) VALUES (162, 857);
INSERT INTO Paper (PaperID, Title, Year, MDate, Key, DOI) VALUES (861, 'Self-supervised Relation Extraction Using UMLS.', 2014, '2017-05-24', 'conf/clef/RollerS14', 'https://doi.org/10.1007/978-3-319-11382-1_12');
INSERT INTO Write (AuthorID, PaperID) VALUES (162, 861);
INSERT INTO Write (AuthorID, PaperID) VALUES (162, 938);
INSERT INTO Paper (PaperID, Title, Year, MDate, Key, DOI) VALUES (954, 'Exploring Word Embeddings and Character N-Grams for Author Clustering.', 2016, '2016-08-11', 'conf/clef/SariS16', 'http://ceur-ws.org/Vol-1609/16090984.pdf');
INSERT INTO Write (AuthorID, PaperID) VALUES (162, 954);
INSERT INTO Paper (PaperID, Title, Year, MDate, Key, DOI) VALUES (1331, 'Retrieving and Ranking Studies for Systematic Reviews: University of Sheffield''s Approach to CLEF eHealth 2018 Task 2.', 2018, '2018-08-08', 'conf/clef/AlharbiBS18', 'http://ceur-ws.org/Vol-2125/paper_169.pdf');
INSERT INTO Write (AuthorID, PaperID) VALUES (162, 1331);
INSERT INTO Paper (PaperID, Title, Year, MDate, Key, DOI) VALUES (1583, 'Ranking Abstracts to Identify Relevant Evidence for Systematic Reviews: The University of Sheffield''s Approach to CLEF eHealth 2017 Task 2.', 2017, '2017-08-15', 'conf/clef/AlharbiS17', 'http://ceur-ws.org/Vol-1866/paper_97.pdf');
INSERT INTO Write (AuthorID, PaperID) VALUES (162, 1583);
INSERT INTO Write (AuthorID, PaperID) VALUES (162, 2530);
INSERT INTO Paper (PaperID, Title, Year, MDate, Key, DOI) VALUES (2690, 'A Machine Learning-based Intrinsic Method for Cross-topic and Cross-genre Authorship Verification.', 2015, '2015-09-03', 'conf/clef/SariS15', 'http://ceur-ws.org/Vol-1391/24-CR.pdf');
INSERT INTO Write (AuthorID, PaperID) VALUES (162, 2690);
INSERT INTO Write (AuthorID, PaperID) VALUES (162, 2698);
INSERT INTO Paper (PaperID, Title, Year, MDate, Key, DOI) VALUES (2948, 'Using TF-IDF n-gram and Word Embedding Cluster Ensembles for Author Profiling.', 2017, '2017-08-15', 'conf/clef/PoulstonWS17', 'http://ceur-ws.org/Vol-1866/paper_72.pdf');
INSERT INTO Write (AuthorID, PaperID) VALUES (162, 2948);
INSERT INTO Author (AuthorID, Name) VALUES (163, 'Jos&eacute; Manuel G&oacute;mez Soriano');
INSERT INTO Write (AuthorID, PaperID) VALUES (163, 122);
INSERT INTO Paper (PaperID, Title, Year, MDate, Key, DOI) VALUES (1206, 'Using WordNet Relations and Semantic Classes in Information Retrieval Tasks.', 2009, '2017-09-16', 'conf/clef/FernandezIG09', 'https://doi.org/10.1007/978-3-642-15754-7_19');
INSERT INTO Write (AuthorID, PaperID) VALUES (163, 1206);
INSERT INTO Write (AuthorID, PaperID) VALUES (163, 1415);
INSERT INTO Write (AuthorID, PaperID) VALUES (163, 2010);
INSERT INTO Write (AuthorID, PaperID) VALUES (163, 2077);
INSERT INTO Write (AuthorID, PaperID) VALUES (163, 2218);
INSERT INTO Write (AuthorID, PaperID) VALUES (163, 2232);
INSERT INTO Write (AuthorID, PaperID) VALUES (163, 2733);
INSERT INTO Write (AuthorID, PaperID) VALUES (163, 2927);
INSERT INTO Write (AuthorID, PaperID) VALUES (163, 2942);
INSERT INTO Write (AuthorID, PaperID) VALUES (163, 3462);
INSERT INTO Write (AuthorID, PaperID) VALUES (163, 3485);
INSERT INTO Author (AuthorID, Name) VALUES (164, 'Thamar Solorio');
INSERT INTO Write (AuthorID, PaperID) VALUES (164, 341);
INSERT INTO Write (AuthorID, PaperID) VALUES (164, 512);
INSERT INTO Paper (PaperID, Title, Year, MDate, Key, DOI) VALUES (858, 'Using Wide Range of Features for Author profiling.', 2015, '2015-09-03', 'conf/clef/MaharjanS15', 'http://ceur-ws.org/Vol-1391/153-CR.pdf');
INSERT INTO Write (AuthorID, PaperID) VALUES (164, 858);
INSERT INTO Write (AuthorID, PaperID) VALUES (164, 1260);
INSERT INTO Paper (PaperID, Title, Year, MDate, Key, DOI) VALUES (1339, 'Using a Variety of n-Grams for the Detection of Different Kinds of Plagiarism Notebook for PAN at CLEF 2013.', 2013, '2014-09-10', 'conf/clef/ShresthaS13', 'http://ceur-ws.org/Vol-1179/CLEF2013wn-PAN-ShresthaEt2013.pdf');
INSERT INTO Write (AuthorID, PaperID) VALUES (164, 1339);
INSERT INTO Paper (PaperID, Title, Year, MDate, Key, DOI) VALUES (1715, 'A Simple Approach to Author Profiling in MapReduce.', 2014, '2014-09-10', 'conf/clef/MaharjanSS14', 'http://ceur-ws.org/Vol-1180/CLEF2014wn-Pan-MaharjanEt2014.pdf');
INSERT INTO Write (AuthorID, PaperID) VALUES (164, 1715);
INSERT INTO Paper (PaperID, Title, Year, MDate, Key, DOI) VALUES (1777, 'Evaluation of YTEX and MetaMap for Clinical Concept Recognition.', 2013, '2014-09-10', 'conf/clef/OsborneGS13', 'http://ceur-ws.org/Vol-1179/CLEF2013wn-CLEFeHealth-OsborneEt2013.pdf');
INSERT INTO Write (AuthorID, PaperID) VALUES (164, 1777);
INSERT INTO Paper (PaperID, Title, Year, MDate, Key, DOI) VALUES (2606, 'Sub-Profiling by Linguistic Dimensions to Solve the Authorship Attribution Task.', 2012, '2014-09-24', 'conf/clef/SapkotaS12', 'http://www.clef-initiative.eu/documents/71612/5013ee2c-7e06-4a54-bd7d-db0654c22b82');
INSERT INTO Write (AuthorID, PaperID) VALUES (164, 2606);
INSERT INTO Write (AuthorID, PaperID) VALUES (164, 2640);
INSERT INTO Write (AuthorID, PaperID) VALUES (164, 2983);
INSERT INTO Write (AuthorID, PaperID) VALUES (164, 3122);
INSERT INTO Paper (PaperID, Title, Year, MDate, Key, DOI) VALUES (3473, 'Machine Translation Evaluation Metric for Text Alignment.', 2014, '2014-09-10', 'conf/clef/ShresthaMS14', 'http://ceur-ws.org/Vol-1180/CLEF2014wn-Pan-ShresthaEt2014.pdf');
INSERT INTO Write (AuthorID, PaperID) VALUES (164, 3473);
INSERT INTO Author (AuthorID, Name) VALUES (165, 'Paulo Rocha');
INSERT INTO Write (AuthorID, PaperID) VALUES (165, 76);
INSERT INTO Write (AuthorID, PaperID) VALUES (165, 142);
INSERT INTO Write (AuthorID, PaperID) VALUES (165, 300);
INSERT INTO Write (AuthorID, PaperID) VALUES (165, 633);
INSERT INTO Write (AuthorID, PaperID) VALUES (165, 907);
INSERT INTO Write (AuthorID, PaperID) VALUES (165, 1205);
INSERT INTO Write (AuthorID, PaperID) VALUES (165, 1439);
INSERT INTO Write (AuthorID, PaperID) VALUES (165, 1543);
INSERT INTO Write (AuthorID, PaperID) VALUES (165, 2836);
INSERT INTO Write (AuthorID, PaperID) VALUES (165, 2864);
INSERT INTO Write (AuthorID, PaperID) VALUES (165, 3147);
INSERT INTO Write (AuthorID, PaperID) VALUES (165, 3373);
INSERT INTO Author (AuthorID, Name) VALUES (166, 'Joo-Hwee Lim');
INSERT INTO Write (AuthorID, PaperID) VALUES (166, 45);
INSERT INTO Write (AuthorID, PaperID) VALUES (166, 567);
INSERT INTO Write (AuthorID, PaperID) VALUES (166, 676);
INSERT INTO Write (AuthorID, PaperID) VALUES (166, 1292);
INSERT INTO Paper (PaperID, Title, Year, MDate, Key, DOI) VALUES (1380, 'VC-I2R@ImageCLEF2017: Ensemble of Deep Learned Features for Lifelog Video Summarization.', 2017, '2017-08-15', 'conf/clef/MolinoMLLSC17', 'http://ceur-ws.org/Vol-1866/paper_86.pdf');
INSERT INTO Write (AuthorID, PaperID) VALUES (166, 1380);
INSERT INTO Write (AuthorID, PaperID) VALUES (166, 1717);
INSERT INTO Write (AuthorID, PaperID) VALUES (166, 2067);
INSERT INTO Write (AuthorID, PaperID) VALUES (166, 2647);
INSERT INTO Write (AuthorID, PaperID) VALUES (166, 3132);
INSERT INTO Write (AuthorID, PaperID) VALUES (166, 3282);
INSERT INTO Paper (PaperID, Title, Year, MDate, Key, DOI) VALUES (3330, 'I2R at ImageCLEF Photo Retrieval 2009.', 2009, '2014-09-29', 'conf/clef/GaoL09a', 'http://ceur-ws.org/Vol-1175/CLEF2009wn-ImageCLEF-GaoEt2009.pdf');
INSERT INTO Write (AuthorID, PaperID) VALUES (166, 3330);
INSERT INTO Write (AuthorID, PaperID) VALUES (166, 3374);
INSERT INTO Author (AuthorID, Name) VALUES (167, 'Ivan Eggel');
INSERT INTO Write (AuthorID, PaperID) VALUES (167, 52);
INSERT INTO Write (AuthorID, PaperID) VALUES (167, 631);
INSERT INTO Write (AuthorID, PaperID) VALUES (167, 1168);
INSERT INTO Write (AuthorID, PaperID) VALUES (167, 1505);
INSERT INTO Write (AuthorID, PaperID) VALUES (167, 2125);
INSERT INTO Write (AuthorID, PaperID) VALUES (167, 2252);
INSERT INTO Write (AuthorID, PaperID) VALUES (167, 2271);
INSERT INTO Write (AuthorID, PaperID) VALUES (167, 2615);
INSERT INTO Write (AuthorID, PaperID) VALUES (167, 2667);
INSERT INTO Write (AuthorID, PaperID) VALUES (167, 3141);
INSERT INTO Write (AuthorID, PaperID) VALUES (167, 3167);
INSERT INTO Write (AuthorID, PaperID) VALUES (167, 3504);
INSERT INTO Author (AuthorID, Name) VALUES (168, 'Prasenjit Majumder');
INSERT INTO Paper (PaperID, Title, Year, MDate, Key, DOI) VALUES (178, 'Statistical vs. Rule-Based Stemming for Monolingual French Retrieval.', 2006, '2017-05-24', 'conf/clef/MajumderMD06', 'https://doi.org/10.1007/978-3-540-74999-8_14');
INSERT INTO Write (AuthorID, PaperID) VALUES (168, 178);
INSERT INTO Paper (PaperID, Title, Year, MDate, Key, DOI) VALUES (312, 'Hungarian and Czech Stemming using YASS.', 2007, '2014-09-23', 'conf/clef/MajumderMP07a', 'http://ceur-ws.org/Vol-1173/CLEF2007wn-adhoc-MajumderEt2007.pdf');
INSERT INTO Write (AuthorID, PaperID) VALUES (168, 312);
INSERT INTO Paper (PaperID, Title, Year, MDate, Key, DOI) VALUES (978, 'External Plagiarism Detection: N-Gram Approach Using Named Entity Recognizer - Lab Report for PAN at CLEF 2010.', 2010, '2014-09-24', 'conf/clef/GuptaRM10', 'http://www.clef-initiative.eu/documents/71612/86374/CLEF2010wn-PAN-GuptaEt2010.pdf');
INSERT INTO Write (AuthorID, PaperID) VALUES (168, 978);
INSERT INTO Paper (PaperID, Title, Year, MDate, Key, DOI) VALUES (1347, 'Author Masking through Translation.', 2016, '2016-08-11', 'conf/clef/KeswaniT0M16', 'http://ceur-ws.org/Vol-1609/16090890.pdf');
INSERT INTO Write (AuthorID, PaperID) VALUES (168, 1347);
INSERT INTO Paper (PaperID, Title, Year, MDate, Key, DOI) VALUES (1395, 'Cosine Similarity as Machine Reading Technique.', 2011, '2014-09-24', 'conf/clef/AroraM11', 'http://www.clef-initiative.eu/documents/71612/86377/CLEF2011wn-QA4MRE-AroraEt2011.pdf');
INSERT INTO Write (AuthorID, PaperID) VALUES (168, 1395);
INSERT INTO Paper (PaperID, Title, Year, MDate, Key, DOI) VALUES (1564, 'External 800Aamp; Intrinsic Plagiarism Detection: VSM 800Aamp; Discourse Markers based Approach - Notebook for PAN at CLEF 2011.', 2011, '2014-09-24', 'conf/clef/RaoGSM11', 'http://www.clef-initiative.eu/documents/71612/86377/CLEF2011wn-PAN-RaoEt2011.pdf');
INSERT INTO Write (AuthorID, PaperID) VALUES (168, 1564);
INSERT INTO Paper (PaperID, Title, Year, MDate, Key, DOI) VALUES (1794, 'Team IRLabDAIICT at ShARe/CLEF eHealth 2014 Task 3: User-centered Information Retrieval System for Clinical Documents.', 2014, '2014-09-10', 'conf/clef/ThakkarISM14', 'http://ceur-ws.org/Vol-1180/CLEF2014wn-eHealth-ThakkarEt2014.pdf');
INSERT INTO Write (AuthorID, PaperID) VALUES (168, 1794);
INSERT INTO Paper (PaperID, Title, Year, MDate, Key, DOI) VALUES (2664, 'Bulgarian, Hungarian and Czech Stemming Using YASS.', 2007, '2017-05-24', 'conf/clef/MajumderMP07', 'https://doi.org/10.1007/978-3-540-85760-0_6');
INSERT INTO Write (AuthorID, PaperID) VALUES (168, 2664);
INSERT INTO Paper (PaperID, Title, Year, MDate, Key, DOI) VALUES (2760, 'Question Answering System: Retrieving Relevant Passages.', 2010, '2014-09-24', 'conf/clef/SabnaniM10', 'http://www.clef-initiative.eu/documents/71612/86374/CLEF2010wn-MLQA10-SabnaniEt2010.pdf');
INSERT INTO Write (AuthorID, PaperID) VALUES (168, 2760);
INSERT INTO Paper (PaperID, Title, Year, MDate, Key, DOI) VALUES (2764, 'Statistical vs. Rule-Based Stemming for Monolingual French Retrieval.', 2006, '2014-08-15', 'conf/clef/MajumderMD06a', 'http://ceur-ws.org/Vol-1172/CLEF2006wn-adhoc-MajumderEt2006.pdf');
INSERT INTO Write (AuthorID, PaperID) VALUES (168, 2764);
INSERT INTO Paper (PaperID, Title, Year, MDate, Key, DOI) VALUES (3056, 'Passage Retrieval for Tweet Contextualization at INEX 2012.', 2012, '2014-09-24', 'conf/clef/BandyopadhyayPMMG12', 'http://www.clef-initiative.eu/documents/71612/b40dd487-1b0a-4a73-833a-2580fd643e8f');
INSERT INTO Write (AuthorID, PaperID) VALUES (168, 3056);
INSERT INTO Author (AuthorID, Name) VALUES (169, 'Theodora Tsikrika');
INSERT INTO Paper (PaperID, Title, Year, MDate, Key, DOI) VALUES (363, 'Overview of the WikipediaMM Task at ImageCLEF 2009.', 2009, '2017-05-24', 'conf/clef/TsikrikaK09', 'https://doi.org/10.1007/978-3-642-15751-6_7');
INSERT INTO Write (AuthorID, PaperID) VALUES (169, 363);
INSERT INTO Write (AuthorID, PaperID) VALUES (169, 503);
INSERT INTO Write (AuthorID, PaperID) VALUES (169, 798);
INSERT INTO Write (AuthorID, PaperID) VALUES (169, 871);
INSERT INTO Paper (PaperID, Title, Year, MDate, Key, DOI) VALUES (1032, 'Overview of the WikipediaMM Task at ImageCLEF 2009.', 2009, '2014-09-29', 'conf/clef/TsikrikaK09a', 'http://ceur-ws.org/Vol-1175/CLEF2009wn-ImageCLEF-TsikrikaEt2009a.pdf');
INSERT INTO Write (AuthorID, PaperID) VALUES (169, 1032);
INSERT INTO Write (AuthorID, PaperID) VALUES (169, 1483);
INSERT INTO Paper (PaperID, Title, Year, MDate, Key, DOI) VALUES (1616, 'Overview of the WikipediaMM Task at ImageCLEF 2008.', 2008, '2017-05-24', 'conf/clef/TsikrikaK08', 'https://doi.org/10.1007/978-3-642-04447-2_66');
INSERT INTO Write (AuthorID, PaperID) VALUES (169, 1616);
INSERT INTO Write (AuthorID, PaperID) VALUES (169, 1985);
INSERT INTO Write (AuthorID, PaperID) VALUES (169, 2055);
INSERT INTO Paper (PaperID, Title, Year, MDate, Key, DOI) VALUES (2884, 'Overview of the wikipediaMM task at ImageCLEF 2008.', 2008, '2014-09-29', 'conf/clef/TsikrikaK08a', 'http://ceur-ws.org/Vol-1174/CLEF2008wn-ImageCLEF-TsikrikaEt2008.pdf');
INSERT INTO Write (AuthorID, PaperID) VALUES (169, 2884);
INSERT INTO Write (AuthorID, PaperID) VALUES (169, 3141);
INSERT INTO Author (AuthorID, Name) VALUES (170, 'Teresa Gon&ccedil;alves');
INSERT INTO Write (AuthorID, PaperID) VALUES (170, 111);
INSERT INTO Paper (PaperID, Title, Year, MDate, Key, DOI) VALUES (413, 'UEvora at CLEF eHealth 2017 Task 3.', 2017, '2017-08-15', 'conf/clef/YangG17', 'http://ceur-ws.org/Vol-1866/paper_105.pdf');
INSERT INTO Write (AuthorID, PaperID) VALUES (170, 413);
INSERT INTO Write (AuthorID, PaperID) VALUES (170, 458);
INSERT INTO Paper (PaperID, Title, Year, MDate, Key, DOI) VALUES (942, 'Author Profiling Using Support Vector Machines.', 2016, '2016-08-11', 'conf/clef/DeyabDG16', 'http://ceur-ws.org/Vol-1609/16090805.pdf');
INSERT INTO Write (AuthorID, PaperID) VALUES (170, 942);
INSERT INTO Paper (PaperID, Title, Year, MDate, Key, DOI) VALUES (968, 'Multilingual Author Profiling using LSTMs: Notebook for PAN at CLEF 2018.', 2018, '2018-08-08', 'conf/clef/BayotG18', 'http://ceur-ws.org/Vol-2125/paper_185.pdf');
INSERT INTO Write (AuthorID, PaperID) VALUES (170, 968);
INSERT INTO Paper (PaperID, Title, Year, MDate, Key, DOI) VALUES (1857, 'Author Profiling using SVMs and Word Embedding Averages.', 2016, '2016-08-11', 'conf/clef/BayotG16', 'http://ceur-ws.org/Vol-1609/16090815.pdf');
INSERT INTO Write (AuthorID, PaperID) VALUES (170, 1857);
INSERT INTO Paper (PaperID, Title, Year, MDate, Key, DOI) VALUES (2074, 'Author Profiling of Twitter Users: Notebook for PAN at CLEF 2015.', 2015, '2015-09-03', 'conf/clef/BayotGQ15', 'http://ceur-ws.org/Vol-1391/123-CR.pdf');
INSERT INTO Write (AuthorID, PaperID) VALUES (170, 2074);
INSERT INTO Paper (PaperID, Title, Year, MDate, Key, DOI) VALUES (2123, 'A Compound Model for Consumer Health Search.', 2017, '2018-08-20', 'conf/clef/YangG17a', 'https://doi.org/10.1007/978-3-319-98932-7_22');
INSERT INTO Write (AuthorID, PaperID) VALUES (170, 2123);
INSERT INTO Paper (PaperID, Title, Year, MDate, Key, DOI) VALUES (2285, 'Age and Gender Identification using Stacking for Classification.', 2016, '2016-08-11', 'conf/clef/AgrawalG16', 'http://ceur-ws.org/Vol-1609/16090785.pdf');
INSERT INTO Write (AuthorID, PaperID) VALUES (170, 2285);
INSERT INTO Paper (PaperID, Title, Year, MDate, Key, DOI) VALUES (2354, 'Improving Personalized Consumer Health Search: Notebook for eHealth at CLEF 2018.', 2018, '2018-08-08', 'conf/clef/YangG18', 'http://ceur-ws.org/Vol-2125/paper_195.pdf');
INSERT INTO Write (AuthorID, PaperID) VALUES (170, 2354);
INSERT INTO Paper (PaperID, Title, Year, MDate, Key, DOI) VALUES (2846, 'Texture Analysis from 3D Model and Individual Slice Extraction for Tuberculosis MDR Detection, Type Classification and Severity Scoring.', 2018, '2018-08-08', 'conf/clef/AhmedSJGR18', 'http://ceur-ws.org/Vol-2125/paper_136.pdf');
INSERT INTO Write (AuthorID, PaperID) VALUES (170, 2846);
INSERT INTO Author (AuthorID, Name) VALUES (171, 'Manuel Garc&iacute;a Vega');
INSERT INTO Write (AuthorID, PaperID) VALUES (171, 671);
INSERT INTO Write (AuthorID, PaperID) VALUES (171, 682);
INSERT INTO Write (AuthorID, PaperID) VALUES (171, 746);
INSERT INTO Write (AuthorID, PaperID) VALUES (171, 1076);
INSERT INTO Write (AuthorID, PaperID) VALUES (171, 1630);
INSERT INTO Write (AuthorID, PaperID) VALUES (171, 2006);
INSERT INTO Write (AuthorID, PaperID) VALUES (171, 2114);
INSERT INTO Write (AuthorID, PaperID) VALUES (171, 2706);
INSERT INTO Write (AuthorID, PaperID) VALUES (171, 2792);
INSERT INTO Write (AuthorID, PaperID) VALUES (171, 3089);
INSERT INTO Write (AuthorID, PaperID) VALUES (171, 3206);
INSERT INTO Author (AuthorID, Name) VALUES (172, 'Pere Comas');
INSERT INTO Write (AuthorID, PaperID) VALUES (172, 65);
INSERT INTO Write (AuthorID, PaperID) VALUES (172, 726);
INSERT INTO Write (AuthorID, PaperID) VALUES (172, 1588);
INSERT INTO Write (AuthorID, PaperID) VALUES (172, 1685);
INSERT INTO Write (AuthorID, PaperID) VALUES (172, 1723);
INSERT INTO Write (AuthorID, PaperID) VALUES (172, 2190);
INSERT INTO Write (AuthorID, PaperID) VALUES (172, 2316);
INSERT INTO Write (AuthorID, PaperID) VALUES (172, 2329);
INSERT INTO Write (AuthorID, PaperID) VALUES (172, 2446);
INSERT INTO Write (AuthorID, PaperID) VALUES (172, 2902);
INSERT INTO Write (AuthorID, PaperID) VALUES (172, 3127);
INSERT INTO Author (AuthorID, Name) VALUES (173, 'Sa&iuml;d Radhouani');
INSERT INTO Paper (PaperID, Title, Year, MDate, Key, DOI) VALUES (192, 'Conceptual Indexing for Multilingual Information Retrieval.', 2005, '2017-05-24', 'conf/clef/GuyotRF05', 'https://doi.org/10.1007/11878773_11');
INSERT INTO Write (AuthorID, PaperID) VALUES (173, 192);
INSERT INTO Write (AuthorID, PaperID) VALUES (173, 567);
INSERT INTO Paper (PaperID, Title, Year, MDate, Key, DOI) VALUES (970, 'Ontology-Based Multilingual Information Retrieval.', 2005, '2014-08-15', 'conf/clef/GuyotRF05a', 'http://ceur-ws.org/Vol-1171/CLEF2005wn-adhoc-GuyotEt2005.pdf');
INSERT INTO Write (AuthorID, PaperID) VALUES (173, 970);
INSERT INTO Write (AuthorID, PaperID) VALUES (173, 1168);
INSERT INTO Write (AuthorID, PaperID) VALUES (173, 1505);
INSERT INTO Write (AuthorID, PaperID) VALUES (173, 1566);
INSERT INTO Write (AuthorID, PaperID) VALUES (173, 2469);
INSERT INTO Paper (PaperID, Title, Year, MDate, Key, DOI) VALUES (2608, 'Analysis of Word Sense Disambiguation-Based Information Retrieval.', 2008, '2017-05-24', 'conf/clef/GuyotFRB08', 'https://doi.org/10.1007/978-3-642-04447-2_18');
INSERT INTO Write (AuthorID, PaperID) VALUES (173, 2608);
INSERT INTO Write (AuthorID, PaperID) VALUES (173, 2647);
INSERT INTO Paper (PaperID, Title, Year, MDate, Key, DOI) VALUES (3049, 'UNIGE Experiments on Robust Word Sense Disambiguation.', 2008, '2014-09-29', 'conf/clef/GuyotFRB08a', 'http://ceur-ws.org/Vol-1174/CLEF2008wn-adhoc-GuyotEt2008.pdf');
INSERT INTO Write (AuthorID, PaperID) VALUES (173, 3049);
INSERT INTO Paper (PaperID, Title, Year, MDate, Key, DOI) VALUES (3325, 'UniGe at CLEF 2009 Robust WSD Task (abstract only).', 2009, '2014-09-29', 'conf/clef/GuyotFR09', 'http://ceur-ws.org/Vol-1175/CLEF2009wn-adhoc-GuyotEt2009.pdf');
INSERT INTO Write (AuthorID, PaperID) VALUES (173, 3325);
INSERT INTO Author (AuthorID, Name) VALUES (174, 'Maria G&auml;de');
INSERT INTO Write (AuthorID, PaperID) VALUES (174, 83);
INSERT INTO Write (AuthorID, PaperID) VALUES (174, 429);
INSERT INTO Write (AuthorID, PaperID) VALUES (174, 1171);
INSERT INTO Write (AuthorID, PaperID) VALUES (174, 1546);
INSERT INTO Write (AuthorID, PaperID) VALUES (174, 1980);
INSERT INTO Write (AuthorID, PaperID) VALUES (174, 2137);
INSERT INTO Write (AuthorID, PaperID) VALUES (174, 2157);
INSERT INTO Write (AuthorID, PaperID) VALUES (174, 2812);
INSERT INTO Write (AuthorID, PaperID) VALUES (174, 2939);
INSERT INTO Write (AuthorID, PaperID) VALUES (174, 3295);
INSERT INTO Write (AuthorID, PaperID) VALUES (174, 3370);
INSERT INTO Author (AuthorID, Name) VALUES (175, 'Md. Mahmudur Rahman');
INSERT INTO Paper (PaperID, Title, Year, MDate, Key, DOI) VALUES (127, 'Text- and Content-based Approaches to Image Retrieval for the ImageCLEF 2009 Medical Retrieval Track.', 2009, '2015-12-03', 'conf/clef/SimpsonRDAT09', 'http://ceur-ws.org/Vol-1175/CLEF2009wn-ImageCLEF-SimpsonEt2009.pdf');
INSERT INTO Write (AuthorID, PaperID) VALUES (175, 127);
INSERT INTO Paper (PaperID, Title, Year, MDate, Key, DOI) VALUES (680, 'Supervised Machine Learning Based Medical Image Annotation and Retrieval in ImageCLEFmed 2005.', 2005, '2017-05-24', 'conf/clef/RahmanDB05', 'https://doi.org/10.1007/11878773_76');
INSERT INTO Write (AuthorID, PaperID) VALUES (175, 680);
INSERT INTO Paper (PaperID, Title, Year, MDate, Key, DOI) VALUES (869, 'ITI''s Participation in the ImageCLEF 2012 Medical Retrieval and Classification Tasks.', 2012, '2015-12-03', 'conf/clef/SimpsonYRDAT12', 'http://www.clef-initiative.eu/documents/71612/f5b224a7-40ff-4197-8da0-40a6c6086c94');
INSERT INTO Write (AuthorID, PaperID) VALUES (175, 869);
INSERT INTO Paper (PaperID, Title, Year, MDate, Key, DOI) VALUES (1012, 'Text- and Content-based Approaches to Image Modality Detection and Retrieval for the ImageCLEF 2010 Medical Retrieval Track.', 2010, '2015-12-03', 'conf/clef/SimpsonRSDAT10', 'http://www.clef-initiative.eu/documents/71612/86374/CLEF2010wn-ImageCLEF-SimpsonEt2010.pdf');
INSERT INTO Write (AuthorID, PaperID) VALUES (175, 1012);
INSERT INTO Paper (PaperID, Title, Year, MDate, Key, DOI) VALUES (1017, 'ITI''s Participation in the 2013 Medical Track of ImageCLEF.', 2013, '2015-12-03', 'conf/clef/SimpsonYRDAT13', 'http://ceur-ws.org/Vol-1179/CLEF2013wn-ImageCLEF-SimpsonEt2013.pdf');
INSERT INTO Write (AuthorID, PaperID) VALUES (175, 1017);
INSERT INTO Paper (PaperID, Title, Year, MDate, Key, DOI) VALUES (1196, 'CINDI at ImageCLEF 2006: Image Retrieval 800Aamp; Annotation Tasks for the General Photographic and Medical Image Collections.', 2006, '2014-08-15', 'conf/clef/RahmanSDB06a', 'http://ceur-ws.org/Vol-1172/CLEF2006wn-ImageCLEF-RahmanEt2006.pdf');
INSERT INTO Write (AuthorID, PaperID) VALUES (175, 1196);
INSERT INTO Paper (PaperID, Title, Year, MDate, Key, DOI) VALUES (1346, 'CINDI at ImageCLEF 2006: Image Retrieval 800Aamp; Annotation Tasks for the General Photographic and Medical Image Collections.', 2006, '2017-05-24', 'conf/clef/RahmanSDB06', 'https://doi.org/10.1007/978-3-540-74999-8_90');
INSERT INTO Write (AuthorID, PaperID) VALUES (175, 1346);
INSERT INTO Paper (PaperID, Title, Year, MDate, Key, DOI) VALUES (2301, 'Text and Content-based Approaches to Image Modality Classification and Retrieval for the ImageCLEF 2011 Medical Retrieval Track.', 2011, '2015-12-03', 'conf/clef/SimpsonRPADAT11', 'http://www.clef-initiative.eu/documents/71612/86377/CLEF2011wn-ImageCLEF-SimpsonEt2011.pdf');
INSERT INTO Write (AuthorID, PaperID) VALUES (175, 2301);
INSERT INTO Paper (PaperID, Title, Year, MDate, Key, DOI) VALUES (2392, 'Multi-Modal Interactive Approach to ImageCLEF 2007 Photographic and Medical Retrieval Tasks by CINDI.', 2007, '2014-09-23', 'conf/clef/RahmanDB07a', 'http://ceur-ws.org/Vol-1173/CLEF2007wn-ImageCLEF-RahmanEt2007.pdf');
INSERT INTO Write (AuthorID, PaperID) VALUES (175, 2392);
INSERT INTO Paper (PaperID, Title, Year, MDate, Key, DOI) VALUES (3097, 'An Interactive and Dynamic Fusion-Based Image Retrieval Approach by CINDI.', 2007, '2017-05-24', 'conf/clef/RahmanDB07', 'https://doi.org/10.1007/978-3-540-85760-0_84');
INSERT INTO Write (AuthorID, PaperID) VALUES (175, 3097);
INSERT INTO Paper (PaperID, Title, Year, MDate, Key, DOI) VALUES (3399, 'Supervised Machine Learning based Medical Image Annotation and Retrieval.', 2005, '2014-08-15', 'conf/clef/RahmanDB05a', 'http://ceur-ws.org/Vol-1171/CLEF2005wn-ImageCLEF-MahmudurRahmanEt2005.pdf');
INSERT INTO Write (AuthorID, PaperID) VALUES (175, 3399);
INSERT INTO Author (AuthorID, Name) VALUES (176, 'Patrick Gallinari');
INSERT INTO Paper (PaperID, Title, Year, MDate, Key, DOI) VALUES (27, 'UPMC/LIP6 at ImageCLEFphoto 2008: on the Exploitation of Visual Concepts (VCDT).', 2008, '2014-09-29', 'conf/clef/TollariDFAG08', 'http://ceur-ws.org/Vol-1174/CLEF2008wn-ImageCLEF-TollariEt2008a.pdf');
INSERT INTO Write (AuthorID, PaperID) VALUES (176, 27);
INSERT INTO Paper (PaperID, Title, Year, MDate, Key, DOI) VALUES (172, 'Improving Image Annotation in Imbalanced Classification Problems with Ranking SVM.', 2009, '2017-05-24', 'conf/clef/Fakeri-TabriziTUG09', 'https://doi.org/10.1007/978-3-642-15751-6_37');
INSERT INTO Write (AuthorID, PaperID) VALUES (176, 172);
INSERT INTO Paper (PaperID, Title, Year, MDate, Key, DOI) VALUES (256, 'UPMC/LIP6 at ImageCLEFannotation2009: Large Scale Visual Concept Detection and Annotation.', 2009, '2014-09-29', 'conf/clef/Fakeri-TabriziTDG09', 'http://ceur-ws.org/Vol-1175/CLEF2009wn-ImageCLEF-FakeriTabriziEt2009.pdf');
INSERT INTO Write (AuthorID, PaperID) VALUES (176, 256);
INSERT INTO Paper (PaperID, Title, Year, MDate, Key, DOI) VALUES (722, 'Using Visual Concepts and Fast Visual Diversity to Improve Image Retrieval.', 2008, '2017-05-24', 'conf/clef/TollariDFMAG08', 'https://doi.org/10.1007/978-3-642-04447-2_71');
INSERT INTO Write (AuthorID, PaperID) VALUES (176, 722);
INSERT INTO Paper (PaperID, Title, Year, MDate, Key, DOI) VALUES (893, 'LIP6@CLEF2017: Multi-Modal Spatial Role Labeling using Word Embeddings.', 2017, '2017-08-15', 'conf/clef/ZablockiBSPG17', 'http://ceur-ws.org/Vol-1866/paper_76.pdf');
INSERT INTO Write (AuthorID, PaperID) VALUES (176, 893);
INSERT INTO Write (AuthorID, PaperID) VALUES (176, 1013);
INSERT INTO Paper (PaperID, Title, Year, MDate, Key, DOI) VALUES (1445, 'UPMC/LIP6 at ImageCLEFannotation 2010.', 2010, '2014-09-24', 'conf/clef/Fakeri-TabriziTUAG10', 'http://www.clef-initiative.eu/documents/71612/86374/CLEF2010wn-ImageCLEF-Fakeri-TabriziEt2010.pdf');
INSERT INTO Write (AuthorID, PaperID) VALUES (176, 1445);
INSERT INTO Write (AuthorID, PaperID) VALUES (176, 1833);
INSERT INTO Paper (PaperID, Title, Year, MDate, Key, DOI) VALUES (2162, 'Graph Based Method Approach to the ImageCLEF2015 Task1 - Image Annotation.', 2015, '2015-09-03', 'conf/clef/SantosPG15', 'http://ceur-ws.org/Vol-1391/159-CR.pdf');
INSERT INTO Write (AuthorID, PaperID) VALUES (176, 2162);
INSERT INTO Write (AuthorID, PaperID) VALUES (176, 2263);
INSERT INTO Paper (PaperID, Title, Year, MDate, Key, DOI) VALUES (2734, 'UPMC/LIP6 at ImageCLEF''s WikipediaMM: An Image-Annotation Model for an Image Search-Engine.', 2008, '2014-09-29', 'conf/clef/Fakeri-TabriziATG08', 'http://ceur-ws.org/Vol-1174/CLEF2008wn-ImageCLEF-FakeriTabriziEt2008.pdf');
INSERT INTO Write (AuthorID, PaperID) VALUES (176, 2734);
INSERT INTO Author (AuthorID, Name) VALUES (177, 'Krisztian Balog');
INSERT INTO Write (AuthorID, PaperID) VALUES (177, 600);
INSERT INTO Write (AuthorID, PaperID) VALUES (177, 1361);
INSERT INTO Write (AuthorID, PaperID) VALUES (177, 1466);
INSERT INTO Write (AuthorID, PaperID) VALUES (177, 1657);
INSERT INTO Paper (PaperID, Title, Year, MDate, Key, DOI) VALUES (1672, 'The University of Amsterdam at WePS3.', 2010, '2014-09-24', 'conf/clef/TsagkiasB10', 'http://www.clef-initiative.eu/documents/71612/86374/CLEF2010wn-WePS-TsagkiasEt2010.pdf');
INSERT INTO Write (AuthorID, PaperID) VALUES (177, 1672);
INSERT INTO Paper (PaperID, Title, Year, MDate, Key, DOI) VALUES (1756, 'Probabilistic Field Mapping for Product Search.', 2015, '2015-09-03', 'conf/clef/GhirmatsionB15', 'http://ceur-ws.org/Vol-1391/98-CR.pdf');
INSERT INTO Write (AuthorID, PaperID) VALUES (177, 1756);
INSERT INTO Paper (PaperID, Title, Year, MDate, Key, DOI) VALUES (2144, 'Towards an Understanding of Transactional Tasks.', 2016, '2017-05-24', 'conf/clef/ShepelevaB15', 'https://doi.org/10.1007/978-3-319-44564-9_21');
INSERT INTO Write (AuthorID, PaperID) VALUES (177, 2144);
INSERT INTO Write (AuthorID, PaperID) VALUES (177, 2216);
INSERT INTO Write (AuthorID, PaperID) VALUES (177, 2490);
INSERT INTO Write (AuthorID, PaperID) VALUES (177, 2662);
INSERT INTO Write (AuthorID, PaperID) VALUES (177, 2762);
INSERT INTO Author (AuthorID, Name) VALUES (178, 'V&eacute;ronique Moriceau');
INSERT INTO Write (AuthorID, PaperID) VALUES (178, 66);
INSERT INTO Write (AuthorID, PaperID) VALUES (178, 378);
INSERT INTO Paper (PaperID, Title, Year, MDate, Key, DOI) VALUES (394, 'FIDJI @ ResPubliQA 2010.', 2010, '2014-09-24', 'conf/clef/TannierM10', 'http://www.clef-initiative.eu/documents/71612/86374/CLEF2010wn-MLQA10-TannierEt2010.pdf');
INSERT INTO Write (AuthorID, PaperID) VALUES (178, 394);
INSERT INTO Write (AuthorID, PaperID) VALUES (178, 811);
INSERT INTO Write (AuthorID, PaperID) VALUES (178, 843);
INSERT INTO Write (AuthorID, PaperID) VALUES (178, 1319);
INSERT INTO Paper (PaperID, Title, Year, MDate, Key, DOI) VALUES (2233, 'FIDJI in ResPubliQA 2009.', 2009, '2014-09-29', 'conf/clef/TannierM09a', 'http://ceur-ws.org/Vol-1175/CLEF2009wn-QACLEF-TannierEt2009.pdf');
INSERT INTO Write (AuthorID, PaperID) VALUES (178, 2233);
INSERT INTO Write (AuthorID, PaperID) VALUES (178, 2460);
INSERT INTO Write (AuthorID, PaperID) VALUES (178, 3140);
INSERT INTO Write (AuthorID, PaperID) VALUES (178, 3358);
INSERT INTO Paper (PaperID, Title, Year, MDate, Key, DOI) VALUES (3360, 'Studying Syntactic Analysis in a QA System: FIDJI @ ResPubliQA''09.', 2009, '2017-05-24', 'conf/clef/TannierM09', 'https://doi.org/10.1007/978-3-642-15754-7_26');
INSERT INTO Write (AuthorID, PaperID) VALUES (178, 3360);
INSERT INTO Author (AuthorID, Name) VALUES (179, 'Javier Artiles');
INSERT INTO Write (AuthorID, PaperID) VALUES (179, 196);
INSERT INTO Write (AuthorID, PaperID) VALUES (179, 432);
INSERT INTO Write (AuthorID, PaperID) VALUES (179, 508);
INSERT INTO Write (AuthorID, PaperID) VALUES (179, 627);
INSERT INTO Write (AuthorID, PaperID) VALUES (179, 801);
INSERT INTO Write (AuthorID, PaperID) VALUES (179, 1003);
INSERT INTO Write (AuthorID, PaperID) VALUES (179, 1062);
INSERT INTO Write (AuthorID, PaperID) VALUES (179, 1121);
INSERT INTO Write (AuthorID, PaperID) VALUES (179, 1754);
INSERT INTO Write (AuthorID, PaperID) VALUES (179, 2401);
INSERT INTO Write (AuthorID, PaperID) VALUES (179, 3096);
INSERT INTO Author (AuthorID, Name) VALUES (180, 'Iadh Ounis');
INSERT INTO Paper (PaperID, Title, Year, MDate, Key, DOI) VALUES (409, 'Predicting Contextually Appropriate Venues in Location-Based Social Networks.', 2016, '2018-11-02', 'conf/clef/ManotumruksaMO16', 'https://doi.org/10.1007/978-3-319-44564-9_8');
INSERT INTO Write (AuthorID, PaperID) VALUES (180, 409);
INSERT INTO Paper (PaperID, Title, Year, MDate, Key, DOI) VALUES (640, 'University of Glasgow Terrier Team / Project Abac800Aaacute; at RepLab 2014: Reputation Dimensions Task.', 2014, '2014-09-10', 'conf/clef/McDonaldDMGMO14', 'http://ceur-ws.org/Vol-1180/CLEF2014wn-Rep-McDonaldEt2014.pdf');
INSERT INTO Write (AuthorID, PaperID) VALUES (180, 640);
INSERT INTO Paper (PaperID, Title, Year, MDate, Key, DOI) VALUES (1049, 'University of Glasgow at WebCLEF 2005: Experiments in per-field Normalisation and Language Specific Stemming.', 2005, '2014-08-15', 'conf/clef/MacdonaldPHLO05a', 'http://ceur-ws.org/Vol-1171/CLEF2005wn-WebCLEF-MacdonaldEt2005.pdf');
INSERT INTO Write (AuthorID, PaperID) VALUES (180, 1049);
INSERT INTO Paper (PaperID, Title, Year, MDate, Key, DOI) VALUES (1351, 'A Study of Personalised Medical Literature Search.', 2014, '2018-11-02', 'conf/clef/McCreadieMOB14', 'https://doi.org/10.1007/978-3-319-11382-1_8');
INSERT INTO Write (AuthorID, PaperID) VALUES (180, 1351);
INSERT INTO Paper (PaperID, Title, Year, MDate, Key, DOI) VALUES (1883, 'The University of Glasgow at CLEF 2004: French Monolingual Information Retrieval with Terrier.', 2004, '2017-05-24', 'conf/clef/LiomaHPO05', 'https://doi.org/10.1007/11519645_26');
INSERT INTO Write (AuthorID, PaperID) VALUES (180, 1883);
INSERT INTO Paper (PaperID, Title, Year, MDate, Key, DOI) VALUES (2367, 'The University of Glasgow at CLEF 2004: French Monolingual Information Retrieval with Terrier.', 2004, '2014-08-15', 'conf/clef/LiomaHPO04', 'http://ceur-ws.org/Vol-1170/CLEF2004wn-adhoc-LiomaEt2004.pdf');
INSERT INTO Write (AuthorID, PaperID) VALUES (180, 2367);
INSERT INTO Paper (PaperID, Title, Year, MDate, Key, DOI) VALUES (2619, 'Applying Light Natural Language Processing to Ad-Hoc Cross Language Information Retrieval.', 2005, '2017-05-24', 'conf/clef/LiomaMHPO05', 'https://doi.org/10.1007/11878773_19');
INSERT INTO Write (AuthorID, PaperID) VALUES (180, 2619);
INSERT INTO Paper (PaperID, Title, Year, MDate, Key, DOI) VALUES (2924, 'Comparing Algorithms for Microblog Summarisation.', 2014, '2018-11-02', 'conf/clef/MackieMMO14', 'https://doi.org/10.1007/978-3-319-11382-1_15');
INSERT INTO Write (AuthorID, PaperID) VALUES (180, 2924);
INSERT INTO Paper (PaperID, Title, Year, MDate, Key, DOI) VALUES (2965, 'University of Glasgow at CLEF 2013: Experiments in eHealth Task 3 with Terrier.', 2013, '2014-09-10', 'conf/clef/LimsopathamMO13', 'http://ceur-ws.org/Vol-1179/CLEF2013wn-CLEFeHealth-LimsopathamEt2013.pdf');
INSERT INTO Write (AuthorID, PaperID) VALUES (180, 2965);
INSERT INTO Paper (PaperID, Title, Year, MDate, Key, DOI) VALUES (3004, 'University of Glasgow at WebCLEF 2005: Experiments in Per-Field Normalisation and Language Specific Stemming.', 2005, '2017-05-24', 'conf/clef/MacdonaldPHLO05', 'https://doi.org/10.1007/11878773_100');
INSERT INTO Write (AuthorID, PaperID) VALUES (180, 3004);
INSERT INTO Paper (PaperID, Title, Year, MDate, Key, DOI) VALUES (3095, 'Applying Light Natural Language Processing to Ad-Hoc Cross Language Information Retrieval.', 2005, '2014-08-15', 'conf/clef/LiomaMHPO05a', 'http://ceur-ws.org/Vol-1171/CLEF2005wn-adhoc-LiomaEt2005.pdf');
INSERT INTO Write (AuthorID, PaperID) VALUES (180, 3095);
INSERT INTO Author (AuthorID, Name) VALUES (181, 'Helena G&oacute;mez-Adorno');
INSERT INTO Write (AuthorID, PaperID) VALUES (181, 106);
INSERT INTO Write (AuthorID, PaperID) VALUES (181, 943);
INSERT INTO Write (AuthorID, PaperID) VALUES (181, 1267);
INSERT INTO Write (AuthorID, PaperID) VALUES (181, 2303);
INSERT INTO Write (AuthorID, PaperID) VALUES (181, 2538);
INSERT INTO Write (AuthorID, PaperID) VALUES (181, 2553);
INSERT INTO Write (AuthorID, PaperID) VALUES (181, 2783);
INSERT INTO Write (AuthorID, PaperID) VALUES (181, 2894);
INSERT INTO Write (AuthorID, PaperID) VALUES (181, 3201);
INSERT INTO Write (AuthorID, PaperID) VALUES (181, 3497);
INSERT INTO Write (AuthorID, PaperID) VALUES (181, 3503);
INSERT INTO Author (AuthorID, Name) VALUES (182, 'Corina Forascu');
INSERT INTO Write (AuthorID, PaperID) VALUES (182, 221);
INSERT INTO Write (AuthorID, PaperID) VALUES (182, 265);
INSERT INTO Write (AuthorID, PaperID) VALUES (182, 554);
INSERT INTO Paper (PaperID, Title, Year, MDate, Key, DOI) VALUES (809, 'Question Answering over Linked Data (QALD-4).', 2014, '2016-10-14', 'conf/clef/UngerFLNCCW14', 'http://ceur-ws.org/Vol-1180/CLEF2014wn-QA-UngerEt2014.pdf');
INSERT INTO Write (AuthorID, PaperID) VALUES (182, 809);
INSERT INTO Write (AuthorID, PaperID) VALUES (182, 907);
INSERT INTO Write (AuthorID, PaperID) VALUES (182, 1205);
INSERT INTO Write (AuthorID, PaperID) VALUES (182, 2789);
INSERT INTO Write (AuthorID, PaperID) VALUES (182, 2836);
INSERT INTO Write (AuthorID, PaperID) VALUES (182, 2849);
INSERT INTO Paper (PaperID, Title, Year, MDate, Key, DOI) VALUES (3051, 'Question Answering over Linked Data (QALD-5).', 2015, '2016-10-14', 'conf/clef/UngerFLNCCW15', 'http://ceur-ws.org/Vol-1391/173-CR.pdf');
INSERT INTO Write (AuthorID, PaperID) VALUES (182, 3051);
INSERT INTO Write (AuthorID, PaperID) VALUES (182, 3190);
INSERT INTO Author (AuthorID, Name) VALUES (183, 'Xavier Tannier');
INSERT INTO Write (AuthorID, PaperID) VALUES (183, 66);
INSERT INTO Write (AuthorID, PaperID) VALUES (183, 378);
INSERT INTO Write (AuthorID, PaperID) VALUES (183, 394);
INSERT INTO Write (AuthorID, PaperID) VALUES (183, 657);
INSERT INTO Write (AuthorID, PaperID) VALUES (183, 843);
INSERT INTO Write (AuthorID, PaperID) VALUES (183, 1046);
INSERT INTO Write (AuthorID, PaperID) VALUES (183, 1319);
INSERT INTO Write (AuthorID, PaperID) VALUES (183, 2233);
INSERT INTO Write (AuthorID, PaperID) VALUES (183, 2460);
INSERT INTO Write (AuthorID, PaperID) VALUES (183, 3358);
INSERT INTO Write (AuthorID, PaperID) VALUES (183, 3360);
INSERT INTO Author (AuthorID, Name) VALUES (184, 'Willem-Pier Vellinga');
INSERT INTO Write (AuthorID, PaperID) VALUES (184, 2);
INSERT INTO Write (AuthorID, PaperID) VALUES (184, 569);
INSERT INTO Write (AuthorID, PaperID) VALUES (184, 596);
INSERT INTO Write (AuthorID, PaperID) VALUES (184, 1140);
INSERT INTO Paper (PaperID, Title, Year, MDate, Key, DOI) VALUES (1180, 'The Xeno-canto Collection and its Relation to Sound Recognition and Classification.', 2015, '2017-08-31', 'conf/clef/VellingaP15', 'http://ceur-ws.org/Vol-1391/166-CR.pdf');
INSERT INTO Write (AuthorID, PaperID) VALUES (184, 1180);
INSERT INTO Write (AuthorID, PaperID) VALUES (184, 1370);
INSERT INTO Write (AuthorID, PaperID) VALUES (184, 1408);
INSERT INTO Write (AuthorID, PaperID) VALUES (184, 1522);
INSERT INTO Write (AuthorID, PaperID) VALUES (184, 1876);
INSERT INTO Write (AuthorID, PaperID) VALUES (184, 2209);
INSERT INTO Write (AuthorID, PaperID) VALUES (184, 2402);
INSERT INTO Author (AuthorID, Name) VALUES (185, 'Hermann Ney');
INSERT INTO Write (AuthorID, PaperID) VALUES (185, 71);
INSERT INTO Write (AuthorID, PaperID) VALUES (185, 611);
INSERT INTO Write (AuthorID, PaperID) VALUES (185, 963);
INSERT INTO Write (AuthorID, PaperID) VALUES (185, 1044);
INSERT INTO Write (AuthorID, PaperID) VALUES (185, 1562);
INSERT INTO Write (AuthorID, PaperID) VALUES (185, 1906);
INSERT INTO Write (AuthorID, PaperID) VALUES (185, 2068);
INSERT INTO Write (AuthorID, PaperID) VALUES (185, 2306);
INSERT INTO Write (AuthorID, PaperID) VALUES (185, 2850);
INSERT INTO Write (AuthorID, PaperID) VALUES (185, 3308);
INSERT INTO Author (AuthorID, Name) VALUES (186, 'Ljiljana Dolamic');
INSERT INTO Write (AuthorID, PaperID) VALUES (186, 1653);
INSERT INTO Write (AuthorID, PaperID) VALUES (186, 1929);
INSERT INTO Write (AuthorID, PaperID) VALUES (186, 2197);
INSERT INTO Write (AuthorID, PaperID) VALUES (186, 2365);
INSERT INTO Write (AuthorID, PaperID) VALUES (186, 2555);
INSERT INTO Write (AuthorID, PaperID) VALUES (186, 2730);
INSERT INTO Write (AuthorID, PaperID) VALUES (186, 2873);
INSERT INTO Write (AuthorID, PaperID) VALUES (186, 3088);
INSERT INTO Write (AuthorID, PaperID) VALUES (186, 3522);
INSERT INTO Write (AuthorID, PaperID) VALUES (186, 3525);
INSERT INTO Author (AuthorID, Name) VALUES (187, 'Sameer K. Antani');
INSERT INTO Write (AuthorID, PaperID) VALUES (187, 127);
INSERT INTO Write (AuthorID, PaperID) VALUES (187, 869);
INSERT INTO Write (AuthorID, PaperID) VALUES (187, 1012);
INSERT INTO Write (AuthorID, PaperID) VALUES (187, 1017);
INSERT INTO Paper (PaperID, Title, Year, MDate, Key, DOI) VALUES (1476, 'National Library of Medicine (NLM) at ImageCLEF2015: Medical Clustering Task.', 2015, '2015-12-03', 'conf/clef/VajdaAT15', 'http://ceur-ws.org/Vol-1391/12-CR.pdf');
INSERT INTO Write (AuthorID, PaperID) VALUES (187, 1476);
INSERT INTO Paper (PaperID, Title, Year, MDate, Key, DOI) VALUES (2000, 'NLM at imageCLEF2015: Biomedical Multipanel Figure Separation.', 2015, '2015-12-03', 'conf/clef/SantoshXAT15', 'http://ceur-ws.org/Vol-1391/19-CR.pdf');
INSERT INTO Write (AuthorID, PaperID) VALUES (187, 2000);
INSERT INTO Write (AuthorID, PaperID) VALUES (187, 2155);
INSERT INTO Write (AuthorID, PaperID) VALUES (187, 2301);
INSERT INTO Write (AuthorID, PaperID) VALUES (187, 3167);
INSERT INTO Write (AuthorID, PaperID) VALUES (187, 3406);
INSERT INTO Author (AuthorID, Name) VALUES (188, 'Michael Grubinger');
INSERT INTO Write (AuthorID, PaperID) VALUES (188, 237);
INSERT INTO Write (AuthorID, PaperID) VALUES (188, 663);
INSERT INTO Write (AuthorID, PaperID) VALUES (188, 1414);
INSERT INTO Write (AuthorID, PaperID) VALUES (188, 1551);
INSERT INTO Write (AuthorID, PaperID) VALUES (188, 1578);
INSERT INTO Write (AuthorID, PaperID) VALUES (188, 2452);
INSERT INTO Write (AuthorID, PaperID) VALUES (188, 2482);
INSERT INTO Write (AuthorID, PaperID) VALUES (188, 2695);
INSERT INTO Write (AuthorID, PaperID) VALUES (188, 2817);
INSERT INTO Write (AuthorID, PaperID) VALUES (188, 3076);
INSERT INTO Author (AuthorID, Name) VALUES (189, 'Mihai Alex Moruz');
INSERT INTO Write (AuthorID, PaperID) VALUES (189, 327);
INSERT INTO Write (AuthorID, PaperID) VALUES (189, 525);
INSERT INTO Write (AuthorID, PaperID) VALUES (189, 1424);
INSERT INTO Write (AuthorID, PaperID) VALUES (189, 2038);
INSERT INTO Write (AuthorID, PaperID) VALUES (189, 2347);
INSERT INTO Write (AuthorID, PaperID) VALUES (189, 2545);
INSERT INTO Write (AuthorID, PaperID) VALUES (189, 2680);
INSERT INTO Write (AuthorID, PaperID) VALUES (189, 3073);
INSERT INTO Write (AuthorID, PaperID) VALUES (189, 3126);
INSERT INTO Write (AuthorID, PaperID) VALUES (189, 3397);
INSERT INTO Author (AuthorID, Name) VALUES (190, 'Viviane Pereira Moreira');
INSERT INTO Paper (PaperID, Title, Year, MDate, Key, DOI) VALUES (286, 'UFRGS@CLEF2009: Retrieval by Numbers.', 2009, '2014-09-29', 'conf/clef/BorgesM09a', 'http://ceur-ws.org/Vol-1175/CLEF2009wn-adhoc-BohrerEt2009.pdf');
INSERT INTO Write (AuthorID, PaperID) VALUES (190, 286);
INSERT INTO Paper (PaperID, Title, Year, MDate, Key, DOI) VALUES (691, 'UFRGS@PAN2010: Detecting External Plagiarism - Lab Report for PAN at CLEF 2010.', 2010, '2016-06-01', 'conf/clef/PereiraMG10', 'http://www.clef-initiative.eu/documents/71612/86374/CLEF2010wn-PAN-Corezola%20PereiraEt2010.pdf');
INSERT INTO Write (AuthorID, PaperID) VALUES (190, 691);
INSERT INTO Paper (PaperID, Title, Year, MDate, Key, DOI) VALUES (1071, 'Exploring Information Retrieval Features for Author Profiling.', 2014, '2014-09-24', 'conf/clef/WerenMO14', 'http://ceur-ws.org/Vol-1180/CLEF2014wn-Pan-WerenEt2014.pdf');
INSERT INTO Write (AuthorID, PaperID) VALUES (190, 1071);
INSERT INTO Paper (PaperID, Title, Year, MDate, Key, DOI) VALUES (1496, 'A New Approach for Cross-Language Plagiarism Analysis.', 2010, '2017-06-02', 'conf/clef/PereiraMG10a', 'https://doi.org/10.1007/978-3-642-15998-5_4');
INSERT INTO Write (AuthorID, PaperID) VALUES (190, 1496);
INSERT INTO Paper (PaperID, Title, Year, MDate, Key, DOI) VALUES (1504, 'BBK-UFRGS@CLEF2009: Query Expansion of Geographic Place Names.', 2009, '2016-06-16', 'conf/clef/FlemmingsBGM09', 'http://ceur-ws.org/Vol-1175/CLEF2009wn-QACLEF-FlemmingsEt2009.pdf');
INSERT INTO Write (AuthorID, PaperID) VALUES (190, 1504);
INSERT INTO Paper (PaperID, Title, Year, MDate, Key, DOI) VALUES (1667, 'Using Simple Content Features for the Author Profiling Task Notebook for PAN at CLEF 2013.', 2013, '2014-09-25', 'conf/clef/WerenMO13', 'http://ceur-ws.org/Vol-1179/CLEF2013wn-PAN-WerenEt2013.pdf');
INSERT INTO Write (AuthorID, PaperID) VALUES (190, 1667);
INSERT INTO Write (AuthorID, PaperID) VALUES (190, 1894);
INSERT INTO Paper (PaperID, Title, Year, MDate, Key, DOI) VALUES (2211, 'A Test Collection to Evaluate Plagiarism by Missing or Incorrect References.', 2012, '2017-06-02', 'conf/clef/PertileM12', 'https://doi.org/10.1007/978-3-642-33247-0_17');
INSERT INTO Write (AuthorID, PaperID) VALUES (190, 2211);
INSERT INTO Paper (PaperID, Title, Year, MDate, Key, DOI) VALUES (2796, 'UFRGS@CLEF2009: Retrieval by Numbers.', 2009, '2017-06-02', 'conf/clef/BorgesM09', 'https://doi.org/10.1007/978-3-642-15754-7_16');
INSERT INTO Write (AuthorID, PaperID) VALUES (190, 2796);
INSERT INTO Paper (PaperID, Title, Year, MDate, Key, DOI) VALUES (2874, 'UFRGS@CLEF2008: Using Association Rules for Cross-Language Information Retrieval.', 2008, '2017-06-02', 'conf/clef/GeraldoM08', 'https://doi.org/10.1007/978-3-642-04447-2_7');
INSERT INTO Write (AuthorID, PaperID) VALUES (190, 2874);
INSERT INTO Author (AuthorID, Name) VALUES (191, 'Preslav Nakov');
INSERT INTO Paper (PaperID, Title, Year, MDate, Key, DOI) VALUES (233, 'Overview of the CLEF-2018 CheckThat! Lab on Automatic Identification and Verification of Political Claims. Task 1: Check-Worthiness.', 2018, '2018-08-08', 'conf/clef/AtanasovaMBESZK18', 'http://ceur-ws.org/Vol-2125/invited_paper_13.pdf');
INSERT INTO Write (AuthorID, PaperID) VALUES (191, 233);
INSERT INTO Paper (PaperID, Title, Year, MDate, Key, DOI) VALUES (524, 'Overview of the CLEF-2018 CheckThat! Lab on Automatic Identification and Verification of Political Claims. Task 2: Factuality.', 2018, '2018-08-08', 'conf/clef/Barron-CedenoES18', 'http://ceur-ws.org/Vol-2125/invited_paper_14.pdf');
INSERT INTO Write (AuthorID, PaperID) VALUES (191, 524);
INSERT INTO Paper (PaperID, Title, Year, MDate, Key, DOI) VALUES (659, 'SU@PAN''2016: Author Obfuscation.', 2016, '2016-08-11', 'conf/clef/MihaylovaKKGKN16', 'http://ceur-ws.org/Vol-1609/16090956.pdf');
INSERT INTO Write (AuthorID, PaperID) VALUES (191, 659);
INSERT INTO Paper (PaperID, Title, Year, MDate, Key, DOI) VALUES (953, 'Overview of the CLEF-2018 CheckThat! Lab on Automatic Identification and Verification of Political Claims.', 2018, '2018-08-20', 'conf/clef/NakovBESMZAKM18', 'https://doi.org/10.1007/978-3-319-98932-7_32');
INSERT INTO Write (AuthorID, PaperID) VALUES (191, 953);
INSERT INTO Paper (PaperID, Title, Year, MDate, Key, DOI) VALUES (1105, 'The Case for Being Average: A Mediocrity Approach to Style Masking and Author Obfuscation - (Best of the Labs Track at CLEF-2017).', 2017, '2017-08-31', 'conf/clef/KaradzhovMKGKN17', 'https://doi.org/10.1007/978-3-319-65813-1_18');
INSERT INTO Write (AuthorID, PaperID) VALUES (191, 1105);
INSERT INTO Paper (PaperID, Title, Year, MDate, Key, DOI) VALUES (1249, 'SU@PAN''2015: Experiments in Author Profiling.', 2015, '2015-09-03', 'conf/clef/KiprovHNK15', 'http://ceur-ws.org/Vol-1391/137-CR.pdf');
INSERT INTO Write (AuthorID, PaperID) VALUES (191, 1249);
INSERT INTO Paper (PaperID, Title, Year, MDate, Key, DOI) VALUES (1520, 'Experiments in Authorship-Link Ranking and Complete Author Clustering.', 2016, '2016-08-11', 'conf/clef/ZmiycharovAGKGK16', 'http://ceur-ws.org/Vol-1609/16091018.pdf');
INSERT INTO Write (AuthorID, PaperID) VALUES (191, 1520);
INSERT INTO Paper (PaperID, Title, Year, MDate, Key, DOI) VALUES (1568, 'An Ensemble-Rich Multi-Aspect Approach Towards Robust Style Change Detection: Notebook for PAN at CLEF 2018.', 2018, '2018-08-08', 'conf/clef/ZlatkovaKMAHKN18', 'http://ceur-ws.org/Vol-2125/paper_142.pdf');
INSERT INTO Write (AuthorID, PaperID) VALUES (191, 1568);
INSERT INTO Paper (PaperID, Title, Year, MDate, Key, DOI) VALUES (2704, 'PANcakes Team: A Composite System of Domain-Agnostic Features For Author Profiling.', 2016, '2016-08-11', 'conf/clef/GenchevaBDNGKK16', 'http://ceur-ws.org/Vol-1609/16090874.pdf');
INSERT INTO Write (AuthorID, PaperID) VALUES (191, 2704);
INSERT INTO Paper (PaperID, Title, Year, MDate, Key, DOI) VALUES (3263, 'SU@PAN''2015: Experiments in Author Verification.', 2015, '2015-09-03', 'conf/clef/NikolovTSKN15', 'http://ceur-ws.org/Vol-1391/151-CR.pdf');
INSERT INTO Write (AuthorID, PaperID) VALUES (191, 3263);
INSERT INTO Author (AuthorID, Name) VALUES (192, 'Mihai Lupu');
INSERT INTO Write (AuthorID, PaperID) VALUES (192, 134);
INSERT INTO Write (AuthorID, PaperID) VALUES (192, 274);
INSERT INTO Write (AuthorID, PaperID) VALUES (192, 685);
INSERT INTO Paper (PaperID, Title, Year, MDate, Key, DOI) VALUES (727, 'A Real-World Framework for Translator as Expert Retrieval.', 2014, '2017-05-24', 'conf/clef/RekabsazL14', 'https://doi.org/10.1007/978-3-319-11382-1_14');
INSERT INTO Write (AuthorID, PaperID) VALUES (192, 727);
INSERT INTO Write (AuthorID, PaperID) VALUES (192, 2059);
INSERT INTO Write (AuthorID, PaperID) VALUES (192, 2896);
INSERT INTO Write (AuthorID, PaperID) VALUES (192, 2997);
INSERT INTO Write (AuthorID, PaperID) VALUES (192, 3086);
INSERT INTO Write (AuthorID, PaperID) VALUES (192, 3213);
INSERT INTO Write (AuthorID, PaperID) VALUES (192, 3256);
INSERT INTO Author (AuthorID, Name) VALUES (193, 'Dina Demner-Fushman');
INSERT INTO Write (AuthorID, PaperID) VALUES (193, 127);
INSERT INTO Paper (PaperID, Title, Year, MDate, Key, DOI) VALUES (453, 'Recent Enhancements to the NLM Medical Text Indexer.', 2014, '2014-09-10', 'conf/clef/MorkDSA14', 'http://ceur-ws.org/Vol-1180/CLEF2014wn-QA-MorkEt2014.pdf');
INSERT INTO Write (AuthorID, PaperID) VALUES (193, 453);
INSERT INTO Write (AuthorID, PaperID) VALUES (193, 869);
INSERT INTO Write (AuthorID, PaperID) VALUES (193, 1012);
INSERT INTO Write (AuthorID, PaperID) VALUES (193, 1017);
INSERT INTO Write (AuthorID, PaperID) VALUES (193, 2155);
INSERT INTO Write (AuthorID, PaperID) VALUES (193, 2301);
INSERT INTO Paper (PaperID, Title, Year, MDate, Key, DOI) VALUES (3133, 'NLM at ImageCLEF 2018 Visual Question Answering in the Medical Domain.', 2018, '2018-08-08', 'conf/clef/AbachaGLRD18', 'http://ceur-ws.org/Vol-2125/paper_165.pdf');
INSERT INTO Write (AuthorID, PaperID) VALUES (193, 3133);
INSERT INTO Write (AuthorID, PaperID) VALUES (193, 3167);
INSERT INTO Write (AuthorID, PaperID) VALUES (193, 3406);
INSERT INTO Author (AuthorID, Name) VALUES (194, 'Dan Tufis');
INSERT INTO Paper (PaperID, Title, Year, MDate, Key, DOI) VALUES (205, 'RACAI''s QA System at the Romanian-Romanian QA@CLEF2008 Main Task.', 2008, '2017-05-24', 'conf/clef/IonSCT08', 'https://doi.org/10.1007/978-3-642-04447-2_46');
INSERT INTO Write (AuthorID, PaperID) VALUES (194, 205);
INSERT INTO Paper (PaperID, Title, Year, MDate, Key, DOI) VALUES (230, 'RACAI''s Question Answering System at QA@CLEF2007.', 2007, '2017-05-24', 'conf/clef/TufisSIC07', 'https://doi.org/10.1007/978-3-540-85760-0_34');
INSERT INTO Write (AuthorID, PaperID) VALUES (194, 230);
INSERT INTO Paper (PaperID, Title, Year, MDate, Key, DOI) VALUES (414, 'Introduction to the CLEF2013 Labs and Workshop.', 2013, '2014-09-10', 'conf/clef/NavigliT13', 'http://ceur-ws.org/Vol-1179/CLEF2013wn-All-NavigliEt2013.pdf');
INSERT INTO Write (AuthorID, PaperID) VALUES (194, 414);
INSERT INTO Paper (PaperID, Title, Year, MDate, Key, DOI) VALUES (445, 'A Trainable Multi-factored QA System.', 2009, '2017-05-24', 'conf/clef/IonSCTIM09', 'https://doi.org/10.1007/978-3-642-15754-7_29');
INSERT INTO Write (AuthorID, PaperID) VALUES (194, 445);
INSERT INTO Paper (PaperID, Title, Year, MDate, Key, DOI) VALUES (1020, 'A Trainable Multi-factored QA System.', 2009, '2014-09-29', 'conf/clef/IonSCTIM09a', 'http://ceur-ws.org/Vol-1175/CLEF2009wn-QACLEF-IonEt2009.pdf');
INSERT INTO Write (AuthorID, PaperID) VALUES (194, 1020);
INSERT INTO Paper (PaperID, Title, Year, MDate, Key, DOI) VALUES (2151, 'RACAI''s Question Answering System at QA@CLEF 2007.', 2007, '2014-09-23', 'conf/clef/TufisSIC07a', 'http://ceur-ws.org/Vol-1173/CLEF2007wn-QACLEF-TufisEt2007.pdf');
INSERT INTO Write (AuthorID, PaperID) VALUES (194, 2151);
INSERT INTO Write (AuthorID, PaperID) VALUES (194, 2347);
INSERT INTO Write (AuthorID, PaperID) VALUES (194, 2545);
INSERT INTO Paper (PaperID, Title, Year, MDate, Key, DOI) VALUES (2845, 'Monolingual and Multilingual Question Answering on European Legislation.', 2010, '2014-09-24', 'conf/clef/IonCSTIM10', 'http://www.clef-initiative.eu/documents/71612/86374/CLEF2010wn-MLQA10-IonEt2010.pdf');
INSERT INTO Write (AuthorID, PaperID) VALUES (194, 2845);
INSERT INTO Paper (PaperID, Title, Year, MDate, Key, DOI) VALUES (3109, 'RACAI''s QA System at the Romanian-Romanian Multiple Language Question Answering (QA@CLEF2008) Main Task.', 2008, '2014-09-29', 'conf/clef/IonSCT08a', 'http://ceur-ws.org/Vol-1174/CLEF2008wn-QACLEF-IonEt2008.pdf');
INSERT INTO Write (AuthorID, PaperID) VALUES (194, 3109);
INSERT INTO Author (AuthorID, Name) VALUES (195, 'Isabelle Moulinier');
INSERT INTO Paper (PaperID, Title, Year, MDate, Key, DOI) VALUES (87, 'Thomson Legal and Regulatory at CLEF 2001: Monolingual and Bilingual Experiments.', 2001, '2017-05-24', 'conf/clef/Molina-SalgadoMKLS01', 'https://doi.org/10.1007/3-540-45691-0_20');
INSERT INTO Write (AuthorID, PaperID) VALUES (195, 87);
INSERT INTO Paper (PaperID, Title, Year, MDate, Key, DOI) VALUES (130, 'West Group at CLEF 2000: Non-english Monolingual Retrieval.', 2000, '2017-05-24', 'conf/clef/MoulinierML00', 'https://doi.org/10.1007/3-540-44645-1_25');
INSERT INTO Write (AuthorID, PaperID) VALUES (195, 130);
INSERT INTO Paper (PaperID, Title, Year, MDate, Key, DOI) VALUES (776, 'Report on Thomson Legal and Regulatory Experiments at CLEF-2004.', 2004, '2014-08-15', 'conf/clef/MoulinierW04', 'http://ceur-ws.org/Vol-1170/CLEF2004wn-adhoc-MoulinierEt2004.pdf');
INSERT INTO Write (AuthorID, PaperID) VALUES (195, 776);
INSERT INTO Paper (PaperID, Title, Year, MDate, Key, DOI) VALUES (782, 'Thomson Legal and Regulatory at CLEF 2001: Monolingual and Bilingual Experiments.', 2001, '2014-08-15', 'conf/clef/Molina-SalgadoMKLS01a', 'http://ceur-ws.org/Vol-1167/CLEF2001wn-adhoc-MolinaSalgadoEt2001.pdf');
INSERT INTO Write (AuthorID, PaperID) VALUES (195, 782);
INSERT INTO Paper (PaperID, Title, Year, MDate, Key, DOI) VALUES (1069, 'West Group at CLEF2000: Non-English Monolingual Retrieval.', 2000, '2014-08-15', 'conf/clef/MoulinierML00a', 'http://ceur-ws.org/Vol-1166/CLEF2000wn-adhoc-MoulinierEt2000.pdf');
INSERT INTO Write (AuthorID, PaperID) VALUES (195, 1069);
INSERT INTO Paper (PaperID, Title, Year, MDate, Key, DOI) VALUES (1254, 'Thomson Legal and Regulatory Experiments for CLEF 2002.', 2002, '2014-08-15', 'conf/clef/MoulinierM02a', 'http://ceur-ws.org/Vol-1168/CLEF2002wn-adhoc-MoulinierEt2002.pdf');
INSERT INTO Write (AuthorID, PaperID) VALUES (195, 1254);
INSERT INTO Paper (PaperID, Title, Year, MDate, Key, DOI) VALUES (1634, 'Thomson Legal and Regulatory Experiments for CLEF 2002.', 2002, '2017-05-24', 'conf/clef/MoulinierM02', 'https://doi.org/10.1007/978-3-540-45237-9_12');
INSERT INTO Write (AuthorID, PaperID) VALUES (195, 1634);
INSERT INTO Paper (PaperID, Title, Year, MDate, Key, DOI) VALUES (1671, 'Thomson Legal and Regulatory Experiments at CLEF-2005.', 2005, '2017-05-24', 'conf/clef/MoulinierW05a', 'https://doi.org/10.1007/11878773_6');
INSERT INTO Write (AuthorID, PaperID) VALUES (195, 1671);
INSERT INTO Paper (PaperID, Title, Year, MDate, Key, DOI) VALUES (2143, 'Thomson Legal and Regulatory Experiments at CLEF-2005.', 2005, '2014-08-15', 'conf/clef/MoulinierW05b', 'http://ceur-ws.org/Vol-1171/CLEF2005wn-adhoc-MoulinierEt2005.pdf');
INSERT INTO Write (AuthorID, PaperID) VALUES (195, 2143);
INSERT INTO Paper (PaperID, Title, Year, MDate, Key, DOI) VALUES (3446, 'Report on Thomson Legal and Regulatory Experiments at CLEF-2004.', 2004, '2017-05-24', 'conf/clef/MoulinierW05', 'https://doi.org/10.1007/11519645_11');
INSERT INTO Write (AuthorID, PaperID) VALUES (195, 3446);
INSERT INTO Author (AuthorID, Name) VALUES (196, 'Christelle Ayache');
INSERT INTO Write (AuthorID, PaperID) VALUES (196, 76);
INSERT INTO Write (AuthorID, PaperID) VALUES (196, 142);
INSERT INTO Write (AuthorID, PaperID) VALUES (196, 633);
INSERT INTO Write (AuthorID, PaperID) VALUES (196, 1163);
INSERT INTO Write (AuthorID, PaperID) VALUES (196, 2316);
INSERT INTO Write (AuthorID, PaperID) VALUES (196, 2329);
INSERT INTO Write (AuthorID, PaperID) VALUES (196, 2836);
INSERT INTO Write (AuthorID, PaperID) VALUES (196, 2864);
INSERT INTO Write (AuthorID, PaperID) VALUES (196, 3147);
INSERT INTO Write (AuthorID, PaperID) VALUES (196, 3286);
INSERT INTO Author (AuthorID, Name) VALUES (197, 'Djamel Mostefa');
INSERT INTO Write (AuthorID, PaperID) VALUES (197, 65);
INSERT INTO Write (AuthorID, PaperID) VALUES (197, 566);
INSERT INTO Write (AuthorID, PaperID) VALUES (197, 1685);
INSERT INTO Write (AuthorID, PaperID) VALUES (197, 1998);
INSERT INTO Write (AuthorID, PaperID) VALUES (197, 2103);
INSERT INTO Write (AuthorID, PaperID) VALUES (197, 2190);
INSERT INTO Write (AuthorID, PaperID) VALUES (197, 2316);
INSERT INTO Write (AuthorID, PaperID) VALUES (197, 2329);
INSERT INTO Write (AuthorID, PaperID) VALUES (197, 2446);
INSERT INTO Write (AuthorID, PaperID) VALUES (197, 3296);
INSERT INTO Author (AuthorID, Name) VALUES (198, 'Lo&iuml;c Maisonnasse');
INSERT INTO Write (AuthorID, PaperID) VALUES (198, 734);
INSERT INTO Paper (PaperID, Title, Year, MDate, Key, DOI) VALUES (906, 'Analysis Combination and Pseudo Relevance Feedback in a Conceptual Language Model: LIRIS participation in ImageClefMed.', 2009, '2014-09-29', 'conf/clef/MaisonnasseH09', 'http://ceur-ws.org/Vol-1175/CLEF2009wn-ImageCLEF-MaisonnasseEt2009.pdf');
INSERT INTO Write (AuthorID, PaperID) VALUES (198, 906);
INSERT INTO Write (AuthorID, PaperID) VALUES (198, 1221);
INSERT INTO Write (AuthorID, PaperID) VALUES (198, 1579);
INSERT INTO Write (AuthorID, PaperID) VALUES (198, 1644);
INSERT INTO Write (AuthorID, PaperID) VALUES (198, 1758);
INSERT INTO Write (AuthorID, PaperID) VALUES (198, 2283);
INSERT INTO Write (AuthorID, PaperID) VALUES (198, 2824);
INSERT INTO Paper (PaperID, Title, Year, MDate, Key, DOI) VALUES (3343, 'Analysis Combination and Pseudo Relevance Feedback in Conceptual Language Model - LIRIS Participation at ImageCLEFMed.', 2009, '2017-06-15', 'conf/clef/MaisonnasseHRC09', 'https://doi.org/10.1007/978-3-642-15751-6_24');
INSERT INTO Write (AuthorID, PaperID) VALUES (198, 3343);
INSERT INTO Write (AuthorID, PaperID) VALUES (198, 3514);
INSERT INTO Author (AuthorID, Name) VALUES (199, 'Hristo Tanev');
INSERT INTO Write (AuthorID, PaperID) VALUES (199, 24);
INSERT INTO Write (AuthorID, PaperID) VALUES (199, 61);
INSERT INTO Write (AuthorID, PaperID) VALUES (199, 139);
INSERT INTO Write (AuthorID, PaperID) VALUES (199, 195);
INSERT INTO Paper (PaperID, Title, Year, MDate, Key, DOI) VALUES (385, 'Detecting Entity-Related Events and Sentiments from Tweets Using Multilingual Resources.', 2012, '2014-09-24', 'conf/clef/BalahurT12', 'http://www.clef-initiative.eu/documents/71612/b4187254-a962-4498-9a45-66f1d3609237');
INSERT INTO Write (AuthorID, PaperID) VALUES (199, 385);
INSERT INTO Write (AuthorID, PaperID) VALUES (199, 541);
INSERT INTO Write (AuthorID, PaperID) VALUES (199, 1525);
INSERT INTO Write (AuthorID, PaperID) VALUES (199, 1574);
INSERT INTO Paper (PaperID, Title, Year, MDate, Key, DOI) VALUES (2154, 'Extraction of Definitions for Bulgarian.', 2006, '2014-08-15', 'conf/clef/Tanev06', 'http://ceur-ws.org/Vol-1172/CLEF2006wn-QACLEF-Tanev2006.pdf');
INSERT INTO Write (AuthorID, PaperID) VALUES (199, 2154);
INSERT INTO Write (AuthorID, PaperID) VALUES (199, 2335);
INSERT INTO Author (AuthorID, Name) VALUES (200, 'Kiril Ivanov Simov');
INSERT INTO Write (AuthorID, PaperID) VALUES (200, 61);
INSERT INTO Write (AuthorID, PaperID) VALUES (200, 76);
INSERT INTO Write (AuthorID, PaperID) VALUES (200, 139);
INSERT INTO Write (AuthorID, PaperID) VALUES (200, 541);
INSERT INTO Write (AuthorID, PaperID) VALUES (200, 1574);
INSERT INTO Write (AuthorID, PaperID) VALUES (200, 2042);
INSERT INTO Write (AuthorID, PaperID) VALUES (200, 2864);
INSERT INTO Write (AuthorID, PaperID) VALUES (200, 2998);
INSERT INTO Write (AuthorID, PaperID) VALUES (200, 3117);
INSERT INTO Write (AuthorID, PaperID) VALUES (200, 3487);
INSERT INTO Author (AuthorID, Name) VALUES (201, 'Iustin Dornescu');
INSERT INTO Paper (PaperID, Title, Year, MDate, Key, DOI) VALUES (110, 'University of Wolverhampton at CLEF 2008.', 2008, '2014-09-29', 'conf/clef/DornescuPO08', 'http://ceur-ws.org/Vol-1174/CLEF2008wn-QACLEF-DornescuEt2008.pdf');
INSERT INTO Write (AuthorID, PaperID) VALUES (201, 110);
INSERT INTO Paper (PaperID, Title, Year, MDate, Key, DOI) VALUES (814, 'Cross-document Coreference for WePS.', 2010, '2014-09-24', 'conf/clef/DornescuOL10', 'http://www.clef-initiative.eu/documents/71612/86374/CLEF2010wn-WePS-DornescuEt2010.pdf');
INSERT INTO Write (AuthorID, PaperID) VALUES (201, 814);
INSERT INTO Write (AuthorID, PaperID) VALUES (201, 850);
INSERT INTO Paper (PaperID, Title, Year, MDate, Key, DOI) VALUES (877, 'EQUAL: Encyclopaedic QUestion Answering for Lists.', 2009, '2014-09-29', 'conf/clef/Dornescu09a', 'http://ceur-ws.org/Vol-1175/CLEF2009wn-QACLEF-DornescuEt2009.pdf');
INSERT INTO Write (AuthorID, PaperID) VALUES (201, 877);
INSERT INTO Write (AuthorID, PaperID) VALUES (201, 1255);
INSERT INTO Write (AuthorID, PaperID) VALUES (201, 2347);
INSERT INTO Write (AuthorID, PaperID) VALUES (201, 2545);
INSERT INTO Paper (PaperID, Title, Year, MDate, Key, DOI) VALUES (2672, 'Semantic QA for Encyclopaedic Questions: <i>EQUAL</i> in GikiCLEF.', 2009, '2017-05-24', 'conf/clef/Dornescu09', 'https://doi.org/10.1007/978-3-642-15754-7_39');
INSERT INTO Write (AuthorID, PaperID) VALUES (201, 2672);
INSERT INTO Write (AuthorID, PaperID) VALUES (201, 3073);
INSERT INTO Write (AuthorID, PaperID) VALUES (201, 3331);
INSERT INTO Author (AuthorID, Name) VALUES (202, 'Rub&eacute;n Izquierdo');
INSERT INTO Write (AuthorID, PaperID) VALUES (202, 159);
INSERT INTO Write (AuthorID, PaperID) VALUES (202, 629);
INSERT INTO Write (AuthorID, PaperID) VALUES (202, 653);
INSERT INTO Write (AuthorID, PaperID) VALUES (202, 1206);
INSERT INTO Write (AuthorID, PaperID) VALUES (202, 1285);
INSERT INTO Write (AuthorID, PaperID) VALUES (202, 1796);
INSERT INTO Paper (PaperID, Title, Year, MDate, Key, DOI) VALUES (1802, 'Alicante at CLEF 2009 Robust-WSD Task.', 2009, '2014-09-29', 'conf/clef/FernandezIG09a', 'http://ceur-ws.org/Vol-1175/CLEF2009wn-adhoc-FernandezEt2009.pdf');
INSERT INTO Write (AuthorID, PaperID) VALUES (202, 1802);
INSERT INTO Write (AuthorID, PaperID) VALUES (202, 1809);
INSERT INTO Write (AuthorID, PaperID) VALUES (202, 2147);
INSERT INTO Write (AuthorID, PaperID) VALUES (202, 3265);
INSERT INTO Author (AuthorID, Name) VALUES (203, 'Adri&aacute;n Pastor L&oacute;pez-Monroy');
INSERT INTO Paper (PaperID, Title, Year, MDate, Key, DOI) VALUES (28, 'UAMCLyR at RepLab 2013: Profiling Task.', 2013, '2016-12-16', 'conf/clef/Villatoro-TelloRSL13', 'http://ceur-ws.org/Vol-1179/CLEF2013wn-RepLab-VillatoroTelloEt2013.pdf');
INSERT INTO Write (AuthorID, PaperID) VALUES (203, 28);
INSERT INTO Write (AuthorID, PaperID) VALUES (203, 1234);
INSERT INTO Write (AuthorID, PaperID) VALUES (203, 1344);
INSERT INTO Write (AuthorID, PaperID) VALUES (203, 1977);
INSERT INTO Write (AuthorID, PaperID) VALUES (203, 2080);
INSERT INTO Write (AuthorID, PaperID) VALUES (203, 2270);
INSERT INTO Paper (PaperID, Title, Year, MDate, Key, DOI) VALUES (2464, 'A Straightforward Multimodal Approach for Author Profiling: Notebook for PAN at CLEF 2018.', 2018, '2018-08-08', 'conf/clef/AragonL18', 'http://ceur-ws.org/Vol-2125/paper_96.pdf');
INSERT INTO Write (AuthorID, PaperID) VALUES (203, 2464);
INSERT INTO Write (AuthorID, PaperID) VALUES (203, 2941);
INSERT INTO Write (AuthorID, PaperID) VALUES (203, 2983);
INSERT INTO Write (AuthorID, PaperID) VALUES (203, 3414);
INSERT INTO Author (AuthorID, Name) VALUES (204, 'Mikko Kurimo');
INSERT INTO Paper (PaperID, Title, Year, MDate, Key, DOI) VALUES (9, 'Overview of Morpho Challenge 2008.', 2008, '2017-05-24', 'conf/clef/KurimoTV08', 'https://doi.org/10.1007/978-3-642-04447-2_127');
INSERT INTO Write (AuthorID, PaperID) VALUES (204, 9);
INSERT INTO Paper (PaperID, Title, Year, MDate, Key, DOI) VALUES (258, 'Overview and Results of Morpho Challenge 2009.', 2009, '2017-05-24', 'conf/clef/KurimoVTBB09', 'https://doi.org/10.1007/978-3-642-15754-7_71');
INSERT INTO Write (AuthorID, PaperID) VALUES (204, 258);
INSERT INTO Paper (PaperID, Title, Year, MDate, Key, DOI) VALUES (359, 'Overview of Morpho Challenge in CLEF 2007.', 2007, '2014-09-23', 'conf/clef/KurimoCT07', 'http://ceur-ws.org/Vol-1173/CLEF2007wn-MorphoChallenge-KurimoEt2007.pdf');
INSERT INTO Write (AuthorID, PaperID) VALUES (204, 359);
INSERT INTO Paper (PaperID, Title, Year, MDate, Key, DOI) VALUES (831, 'Unsupervised Morpheme Analysis Evaluation by IR experiments - Morpho Challenge 2007.', 2007, '2014-09-23', 'conf/clef/KurimoCT07a', 'http://ceur-ws.org/Vol-1173/CLEF2007wn-MorphoChallenge-KurimoEt2007b.pdf');
INSERT INTO Write (AuthorID, PaperID) VALUES (204, 831);
INSERT INTO Paper (PaperID, Title, Year, MDate, Key, DOI) VALUES (1131, 'Morpho Challenge Evaluation by Information Retrieval Experiments.', 2008, '2017-05-24', 'conf/clef/KurimoCT08', 'https://doi.org/10.1007/978-3-642-04447-2_131');
INSERT INTO Write (AuthorID, PaperID) VALUES (204, 1131);
INSERT INTO Paper (PaperID, Title, Year, MDate, Key, DOI) VALUES (1608, 'Unsupervised Morpheme Analysis Evaluation by a Comparison to a Linguistic Gold Standard - Morpho Challenge 2007.', 2007, '2014-09-23', 'conf/clef/KurimoCV07a', 'http://ceur-ws.org/Vol-1173/CLEF2007wn-MorphoChallenge-KurimoEt2007a.pdf');
INSERT INTO Write (AuthorID, PaperID) VALUES (204, 1608);
INSERT INTO Paper (PaperID, Title, Year, MDate, Key, DOI) VALUES (2319, 'Unsupervised Morpheme Analysis Evaluation by a Comparison to a Linguistic Gold Standard - Morpho Challenge 2008.', 2008, '2014-09-29', 'conf/clef/KurimoV08', 'http://ceur-ws.org/Vol-1174/CLEF2008wn-MorphoChallenge-KurimoEt2008a.pdf');
INSERT INTO Write (AuthorID, PaperID) VALUES (204, 2319);
INSERT INTO Paper (PaperID, Title, Year, MDate, Key, DOI) VALUES (2387, 'Overview and Results of Morpho Challenge 2009.', 2009, '2014-09-29', 'conf/clef/KurimoVTBB09a', 'http://ceur-ws.org/Vol-1175/CLEF2009wn-MorphoChallenge-KurimoEt2009.pdf');
INSERT INTO Write (AuthorID, PaperID) VALUES (204, 2387);
INSERT INTO Paper (PaperID, Title, Year, MDate, Key, DOI) VALUES (3142, 'Morpho Challenge Evaluation Using a Linguistic Gold Standard.', 2007, '2017-05-24', 'conf/clef/KurimoCV07', 'https://doi.org/10.1007/978-3-540-85760-0_111');
INSERT INTO Write (AuthorID, PaperID) VALUES (204, 3142);
INSERT INTO Paper (PaperID, Title, Year, MDate, Key, DOI) VALUES (3220, 'Unsupervised Morpheme Analysis Evaluation by IR experiments - Morpho Challenge 2008.', 2008, '2014-09-29', 'conf/clef/KurimoT08', 'http://ceur-ws.org/Vol-1174/CLEF2008wn-MorphoChallenge-KurimoEt2008b.pdf');
INSERT INTO Write (AuthorID, PaperID) VALUES (204, 3220);
INSERT INTO Author (AuthorID, Name) VALUES (205, 'Yih-Chen Chang');
INSERT INTO Write (AuthorID, PaperID) VALUES (205, 17);
INSERT INTO Write (AuthorID, PaperID) VALUES (205, 927);
INSERT INTO Write (AuthorID, PaperID) VALUES (205, 949);
INSERT INTO Write (AuthorID, PaperID) VALUES (205, 1134);
INSERT INTO Write (AuthorID, PaperID) VALUES (205, 1464);
INSERT INTO Write (AuthorID, PaperID) VALUES (205, 1474);
INSERT INTO Write (AuthorID, PaperID) VALUES (205, 2164);
INSERT INTO Write (AuthorID, PaperID) VALUES (205, 2901);
INSERT INTO Write (AuthorID, PaperID) VALUES (205, 3003);
INSERT INTO Write (AuthorID, PaperID) VALUES (205, 3274);
INSERT INTO Author (AuthorID, Name) VALUES (206, 'Gosse Bouma');
INSERT INTO Paper (PaperID, Title, Year, MDate, Key, DOI) VALUES (115, 'The University of Groningen at QA@CLEF 2006: Using Syntactic Knowledge for QA.', 2006, '2014-08-15', 'conf/clef/BoumaFMNPT06a', 'http://ceur-ws.org/Vol-1172/CLEF2006wn-QACLEF-BoumaEt2006.pdf');
INSERT INTO Write (AuthorID, PaperID) VALUES (206, 115);
INSERT INTO Paper (PaperID, Title, Year, MDate, Key, DOI) VALUES (155, 'Question Answering for Dutch using Dependency Relations.', 2005, '2014-08-15', 'conf/clef/BoumaMNPT05a', 'http://ceur-ws.org/Vol-1171/CLEF2005wn-QACLEF-BoumaEt2005.pdf');
INSERT INTO Write (AuthorID, PaperID) VALUES (206, 155);
INSERT INTO Paper (PaperID, Title, Year, MDate, Key, DOI) VALUES (348, 'Using Syntactic Knowledge for QA.', 2006, '2018-11-02', 'conf/clef/BoumaFMNPT06', 'https://doi.org/10.1007/978-3-540-74999-8_39');
INSERT INTO Write (AuthorID, PaperID) VALUES (206, 348);
INSERT INTO Paper (PaperID, Title, Year, MDate, Key, DOI) VALUES (425, 'Question Answering with Joost at CLEF 2008.', 2008, '2014-09-29', 'conf/clef/BoumaMNPT08', 'http://ceur-ws.org/Vol-1174/CLEF2008wn-QACLEF-BoumaEt2008.pdf');
INSERT INTO Write (AuthorID, PaperID) VALUES (206, 425);
INSERT INTO Paper (PaperID, Title, Year, MDate, Key, DOI) VALUES (472, 'Relevance Measures Using Geographic Scopes and Types.', 2007, '2017-05-24', 'conf/clef/AndogahB07', 'https://doi.org/10.1007/978-3-540-85760-0_100');
INSERT INTO Write (AuthorID, PaperID) VALUES (206, 472);
INSERT INTO Paper (PaperID, Title, Year, MDate, Key, DOI) VALUES (522, 'Wikipedia Entity Retrieval for Dutch and Spanish.', 2009, '2014-09-29', 'conf/clef/BoumaD09', 'http://ceur-ws.org/Vol-1175/CLEF2009wn-QACLEF-BoumaEt2009.pdf');
INSERT INTO Write (AuthorID, PaperID) VALUES (206, 522);
INSERT INTO Paper (PaperID, Title, Year, MDate, Key, DOI) VALUES (1860, 'Question Answering for Dutch Using Dependency Relations.', 2005, '2018-11-02', 'conf/clef/BoumaMNPT05', 'https://doi.org/10.1007/11878773_42');
INSERT INTO Write (AuthorID, PaperID) VALUES (206, 1860);
INSERT INTO Paper (PaperID, Title, Year, MDate, Key, DOI) VALUES (1915, 'Question Answering with Joost at CLEF 2007.', 2007, '2014-09-23', 'conf/clef/BoumaKM07', 'http://ceur-ws.org/Vol-1173/CLEF2007wn-QACLEF-BoumaEt2007.pdf');
INSERT INTO Write (AuthorID, PaperID) VALUES (206, 1915);
INSERT INTO Paper (PaperID, Title, Year, MDate, Key, DOI) VALUES (2725, 'University of Groningen at GeoCLEF 2007.', 2007, '2014-09-23', 'conf/clef/AndogahB07a', 'http://ceur-ws.org/Vol-1173/CLEF2007wn-GeoCLEF-Andogah2007.pdf');
INSERT INTO Write (AuthorID, PaperID) VALUES (206, 2725);
INSERT INTO Paper (PaperID, Title, Year, MDate, Key, DOI) VALUES (3306, 'Question Answering with Joost at CLEF 2007.', 2007, '2018-11-02', 'conf/clef/BoumaKMNPT07', 'https://doi.org/10.1007/978-3-540-85760-0_30');
INSERT INTO Write (AuthorID, PaperID) VALUES (206, 3306);
INSERT INTO Author (AuthorID, Name) VALUES (207, 'Alessandro Vallin');
INSERT INTO Write (AuthorID, PaperID) VALUES (207, 76);
INSERT INTO Write (AuthorID, PaperID) VALUES (207, 399);
INSERT INTO Write (AuthorID, PaperID) VALUES (207, 894);
INSERT INTO Write (AuthorID, PaperID) VALUES (207, 1028);
INSERT INTO Write (AuthorID, PaperID) VALUES (207, 1163);
INSERT INTO Write (AuthorID, PaperID) VALUES (207, 2166);
INSERT INTO Write (AuthorID, PaperID) VALUES (207, 2349);
INSERT INTO Write (AuthorID, PaperID) VALUES (207, 2864);
INSERT INTO Write (AuthorID, PaperID) VALUES (207, 3175);
INSERT INTO Write (AuthorID, PaperID) VALUES (207, 3286);
INSERT INTO Author (AuthorID, Name) VALUES (208, 'Pinaki Bhaskar');
INSERT INTO Write (AuthorID, PaperID) VALUES (208, 25);
INSERT INTO Write (AuthorID, PaperID) VALUES (208, 125);
INSERT INTO Write (AuthorID, PaperID) VALUES (208, 411);
INSERT INTO Write (AuthorID, PaperID) VALUES (208, 941);
INSERT INTO Write (AuthorID, PaperID) VALUES (208, 1834);
INSERT INTO Write (AuthorID, PaperID) VALUES (208, 2150);
INSERT INTO Write (AuthorID, PaperID) VALUES (208, 2227);
INSERT INTO Write (AuthorID, PaperID) VALUES (208, 2666);
INSERT INTO Write (AuthorID, PaperID) VALUES (208, 3311);
INSERT INTO Write (AuthorID, PaperID) VALUES (208, 3379);
INSERT INTO Author (AuthorID, Name) VALUES (209, 'Xaro Benavent');
INSERT INTO Write (AuthorID, PaperID) VALUES (209, 209);
INSERT INTO Write (AuthorID, PaperID) VALUES (209, 851);
INSERT INTO Write (AuthorID, PaperID) VALUES (209, 996);
INSERT INTO Write (AuthorID, PaperID) VALUES (209, 1820);
INSERT INTO Write (AuthorID, PaperID) VALUES (209, 2198);
INSERT INTO Write (AuthorID, PaperID) VALUES (209, 2330);
INSERT INTO Write (AuthorID, PaperID) VALUES (209, 2390);
INSERT INTO Write (AuthorID, PaperID) VALUES (209, 2569);
INSERT INTO Write (AuthorID, PaperID) VALUES (209, 2621);
INSERT INTO Write (AuthorID, PaperID) VALUES (209, 3035);
INSERT INTO Author (AuthorID, Name) VALUES (210, 'Theodore Kalamboukis');
INSERT INTO Paper (PaperID, Title, Year, MDate, Key, DOI) VALUES (779, 'IPL at CLEF 2016 Medical Task.', 2016, '2016-08-11', 'conf/clef/ValavanisSK16', 'http://ceur-ws.org/Vol-1609/16090413.pdf');
INSERT INTO Write (AuthorID, PaperID) VALUES (210, 779);
INSERT INTO Paper (PaperID, Title, Year, MDate, Key, DOI) VALUES (995, 'Combined Content based and Semantic Image Retrieval.', 2009, '2014-09-29', 'conf/clef/BoutsisK09', 'http://ceur-ws.org/Vol-1175/CLEF2009wn-ImageCLEF-BoutsisEt2009.pdf');
INSERT INTO Write (AuthorID, PaperID) VALUES (210, 995);
INSERT INTO Paper (PaperID, Title, Year, MDate, Key, DOI) VALUES (1055, 'Medical Image Classification with Weighted Latent Semantic Tensors and Deep Convolutional Neural Networks.', 2018, '2018-08-20', 'conf/clef/StathopoulosK18', 'https://doi.org/10.1007/978-3-319-98932-7_8');
INSERT INTO Write (AuthorID, PaperID) VALUES (210, 1055);
INSERT INTO Paper (PaperID, Title, Year, MDate, Key, DOI) VALUES (1263, 'IPL at ImageCLEF 2014: Scalable Concept Image Annotation.', 2014, '2014-09-10', 'conf/clef/StathopoulosK14', 'http://ceur-ws.org/Vol-1180/CLEF2014wn-Image-StathopoulosEt2014.pdf');
INSERT INTO Write (AuthorID, PaperID) VALUES (210, 1263);
INSERT INTO Paper (PaperID, Title, Year, MDate, Key, DOI) VALUES (1430, 'IPL at CLEF 2013 Medical Retrieval Task.', 2013, '2014-09-10', 'conf/clef/StathopoulosLKK13', 'http://ceur-ws.org/Vol-1179/CLEF2013wn-ImageCLEF-StathopoulosEt2013.pdf');
INSERT INTO Write (AuthorID, PaperID) VALUES (210, 1430);
INSERT INTO Paper (PaperID, Title, Year, MDate, Key, DOI) VALUES (1825, 'IPL at CLEF 2012 Medical Retrieval Task.', 2012, '2014-09-24', 'conf/clef/StathopoulosSK12', 'http://www.clef-initiative.eu/documents/71612/57afce03-dc71-4de4-b893-681b5eb77dd5');
INSERT INTO Write (AuthorID, PaperID) VALUES (210, 1825);
INSERT INTO Paper (PaperID, Title, Year, MDate, Key, DOI) VALUES (2109, 'An Evaluation of Greek-English Cross Language Retrieval within the CLEF Ad-Hoc Bilingual Task.', 2009, '2014-09-29', 'conf/clef/KatsiouliK09', 'http://ceur-ws.org/Vol-1175/CLEF2009wn-adhoc-KatsiouliEt2009.pdf');
INSERT INTO Write (AuthorID, PaperID) VALUES (210, 2109);
INSERT INTO Paper (PaperID, Title, Year, MDate, Key, DOI) VALUES (2419, 'IPL at ImageCLEF 2011 Medical Retrieval Task.', 2011, '2014-09-24', 'conf/clef/GkoufasMK11', 'http://www.clef-initiative.eu/documents/71612/86377/CLEF2011wn-ImageCLEF-GkoufasEt2011.pdf');
INSERT INTO Write (AuthorID, PaperID) VALUES (210, 2419);
INSERT INTO Paper (PaperID, Title, Year, MDate, Key, DOI) VALUES (2980, 'IPL at ImageCLEF 2010.', 2010, '2014-09-24', 'conf/clef/StougiannisGK10', 'http://www.clef-initiative.eu/documents/71612/86374/CLEF2010wn-ImageCLEF-StougiannisEt2010.pdf');
INSERT INTO Write (AuthorID, PaperID) VALUES (210, 2980);
INSERT INTO Paper (PaperID, Title, Year, MDate, Key, DOI) VALUES (3240, 'IPL at ImageCLEF 2018: A kNN-based Concept Detection Approach.', 2018, '2018-08-08', 'conf/clef/ValavanisK18', 'http://ceur-ws.org/Vol-2125/paper_205.pdf');
INSERT INTO Write (AuthorID, PaperID) VALUES (210, 3240);
INSERT INTO Author (AuthorID, Name) VALUES (211, 'Xin Zhou');
INSERT INTO Write (AuthorID, PaperID) VALUES (211, 250);
INSERT INTO Write (AuthorID, PaperID) VALUES (211, 587);
INSERT INTO Paper (PaperID, Title, Year, MDate, Key, DOI) VALUES (1084, 'Fast Filtering Techniques in Medical Image Classification and Retrieval.', 2013, '2014-09-10', 'conf/clef/ZhouHSL13', 'http://ceur-ws.org/Vol-1179/CLEF2013wn-ImageCLEF-ZhouEt2013.pdf');
INSERT INTO Write (AuthorID, PaperID) VALUES (211, 1084);
INSERT INTO Write (AuthorID, PaperID) VALUES (211, 1387);
INSERT INTO Write (AuthorID, PaperID) VALUES (211, 1628);
INSERT INTO Write (AuthorID, PaperID) VALUES (211, 1803);
INSERT INTO Write (AuthorID, PaperID) VALUES (211, 2252);
INSERT INTO Write (AuthorID, PaperID) VALUES (211, 2271);
INSERT INTO Write (AuthorID, PaperID) VALUES (211, 2615);
INSERT INTO Write (AuthorID, PaperID) VALUES (211, 3231);
INSERT INTO Author (AuthorID, Name) VALUES (212, 'Bruno Martins 0001');
INSERT INTO Write (AuthorID, PaperID) VALUES (212, 51);
INSERT INTO Paper (PaperID, Title, Year, MDate, Key, DOI) VALUES (319, 'Experiments with N-Gram Prefixes on a Multinomial Language Model versus Lucene''s Off-the-Shelf Ranking Scheme and Rocchio Query Expansion (TEL@CLEF Monolingual Task).', 2009, '2017-12-13', 'conf/clef/MachadoMB09', 'https://doi.org/10.1007/978-3-642-15754-7_10');
INSERT INTO Write (AuthorID, PaperID) VALUES (212, 319);
INSERT INTO Paper (PaperID, Title, Year, MDate, Key, DOI) VALUES (1757, 'Technical University of Lisbon CLEF 2008 Submission: TEL@CLEF Monolingual Task.', 2008, '2017-12-13', 'conf/clef/MachadoMB08a', 'http://ceur-ws.org/Vol-1174/CLEF2008wn-adhoc-MachadoEt2008.pdf');
INSERT INTO Write (AuthorID, PaperID) VALUES (212, 1757);
INSERT INTO Write (AuthorID, PaperID) VALUES (212, 2561);
INSERT INTO Write (AuthorID, PaperID) VALUES (212, 2613);
INSERT INTO Write (AuthorID, PaperID) VALUES (212, 2692);
INSERT INTO Write (AuthorID, PaperID) VALUES (212, 2696);
INSERT INTO Paper (PaperID, Title, Year, MDate, Key, DOI) VALUES (3011, 'Experiments with N-Gram Prefixes on a Multinomial Language Model versus Lucene''s Off-the-shelf Ranking Scheme and Rocchio Query Expansion (TEL@CLEF Monolingual Task).', 2009, '2017-12-13', 'conf/clef/MachadoMB09a', 'http://ceur-ws.org/Vol-1175/CLEF2009wn-adhoc-MachadoEt2009.pdf');
INSERT INTO Write (AuthorID, PaperID) VALUES (212, 3011);
INSERT INTO Write (AuthorID, PaperID) VALUES (212, 3461);
INSERT INTO Paper (PaperID, Title, Year, MDate, Key, DOI) VALUES (3496, 'Experiments on a Multinomial Language Model versus Lucene''s Off-the-Shelf Ranking Scheme and Rocchio Query Expansion (TEL@CLEF Monolingual Task).', 2008, '2017-12-13', 'conf/clef/MachadoMB08', 'https://doi.org/10.1007/978-3-642-04447-2_5');
INSERT INTO Write (AuthorID, PaperID) VALUES (212, 3496);
INSERT INTO Author (AuthorID, Name) VALUES (213, 'Daqing He');
INSERT INTO Paper (PaperID, Title, Year, MDate, Key, DOI) VALUES (302, 'Pitt at CLEF05: Data Fusion for Spoken Document Retrieval.', 2005, '2014-08-15', 'conf/clef/HeA05a', 'http://ceur-ws.org/Vol-1171/CLEF2005wn-CLSR-HeEt2005.pdf');
INSERT INTO Write (AuthorID, PaperID) VALUES (213, 302);
INSERT INTO Write (AuthorID, PaperID) VALUES (213, 342);
INSERT INTO Paper (PaperID, Title, Year, MDate, Key, DOI) VALUES (1432, 'Pitt at CLEF05: Data Fusion for Spoken Document Retrieval.', 2005, '2017-06-02', 'conf/clef/HeA05', 'https://doi.org/10.1007/11878773_85');
INSERT INTO Write (AuthorID, PaperID) VALUES (213, 1432);
INSERT INTO Write (AuthorID, PaperID) VALUES (213, 1946);
INSERT INTO Write (AuthorID, PaperID) VALUES (213, 2087);
INSERT INTO Write (AuthorID, PaperID) VALUES (213, 2342);
INSERT INTO Paper (PaperID, Title, Year, MDate, Key, DOI) VALUES (2670, 'University of Pittsburgh at GeoCLEF 2008: Towards Effective Geographic Information Retrieval.', 2008, '2014-09-29', 'conf/clef/PuHL08a', 'http://ceur-ws.org/Vol-1174/CLEF2008wn-GeoCLEF-PuEt2008.pdf');
INSERT INTO Write (AuthorID, PaperID) VALUES (213, 2670);
INSERT INTO Paper (PaperID, Title, Year, MDate, Key, DOI) VALUES (2675, 'Query Expansion for Effective Geographic Information Retrieval.', 2008, '2017-06-02', 'conf/clef/PuHL08', 'https://doi.org/10.1007/978-3-642-04447-2_110');
INSERT INTO Write (AuthorID, PaperID) VALUES (213, 2675);
INSERT INTO Write (AuthorID, PaperID) VALUES (213, 2970);
INSERT INTO Write (AuthorID, PaperID) VALUES (213, 3200);
INSERT INTO Author (AuthorID, Name) VALUES (214, 'Diana Trandabat');
INSERT INTO Write (AuthorID, PaperID) VALUES (214, 327);
INSERT INTO Write (AuthorID, PaperID) VALUES (214, 525);
INSERT INTO Write (AuthorID, PaperID) VALUES (214, 1343);
INSERT INTO Write (AuthorID, PaperID) VALUES (214, 1424);
INSERT INTO Write (AuthorID, PaperID) VALUES (214, 2347);
INSERT INTO Write (AuthorID, PaperID) VALUES (214, 2545);
INSERT INTO Write (AuthorID, PaperID) VALUES (214, 2680);
INSERT INTO Write (AuthorID, PaperID) VALUES (214, 3073);
INSERT INTO Write (AuthorID, PaperID) VALUES (214, 3126);
INSERT INTO Write (AuthorID, PaperID) VALUES (214, 3397);
INSERT INTO Author (AuthorID, Name) VALUES (215, 'Heikki Keskustalo');
INSERT INTO Paper (PaperID, Title, Year, MDate, Key, DOI) VALUES (325, 'UTACLIR @ CLEF 2002: Towards a Unified Translation Process Model.', 2002, '2014-08-15', 'conf/clef/AirioKHP02a', 'http://ceur-ws.org/Vol-1168/CLEF2002wn-adhoc-AirioEt2002.pdf');
INSERT INTO Write (AuthorID, PaperID) VALUES (215, 325);
INSERT INTO Paper (PaperID, Title, Year, MDate, Key, DOI) VALUES (478, 'Bilingual Tests with Swedish, Finnish, and German Queries: Dealing with Morphology, Compound Words, and Query Structure.', 2000, '2017-05-24', 'conf/clef/HedlundKPSJ00', 'https://doi.org/10.1007/3-540-44645-1_20');
INSERT INTO Write (AuthorID, PaperID) VALUES (215, 478);
INSERT INTO Paper (PaperID, Title, Year, MDate, Key, DOI) VALUES (598, 'UTACLIR @ CLEF 2001: New Features for Handling Compound Words and Untranslatable Proper Names.', 2001, '2014-08-15', 'conf/clef/HedlundKPAJ01a', 'http://ceur-ws.org/Vol-1167/CLEF2001wn-adhoc-HedlundEt2001.pdf');
INSERT INTO Write (AuthorID, PaperID) VALUES (215, 598);
INSERT INTO Paper (PaperID, Title, Year, MDate, Key, DOI) VALUES (797, 'Bilingual Tests with Swedish, Finnish and German Queries.', 2000, '2014-08-15', 'conf/clef/HedlundKPSJ00a', 'http://ceur-ws.org/Vol-1166/CLEF2000wn-adhoc-HedlundEt2000.pdf');
INSERT INTO Write (AuthorID, PaperID) VALUES (215, 797);
INSERT INTO Paper (PaperID, Title, Year, MDate, Key, DOI) VALUES (1161, 'Multilingual Experiments of UTA at CLEF 2003: The Impact of Different Merging Strategies and Word Normalizing Tools.', 2003, '2014-08-15', 'conf/clef/AirioKHP03a', 'http://ceur-ws.org/Vol-1169/CLEF2003wn-adhoc-AirioEt2003.pdf');
INSERT INTO Write (AuthorID, PaperID) VALUES (215, 1161);
INSERT INTO Write (AuthorID, PaperID) VALUES (215, 2014);
INSERT INTO Write (AuthorID, PaperID) VALUES (215, 2268);
INSERT INTO Paper (PaperID, Title, Year, MDate, Key, DOI) VALUES (2332, 'Utaclir @ CLEF 2001 - Effects of Compound Splitting and N-Gram Techniques.', 2001, '2017-05-24', 'conf/clef/HedlundKPAJ01', 'https://doi.org/10.1007/3-540-45691-0_10');
INSERT INTO Write (AuthorID, PaperID) VALUES (215, 2332);
INSERT INTO Paper (PaperID, Title, Year, MDate, Key, DOI) VALUES (3271, 'Bilingual and Multilingual Runs with a Unified Process.', 2002, '2017-05-24', 'conf/clef/AirioKHP02', 'https://doi.org/10.1007/978-3-540-45237-9_7');
INSERT INTO Write (AuthorID, PaperID) VALUES (215, 3271);
INSERT INTO Paper (PaperID, Title, Year, MDate, Key, DOI) VALUES (3489, 'The Impact of Word Normalization Methods and Merging Strategies on Multilingual IR.', 2003, '2017-05-24', 'conf/clef/AirioKHP03', 'https://doi.org/10.1007/978-3-540-30222-3_7');
INSERT INTO Write (AuthorID, PaperID) VALUES (215, 3489);
INSERT INTO Author (AuthorID, Name) VALUES (216, 'Farhad Oroumchian');
INSERT INTO Paper (PaperID, Title, Year, MDate, Key, DOI) VALUES (523, 'Cross Language Experiments at Persian@CLEF 2008.', 2008, '2014-09-29', 'conf/clef/AleAhmadKZRO08a', 'http://ceur-ws.org/Vol-1174/CLEF2008wn-adhoc-AleAhmadEt2008.pdf');
INSERT INTO Write (AuthorID, PaperID) VALUES (216, 523);
INSERT INTO Paper (PaperID, Title, Year, MDate, Key, DOI) VALUES (546, 'Tweet Expansion Method for Filtering Task in Twitter.', 2015, '2017-05-24', 'conf/clef/KarisaniOR15', 'https://doi.org/10.1007/978-3-319-24027-5_5');
INSERT INTO Write (AuthorID, PaperID) VALUES (216, 546);
INSERT INTO Paper (PaperID, Title, Year, MDate, Key, DOI) VALUES (1021, 'Cross Language Experiments at Persian@CLEF 2008.', 2008, '2017-05-24', 'conf/clef/AleAhmadKZRO08', 'https://doi.org/10.1007/978-3-642-04447-2_12');
INSERT INTO Write (AuthorID, PaperID) VALUES (216, 1021);
INSERT INTO Paper (PaperID, Title, Year, MDate, Key, DOI) VALUES (1523, 'University of Tehran at RepLab 2014.', 2014, '2014-09-10', 'conf/clef/AleAhmadKRO14', 'http://ceur-ws.org/Vol-1180/CLEF2014wn-Rep-AleahmadEt2014.pdf');
INSERT INTO Write (AuthorID, PaperID) VALUES (216, 1523);
INSERT INTO Paper (PaperID, Title, Year, MDate, Key, DOI) VALUES (1909, 'Using Part of Speech Tagging in Persian Information Retrieval.', 2008, '2014-09-29', 'conf/clef/KarimpourGPMAAO08a', 'http://ceur-ws.org/Vol-1174/CLEF2008wn-adhoc-KarimpourEt2008.pdf');
INSERT INTO Write (AuthorID, PaperID) VALUES (216, 1909);
INSERT INTO Paper (PaperID, Title, Year, MDate, Key, DOI) VALUES (2320, 'Using Human Plausible Reasoning as a Framework for Multilingual Information Filtering.', 2009, '2014-09-29', 'conf/clef/DamankeshSJSO09', 'http://ceur-ws.org/Vol-1175/CLEF2009wn-INFILE-DamankeshEt2009.pdf');
INSERT INTO Write (AuthorID, PaperID) VALUES (216, 2320);
INSERT INTO Paper (PaperID, Title, Year, MDate, Key, DOI) VALUES (2567, 'Multilingual Information Filtering by Human Plausible Reasoning.', 2009, '2017-06-02', 'conf/clef/DamankeshOS09', 'https://doi.org/10.1007/978-3-642-15754-7_44');
INSERT INTO Write (AuthorID, PaperID) VALUES (216, 2567);
INSERT INTO Paper (PaperID, Title, Year, MDate, Key, DOI) VALUES (2684, 'Fusion of Retrieval Models at CLEF 2008 Ad Hoc Persian Track.', 2008, '2017-05-24', 'conf/clef/AghazadeDFRAAO08', 'https://doi.org/10.1007/978-3-642-04447-2_11');
INSERT INTO Write (AuthorID, PaperID) VALUES (216, 2684);
INSERT INTO Paper (PaperID, Title, Year, MDate, Key, DOI) VALUES (3344, 'Fusion of Retrieval Models at CLEF 2008 Ad-Hoc Persian Track.', 2008, '2014-09-29', 'conf/clef/AghazadeDFRAAO08a', 'http://ceur-ws.org/Vol-1174/CLEF2008wn-adhoc-AghazadeEt2008.pdf');
INSERT INTO Write (AuthorID, PaperID) VALUES (216, 3344);
INSERT INTO Paper (PaperID, Title, Year, MDate, Key, DOI) VALUES (3361, 'Improving Persian Information Retrieval Systems Using Stemming and Part of Speech Tagging.', 2008, '2017-05-24', 'conf/clef/KarimpourGPMAAO08', 'https://doi.org/10.1007/978-3-642-04447-2_10');
INSERT INTO Write (AuthorID, PaperID) VALUES (216, 3361);
INSERT INTO Author (AuthorID, Name) VALUES (217, 'Esa&uacute; Villatoro-Tello');
INSERT INTO Write (AuthorID, PaperID) VALUES (217, 28);
INSERT INTO Paper (PaperID, Title, Year, MDate, Key, DOI) VALUES (454, 'UAMCLyR at RepLab 2014: Author Profiling Task.', 2014, '2014-11-07', 'conf/clef/Villatoro-TelloRSJLR14', 'http://ceur-ws.org/Vol-1180/CLEF2014wn-Rep-VillatoroTelloEt2014.pdf');
INSERT INTO Write (AuthorID, PaperID) VALUES (217, 454);
INSERT INTO Write (AuthorID, PaperID) VALUES (217, 538);
INSERT INTO Paper (PaperID, Title, Year, MDate, Key, DOI) VALUES (862, 'UAM at INEX 2012 Relevance Feedback Track: Using a Probabilistic Method for Ranking Refinement.', 2012, '2014-09-24', 'conf/clef/Villatoro-TelloSJLR12', 'http://www.clef-initiative.eu/documents/71612/57910fef-2824-4945-a190-643f0934475a');
INSERT INTO Write (AuthorID, PaperID) VALUES (217, 862);
INSERT INTO Write (AuthorID, PaperID) VALUES (217, 1178);
INSERT INTO Write (AuthorID, PaperID) VALUES (217, 1234);
INSERT INTO Paper (PaperID, Title, Year, MDate, Key, DOI) VALUES (1627, 'Profile-based Approach for Age and Gender Identification.', 2016, '2016-08-11', 'conf/clef/UcelayVFCERV16', 'http://ceur-ws.org/Vol-1609/16090864.pdf');
INSERT INTO Write (AuthorID, PaperID) VALUES (217, 1627);
INSERT INTO Paper (PaperID, Title, Year, MDate, Key, DOI) VALUES (1844, 'UAM''s Participation at CLEF eRisk 2017 task: Towards Modelling Depressed Blogers.', 2017, '2017-08-15', 'conf/clef/Villatoro-Tello17', 'http://ceur-ws.org/Vol-1866/paper_113.pdf');
INSERT INTO Write (AuthorID, PaperID) VALUES (217, 1844);
INSERT INTO Write (AuthorID, PaperID) VALUES (217, 2339);
INSERT INTO Write (AuthorID, PaperID) VALUES (217, 3301);
INSERT INTO Author (AuthorID, Name) VALUES (218, 'Hugo C. Huurdeman');
INSERT INTO Write (AuthorID, PaperID) VALUES (218, 232);
INSERT INTO Write (AuthorID, PaperID) VALUES (218, 429);
INSERT INTO Write (AuthorID, PaperID) VALUES (218, 1245);
INSERT INTO Write (AuthorID, PaperID) VALUES (218, 1546);
INSERT INTO Write (AuthorID, PaperID) VALUES (218, 2447);
INSERT INTO Write (AuthorID, PaperID) VALUES (218, 2460);
INSERT INTO Write (AuthorID, PaperID) VALUES (218, 2542);
INSERT INTO Write (AuthorID, PaperID) VALUES (218, 2939);
INSERT INTO Write (AuthorID, PaperID) VALUES (218, 3247);
INSERT INTO Write (AuthorID, PaperID) VALUES (218, 3370);
INSERT INTO Author (AuthorID, Name) VALUES (219, 'Matteo Negri');
INSERT INTO Write (AuthorID, PaperID) VALUES (219, 24);
INSERT INTO Write (AuthorID, PaperID) VALUES (219, 139);
INSERT INTO Write (AuthorID, PaperID) VALUES (219, 195);
INSERT INTO Write (AuthorID, PaperID) VALUES (219, 397);
INSERT INTO Write (AuthorID, PaperID) VALUES (219, 515);
INSERT INTO Write (AuthorID, PaperID) VALUES (219, 541);
INSERT INTO Write (AuthorID, PaperID) VALUES (219, 570);
INSERT INTO Write (AuthorID, PaperID) VALUES (219, 1525);
INSERT INTO Write (AuthorID, PaperID) VALUES (219, 2335);
INSERT INTO Author (AuthorID, Name) VALUES (220, 'Jos&eacute; Carlos Gonz&aacute;lez');
INSERT INTO Write (AuthorID, PaperID) VALUES (220, 39);
INSERT INTO Write (AuthorID, PaperID) VALUES (220, 498);
INSERT INTO Write (AuthorID, PaperID) VALUES (220, 1925);
INSERT INTO Write (AuthorID, PaperID) VALUES (220, 1941);
INSERT INTO Write (AuthorID, PaperID) VALUES (220, 1996);
INSERT INTO Write (AuthorID, PaperID) VALUES (220, 2633);
INSERT INTO Write (AuthorID, PaperID) VALUES (220, 3372);
INSERT INTO Write (AuthorID, PaperID) VALUES (220, 3433);
INSERT INTO Write (AuthorID, PaperID) VALUES (220, 3488);
INSERT INTO Author (AuthorID, Name) VALUES (221, 'Christoph M. Friedrich');
INSERT INTO Paper (PaperID, Title, Year, MDate, Key, DOI) VALUES (245, 'Optimized Convolutional Neural Network Ensembles for Medical Subfigure Classification.', 2017, '2018-11-14', 'conf/clef/KoitkaF17', 'https://www.wikidata.org/entity/Q57711941');
INSERT INTO Write (AuthorID, PaperID) VALUES (221, 245);
INSERT INTO Paper (PaperID, Title, Year, MDate, Key, DOI) VALUES (677, 'Recognizing Bird Species in Audio Files Using Transfer Learning.', 2017, '2017-08-15', 'conf/clef/FritzlerKF17', 'http://ceur-ws.org/Vol-1866/paper_169.pdf');
INSERT INTO Write (AuthorID, PaperID) VALUES (221, 677);
INSERT INTO Paper (PaperID, Title, Year, MDate, Key, DOI) VALUES (1190, 'Word Embeddings and Linguistic Metadata at the CLEF 2018 Tasks for Early Detection of Depression and Anorexia.', 2018, '2018-08-08', 'conf/clef/TrotzekKF18', 'http://ceur-ws.org/Vol-2125/paper_68.pdf');
INSERT INTO Write (AuthorID, PaperID) VALUES (221, 1190);
INSERT INTO Paper (PaperID, Title, Year, MDate, Key, DOI) VALUES (1404, 'Improving Model Performance for Plant Image Classification With Filtered Noisy Images.', 2017, '2017-08-15', 'conf/clef/LudwigPKRKF17', 'http://ceur-ws.org/Vol-1866/paper_168.pdf');
INSERT INTO Write (AuthorID, PaperID) VALUES (221, 1404);
INSERT INTO Paper (PaperID, Title, Year, MDate, Key, DOI) VALUES (1710, 'Early Detection of Depression Based on Linguistic Metadata Augmented Classifiers Revisited - Best of the eRisk Lab Submission.', 2017, '2018-11-14', 'conf/clef/TrotzekKF17a', 'https://www.wikidata.org/entity/Q57711932');
INSERT INTO Write (AuthorID, PaperID) VALUES (221, 1710);
INSERT INTO Paper (PaperID, Title, Year, MDate, Key, DOI) VALUES (2291, 'Traditional Feature Engineering and Deep Learning Approaches at Medical Classification Task of ImageCLEF 2016.', 2016, '2016-08-11', 'conf/clef/KoitkaF16', 'http://ceur-ws.org/Vol-1609/16090304.pdf');
INSERT INTO Write (AuthorID, PaperID) VALUES (221, 2291);
INSERT INTO Paper (PaperID, Title, Year, MDate, Key, DOI) VALUES (3424, 'Linguistic Metadata Augmented Classifiers at the CLEF 2017 Task for Early Detection of Depression.', 2017, '2017-08-15', 'conf/clef/TrotzekKF17', 'http://ceur-ws.org/Vol-1866/paper_54.pdf');
INSERT INTO Write (AuthorID, PaperID) VALUES (221, 3424);
INSERT INTO Paper (PaperID, Title, Year, MDate, Key, DOI) VALUES (3463, 'Keyword Generation for Biomedical Image Retrieval with Recurrent Neural Networks.', 2017, '2017-08-15', 'conf/clef/PelkaF17', 'http://ceur-ws.org/Vol-1866/paper_137.pdf');
INSERT INTO Write (AuthorID, PaperID) VALUES (221, 3463);
INSERT INTO Paper (PaperID, Title, Year, MDate, Key, DOI) VALUES (3518, 'FHDO Biomedical Computer Science Group at Medical Classification Task of ImageCLEF 2015.', 2015, '2015-09-03', 'conf/clef/PelkaF15', 'http://ceur-ws.org/Vol-1391/14-CR.pdf');
INSERT INTO Write (AuthorID, PaperID) VALUES (221, 3518);
INSERT INTO Author (AuthorID, Name) VALUES (222, 'Jos&eacute; Saias');
INSERT INTO Write (AuthorID, PaperID) VALUES (222, 161);
INSERT INTO Write (AuthorID, PaperID) VALUES (222, 420);
INSERT INTO Write (AuthorID, PaperID) VALUES (222, 442);
INSERT INTO Write (AuthorID, PaperID) VALUES (222, 639);
INSERT INTO Write (AuthorID, PaperID) VALUES (222, 1029);
INSERT INTO Write (AuthorID, PaperID) VALUES (222, 2905);
INSERT INTO Write (AuthorID, PaperID) VALUES (222, 3047);
INSERT INTO Paper (PaperID, Title, Year, MDate, Key, DOI) VALUES (3130, 'In Search of Reputation Assessment: Experiences with Polarity Classification in RepLab 2013.', 2013, '2014-09-10', 'conf/clef/Saias13', 'http://ceur-ws.org/Vol-1179/CLEF2013wn-RepLab-Saias2013.pdf');
INSERT INTO Write (AuthorID, PaperID) VALUES (222, 3130);
INSERT INTO Write (AuthorID, PaperID) VALUES (222, 3452);
INSERT INTO Author (AuthorID, Name) VALUES (223, 'Michael Preminger');
INSERT INTO Write (AuthorID, PaperID) VALUES (223, 378);
INSERT INTO Paper (PaperID, Title, Year, MDate, Key, DOI) VALUES (1043, 'OUC''s Participation in the 2012 INEX Book and Linked-Data Tracks.', 2012, '2014-09-24', 'conf/clef/PremingerNMP12', 'http://www.clef-initiative.eu/documents/71612/d4482924-0bd8-47c6-91d5-de756a45874d');
INSERT INTO Write (AuthorID, PaperID) VALUES (223, 1043);
INSERT INTO Write (AuthorID, PaperID) VALUES (223, 1438);
INSERT INTO Paper (PaperID, Title, Year, MDate, Key, DOI) VALUES (1468, 'OAUC''s participation in the CLEF2015 SBS Search Suggestion Track.', 2015, '2015-09-03', 'conf/clef/FuglebergP15', 'http://ceur-ws.org/Vol-1391/140-CR.pdf');
INSERT INTO Write (AuthorID, PaperID) VALUES (223, 1468);
INSERT INTO Paper (PaperID, Title, Year, MDate, Key, DOI) VALUES (2434, 'OAUC at CLEF2016 SBS Lab: Using Appeal Elements to Improve Automatic Book Recommendation - Proof of Concept.', 2016, '2016-08-11', 'conf/clef/PremingerF16', 'http://ceur-ws.org/Vol-1609/16091145.pdf');
INSERT INTO Write (AuthorID, PaperID) VALUES (223, 2434);
INSERT INTO Write (AuthorID, PaperID) VALUES (223, 2460);
INSERT INTO Write (AuthorID, PaperID) VALUES (223, 2584);
INSERT INTO Write (AuthorID, PaperID) VALUES (223, 3458);
INSERT INTO Paper (PaperID, Title, Year, MDate, Key, DOI) VALUES (3481, 'OUC''s Participation in the 2012 INEX Book and Linked-Data Tracks.', 2013, '2014-09-10', 'conf/clef/PremingerM13', 'http://ceur-ws.org/Vol-1179/CLEF2013wn-INEX-PremingerEt2013.pdf');
INSERT INTO Write (AuthorID, PaperID) VALUES (223, 3481);
INSERT INTO Author (AuthorID, Name) VALUES (224, 'Sabrina Tollari');
INSERT INTO Write (AuthorID, PaperID) VALUES (224, 27);
INSERT INTO Write (AuthorID, PaperID) VALUES (224, 172);
INSERT INTO Write (AuthorID, PaperID) VALUES (224, 256);
INSERT INTO Write (AuthorID, PaperID) VALUES (224, 722);
INSERT INTO Write (AuthorID, PaperID) VALUES (224, 1013);
INSERT INTO Write (AuthorID, PaperID) VALUES (224, 1445);
INSERT INTO Write (AuthorID, PaperID) VALUES (224, 1833);
INSERT INTO Write (AuthorID, PaperID) VALUES (224, 2263);
INSERT INTO Write (AuthorID, PaperID) VALUES (224, 2734);
INSERT INTO Author (AuthorID, Name) VALUES (225, 'Ari Pirkola');
INSERT INTO Write (AuthorID, PaperID) VALUES (225, 325);
INSERT INTO Write (AuthorID, PaperID) VALUES (225, 478);
INSERT INTO Write (AuthorID, PaperID) VALUES (225, 598);
INSERT INTO Write (AuthorID, PaperID) VALUES (225, 797);
INSERT INTO Write (AuthorID, PaperID) VALUES (225, 1161);
INSERT INTO Write (AuthorID, PaperID) VALUES (225, 2268);
INSERT INTO Write (AuthorID, PaperID) VALUES (225, 2332);
INSERT INTO Write (AuthorID, PaperID) VALUES (225, 3271);
INSERT INTO Write (AuthorID, PaperID) VALUES (225, 3489);
INSERT INTO Author (AuthorID, Name) VALUES (226, 'Robert Planqu&eacute;');
INSERT INTO Write (AuthorID, PaperID) VALUES (226, 2);
INSERT INTO Write (AuthorID, PaperID) VALUES (226, 596);
INSERT INTO Write (AuthorID, PaperID) VALUES (226, 1140);
INSERT INTO Write (AuthorID, PaperID) VALUES (226, 1180);
INSERT INTO Write (AuthorID, PaperID) VALUES (226, 1370);
INSERT INTO Write (AuthorID, PaperID) VALUES (226, 1408);
INSERT INTO Write (AuthorID, PaperID) VALUES (226, 1522);
INSERT INTO Write (AuthorID, PaperID) VALUES (226, 1876);
INSERT INTO Write (AuthorID, PaperID) VALUES (226, 2402);
INSERT INTO Author (AuthorID, Name) VALUES (227, 'Iryna Gurevych');
INSERT INTO Paper (PaperID, Title, Year, MDate, Key, DOI) VALUES (8, 'Using Wikipedia and Wiktionary in Domain-Specific Information Retrieval.', 2008, '2014-09-29', 'conf/clef/MullerG08a', 'http://ceur-ws.org/Vol-1174/CLEF2008wn-DomainSpecific-MullerEt2008.pdf');
INSERT INTO Write (AuthorID, PaperID) VALUES (227, 8);
INSERT INTO Paper (PaperID, Title, Year, MDate, Key, DOI) VALUES (763, 'Using Wikipedia and Wiktionary in Domain-Specific Information Retrieval.', 2008, '2017-05-24', 'conf/clef/MullerG08', 'https://doi.org/10.1007/978-3-642-04447-2_28');
INSERT INTO Write (AuthorID, PaperID) VALUES (227, 763);
INSERT INTO Paper (PaperID, Title, Year, MDate, Key, DOI) VALUES (898, 'Combining Probabilistic and Translation-Based Models for Information Retrieval based on Word Sense Annotations.', 2009, '2014-09-29', 'conf/clef/WolfBG09a', 'http://ceur-ws.org/Vol-1175/CLEF2009wn-adhoc-WolfEt2009.pdf');
INSERT INTO Write (AuthorID, PaperID) VALUES (227, 898);
INSERT INTO Paper (PaperID, Title, Year, MDate, Key, DOI) VALUES (1355, 'Can We Hide in the Web? Large Scale Simultaneous Age and Gender Author Profiling in Social Media Notebook for PAN at CLEF 2013.', 2013, '2014-09-10', 'conf/clef/FlekovaG13', 'http://ceur-ws.org/Vol-1179/CLEF2013wn-PAN-FlekovaEt2013.pdf');
INSERT INTO Write (AuthorID, PaperID) VALUES (227, 1355);
INSERT INTO Paper (PaperID, Title, Year, MDate, Key, DOI) VALUES (1828, 'Combining Probabilistic and Translation-Based Models for Information Retrieval Based on Word Sense Annotations.', 2009, '2017-05-24', 'conf/clef/WolfBG09', 'https://doi.org/10.1007/978-3-642-15754-7_14');
INSERT INTO Write (AuthorID, PaperID) VALUES (227, 1828);
INSERT INTO Paper (PaperID, Title, Year, MDate, Key, DOI) VALUES (2708, 'FlawFinder: A Modular System for Predicting Quality Flaws in Wikipedia.', 2012, '2014-09-24', 'conf/clef/FerschkeGR12', 'http://www.clef-initiative.eu/documents/71612/b6e77c78-8ed3-4943-bca5-660ff767ea58');
INSERT INTO Write (AuthorID, PaperID) VALUES (227, 2708);
INSERT INTO Paper (PaperID, Title, Year, MDate, Key, DOI) VALUES (2932, 'Solving Open-Domain Multiple Choice Questions with Textual Entailment and Text Similarity Measures.', 2014, '2014-09-10', 'conf/clef/DhruvaFG14', 'http://ceur-ws.org/Vol-1180/CLEF2014wn-QA-DhruvaEt2014.pdf');
INSERT INTO Write (AuthorID, PaperID) VALUES (227, 2932);
INSERT INTO Paper (PaperID, Title, Year, MDate, Key, DOI) VALUES (3329, 'Prior Art Search using International Patent Classification Codes and All-Claims-Queries.', 2009, '2014-09-29', 'conf/clef/SzarvasHG09', 'http://ceur-ws.org/Vol-1175/CLEF2009wn-CLEFIP-SzarvasEt2009.pdf');
INSERT INTO Write (AuthorID, PaperID) VALUES (227, 3329);
INSERT INTO Paper (PaperID, Title, Year, MDate, Key, DOI) VALUES (3384, 'Prior Art Search Using International Patent Classification Codes and All-Claims-Queries.', 2009, '2017-05-24', 'conf/clef/HerbertSG09', 'https://doi.org/10.1007/978-3-642-15754-7_54');
INSERT INTO Write (AuthorID, PaperID) VALUES (227, 3384);
INSERT INTO Author (AuthorID, Name) VALUES (228, 'Herv&eacute; Le Borgne');
INSERT INTO Write (AuthorID, PaperID) VALUES (228, 332);
INSERT INTO Write (AuthorID, PaperID) VALUES (228, 447);
INSERT INTO Write (AuthorID, PaperID) VALUES (228, 480);
INSERT INTO Write (AuthorID, PaperID) VALUES (228, 1000);
INSERT INTO Write (AuthorID, PaperID) VALUES (228, 1224);
INSERT INTO Write (AuthorID, PaperID) VALUES (228, 1273);
INSERT INTO Write (AuthorID, PaperID) VALUES (228, 1576);
INSERT INTO Write (AuthorID, PaperID) VALUES (228, 2064);
INSERT INTO Write (AuthorID, PaperID) VALUES (228, 2566);
INSERT INTO Author (AuthorID, Name) VALUES (229, 'Thomas Martin Lehmann');
INSERT INTO Write (AuthorID, PaperID) VALUES (229, 992);
INSERT INTO Write (AuthorID, PaperID) VALUES (229, 1036);
INSERT INTO Write (AuthorID, PaperID) VALUES (229, 1197);
INSERT INTO Write (AuthorID, PaperID) VALUES (229, 1374);
INSERT INTO Write (AuthorID, PaperID) VALUES (229, 2009);
INSERT INTO Write (AuthorID, PaperID) VALUES (229, 2140);
INSERT INTO Write (AuthorID, PaperID) VALUES (229, 2482);
INSERT INTO Write (AuthorID, PaperID) VALUES (229, 2817);
INSERT INTO Write (AuthorID, PaperID) VALUES (229, 3297);
INSERT INTO Author (AuthorID, Name) VALUES (230, 'Dan Stefanescu');
INSERT INTO Write (AuthorID, PaperID) VALUES (230, 205);
INSERT INTO Write (AuthorID, PaperID) VALUES (230, 230);
INSERT INTO Write (AuthorID, PaperID) VALUES (230, 445);
INSERT INTO Write (AuthorID, PaperID) VALUES (230, 1020);
INSERT INTO Write (AuthorID, PaperID) VALUES (230, 2151);
INSERT INTO Write (AuthorID, PaperID) VALUES (230, 2347);
INSERT INTO Write (AuthorID, PaperID) VALUES (230, 2545);
INSERT INTO Write (AuthorID, PaperID) VALUES (230, 2845);
INSERT INTO Write (AuthorID, PaperID) VALUES (230, 3109);
INSERT INTO Author (AuthorID, Name) VALUES (231, 'Milen Kouylekov');
INSERT INTO Write (AuthorID, PaperID) VALUES (231, 24);
INSERT INTO Write (AuthorID, PaperID) VALUES (231, 61);
INSERT INTO Write (AuthorID, PaperID) VALUES (231, 139);
INSERT INTO Write (AuthorID, PaperID) VALUES (231, 195);
INSERT INTO Write (AuthorID, PaperID) VALUES (231, 397);
INSERT INTO Write (AuthorID, PaperID) VALUES (231, 515);
INSERT INTO Write (AuthorID, PaperID) VALUES (231, 541);
INSERT INTO Write (AuthorID, PaperID) VALUES (231, 570);
INSERT INTO Write (AuthorID, PaperID) VALUES (231, 1574);
INSERT INTO Author (AuthorID, Name) VALUES (232, 'Jes&uacute;s Herrera');
INSERT INTO Write (AuthorID, PaperID) VALUES (232, 399);
INSERT INTO Write (AuthorID, PaperID) VALUES (232, 1028);
INSERT INTO Write (AuthorID, PaperID) VALUES (232, 1337);
INSERT INTO Write (AuthorID, PaperID) VALUES (232, 1735);
INSERT INTO Write (AuthorID, PaperID) VALUES (232, 2325);
INSERT INTO Write (AuthorID, PaperID) VALUES (232, 2349);
INSERT INTO Write (AuthorID, PaperID) VALUES (232, 2836);
INSERT INTO Write (AuthorID, PaperID) VALUES (232, 2889);
INSERT INTO Write (AuthorID, PaperID) VALUES (232, 3175);
INSERT INTO Author (AuthorID, Name) VALUES (233, 'Georgiana Puscasu');
INSERT INTO Write (AuthorID, PaperID) VALUES (233, 110);
INSERT INTO Paper (PaperID, Title, Year, MDate, Key, DOI) VALUES (112, 'University of Alicante at WiQA 2006.', 2006, '2017-05-24', 'conf/clef/RuizPMIB06', 'https://doi.org/10.1007/978-3-540-74999-8_68');
INSERT INTO Write (AuthorID, PaperID) VALUES (233, 112);
INSERT INTO Paper (PaperID, Title, Year, MDate, Key, DOI) VALUES (268, 'University of Wolverhampton at CLEF 2007.', 2007, '2017-05-24', 'conf/clef/PuscasuO07', 'https://doi.org/10.1007/978-3-540-85760-0_36');
INSERT INTO Write (AuthorID, PaperID) VALUES (233, 268);
INSERT INTO Paper (PaperID, Title, Year, MDate, Key, DOI) VALUES (730, 'University of Wolverhampton at CLEF 2007.', 2007, '2014-09-23', 'conf/clef/PuscasuO07a', 'http://ceur-ws.org/Vol-1173/CLEF2007wn-QACLEF-OrasanEt2007.pdf');
INSERT INTO Write (AuthorID, PaperID) VALUES (233, 730);
INSERT INTO Paper (PaperID, Title, Year, MDate, Key, DOI) VALUES (1239, 'University of Alicante at WiQA 2006.', 2006, '2014-08-15', 'conf/clef/RuizPMIB06a', 'http://ceur-ws.org/Vol-1172/CLEF2006wn-QACLEF-RuizEt2006.pdf');
INSERT INTO Write (AuthorID, PaperID) VALUES (233, 1239);
INSERT INTO Write (AuthorID, PaperID) VALUES (233, 2347);
INSERT INTO Write (AuthorID, PaperID) VALUES (233, 2545);
INSERT INTO Paper (PaperID, Title, Year, MDate, Key, DOI) VALUES (2879, 'A High Precision Information Retrieval Method for WiQA.', 2006, '2017-05-24', 'conf/clef/OrasanP06', 'https://doi.org/10.1007/978-3-540-74999-8_69');
INSERT INTO Write (AuthorID, PaperID) VALUES (233, 2879);
INSERT INTO Paper (PaperID, Title, Year, MDate, Key, DOI) VALUES (3050, 'A High Precision Information Retrieval Method for WiQA.', 2006, '2014-08-15', 'conf/clef/OrasanP06a', 'http://ceur-ws.org/Vol-1172/CLEF2006wn-QACLEF-OrasanEt2006.pdf');
INSERT INTO Write (AuthorID, PaperID) VALUES (233, 3050);
INSERT INTO Author (AuthorID, Name) VALUES (234, 'Jes&uacute;s Vilares');
INSERT INTO Paper (PaperID, Title, Year, MDate, Key, DOI) VALUES (128, 'CoLesIR at CLEF 2006: Rapid Prototyping of an N-gram-Based CLIR System.', 2006, '2014-08-15', 'conf/clef/VilaresOT06a', 'http://ceur-ws.org/Vol-1172/CLEF2006wn-adhoc-VilaresEt2006.pdf');
INSERT INTO Write (AuthorID, PaperID) VALUES (234, 128);
INSERT INTO Paper (PaperID, Title, Year, MDate, Key, DOI) VALUES (1533, 'COLE Experiments at CLEF 2003: Spanish Monolingual Track.', 2003, '2014-08-15', 'conf/clef/VilaresAR03a', 'http://ceur-ws.org/Vol-1169/CLEF2003wn-adhoc-VillaresEt2003.pdf');
INSERT INTO Write (AuthorID, PaperID) VALUES (234, 1533);
INSERT INTO Paper (PaperID, Title, Year, MDate, Key, DOI) VALUES (1558, 'COLE Experiments at CLEF 2003 in the Spanish Monolingual Track.', 2003, '2017-05-24', 'conf/clef/VilaresAR03', 'https://doi.org/10.1007/978-3-540-30222-3_33');
INSERT INTO Write (AuthorID, PaperID) VALUES (234, 1558);
INSERT INTO Paper (PaperID, Title, Year, MDate, Key, DOI) VALUES (1617, 'English-to-French CLIR: A Knowledge-Light Approach through Character N-Grams Alignment.', 2007, '2017-05-24', 'conf/clef/VilaresOV07', 'https://doi.org/10.1007/978-3-540-85760-0_20');
INSERT INTO Write (AuthorID, PaperID) VALUES (234, 1617);
INSERT INTO Paper (PaperID, Title, Year, MDate, Key, DOI) VALUES (1924, 'COLE Experiments at CLEF 2002: Spanish Monolingual Track.', 2002, '2014-08-15', 'conf/clef/VilaresARF02a', 'http://ceur-ws.org/Vol-1168/CLEF2002wn-adhoc-VilaresEt2002.pdf');
INSERT INTO Write (AuthorID, PaperID) VALUES (234, 1924);
INSERT INTO Paper (PaperID, Title, Year, MDate, Key, DOI) VALUES (2158, 'A First Approach to CLIR Using Character <i>N</i> -Grams Alignment.', 2006, '2017-05-24', 'conf/clef/VilaresOT06', 'https://doi.org/10.1007/978-3-540-74999-8_15');
INSERT INTO Write (AuthorID, PaperID) VALUES (234, 2158);
INSERT INTO Paper (PaperID, Title, Year, MDate, Key, DOI) VALUES (2771, 'CoLesIR at CLEF 2007: from English to French via Character N-Grams.', 2007, '2014-09-23', 'conf/clef/VilaresOF07', 'http://ceur-ws.org/Vol-1173/CLEF2007wn-adhoc-VilaresEt2007.pdf');
INSERT INTO Write (AuthorID, PaperID) VALUES (234, 2771);
INSERT INTO Paper (PaperID, Title, Year, MDate, Key, DOI) VALUES (3317, 'LyS at CLEF RepLab 2014: Creating the State of the Art in Author Influence Ranking and Reputation Classification on Twitter.', 2014, '2014-09-23', 'conf/clef/VilaresHAGV14', 'http://ceur-ws.org/Vol-1180/CLEF2014wn-Rep-VilaresEt2014.pdf');
INSERT INTO Write (AuthorID, PaperID) VALUES (234, 3317);
INSERT INTO Paper (PaperID, Title, Year, MDate, Key, DOI) VALUES (3364, 'COLE Experiments in the CLEF 2002 Spanish Monolingual Track.', 2002, '2017-05-24', 'conf/clef/VilaresARF02', 'https://doi.org/10.1007/978-3-540-45237-9_22');
INSERT INTO Write (AuthorID, PaperID) VALUES (234, 3364);
INSERT INTO Author (AuthorID, Name) VALUES (235, 'Julio Villena');
INSERT INTO Write (AuthorID, PaperID) VALUES (235, 39);
INSERT INTO Write (AuthorID, PaperID) VALUES (235, 501);
INSERT INTO Write (AuthorID, PaperID) VALUES (235, 784);
INSERT INTO Write (AuthorID, PaperID) VALUES (235, 1094);
INSERT INTO Write (AuthorID, PaperID) VALUES (235, 1596);
INSERT INTO Write (AuthorID, PaperID) VALUES (235, 1941);
INSERT INTO Write (AuthorID, PaperID) VALUES (235, 1996);
INSERT INTO Write (AuthorID, PaperID) VALUES (235, 2525);
INSERT INTO Write (AuthorID, PaperID) VALUES (235, 2633);
INSERT INTO Author (AuthorID, Name) VALUES (236, 'Edgar Meij');
INSERT INTO Write (AuthorID, PaperID) VALUES (236, 299);
INSERT INTO Write (AuthorID, PaperID) VALUES (236, 505);
INSERT INTO Write (AuthorID, PaperID) VALUES (236, 780);
INSERT INTO Write (AuthorID, PaperID) VALUES (236, 956);
INSERT INTO Write (AuthorID, PaperID) VALUES (236, 1128);
INSERT INTO Write (AuthorID, PaperID) VALUES (236, 1353);
INSERT INTO Write (AuthorID, PaperID) VALUES (236, 2548);
INSERT INTO Write (AuthorID, PaperID) VALUES (236, 2648);
INSERT INTO Write (AuthorID, PaperID) VALUES (236, 2931);
INSERT INTO Author (AuthorID, Name) VALUES (237, 'Florina Piroi');
INSERT INTO Write (AuthorID, PaperID) VALUES (237, 134);
INSERT INTO Write (AuthorID, PaperID) VALUES (237, 274);
INSERT INTO Write (AuthorID, PaperID) VALUES (237, 882);
INSERT INTO Paper (PaperID, Title, Year, MDate, Key, DOI) VALUES (1664, 'CLEF-IP 2009: Retrieval Experiments in the Intellectual Property Domain.', 2009, '2014-09-29', 'conf/clef/RodaTPZ09a', 'http://ceur-ws.org/Vol-1175/CLEF2009wn-CLEFIP-RodaEt2009.pdf');
INSERT INTO Write (AuthorID, PaperID) VALUES (237, 1664);
INSERT INTO Paper (PaperID, Title, Year, MDate, Key, DOI) VALUES (1964, 'CLEF-IP 2010: Retrieval Experiments in the Intellectual Property Domain.', 2010, '2014-09-24', 'conf/clef/Piroi10', 'http://www.clef-initiative.eu/documents/71612/86374/CLEF2010wn-CLEF-IP-PiroiEt2010.pdf');
INSERT INTO Write (AuthorID, PaperID) VALUES (237, 1964);
INSERT INTO Write (AuthorID, PaperID) VALUES (237, 2896);
INSERT INTO Write (AuthorID, PaperID) VALUES (237, 3213);
INSERT INTO Write (AuthorID, PaperID) VALUES (237, 3256);
INSERT INTO Paper (PaperID, Title, Year, MDate, Key, DOI) VALUES (3412, 'CLEF-IP 2009: Retrieval Experiments in the Intellectual Property Domain.', 2009, '2017-06-15', 'conf/clef/RodaTPZ09', 'https://doi.org/10.1007/978-3-642-15754-7_47');
INSERT INTO Write (AuthorID, PaperID) VALUES (237, 3412);
INSERT INTO Author (AuthorID, Name) VALUES (238, 'Matthias Hagen');
INSERT INTO Write (AuthorID, PaperID) VALUES (238, 323);
INSERT INTO Write (AuthorID, PaperID) VALUES (238, 552);
INSERT INTO Write (AuthorID, PaperID) VALUES (238, 661);
INSERT INTO Write (AuthorID, PaperID) VALUES (238, 1227);
INSERT INTO Write (AuthorID, PaperID) VALUES (238, 1580);
INSERT INTO Paper (PaperID, Title, Year, MDate, Key, DOI) VALUES (1990, 'Supporting More-Like-This Information Needs: Finding Similar Web Content in Different Scenarios.', 2014, '2017-05-24', 'conf/clef/HagenG14', 'https://doi.org/10.1007/978-3-319-11382-1_6');
INSERT INTO Write (AuthorID, PaperID) VALUES (238, 1990);
INSERT INTO Write (AuthorID, PaperID) VALUES (238, 2113);
INSERT INTO Write (AuthorID, PaperID) VALUES (238, 2719);
INSERT INTO Write (AuthorID, PaperID) VALUES (238, 3276);
INSERT INTO Author (AuthorID, Name) VALUES (239, 'Radu Ion');
INSERT INTO Write (AuthorID, PaperID) VALUES (239, 205);
INSERT INTO Write (AuthorID, PaperID) VALUES (239, 230);
INSERT INTO Write (AuthorID, PaperID) VALUES (239, 445);
INSERT INTO Write (AuthorID, PaperID) VALUES (239, 1020);
INSERT INTO Write (AuthorID, PaperID) VALUES (239, 2151);
INSERT INTO Write (AuthorID, PaperID) VALUES (239, 2347);
INSERT INTO Write (AuthorID, PaperID) VALUES (239, 2545);
INSERT INTO Write (AuthorID, PaperID) VALUES (239, 2845);
INSERT INTO Write (AuthorID, PaperID) VALUES (239, 3109);
INSERT INTO Author (AuthorID, Name) VALUES (240, 'Olivier Ferret');
INSERT INTO Write (AuthorID, PaperID) VALUES (240, 881);
INSERT INTO Write (AuthorID, PaperID) VALUES (240, 957);
INSERT INTO Write (AuthorID, PaperID) VALUES (240, 1220);
INSERT INTO Write (AuthorID, PaperID) VALUES (240, 1674);
INSERT INTO Write (AuthorID, PaperID) VALUES (240, 1812);
INSERT INTO Write (AuthorID, PaperID) VALUES (240, 1939);
INSERT INTO Write (AuthorID, PaperID) VALUES (240, 1940);
INSERT INTO Write (AuthorID, PaperID) VALUES (240, 2371);
INSERT INTO Write (AuthorID, PaperID) VALUES (240, 3077);
INSERT INTO Author (AuthorID, Name) VALUES (241, 'Damiano Spina');
INSERT INTO Write (AuthorID, PaperID) VALUES (241, 299);
INSERT INTO Write (AuthorID, PaperID) VALUES (241, 505);
INSERT INTO Write (AuthorID, PaperID) VALUES (241, 1081);
INSERT INTO Write (AuthorID, PaperID) VALUES (241, 1896);
INSERT INTO Write (AuthorID, PaperID) VALUES (241, 2648);
INSERT INTO Write (AuthorID, PaperID) VALUES (241, 2931);
INSERT INTO Write (AuthorID, PaperID) VALUES (241, 3039);
INSERT INTO Write (AuthorID, PaperID) VALUES (241, 3096);
INSERT INTO Write (AuthorID, PaperID) VALUES (241, 3244);
INSERT INTO Author (AuthorID, Name) VALUES (242, 'Hichem Sahbi');
INSERT INTO Paper (PaperID, Title, Year, MDate, Key, DOI) VALUES (304, 'CNRS TELECOM ParisTech at ImageCLEF 2016 Scalable Concept Image Annotation Task: Overcoming the Scarcity of Training Data.', 2016, '2016-08-11', 'conf/clef/Sahbi16', 'http://ceur-ws.org/Vol-1609/16090371.pdf');
INSERT INTO Write (AuthorID, PaperID) VALUES (242, 304);
INSERT INTO Paper (PaperID, Title, Year, MDate, Key, DOI) VALUES (443, 'TELECOM ParisTech at ImageCLEF 2010 Photo Annotation Task: Combining Tags and Visual Features for Learning-Based Image Annotation.', 2010, '2017-10-18', 'conf/clef/SahbiL10', 'http://www.clef-initiative.eu/documents/71612/86374/CLEF2010wn-ImageCLEF-SahbiEt2010.pdf');
INSERT INTO Write (AuthorID, PaperID) VALUES (242, 443);
INSERT INTO Paper (PaperID, Title, Year, MDate, Key, DOI) VALUES (558, 'CNRS - TELECOM ParisTech at ImageCLEF 2013 Scalable Concept Image Annotation Task: Winning Annotations with Context Dependent SVMs.', 2013, '2014-09-10', 'conf/clef/Sahbi13', 'http://ceur-ws.org/Vol-1179/CLEF2013wn-ImageCLEF-Sahbi2013.pdf');
INSERT INTO Write (AuthorID, PaperID) VALUES (242, 558);
INSERT INTO Paper (PaperID, Title, Year, MDate, Key, DOI) VALUES (660, 'CNRS TELECOM ParisTech at ImageCLEF 2015 Scalable Concept Image Annotation Task: Concept Detection with Blind Localization Proposals.', 2015, '2015-09-03', 'conf/clef/Sahbi15', 'http://ceur-ws.org/Vol-1391/33-CR.pdf');
INSERT INTO Write (AuthorID, PaperID) VALUES (242, 660);
INSERT INTO Write (AuthorID, PaperID) VALUES (242, 1013);
INSERT INTO Paper (PaperID, Title, Year, MDate, Key, DOI) VALUES (1511, 'TELECOMParisTech at ImageClefphoto 2008: Bi-Modal Text and Image Retrieval with Diversity Enhancement.', 2008, '2014-09-29', 'conf/clef/FerecatuS08', 'http://ceur-ws.org/Vol-1174/CLEF2008wn-ImageCLEF-FerecatuEt2008.pdf');
INSERT INTO Write (AuthorID, PaperID) VALUES (242, 1511);
INSERT INTO Paper (PaperID, Title, Year, MDate, Key, DOI) VALUES (1611, 'TELECOM ParisTech at ImageClef 2009: Large Scale Visual Concept Detection and Annotation Task.', 2009, '2014-09-29', 'conf/clef/FerecatuS09', 'http://ceur-ws.org/Vol-1175/CLEF2009wn-ImageCLEF-FerecatuEt2009.pdf');
INSERT INTO Write (AuthorID, PaperID) VALUES (242, 1611);
INSERT INTO Write (AuthorID, PaperID) VALUES (242, 1833);
INSERT INTO Write (AuthorID, PaperID) VALUES (242, 2263);
INSERT INTO Author (AuthorID, Name) VALUES (243, 'Preben Hansen');
INSERT INTO Write (AuthorID, PaperID) VALUES (243, 158);
INSERT INTO Paper (PaperID, Title, Year, MDate, Key, DOI) VALUES (344, 'UTA and SICS at CLEF-IP.', 2009, '2014-09-29', 'conf/clef/JarvelinJH09a', 'http://ceur-ws.org/Vol-1175/CLEF2009wn-CLEFIP-JarvelinEt2009.pdf');
INSERT INTO Write (AuthorID, PaperID) VALUES (243, 344);
INSERT INTO Paper (PaperID, Title, Year, MDate, Key, DOI) VALUES (376, 'UTA and SICS at CLEF-IP''09.', 2009, '2018-11-02', 'conf/clef/JarvelinJH09', 'https://doi.org/10.1007/978-3-642-15754-7_55');
INSERT INTO Write (AuthorID, PaperID) VALUES (243, 376);
INSERT INTO Write (AuthorID, PaperID) VALUES (243, 668);
INSERT INTO Write (AuthorID, PaperID) VALUES (243, 799);
INSERT INTO Write (AuthorID, PaperID) VALUES (243, 1293);
INSERT INTO Paper (PaperID, Title, Year, MDate, Key, DOI) VALUES (2959, 'I Need More Time!: The Influence of Native Language on Search Behavior and Experience.', 2016, '2016-08-11', 'conf/clef/ZhangLH16', 'http://ceur-ws.org/Vol-1609/16091166.pdf');
INSERT INTO Write (AuthorID, PaperID) VALUES (243, 2959);
INSERT INTO Write (AuthorID, PaperID) VALUES (243, 3369);
INSERT INTO Write (AuthorID, PaperID) VALUES (243, 3451);
INSERT INTO Author (AuthorID, Name) VALUES (244, 'Debasis Ganguly');
INSERT INTO Write (AuthorID, PaperID) VALUES (244, 306);
INSERT INTO Write (AuthorID, PaperID) VALUES (244, 1328);
INSERT INTO Write (AuthorID, PaperID) VALUES (244, 1382);
INSERT INTO Write (AuthorID, PaperID) VALUES (244, 1519);
INSERT INTO Write (AuthorID, PaperID) VALUES (244, 1606);
INSERT INTO Write (AuthorID, PaperID) VALUES (244, 1853);
INSERT INTO Write (AuthorID, PaperID) VALUES (244, 2008);
INSERT INTO Write (AuthorID, PaperID) VALUES (244, 2421);
INSERT INTO Write (AuthorID, PaperID) VALUES (244, 2875);
INSERT INTO Author (AuthorID, Name) VALUES (245, 'Benjamin Kille');
INSERT INTO Write (AuthorID, PaperID) VALUES (245, 126);
INSERT INTO Write (AuthorID, PaperID) VALUES (245, 829);
INSERT INTO Write (AuthorID, PaperID) VALUES (245, 1065);
INSERT INTO Write (AuthorID, PaperID) VALUES (245, 1093);
INSERT INTO Write (AuthorID, PaperID) VALUES (245, 1104);
INSERT INTO Write (AuthorID, PaperID) VALUES (245, 1320);
INSERT INTO Write (AuthorID, PaperID) VALUES (245, 1609);
INSERT INTO Paper (PaperID, Title, Year, MDate, Key, DOI) VALUES (1991, 'NEWSREEL 2014: Summary of the News Recommendation Evaluation Lab.', 2014, '2014-09-10', 'conf/clef/Kille14', 'http://ceur-ws.org/Vol-1180/CLEF2014wn-Newsreel-Kille2014.pdf');
INSERT INTO Write (AuthorID, PaperID) VALUES (245, 1991);
INSERT INTO Write (AuthorID, PaperID) VALUES (245, 2909);
INSERT INTO Author (AuthorID, Name) VALUES (246, 'Ralph K&ouml;lle');
INSERT INTO Write (AuthorID, PaperID) VALUES (246, 96);
INSERT INTO Write (AuthorID, PaperID) VALUES (246, 227);
INSERT INTO Write (AuthorID, PaperID) VALUES (246, 597);
INSERT INTO Write (AuthorID, PaperID) VALUES (246, 1099);
INSERT INTO Write (AuthorID, PaperID) VALUES (246, 2092);
INSERT INTO Write (AuthorID, PaperID) VALUES (246, 2793);
INSERT INTO Write (AuthorID, PaperID) VALUES (246, 2801);
INSERT INTO Write (AuthorID, PaperID) VALUES (246, 2853);
INSERT INTO Write (AuthorID, PaperID) VALUES (246, 3355);
INSERT INTO Author (AuthorID, Name) VALUES (247, 'Simon E. Overell');
INSERT INTO Write (AuthorID, PaperID) VALUES (247, 296);
INSERT INTO Write (AuthorID, PaperID) VALUES (247, 405);
INSERT INTO Write (AuthorID, PaperID) VALUES (247, 648);
INSERT INTO Write (AuthorID, PaperID) VALUES (247, 1173);
INSERT INTO Write (AuthorID, PaperID) VALUES (247, 2420);
INSERT INTO Write (AuthorID, PaperID) VALUES (247, 2914);
INSERT INTO Write (AuthorID, PaperID) VALUES (247, 3114);
INSERT INTO Write (AuthorID, PaperID) VALUES (247, 3241);
INSERT INTO Write (AuthorID, PaperID) VALUES (247, 3243);
INSERT INTO Author (AuthorID, Name) VALUES (248, 'Yashin Dicente Cid');
INSERT INTO Write (AuthorID, PaperID) VALUES (248, 37);
INSERT INTO Write (AuthorID, PaperID) VALUES (248, 366);
INSERT INTO Write (AuthorID, PaperID) VALUES (248, 383);
INSERT INTO Write (AuthorID, PaperID) VALUES (248, 577);
INSERT INTO Write (AuthorID, PaperID) VALUES (248, 743);
INSERT INTO Write (AuthorID, PaperID) VALUES (248, 870);
INSERT INTO Write (AuthorID, PaperID) VALUES (248, 1166);
INSERT INTO Write (AuthorID, PaperID) VALUES (248, 1768);
INSERT INTO Write (AuthorID, PaperID) VALUES (248, 2242);
INSERT INTO Author (AuthorID, Name) VALUES (249, 'Been-Chian Chien');
INSERT INTO Paper (PaperID, Title, Year, MDate, Key, DOI) VALUES (184, 'KIDS''s Evaluation in the Medical Image Retrieval Task at ImageCLEF 2004.', 2004, '2014-08-15', 'conf/clef/ChengCKY04', 'http://ceur-ws.org/Vol-1170/CLEF2004wn-ImageCLEF-ChengEt2004.pdf');
INSERT INTO Write (AuthorID, PaperID) VALUES (249, 184);
INSERT INTO Paper (PaperID, Title, Year, MDate, Key, DOI) VALUES (1150, 'NCTU-ISU''s Evaluation for the User-Centered Search Task at ImageCLEF 2004.', 2004, '2014-08-15', 'conf/clef/ChengYCKY04', 'http://ceur-ws.org/Vol-1170/CLEF2004wn-ImageCLEF-ChengEt2004b.pdf');
INSERT INTO Write (AuthorID, PaperID) VALUES (249, 1150);
INSERT INTO Paper (PaperID, Title, Year, MDate, Key, DOI) VALUES (1440, 'NCTU_DBLAB@ImageCLEF 2005: Automatic Annotation Task.', 2005, '2014-08-15', 'conf/clef/ChengCKY05c', 'http://ceur-ws.org/Vol-1171/CLEF2005wn-ImageCLEF-ChengEt2005b.pdf');
INSERT INTO Write (AuthorID, PaperID) VALUES (249, 1440);
INSERT INTO Paper (PaperID, Title, Year, MDate, Key, DOI) VALUES (1449, 'NCTU_DBLAB@ImageCLEFmed 2005: Medical Image Retrieval Task.', 2005, '2014-08-15', 'conf/clef/ChengCKY05b', 'http://ceur-ws.org/Vol-1171/CLEF2005wn-ImageCLEF-ChengEt2005.pdf');
INSERT INTO Write (AuthorID, PaperID) VALUES (249, 1449);
INSERT INTO Paper (PaperID, Title, Year, MDate, Key, DOI) VALUES (1872, 'Comparison and Combination of Textual and Visual Features for Interactive Cross-Language Image Retrieval.', 2004, '2017-05-24', 'conf/clef/ChengYKCY05', 'https://doi.org/10.1007/11519645_77');
INSERT INTO Write (AuthorID, PaperID) VALUES (249, 1872);
INSERT INTO Paper (PaperID, Title, Year, MDate, Key, DOI) VALUES (2231, 'SMIRE: Similar Medical Image Retrieval Engine.', 2004, '2017-05-24', 'conf/clef/ChengCKY05', 'https://doi.org/10.1007/11519645_73');
INSERT INTO Write (AuthorID, PaperID) VALUES (249, 2231);
INSERT INTO Paper (PaperID, Title, Year, MDate, Key, DOI) VALUES (3171, 'KIDS-NUTN at ImageCLEF 2012 Photo Annotation and Retrieval Task.', 2012, '2014-09-24', 'conf/clef/ChienCGKHW12', 'http://www.clef-initiative.eu/documents/71612/0c634750-113b-4aa9-8ecb-42edd22407c9');
INSERT INTO Write (AuthorID, PaperID) VALUES (249, 3171);
INSERT INTO Paper (PaperID, Title, Year, MDate, Key, DOI) VALUES (3350, 'KIDS Lab at ImageCLEF 2012 Personal Photo Retrieval.', 2012, '2014-09-24', 'conf/clef/KuCCGHW12', 'http://www.clef-initiative.eu/documents/71612/cdad57c1-2902-49fb-acb0-dfcc80676329');
INSERT INTO Write (AuthorID, PaperID) VALUES (249, 3350);
INSERT INTO Paper (PaperID, Title, Year, MDate, Key, DOI) VALUES (3395, 'Combining Textual and Visual Features for Cross-Language Medical Image Retrieval.', 2005, '2017-05-24', 'conf/clef/ChengCKY05a', 'https://doi.org/10.1007/11878773_78');
INSERT INTO Write (AuthorID, PaperID) VALUES (249, 3395);
INSERT INTO Author (AuthorID, Name) VALUES (250, 'Darnes Vilari&ntilde;o Ayala');
INSERT INTO Write (AuthorID, PaperID) VALUES (250, 106);
INSERT INTO Write (AuthorID, PaperID) VALUES (250, 943);
INSERT INTO Write (AuthorID, PaperID) VALUES (250, 1267);
INSERT INTO Write (AuthorID, PaperID) VALUES (250, 1348);
INSERT INTO Write (AuthorID, PaperID) VALUES (250, 2075);
INSERT INTO Write (AuthorID, PaperID) VALUES (250, 2083);
INSERT INTO Write (AuthorID, PaperID) VALUES (250, 2427);
INSERT INTO Write (AuthorID, PaperID) VALUES (250, 3501);
INSERT INTO Author (AuthorID, Name) VALUES (251, 'Eduard H. Hovy');
INSERT INTO Write (AuthorID, PaperID) VALUES (251, 554);
INSERT INTO Write (AuthorID, PaperID) VALUES (251, 656);
INSERT INTO Write (AuthorID, PaperID) VALUES (251, 896);
INSERT INTO Write (AuthorID, PaperID) VALUES (251, 2849);
INSERT INTO Write (AuthorID, PaperID) VALUES (251, 2954);
INSERT INTO Write (AuthorID, PaperID) VALUES (251, 3190);
INSERT INTO Write (AuthorID, PaperID) VALUES (251, 3417);
INSERT INTO Write (AuthorID, PaperID) VALUES (251, 3431);
INSERT INTO Author (AuthorID, Name) VALUES (252, 'David Tom&aacute;s');
INSERT INTO Write (AuthorID, PaperID) VALUES (252, 63);
INSERT INTO Write (AuthorID, PaperID) VALUES (252, 151);
INSERT INTO Write (AuthorID, PaperID) VALUES (252, 629);
INSERT INTO Write (AuthorID, PaperID) VALUES (252, 1291);
INSERT INTO Write (AuthorID, PaperID) VALUES (252, 2225);
INSERT INTO Write (AuthorID, PaperID) VALUES (252, 2406);
INSERT INTO Write (AuthorID, PaperID) VALUES (252, 2583);
INSERT INTO Write (AuthorID, PaperID) VALUES (252, 3265);
INSERT INTO Author (AuthorID, Name) VALUES (253, 'Jacques Guyot');
INSERT INTO Write (AuthorID, PaperID) VALUES (253, 192);
INSERT INTO Write (AuthorID, PaperID) VALUES (253, 970);
INSERT INTO Write (AuthorID, PaperID) VALUES (253, 2608);
INSERT INTO Paper (PaperID, Title, Year, MDate, Key, DOI) VALUES (2727, 'myClass: A Mature Tool for Patent Classification.', 2010, '2014-09-24', 'conf/clef/GuyotBF10', 'http://www.clef-initiative.eu/documents/71612/86374/CLEF2010wn-CLEF-IP-GuyotEt2010.pdf');
INSERT INTO Write (AuthorID, PaperID) VALUES (253, 2727);
INSERT INTO Write (AuthorID, PaperID) VALUES (253, 3049);
INSERT INTO Write (AuthorID, PaperID) VALUES (253, 3325);
INSERT INTO Paper (PaperID, Title, Year, MDate, Key, DOI) VALUES (3422, 'The UniGe Experiments on the Search for Earlier Patents (Abstract only).', 2009, '2014-09-29', 'conf/clef/GuyotFB09a', 'http://ceur-ws.org/Vol-1175/CLEF2009wn-CLEFIP-GuyotEt2009.pdf');
INSERT INTO Write (AuthorID, PaperID) VALUES (253, 3422);
INSERT INTO Paper (PaperID, Title, Year, MDate, Key, DOI) VALUES (3500, 'UniGE Experiments on Prior Art Search in the Field of Patents.', 2009, '2017-05-24', 'conf/clef/GuyotFB09', 'https://doi.org/10.1007/978-3-642-15754-7_61');
INSERT INTO Write (AuthorID, PaperID) VALUES (253, 3500);
INSERT INTO Author (AuthorID, Name) VALUES (254, 'Dominique Laurent');
INSERT INTO Paper (PaperID, Title, Year, MDate, Key, DOI) VALUES (168, 'Cross Lingual Question Answering using QRISTAL for CLEF 2006.', 2006, '2014-08-15', 'conf/clef/LaurentSN06a', 'http://ceur-ws.org/Vol-1172/CLEF2006wn-QACLEF-LaurentEt2006.pdf');
INSERT INTO Write (AuthorID, PaperID) VALUES (254, 168);
INSERT INTO Paper (PaperID, Title, Year, MDate, Key, DOI) VALUES (465, 'French Run of Synapse D800Aeacute;veloppement at Entrance Exams 2014.', 2014, '2014-09-11', 'conf/clef/LaurentCN14', 'http://ceur-ws.org/Vol-1180/CLEF2014wn-QA-LaurentEt2014b.pdf');
INSERT INTO Write (AuthorID, PaperID) VALUES (254, 465);
INSERT INTO Paper (PaperID, Title, Year, MDate, Key, DOI) VALUES (468, 'Cross Lingual Question Answering using QRISTAL for CLEF 2008.', 2008, '2014-09-29', 'conf/clef/LaurentSN08', 'http://ceur-ws.org/Vol-1174/CLEF2008wn-QACLEF-LaurentEt2008.pdf');
INSERT INTO Write (AuthorID, PaperID) VALUES (254, 468);
INSERT INTO Paper (PaperID, Title, Year, MDate, Key, DOI) VALUES (761, 'Cross Lingual Question Answering using QRISTAL for CLEF 2005.', 2005, '2014-08-15', 'conf/clef/LaurentSN05', 'http://ceur-ws.org/Vol-1171/CLEF2005wn-QACLEF-LaurentEt2005.pdf');
INSERT INTO Write (AuthorID, PaperID) VALUES (254, 761);
INSERT INTO Paper (PaperID, Title, Year, MDate, Key, DOI) VALUES (1787, 'Cross Lingual Question Answering using QRISTAL for CLEF 2007.', 2007, '2014-09-23', 'conf/clef/LaurentSN07', 'http://ceur-ws.org/Vol-1173/CLEF2007wn-QACLEF-LaurentEt2007.pdf');
INSERT INTO Write (AuthorID, PaperID) VALUES (254, 1787);
INSERT INTO Paper (PaperID, Title, Year, MDate, Key, DOI) VALUES (2731, 'Reading Comprehension at Entrance Exams 2015.', 2015, '2015-09-03', 'conf/clef/LaurentCNPS15', 'http://ceur-ws.org/Vol-1391/34-CR.pdf');
INSERT INTO Write (AuthorID, PaperID) VALUES (254, 2731);
INSERT INTO Paper (PaperID, Title, Year, MDate, Key, DOI) VALUES (2976, 'Cross Lingual Question Answering Using QRISTAL for CLEF 2006.', 2006, '2017-05-24', 'conf/clef/LaurentSN06', 'https://doi.org/10.1007/978-3-540-74999-8_41');
INSERT INTO Write (AuthorID, PaperID) VALUES (254, 2976);
INSERT INTO Paper (PaperID, Title, Year, MDate, Key, DOI) VALUES (3184, 'English Run of Synapse D800Aeacute;veloppement at Entrance Exams 2014.', 2014, '2014-09-11', 'conf/clef/LaurentCNS14', 'http://ceur-ws.org/Vol-1180/CLEF2014wn-QA-LaurentEt2014a.pdf');
INSERT INTO Write (AuthorID, PaperID) VALUES (254, 3184);
INSERT INTO Author (AuthorID, Name) VALUES (255, 'Qinmin Hu');
INSERT INTO Paper (PaperID, Title, Year, MDate, Key, DOI) VALUES (412, 'ECNU at 2018 eHealth Task 2: Technologically Assisted Reviews in Empirical Medicine.', 2018, '2018-09-03', 'conf/clef/WuWCCHH18', 'http://ceur-ws.org/Vol-2125/paper_177.pdf');
INSERT INTO Write (AuthorID, PaperID) VALUES (255, 412);
INSERT INTO Paper (PaperID, Title, Year, MDate, Key, DOI) VALUES (608, 'ECNU at 2016 eHealth Task 1: Handover Information Extraction.', 2016, '2018-09-03', 'conf/clef/SongHLHHW16', 'http://ceur-ws.org/Vol-1609/16090147.pdf');
INSERT INTO Write (AuthorID, PaperID) VALUES (255, 608);
INSERT INTO Paper (PaperID, Title, Year, MDate, Key, DOI) VALUES (1405, 'ECNU at MC2 2018 Task 2: Mining Opinion Argumentation.', 2018, '2018-09-03', 'conf/clef/ZhouZHH18', 'http://ceur-ws.org/Vol-2125/paper_71.pdf');
INSERT INTO Write (AuthorID, PaperID) VALUES (255, 1405);
INSERT INTO Paper (PaperID, Title, Year, MDate, Key, DOI) VALUES (1512, 'ECNU at 2017 eHealth Task 2: Technologically Assisted Reviews in Empirical Medicine.', 2017, '2018-09-03', 'conf/clef/ChenCSLWHH17', 'http://ceur-ws.org/Vol-1866/paper_99.pdf');
INSERT INTO Write (AuthorID, PaperID) VALUES (255, 1512);
INSERT INTO Paper (PaperID, Title, Year, MDate, Key, DOI) VALUES (2100, 'ECNU at 2016 eHealth Task 3: Patient-centred Information Retrieval.', 2016, '2018-09-03', 'conf/clef/SongHLWHH16', 'http://ceur-ws.org/Vol-1609/16090157.pdf');
INSERT INTO Write (AuthorID, PaperID) VALUES (255, 2100);
INSERT INTO Paper (PaperID, Title, Year, MDate, Key, DOI) VALUES (2386, 'ECNU at CLEF PIR 2018 : Evaluation of Personalized Information Retrieval.', 2018, '2018-09-03', 'conf/clef/BaiZHH18', 'http://ceur-ws.org/Vol-2125/paper_72.pdf');
INSERT INTO Write (AuthorID, PaperID) VALUES (255, 2386);
INSERT INTO Paper (PaperID, Title, Year, MDate, Key, DOI) VALUES (2604, 'An Integrated Approach for Medical Image Retrieval through Combining Textual and Visual Features.', 2009, '2017-05-24', 'conf/clef/YeHHL09', 'https://doi.org/10.1007/978-3-642-15751-6_23');
INSERT INTO Write (AuthorID, PaperID) VALUES (255, 2604);
INSERT INTO Paper (PaperID, Title, Year, MDate, Key, DOI) VALUES (2984, 'ECNU at 2015 eHealth Task 2: User-centred Health Information Retrieval.', 2015, '2018-09-03', 'conf/clef/SongHHHH15', 'http://ceur-ws.org/Vol-1391/80-CR.pdf');
INSERT INTO Write (AuthorID, PaperID) VALUES (255, 2984);
INSERT INTO Author (AuthorID, Name) VALUES (256, 'Christian Fluhr');
INSERT INTO Paper (PaperID, Title, Year, MDate, Key, DOI) VALUES (224, 'Hossur''Tech''s Participation in CLEF 2009 INFILE Interactive Filtering.', 2009, '2017-05-24', 'conf/clef/RonaldRF09', 'https://doi.org/10.1007/978-3-642-15754-7_45');
INSERT INTO Write (AuthorID, PaperID) VALUES (256, 224);
INSERT INTO Write (AuthorID, PaperID) VALUES (256, 881);
INSERT INTO Write (AuthorID, PaperID) VALUES (256, 957);
INSERT INTO Paper (PaperID, Title, Year, MDate, Key, DOI) VALUES (1544, 'Hosur''Tech Participation in Interactive INFILE.', 2009, '2014-09-29', 'conf/clef/RonaldRF09a', 'http://ceur-ws.org/Vol-1175/CLEF2009wn-INFILE-RonaldEt2009.pdf');
INSERT INTO Write (AuthorID, PaperID) VALUES (256, 1544);
INSERT INTO Write (AuthorID, PaperID) VALUES (256, 1939);
INSERT INTO Write (AuthorID, PaperID) VALUES (256, 2066);
INSERT INTO Write (AuthorID, PaperID) VALUES (256, 2632);
INSERT INTO Write (AuthorID, PaperID) VALUES (256, 3077);
INSERT INTO Author (AuthorID, Name) VALUES (257, 'Sophie N&egrave;gre');
INSERT INTO Write (AuthorID, PaperID) VALUES (257, 168);
INSERT INTO Write (AuthorID, PaperID) VALUES (257, 465);
INSERT INTO Write (AuthorID, PaperID) VALUES (257, 468);
INSERT INTO Write (AuthorID, PaperID) VALUES (257, 761);
INSERT INTO Write (AuthorID, PaperID) VALUES (257, 1787);
INSERT INTO Write (AuthorID, PaperID) VALUES (257, 2731);
INSERT INTO Write (AuthorID, PaperID) VALUES (257, 2976);
INSERT INTO Write (AuthorID, PaperID) VALUES (257, 3184);
INSERT INTO Author (AuthorID, Name) VALUES (258, 'Atelach Alemu Argaw');
INSERT INTO Write (AuthorID, PaperID) VALUES (258, 203);
INSERT INTO Write (AuthorID, PaperID) VALUES (258, 251);
INSERT INTO Paper (PaperID, Title, Year, MDate, Key, DOI) VALUES (709, 'Amharic-English Information Retrieval.', 2006, '2017-05-24', 'conf/clef/ArgawA06', 'https://doi.org/10.1007/978-3-540-74999-8_5');
INSERT INTO Write (AuthorID, PaperID) VALUES (258, 709);
INSERT INTO Write (AuthorID, PaperID) VALUES (258, 796);
INSERT INTO Paper (PaperID, Title, Year, MDate, Key, DOI) VALUES (2404, 'Amharic-English Information Retrieval with Pseudo Relevance Feedback.', 2007, '2017-05-24', 'conf/clef/Argaw07', 'https://doi.org/10.1007/978-3-540-85760-0_15');
INSERT INTO Write (AuthorID, PaperID) VALUES (258, 2404);
INSERT INTO Write (AuthorID, PaperID) VALUES (258, 3094);
INSERT INTO Paper (PaperID, Title, Year, MDate, Key, DOI) VALUES (3183, 'Amharic-English Information Retrieval with Pseudo Relevance Feedback.', 2007, '2014-09-23', 'conf/clef/Argaw07a', 'http://ceur-ws.org/Vol-1173/CLEF2007wn-adhoc-AlemuArgawEt2007.pdf');
INSERT INTO Write (AuthorID, PaperID) VALUES (258, 3183);
INSERT INTO Paper (PaperID, Title, Year, MDate, Key, DOI) VALUES (3512, 'Amharic-English Information Retrieval.', 2006, '2014-08-15', 'conf/clef/ArgawA06a', 'http://ceur-ws.org/Vol-1172/CLEF2006wn-adhoc-ArgawEt2006.pdf');
INSERT INTO Write (AuthorID, PaperID) VALUES (258, 3512);
INSERT INTO Author (AuthorID, Name) VALUES (259, 'Nicolas Moreau');
INSERT INTO Write (AuthorID, PaperID) VALUES (259, 65);
INSERT INTO Write (AuthorID, PaperID) VALUES (259, 265);
INSERT INTO Write (AuthorID, PaperID) VALUES (259, 907);
INSERT INTO Write (AuthorID, PaperID) VALUES (259, 1205);
INSERT INTO Write (AuthorID, PaperID) VALUES (259, 1685);
INSERT INTO Write (AuthorID, PaperID) VALUES (259, 2190);
INSERT INTO Write (AuthorID, PaperID) VALUES (259, 2446);
INSERT INTO Write (AuthorID, PaperID) VALUES (259, 2789);
INSERT INTO Author (AuthorID, Name) VALUES (260, 'B&ouml;rkur Sigurbj&ouml;rnsson');
INSERT INTO Write (AuthorID, PaperID) VALUES (260, 31);
INSERT INTO Write (AuthorID, PaperID) VALUES (260, 48);
INSERT INTO Write (AuthorID, PaperID) VALUES (260, 270);
INSERT INTO Write (AuthorID, PaperID) VALUES (260, 1848);
INSERT INTO Write (AuthorID, PaperID) VALUES (260, 2090);
INSERT INTO Write (AuthorID, PaperID) VALUES (260, 2635);
INSERT INTO Write (AuthorID, PaperID) VALUES (260, 3304);
INSERT INTO Write (AuthorID, PaperID) VALUES (260, 3457);
INSERT INTO Author (AuthorID, Name) VALUES (261, 'Sungbin Choi');
INSERT INTO Paper (PaperID, Title, Year, MDate, Key, DOI) VALUES (716, 'SNUMedinfo at ImageCLEF 2013: Medical Retrieval Task.', 2013, '2014-09-10', 'conf/clef/ChoiLC13', 'http://ceur-ws.org/Vol-1179/CLEF2013wn-ImageCLEF-ChoiEt2013.pdf');
INSERT INTO Write (AuthorID, PaperID) VALUES (261, 716);
INSERT INTO Paper (PaperID, Title, Year, MDate, Key, DOI) VALUES (967, 'SNUMedinfo at CLEF BioASQ 2015.', 2015, '2015-09-03', 'conf/clef/Choi15c', 'http://ceur-ws.org/Vol-1391/118-CR.pdf');
INSERT INTO Write (AuthorID, PaperID) VALUES (261, 967);
INSERT INTO Paper (PaperID, Title, Year, MDate, Key, DOI) VALUES (1814, 'Exploring Effective Information Retrieval Technique for the Medical Web Documents: SNUMedinfo at CLEFeHealth2014 Task 3.', 2014, '2014-09-10', 'conf/clef/ChoiC14', 'http://ceur-ws.org/Vol-1180/CLEF2014wn-eHealth-ChoiEt2014.pdf');
INSERT INTO Write (AuthorID, PaperID) VALUES (261, 1814);
INSERT INTO Paper (PaperID, Title, Year, MDate, Key, DOI) VALUES (2128, 'X-ray Image Body Part Clustering using Deep Convolutional Neural Network: SNUMedinfo at ImageCLEF 2015 Medical Clustering Task.', 2015, '2015-09-03', 'conf/clef/Choi15', 'http://ceur-ws.org/Vol-1391/117-CR.pdf');
INSERT INTO Write (AuthorID, PaperID) VALUES (261, 2128);
INSERT INTO Paper (PaperID, Title, Year, MDate, Key, DOI) VALUES (2173, 'Plant Identification with Deep Convolutional Neural Network: SNUMedinfo at LifeCLEF Plant Identification Task 2015.', 2015, '2015-09-03', 'conf/clef/Choi15a', 'http://ceur-ws.org/Vol-1391/82-CR.pdf');
INSERT INTO Write (AuthorID, PaperID) VALUES (261, 2173);
INSERT INTO Paper (PaperID, Title, Year, MDate, Key, DOI) VALUES (2428, 'Fish Identification in Underwater Video with Deep Convolutional Neural Network: SNUMedinfo at LifeCLEF Fish task 2015.', 2015, '2015-09-03', 'conf/clef/Choi15b', 'http://ceur-ws.org/Vol-1391/110-CR.pdf');
INSERT INTO Write (AuthorID, PaperID) VALUES (261, 2428);
INSERT INTO Paper (PaperID, Title, Year, MDate, Key, DOI) VALUES (2718, 'SNUMedinfo at CLEFeHealth2013 Task 3.', 2013, '2014-09-10', 'conf/clef/ChoiC13', 'http://ceur-ws.org/Vol-1179/CLEF2013wn-CLEFeHealth-ChoiEt2013.pdf');
INSERT INTO Write (AuthorID, PaperID) VALUES (261, 2718);
INSERT INTO Paper (PaperID, Title, Year, MDate, Key, DOI) VALUES (3509, 'Classification and Retrieval of Biomedical Literatures: SNUMedinfo at CLEF QA track BioASQ 2014.', 2014, '2014-09-10', 'conf/clef/ChoiC14a', 'http://ceur-ws.org/Vol-1180/CLEF2014wn-QA-ChoiEt2014.pdf');
INSERT INTO Write (AuthorID, PaperID) VALUES (261, 3509);
INSERT INTO Author (AuthorID, Name) VALUES (262, 'Abolfazl AleAhmad');
INSERT INTO Paper (PaperID, Title, Year, MDate, Key, DOI) VALUES (108, 'Ad Hoc Information Retrieval for Persian.', 2009, '2017-05-24', 'conf/clef/HabibianAS09', 'https://doi.org/10.1007/978-3-642-15754-7_13');
INSERT INTO Write (AuthorID, PaperID) VALUES (262, 108);
INSERT INTO Write (AuthorID, PaperID) VALUES (262, 523);
INSERT INTO Write (AuthorID, PaperID) VALUES (262, 1021);
INSERT INTO Write (AuthorID, PaperID) VALUES (262, 1523);
INSERT INTO Write (AuthorID, PaperID) VALUES (262, 1909);
INSERT INTO Write (AuthorID, PaperID) VALUES (262, 2684);
INSERT INTO Write (AuthorID, PaperID) VALUES (262, 3344);
INSERT INTO Write (AuthorID, PaperID) VALUES (262, 3361);
INSERT INTO Author (AuthorID, Name) VALUES (263, 'Erik F. Tjong Kim Sang');
INSERT INTO Write (AuthorID, PaperID) VALUES (263, 386);
INSERT INTO Write (AuthorID, PaperID) VALUES (263, 907);
INSERT INTO Write (AuthorID, PaperID) VALUES (263, 1082);
INSERT INTO Write (AuthorID, PaperID) VALUES (263, 1205);
INSERT INTO Write (AuthorID, PaperID) VALUES (263, 1898);
INSERT INTO Write (AuthorID, PaperID) VALUES (263, 2418);
INSERT INTO Write (AuthorID, PaperID) VALUES (263, 2506);
INSERT INTO Write (AuthorID, PaperID) VALUES (263, 2776);
INSERT INTO Author (AuthorID, Name) VALUES (264, 'Rui Wang 0005');
INSERT INTO Write (AuthorID, PaperID) VALUES (264, 149);
INSERT INTO Write (AuthorID, PaperID) VALUES (264, 421);
INSERT INTO Write (AuthorID, PaperID) VALUES (264, 915);
INSERT INTO Write (AuthorID, PaperID) VALUES (264, 2532);
INSERT INTO Write (AuthorID, PaperID) VALUES (264, 2726);
INSERT INTO Write (AuthorID, PaperID) VALUES (264, 3222);
INSERT INTO Write (AuthorID, PaperID) VALUES (264, 3324);
INSERT INTO Write (AuthorID, PaperID) VALUES (264, 3352);
INSERT INTO Author (AuthorID, Name) VALUES (265, 'Emilio Sanchis');
INSERT INTO Write (AuthorID, PaperID) VALUES (265, 1531);
INSERT INTO Write (AuthorID, PaperID) VALUES (265, 1572);
INSERT INTO Write (AuthorID, PaperID) VALUES (265, 2199);
INSERT INTO Write (AuthorID, PaperID) VALUES (265, 2272);
INSERT INTO Write (AuthorID, PaperID) VALUES (265, 2554);
INSERT INTO Write (AuthorID, PaperID) VALUES (265, 2927);
INSERT INTO Write (AuthorID, PaperID) VALUES (265, 2942);
INSERT INTO Write (AuthorID, PaperID) VALUES (265, 3260);
INSERT INTO Author (AuthorID, Name) VALUES (266, 'Cl&aacute;udia Pinto');
INSERT INTO Paper (PaperID, Title, Year, MDate, Key, DOI) VALUES (136, 'Priberam''s Question Answering system in QA@CLEF 2008.', 2008, '2014-09-29', 'conf/clef/AmaralCFMMMPP08a', 'http://ceur-ws.org/Vol-1174/CLEF2008wn-QACLEF-AmaralEt2008.pdf');
INSERT INTO Write (AuthorID, PaperID) VALUES (266, 136);
INSERT INTO Paper (PaperID, Title, Year, MDate, Key, DOI) VALUES (189, 'Priberam''s Question Answering System in QA@CLEF 2007.', 2007, '2017-05-24', 'conf/clef/AmaralCFMMMPV07', 'https://doi.org/10.1007/978-3-540-85760-0_46');
INSERT INTO Write (AuthorID, PaperID) VALUES (266, 189);
INSERT INTO Paper (PaperID, Title, Year, MDate, Key, DOI) VALUES (435, 'Priberam''s Question Answering System for Portuguese.', 2005, '2014-08-15', 'conf/clef/AmaralFMMMP05a', 'http://ceur-ws.org/Vol-1171/CLEF2005wn-QACLEF-AmaralEt2005.pdf');
INSERT INTO Write (AuthorID, PaperID) VALUES (266, 435);
INSERT INTO Paper (PaperID, Title, Year, MDate, Key, DOI) VALUES (789, 'Priberam''s Question Answering System for Portuguese.', 2005, '2017-05-24', 'conf/clef/AmaralFMMMP05', 'https://doi.org/10.1007/11878773_46');
INSERT INTO Write (AuthorID, PaperID) VALUES (266, 789);
INSERT INTO Paper (PaperID, Title, Year, MDate, Key, DOI) VALUES (1639, 'Priberam''s Question Answering System in QA@CLEF 2007.', 2007, '2014-09-23', 'conf/clef/AmaralCFMMMPV07a', 'http://ceur-ws.org/Vol-1173/CLEF2007wn-QACLEF-AmaralEt2007.pdf');
INSERT INTO Write (AuthorID, PaperID) VALUES (266, 1639);
INSERT INTO Paper (PaperID, Title, Year, MDate, Key, DOI) VALUES (1684, 'Priberam''s Question Answering System in a Cross-Language Environment.', 2006, '2014-08-15', 'conf/clef/CassanFMMMPV06a', 'http://ceur-ws.org/Vol-1172/CLEF2006wn-QACLEF-CassanEt2006.pdf');
INSERT INTO Write (AuthorID, PaperID) VALUES (266, 1684);
INSERT INTO Paper (PaperID, Title, Year, MDate, Key, DOI) VALUES (2923, 'Priberam''s Question Answering System in a Cross-Language Environment.', 2006, '2017-05-24', 'conf/clef/CassanFMMMPV06', 'https://doi.org/10.1007/978-3-540-74999-8_37');
INSERT INTO Write (AuthorID, PaperID) VALUES (266, 2923);
INSERT INTO Paper (PaperID, Title, Year, MDate, Key, DOI) VALUES (3232, 'Priberam''s Question Answering System in QA@CLEF 2008.', 2008, '2017-05-24', 'conf/clef/AmaralCFMMMPP08', 'https://doi.org/10.1007/978-3-642-04447-2_39');
INSERT INTO Write (AuthorID, PaperID) VALUES (266, 3232);
INSERT INTO Author (AuthorID, Name) VALUES (267, 'Antoine Geissb&uuml;hler');
INSERT INTO Write (AuthorID, PaperID) VALUES (267, 239);
INSERT INTO Write (AuthorID, PaperID) VALUES (267, 762);
INSERT INTO Write (AuthorID, PaperID) VALUES (267, 816);
INSERT INTO Write (AuthorID, PaperID) VALUES (267, 821);
INSERT INTO Write (AuthorID, PaperID) VALUES (267, 2002);
INSERT INTO Write (AuthorID, PaperID) VALUES (267, 2740);
INSERT INTO Write (AuthorID, PaperID) VALUES (267, 3210);
INSERT INTO Write (AuthorID, PaperID) VALUES (267, 3333);
INSERT INTO Author (AuthorID, Name) VALUES (268, 'Craig Macdonald');
INSERT INTO Write (AuthorID, PaperID) VALUES (268, 640);
INSERT INTO Write (AuthorID, PaperID) VALUES (268, 1049);
INSERT INTO Write (AuthorID, PaperID) VALUES (268, 1351);
INSERT INTO Write (AuthorID, PaperID) VALUES (268, 2619);
INSERT INTO Write (AuthorID, PaperID) VALUES (268, 2924);
INSERT INTO Write (AuthorID, PaperID) VALUES (268, 2965);
INSERT INTO Write (AuthorID, PaperID) VALUES (268, 3004);
INSERT INTO Write (AuthorID, PaperID) VALUES (268, 3095);
INSERT INTO Author (AuthorID, Name) VALUES (269, 'Muath Alzghool');
INSERT INTO Paper (PaperID, Title, Year, MDate, Key, DOI) VALUES (21, 'Using Various Indexing Schemes and Multiple Translations in the CL-SR Task at CLEF 2005.', 2005, '2017-05-24', 'conf/clef/InkpenAI05', 'https://doi.org/10.1007/11878773_83');
INSERT INTO Write (AuthorID, PaperID) VALUES (269, 21);
INSERT INTO Paper (PaperID, Title, Year, MDate, Key, DOI) VALUES (792, 'Model Fusion Experiments for the Cross Language Speech Retrieval Task at CLEF 2007.', 2007, '2014-09-23', 'conf/clef/AlzghoolI07a', 'http://ceur-ws.org/Vol-1173/CLEF2007wn-CLSR-AlzghoolEt2007.pdf');
INSERT INTO Write (AuthorID, PaperID) VALUES (269, 792);
INSERT INTO Paper (PaperID, Title, Year, MDate, Key, DOI) VALUES (1921, 'Model Fusion Experiments for the CLSR Task at CLEF 2007.', 2007, '2017-05-24', 'conf/clef/AlzghoolI07', 'https://doi.org/10.1007/978-3-540-85760-0_88');
INSERT INTO Write (AuthorID, PaperID) VALUES (269, 1921);
INSERT INTO Paper (PaperID, Title, Year, MDate, Key, DOI) VALUES (2048, 'University of Ottawa''s Participation in the CL-SR Task at CLEF 2006.', 2006, '2014-08-15', 'conf/clef/AlzghoolI06a', 'http://ceur-ws.org/Vol-1172/CLEF2006wn-CLSR-AlzghoolEt2006.pdf');
INSERT INTO Write (AuthorID, PaperID) VALUES (269, 2048);
INSERT INTO Paper (PaperID, Title, Year, MDate, Key, DOI) VALUES (2293, 'University of Ottawa''s Contribution to CLEF 2005, the CL-SR Track.', 2005, '2014-08-15', 'conf/clef/InkpenAI05a', 'http://ceur-ws.org/Vol-1171/CLEF2005wn-CLSR-InkpenEt2005.pdf');
INSERT INTO Write (AuthorID, PaperID) VALUES (269, 2293);
INSERT INTO Paper (PaperID, Title, Year, MDate, Key, DOI) VALUES (2470, 'Clustering for Photo Retrieval at Image CLEF 2008.', 2008, '2014-09-29', 'conf/clef/InkpenSDA08a', 'http://ceur-ws.org/Vol-1174/CLEF2008wn-ImageCLEF-InkpenEt2008.pdf');
INSERT INTO Write (AuthorID, PaperID) VALUES (269, 2470);
INSERT INTO Paper (PaperID, Title, Year, MDate, Key, DOI) VALUES (2676, 'Experiments for the Cross Language Speech Retrieval Task at CLEF 2006.', 2006, '2017-05-24', 'conf/clef/AlzghoolI06', 'https://doi.org/10.1007/978-3-540-74999-8_98');
INSERT INTO Write (AuthorID, PaperID) VALUES (269, 2676);
INSERT INTO Paper (PaperID, Title, Year, MDate, Key, DOI) VALUES (2946, 'Clustering for Photo Retrieval at Image CLEF 2008.', 2008, '2017-05-24', 'conf/clef/InkpenSDA08', 'https://doi.org/10.1007/978-3-642-04447-2_86');
INSERT INTO Write (AuthorID, PaperID) VALUES (269, 2946);
INSERT INTO Author (AuthorID, Name) VALUES (270, 'Gabriella Pasi');
INSERT INTO Paper (PaperID, Title, Year, MDate, Key, DOI) VALUES (922, 'Concept Term Expansion Approach for Monitoring Reputation of Companies on Twitter.', 2012, '2014-09-24', 'conf/clef/QureshiOP12', 'http://www.clef-initiative.eu/documents/71612/82b9a7d9-ac2b-4084-8f62-2b400092420f');
INSERT INTO Write (AuthorID, PaperID) VALUES (270, 922);
INSERT INTO Paper (PaperID, Title, Year, MDate, Key, DOI) VALUES (1106, 'CIRG IRGDISCO at RepLab2013 Filtering Task: Use of Wikipedia''s Graph Structure for Entity Name Disambiguation in Tweets.', 2013, '2014-09-10', 'conf/clef/0001YAOP13', 'http://ceur-ws.org/Vol-1179/CLEF2013wn-RepLab-QureshiEt2013.pdf');
INSERT INTO Write (AuthorID, PaperID) VALUES (270, 1106);
INSERT INTO Write (AuthorID, PaperID) VALUES (270, 1328);
INSERT INTO Write (AuthorID, PaperID) VALUES (270, 1382);
INSERT INTO Write (AuthorID, PaperID) VALUES (270, 1519);
INSERT INTO Write (AuthorID, PaperID) VALUES (270, 2008);
INSERT INTO Paper (PaperID, Title, Year, MDate, Key, DOI) VALUES (3252, 'CIRGIRGDISCO at RepLab2014 Reputation Dimension Task: Using Wikipedia Graph Structure for Classifying the Reputation Dimension of a Tweet.', 2014, '2014-09-10', 'conf/clef/0001YOP14', 'http://ceur-ws.org/Vol-1180/CLEF2014wn-Rep-QureshiEt2014.pdf');
INSERT INTO Write (AuthorID, PaperID) VALUES (270, 3252);
INSERT INTO Paper (PaperID, Title, Year, MDate, Key, DOI) VALUES (3334, 'CIRGDISCO at RepLab2012 Filtering Task: A Two-Pass Approach for Company Name Disambiguation in Tweets.', 2012, '2014-09-24', 'conf/clef/YounusOP12', 'http://www.clef-initiative.eu/documents/71612/c0290d7f-55ad-44da-b9e6-41397216c419');
INSERT INTO Write (AuthorID, PaperID) VALUES (270, 3334);
INSERT INTO Author (AuthorID, Name) VALUES (271, 'Dong Zhou');
INSERT INTO Paper (PaperID, Title, Year, MDate, Key, DOI) VALUES (487, 'Smoothing Methods and Cross-Language Document Re-ranking.', 2009, '2017-05-24', 'conf/clef/ZhouW09', 'https://doi.org/10.1007/978-3-642-15754-7_6');
INSERT INTO Write (AuthorID, PaperID) VALUES (271, 487);
INSERT INTO Paper (PaperID, Title, Year, MDate, Key, DOI) VALUES (579, 'Ambiguity and Unknown Term Translation in CLIR.', 2007, '2014-09-23', 'conf/clef/ZhouTB07a', 'http://ceur-ws.org/Vol-1173/CLEF2007wn-adhoc-ZhouEt2007.pdf');
INSERT INTO Write (AuthorID, PaperID) VALUES (271, 579);
INSERT INTO Write (AuthorID, PaperID) VALUES (271, 999);
INSERT INTO Paper (PaperID, Title, Year, MDate, Key, DOI) VALUES (1502, 'Disambiguation and Unknown Term Translation in Cross Language Information Retrieval.', 2007, '2017-05-24', 'conf/clef/ZhouTB07', 'https://doi.org/10.1007/978-3-540-85760-0_8');
INSERT INTO Write (AuthorID, PaperID) VALUES (271, 1502);
INSERT INTO Paper (PaperID, Title, Year, MDate, Key, DOI) VALUES (2834, 'TCD-DCU at TEL@CLEF 2009: Document Expansion, Query Translation and Language Modeling.', 2009, '2014-09-29', 'conf/clef/ZhouW09b', 'http://ceur-ws.org/Vol-1175/CLEF2009wn-adhoc-LevelingEt2009.pdf');
INSERT INTO Write (AuthorID, PaperID) VALUES (271, 2834);
INSERT INTO Write (AuthorID, PaperID) VALUES (271, 3018);
INSERT INTO Write (AuthorID, PaperID) VALUES (271, 3053);
INSERT INTO Paper (PaperID, Title, Year, MDate, Key, DOI) VALUES (3170, 'Language Modeling and Document Re-Ranking: Trinity Experiments at TEL@CLEF-2009.', 2009, '2014-09-29', 'conf/clef/ZhouW09a', 'http://ceur-ws.org/Vol-1175/CLEF2009wn-adhoc-ZhouEt2009.pdf');
INSERT INTO Write (AuthorID, PaperID) VALUES (271, 3170);
INSERT INTO Author (AuthorID, Name) VALUES (272, 'David Walsh 0001');
INSERT INTO Write (AuthorID, PaperID) VALUES (272, 429);
INSERT INTO Write (AuthorID, PaperID) VALUES (272, 1245);
INSERT INTO Write (AuthorID, PaperID) VALUES (272, 1546);
INSERT INTO Write (AuthorID, PaperID) VALUES (272, 2460);
INSERT INTO Write (AuthorID, PaperID) VALUES (272, 2939);
INSERT INTO Paper (PaperID, Title, Year, MDate, Key, DOI) VALUES (2975, 'Edge Hill Computing @ Interactive Social Book Search 2015.', 2015, '2017-09-07', 'conf/clef/CampbellHW15', 'http://ceur-ws.org/Vol-1391/108-CR.pdf');
INSERT INTO Write (AuthorID, PaperID) VALUES (272, 2975);
INSERT INTO Write (AuthorID, PaperID) VALUES (272, 3370);
INSERT INTO Paper (PaperID, Title, Year, MDate, Key, DOI) VALUES (3456, 'The Edge Hill Contribution to the INEX Interactive Social Book Search Task.', 2014, '2017-09-07', 'conf/clef/WalshH14', 'http://ceur-ws.org/Vol-1180/CLEF2014wn-Inex-WalshEt2014.pdf');
INSERT INTO Write (AuthorID, PaperID) VALUES (272, 3456);
INSERT INTO Author (AuthorID, Name) VALUES (273, 'Afonso Mendes');
INSERT INTO Write (AuthorID, PaperID) VALUES (273, 136);
INSERT INTO Write (AuthorID, PaperID) VALUES (273, 189);
INSERT INTO Write (AuthorID, PaperID) VALUES (273, 435);
INSERT INTO Write (AuthorID, PaperID) VALUES (273, 789);
INSERT INTO Write (AuthorID, PaperID) VALUES (273, 1639);
INSERT INTO Write (AuthorID, PaperID) VALUES (273, 1684);
INSERT INTO Write (AuthorID, PaperID) VALUES (273, 2923);
INSERT INTO Write (AuthorID, PaperID) VALUES (273, 3232);
INSERT INTO Author (AuthorID, Name) VALUES (274, 'Sonia V&aacute;zquez');
INSERT INTO Write (AuthorID, PaperID) VALUES (274, 788);
INSERT INTO Write (AuthorID, PaperID) VALUES (274, 873);
INSERT INTO Write (AuthorID, PaperID) VALUES (274, 1154);
INSERT INTO Write (AuthorID, PaperID) VALUES (274, 1951);
INSERT INTO Write (AuthorID, PaperID) VALUES (274, 2493);
INSERT INTO Write (AuthorID, PaperID) VALUES (274, 2641);
INSERT INTO Write (AuthorID, PaperID) VALUES (274, 3359);
INSERT INTO Write (AuthorID, PaperID) VALUES (274, 3444);
INSERT INTO Author (AuthorID, Name) VALUES (275, 'Jes&uacute;s Peral');
INSERT INTO Write (AuthorID, PaperID) VALUES (275, 122);
INSERT INTO Write (AuthorID, PaperID) VALUES (275, 151);
INSERT INTO Write (AuthorID, PaperID) VALUES (275, 755);
INSERT INTO Write (AuthorID, PaperID) VALUES (275, 1291);
INSERT INTO Write (AuthorID, PaperID) VALUES (275, 1415);
INSERT INTO Write (AuthorID, PaperID) VALUES (275, 2192);
INSERT INTO Write (AuthorID, PaperID) VALUES (275, 3462);
INSERT INTO Write (AuthorID, PaperID) VALUES (275, 3485);
INSERT INTO Author (AuthorID, Name) VALUES (276, 'Danilo Giampiccolo');
INSERT INTO Write (AuthorID, PaperID) VALUES (276, 142);
INSERT INTO Write (AuthorID, PaperID) VALUES (276, 265);
INSERT INTO Write (AuthorID, PaperID) VALUES (276, 633);
INSERT INTO Write (AuthorID, PaperID) VALUES (276, 1163);
INSERT INTO Write (AuthorID, PaperID) VALUES (276, 2789);
INSERT INTO Write (AuthorID, PaperID) VALUES (276, 2836);
INSERT INTO Write (AuthorID, PaperID) VALUES (276, 3147);
INSERT INTO Write (AuthorID, PaperID) VALUES (276, 3286);
INSERT INTO Author (AuthorID, Name) VALUES (277, 'Michael P. Oakes');
INSERT INTO Write (AuthorID, PaperID) VALUES (277, 128);
INSERT INTO Paper (PaperID, Title, Year, MDate, Key, DOI) VALUES (1490, 'A Search Engine Based on Query Logs, and Search Log Analysis by Automatic Language Identification.', 2009, '2017-05-24', 'conf/clef/OakesX09', 'https://doi.org/10.1007/978-3-642-15754-7_64');
INSERT INTO Write (AuthorID, PaperID) VALUES (277, 1490);
INSERT INTO Write (AuthorID, PaperID) VALUES (277, 1617);
INSERT INTO Paper (PaperID, Title, Year, MDate, Key, DOI) VALUES (1742, 'Regular Sound Changes for Cross-language Information Retrieval.', 2003, '2014-08-15', 'conf/clef/OakesB03a', 'http://ceur-ws.org/Vol-1169/CLEF2003wn-adhoc-OakesEt2003.pdf');
INSERT INTO Write (AuthorID, PaperID) VALUES (277, 1742);
INSERT INTO Write (AuthorID, PaperID) VALUES (277, 2158);
INSERT INTO Paper (PaperID, Title, Year, MDate, Key, DOI) VALUES (2504, 'A Search Engine based on Query Logs and Search Log Analysis at the University of Sunderland.', 2009, '2014-09-29', 'conf/clef/OakesX09a', 'http://ceur-ws.org/Vol-1175/CLEF2009wn-LogCLEF-OakesEt2009.pdf');
INSERT INTO Write (AuthorID, PaperID) VALUES (277, 2504);
INSERT INTO Write (AuthorID, PaperID) VALUES (277, 2771);
INSERT INTO Paper (PaperID, Title, Year, MDate, Key, DOI) VALUES (2805, 'Regular Sound Changes for Cross-Language Information Retrieval.', 2003, '2017-05-24', 'conf/clef/OakesB03', 'https://doi.org/10.1007/978-3-540-30222-3_25');
INSERT INTO Write (AuthorID, PaperID) VALUES (277, 2805);
INSERT INTO Author (AuthorID, Name) VALUES (278, 'Erchan Aptoula');
INSERT INTO Paper (PaperID, Title, Year, MDate, Key, DOI) VALUES (322, 'Plant Identification with Deep Learning Ensembles.', 2018, '2018-08-08', 'conf/clef/AtitoYAGYYSS18', 'http://ceur-ws.org/Vol-2125/paper_176.pdf');
INSERT INTO Write (AuthorID, PaperID) VALUES (278, 322);
INSERT INTO Paper (PaperID, Title, Year, MDate, Key, DOI) VALUES (500, 'Sabanci-Okan System in LifeCLEF 2015 Plant Identification Competition.', 2015, '2015-09-03', 'conf/clef/Mehdipour-Ghazi15', 'http://ceur-ws.org/Vol-1391/43-CR.pdf');
INSERT INTO Write (AuthorID, PaperID) VALUES (278, 500);
INSERT INTO Paper (PaperID, Title, Year, MDate, Key, DOI) VALUES (1041, 'Sabanci-Okan System at ImageClef 2011: Plant Identification Task.', 2011, '2014-09-24', 'conf/clef/YanikogluAT11', 'http://www.clef-initiative.eu/documents/71612/86377/CLEF2011wn-ImageCLEF-YanikogluEt2011.pdf');
INSERT INTO Write (AuthorID, PaperID) VALUES (278, 1041);
INSERT INTO Paper (PaperID, Title, Year, MDate, Key, DOI) VALUES (1497, 'Open-set Plant Identification Using an Ensemble of Deep Convolutional Neural Networks.', 2016, '2016-08-11', 'conf/clef/Mehdipour-Ghazi16', 'http://ceur-ws.org/Vol-1609/16090518.pdf');
INSERT INTO Write (AuthorID, PaperID) VALUES (278, 1497);
INSERT INTO Paper (PaperID, Title, Year, MDate, Key, DOI) VALUES (1541, 'Sabanci-Okan System at ImageClef 2013 Plant Identification Competition.', 2013, '2014-09-10', 'conf/clef/YanikogluAY13', 'http://ceur-ws.org/Vol-1179/CLEF2013wn-ImageCLEF-YanikogluEt2013.pdf');
INSERT INTO Write (AuthorID, PaperID) VALUES (278, 1541);
INSERT INTO Paper (PaperID, Title, Year, MDate, Key, DOI) VALUES (1714, 'Plant Identification with Large Number of Classes: SabanciU-GebzeTU System in PlantCLEF 2017.', 2017, '2017-08-15', 'conf/clef/AtitoYA17', 'http://ceur-ws.org/Vol-1866/paper_175.pdf');
INSERT INTO Write (AuthorID, PaperID) VALUES (278, 1714);
INSERT INTO Paper (PaperID, Title, Year, MDate, Key, DOI) VALUES (2210, 'Sabanci-Okan System at LifeCLEF 2014 Plant Identication Competition.', 2014, '2014-09-10', 'conf/clef/YanikogluYTA14', 'http://ceur-ws.org/Vol-1180/CLEF2014wn-Life-YanicogluEt2014.pdf');
INSERT INTO Write (AuthorID, PaperID) VALUES (278, 2210);
INSERT INTO Paper (PaperID, Title, Year, MDate, Key, DOI) VALUES (2978, 'Sabanci-Okan System at ImageClef 2012: Combining Features and Classifiers for Plant Identification.', 2012, '2014-09-24', 'conf/clef/YanikogluAT12', 'http://www.clef-initiative.eu/documents/71612/febfd3a8-9474-49a6-9e20-50285f1c8b11');
INSERT INTO Write (AuthorID, PaperID) VALUES (278, 2978);
INSERT INTO Author (AuthorID, Name) VALUES (279, 'Pedro Mendes');
INSERT INTO Write (AuthorID, PaperID) VALUES (279, 136);
INSERT INTO Write (AuthorID, PaperID) VALUES (279, 189);
INSERT INTO Write (AuthorID, PaperID) VALUES (279, 435);
INSERT INTO Write (AuthorID, PaperID) VALUES (279, 789);
INSERT INTO Write (AuthorID, PaperID) VALUES (279, 1639);
INSERT INTO Write (AuthorID, PaperID) VALUES (279, 1684);
INSERT INTO Write (AuthorID, PaperID) VALUES (279, 2923);
INSERT INTO Write (AuthorID, PaperID) VALUES (279, 3232);
INSERT INTO Author (AuthorID, Name) VALUES (280, 'Fabio Crestani');
INSERT INTO Paper (PaperID, Title, Year, MDate, Key, DOI) VALUES (58, 'eRISK 2017: CLEF Lab on Early Risk Prediction on the Internet: Experimental Foundations.', 2017, '2018-11-02', 'conf/clef/LosadaCP17a', 'https://doi.org/10.1007/978-3-319-65813-1_30');
INSERT INTO Write (AuthorID, PaperID) VALUES (280, 58);
INSERT INTO Write (AuthorID, PaperID) VALUES (280, 1240);
INSERT INTO Paper (PaperID, Title, Year, MDate, Key, DOI) VALUES (1548, 'A Test Collection for Research on Depression and Language Use.', 2016, '2018-11-02', 'conf/clef/LosadaC16', 'https://doi.org/10.1007/978-3-319-44564-9_3');
INSERT INTO Write (AuthorID, PaperID) VALUES (280, 1548);
INSERT INTO Paper (PaperID, Title, Year, MDate, Key, DOI) VALUES (2170, 'Overview of the International Sexual Predator Identification Competition at PAN-2012.', 2012, '2014-09-24', 'conf/clef/InchesC12', 'http://www.clef-initiative.eu/documents/71612/1b156cda-c20f-4af2-8b6b-d2f914696c8a');
INSERT INTO Write (AuthorID, PaperID) VALUES (280, 2170);
INSERT INTO Paper (PaperID, Title, Year, MDate, Key, DOI) VALUES (2188, 'A Realistic Approach Towards Users'' Simulation.', 2017, '2017-08-15', 'conf/clef/BarifahLC17', 'http://ceur-ws.org/Vol-1866/paper_191.pdf');
INSERT INTO Write (AuthorID, PaperID) VALUES (280, 2188);
INSERT INTO Paper (PaperID, Title, Year, MDate, Key, DOI) VALUES (2312, 'Overview of eRisk: Early Risk Prediction on the Internet (Extended Lab Overview).', 2018, '2018-08-08', 'conf/clef/LosadaCP18', 'http://ceur-ws.org/Vol-2125/invited_paper_1.pdf');
INSERT INTO Write (AuthorID, PaperID) VALUES (280, 2312);
INSERT INTO Paper (PaperID, Title, Year, MDate, Key, DOI) VALUES (3060, 'CLEF 2017 eRisk Overview: Early Risk Prediction on the Internet: Experimental Foundations.', 2017, '2017-08-15', 'conf/clef/LosadaCP17', 'http://ceur-ws.org/Vol-1866/invited_paper_5.pdf');
INSERT INTO Write (AuthorID, PaperID) VALUES (280, 3060);
INSERT INTO Paper (PaperID, Title, Year, MDate, Key, DOI) VALUES (3303, 'Overview of eRisk: Early Risk Prediction on the Internet.', 2018, '2018-11-02', 'conf/clef/LosadaCP18a', 'https://doi.org/10.1007/978-3-319-98932-7_30');
INSERT INTO Write (AuthorID, PaperID) VALUES (280, 3303);
INSERT INTO Author (AuthorID, Name) VALUES (281, 'Andreas Rauber');
INSERT INTO Write (AuthorID, PaperID) VALUES (281, 596);
INSERT INTO Paper (PaperID, Title, Year, MDate, Key, DOI) VALUES (1359, 'A Hybrid Approach for Multi-faceted IR in Multimodal Domain.', 2014, '2017-05-24', 'conf/clef/SabetghadamBR14', 'https://doi.org/10.1007/978-3-319-11382-1_9');
INSERT INTO Write (AuthorID, PaperID) VALUES (281, 1359);
INSERT INTO Write (AuthorID, PaperID) VALUES (281, 1402);
INSERT INTO Write (AuthorID, PaperID) VALUES (281, 1408);
INSERT INTO Paper (PaperID, Title, Year, MDate, Key, DOI) VALUES (1498, 'Mining Query Logs of USPTO Patent Examiners.', 2013, '2017-05-24', 'conf/clef/TannebaumR13', 'https://doi.org/10.1007/978-3-642-40802-1_17');
INSERT INTO Write (AuthorID, PaperID) VALUES (281, 1498);
INSERT INTO Paper (PaperID, Title, Year, MDate, Key, DOI) VALUES (1571, 'Effect of Log-Based Query Term Expansion on Retrieval Effectiveness in Patent Searching.', 2015, '2017-05-24', 'conf/clef/TannebaumMR15', 'https://doi.org/10.1007/978-3-319-24027-5_32');
INSERT INTO Write (AuthorID, PaperID) VALUES (281, 1571);
INSERT INTO Write (AuthorID, PaperID) VALUES (281, 1876);
INSERT INTO Write (AuthorID, PaperID) VALUES (281, 2402);
INSERT INTO Author (AuthorID, Name) VALUES (282, 'Christina Lioma');
INSERT INTO Write (AuthorID, PaperID) VALUES (282, 1049);
INSERT INTO Paper (PaperID, Title, Year, MDate, Key, DOI) VALUES (1618, 'The Copenhagen Team Participation in the Factuality Task of the Competition of Automatic Identification and Verification of Claims in Political Debates of the CLEF-2018 Fact Checking Lab.', 2018, '2018-08-08', 'conf/clef/WangSLL18', 'http://ceur-ws.org/Vol-2125/paper_98.pdf');
INSERT INTO Write (AuthorID, PaperID) VALUES (282, 1618);
INSERT INTO Write (AuthorID, PaperID) VALUES (282, 1883);
INSERT INTO Write (AuthorID, PaperID) VALUES (282, 2367);
INSERT INTO Paper (PaperID, Title, Year, MDate, Key, DOI) VALUES (2529, 'The Copenhagen Team Participation in the Check-Worthiness Task of the Competition of Automatic Identification and Verification of Claims in Political Debates of the CLEF-2018 CheckThat! Lab.', 2018, '2018-08-08', 'conf/clef/HansenHSL18', 'http://ceur-ws.org/Vol-2125/paper_81.pdf');
INSERT INTO Write (AuthorID, PaperID) VALUES (282, 2529);
INSERT INTO Write (AuthorID, PaperID) VALUES (282, 2619);
INSERT INTO Write (AuthorID, PaperID) VALUES (282, 3004);
INSERT INTO Write (AuthorID, PaperID) VALUES (282, 3095);
INSERT INTO Author (AuthorID, Name) VALUES (283, 'Zhong-Qiu Zhao');
INSERT INTO Write (AuthorID, PaperID) VALUES (283, 592);
INSERT INTO Write (AuthorID, PaperID) VALUES (283, 750);
INSERT INTO Write (AuthorID, PaperID) VALUES (283, 1013);
INSERT INTO Write (AuthorID, PaperID) VALUES (283, 1223);
INSERT INTO Write (AuthorID, PaperID) VALUES (283, 1622);
INSERT INTO Write (AuthorID, PaperID) VALUES (283, 1741);
INSERT INTO Write (AuthorID, PaperID) VALUES (283, 1833);
INSERT INTO Write (AuthorID, PaperID) VALUES (283, 3148);
INSERT INTO Author (AuthorID, Name) VALUES (284, 'Wei-Pang Yang');
INSERT INTO Write (AuthorID, PaperID) VALUES (284, 184);
INSERT INTO Write (AuthorID, PaperID) VALUES (284, 1150);
INSERT INTO Write (AuthorID, PaperID) VALUES (284, 1440);
INSERT INTO Write (AuthorID, PaperID) VALUES (284, 1449);
INSERT INTO Write (AuthorID, PaperID) VALUES (284, 1872);
INSERT INTO Write (AuthorID, PaperID) VALUES (284, 2231);
INSERT INTO Paper (PaperID, Title, Year, MDate, Key, DOI) VALUES (3107, 'CYU_IM@ImageCLEF 2007: Medical Image Annotation Task.', 2007, '2014-09-23', 'conf/clef/ChengY07', 'http://ceur-ws.org/Vol-1173/CLEF2007wn-ImageCLEF-ChengEt2007.pdf');
INSERT INTO Write (AuthorID, PaperID) VALUES (284, 3107);
INSERT INTO Write (AuthorID, PaperID) VALUES (284, 3395);
INSERT INTO Author (AuthorID, Name) VALUES (285, 'Rao Muhammad Adeel Nawab');
INSERT INTO Paper (PaperID, Title, Year, MDate, Key, DOI) VALUES (308, 'Cross-Genre Author Profile Prediction Using Stylometry-Based Approach.', 2016, '2016-08-11', 'conf/clef/AshrafIN16', 'http://ceur-ws.org/Vol-1609/16090992.pdf');
INSERT INTO Write (AuthorID, PaperID) VALUES (285, 308);
INSERT INTO Write (AuthorID, PaperID) VALUES (285, 834);
INSERT INTO Write (AuthorID, PaperID) VALUES (285, 938);
INSERT INTO Paper (PaperID, Title, Year, MDate, Key, DOI) VALUES (1176, 'Author''s Traits Prediction on Twitter Data using Content Based Approach.', 2015, '2015-09-03', 'conf/clef/NajibCN15', 'http://ceur-ws.org/Vol-1391/96-CR.pdf');
INSERT INTO Write (AuthorID, PaperID) VALUES (285, 1176);
INSERT INTO Paper (PaperID, Title, Year, MDate, Key, DOI) VALUES (1336, 'Author Diarization Using Cluster-Distance Approach.', 2016, '2016-08-11', 'conf/clef/SittarIN16', 'http://ceur-ws.org/Vol-1609/16091000.pdf');
INSERT INTO Write (AuthorID, PaperID) VALUES (285, 1336);
INSERT INTO Paper (PaperID, Title, Year, MDate, Key, DOI) VALUES (1885, 'Identification of Author Personality Traits using Stylistic Features: Notebook for PAN at CLEF 2015.', 2015, '2015-09-03', 'conf/clef/PervazASN15', 'http://ceur-ws.org/Vol-1391/64-CR.pdf');
INSERT INTO Write (AuthorID, PaperID) VALUES (285, 1885);
INSERT INTO Paper (PaperID, Title, Year, MDate, Key, DOI) VALUES (1945, 'A Corpus for Analyzing Text Reuse by People of Different Groups.', 2015, '2015-09-07', 'conf/clef/CheemaNABSN15', 'http://ceur-ws.org/Vol-1391/95-CR.pdf');
INSERT INTO Write (AuthorID, PaperID) VALUES (285, 1945);
INSERT INTO Paper (PaperID, Title, Year, MDate, Key, DOI) VALUES (2854, 'Predicting an Author''s Demographics from Text using Topic Modeling Approach.', 2015, '2015-09-03', 'conf/clef/IqbalAN15', 'http://ceur-ws.org/Vol-1391/75-CR.pdf');
INSERT INTO Write (AuthorID, PaperID) VALUES (285, 2854);
INSERT INTO Author (AuthorID, Name) VALUES (286, 'Juan-Manuel Torres-Moreno');
INSERT INTO Paper (PaperID, Title, Year, MDate, Key, DOI) VALUES (23, 'Three Statistical Summarizers at CLEF-INEX 2013 Tweet Contextualization Track.', 2014, '2014-09-10', 'conf/clef/Torres-Moreno14', 'http://ceur-ws.org/Vol-1180/CLEF2014wn-Inex-TorresMoreno2014.pdf');
INSERT INTO Write (AuthorID, PaperID) VALUES (286, 23);
INSERT INTO Paper (PaperID, Title, Year, MDate, Key, DOI) VALUES (1322, 'Microblog Contextualization: Advantages and Limitations of a Multi-sentence Compression Approach.', 2017, '2018-08-20', 'conf/clef/PontesHT17', 'https://doi.org/10.1007/978-3-319-98932-7_17');
INSERT INTO Write (AuthorID, PaperID) VALUES (286, 1322);
INSERT INTO Paper (PaperID, Title, Year, MDate, Key, DOI) VALUES (1582, 'Two Statistical Summarizers at INEX 2012 Tweet Contextualization Track.', 2012, '2014-09-24', 'conf/clef/MorenoV12', 'http://www.clef-initiative.eu/documents/71612/85b6d0d9-0736-4f33-b58b-c30ce671ecd5');
INSERT INTO Write (AuthorID, PaperID) VALUES (286, 1582);
INSERT INTO Write (AuthorID, PaperID) VALUES (286, 2477);
INSERT INTO Paper (PaperID, Title, Year, MDate, Key, DOI) VALUES (2602, 'LIA@RepLab 2013.', 2013, '2014-09-10', 'conf/clef/CossuBBMBSDBTE13', 'http://ceur-ws.org/Vol-1179/CLEF2013wn-RepLab-CossuEt2013.pdf');
INSERT INTO Write (AuthorID, PaperID) VALUES (286, 2602);
INSERT INTO Paper (PaperID, Title, Year, MDate, Key, DOI) VALUES (2751, 'Microblog Contextualization using Continuous Space Vectors: Multi-Sentence Compression of Cultural Documents.', 2017, '2017-08-15', 'conf/clef/PontesHTL17', 'http://ceur-ws.org/Vol-1866/paper_79.pdf');
INSERT INTO Write (AuthorID, PaperID) VALUES (286, 2751);
INSERT INTO Paper (PaperID, Title, Year, MDate, Key, DOI) VALUES (3207, 'Ultra-stemming and Statistical Summarization at INEX 2013 Tweet Contextualization Track.', 2013, '2014-10-09', 'conf/clef/Torres-MorenoV13', 'http://ceur-ws.org/Vol-1179/CLEF2013wn-INEX-TorresMorenoEt2013.pdf');
INSERT INTO Write (AuthorID, PaperID) VALUES (286, 3207);
INSERT INTO Paper (PaperID, Title, Year, MDate, Key, DOI) VALUES (3511, 'Tweet Contextualization using Continuous Space Vectors: Automatic Summarization of Cultural Documents.', 2016, '2016-08-11', 'conf/clef/PontesTHL16', 'http://ceur-ws.org/Vol-1609/16091238.pdf');
INSERT INTO Write (AuthorID, PaperID) VALUES (286, 3511);
INSERT INTO Author (AuthorID, Name) VALUES (287, 'Mathias G&eacute;ry');
INSERT INTO Write (AuthorID, PaperID) VALUES (287, 59);
INSERT INTO Paper (PaperID, Title, Year, MDate, Key, DOI) VALUES (793, 'Combining Text/Image in WikipediaMM Task 2009.', 2009, '2014-09-29', 'conf/clef/MoulinBLGDL09a', 'http://ceur-ws.org/Vol-1175/CLEF2009wn-ImageCLEF-MoulinEt2009.pdf');
INSERT INTO Write (AuthorID, PaperID) VALUES (287, 793);
INSERT INTO Paper (PaperID, Title, Year, MDate, Key, DOI) VALUES (1228, 'UJM at ImageCLEFwiki 2008.', 2008, '2014-09-29', 'conf/clef/MoulinBGDL08a', 'http://ceur-ws.org/Vol-1174/CLEF2008wn-ImageCLEF-MoulinEt2008.pdf');
INSERT INTO Write (AuthorID, PaperID) VALUES (287, 1228);
INSERT INTO Paper (PaperID, Title, Year, MDate, Key, DOI) VALUES (1623, 'LaHC at CLEF 2015 SBS Lab.', 2015, '2015-09-03', 'conf/clef/AmerG15', 'http://ceur-ws.org/Vol-1391/11-CR.pdf');
INSERT INTO Write (AuthorID, PaperID) VALUES (287, 1623);
INSERT INTO Write (AuthorID, PaperID) VALUES (287, 1762);
INSERT INTO Paper (PaperID, Title, Year, MDate, Key, DOI) VALUES (1849, 'Combining Text/Image in WikipediaMM Task 2009.', 2009, '2017-05-24', 'conf/clef/MoulinBLGDL09', 'https://doi.org/10.1007/978-3-642-15751-6_18');
INSERT INTO Write (AuthorID, PaperID) VALUES (287, 1849);
INSERT INTO Paper (PaperID, Title, Year, MDate, Key, DOI) VALUES (2479, 'LaHC at INEX 2014: Social Book Search Track.', 2014, '2014-09-10', 'conf/clef/HafsiGB14', 'http://ceur-ws.org/Vol-1180/CLEF2014wn-Inex-HafsiEt2014.pdf');
INSERT INTO Write (AuthorID, PaperID) VALUES (287, 2479);
INSERT INTO Paper (PaperID, Title, Year, MDate, Key, DOI) VALUES (2650, 'UJM at ImageCLEFwiki 2008.', 2008, '2017-05-24', 'conf/clef/MoulinBGDL08', 'https://doi.org/10.1007/978-3-642-04447-2_101');
INSERT INTO Write (AuthorID, PaperID) VALUES (287, 2650);
INSERT INTO Author (AuthorID, Name) VALUES (288, 'Bipin C. Desai');
INSERT INTO Write (AuthorID, PaperID) VALUES (288, 680);
INSERT INTO Write (AuthorID, PaperID) VALUES (288, 1196);
INSERT INTO Write (AuthorID, PaperID) VALUES (288, 1346);
INSERT INTO Write (AuthorID, PaperID) VALUES (288, 2392);
INSERT INTO Paper (PaperID, Title, Year, MDate, Key, DOI) VALUES (2865, 'Cross Lingual Question Answering using CINDI_QA for QA@CLEF 2007.', 2007, '2014-09-23', 'conf/clef/HaddadD07a', 'http://ceur-ws.org/Vol-1173/CLEF2007wn-QACLEF-HaddadEt2007.pdf');
INSERT INTO Write (AuthorID, PaperID) VALUES (288, 2865);
INSERT INTO Paper (PaperID, Title, Year, MDate, Key, DOI) VALUES (3048, 'Bilingual Question Answering Using CINDI QA at QA@CLEF 2007.', 2007, '2017-05-24', 'conf/clef/HaddadD07', 'https://doi.org/10.1007/978-3-540-85760-0_37');
INSERT INTO Write (AuthorID, PaperID) VALUES (288, 3048);
INSERT INTO Write (AuthorID, PaperID) VALUES (288, 3097);
INSERT INTO Write (AuthorID, PaperID) VALUES (288, 3399);
INSERT INTO Author (AuthorID, Name) VALUES (289, 'H&eacute;ctor Jim&eacute;nez-Salazar');
INSERT INTO Write (AuthorID, PaperID) VALUES (289, 454);
INSERT INTO Write (AuthorID, PaperID) VALUES (289, 862);
INSERT INTO Write (AuthorID, PaperID) VALUES (289, 904);
INSERT INTO Write (AuthorID, PaperID) VALUES (289, 1129);
INSERT INTO Write (AuthorID, PaperID) VALUES (289, 1844);
INSERT INTO Write (AuthorID, PaperID) VALUES (289, 2199);
INSERT INTO Paper (PaperID, Title, Year, MDate, Key, DOI) VALUES (2257, 'UAMCLyR at Replab2013: Monitoring Task.', 2013, '2014-09-11', 'conf/clef/Sanchez-SanchezJL13', 'http://ceur-ws.org/Vol-1179/CLEF2013wn-RepLab-SanchezSanchezEt2013.pdf');
INSERT INTO Write (AuthorID, PaperID) VALUES (289, 2257);
INSERT INTO Write (AuthorID, PaperID) VALUES (289, 3260);
INSERT INTO Author (AuthorID, Name) VALUES (290, 'David E. Losada');
INSERT INTO Write (AuthorID, PaperID) VALUES (290, 58);
INSERT INTO Paper (PaperID, Title, Year, MDate, Key, DOI) VALUES (729, 'A Learning-Based Approach for the Identification of Sexual Predators in Chat Logs.', 2012, '2014-09-24', 'conf/clef/ParaparLB12', 'http://www.clef-initiative.eu/documents/71612/e8f42c49-0dbc-4651-88d9-9d2d6347d3d9');
INSERT INTO Write (AuthorID, PaperID) VALUES (290, 729);
INSERT INTO Write (AuthorID, PaperID) VALUES (290, 1548);
INSERT INTO Write (AuthorID, PaperID) VALUES (290, 2312);
INSERT INTO Paper (PaperID, Title, Year, MDate, Key, DOI) VALUES (2442, 'Formulating Good Queries for Prior Art Search.', 2009, '2018-11-02', 'conf/clef/ToucedoL09', 'https://doi.org/10.1007/978-3-642-15754-7_49');
INSERT INTO Write (AuthorID, PaperID) VALUES (290, 2442);
INSERT INTO Paper (PaperID, Title, Year, MDate, Key, DOI) VALUES (2462, 'University of Santiago de Compostela at CLEF-IP09.', 2009, '2014-09-29', 'conf/clef/ToucedoL09a', 'http://ceur-ws.org/Vol-1175/CLEF2009wn-CLEFIP-ToucedoEt2009.pdf');
INSERT INTO Write (AuthorID, PaperID) VALUES (290, 2462);
INSERT INTO Write (AuthorID, PaperID) VALUES (290, 3060);
INSERT INTO Write (AuthorID, PaperID) VALUES (290, 3303);
INSERT INTO Author (AuthorID, Name) VALUES (291, 'Rocio Guill&eacute;n');
INSERT INTO Paper (PaperID, Title, Year, MDate, Key, DOI) VALUES (892, 'CSUSM Experiments in GeoCLEF2005: Monolingual and Bilingual Tasks.', 2005, '2017-05-24', 'conf/clef/Guillen05', 'https://doi.org/10.1007/11878773_107');
INSERT INTO Write (AuthorID, PaperID) VALUES (291, 892);
INSERT INTO Paper (PaperID, Title, Year, MDate, Key, DOI) VALUES (1423, 'GeoCLEF2007 Experiments in Query Parsing and Cross-language GIR.', 2007, '2014-09-23', 'conf/clef/Guillen07a', 'http://ceur-ws.org/Vol-1173/CLEF2007wn-GeoCLEF-GuillenEt2007.pdf');
INSERT INTO Write (AuthorID, PaperID) VALUES (291, 1423);
INSERT INTO Paper (PaperID, Title, Year, MDate, Key, DOI) VALUES (1507, 'Multi-lingual Geographical Information Retrieval.', 2008, '2014-09-29', 'conf/clef/Guillen08a', 'http://ceur-ws.org/Vol-1174/CLEF2008wn-GeoCLEF-Guillen2008.pdf');
INSERT INTO Write (AuthorID, PaperID) VALUES (291, 1507);
INSERT INTO Paper (PaperID, Title, Year, MDate, Key, DOI) VALUES (1782, 'CSUSM Experiments in GeoCLEF2005: Monolingual and Bilingual Tasks.', 2005, '2014-08-15', 'conf/clef/Guillen05a', 'http://ceur-ws.org/Vol-1171/CLEF2005wn-GeoCLEF-Guillen2005.pdf');
INSERT INTO Write (AuthorID, PaperID) VALUES (291, 1782);
INSERT INTO Paper (PaperID, Title, Year, MDate, Key, DOI) VALUES (1845, 'Monolingual and Bilingual Experiments in GeoCLEF2006.', 2006, '2017-05-24', 'conf/clef/Guillen06', 'https://doi.org/10.1007/978-3-540-74999-8_113');
INSERT INTO Write (AuthorID, PaperID) VALUES (291, 1845);
INSERT INTO Paper (PaperID, Title, Year, MDate, Key, DOI) VALUES (2298, 'GeoParsing Web Queries.', 2007, '2017-05-24', 'conf/clef/Guillen07', 'https://doi.org/10.1007/978-3-540-85760-0_98');
INSERT INTO Write (AuthorID, PaperID) VALUES (291, 2298);
INSERT INTO Paper (PaperID, Title, Year, MDate, Key, DOI) VALUES (3124, 'Monolingual and Bilingual Experiments in GeoCLEF2006.', 2006, '2014-08-15', 'conf/clef/Guillen06a', 'http://ceur-ws.org/Vol-1172/CLEF2006wn-GeoCLEF-GuillenEt2006.pdf');
INSERT INTO Write (AuthorID, PaperID) VALUES (291, 3124);
INSERT INTO Paper (PaperID, Title, Year, MDate, Key, DOI) VALUES (3314, 'GIR with Language Modeling and DFR Using Terrier.', 2008, '2017-05-24', 'conf/clef/Guillen08', 'https://doi.org/10.1007/978-3-642-04447-2_107');
INSERT INTO Write (AuthorID, PaperID) VALUES (291, 3314);
INSERT INTO Author (AuthorID, Name) VALUES (292, 'Olivier Galibert');
INSERT INTO Write (AuthorID, PaperID) VALUES (292, 1200);
INSERT INTO Write (AuthorID, PaperID) VALUES (292, 1532);
INSERT INTO Write (AuthorID, PaperID) VALUES (292, 2190);
INSERT INTO Write (AuthorID, PaperID) VALUES (292, 2223);
INSERT INTO Write (AuthorID, PaperID) VALUES (292, 2446);
INSERT INTO Write (AuthorID, PaperID) VALUES (292, 3131);
INSERT INTO Write (AuthorID, PaperID) VALUES (292, 3300);
INSERT INTO Write (AuthorID, PaperID) VALUES (292, 3439);
INSERT INTO Author (AuthorID, Name) VALUES (293, 'Andr&eacute; F. T. Martins');
INSERT INTO Write (AuthorID, PaperID) VALUES (293, 136);
INSERT INTO Write (AuthorID, PaperID) VALUES (293, 189);
INSERT INTO Write (AuthorID, PaperID) VALUES (293, 435);
INSERT INTO Write (AuthorID, PaperID) VALUES (293, 789);
INSERT INTO Write (AuthorID, PaperID) VALUES (293, 1639);
INSERT INTO Write (AuthorID, PaperID) VALUES (293, 1684);
INSERT INTO Write (AuthorID, PaperID) VALUES (293, 2923);
INSERT INTO Write (AuthorID, PaperID) VALUES (293, 3232);
INSERT INTO Author (AuthorID, Name) VALUES (294, 'Gilles Falquet');
INSERT INTO Write (AuthorID, PaperID) VALUES (294, 192);
INSERT INTO Write (AuthorID, PaperID) VALUES (294, 970);
INSERT INTO Write (AuthorID, PaperID) VALUES (294, 2608);
INSERT INTO Write (AuthorID, PaperID) VALUES (294, 2727);
INSERT INTO Write (AuthorID, PaperID) VALUES (294, 3049);
INSERT INTO Write (AuthorID, PaperID) VALUES (294, 3325);
INSERT INTO Write (AuthorID, PaperID) VALUES (294, 3422);
INSERT INTO Write (AuthorID, PaperID) VALUES (294, 3500);
INSERT INTO Author (AuthorID, Name) VALUES (295, 'Sandra Roger 0001');
INSERT INTO Write (AuthorID, PaperID) VALUES (295, 122);
INSERT INTO Write (AuthorID, PaperID) VALUES (295, 151);
INSERT INTO Write (AuthorID, PaperID) VALUES (295, 755);
INSERT INTO Write (AuthorID, PaperID) VALUES (295, 1291);
INSERT INTO Write (AuthorID, PaperID) VALUES (295, 1415);
INSERT INTO Write (AuthorID, PaperID) VALUES (295, 2192);
INSERT INTO Write (AuthorID, PaperID) VALUES (295, 3462);
INSERT INTO Write (AuthorID, PaperID) VALUES (295, 3485);
INSERT INTO Author (AuthorID, Name) VALUES (296, 'Mette Skov');
INSERT INTO Write (AuthorID, PaperID) VALUES (296, 429);
INSERT INTO Write (AuthorID, PaperID) VALUES (296, 1245);
INSERT INTO Write (AuthorID, PaperID) VALUES (296, 1546);
INSERT INTO Write (AuthorID, PaperID) VALUES (296, 2340);
INSERT INTO Write (AuthorID, PaperID) VALUES (296, 2460);
INSERT INTO Write (AuthorID, PaperID) VALUES (296, 2781);
INSERT INTO Write (AuthorID, PaperID) VALUES (296, 2939);
INSERT INTO Write (AuthorID, PaperID) VALUES (296, 3370);
INSERT INTO Author (AuthorID, Name) VALUES (297, 'Michael Granitzer');
INSERT INTO Paper (PaperID, Title, Year, MDate, Key, DOI) VALUES (1258, 'Stacked Gender Prediction from Tweet Texts and Images: Notebook for PAN at CLEF 2018.', 2018, '2018-08-08', 'conf/clef/CicconeSLEAG18', 'http://ceur-ws.org/Vol-2125/paper_111.pdf');
INSERT INTO Write (AuthorID, PaperID) VALUES (297, 1258);
INSERT INTO Write (AuthorID, PaperID) VALUES (297, 1268);
INSERT INTO Paper (PaperID, Title, Year, MDate, Key, DOI) VALUES (1542, 'INSA LYON and UNI PASSAU''s Participation at PAN@CLEF''17: Author Profiling task.', 2017, '2017-08-15', 'conf/clef/KhengLG17', 'http://ceur-ws.org/Vol-1866/paper_61.pdf');
INSERT INTO Write (AuthorID, PaperID) VALUES (297, 1542);
INSERT INTO Write (AuthorID, PaperID) VALUES (297, 1668);
INSERT INTO Write (AuthorID, PaperID) VALUES (297, 2027);
INSERT INTO Write (AuthorID, PaperID) VALUES (297, 3021);
INSERT INTO Write (AuthorID, PaperID) VALUES (297, 3224);
INSERT INTO Write (AuthorID, PaperID) VALUES (297, 3478);
INSERT INTO Author (AuthorID, Name) VALUES (298, 'Evangelos Kanoulas');
INSERT INTO Write (AuthorID, PaperID) VALUES (298, 439);
INSERT INTO Write (AuthorID, PaperID) VALUES (298, 531);
INSERT INTO Write (AuthorID, PaperID) VALUES (298, 768);
INSERT INTO Write (AuthorID, PaperID) VALUES (298, 822);
INSERT INTO Write (AuthorID, PaperID) VALUES (298, 1360);
INSERT INTO Paper (PaperID, Title, Year, MDate, Key, DOI) VALUES (1514, 'Distributional Semantics for Medical Information Extraction.', 2016, '2018-03-06', 'conf/clef/QuirozMDK16', 'http://ceur-ws.org/Vol-1609/16090109.pdf');
INSERT INTO Write (AuthorID, PaperID) VALUES (298, 1514);
INSERT INTO Write (AuthorID, PaperID) VALUES (298, 2944);
INSERT INTO Write (AuthorID, PaperID) VALUES (298, 3468);
INSERT INTO Author (AuthorID, Name) VALUES (299, 'Fabio A. Gonz&aacute;lez');
INSERT INTO Paper (PaperID, Title, Year, MDate, Key, DOI) VALUES (100, 'MindLab at ImageCLEF 2014: Scalable Concept Image Annotation.', 2014, '2016-04-04', 'conf/clef/VanegasAMPPG14', 'http://ceur-ws.org/Vol-1180/CLEF2014wn-Image-VanegasEt2014.pdf');
INSERT INTO Write (AuthorID, PaperID) VALUES (299, 100);
INSERT INTO Write (AuthorID, PaperID) VALUES (299, 129);
INSERT INTO Paper (PaperID, Title, Year, MDate, Key, DOI) VALUES (260, 'Bioingenium at ImageClefmed 2010: A Latent Semantic Approach.', 2010, '2014-09-24', 'conf/clef/MorenoCG10', 'http://www.clef-initiative.eu/documents/71612/86374/CLEF2010wn-ImageCLEF-MorenoEt2010.pdf');
INSERT INTO Write (AuthorID, PaperID) VALUES (299, 260);
INSERT INTO Paper (PaperID, Title, Year, MDate, Key, DOI) VALUES (973, 'Combining Textual and Visual Representations for Multimodal Author Profiling: Notebook for PAN at CLEF 2018.', 2018, '2018-08-08', 'conf/clef/SierraG18', 'http://ceur-ws.org/Vol-2125/paper_219.pdf');
INSERT INTO Write (AuthorID, PaperID) VALUES (299, 973);
INSERT INTO Paper (PaperID, Title, Year, MDate, Key, DOI) VALUES (1116, 'Content-Based Medical Image Retrieval Using Low-Level Visual Features and Modality Identification.', 2007, '2019-03-28', 'conf/clef/CaicedoGR07', 'https://doi.org/10.1007/978-3-540-85760-0_78');
INSERT INTO Write (AuthorID, PaperID) VALUES (299, 1116);
INSERT INTO Write (AuthorID, PaperID) VALUES (299, 1260);
INSERT INTO Paper (PaperID, Title, Year, MDate, Key, DOI) VALUES (1357, 'Bioingenium at ImageCLEF 2012: Text and Visual Indexing for Medical Images.', 2012, '2014-09-24', 'conf/clef/VanegasCCRG12', 'http://www.clef-initiative.eu/documents/71612/dcaf0216-6d06-47c8-9efa-04f9ba3328c8');
INSERT INTO Write (AuthorID, PaperID) VALUES (299, 1357);
INSERT INTO Write (AuthorID, PaperID) VALUES (299, 3019);
INSERT INTO Author (AuthorID, Name) VALUES (300, 'Grigorios Tsoumakas');
INSERT INTO Paper (PaperID, Title, Year, MDate, Key, DOI) VALUES (380, 'Ensemble Approaches for Large-Scale Multi-Label Classification and Question Answering in Biomedicine.', 2014, '2014-09-10', 'conf/clef/PapanikolaouDTLMV14', 'http://ceur-ws.org/Vol-1180/CLEF2014wn-QA-PapanikolaouEt2014.pdf');
INSERT INTO Write (AuthorID, PaperID) VALUES (300, 380);
INSERT INTO Paper (PaperID, Title, Year, MDate, Key, DOI) VALUES (612, 'Evaluating Feature Selection Methods for Multi-Label Text Classication.', 2013, '2014-08-15', 'conf/clef/SpolaorT13', 'http://ceur-ws.org/Vol-1094/bioasq2013_submission_8.pdf');
INSERT INTO Write (AuthorID, PaperID) VALUES (300, 612);
INSERT INTO Paper (PaperID, Title, Year, MDate, Key, DOI) VALUES (745, 'Large-Scale Semantic Indexing of Biomedical Publications.', 2013, '2014-08-15', 'conf/clef/TsoumakasLMV13', 'http://ceur-ws.org/Vol-1094/bioasq2013_submission_6.pdf');
INSERT INTO Write (AuthorID, PaperID) VALUES (300, 745);
INSERT INTO Paper (PaperID, Title, Year, MDate, Key, DOI) VALUES (1006, 'Combining Inter-Review Learning-to-Rank and Intra-Review Incremental Training for Title and Abstract Screening in Systematic Reviews.', 2017, '2017-08-15', 'conf/clef/AnagnostouLTV17', 'http://ceur-ws.org/Vol-1866/paper_89.pdf');
INSERT INTO Write (AuthorID, PaperID) VALUES (300, 1006);
INSERT INTO Paper (PaperID, Title, Year, MDate, Key, DOI) VALUES (2318, 'Learning-to-Rank and Relevance Feedback for Literature Appraisal in Empirical Medicine.', 2018, '2018-09-13', 'conf/clef/LagopoulosAMT18', 'https://doi.org/10.1007/978-3-319-98932-7_5');
INSERT INTO Write (AuthorID, PaperID) VALUES (300, 2318);
INSERT INTO Paper (PaperID, Title, Year, MDate, Key, DOI) VALUES (2673, 'MLKD''s Participation at the CLEF 2011 Photo Annotation and Concept-Based Retrieval Tasks.', 2011, '2014-09-24', 'conf/clef/XioufisSTV11', 'http://www.clef-initiative.eu/documents/71612/86377/CLEF2011wn-ImageCLEF-Spyromitros-XioufisEt2011.pdf');
INSERT INTO Write (AuthorID, PaperID) VALUES (300, 2673);
INSERT INTO Paper (PaperID, Title, Year, MDate, Key, DOI) VALUES (2809, 'Aristotle University''s Approach to the Technologically Assisted Reviews in Empirical Medicine Task of the 2018 CLEF eHealth Lab.', 2018, '2018-08-08', 'conf/clef/MinasLT18', 'http://ceur-ws.org/Vol-2125/paper_179.pdf');
INSERT INTO Write (AuthorID, PaperID) VALUES (300, 2809);
INSERT INTO Paper (PaperID, Title, Year, MDate, Key, DOI) VALUES (2822, 'AUTH-Atypon at BioASQ 3: Large-Scale Semantic Indexing in Biomedicine.', 2015, '2015-09-03', 'conf/clef/PapanikolaouTLM15', 'http://ceur-ws.org/Vol-1391/29-CR.pdf');
INSERT INTO Write (AuthorID, PaperID) VALUES (300, 2822);
INSERT INTO Author (AuthorID, Name) VALUES (301, 'Alberto T&eacute;llez-Valero');
INSERT INTO Write (AuthorID, PaperID) VALUES (301, 261);
INSERT INTO Write (AuthorID, PaperID) VALUES (301, 538);
INSERT INTO Write (AuthorID, PaperID) VALUES (301, 1764);
INSERT INTO Write (AuthorID, PaperID) VALUES (301, 1875);
INSERT INTO Write (AuthorID, PaperID) VALUES (301, 1895);
INSERT INTO Write (AuthorID, PaperID) VALUES (301, 2522);
INSERT INTO Write (AuthorID, PaperID) VALUES (301, 2611);
INSERT INTO Write (AuthorID, PaperID) VALUES (301, 3009);
INSERT INTO Author (AuthorID, Name) VALUES (302, 'Somnath Banerjee');
INSERT INTO Write (AuthorID, PaperID) VALUES (302, 25);
INSERT INTO Write (AuthorID, PaperID) VALUES (302, 125);
INSERT INTO Write (AuthorID, PaperID) VALUES (302, 411);
INSERT INTO Write (AuthorID, PaperID) VALUES (302, 555);
INSERT INTO Write (AuthorID, PaperID) VALUES (302, 941);
INSERT INTO Write (AuthorID, PaperID) VALUES (302, 2227);
INSERT INTO Write (AuthorID, PaperID) VALUES (302, 3311);
INSERT INTO Write (AuthorID, PaperID) VALUES (302, 3379);
INSERT INTO Author (AuthorID, Name) VALUES (303, 'Jesus Mart&iacute;nez-G&oacute;mez');
INSERT INTO Write (AuthorID, PaperID) VALUES (303, 77);
INSERT INTO Paper (PaperID, Title, Year, MDate, Key, DOI) VALUES (138, 'A Particle-Filter Based Self-Localization Method using Invariant Features as Visual Information.', 2009, '2014-09-30', 'conf/clef/Martinez-GomezJG09', 'http://ceur-ws.org/Vol-1175/CLEF2009wn-ImageCLEF-MartinezGomezEt2009.pdf');
INSERT INTO Write (AuthorID, PaperID) VALUES (303, 138);
INSERT INTO Write (AuthorID, PaperID) VALUES (303, 430);
INSERT INTO Write (AuthorID, PaperID) VALUES (303, 493);
INSERT INTO Write (AuthorID, PaperID) VALUES (303, 537);
INSERT INTO Write (AuthorID, PaperID) VALUES (303, 874);
INSERT INTO Write (AuthorID, PaperID) VALUES (303, 1068);
INSERT INTO Paper (PaperID, Title, Year, MDate, Key, DOI) VALUES (2046, 'Overview of the ImageCLEF 2014 Robot Vision Task.', 2014, '2014-09-11', 'conf/clef/Martinez-GomezGCM14', 'http://ceur-ws.org/Vol-1180/CLEF2014wn-Image-MartinezGomezEt2014.pdf');
INSERT INTO Write (AuthorID, PaperID) VALUES (303, 2046);
INSERT INTO Author (AuthorID, Name) VALUES (304, 'Alberto Barr&oacute;n-Cede&ntilde;o');
INSERT INTO Write (AuthorID, PaperID) VALUES (304, 233);
INSERT INTO Write (AuthorID, PaperID) VALUES (304, 524);
INSERT INTO Write (AuthorID, PaperID) VALUES (304, 532);
INSERT INTO Write (AuthorID, PaperID) VALUES (304, 953);
INSERT INTO Write (AuthorID, PaperID) VALUES (304, 1137);
INSERT INTO Write (AuthorID, PaperID) VALUES (304, 1386);
INSERT INTO Write (AuthorID, PaperID) VALUES (304, 1979);
INSERT INTO Write (AuthorID, PaperID) VALUES (304, 2113);
INSERT INTO Author (AuthorID, Name) VALUES (305, 'Pei-Cheng Cheng');
INSERT INTO Write (AuthorID, PaperID) VALUES (305, 184);
INSERT INTO Write (AuthorID, PaperID) VALUES (305, 1150);
INSERT INTO Write (AuthorID, PaperID) VALUES (305, 1440);
INSERT INTO Write (AuthorID, PaperID) VALUES (305, 1449);
INSERT INTO Write (AuthorID, PaperID) VALUES (305, 1872);
INSERT INTO Write (AuthorID, PaperID) VALUES (305, 2231);
INSERT INTO Write (AuthorID, PaperID) VALUES (305, 3107);
INSERT INTO Write (AuthorID, PaperID) VALUES (305, 3395);
INSERT INTO Author (AuthorID, Name) VALUES (306, 'Zornitsa Kozareva');
INSERT INTO Write (AuthorID, PaperID) VALUES (306, 548);
INSERT INTO Write (AuthorID, PaperID) VALUES (306, 682);
INSERT INTO Write (AuthorID, PaperID) VALUES (306, 1199);
INSERT INTO Write (AuthorID, PaperID) VALUES (306, 2302);
INSERT INTO Write (AuthorID, PaperID) VALUES (306, 2792);
INSERT INTO Write (AuthorID, PaperID) VALUES (306, 2930);
INSERT INTO Write (AuthorID, PaperID) VALUES (306, 3359);
INSERT INTO Write (AuthorID, PaperID) VALUES (306, 3444);
INSERT INTO Author (AuthorID, Name) VALUES (307, 'Axel-Cyrille Ngonga Ngomo');
INSERT INTO Paper (PaperID, Title, Year, MDate, Key, DOI) VALUES (518, 'Multilingual Question Answering over Linked Data (QALD-3): Lab Overview.', 2013, '2017-05-24', 'conf/clef/CimianoLUCNW13', 'https://doi.org/10.1007/978-3-642-40802-1_30');
INSERT INTO Write (AuthorID, PaperID) VALUES (307, 518);
INSERT INTO Write (AuthorID, PaperID) VALUES (307, 662);
INSERT INTO Paper (PaperID, Title, Year, MDate, Key, DOI) VALUES (694, 'QALD-3: Multilingual Question Answering over Linked Data.', 2013, '2016-10-14', 'conf/clef/CabrioCLNUW13', 'http://ceur-ws.org/Vol-1179/CLEF2013wn-QALD3-CabrioEt2013.pdf');
INSERT INTO Write (AuthorID, PaperID) VALUES (307, 694);
INSERT INTO Write (AuthorID, PaperID) VALUES (307, 749);
INSERT INTO Write (AuthorID, PaperID) VALUES (307, 809);
INSERT INTO Paper (PaperID, Title, Year, MDate, Key, DOI) VALUES (1633, 'Results of the BioASQ Track of the Question Answering Lab at CLEF 2014.', 2014, '2014-09-10', 'conf/clef/BalikasPNKP14', 'http://ceur-ws.org/Vol-1180/CLEF2014wn-QA-BalikasEt2014.pdf');
INSERT INTO Write (AuthorID, PaperID) VALUES (307, 1633);
INSERT INTO Paper (PaperID, Title, Year, MDate, Key, DOI) VALUES (1973, 'HAWK@QALD5 - Trying to Answer Hybrid Questions with Various Simple Ranking Techniques.', 2015, '2015-09-03', 'conf/clef/UsbeckN15', 'http://ceur-ws.org/Vol-1391/69-CR.pdf');
INSERT INTO Write (AuthorID, PaperID) VALUES (307, 1973);
INSERT INTO Write (AuthorID, PaperID) VALUES (307, 3051);
INSERT INTO Author (AuthorID, Name) VALUES (308, 'Diana Inkpen');
INSERT INTO Write (AuthorID, PaperID) VALUES (308, 792);
INSERT INTO Paper (PaperID, Title, Year, MDate, Key, DOI) VALUES (1095, 'Clustering for Text and Image-Based Photo Retrieval at CLEF 2009.', 2009, '2017-05-24', 'conf/clef/ZhuI09', 'https://doi.org/10.1007/978-3-642-15751-6_17');
INSERT INTO Write (AuthorID, PaperID) VALUES (308, 1095);
INSERT INTO Paper (PaperID, Title, Year, MDate, Key, DOI) VALUES (1711, 'Clustering for Text and Image-based Photo Retrieval at CLEF 2009.', 2009, '2014-09-29', 'conf/clef/ZhuI09a', 'http://ceur-ws.org/Vol-1175/CLEF2009wn-ImageCLEF-ZhuEt2009.pdf');
INSERT INTO Write (AuthorID, PaperID) VALUES (308, 1711);
INSERT INTO Write (AuthorID, PaperID) VALUES (308, 2048);
INSERT INTO Write (AuthorID, PaperID) VALUES (308, 2293);
INSERT INTO Write (AuthorID, PaperID) VALUES (308, 2470);
INSERT INTO Paper (PaperID, Title, Year, MDate, Key, DOI) VALUES (2494, 'Gender Identification in Twitter using N-grams and LSA: Notebook for PAN at CLEF 2018.', 2018, '2018-08-08', 'conf/clef/DaneshvarI18', 'http://ceur-ws.org/Vol-2125/paper_213.pdf');
INSERT INTO Write (AuthorID, PaperID) VALUES (308, 2494);
INSERT INTO Write (AuthorID, PaperID) VALUES (308, 2946);
INSERT INTO Author (AuthorID, Name) VALUES (309, 'David Ahn');
INSERT INTO Write (AuthorID, PaperID) VALUES (309, 386);
INSERT INTO Write (AuthorID, PaperID) VALUES (309, 1082);
INSERT INTO Write (AuthorID, PaperID) VALUES (309, 1713);
INSERT INTO Write (AuthorID, PaperID) VALUES (309, 1898);
INSERT INTO Write (AuthorID, PaperID) VALUES (309, 2076);
INSERT INTO Write (AuthorID, PaperID) VALUES (309, 2418);
INSERT INTO Write (AuthorID, PaperID) VALUES (309, 2506);
INSERT INTO Write (AuthorID, PaperID) VALUES (309, 2776);
INSERT INTO Author (AuthorID, Name) VALUES (310, 'Ali Fakeri-Tabrizi');
INSERT INTO Write (AuthorID, PaperID) VALUES (310, 27);
INSERT INTO Write (AuthorID, PaperID) VALUES (310, 172);
INSERT INTO Write (AuthorID, PaperID) VALUES (310, 256);
INSERT INTO Write (AuthorID, PaperID) VALUES (310, 722);
INSERT INTO Write (AuthorID, PaperID) VALUES (310, 1445);
INSERT INTO Write (AuthorID, PaperID) VALUES (310, 1833);
INSERT INTO Write (AuthorID, PaperID) VALUES (310, 2263);
INSERT INTO Write (AuthorID, PaperID) VALUES (310, 2734);
INSERT INTO Author (AuthorID, Name) VALUES (311, 'Cathal Gurrin');
INSERT INTO Write (AuthorID, PaperID) VALUES (311, 249);
INSERT INTO Write (AuthorID, PaperID) VALUES (311, 383);
INSERT INTO Write (AuthorID, PaperID) VALUES (311, 870);
INSERT INTO Write (AuthorID, PaperID) VALUES (311, 920);
INSERT INTO Write (AuthorID, PaperID) VALUES (311, 1786);
INSERT INTO Write (AuthorID, PaperID) VALUES (311, 1837);
INSERT INTO Write (AuthorID, PaperID) VALUES (311, 2111);
INSERT INTO Write (AuthorID, PaperID) VALUES (311, 2562);
INSERT INTO Author (AuthorID, Name) VALUES (312, 'Mirco Kocher');
INSERT INTO Write (AuthorID, PaperID) VALUES (312, 99);
INSERT INTO Paper (PaperID, Title, Year, MDate, Key, DOI) VALUES (273, 'UniNE at CLEF 2015 Author Profiling: Notebook for PAN at CLEF 2015.', 2015, '2015-09-03', 'conf/clef/Kocher15', 'http://ceur-ws.org/Vol-1391/27-CR.pdf');
INSERT INTO Write (AuthorID, PaperID) VALUES (312, 273);
INSERT INTO Write (AuthorID, PaperID) VALUES (312, 369);
INSERT INTO Paper (PaperID, Title, Year, MDate, Key, DOI) VALUES (1108, 'UniNE at CLEF 2016: Author Clustering.', 2016, '2016-08-11', 'conf/clef/Kocher16', 'http://ceur-ws.org/Vol-1609/16090895.pdf');
INSERT INTO Write (AuthorID, PaperID) VALUES (312, 1108);
INSERT INTO Write (AuthorID, PaperID) VALUES (312, 1375);
INSERT INTO Write (AuthorID, PaperID) VALUES (312, 1889);
INSERT INTO Write (AuthorID, PaperID) VALUES (312, 3163);
INSERT INTO Write (AuthorID, PaperID) VALUES (312, 3238);
INSERT INTO Author (AuthorID, Name) VALUES (313, 'Turid Hedlund');
INSERT INTO Write (AuthorID, PaperID) VALUES (313, 325);
INSERT INTO Write (AuthorID, PaperID) VALUES (313, 478);
INSERT INTO Write (AuthorID, PaperID) VALUES (313, 598);
INSERT INTO Write (AuthorID, PaperID) VALUES (313, 797);
INSERT INTO Write (AuthorID, PaperID) VALUES (313, 1161);
INSERT INTO Write (AuthorID, PaperID) VALUES (313, 2332);
INSERT INTO Write (AuthorID, PaperID) VALUES (313, 3271);
INSERT INTO Write (AuthorID, PaperID) VALUES (313, 3489);
INSERT INTO Author (AuthorID, Name) VALUES (314, 'Eamonn Newman');
INSERT INTO Write (AuthorID, PaperID) VALUES (314, 610);
INSERT INTO Write (AuthorID, PaperID) VALUES (314, 1111);
INSERT INTO Write (AuthorID, PaperID) VALUES (314, 1159);
INSERT INTO Write (AuthorID, PaperID) VALUES (314, 1767);
INSERT INTO Write (AuthorID, PaperID) VALUES (314, 1786);
INSERT INTO Write (AuthorID, PaperID) VALUES (314, 2111);
INSERT INTO Write (AuthorID, PaperID) VALUES (314, 2935);
INSERT INTO Write (AuthorID, PaperID) VALUES (314, 3386);
INSERT INTO Author (AuthorID, Name) VALUES (315, 'Christian Monson');
INSERT INTO Paper (PaperID, Title, Year, MDate, Key, DOI) VALUES (335, 'ParaMor and Morpho Challenge 2008.', 2008, '2014-09-29', 'conf/clef/MonsonCLL08a', 'http://ceur-ws.org/Vol-1174/CLEF2008wn-MorphoChallenge-MonsonEt2008.pdf');
INSERT INTO Write (AuthorID, PaperID) VALUES (315, 335);
INSERT INTO Paper (PaperID, Title, Year, MDate, Key, DOI) VALUES (1157, 'ParaMor: Finding Paradigms across Morphology.', 2007, '2017-05-24', 'conf/clef/MonsonCLL07', 'https://doi.org/10.1007/978-3-540-85760-0_115');
INSERT INTO Write (AuthorID, PaperID) VALUES (315, 1157);
INSERT INTO Paper (PaperID, Title, Year, MDate, Key, DOI) VALUES (2096, 'ParaMor: Finding Paradigms across Morphology.', 2007, '2014-09-23', 'conf/clef/MonsonCLL07a', 'http://ceur-ws.org/Vol-1173/CLEF2007wn-MorphoChallenge-MonsonEt2007.pdf');
INSERT INTO Write (AuthorID, PaperID) VALUES (315, 2096);
INSERT INTO Paper (PaperID, Title, Year, MDate, Key, DOI) VALUES (2156, 'ParaMor and Morpho Challenge 2008.', 2008, '2017-05-24', 'conf/clef/MonsonCLL08', 'https://doi.org/10.1007/978-3-642-04447-2_128');
INSERT INTO Write (AuthorID, PaperID) VALUES (315, 2156);
INSERT INTO Paper (PaperID, Title, Year, MDate, Key, DOI) VALUES (2254, 'Simulating Morphological Analyzers with Stochastic Taggers for Confidence Estimation.', 2009, '2017-05-24', 'conf/clef/MonsonHR09', 'https://doi.org/10.1007/978-3-642-15754-7_78');
INSERT INTO Write (AuthorID, PaperID) VALUES (315, 2254);
INSERT INTO Paper (PaperID, Title, Year, MDate, Key, DOI) VALUES (2351, 'Multiple Sequence Alignment for Morphology Induction.', 2009, '2014-09-29', 'conf/clef/TchoukalovRM09', 'http://ceur-ws.org/Vol-1175/CLEF2009wn-MorphoChallenge-TchoukalovEt2009.pdf');
INSERT INTO Write (AuthorID, PaperID) VALUES (315, 2351);
INSERT INTO Paper (PaperID, Title, Year, MDate, Key, DOI) VALUES (3135, 'Morphological Analysis by Multiple Sequence Alignment.', 2009, '2017-05-24', 'conf/clef/TchoukalovMR09', 'https://doi.org/10.1007/978-3-642-15754-7_80');
INSERT INTO Write (AuthorID, PaperID) VALUES (315, 3135);
INSERT INTO Paper (PaperID, Title, Year, MDate, Key, DOI) VALUES (3391, 'Probabilistic ParaMor.', 2009, '2014-09-29', 'conf/clef/MonsonHR09a', 'http://ceur-ws.org/Vol-1175/CLEF2009wn-MorphoChallenge-MonsonEt2009.pdf');
INSERT INTO Write (AuthorID, PaperID) VALUES (315, 3391);
INSERT INTO Author (AuthorID, Name) VALUES (316, 'Helena Figueira');
INSERT INTO Write (AuthorID, PaperID) VALUES (316, 136);
INSERT INTO Write (AuthorID, PaperID) VALUES (316, 189);
INSERT INTO Write (AuthorID, PaperID) VALUES (316, 435);
INSERT INTO Write (AuthorID, PaperID) VALUES (316, 789);
INSERT INTO Write (AuthorID, PaperID) VALUES (316, 1639);
INSERT INTO Write (AuthorID, PaperID) VALUES (316, 1684);
INSERT INTO Write (AuthorID, PaperID) VALUES (316, 2923);
INSERT INTO Write (AuthorID, PaperID) VALUES (316, 3232);
INSERT INTO Author (AuthorID, Name) VALUES (317, 'Berrin A. Yanikoglu');
INSERT INTO Write (AuthorID, PaperID) VALUES (317, 322);
INSERT INTO Write (AuthorID, PaperID) VALUES (317, 500);
INSERT INTO Write (AuthorID, PaperID) VALUES (317, 1041);
INSERT INTO Write (AuthorID, PaperID) VALUES (317, 1497);
INSERT INTO Write (AuthorID, PaperID) VALUES (317, 1541);
INSERT INTO Write (AuthorID, PaperID) VALUES (317, 1714);
INSERT INTO Write (AuthorID, PaperID) VALUES (317, 2210);
INSERT INTO Write (AuthorID, PaperID) VALUES (317, 2978);
INSERT INTO Author (AuthorID, Name) VALUES (318, 'Eija Airio');
INSERT INTO Write (AuthorID, PaperID) VALUES (318, 325);
INSERT INTO Write (AuthorID, PaperID) VALUES (318, 598);
INSERT INTO Write (AuthorID, PaperID) VALUES (318, 1161);
INSERT INTO Write (AuthorID, PaperID) VALUES (318, 2332);
INSERT INTO Write (AuthorID, PaperID) VALUES (318, 2791);
INSERT INTO Write (AuthorID, PaperID) VALUES (318, 2958);
INSERT INTO Write (AuthorID, PaperID) VALUES (318, 3271);
INSERT INTO Write (AuthorID, PaperID) VALUES (318, 3489);
INSERT INTO Author (AuthorID, Name) VALUES (319, 'Eva D''hondt');
INSERT INTO Paper (PaperID, Title, Year, MDate, Key, DOI) VALUES (360, 'LIMSI @ CLEF eHealth 2015 - Task 1b.', 2015, '2015-09-03', 'conf/clef/DhondtMLBRL15', 'http://ceur-ws.org/Vol-1391/86-CR.pdf');
INSERT INTO Write (AuthorID, PaperID) VALUES (319, 360);
INSERT INTO Write (AuthorID, PaperID) VALUES (319, 491);
INSERT INTO Write (AuthorID, PaperID) VALUES (319, 1442);
INSERT INTO Write (AuthorID, PaperID) VALUES (319, 1818);
INSERT INTO Write (AuthorID, PaperID) VALUES (319, 1861);
INSERT INTO Write (AuthorID, PaperID) VALUES (319, 2021);
INSERT INTO Write (AuthorID, PaperID) VALUES (319, 2455);
INSERT INTO Write (AuthorID, PaperID) VALUES (319, 3001);
INSERT INTO Author (AuthorID, Name) VALUES (320, 'Claire Fautsch');
INSERT INTO Write (AuthorID, PaperID) VALUES (320, 813);
INSERT INTO Write (AuthorID, PaperID) VALUES (320, 1929);
INSERT INTO Write (AuthorID, PaperID) VALUES (320, 2197);
INSERT INTO Write (AuthorID, PaperID) VALUES (320, 2365);
INSERT INTO Write (AuthorID, PaperID) VALUES (320, 2555);
INSERT INTO Write (AuthorID, PaperID) VALUES (320, 3088);
INSERT INTO Write (AuthorID, PaperID) VALUES (320, 3522);
INSERT INTO Write (AuthorID, PaperID) VALUES (320, 3525);
INSERT INTO Author (AuthorID, Name) VALUES (321, 'Wessel Kraaij');
INSERT INTO Write (AuthorID, PaperID) VALUES (321, 313);
INSERT INTO Write (AuthorID, PaperID) VALUES (321, 641);
INSERT INTO Write (AuthorID, PaperID) VALUES (321, 699);
INSERT INTO Paper (PaperID, Title, Year, MDate, Key, DOI) VALUES (1184, 'TNO at CLEF-2001: Comparing Translation Resources.', 2001, '2017-05-24', 'conf/clef/Kraaij01', 'https://doi.org/10.1007/3-540-45691-0_6');
INSERT INTO Write (AuthorID, PaperID) VALUES (321, 1184);
INSERT INTO Write (AuthorID, PaperID) VALUES (321, 1766);
INSERT INTO Write (AuthorID, PaperID) VALUES (321, 1815);
INSERT INTO Write (AuthorID, PaperID) VALUES (321, 2913);
INSERT INTO Paper (PaperID, Title, Year, MDate, Key, DOI) VALUES (3155, 'TNO at CLEF-2001: Comparing Translation Resources.', 2001, '2014-08-15', 'conf/clef/Kraaij01a', 'http://ceur-ws.org/Vol-1167/CLEF2001wn-adhoc-Kraaij2001.pdf');
INSERT INTO Write (AuthorID, PaperID) VALUES (321, 3155);
INSERT INTO Author (AuthorID, Name) VALUES (322, 'Aitao Chen');
INSERT INTO Paper (PaperID, Title, Year, MDate, Key, DOI) VALUES (593, 'Multilingual Information Retrieval using English and Chinese Queries.', 2001, '2014-08-15', 'conf/clef/Chen01a', 'http://ceur-ws.org/Vol-1167/CLEF2001wn-adhoc-Chen2001.pdf');
INSERT INTO Write (AuthorID, PaperID) VALUES (322, 593);
INSERT INTO Write (AuthorID, PaperID) VALUES (322, 1237);
INSERT INTO Paper (PaperID, Title, Year, MDate, Key, DOI) VALUES (1264, 'Cross-language Retrieval Experiments at CLEF 2002.', 2002, '2014-08-15', 'conf/clef/Chen02a', 'http://ceur-ws.org/Vol-1168/CLEF2002wn-adhoc-Chen2002.pdf');
INSERT INTO Write (AuthorID, PaperID) VALUES (322, 1264);
INSERT INTO Write (AuthorID, PaperID) VALUES (322, 1378);
INSERT INTO Write (AuthorID, PaperID) VALUES (322, 2519);
INSERT INTO Paper (PaperID, Title, Year, MDate, Key, DOI) VALUES (3113, 'Multilingual Information Retrieval Using English and Chinese Queries.', 2001, '2017-05-24', 'conf/clef/Chen01', 'https://doi.org/10.1007/3-540-45691-0_4');
INSERT INTO Write (AuthorID, PaperID) VALUES (322, 3113);
INSERT INTO Paper (PaperID, Title, Year, MDate, Key, DOI) VALUES (3145, 'Cross-Language Retrieval Experiments at CLEF 2002.', 2002, '2017-05-24', 'conf/clef/Chen02', 'https://doi.org/10.1007/978-3-540-45237-9_3');
INSERT INTO Write (AuthorID, PaperID) VALUES (322, 3145);
INSERT INTO Write (AuthorID, PaperID) VALUES (322, 3498);
INSERT INTO Author (AuthorID, Name) VALUES (323, 'Anne-Laure Ligozat');
INSERT INTO Write (AuthorID, PaperID) VALUES (323, 75);
INSERT INTO Write (AuthorID, PaperID) VALUES (323, 229);
INSERT INTO Write (AuthorID, PaperID) VALUES (323, 1022);
INSERT INTO Write (AuthorID, PaperID) VALUES (323, 1681);
INSERT INTO Write (AuthorID, PaperID) VALUES (323, 1763);
INSERT INTO Write (AuthorID, PaperID) VALUES (323, 1988);
INSERT INTO Write (AuthorID, PaperID) VALUES (323, 2546);
INSERT INTO Write (AuthorID, PaperID) VALUES (323, 3237);
INSERT INTO Author (AuthorID, Name) VALUES (324, 'Luca Dini');
INSERT INTO Paper (PaperID, Title, Year, MDate, Key, DOI) VALUES (1115, 'CELI participation at CLEF 2006: Cross Language Delegated Search.', 2006, '2014-08-15', 'conf/clef/CurtoniD06', 'http://ceur-ws.org/Vol-1172/CLEF2006wn-adhoc-CurtoniEt2006.pdf');
INSERT INTO Write (AuthorID, PaperID) VALUES (324, 1115);
INSERT INTO Paper (PaperID, Title, Year, MDate, Key, DOI) VALUES (1604, 'User Logs as a Means to Enrich and Refine Translation Dictionaries.', 2009, '2017-05-24', 'conf/clef/BoscaD09', 'https://doi.org/10.1007/978-3-642-15754-7_67');
INSERT INTO Write (AuthorID, PaperID) VALUES (324, 1604);
INSERT INTO Paper (PaperID, Title, Year, MDate, Key, DOI) VALUES (1686, 'CACAO Project at the LogCLEF Track.', 2009, '2014-09-29', 'conf/clef/BoscaD09a', 'http://ceur-ws.org/Vol-1175/CLEF2009wn-LogCLEF-BoscaEt2009.pdf');
INSERT INTO Write (AuthorID, PaperID) VALUES (324, 1686);
INSERT INTO Paper (PaperID, Title, Year, MDate, Key, DOI) VALUES (2105, 'CELI Participation at ImageCLEF 2006: Comparison with the Ad-hoc Track.', 2006, '2014-08-15', 'conf/clef/CurtoniDT06', 'http://ceur-ws.org/Vol-1172/CLEF2006wn-ImageCLEF-CurtoniEt2006.pdf');
INSERT INTO Write (AuthorID, PaperID) VALUES (324, 2105);
INSERT INTO Paper (PaperID, Title, Year, MDate, Key, DOI) VALUES (2256, 'CACAO Project at the TEL@CLEF 2008 Task.', 2008, '2014-09-29', 'conf/clef/BoscaD08a', 'http://ceur-ws.org/Vol-1174/CLEF2008wn-adhoc-BoscaEt2008.pdf');
INSERT INTO Write (AuthorID, PaperID) VALUES (324, 2256);
INSERT INTO Paper (PaperID, Title, Year, MDate, Key, DOI) VALUES (2475, 'Language Identification Strategies for Cross Language Information Retrieval.', 2010, '2014-09-24', 'conf/clef/BoscaD10', 'http://www.clef-initiative.eu/documents/71612/86374/CLEF2010wn-LogCLEF-BoscaEt2010.pdf');
INSERT INTO Write (AuthorID, PaperID) VALUES (324, 2475);
INSERT INTO Paper (PaperID, Title, Year, MDate, Key, DOI) VALUES (2870, 'CACAO Project at the TEL@CLEF 2009 Task.', 2009, '2014-09-29', 'conf/clef/BoscaD09b', 'http://ceur-ws.org/Vol-1175/CLEF2009wn-adhoc-BoscaEt2009.pdf');
INSERT INTO Write (AuthorID, PaperID) VALUES (324, 2870);
INSERT INTO Paper (PaperID, Title, Year, MDate, Key, DOI) VALUES (3516, 'Query Expansion via Library Classification System.', 2008, '2017-05-24', 'conf/clef/BoscaD08', 'https://doi.org/10.1007/978-3-642-04447-2_4');
INSERT INTO Write (AuthorID, PaperID) VALUES (324, 3516);
INSERT INTO Author (AuthorID, Name) VALUES (325, 'Manuel Alberto P&eacute;rez-Couti&ntilde;o');
INSERT INTO Write (AuthorID, PaperID) VALUES (325, 647);
INSERT INTO Write (AuthorID, PaperID) VALUES (325, 2010);
INSERT INTO Write (AuthorID, PaperID) VALUES (325, 2218);
INSERT INTO Write (AuthorID, PaperID) VALUES (325, 2521);
INSERT INTO Write (AuthorID, PaperID) VALUES (325, 2640);
INSERT INTO Write (AuthorID, PaperID) VALUES (325, 2728);
INSERT INTO Write (AuthorID, PaperID) VALUES (325, 2826);
INSERT INTO Write (AuthorID, PaperID) VALUES (325, 3122);
INSERT INTO Author (AuthorID, Name) VALUES (326, 'Jori Mur');
INSERT INTO Write (AuthorID, PaperID) VALUES (326, 115);
INSERT INTO Write (AuthorID, PaperID) VALUES (326, 155);
INSERT INTO Write (AuthorID, PaperID) VALUES (326, 348);
INSERT INTO Write (AuthorID, PaperID) VALUES (326, 425);
INSERT INTO Write (AuthorID, PaperID) VALUES (326, 1860);
INSERT INTO Write (AuthorID, PaperID) VALUES (326, 1915);
INSERT INTO Write (AuthorID, PaperID) VALUES (326, 3306);
INSERT INTO Author (AuthorID, Name) VALUES (327, 'Liana Ermakova');
INSERT INTO Paper (PaperID, Title, Year, MDate, Key, DOI) VALUES (375, 'A Method for Short Message Contextualization: Experiments at CLEF/INEX.', 2015, '2017-05-24', 'conf/clef/Ermakova15', 'https://doi.org/10.1007/978-3-319-24027-5_38');
INSERT INTO Write (AuthorID, PaperID) VALUES (327, 375);
INSERT INTO Write (AuthorID, PaperID) VALUES (327, 643);
INSERT INTO Write (AuthorID, PaperID) VALUES (327, 803);
INSERT INTO Write (AuthorID, PaperID) VALUES (327, 900);
INSERT INTO Write (AuthorID, PaperID) VALUES (327, 1878);
INSERT INTO Write (AuthorID, PaperID) VALUES (327, 2403);
INSERT INTO Write (AuthorID, PaperID) VALUES (327, 3116);
INSERT INTO Author (AuthorID, Name) VALUES (328, 'Hao-Ren Ke');
INSERT INTO Write (AuthorID, PaperID) VALUES (328, 184);
INSERT INTO Write (AuthorID, PaperID) VALUES (328, 1150);
INSERT INTO Write (AuthorID, PaperID) VALUES (328, 1440);
INSERT INTO Write (AuthorID, PaperID) VALUES (328, 1449);
INSERT INTO Write (AuthorID, PaperID) VALUES (328, 1872);
INSERT INTO Write (AuthorID, PaperID) VALUES (328, 2231);
INSERT INTO Write (AuthorID, PaperID) VALUES (328, 3395);
INSERT INTO Author (AuthorID, Name) VALUES (329, 'Wei-Ying Ma');
INSERT INTO Paper (PaperID, Title, Year, MDate, Key, DOI) VALUES (353, 'MSRA Columbus at GeoCLEF 2006.', 2006, '2017-07-06', 'conf/clef/LiWXWM06', 'https://doi.org/10.1007/978-3-540-74999-8_118');
INSERT INTO Write (AuthorID, PaperID) VALUES (329, 353);
INSERT INTO Paper (PaperID, Title, Year, MDate, Key, DOI) VALUES (564, 'Exploring LDA-Based Document Model for Geographic Information Retrieval.', 2007, '2017-07-06', 'conf/clef/LiWXWM07', 'https://doi.org/10.1007/978-3-540-85760-0_108');
INSERT INTO Write (AuthorID, PaperID) VALUES (329, 564);
INSERT INTO Paper (PaperID, Title, Year, MDate, Key, DOI) VALUES (1008, 'MSRA Columbus at GeoCLEF 2006.', 2006, '2017-07-06', 'conf/clef/Li0XM06', 'http://ceur-ws.org/Vol-1172/CLEF2006wn-GeoCLEF-LiEt2006.pdf');
INSERT INTO Write (AuthorID, PaperID) VALUES (329, 1008);
INSERT INTO Paper (PaperID, Title, Year, MDate, Key, DOI) VALUES (1298, 'MSRA Columbus at GeoCLEF2007.', 2007, '2017-07-06', 'conf/clef/Li0XM07a', 'http://ceur-ws.org/Vol-1173/CLEF2007wn-GeoCLEF-LiEt2007b.pdf');
INSERT INTO Write (AuthorID, PaperID) VALUES (329, 1298);
INSERT INTO Paper (PaperID, Title, Year, MDate, Key, DOI) VALUES (2739, 'Medical Image Annotation and Retrieval Using Visual Features.', 2006, '2017-09-12', 'conf/clef/LiuHLMM06', 'https://doi.org/10.1007/978-3-540-74999-8_83');
INSERT INTO Write (AuthorID, PaperID) VALUES (329, 2739);
INSERT INTO Paper (PaperID, Title, Year, MDate, Key, DOI) VALUES (2797, 'Query Parsing Task for GeoCLEF2007 Report.', 2007, '2017-07-06', 'conf/clef/Li0XM07', 'http://ceur-ws.org/Vol-1173/CLEF2007wn-GeoCLEF-LiEt2007a.pdf');
INSERT INTO Write (AuthorID, PaperID) VALUES (329, 2797);
INSERT INTO Paper (PaperID, Title, Year, MDate, Key, DOI) VALUES (3356, 'Medical Image Annotation and Retrieval Using Visual Features.', 2006, '2017-09-12', 'conf/clef/LiuHLM06', 'http://ceur-ws.org/Vol-1172/CLEF2006wn-ImageCLEF-LiuEt2006.pdf');
INSERT INTO Write (AuthorID, PaperID) VALUES (329, 3356);
INSERT INTO Author (AuthorID, Name) VALUES (330, 'Franciska de Jong');
INSERT INTO Write (AuthorID, PaperID) VALUES (330, 313);
INSERT INTO Write (AuthorID, PaperID) VALUES (330, 994);
INSERT INTO Write (AuthorID, PaperID) VALUES (330, 2041);
INSERT INTO Write (AuthorID, PaperID) VALUES (330, 2186);
INSERT INTO Write (AuthorID, PaperID) VALUES (330, 2505);
INSERT INTO Write (AuthorID, PaperID) VALUES (330, 2913);
INSERT INTO Write (AuthorID, PaperID) VALUES (330, 3199);
INSERT INTO Author (AuthorID, Name) VALUES (331, 'Ionut Pistol');
INSERT INTO Write (AuthorID, PaperID) VALUES (331, 327);
INSERT INTO Write (AuthorID, PaperID) VALUES (331, 525);
INSERT INTO Write (AuthorID, PaperID) VALUES (331, 1343);
INSERT INTO Write (AuthorID, PaperID) VALUES (331, 1424);
INSERT INTO Write (AuthorID, PaperID) VALUES (331, 2347);
INSERT INTO Write (AuthorID, PaperID) VALUES (331, 2545);
INSERT INTO Write (AuthorID, PaperID) VALUES (331, 3073);
INSERT INTO Author (AuthorID, Name) VALUES (332, 'Bogdan Ionescu');
INSERT INTO Write (AuthorID, PaperID) VALUES (332, 383);
INSERT INTO Paper (PaperID, Title, Year, MDate, Key, DOI) VALUES (775, 'Multimedia Lab @ ImageCLEF 2018 Lifelog Moment Retrieval Task.', 2018, '2018-08-08', 'conf/clef/DogariuI18', 'http://ceur-ws.org/Vol-2125/paper_148.pdf');
INSERT INTO Write (AuthorID, PaperID) VALUES (332, 775);
INSERT INTO Write (AuthorID, PaperID) VALUES (332, 870);
INSERT INTO Write (AuthorID, PaperID) VALUES (332, 1166);
INSERT INTO Write (AuthorID, PaperID) VALUES (332, 1614);
INSERT INTO Paper (PaperID, Title, Year, MDate, Key, DOI) VALUES (1905, 'UPB HES SO @ PlantCLEF 2017: Automatic Plant Image Identification using Transfer Learning via Convolutional Neural Networks.', 2017, '2017-09-05', 'conf/clef/TomaSI17', 'http://ceur-ws.org/Vol-1866/paper_165.pdf');
INSERT INTO Write (AuthorID, PaperID) VALUES (332, 1905);
INSERT INTO Paper (PaperID, Title, Year, MDate, Key, DOI) VALUES (3044, 'A Textual Filtering of HOG-Based Hierarchical Clustering of Lifelog Data.', 2017, '2017-08-15', 'conf/clef/DogariuI17', 'http://ceur-ws.org/Vol-1866/paper_157.pdf');
INSERT INTO Write (AuthorID, PaperID) VALUES (332, 3044);
INSERT INTO Author (AuthorID, Name) VALUES (333, 'Lu&iacute;s Fernando Costa');
INSERT INTO Paper (PaperID, Title, Year, MDate, Key, DOI) VALUES (185, 'First Evaluation of Esfinge - A Question Answering System for Portuguese.', 2004, '2017-05-24', 'conf/clef/Costa05', 'https://doi.org/10.1007/11519645_51');
INSERT INTO Write (AuthorID, PaperID) VALUES (333, 185);
INSERT INTO Paper (PaperID, Title, Year, MDate, Key, DOI) VALUES (651, '20th Century Esfinge (Sphinx) Solving the Riddles at CLEF 2005.', 2005, '2017-05-24', 'conf/clef/Costa05a', 'https://doi.org/10.1007/11878773_52');
INSERT INTO Write (AuthorID, PaperID) VALUES (333, 651);
INSERT INTO Write (AuthorID, PaperID) VALUES (333, 1383);
INSERT INTO Write (AuthorID, PaperID) VALUES (333, 1429);
INSERT INTO Write (AuthorID, PaperID) VALUES (333, 1788);
INSERT INTO Paper (PaperID, Title, Year, MDate, Key, DOI) VALUES (2784, 'Question Answering Beyond CLEF Document Collections.', 2006, '2017-05-24', 'conf/clef/Costa06', 'https://doi.org/10.1007/978-3-540-74999-8_48');
INSERT INTO Write (AuthorID, PaperID) VALUES (333, 2784);
INSERT INTO Paper (PaperID, Title, Year, MDate, Key, DOI) VALUES (2833, 'Using Answer Retrieval Patterns to Answer Portuguese Questions.', 2008, '2017-05-24', 'conf/clef/Costa08', 'https://doi.org/10.1007/978-3-642-04447-2_42');
INSERT INTO Write (AuthorID, PaperID) VALUES (333, 2833);
INSERT INTO Author (AuthorID, Name) VALUES (334, 'Azadeh Shakery');
INSERT INTO Paper (PaperID, Title, Year, MDate, Key, DOI) VALUES (91, 'Exploiting Multiple Translation Resources for English-Persian Cross Language Information Retrieval.', 2013, '2017-05-24', 'conf/clef/AzarbonyadSF13', 'https://doi.org/10.1007/978-3-642-40802-1_11');
INSERT INTO Write (AuthorID, PaperID) VALUES (334, 91);
INSERT INTO Write (AuthorID, PaperID) VALUES (334, 108);
INSERT INTO Paper (PaperID, Title, Year, MDate, Key, DOI) VALUES (1053, 'Meta Text Aligner: Text Alignment Based on Predicted Plagiarism Relation.', 2015, '2018-03-06', 'conf/clef/AbnarDS15', 'https://doi.org/10.1007/978-3-319-24027-5_16');
INSERT INTO Write (AuthorID, PaperID) VALUES (334, 1053);
INSERT INTO Paper (PaperID, Title, Year, MDate, Key, DOI) VALUES (1538, 'Expanded N-Grams for Semantic Text Alignment Notebook for PAN at CLEF 2014.', 2014, '2018-03-06', 'conf/clef/AbnarDZS14', 'http://ceur-ws.org/Vol-1180/CLEF2014wn-Pan-AbnarEt2014.pdf');
INSERT INTO Write (AuthorID, PaperID) VALUES (334, 1538);
INSERT INTO Paper (PaperID, Title, Year, MDate, Key, DOI) VALUES (1890, 'Authorship Identification Using Dynamic Selection of Features from Probabilistic Feature Set.', 2014, '2018-03-06', 'conf/clef/ZamaniEBADS14', 'https://doi.org/10.1007/978-3-319-11382-1_13');
INSERT INTO Write (AuthorID, PaperID) VALUES (334, 1890);
INSERT INTO Paper (PaperID, Title, Year, MDate, Key, DOI) VALUES (2887, 'SS4MCT: A Statistical Stemmer for Morphologically Complex Texts.', 2016, '2017-05-24', 'conf/clef/DadashkarimiEFS15', 'https://doi.org/10.1007/978-3-319-44564-9_16');
INSERT INTO Write (AuthorID, PaperID) VALUES (334, 2887);
INSERT INTO Paper (PaperID, Title, Year, MDate, Key, DOI) VALUES (2912, 'Creating a Persian-English Comparable Corpus.', 2010, '2017-05-24', 'conf/clef/HashemiSF10', 'https://doi.org/10.1007/978-3-642-15998-5_5');
INSERT INTO Write (AuthorID, PaperID) VALUES (334, 2912);
INSERT INTO Author (AuthorID, Name) VALUES (335, 'Thomas Lavergne');
INSERT INTO Write (AuthorID, PaperID) VALUES (335, 360);
INSERT INTO Write (AuthorID, PaperID) VALUES (335, 657);
INSERT INTO Write (AuthorID, PaperID) VALUES (335, 1133);
INSERT INTO Write (AuthorID, PaperID) VALUES (335, 1422);
INSERT INTO Write (AuthorID, PaperID) VALUES (335, 1473);
INSERT INTO Write (AuthorID, PaperID) VALUES (335, 1914);
INSERT INTO Write (AuthorID, PaperID) VALUES (335, 1952);
INSERT INTO Author (AuthorID, Name) VALUES (336, 'Gina-Anne Levow');
INSERT INTO Write (AuthorID, PaperID) VALUES (336, 545);
INSERT INTO Write (AuthorID, PaperID) VALUES (336, 854);
INSERT INTO Paper (PaperID, Title, Year, MDate, Key, DOI) VALUES (990, 'University of Chicago at CLEF2004: Cross-language Text and Spoken Document Retrieval.', 2004, '2014-08-15', 'conf/clef/LevowM04', 'http://ceur-ws.org/Vol-1170/CLEF2004wn-adhoc-LevowEt2004.pdf');
INSERT INTO Write (AuthorID, PaperID) VALUES (336, 990);
INSERT INTO Paper (PaperID, Title, Year, MDate, Key, DOI) VALUES (1748, 'University of Chicago at the CLEF 2007 Cross Language Speech Retrieval Track.', 2007, '2014-09-23', 'conf/clef/Levow07', 'http://ceur-ws.org/Vol-1173/CLEF2007wn-CLSR-Levow2007.pdf');
INSERT INTO Write (AuthorID, PaperID) VALUES (336, 1748);
INSERT INTO Paper (PaperID, Title, Year, MDate, Key, DOI) VALUES (1892, 'University of Chicago at CLEF2004: Cross-Language Text and Spoken Document Retrieval.', 2004, '2017-05-24', 'conf/clef/LevowM05', 'https://doi.org/10.1007/11519645_18');
INSERT INTO Write (AuthorID, PaperID) VALUES (336, 1892);
INSERT INTO Write (AuthorID, PaperID) VALUES (336, 2908);
INSERT INTO Write (AuthorID, PaperID) VALUES (336, 3493);
INSERT INTO Author (AuthorID, Name) VALUES (337, 'Maximiliano Saiz-Noeda');
INSERT INTO Write (AuthorID, PaperID) VALUES (337, 629);
INSERT INTO Write (AuthorID, PaperID) VALUES (337, 653);
INSERT INTO Write (AuthorID, PaperID) VALUES (337, 1796);
INSERT INTO Write (AuthorID, PaperID) VALUES (337, 2147);
INSERT INTO Write (AuthorID, PaperID) VALUES (337, 2406);
INSERT INTO Write (AuthorID, PaperID) VALUES (337, 2583);
INSERT INTO Write (AuthorID, PaperID) VALUES (337, 3265);
INSERT INTO Author (AuthorID, Name) VALUES (338, 'Sabine Bergler');
INSERT INTO Paper (PaperID, Title, Year, MDate, Key, DOI) VALUES (334, 'Image Query Expansion Using Semantic Selectional Restrictions.', 2009, '2017-05-24', 'conf/clef/DemerdashBK09', 'https://doi.org/10.1007/978-3-642-15751-6_16');
INSERT INTO Write (AuthorID, PaperID) VALUES (338, 334);
INSERT INTO Paper (PaperID, Title, Year, MDate, Key, DOI) VALUES (457, 'Text-Based Clustering of the ImageCLEFphoto Collection for Augmenting the Retrieved Results.', 2007, '2017-05-24', 'conf/clef/DemerdashKB07', 'https://doi.org/10.1007/978-3-540-85760-0_70');
INSERT INTO Write (AuthorID, PaperID) VALUES (338, 457);
INSERT INTO Paper (PaperID, Title, Year, MDate, Key, DOI) VALUES (1250, 'Experiments with Clustering the Collection at ImageCLEF 2007.', 2007, '2014-09-23', 'conf/clef/DemerdashKB07a', 'http://ceur-ws.org/Vol-1173/CLEF2007wn-ImageCLEF-ElDemerdashEt2007.pdf');
INSERT INTO Write (AuthorID, PaperID) VALUES (338, 1250);
INSERT INTO Paper (PaperID, Title, Year, MDate, Key, DOI) VALUES (1725, 'CLaC at ImageCLEFPhoto 2008.', 2008, '2014-09-29', 'conf/clef/DemerdashKB08a', 'http://ceur-ws.org/Vol-1174/CLEF2008wn-ImageCLEF-ElDemerdashEt2008.pdf');
INSERT INTO Write (AuthorID, PaperID) VALUES (338, 1725);
INSERT INTO Paper (PaperID, Title, Year, MDate, Key, DOI) VALUES (1954, 'CLaC Labs: Processing Modality and Negation. Working Notes for QA4MRE Pilot Task at CLEF 2012.', 2012, '2014-09-24', 'conf/clef/RosenbergKB12', 'http://www.clef-initiative.eu/documents/71612/57b1a8cd-87db-42c3-9501-d4e128134b0f');
INSERT INTO Write (AuthorID, PaperID) VALUES (338, 1954);
INSERT INTO Paper (PaperID, Title, Year, MDate, Key, DOI) VALUES (3112, 'CLaC at ImageCLEF 2009.', 2009, '2014-09-29', 'conf/clef/DemerdashBK09a', 'http://ceur-ws.org/Vol-1175/CLEF2009wn-ImageCLEF-DemerdashEt2009.pdf');
INSERT INTO Write (AuthorID, PaperID) VALUES (338, 3112);
INSERT INTO Paper (PaperID, Title, Year, MDate, Key, DOI) VALUES (3438, 'Image Retrieval by Inter-media Fusion and Pseudo-relevance Feedback.', 2008, '2017-05-24', 'conf/clef/DemerdashKB08', 'https://doi.org/10.1007/978-3-642-04447-2_75');
INSERT INTO Write (AuthorID, PaperID) VALUES (338, 3438);
INSERT INTO Author (AuthorID, Name) VALUES (339, 'Ruben Granados');
INSERT INTO Write (AuthorID, PaperID) VALUES (339, 851);
INSERT INTO Write (AuthorID, PaperID) VALUES (339, 996);
INSERT INTO Write (AuthorID, PaperID) VALUES (339, 1820);
INSERT INTO Write (AuthorID, PaperID) VALUES (339, 2198);
INSERT INTO Write (AuthorID, PaperID) VALUES (339, 2330);
INSERT INTO Write (AuthorID, PaperID) VALUES (339, 2569);
INSERT INTO Write (AuthorID, PaperID) VALUES (339, 3035);
INSERT INTO Author (AuthorID, Name) VALUES (340, 'Lourdes Araujo');
INSERT INTO Write (AuthorID, PaperID) VALUES (340, 19);
INSERT INTO Write (AuthorID, PaperID) VALUES (340, 35);
INSERT INTO Paper (PaperID, Title, Year, MDate, Key, DOI) VALUES (1297, 'Graph-based Word Clustering Applied to Question Answering and Reading Comprehension Tests.', 2011, '2014-09-24', 'conf/clef/Martinez-RomoA11', 'http://www.clef-initiative.eu/documents/71612/86377/CLEF2011wn-QA4MRE-Martinez-RomoEt2011.pdf');
INSERT INTO Write (AuthorID, PaperID) VALUES (340, 1297);
INSERT INTO Write (AuthorID, PaperID) VALUES (340, 1643);
INSERT INTO Write (AuthorID, PaperID) VALUES (340, 1659);
INSERT INTO Write (AuthorID, PaperID) VALUES (340, 2360);
INSERT INTO Write (AuthorID, PaperID) VALUES (340, 3505);
INSERT INTO Author (AuthorID, Name) VALUES (341, 'Jo&atilde;o Magalh&atilde;es');
INSERT INTO Write (AuthorID, PaperID) VALUES (341, 296);
INSERT INTO Paper (PaperID, Title, Year, MDate, Key, DOI) VALUES (976, 'NovaSearch at ImageCLEFmed 2016 Subfigure Classification Task.', 2016, '2016-08-11', 'conf/clef/SemedoM16', 'http://ceur-ws.org/Vol-1609/16090386.pdf');
INSERT INTO Write (AuthorID, PaperID) VALUES (341, 976);
INSERT INTO Paper (PaperID, Title, Year, MDate, Key, DOI) VALUES (1107, 'NovaSearch on Medical ImageCLEF 2013.', 2013, '2014-09-11', 'conf/clef/MouraoMM13', 'http://ceur-ws.org/Vol-1179/CLEF2013wn-ImageCLEF-MouraoEt2013.pdf');
INSERT INTO Write (AuthorID, PaperID) VALUES (341, 1107);
INSERT INTO Write (AuthorID, PaperID) VALUES (341, 2420);
INSERT INTO Write (AuthorID, PaperID) VALUES (341, 2914);
INSERT INTO Write (AuthorID, PaperID) VALUES (341, 3114);
INSERT INTO Write (AuthorID, PaperID) VALUES (341, 3241);
INSERT INTO Author (AuthorID, Name) VALUES (342, 'Alexandru Ceausu');
INSERT INTO Write (AuthorID, PaperID) VALUES (342, 205);
INSERT INTO Write (AuthorID, PaperID) VALUES (342, 230);
INSERT INTO Write (AuthorID, PaperID) VALUES (342, 445);
INSERT INTO Write (AuthorID, PaperID) VALUES (342, 1020);
INSERT INTO Write (AuthorID, PaperID) VALUES (342, 2151);
INSERT INTO Write (AuthorID, PaperID) VALUES (342, 2845);
INSERT INTO Write (AuthorID, PaperID) VALUES (342, 3109);
INSERT INTO Author (AuthorID, Name) VALUES (343, 'David Mart&iacute;nez 0001');
INSERT INTO Write (AuthorID, PaperID) VALUES (343, 928);
INSERT INTO Write (AuthorID, PaperID) VALUES (343, 1126);
INSERT INTO Write (AuthorID, PaperID) VALUES (343, 1586);
INSERT INTO Write (AuthorID, PaperID) VALUES (343, 1740);
INSERT INTO Write (AuthorID, PaperID) VALUES (343, 2189);
INSERT INTO Write (AuthorID, PaperID) VALUES (343, 3421);
INSERT INTO Paper (PaperID, Title, Year, MDate, Key, DOI) VALUES (3474, 'Simple Similarity-based Question Answering Strategies for Biomedical Text.', 2012, '2015-07-24', 'conf/clef/MartinezMACV12', 'http://www.clef-initiative.eu/documents/71612/7d675041-4950-4b7a-af86-01ffb8710bc9');
INSERT INTO Write (AuthorID, PaperID) VALUES (343, 3474);
INSERT INTO Author (AuthorID, Name) VALUES (344, 'Adil Alpkocak');
INSERT INTO Paper (PaperID, Title, Year, MDate, Key, DOI) VALUES (330, 'An Extended Vector Space Model for Content Based Image Retrieval.', 2009, '2017-05-24', 'conf/clef/BerberA09', 'https://doi.org/10.1007/978-3-642-15751-6_26');
INSERT INTO Write (AuthorID, PaperID) VALUES (344, 330);
INSERT INTO Paper (PaperID, Title, Year, MDate, Key, DOI) VALUES (800, 'DEMIR at ImageCLEFMed 2012.', 2012, '2014-09-24', 'conf/clef/VahidAHCO12', 'http://www.clef-initiative.eu/documents/71612/93a66c84-5e00-49d7-a800-82a2e8a4020e');
INSERT INTO Write (AuthorID, PaperID) VALUES (344, 800);
INSERT INTO Paper (PaperID, Title, Year, MDate, Key, DOI) VALUES (1540, 'DEMIR at CLEF eHealth: The Effects of Selective Query Expansion to Information Retrieval.', 2014, '2014-09-10', 'conf/clef/OzturkmenogluAK14', 'http://ceur-ws.org/Vol-1180/CLEF2014wn-eHealth-OzturkmenogluEt2014.pdf');
INSERT INTO Write (AuthorID, PaperID) VALUES (344, 1540);
INSERT INTO Paper (PaperID, Title, Year, MDate, Key, DOI) VALUES (1866, 'DEU at ImageCLEFmed 2009: Evaluating a Re-ranking and Integrated Retrieval Model.', 2009, '2014-09-30', 'conf/clef/BerberA09a', 'http://ceur-ws.org/Vol-1175/CLEF2009wn-ImageCLEF-BerberEt2009.pdf');
INSERT INTO Write (AuthorID, PaperID) VALUES (344, 1866);
INSERT INTO Paper (PaperID, Title, Year, MDate, Key, DOI) VALUES (2172, 'DEMIR at ImageCLEFwiki 2011: Evaluating Different Weighting Schemes in Information Retrieval.', 2011, '2014-09-24', 'conf/clef/BerberVOHA11', 'http://www.clef-initiative.eu/documents/71612/86377/CLEF2011wn-ImageCLEF-BerberEt2011.pdf');
INSERT INTO Write (AuthorID, PaperID) VALUES (344, 2172);
INSERT INTO Paper (PaperID, Title, Year, MDate, Key, DOI) VALUES (3062, 'DEMIR at ImageCLEFMed 2013: The Effects of Modality Classification to Information Retrieval.', 2013, '2014-09-10', 'conf/clef/OzturkmenogluCA13', 'http://ceur-ws.org/Vol-1179/CLEF2013wn-ImageCLEF-OzturkmenogluEt2013.pdf');
INSERT INTO Write (AuthorID, PaperID) VALUES (344, 3062);
INSERT INTO Paper (PaperID, Title, Year, MDate, Key, DOI) VALUES (3436, 'DEMIR at ImageCLEFMed 2011: Evaluation of Fusion Techniques for Multimodal Content-based Medical Image Retrieval.', 2011, '2014-09-24', 'conf/clef/AlpkocakOBVH11', 'http://www.clef-initiative.eu/documents/71612/86377/CLEF2011wn-ImageCLEF-AlpkocakEt2011.pdf');
INSERT INTO Write (AuthorID, PaperID) VALUES (344, 3436);
INSERT INTO Author (AuthorID, Name) VALUES (345, 'Erik M. van Mulligen');
INSERT INTO Paper (PaperID, Title, Year, MDate, Key, DOI) VALUES (242, 'Erasmus MC at CLEF eHealth 2016: Concept Recognition and Coding in French Texts.', 2016, '2016-08-11', 'conf/clef/MulligenAAVK16', 'http://ceur-ws.org/Vol-1609/16090171.pdf');
INSERT INTO Write (AuthorID, PaperID) VALUES (345, 242);
INSERT INTO Paper (PaperID, Title, Year, MDate, Key, DOI) VALUES (672, 'Multilingual Semantic Resources and Parallel Corpora in the Biomedical Domain: the CLEF-ER Challenge.', 2013, '2018-02-13', 'conf/clef/Rebholz-SchuhmannCRKMBHLMPJHK13a', 'http://ceur-ws.org/Vol-1179/CLEF2013wn-CLEFER-Rebholz-SchuhmannEt2013.pdf');
INSERT INTO Write (AuthorID, PaperID) VALUES (345, 672);
INSERT INTO Paper (PaperID, Title, Year, MDate, Key, DOI) VALUES (891, 'Concept Recognition in French Biomedical Text Using Automatic Translation.', 2016, '2017-05-24', 'conf/clef/AfzalAHMK15a', 'https://doi.org/10.1007/978-3-319-44564-9_13');
INSERT INTO Write (AuthorID, PaperID) VALUES (345, 891);
INSERT INTO Paper (PaperID, Title, Year, MDate, Key, DOI) VALUES (1412, 'Entity Recognition in Parallel Multi-lingual Biomedical Corpora: The CLEF-ER Laboratory Overview.', 2013, '2018-11-14', 'conf/clef/Rebholz-SchuhmannCRKMBHLMPJHK13', 'https://www.wikidata.org/entity/Q56509209');
INSERT INTO Write (AuthorID, PaperID) VALUES (345, 1412);
INSERT INTO Paper (PaperID, Title, Year, MDate, Key, DOI) VALUES (1454, 'Biomedical Concept Recognition in French Text Using Automatic Translation of English Terms.', 2015, '2015-09-03', 'conf/clef/AfzalAHMK15', 'http://ceur-ws.org/Vol-1391/36-CR.pdf');
INSERT INTO Write (AuthorID, PaperID) VALUES (345, 1454);
INSERT INTO Paper (PaperID, Title, Year, MDate, Key, DOI) VALUES (2350, 'Creating Multilingual Gold Standard Corpora for Biomedical Concept Recognition.', 2013, '2014-09-10', 'conf/clef/KorsCAMR13', 'http://ceur-ws.org/Vol-1179/CLEF2013wn-CLEFER-KorsEt2013.pdf');
INSERT INTO Write (AuthorID, PaperID) VALUES (345, 2350);
INSERT INTO Paper (PaperID, Title, Year, MDate, Key, DOI) VALUES (3034, 'Machine Translation of Bio-Thesauri.', 2013, '2014-09-10', 'conf/clef/MulligenBK13', 'http://ceur-ws.org/Vol-1179/CLEF2013wn-CLEFER-vanMulligenEt2013.pdf');
INSERT INTO Write (AuthorID, PaperID) VALUES (345, 3034);
INSERT INTO Author (AuthorID, Name) VALUES (346, 'D&aacute;vid Sikl&oacute;si');
INSERT INTO Write (AuthorID, PaperID) VALUES (346, 1054);
INSERT INTO Write (AuthorID, PaperID) VALUES (346, 1401);
INSERT INTO Write (AuthorID, PaperID) VALUES (346, 1702);
INSERT INTO Write (AuthorID, PaperID) VALUES (346, 1746);
INSERT INTO Write (AuthorID, PaperID) VALUES (346, 2056);
INSERT INTO Write (AuthorID, PaperID) VALUES (346, 2235);
INSERT INTO Write (AuthorID, PaperID) VALUES (346, 2259);
INSERT INTO Author (AuthorID, Name) VALUES (347, 'Christof Monz');
INSERT INTO Write (AuthorID, PaperID) VALUES (347, 31);
INSERT INTO Write (AuthorID, PaperID) VALUES (347, 48);
INSERT INTO Write (AuthorID, PaperID) VALUES (347, 379);
INSERT INTO Write (AuthorID, PaperID) VALUES (347, 2551);
INSERT INTO Write (AuthorID, PaperID) VALUES (347, 2631);
INSERT INTO Paper (PaperID, Title, Year, MDate, Key, DOI) VALUES (2788, 'Statistical Machine Translation and Cross-Language IR: QMUL at CLEF 2006.', 2006, '2014-08-15', 'conf/clef/Monz06', 'http://ceur-ws.org/Vol-1172/CLEF2006wn-adhoc-Monz2006.pdf');
INSERT INTO Write (AuthorID, PaperID) VALUES (347, 2788);
INSERT INTO Write (AuthorID, PaperID) VALUES (347, 2957);
INSERT INTO Author (AuthorID, Name) VALUES (348, 'Esther de Ves');
INSERT INTO Write (AuthorID, PaperID) VALUES (348, 209);
INSERT INTO Write (AuthorID, PaperID) VALUES (348, 851);
INSERT INTO Write (AuthorID, PaperID) VALUES (348, 996);
INSERT INTO Write (AuthorID, PaperID) VALUES (348, 1820);
INSERT INTO Write (AuthorID, PaperID) VALUES (348, 2198);
INSERT INTO Write (AuthorID, PaperID) VALUES (348, 2621);
INSERT INTO Write (AuthorID, PaperID) VALUES (348, 3035);
INSERT INTO Author (AuthorID, Name) VALUES (349, 'Chiraz Latiri');
INSERT INTO Write (AuthorID, PaperID) VALUES (349, 84);
INSERT INTO Paper (PaperID, Title, Year, MDate, Key, DOI) VALUES (658, 'Tweet Contextualization Using Association Rules Mining and DBpedia.', 2015, '2017-05-24', 'conf/clef/ZinglaLS15', 'https://doi.org/10.1007/978-3-319-24027-5_35');
INSERT INTO Write (AuthorID, PaperID) VALUES (349, 658);
INSERT INTO Write (AuthorID, PaperID) VALUES (349, 1806);
INSERT INTO Paper (PaperID, Title, Year, MDate, Key, DOI) VALUES (1843, 'Opinion Polarity Detection in Twitter Data combining Sequence Mining and Topic Modeling.', 2017, '2017-08-15', 'conf/clef/OuertataniL17', 'http://ceur-ws.org/Vol-1866/paper_121.pdf');
INSERT INTO Write (AuthorID, PaperID) VALUES (349, 1843);
INSERT INTO Write (AuthorID, PaperID) VALUES (349, 1975);
INSERT INTO Paper (PaperID, Title, Year, MDate, Key, DOI) VALUES (2738, 'Microblog Search Task at CLEF 2017: Query Generation using IR and LDA Topic Modeling Combination.', 2017, '2017-08-15', 'conf/clef/HajjemL17', 'http://ceur-ws.org/Vol-1866/paper_123.pdf');
INSERT INTO Write (AuthorID, PaperID) VALUES (349, 2738);
INSERT INTO Paper (PaperID, Title, Year, MDate, Key, DOI) VALUES (3218, 'Opinion Argumentation based on Combined Information Retrieval and Topic Modeling.', 2018, '2018-08-08', 'conf/clef/SendiL18', 'http://ceur-ws.org/Vol-2125/paper_214.pdf');
INSERT INTO Write (AuthorID, PaperID) VALUES (349, 3218);
INSERT INTO Author (AuthorID, Name) VALUES (350, 'Nicola Orio');
INSERT INTO Write (AuthorID, PaperID) VALUES (350, 193);
INSERT INTO Write (AuthorID, PaperID) VALUES (350, 247);
INSERT INTO Paper (PaperID, Title, Year, MDate, Key, DOI) VALUES (490, 'MusiClef: Multimodal Music Tagging Task.', 2012, '2017-05-24', 'conf/clef/OrioLPS12', 'https://doi.org/10.1007/978-3-642-33247-0_5');
INSERT INTO Write (AuthorID, PaperID) VALUES (350, 490);
INSERT INTO Write (AuthorID, PaperID) VALUES (350, 875);
INSERT INTO Paper (PaperID, Title, Year, MDate, Key, DOI) VALUES (1138, 'University of Padua at MusiCLEF 2011: Music Identification Task.', 2011, '2014-09-24', 'conf/clef/BuccioMO11', 'http://www.clef-initiative.eu/documents/71612/86377/CLEF2011wn-MusiCLEF-Di_BuccioEt2011.pdf');
INSERT INTO Write (AuthorID, PaperID) VALUES (350, 1138);
INSERT INTO Write (AuthorID, PaperID) VALUES (350, 2176);
INSERT INTO Paper (PaperID, Title, Year, MDate, Key, DOI) VALUES (2432, 'Overview of MusiCLEF 2011.', 2011, '2014-09-24', 'conf/clef/OrioR11', 'http://www.clef-initiative.eu/documents/71612/86377/CLEF2011wn-MusiCLEF-OrioEt2011.pdf');
INSERT INTO Write (AuthorID, PaperID) VALUES (350, 2432);
INSERT INTO Author (AuthorID, Name) VALUES (351, 'Claudia Hauff');
INSERT INTO Write (AuthorID, PaperID) VALUES (351, 169);
INSERT INTO Write (AuthorID, PaperID) VALUES (351, 994);
INSERT INTO Paper (PaperID, Title, Year, MDate, Key, DOI) VALUES (1090, 'University of Twente at GeoCLEF 2006: Geofiltered Document Retrieval.', 2006, '2017-05-24', 'conf/clef/HauffTR06', 'https://doi.org/10.1007/978-3-540-74999-8_123');
INSERT INTO Write (AuthorID, PaperID) VALUES (351, 1090);
INSERT INTO Write (AuthorID, PaperID) VALUES (351, 2004);
INSERT INTO Write (AuthorID, PaperID) VALUES (351, 2505);
INSERT INTO Paper (PaperID, Title, Year, MDate, Key, DOI) VALUES (2568, 'University of Twente at GeoCLEF 2006: Geofiltered Document Retrieval.', 2006, '2014-08-15', 'conf/clef/HauffTR06a', 'http://ceur-ws.org/Vol-1172/CLEF2006wn-GeoCLEF-HauffEt2006.pdf');
INSERT INTO Write (AuthorID, PaperID) VALUES (351, 2568);
INSERT INTO Write (AuthorID, PaperID) VALUES (351, 2605);
INSERT INTO Author (AuthorID, Name) VALUES (352, 'M&aacute;ty&aacute;s Brendel');
INSERT INTO Write (AuthorID, PaperID) VALUES (352, 71);
INSERT INTO Write (AuthorID, PaperID) VALUES (352, 1044);
INSERT INTO Write (AuthorID, PaperID) VALUES (352, 1054);
INSERT INTO Write (AuthorID, PaperID) VALUES (352, 1401);
INSERT INTO Write (AuthorID, PaperID) VALUES (352, 1702);
INSERT INTO Write (AuthorID, PaperID) VALUES (352, 2056);
INSERT INTO Write (AuthorID, PaperID) VALUES (352, 3378);
INSERT INTO Author (AuthorID, Name) VALUES (353, 'Mario Lasseck');
INSERT INTO Paper (PaperID, Title, Year, MDate, Key, DOI) VALUES (455, 'Improving Bird Identification using Multiresolution Template Matching and Feature Selection during Training.', 2016, '2016-08-11', 'conf/clef/Lasseck16', 'http://ceur-ws.org/Vol-1609/16090490.pdf');
INSERT INTO Write (AuthorID, PaperID) VALUES (353, 455);
INSERT INTO Paper (PaperID, Title, Year, MDate, Key, DOI) VALUES (511, 'Machines vs. Human Experts: Contribution to the ExpertLifeCLEF 2018 Plant Identification Task.', 2018, '2018-08-08', 'conf/clef/Lasseck18a', 'http://ceur-ws.org/Vol-2125/paper_151.pdf');
INSERT INTO Write (AuthorID, PaperID) VALUES (353, 511);
INSERT INTO Paper (PaperID, Title, Year, MDate, Key, DOI) VALUES (1009, 'Improved Automatic Bird Identification through Decision Tree based Feature Selection and Bagging.', 2015, '2015-09-03', 'conf/clef/Lasseck15a', 'http://ceur-ws.org/Vol-1391/160-CR.pdf');
INSERT INTO Write (AuthorID, PaperID) VALUES (353, 1009);
INSERT INTO Paper (PaperID, Title, Year, MDate, Key, DOI) VALUES (1217, 'Image-based Plant Species Identification with Deep Convolutional Neural Networks.', 2017, '2017-08-15', 'conf/clef/Lasseck17', 'http://ceur-ws.org/Vol-1866/paper_174.pdf');
INSERT INTO Write (AuthorID, PaperID) VALUES (353, 1217);
INSERT INTO Paper (PaperID, Title, Year, MDate, Key, DOI) VALUES (2206, 'Towards Automatic Large-Scale Identification of Birds in Audio Recordings.', 2015, '2017-05-24', 'conf/clef/Lasseck15', 'https://doi.org/10.1007/978-3-319-24027-5_39');
INSERT INTO Write (AuthorID, PaperID) VALUES (353, 2206);
INSERT INTO Paper (PaperID, Title, Year, MDate, Key, DOI) VALUES (2481, 'Large-scale Identification of Birds in Audio Recordings.', 2014, '2014-09-10', 'conf/clef/Lasseck14', 'http://ceur-ws.org/Vol-1180/CLEF2014wn-Life-Lasseck2014.pdf');
INSERT INTO Write (AuthorID, PaperID) VALUES (353, 2481);
INSERT INTO Paper (PaperID, Title, Year, MDate, Key, DOI) VALUES (3448, 'Audio-based Bird Species Identification with Deep Convolutional Neural Networks.', 2018, '2018-08-08', 'conf/clef/Lasseck18', 'http://ceur-ws.org/Vol-2125/paper_140.pdf');
INSERT INTO Write (AuthorID, PaperID) VALUES (353, 3448);
INSERT INTO Author (AuthorID, Name) VALUES (354, 'Mark M. Hall');
INSERT INTO Write (AuthorID, PaperID) VALUES (354, 429);
INSERT INTO Write (AuthorID, PaperID) VALUES (354, 507);
INSERT INTO Write (AuthorID, PaperID) VALUES (354, 1437);
INSERT INTO Write (AuthorID, PaperID) VALUES (354, 1546);
INSERT INTO Write (AuthorID, PaperID) VALUES (354, 2460);
INSERT INTO Write (AuthorID, PaperID) VALUES (354, 2530);
INSERT INTO Paper (PaperID, Title, Year, MDate, Key, DOI) VALUES (2589, 'The CHiC Interactive Task (CHiCi) at CLEF2013.', 2013, '2014-09-10', 'conf/clef/TomsH13', 'http://ceur-ws.org/Vol-1179/CLEF2013wn-CHiC-TomsEt2013.pdf');
INSERT INTO Write (AuthorID, PaperID) VALUES (354, 2589);
INSERT INTO Author (AuthorID, Name) VALUES (355, 'Ismael Garc&iacute;a-Varea');
INSERT INTO Write (AuthorID, PaperID) VALUES (355, 77);
INSERT INTO Write (AuthorID, PaperID) VALUES (355, 138);
INSERT INTO Write (AuthorID, PaperID) VALUES (355, 430);
INSERT INTO Write (AuthorID, PaperID) VALUES (355, 537);
INSERT INTO Write (AuthorID, PaperID) VALUES (355, 874);
INSERT INTO Write (AuthorID, PaperID) VALUES (355, 1068);
INSERT INTO Write (AuthorID, PaperID) VALUES (355, 2046);
INSERT INTO Author (AuthorID, Name) VALUES (356, 'Jan A. Kors');
INSERT INTO Write (AuthorID, PaperID) VALUES (356, 242);
INSERT INTO Write (AuthorID, PaperID) VALUES (356, 672);
INSERT INTO Write (AuthorID, PaperID) VALUES (356, 891);
INSERT INTO Write (AuthorID, PaperID) VALUES (356, 1412);
INSERT INTO Write (AuthorID, PaperID) VALUES (356, 1454);
INSERT INTO Write (AuthorID, PaperID) VALUES (356, 2350);
INSERT INTO Write (AuthorID, PaperID) VALUES (356, 3034);
INSERT INTO Author (AuthorID, Name) VALUES (357, 'Mark Michael Hall');
INSERT INTO Write (AuthorID, PaperID) VALUES (357, 675);
INSERT INTO Write (AuthorID, PaperID) VALUES (357, 1245);
INSERT INTO Paper (PaperID, Title, Year, MDate, Key, DOI) VALUES (1678, 'Building a Common Framework for IIR Evaluation.', 2013, '2017-06-02', 'conf/clef/HallT13', 'https://doi.org/10.1007/978-3-642-40802-1_3');
INSERT INTO Write (AuthorID, PaperID) VALUES (357, 1678);
INSERT INTO Write (AuthorID, PaperID) VALUES (357, 2939);
INSERT INTO Write (AuthorID, PaperID) VALUES (357, 2975);
INSERT INTO Write (AuthorID, PaperID) VALUES (357, 3370);
INSERT INTO Write (AuthorID, PaperID) VALUES (357, 3456);
INSERT INTO Author (AuthorID, Name) VALUES (358, 'Liang He 0001');
INSERT INTO Write (AuthorID, PaperID) VALUES (358, 412);
INSERT INTO Write (AuthorID, PaperID) VALUES (358, 608);
INSERT INTO Write (AuthorID, PaperID) VALUES (358, 1405);
INSERT INTO Write (AuthorID, PaperID) VALUES (358, 1512);
INSERT INTO Write (AuthorID, PaperID) VALUES (358, 2100);
INSERT INTO Write (AuthorID, PaperID) VALUES (358, 2386);
INSERT INTO Write (AuthorID, PaperID) VALUES (358, 2984);
INSERT INTO Author (AuthorID, Name) VALUES (359, 'Frank Hopfgartner');
INSERT INTO Write (AuthorID, PaperID) VALUES (359, 126);
INSERT INTO Write (AuthorID, PaperID) VALUES (359, 829);
INSERT INTO Write (AuthorID, PaperID) VALUES (359, 1093);
INSERT INTO Write (AuthorID, PaperID) VALUES (359, 1104);
INSERT INTO Write (AuthorID, PaperID) VALUES (359, 1320);
INSERT INTO Write (AuthorID, PaperID) VALUES (359, 1609);
INSERT INTO Write (AuthorID, PaperID) VALUES (359, 2909);
INSERT INTO Author (AuthorID, Name) VALUES (360, 'Alexandru-Lucian G&icirc;nsca');
INSERT INTO Write (AuthorID, PaperID) VALUES (360, 447);
INSERT INTO Write (AuthorID, PaperID) VALUES (360, 605);
INSERT INTO Write (AuthorID, PaperID) VALUES (360, 1731);
INSERT INTO Write (AuthorID, PaperID) VALUES (360, 2465);
INSERT INTO Write (AuthorID, PaperID) VALUES (360, 3086);
INSERT INTO Write (AuthorID, PaperID) VALUES (360, 3126);
INSERT INTO Write (AuthorID, PaperID) VALUES (360, 3397);
INSERT INTO Author (AuthorID, Name) VALUES (361, 'Peter Sch&auml;uble');
INSERT INTO Write (AuthorID, PaperID) VALUES (361, 1030);
INSERT INTO Write (AuthorID, PaperID) VALUES (361, 2165);
INSERT INTO Write (AuthorID, PaperID) VALUES (361, 2229);
INSERT INTO Write (AuthorID, PaperID) VALUES (361, 2496);
INSERT INTO Write (AuthorID, PaperID) VALUES (361, 2541);
INSERT INTO Write (AuthorID, PaperID) VALUES (361, 2723);
INSERT INTO Write (AuthorID, PaperID) VALUES (361, 2960);
INSERT INTO Author (AuthorID, Name) VALUES (362, 'Ville T. Turunen');
INSERT INTO Write (AuthorID, PaperID) VALUES (362, 9);
INSERT INTO Write (AuthorID, PaperID) VALUES (362, 258);
INSERT INTO Write (AuthorID, PaperID) VALUES (362, 359);
INSERT INTO Write (AuthorID, PaperID) VALUES (362, 831);
INSERT INTO Write (AuthorID, PaperID) VALUES (362, 1131);
INSERT INTO Write (AuthorID, PaperID) VALUES (362, 2387);
INSERT INTO Write (AuthorID, PaperID) VALUES (362, 3220);
INSERT INTO Author (AuthorID, Name) VALUES (363, 'Sven Koitka');
INSERT INTO Write (AuthorID, PaperID) VALUES (363, 245);
INSERT INTO Write (AuthorID, PaperID) VALUES (363, 677);
INSERT INTO Write (AuthorID, PaperID) VALUES (363, 1190);
INSERT INTO Write (AuthorID, PaperID) VALUES (363, 1404);
INSERT INTO Write (AuthorID, PaperID) VALUES (363, 1710);
INSERT INTO Write (AuthorID, PaperID) VALUES (363, 2291);
INSERT INTO Write (AuthorID, PaperID) VALUES (363, 3424);
INSERT INTO Author (AuthorID, Name) VALUES (364, 'Constantin Orasan');
INSERT INTO Write (AuthorID, PaperID) VALUES (364, 110);
INSERT INTO Write (AuthorID, PaperID) VALUES (364, 268);
INSERT INTO Write (AuthorID, PaperID) VALUES (364, 730);
INSERT INTO Write (AuthorID, PaperID) VALUES (364, 814);
INSERT INTO Write (AuthorID, PaperID) VALUES (364, 2545);
INSERT INTO Write (AuthorID, PaperID) VALUES (364, 2879);
INSERT INTO Write (AuthorID, PaperID) VALUES (364, 3050);
INSERT INTO Author (AuthorID, Name) VALUES (365, 'Michael Tschuggnall');
INSERT INTO Write (AuthorID, PaperID) VALUES (365, 109);
INSERT INTO Write (AuthorID, PaperID) VALUES (365, 372);
INSERT INTO Paper (PaperID, Title, Year, MDate, Key, DOI) VALUES (1957, 'Dynamic Parameter Search for Cross-Domain Authorship Attribution: Notebook for PAN at CLEF 2018.', 2018, '2018-08-08', 'conf/clef/MurauerTS18', 'http://ceur-ws.org/Vol-2125/paper_84.pdf');
INSERT INTO Write (AuthorID, PaperID) VALUES (365, 1957);
INSERT INTO Write (AuthorID, PaperID) VALUES (365, 2544);
INSERT INTO Write (AuthorID, PaperID) VALUES (365, 2578);
INSERT INTO Write (AuthorID, PaperID) VALUES (365, 3404);
INSERT INTO Write (AuthorID, PaperID) VALUES (365, 3482);
INSERT INTO Author (AuthorID, Name) VALUES (366, 'Sisay Fissaha Adafre');
INSERT INTO Paper (PaperID, Title, Year, MDate, Key, DOI) VALUES (314, 'Dublin City University at WebCLEF 2007.', 2007, '2014-09-23', 'conf/clef/Adafre07', 'http://ceur-ws.org/Vol-1173/CLEF2007wn-WebCLEF-Adafre2007.pdf');
INSERT INTO Write (AuthorID, PaperID) VALUES (366, 314);
INSERT INTO Paper (PaperID, Title, Year, MDate, Key, DOI) VALUES (778, 'Dublin City University at QA@CLEF 2008.', 2008, '2017-05-24', 'conf/clef/AdafreG08', 'https://doi.org/10.1007/978-3-642-04447-2_41');
INSERT INTO Write (AuthorID, PaperID) VALUES (366, 778);
INSERT INTO Write (AuthorID, PaperID) VALUES (366, 1354);
INSERT INTO Write (AuthorID, PaperID) VALUES (366, 2500);
INSERT INTO Write (AuthorID, PaperID) VALUES (366, 2596);
INSERT INTO Write (AuthorID, PaperID) VALUES (366, 2614);
INSERT INTO Paper (PaperID, Title, Year, MDate, Key, DOI) VALUES (2701, 'Dublin City University at QA@CLEF 2008.', 2008, '2014-09-29', 'conf/clef/AdafreG08a', 'http://ceur-ws.org/Vol-1174/CLEF2008wn-QACLEF-AdafreEt2008.pdf');
INSERT INTO Write (AuthorID, PaperID) VALUES (366, 2701);
INSERT INTO Author (AuthorID, Name) VALUES (367, 'Antonio Moreno-Sandoval');
INSERT INTO Write (AuthorID, PaperID) VALUES (367, 448);
INSERT INTO Write (AuthorID, PaperID) VALUES (367, 469);
INSERT INTO Write (AuthorID, PaperID) VALUES (367, 1231);
INSERT INTO Write (AuthorID, PaperID) VALUES (367, 1278);
INSERT INTO Write (AuthorID, PaperID) VALUES (367, 1669);
INSERT INTO Write (AuthorID, PaperID) VALUES (367, 2212);
INSERT INTO Write (AuthorID, PaperID) VALUES (367, 3046);
INSERT INTO Author (AuthorID, Name) VALUES (368, 'Malvina Nissim');
INSERT INTO Paper (PaperID, Title, Year, MDate, Key, DOI) VALUES (11, 'Answer Translation: An Alternative Approach to Cross-Lingual Question Answering.', 2006, '2017-05-24', 'conf/clef/BosN06', 'https://doi.org/10.1007/978-3-540-74999-8_36');
INSERT INTO Write (AuthorID, PaperID) VALUES (368, 11);
INSERT INTO Paper (PaperID, Title, Year, MDate, Key, DOI) VALUES (294, 'GronUP: Groningen User Profiling.', 2016, '2016-08-11', 'conf/clef/VollenbroekCKMP16', 'http://ceur-ws.org/Vol-1609/16090846.pdf');
INSERT INTO Write (AuthorID, PaperID) VALUES (368, 294);
INSERT INTO Paper (PaperID, Title, Year, MDate, Key, DOI) VALUES (947, 'N-GrAM: New Groningen Author-profiling Model.', 2017, '2017-08-15', 'conf/clef/BasileDMRHN17', 'http://ceur-ws.org/Vol-1866/paper_71.pdf');
INSERT INTO Write (AuthorID, PaperID) VALUES (368, 947);
INSERT INTO Paper (PaperID, Title, Year, MDate, Key, DOI) VALUES (1513, 'Cross-Lingual Question Answering by Answer Translation.', 2006, '2014-08-15', 'conf/clef/BosN06a', 'http://ceur-ws.org/Vol-1172/CLEF2006wn-QACLEF-BosEt2006.pdf');
INSERT INTO Write (AuthorID, PaperID) VALUES (368, 1513);
INSERT INTO Paper (PaperID, Title, Year, MDate, Key, DOI) VALUES (1826, 'Simply the Best: Minimalist System Trumps Complex Models in Author Profiling.', 2017, '2018-09-13', 'conf/clef/BasileDMRHN17a', 'https://doi.org/10.1007/978-3-319-98932-7_14');
INSERT INTO Write (AuthorID, PaperID) VALUES (368, 1826);
INSERT INTO Paper (PaperID, Title, Year, MDate, Key, DOI) VALUES (2160, 'GLAD: Groningen Lightweight Authorship Detection.', 2015, '2015-09-03', 'conf/clef/HurlimannWBSN15', 'http://ceur-ws.org/Vol-1391/141-CR.pdf');
INSERT INTO Write (AuthorID, PaperID) VALUES (368, 2160);
INSERT INTO Paper (PaperID, Title, Year, MDate, Key, DOI) VALUES (2163, 'An Analysis of Cross-Genre and In-Genre Performance for Author Profiling in Social Media.', 2017, '2017-08-31', 'conf/clef/MedvedevaHN17', 'https://doi.org/10.1007/978-3-319-65813-1_21');
INSERT INTO Write (AuthorID, PaperID) VALUES (368, 2163);
INSERT INTO Author (AuthorID, Name) VALUES (369, 'Jorge Carrillo de Albornoz');
INSERT INTO Write (AuthorID, PaperID) VALUES (369, 299);
INSERT INTO Write (AuthorID, PaperID) VALUES (369, 505);
INSERT INTO Paper (PaperID, Title, Year, MDate, Key, DOI) VALUES (1389, 'A Proposal for New Evaluation Metrics and Result Visualization Technique for Sentiment Analysis Tasks.', 2013, '2017-06-02', 'conf/clef/Valverde-AlbaceteAP13', 'https://doi.org/10.1007/978-3-642-40802-1_5');
INSERT INTO Write (AuthorID, PaperID) VALUES (369, 1389);
INSERT INTO Write (AuthorID, PaperID) VALUES (369, 2648);
INSERT INTO Write (AuthorID, PaperID) VALUES (369, 2931);
INSERT INTO Write (AuthorID, PaperID) VALUES (369, 3039);
INSERT INTO Write (AuthorID, PaperID) VALUES (369, 3121);
INSERT INTO Author (AuthorID, Name) VALUES (370, 'Xing Xie 0001');
INSERT INTO Write (AuthorID, PaperID) VALUES (370, 353);
INSERT INTO Write (AuthorID, PaperID) VALUES (370, 564);
INSERT INTO Write (AuthorID, PaperID) VALUES (370, 1008);
INSERT INTO Write (AuthorID, PaperID) VALUES (370, 1298);
INSERT INTO Write (AuthorID, PaperID) VALUES (370, 2797);
INSERT INTO Write (AuthorID, PaperID) VALUES (370, 2820);
INSERT INTO Write (AuthorID, PaperID) VALUES (370, 3521);
INSERT INTO Author (AuthorID, Name) VALUES (371, 'Benedikt Fischer');
INSERT INTO Write (AuthorID, PaperID) VALUES (371, 992);
INSERT INTO Write (AuthorID, PaperID) VALUES (371, 1036);
INSERT INTO Write (AuthorID, PaperID) VALUES (371, 1197);
INSERT INTO Write (AuthorID, PaperID) VALUES (371, 2009);
INSERT INTO Write (AuthorID, PaperID) VALUES (371, 2140);
INSERT INTO Write (AuthorID, PaperID) VALUES (371, 3128);
INSERT INTO Write (AuthorID, PaperID) VALUES (371, 3297);
INSERT INTO Author (AuthorID, Name) VALUES (372, 'Stefan Conrad 0001');
INSERT INTO Paper (PaperID, Title, Year, MDate, Key, DOI) VALUES (451, 'A Set-Based Approach to Plagiarism Detection.', 2012, '2014-12-22', 'conf/clef/KuppersC12', 'http://www.clef-initiative.eu/documents/71612/3e997692-3518-4cc9-b9db-c93f25481f26');
INSERT INTO Write (AuthorID, PaperID) VALUES (372, 451);
INSERT INTO Paper (PaperID, Title, Year, MDate, Key, DOI) VALUES (688, 'Exploring the Effects of Cross-Genre Machine Learning for Author Profiling in PAN 2016.', 2016, '2016-08-11', 'conf/clef/ModaresiL016', 'http://ceur-ws.org/Vol-1609/16090970.pdf');
INSERT INTO Write (AuthorID, PaperID) VALUES (372, 688);
INSERT INTO Paper (PaperID, Title, Year, MDate, Key, DOI) VALUES (2117, 'Feature-Based Approach for Severity Scoring of Lung Tuberculosis from CT Images.', 2018, '2018-08-08', 'conf/clef/BogomasovHKT018', 'http://ceur-ws.org/Vol-2125/paper_154.pdf');
INSERT INTO Write (AuthorID, PaperID) VALUES (372, 2117);
INSERT INTO Paper (PaperID, Title, Year, MDate, Key, DOI) VALUES (2290, 'Evaluating Safety, Soundness and Sensibleness of Obfuscation Systems.', 2016, '2016-08-11', 'conf/clef/LiebeckM016', 'http://ceur-ws.org/Vol-1609/16090920.pdf');
INSERT INTO Write (AuthorID, PaperID) VALUES (372, 2290);
INSERT INTO Paper (PaperID, Title, Year, MDate, Key, DOI) VALUES (2790, 'Convolutional Neural Networks for Multidrug-resistant and Drug-sensitive Tuberculosis Distinction.', 2017, '2017-08-15', 'conf/clef/0002ST017', 'http://ceur-ws.org/Vol-1866/paper_150.pdf');
INSERT INTO Write (AuthorID, PaperID) VALUES (372, 2790);
INSERT INTO Paper (PaperID, Title, Year, MDate, Key, DOI) VALUES (2829, 'Detection of Multidrug-resistant Tuberculosis using Convolutional Neural Networks and Decision Trees.', 2018, '2018-08-08', 'conf/clef/Tatusch018', 'http://ceur-ws.org/Vol-2125/paper_125.pdf');
INSERT INTO Write (AuthorID, PaperID) VALUES (372, 2829);
INSERT INTO Paper (PaperID, Title, Year, MDate, Key, DOI) VALUES (3149, 'DBRIS at ImageCLEF 2012 Photo Annotation Task.', 2012, '2014-12-22', 'conf/clef/RischkaC12', 'http://www.clef-initiative.eu/documents/71612/e5e0f7fb-7995-4f2e-9de6-f4dbaa6eadfa');
INSERT INTO Write (AuthorID, PaperID) VALUES (372, 3149);
INSERT INTO Author (AuthorID, Name) VALUES (373, 'Laura Monceaux');
INSERT INTO Paper (PaperID, Title, Year, MDate, Key, DOI) VALUES (220, 'The Answer Validation System ProdicosAV.', 2008, '2014-09-29', 'conf/clef/JacquinMD08a', 'http://ceur-ws.org/Vol-1174/CLEF2008wn-QACLEF-JacquinEt2008.pdf');
INSERT INTO Write (AuthorID, PaperID) VALUES (373, 220);
INSERT INTO Write (AuthorID, PaperID) VALUES (373, 601);
INSERT INTO Write (AuthorID, PaperID) VALUES (373, 1940);
INSERT INTO Paper (PaperID, Title, Year, MDate, Key, DOI) VALUES (1982, 'The Query Answering System PRODICOS.', 2005, '2017-05-24', 'conf/clef/MonceauxJD05', 'https://doi.org/10.1007/11878773_59');
INSERT INTO Write (AuthorID, PaperID) VALUES (373, 1982);
INSERT INTO Paper (PaperID, Title, Year, MDate, Key, DOI) VALUES (2591, 'Prodicos Experiment Feedback for QA@CLEF2006.', 2006, '2014-08-15', 'conf/clef/DesmontilsJM06a', 'http://ceur-ws.org/Vol-1172/CLEF2006wn-QACLEF-DesmontilsEt2006.pdf');
INSERT INTO Write (AuthorID, PaperID) VALUES (373, 2591);
INSERT INTO Paper (PaperID, Title, Year, MDate, Key, DOI) VALUES (2866, 'Question Types Specification for the Use of Specialized Patterns in Prodicos System.', 2006, '2017-05-24', 'conf/clef/DesmontilsJM06', 'https://doi.org/10.1007/978-3-540-74999-8_35');
INSERT INTO Write (AuthorID, PaperID) VALUES (373, 2866);
INSERT INTO Paper (PaperID, Title, Year, MDate, Key, DOI) VALUES (3178, 'The Answer Validation System ProdicosAV Dedicated to French.', 2008, '2017-05-24', 'conf/clef/JacquinMD08', 'https://doi.org/10.1007/978-3-642-04447-2_54');
INSERT INTO Write (AuthorID, PaperID) VALUES (373, 3178);
INSERT INTO Author (AuthorID, Name) VALUES (374, 'Dietrich Rebholz-Schuhmann');
INSERT INTO Write (AuthorID, PaperID) VALUES (374, 672);
INSERT INTO Write (AuthorID, PaperID) VALUES (374, 1412);
INSERT INTO Paper (PaperID, Title, Year, MDate, Key, DOI) VALUES (2102, 'An Evaluation of the Concept Retrieval Annotation for Spanish-English CLEFER Parallel Corpora.', 2013, '2014-09-10', 'conf/clef/LlavoriJCR13a', 'http://ceur-ws.org/Vol-1179/CLEF2013wn-CLEFER-BerlangaEt2013.pdf');
INSERT INTO Write (AuthorID, PaperID) VALUES (374, 2102);
INSERT INTO Paper (PaperID, Title, Year, MDate, Key, DOI) VALUES (2343, 'Context-Dependent Semantic Annotation in Cross-Lingual Biomedical Resources.', 2013, '2017-06-02', 'conf/clef/LlavoriJCR13', 'https://doi.org/10.1007/978-3-642-40802-1_15');
INSERT INTO Write (AuthorID, PaperID) VALUES (374, 2343);
INSERT INTO Write (AuthorID, PaperID) VALUES (374, 2350);
INSERT INTO Paper (PaperID, Title, Year, MDate, Key, DOI) VALUES (2906, 'Exploiting BabelNet for Multilingual Biomedical Synonym Expansion.', 2013, '2018-02-13', 'conf/clef/ClematideDRR13', 'http://ceur-ws.org/Vol-1179/CLEF2013wn-CLEFER-ClematideEt2013.pdf');
INSERT INTO Write (AuthorID, PaperID) VALUES (374, 2906);
INSERT INTO Write (AuthorID, PaperID) VALUES (374, 3068);
INSERT INTO Author (AuthorID, Name) VALUES (375, 'Vassili Kovalev');
INSERT INTO Write (AuthorID, PaperID) VALUES (375, 366);
INSERT INTO Write (AuthorID, PaperID) VALUES (375, 383);
INSERT INTO Write (AuthorID, PaperID) VALUES (375, 743);
INSERT INTO Write (AuthorID, PaperID) VALUES (375, 870);
INSERT INTO Paper (PaperID, Title, Year, MDate, Key, DOI) VALUES (1023, 'ImageCLEF 2017: Supervoxels and Co-occurrence for Tuberculosis CT Image Classification.', 2017, '2017-08-15', 'conf/clef/LiauchukK17', 'http://ceur-ws.org/Vol-1866/paper_146.pdf');
INSERT INTO Write (AuthorID, PaperID) VALUES (375, 1023);
INSERT INTO Paper (PaperID, Title, Year, MDate, Key, DOI) VALUES (2282, 'United Institute of Informatics - Problems at CLEF 2009 Medical Image Retrieval Task.', 2009, '2014-09-29', 'conf/clef/KovalevSDP09', 'http://ceur-ws.org/Vol-1175/CLEF2009wn-ImageCLEF-KovalevEt2009.pdf');
INSERT INTO Write (AuthorID, PaperID) VALUES (375, 2282);
INSERT INTO Paper (PaperID, Title, Year, MDate, Key, DOI) VALUES (3502, 'ImageCLEF 2018: Lesion-based TB-descriptor for CT Image Analysis.', 2018, '2018-08-08', 'conf/clef/LiauchukTSKGR18', 'http://ceur-ws.org/Vol-2125/paper_70.pdf');
INSERT INTO Write (AuthorID, PaperID) VALUES (375, 3502);
INSERT INTO Author (AuthorID, Name) VALUES (376, 'Bj&ouml;rn Pelzer');
INSERT INTO Write (AuthorID, PaperID) VALUES (376, 140);
INSERT INTO Write (AuthorID, PaperID) VALUES (376, 819);
INSERT INTO Write (AuthorID, PaperID) VALUES (376, 1289);
INSERT INTO Write (AuthorID, PaperID) VALUES (376, 2088);
INSERT INTO Write (AuthorID, PaperID) VALUES (376, 2839);
INSERT INTO Write (AuthorID, PaperID) VALUES (376, 2920);
INSERT INTO Write (AuthorID, PaperID) VALUES (376, 3486);
INSERT INTO Author (AuthorID, Name) VALUES (377, 'Kalervo J&auml;rvelin');
INSERT INTO Write (AuthorID, PaperID) VALUES (377, 478);
INSERT INTO Write (AuthorID, PaperID) VALUES (377, 598);
INSERT INTO Write (AuthorID, PaperID) VALUES (377, 797);
INSERT INTO Write (AuthorID, PaperID) VALUES (377, 2014);
INSERT INTO Write (AuthorID, PaperID) VALUES (377, 2268);
INSERT INTO Write (AuthorID, PaperID) VALUES (377, 2332);
INSERT INTO Paper (PaperID, Title, Year, MDate, Key, DOI) VALUES (3160, 'A Dictionary- and Corpus-Independent Statistical Lemmatizer for Information Retrieval in Low Resource Languages.', 2010, '2017-05-24', 'conf/clef/LoponenJ10', 'https://doi.org/10.1007/978-3-642-15998-5_3');
INSERT INTO Write (AuthorID, PaperID) VALUES (377, 3160);
INSERT INTO Author (AuthorID, Name) VALUES (378, 'Igal Gabbay');
INSERT INTO Write (AuthorID, PaperID) VALUES (378, 5);
INSERT INTO Write (AuthorID, PaperID) VALUES (378, 732);
INSERT INTO Write (AuthorID, PaperID) VALUES (378, 969);
INSERT INTO Write (AuthorID, PaperID) VALUES (378, 2131);
INSERT INTO Write (AuthorID, PaperID) VALUES (378, 2414);
INSERT INTO Write (AuthorID, PaperID) VALUES (378, 2851);
INSERT INTO Write (AuthorID, PaperID) VALUES (378, 3335);
INSERT INTO Author (AuthorID, Name) VALUES (379, 'Philipp Cimiano');
INSERT INTO Paper (PaperID, Title, Year, MDate, Key, DOI) VALUES (352, 'Cross-lingual Information Retrieval based on Multiple Indexes.', 2009, '2014-09-29', 'conf/clef/SorgBNC09', 'http://ceur-ws.org/Vol-1175/CLEF2009wn-adhoc-SorgEt2009.pdf');
INSERT INTO Write (AuthorID, PaperID) VALUES (379, 352);
INSERT INTO Write (AuthorID, PaperID) VALUES (379, 518);
INSERT INTO Paper (PaperID, Title, Year, MDate, Key, DOI) VALUES (539, 'Cross-language Information Retrieval with Explicit Semantic Analysis.', 2008, '2014-09-29', 'conf/clef/SorgC08', 'http://ceur-ws.org/Vol-1174/CLEF2008wn-adhoc-SorgEt2008.pdf');
INSERT INTO Write (AuthorID, PaperID) VALUES (379, 539);
INSERT INTO Write (AuthorID, PaperID) VALUES (379, 694);
INSERT INTO Write (AuthorID, PaperID) VALUES (379, 809);
INSERT INTO Paper (PaperID, Title, Year, MDate, Key, DOI) VALUES (2361, 'Overview of the Cross-lingual Expert Search (CriES) Pilot Challenge.', 2010, '2014-09-24', 'conf/clef/SorgCSS10', 'http://www.clef-initiative.eu/documents/71612/86374/CLEF2010wn-CriES-SorgEt2010.pdf');
INSERT INTO Write (AuthorID, PaperID) VALUES (379, 2361);
INSERT INTO Write (AuthorID, PaperID) VALUES (379, 3051);
INSERT INTO Author (AuthorID, Name) VALUES (380, 'Torben Brodt');
INSERT INTO Write (AuthorID, PaperID) VALUES (380, 126);
INSERT INTO Write (AuthorID, PaperID) VALUES (380, 829);
INSERT INTO Write (AuthorID, PaperID) VALUES (380, 1093);
INSERT INTO Write (AuthorID, PaperID) VALUES (380, 1104);
INSERT INTO Write (AuthorID, PaperID) VALUES (380, 1320);
INSERT INTO Write (AuthorID, PaperID) VALUES (380, 1609);
INSERT INTO Write (AuthorID, PaperID) VALUES (380, 2909);
INSERT INTO Author (AuthorID, Name) VALUES (381, 'Christian Thies');
INSERT INTO Write (AuthorID, PaperID) VALUES (381, 992);
INSERT INTO Write (AuthorID, PaperID) VALUES (381, 1036);
INSERT INTO Write (AuthorID, PaperID) VALUES (381, 1197);
INSERT INTO Write (AuthorID, PaperID) VALUES (381, 2009);
INSERT INTO Write (AuthorID, PaperID) VALUES (381, 2140);
INSERT INTO Write (AuthorID, PaperID) VALUES (381, 3128);
INSERT INTO Write (AuthorID, PaperID) VALUES (381, 3297);
INSERT INTO Author (AuthorID, Name) VALUES (382, 'Georgi Georgiev');
INSERT INTO Write (AuthorID, PaperID) VALUES (382, 659);
INSERT INTO Write (AuthorID, PaperID) VALUES (382, 1105);
INSERT INTO Write (AuthorID, PaperID) VALUES (382, 1520);
INSERT INTO Paper (PaperID, Title, Year, MDate, Key, DOI) VALUES (1773, 'Towards Knowledge-enriched Cross-Lingual Answer Validation.', 2013, '2014-09-10', 'conf/clef/ZhikovG13', 'http://ceur-ws.org/Vol-1179/CLEF2013wn-QA4MRE-ZhikovEt2013.pdf');
INSERT INTO Write (AuthorID, PaperID) VALUES (382, 1773);
INSERT INTO Write (AuthorID, PaperID) VALUES (382, 2704);
INSERT INTO Write (AuthorID, PaperID) VALUES (382, 2998);
INSERT INTO Write (AuthorID, PaperID) VALUES (382, 3117);
INSERT INTO Author (AuthorID, Name) VALUES (383, 'Sanna Salanter&auml;');
INSERT INTO Write (AuthorID, PaperID) VALUES (383, 928);
INSERT INTO Paper (PaperID, Title, Year, MDate, Key, DOI) VALUES (1556, 'Using Text Mining to Explore Factors Associated with Acute Confusion in Cardiac Patients Documentation.', 2013, '2014-09-10', 'conf/clef/MurtolaKMLSS13', 'http://ceur-ws.org/Vol-1179/CLEF2013wn-CLEFeHealth-MurtolaEt2013.pdf');
INSERT INTO Write (AuthorID, PaperID) VALUES (383, 1556);
INSERT INTO Paper (PaperID, Title, Year, MDate, Key, DOI) VALUES (1557, 'Vocabulary In Discharge Documents The Patient''s Perspective.', 2012, '2014-09-24', 'conf/clef/LaippalaDLSS12', 'http://www.clef-initiative.eu/documents/71612/7aeed7d3-4aac-463a-a9d6-324309b7e7b4');
INSERT INTO Write (AuthorID, PaperID) VALUES (383, 1557);
INSERT INTO Write (AuthorID, PaperID) VALUES (383, 1729);
INSERT INTO Write (AuthorID, PaperID) VALUES (383, 2189);
INSERT INTO Paper (PaperID, Title, Year, MDate, Key, DOI) VALUES (2372, 'An Ontology to Improve Accessibility and Quality of Patient Instructions.', 2012, '2014-09-24', 'conf/clef/HeimonenSS12', 'http://www.clef-initiative.eu/documents/71612/a63d09ab-28f5-43c7-bb25-15de5d262212');
INSERT INTO Write (AuthorID, PaperID) VALUES (383, 2372);
INSERT INTO Write (AuthorID, PaperID) VALUES (383, 2702);
INSERT INTO Author (AuthorID, Name) VALUES (384, 'Patrick S&eacute;gu&eacute;la');
INSERT INTO Write (AuthorID, PaperID) VALUES (384, 168);
INSERT INTO Write (AuthorID, PaperID) VALUES (384, 468);
INSERT INTO Write (AuthorID, PaperID) VALUES (384, 761);
INSERT INTO Write (AuthorID, PaperID) VALUES (384, 1787);
INSERT INTO Write (AuthorID, PaperID) VALUES (384, 2731);
INSERT INTO Write (AuthorID, PaperID) VALUES (384, 2976);
INSERT INTO Write (AuthorID, PaperID) VALUES (384, 3184);
INSERT INTO Author (AuthorID, Name) VALUES (385, 'George R. Thoma');
INSERT INTO Write (AuthorID, PaperID) VALUES (385, 127);
INSERT INTO Write (AuthorID, PaperID) VALUES (385, 869);
INSERT INTO Write (AuthorID, PaperID) VALUES (385, 1012);
INSERT INTO Write (AuthorID, PaperID) VALUES (385, 1017);
INSERT INTO Write (AuthorID, PaperID) VALUES (385, 1476);
INSERT INTO Write (AuthorID, PaperID) VALUES (385, 2000);
INSERT INTO Write (AuthorID, PaperID) VALUES (385, 2301);
INSERT INTO Author (AuthorID, Name) VALUES (386, 'Roberto Paredes');
INSERT INTO Write (AuthorID, PaperID) VALUES (386, 537);
INSERT INTO Write (AuthorID, PaperID) VALUES (386, 1068);
INSERT INTO Write (AuthorID, PaperID) VALUES (386, 1581);
INSERT INTO Write (AuthorID, PaperID) VALUES (386, 2527);
INSERT INTO Write (AuthorID, PaperID) VALUES (386, 2658);
INSERT INTO Write (AuthorID, PaperID) VALUES (386, 3402);
INSERT INTO Author (AuthorID, Name) VALUES (387, 'Steven C. H. Hoi');
INSERT INTO Write (AuthorID, PaperID) VALUES (387, 71);
INSERT INTO Paper (PaperID, Title, Year, MDate, Key, DOI) VALUES (856, 'Cross-Language and Cross-Media Image Retrieval: An Empirical Study at ImageCLEF2007.', 2007, '2017-05-24', 'conf/clef/Hoi07', 'https://doi.org/10.1007/978-3-540-85760-0_67');
INSERT INTO Write (AuthorID, PaperID) VALUES (387, 856);
INSERT INTO Write (AuthorID, PaperID) VALUES (387, 1044);
INSERT INTO Paper (PaperID, Title, Year, MDate, Key, DOI) VALUES (2338, 'Cross-Language and Cross-Media Image Retrieval: An Empirical Study at ImageCLEF2007.', 2007, '2014-09-23', 'conf/clef/Hoi07a', 'http://ceur-ws.org/Vol-1173/CLEF2007wn-ImageCLEF-Hoi2007.pdf');
INSERT INTO Write (AuthorID, PaperID) VALUES (387, 2338);
INSERT INTO Paper (PaperID, Title, Year, MDate, Key, DOI) VALUES (3031, 'CUHK Experiments with ImageCLEF 2005.', 2005, '2014-08-15', 'conf/clef/HoiZL05a', 'http://ceur-ws.org/Vol-1171/CLEF2005wn-ImageCLEF-HoiEt2005.pdf');
INSERT INTO Write (AuthorID, PaperID) VALUES (387, 3031);
INSERT INTO Paper (PaperID, Title, Year, MDate, Key, DOI) VALUES (3085, 'CUHK at ImageCLEF 2005: Cross-Language and Cross-Media Image Retrieval.', 2005, '2017-05-24', 'conf/clef/HoiZL05', 'https://doi.org/10.1007/11878773_67');
INSERT INTO Write (AuthorID, PaperID) VALUES (387, 3085);
INSERT INTO Author (AuthorID, Name) VALUES (388, 'Robert Str&ouml;tgen');
INSERT INTO Write (AuthorID, PaperID) VALUES (388, 85);
INSERT INTO Write (AuthorID, PaperID) VALUES (388, 845);
INSERT INTO Write (AuthorID, PaperID) VALUES (388, 1807);
INSERT INTO Write (AuthorID, PaperID) VALUES (388, 1864);
INSERT INTO Write (AuthorID, PaperID) VALUES (388, 2062);
INSERT INTO Write (AuthorID, PaperID) VALUES (388, 2139);
INSERT INTO Author (AuthorID, Name) VALUES (389, 'Antonio Jimeno-Yepes');
INSERT INTO Write (AuthorID, PaperID) VALUES (389, 672);
INSERT INTO Paper (PaperID, Title, Year, MDate, Key, DOI) VALUES (909, 'Identifying Publication Types Using Machine Learning.', 2013, '2014-08-15', 'conf/clef/Jimeno-YepesMA13', 'http://ceur-ws.org/Vol-1094/bioasq2013_submission_2.pdf');
INSERT INTO Write (AuthorID, PaperID) VALUES (389, 909);
INSERT INTO Write (AuthorID, PaperID) VALUES (389, 1412);
INSERT INTO Write (AuthorID, PaperID) VALUES (389, 2102);
INSERT INTO Write (AuthorID, PaperID) VALUES (389, 2343);
INSERT INTO Paper (PaperID, Title, Year, MDate, Key, DOI) VALUES (3413, 'The NLM Medical Text Indexer System for Indexing Biomedical Literature.', 2013, '2014-08-15', 'conf/clef/MorkJA13', 'http://ceur-ws.org/Vol-1094/bioasq2013_submission_3.pdf');
INSERT INTO Write (AuthorID, PaperID) VALUES (389, 3413);
INSERT INTO Author (AuthorID, Name) VALUES (390, 'Mar&iacute;a Pardi&ntilde;o');
INSERT INTO Write (AuthorID, PaperID) VALUES (390, 122);
INSERT INTO Write (AuthorID, PaperID) VALUES (390, 1415);
INSERT INTO Write (AuthorID, PaperID) VALUES (390, 2207);
INSERT INTO Write (AuthorID, PaperID) VALUES (390, 2733);
INSERT INTO Write (AuthorID, PaperID) VALUES (390, 3462);
INSERT INTO Write (AuthorID, PaperID) VALUES (390, 3485);
INSERT INTO Author (AuthorID, Name) VALUES (391, 'Michal Brandejs');
INSERT INTO Paper (PaperID, Title, Year, MDate, Key, DOI) VALUES (2061, 'Improving the Reliability of the Plagiarism Detection System - Lab Report for PAN at CLEF 2010.', 2010, '2014-09-24', 'conf/clef/KasprzakB10', 'http://www.clef-initiative.eu/documents/71612/86374/CLEF2010wn-PAN-KasprzakEt2010.pdf');
INSERT INTO Write (AuthorID, PaperID) VALUES (391, 2061);
INSERT INTO Paper (PaperID, Title, Year, MDate, Key, DOI) VALUES (2119, 'Heterogeneous Queries for Synoptic and Phrasal Search.', 2014, '2014-09-10', 'conf/clef/SuchomelB14', 'http://ceur-ws.org/Vol-1180/CLEF2014wn-Pan-SuchomelEt2014.pdf');
INSERT INTO Write (AuthorID, PaperID) VALUES (391, 2119);
INSERT INTO Paper (PaperID, Title, Year, MDate, Key, DOI) VALUES (2376, 'Determining Window Size from Plagiarism Corpus for Stylometric Features.', 2015, '2017-05-24', 'conf/clef/SuchomelB15', 'https://doi.org/10.1007/978-3-319-24027-5_31');
INSERT INTO Write (AuthorID, PaperID) VALUES (391, 2376);
INSERT INTO Paper (PaperID, Title, Year, MDate, Key, DOI) VALUES (2816, 'Diverse Queries and Feature Type Selection for Plagiarism Discovery Notebook for PAN at CLEF 2013.', 2013, '2014-09-10', 'conf/clef/SuchomelKB13', 'http://ceur-ws.org/Vol-1179/CLEF2013wn-PAN-SuchomelEt2013.pdf');
INSERT INTO Write (AuthorID, PaperID) VALUES (391, 2816);
INSERT INTO Paper (PaperID, Title, Year, MDate, Key, DOI) VALUES (2989, 'Three Way Search Engine Queries with Multi-feature Document Comparison for Plagiarism Detection.', 2012, '2014-09-24', 'conf/clef/SuchomelKB12', 'http://www.clef-initiative.eu/documents/71612/1f71592e-ad8a-4c84-833e-46a82b44a9be');
INSERT INTO Write (AuthorID, PaperID) VALUES (391, 2989);
INSERT INTO Paper (PaperID, Title, Year, MDate, Key, DOI) VALUES (3293, 'Improving Synoptic Quering for Source Retrieval: Notebook for PAN at CLEF 2015.', 2015, '2015-09-03', 'conf/clef/SuchomelB15a', 'http://ceur-ws.org/Vol-1391/62-CR.pdf');
INSERT INTO Write (AuthorID, PaperID) VALUES (391, 3293);
INSERT INTO Author (AuthorID, Name) VALUES (392, 'Isabelle Robba');
INSERT INTO Write (AuthorID, PaperID) VALUES (392, 75);
INSERT INTO Write (AuthorID, PaperID) VALUES (392, 229);
INSERT INTO Write (AuthorID, PaperID) VALUES (392, 601);
INSERT INTO Write (AuthorID, PaperID) VALUES (392, 1763);
INSERT INTO Write (AuthorID, PaperID) VALUES (392, 1940);
INSERT INTO Write (AuthorID, PaperID) VALUES (392, 3237);
INSERT INTO Author (AuthorID, Name) VALUES (393, '&Aacute;ngel Castellanos Gonz&aacute;les');
INSERT INTO Write (AuthorID, PaperID) VALUES (393, 209);
INSERT INTO Write (AuthorID, PaperID) VALUES (393, 996);
INSERT INTO Write (AuthorID, PaperID) VALUES (393, 1477);
INSERT INTO Write (AuthorID, PaperID) VALUES (393, 2390);
INSERT INTO Write (AuthorID, PaperID) VALUES (393, 2430);
INSERT INTO Write (AuthorID, PaperID) VALUES (393, 2621);
INSERT INTO Author (AuthorID, Name) VALUES (394, 'Gertjan van Noord');
INSERT INTO Write (AuthorID, PaperID) VALUES (394, 115);
INSERT INTO Write (AuthorID, PaperID) VALUES (394, 155);
INSERT INTO Write (AuthorID, PaperID) VALUES (394, 348);
INSERT INTO Write (AuthorID, PaperID) VALUES (394, 425);
INSERT INTO Write (AuthorID, PaperID) VALUES (394, 1860);
INSERT INTO Write (AuthorID, PaperID) VALUES (394, 3306);
INSERT INTO Author (AuthorID, Name) VALUES (395, 'Jaime G. Carbonell');
INSERT INTO Write (AuthorID, PaperID) VALUES (395, 335);
INSERT INTO Write (AuthorID, PaperID) VALUES (395, 1157);
INSERT INTO Paper (PaperID, Title, Year, MDate, Key, DOI) VALUES (1703, 'Cross Lingual QA: A Modular Baseline.', 2003, '2014-08-15', 'conf/clef/LitaRC03a', 'http://ceur-ws.org/Vol-1169/CLEF2003wn-QACLEF-LitaEt2003.pdf');
INSERT INTO Write (AuthorID, PaperID) VALUES (395, 1703);
INSERT INTO Write (AuthorID, PaperID) VALUES (395, 2096);
INSERT INTO Write (AuthorID, PaperID) VALUES (395, 2156);
INSERT INTO Paper (PaperID, Title, Year, MDate, Key, DOI) VALUES (2183, 'Cross Lingual QA: A Modular Baseline in CLEF 2003.', 2003, '2017-05-24', 'conf/clef/LitaRC03', 'https://doi.org/10.1007/978-3-540-30222-3_51');
INSERT INTO Write (AuthorID, PaperID) VALUES (395, 2183);
INSERT INTO Author (AuthorID, Name) VALUES (396, 'Alessio Bosca');
INSERT INTO Write (AuthorID, PaperID) VALUES (396, 1604);
INSERT INTO Write (AuthorID, PaperID) VALUES (396, 1686);
INSERT INTO Write (AuthorID, PaperID) VALUES (396, 2256);
INSERT INTO Write (AuthorID, PaperID) VALUES (396, 2475);
INSERT INTO Write (AuthorID, PaperID) VALUES (396, 2870);
INSERT INTO Write (AuthorID, PaperID) VALUES (396, 3516);
INSERT INTO Author (AuthorID, Name) VALUES (397, 'Christina Unger');
INSERT INTO Write (AuthorID, PaperID) VALUES (397, 518);
INSERT INTO Write (AuthorID, PaperID) VALUES (397, 662);
INSERT INTO Write (AuthorID, PaperID) VALUES (397, 694);
INSERT INTO Write (AuthorID, PaperID) VALUES (397, 809);
INSERT INTO Write (AuthorID, PaperID) VALUES (397, 1891);
INSERT INTO Write (AuthorID, PaperID) VALUES (397, 3051);
INSERT INTO Author (AuthorID, Name) VALUES (398, 'Masaki Aono');
INSERT INTO Paper (PaperID, Title, Year, MDate, Key, DOI) VALUES (34, 'Residual Network with Delayed Max Pooling for Very Large Scale Plant Identification.', 2017, '2017-08-15', 'conf/clef/HangA17', 'http://ceur-ws.org/Vol-1866/paper_134.pdf');
INSERT INTO Write (AuthorID, PaperID) VALUES (398, 34);
INSERT INTO Paper (PaperID, Title, Year, MDate, Key, DOI) VALUES (1033, 'KDEIR at CLEF eHealth 2016: Health Documents Re-ranking Based on Query Variations.', 2016, '2016-08-11', 'conf/clef/UllahA16', 'http://ceur-ws.org/Vol-1609/16090167.pdf');
INSERT INTO Write (AuthorID, PaperID) VALUES (398, 1033);
INSERT INTO Paper (PaperID, Title, Year, MDate, Key, DOI) VALUES (2030, 'KDEVIR at ImageCLEF 2015 Scalable Image Annotation, Localization, and Sentence Generation task: Ontology based Multi-label Image Annotation.', 2015, '2015-09-03', 'conf/clef/UllahA15', 'http://ceur-ws.org/Vol-1391/103-CR.pdf');
INSERT INTO Write (AuthorID, PaperID) VALUES (398, 2030);
INSERT INTO Paper (PaperID, Title, Year, MDate, Key, DOI) VALUES (2513, 'KDEVIR at ImageCLEF 2013 Image Annotation Subtask.', 2013, '2014-09-11', 'conf/clef/ReshmaUA13', 'http://ceur-ws.org/Vol-1179/CLEF2013wn-ImageCLEF-ReshmaEt2013.pdf');
INSERT INTO Write (AuthorID, PaperID) VALUES (398, 2513);
INSERT INTO Paper (PaperID, Title, Year, MDate, Key, DOI) VALUES (2806, 'KDEVIR at ImageCLEF 2014 Scalable Concept Image Annotation Task: Ontology based Automatic Image Annotation.', 2014, '2014-09-10', 'conf/clef/ReshmaUA14', 'http://ceur-ws.org/Vol-1180/CLEF2014wn-Image-ReshmaEt2014.pdf');
INSERT INTO Write (AuthorID, PaperID) VALUES (398, 2806);
INSERT INTO Paper (PaperID, Title, Year, MDate, Key, DOI) VALUES (3236, 'Bluefield (KDE TUT) at LifeCLEF 2016 Plant Identification Task.', 2016, '2016-08-11', 'conf/clef/HangTA16', 'http://ceur-ws.org/Vol-1609/16090459.pdf');
INSERT INTO Write (AuthorID, PaperID) VALUES (398, 3236);
INSERT INTO Author (AuthorID, Name) VALUES (399, 'Tatiana Tommasi');
INSERT INTO Write (AuthorID, PaperID) VALUES (399, 1517);
INSERT INTO Write (AuthorID, PaperID) VALUES (399, 2237);
INSERT INTO Write (AuthorID, PaperID) VALUES (399, 2581);
INSERT INTO Write (AuthorID, PaperID) VALUES (399, 2703);
INSERT INTO Write (AuthorID, PaperID) VALUES (399, 3081);
INSERT INTO Write (AuthorID, PaperID) VALUES (399, 3098);
INSERT INTO Author (AuthorID, Name) VALUES (400, 'Maximilian Stempfhuber');
INSERT INTO Paper (PaperID, Title, Year, MDate, Key, DOI) VALUES (696, 'The Domain-Specific Track at CLEF 2006: Overview of Approaches, Results and Assessment.', 2006, '2017-05-24', 'conf/clef/StempfhuberB06', 'https://doi.org/10.1007/978-3-540-74999-8_23');
INSERT INTO Write (AuthorID, PaperID) VALUES (400, 696);
INSERT INTO Write (AuthorID, PaperID) VALUES (400, 1047);
INSERT INTO Paper (PaperID, Title, Year, MDate, Key, DOI) VALUES (1800, 'Domain-Specific Track CLEF 2005: Overview of Results and Approaches, Remarks on the Assessment Anaalysis.', 2005, '2014-08-15', 'conf/clef/KluckS05a', 'http://ceur-ws.org/Vol-1171/CLEF2005wn-DomainSpecific-KluckEt2005.pdf');
INSERT INTO Write (AuthorID, PaperID) VALUES (400, 1800);
INSERT INTO Paper (PaperID, Title, Year, MDate, Key, DOI) VALUES (2179, 'Domain-Specific Track CLEF 2006: Overview of Results and Approaches, Remarks on the Assessment Analysis.', 2006, '2014-08-15', 'conf/clef/StempfhuberB06a', 'http://ceur-ws.org/Vol-1172/CLEF2006wn-DomainSpecific-StempfhuberEt2006.pdf');
INSERT INTO Write (AuthorID, PaperID) VALUES (400, 2179);
INSERT INTO Paper (PaperID, Title, Year, MDate, Key, DOI) VALUES (2595, 'Domain-Specific Track CLEF 2005: Overview of Results and Approaches, Remarks on the Assessment Analysis.', 2005, '2017-05-24', 'conf/clef/KluckS05', 'https://doi.org/10.1007/11878773_25');
INSERT INTO Write (AuthorID, PaperID) VALUES (400, 2595);
INSERT INTO Write (AuthorID, PaperID) VALUES (400, 3027);
INSERT INTO Author (AuthorID, Name) VALUES (401, 'B&auml;rbel Ripplinger');
INSERT INTO Paper (PaperID, Title, Year, MDate, Key, DOI) VALUES (305, 'Mpro-IR in CLEF 2001.', 2001, '2017-05-24', 'conf/clef/Ripplinger01', 'https://doi.org/10.1007/3-540-45691-0_28');
INSERT INTO Write (AuthorID, PaperID) VALUES (401, 305);
INSERT INTO Paper (PaperID, Title, Year, MDate, Key, DOI) VALUES (426, 'The Use of NLP Techniques in CLIR.', 2000, '2014-08-15', 'conf/clef/Ripplinger00a', 'http://ceur-ws.org/Vol-1166/CLEF2000wn-adhoc-Ripplinger2000.pdf');
INSERT INTO Write (AuthorID, PaperID) VALUES (401, 426);
INSERT INTO Paper (PaperID, Title, Year, MDate, Key, DOI) VALUES (2264, 'The Use of NLP Techniques in CLIR.', 2000, '2017-05-24', 'conf/clef/Ripplinger00', 'https://doi.org/10.1007/3-540-44645-1_16');
INSERT INTO Write (AuthorID, PaperID) VALUES (401, 2264);
INSERT INTO Write (AuthorID, PaperID) VALUES (401, 2496);
INSERT INTO Write (AuthorID, PaperID) VALUES (401, 2960);
INSERT INTO Paper (PaperID, Title, Year, MDate, Key, DOI) VALUES (3443, 'Mpro-IR in Clef 2001.', 2001, '2014-08-15', 'conf/clef/Ripplinger01a', 'http://ceur-ws.org/Vol-1167/CLEF2001wn-adhoc-Ripplinger2001.pdf');
INSERT INTO Write (AuthorID, PaperID) VALUES (401, 3443);
INSERT INTO Author (AuthorID, Name) VALUES (402, 'Dan Cristea');
INSERT INTO Write (AuthorID, PaperID) VALUES (402, 327);
INSERT INTO Write (AuthorID, PaperID) VALUES (402, 1424);
INSERT INTO Write (AuthorID, PaperID) VALUES (402, 2347);
INSERT INTO Write (AuthorID, PaperID) VALUES (402, 2545);
INSERT INTO Write (AuthorID, PaperID) VALUES (402, 3073);
INSERT INTO Write (AuthorID, PaperID) VALUES (402, 3147);
INSERT INTO Author (AuthorID, Name) VALUES (403, 'Natalia Perelman');
INSERT INTO Write (AuthorID, PaperID) VALUES (403, 404);
INSERT INTO Write (AuthorID, PaperID) VALUES (403, 1080);
INSERT INTO Write (AuthorID, PaperID) VALUES (403, 1972);
INSERT INTO Write (AuthorID, PaperID) VALUES (403, 2208);
INSERT INTO Write (AuthorID, PaperID) VALUES (403, 2458);
INSERT INTO Write (AuthorID, PaperID) VALUES (403, 3138);
INSERT INTO Author (AuthorID, Name) VALUES (404, 'Vitali Liauchuk');
INSERT INTO Write (AuthorID, PaperID) VALUES (404, 366);
INSERT INTO Write (AuthorID, PaperID) VALUES (404, 383);
INSERT INTO Write (AuthorID, PaperID) VALUES (404, 743);
INSERT INTO Write (AuthorID, PaperID) VALUES (404, 870);
INSERT INTO Write (AuthorID, PaperID) VALUES (404, 1023);
INSERT INTO Write (AuthorID, PaperID) VALUES (404, 3502);
INSERT INTO Author (AuthorID, Name) VALUES (405, 'Thierry Hamon');
INSERT INTO Write (AuthorID, PaperID) VALUES (405, 64);
INSERT INTO Paper (PaperID, Title, Year, MDate, Key, DOI) VALUES (527, 'Description of the POMELO System for the Task 2 of QALD-2014.', 2014, '2014-09-10', 'conf/clef/HamonGMT14', 'http://ceur-ws.org/Vol-1180/CLEF2014wn-QA-HamonEt2014.pdf');
INSERT INTO Write (AuthorID, PaperID) VALUES (405, 527);
INSERT INTO Write (AuthorID, PaperID) VALUES (405, 657);
INSERT INTO Write (AuthorID, PaperID) VALUES (405, 1046);
INSERT INTO Paper (PaperID, Title, Year, MDate, Key, DOI) VALUES (2721, 'Automatic Query Selection for Acquisition and Discovery of Food-Drug Interactions.', 2018, '2018-08-20', 'conf/clef/BordeaTHM18', 'https://doi.org/10.1007/978-3-319-98932-7_10');
INSERT INTO Write (AuthorID, PaperID) VALUES (405, 2721);
INSERT INTO Paper (PaperID, Title, Year, MDate, Key, DOI) VALUES (3189, 'RePaLi Participation to CLEF eHealth IR Challenge 2014: Leveraging Term Variation.', 2014, '2014-09-10', 'conf/clef/ClaveauHGM14', 'http://ceur-ws.org/Vol-1180/CLEF2014wn-eHealth-ClaveauEt2014.pdf');
INSERT INTO Write (AuthorID, PaperID) VALUES (405, 3189);
INSERT INTO Author (AuthorID, Name) VALUES (406, 'Osama El Demerdash');
INSERT INTO Write (AuthorID, PaperID) VALUES (406, 334);
INSERT INTO Write (AuthorID, PaperID) VALUES (406, 457);
INSERT INTO Write (AuthorID, PaperID) VALUES (406, 1250);
INSERT INTO Write (AuthorID, PaperID) VALUES (406, 1725);
INSERT INTO Write (AuthorID, PaperID) VALUES (406, 3112);
INSERT INTO Write (AuthorID, PaperID) VALUES (406, 3438);
INSERT INTO Author (AuthorID, Name) VALUES (407, 'Aoife O''Gorman');
INSERT INTO Write (AuthorID, PaperID) VALUES (407, 5);
INSERT INTO Write (AuthorID, PaperID) VALUES (407, 732);
INSERT INTO Write (AuthorID, PaperID) VALUES (407, 2131);
INSERT INTO Write (AuthorID, PaperID) VALUES (407, 2414);
INSERT INTO Write (AuthorID, PaperID) VALUES (407, 2851);
INSERT INTO Write (AuthorID, PaperID) VALUES (407, 3335);
INSERT INTO Author (AuthorID, Name) VALUES (408, 'Emilio Sanchis Arnal');
INSERT INTO Write (AuthorID, PaperID) VALUES (408, 208);
INSERT INTO Write (AuthorID, PaperID) VALUES (408, 2010);
INSERT INTO Write (AuthorID, PaperID) VALUES (408, 2077);
INSERT INTO Write (AuthorID, PaperID) VALUES (408, 2218);
INSERT INTO Write (AuthorID, PaperID) VALUES (408, 2232);
INSERT INTO Write (AuthorID, PaperID) VALUES (408, 3205);
INSERT INTO Author (AuthorID, Name) VALUES (409, 'Ivan Koychev');
INSERT INTO Write (AuthorID, PaperID) VALUES (409, 659);
INSERT INTO Write (AuthorID, PaperID) VALUES (409, 1105);
INSERT INTO Write (AuthorID, PaperID) VALUES (409, 1249);
INSERT INTO Write (AuthorID, PaperID) VALUES (409, 1520);
INSERT INTO Write (AuthorID, PaperID) VALUES (409, 1568);
INSERT INTO Write (AuthorID, PaperID) VALUES (409, 2704);
INSERT INTO Author (AuthorID, Name) VALUES (410, 'Adolfo Corujo');
INSERT INTO Write (AuthorID, PaperID) VALUES (410, 299);
INSERT INTO Write (AuthorID, PaperID) VALUES (410, 505);
INSERT INTO Write (AuthorID, PaperID) VALUES (410, 780);
INSERT INTO Write (AuthorID, PaperID) VALUES (410, 2648);
INSERT INTO Write (AuthorID, PaperID) VALUES (410, 2931);
INSERT INTO Write (AuthorID, PaperID) VALUES (410, 3096);
INSERT INTO Author (AuthorID, Name) VALUES (411, 'Gilles Adda');
INSERT INTO Write (AuthorID, PaperID) VALUES (411, 1200);
INSERT INTO Write (AuthorID, PaperID) VALUES (411, 1532);
INSERT INTO Write (AuthorID, PaperID) VALUES (411, 2223);
INSERT INTO Write (AuthorID, PaperID) VALUES (411, 3131);
INSERT INTO Write (AuthorID, PaperID) VALUES (411, 3300);
INSERT INTO Write (AuthorID, PaperID) VALUES (411, 3439);
INSERT INTO Author (AuthorID, Name) VALUES (412, 'Shadi Saleh');
INSERT INTO Write (AuthorID, PaperID) VALUES (412, 235);
INSERT INTO Write (AuthorID, PaperID) VALUES (412, 2261);
INSERT INTO Write (AuthorID, PaperID) VALUES (412, 2273);
INSERT INTO Write (AuthorID, PaperID) VALUES (412, 2973);
INSERT INTO Write (AuthorID, PaperID) VALUES (412, 3054);
INSERT INTO Write (AuthorID, PaperID) VALUES (412, 3136);
INSERT INTO Author (AuthorID, Name) VALUES (413, 'Marcirio Silveira Chaves');
INSERT INTO Write (AuthorID, PaperID) VALUES (413, 36);
INSERT INTO Write (AuthorID, PaperID) VALUES (413, 51);
INSERT INTO Write (AuthorID, PaperID) VALUES (413, 562);
INSERT INTO Write (AuthorID, PaperID) VALUES (413, 2613);
INSERT INTO Write (AuthorID, PaperID) VALUES (413, 2692);
INSERT INTO Write (AuthorID, PaperID) VALUES (413, 3461);
INSERT INTO Author (AuthorID, Name) VALUES (414, 'Carlos Amaral');
INSERT INTO Write (AuthorID, PaperID) VALUES (414, 136);
INSERT INTO Write (AuthorID, PaperID) VALUES (414, 189);
INSERT INTO Write (AuthorID, PaperID) VALUES (414, 435);
INSERT INTO Write (AuthorID, PaperID) VALUES (414, 789);
INSERT INTO Write (AuthorID, PaperID) VALUES (414, 1639);
INSERT INTO Write (AuthorID, PaperID) VALUES (414, 3232);
INSERT INTO Author (AuthorID, Name) VALUES (415, 'Jeffery R. Jensen');
INSERT INTO Write (AuthorID, PaperID) VALUES (415, 382);
INSERT INTO Write (AuthorID, PaperID) VALUES (415, 1247);
INSERT INTO Write (AuthorID, PaperID) VALUES (415, 2444);
INSERT INTO Write (AuthorID, PaperID) VALUES (415, 2482);
INSERT INTO Write (AuthorID, PaperID) VALUES (415, 2817);
INSERT INTO Write (AuthorID, PaperID) VALUES (415, 3215);
INSERT INTO Author (AuthorID, Name) VALUES (416, 'Joemon M. Jose');
INSERT INTO Paper (PaperID, Title, Year, MDate, Key, DOI) VALUES (681, 'University of Glasgow at Image CLEF 2009 Robot Vision Task.', 2009, '2014-09-29', 'conf/clef/FengHJ09a', 'http://ceur-ws.org/Vol-1175/CLEF2009wn-ImageCLEF-FengEt2009.pdf');
INSERT INTO Write (AuthorID, PaperID) VALUES (416, 681);
INSERT INTO Paper (PaperID, Title, Year, MDate, Key, DOI) VALUES (1004, 'Real-Time Entity-Based Event Detection for Twitter.', 2015, '2017-05-24', 'conf/clef/McMinnJ15', 'https://doi.org/10.1007/978-3-319-24027-5_6');
INSERT INTO Write (AuthorID, PaperID) VALUES (416, 1004);
INSERT INTO Paper (PaperID, Title, Year, MDate, Key, DOI) VALUES (1399, 'Experimental Study on Semi-structured Peer-to-Peer Information Retrieval Network.', 2015, '2017-05-24', 'conf/clef/AlkhawaldehJ15', 'https://doi.org/10.1007/978-3-319-24027-5_1');
INSERT INTO Write (AuthorID, PaperID) VALUES (416, 1399);
INSERT INTO Paper (PaperID, Title, Year, MDate, Key, DOI) VALUES (1418, 'University of Glasgow at ImageCLEF 2009 Robot Vision Task: A Rule Based Approach.', 2009, '2017-06-02', 'conf/clef/FengHJ09', 'https://doi.org/10.1007/978-3-642-15751-6_38');
INSERT INTO Write (AuthorID, PaperID) VALUES (416, 1418);
INSERT INTO Write (AuthorID, PaperID) VALUES (416, 2515);
INSERT INTO Write (AuthorID, PaperID) VALUES (416, 2765);
INSERT INTO Author (AuthorID, Name) VALUES (417, 'Pierre-Alain Mo&euml;llic');
INSERT INTO Write (AuthorID, PaperID) VALUES (417, 480);
INSERT INTO Write (AuthorID, PaperID) VALUES (417, 1000);
INSERT INTO Write (AuthorID, PaperID) VALUES (417, 1224);
INSERT INTO Write (AuthorID, PaperID) VALUES (417, 2066);
INSERT INTO Write (AuthorID, PaperID) VALUES (417, 2566);
INSERT INTO Write (AuthorID, PaperID) VALUES (417, 2632);
INSERT INTO Author (AuthorID, Name) VALUES (418, 'Karen Pinel-Sauvagnat');
INSERT INTO Write (AuthorID, PaperID) VALUES (418, 1457);
INSERT INTO Write (AuthorID, PaperID) VALUES (418, 1923);
INSERT INTO Write (AuthorID, PaperID) VALUES (418, 2389);
INSERT INTO Write (AuthorID, PaperID) VALUES (418, 2779);
INSERT INTO Write (AuthorID, PaperID) VALUES (418, 3214);
INSERT INTO Write (AuthorID, PaperID) VALUES (418, 3327);
INSERT INTO Author (AuthorID, Name) VALUES (419, 'Prabir Bhattacharya');
INSERT INTO Write (AuthorID, PaperID) VALUES (419, 680);
INSERT INTO Write (AuthorID, PaperID) VALUES (419, 1196);
INSERT INTO Write (AuthorID, PaperID) VALUES (419, 1346);
INSERT INTO Write (AuthorID, PaperID) VALUES (419, 2392);
INSERT INTO Write (AuthorID, PaperID) VALUES (419, 3097);
INSERT INTO Write (AuthorID, PaperID) VALUES (419, 3399);
INSERT INTO Author (AuthorID, Name) VALUES (420, 'Spyridon Stathopoulos');
INSERT INTO Write (AuthorID, PaperID) VALUES (420, 779);
INSERT INTO Write (AuthorID, PaperID) VALUES (420, 1055);
INSERT INTO Write (AuthorID, PaperID) VALUES (420, 1263);
INSERT INTO Write (AuthorID, PaperID) VALUES (420, 1430);
INSERT INTO Write (AuthorID, PaperID) VALUES (420, 1825);
INSERT INTO Paper (PaperID, Title, Year, MDate, Key, DOI) VALUES (2488, 'IPL at ImageCLEF 2017 Concept Detection Task.', 2017, '2017-08-15', 'conf/clef/ValavanisS17', 'http://ceur-ws.org/Vol-1866/paper_144.pdf');
INSERT INTO Write (AuthorID, PaperID) VALUES (420, 2488);
INSERT INTO Author (AuthorID, Name) VALUES (421, 'Viviane Moreira Orengo');
INSERT INTO Paper (PaperID, Title, Year, MDate, Key, DOI) VALUES (3, 'A Study on the use of Stemming for Monolingual Ad-Hoc Portuguese Information Retrieval.', 2006, '2014-08-15', 'conf/clef/Orengo06', 'http://ceur-ws.org/Vol-1172/CLEF2006wn-adhoc-Orengo2006.pdf');
INSERT INTO Write (AuthorID, PaperID) VALUES (421, 3);
INSERT INTO Paper (PaperID, Title, Year, MDate, Key, DOI) VALUES (156, 'Portuguese-English Experiments using Latent Semantic Indexing.', 2002, '2014-08-15', 'conf/clef/OrengoH02', 'http://ceur-ws.org/Vol-1168/CLEF2002wn-adhoc-MoreiraOrengoEt2002.pdf');
INSERT INTO Write (AuthorID, PaperID) VALUES (421, 156);
INSERT INTO Paper (PaperID, Title, Year, MDate, Key, DOI) VALUES (259, 'A Study on the Use of Stemming for Monolingual Ad-Hoc Portuguese Information Retrieval.', 2006, '2017-05-24', 'conf/clef/OrengoBC06', 'https://doi.org/10.1007/978-3-540-74999-8_12');
INSERT INTO Write (AuthorID, PaperID) VALUES (421, 259);
INSERT INTO Paper (PaperID, Title, Year, MDate, Key, DOI) VALUES (1079, 'UFRGS@CLEF2008: Using Association Rules for Cross-Language Information Retrieval.', 2008, '2014-09-29', 'conf/clef/GeraldoO08', 'http://ceur-ws.org/Vol-1174/CLEF2008wn-adhoc-GeraldoEt2008.pdf');
INSERT INTO Write (AuthorID, PaperID) VALUES (421, 1079);
INSERT INTO Paper (PaperID, Title, Year, MDate, Key, DOI) VALUES (2717, 'UFRGS@CLEF2008: Indexing Multiword Expressions for Information Retrieval.', 2008, '2017-08-27', 'conf/clef/AcostaGOV08', 'http://ceur-ws.org/Vol-1174/CLEF2008wn-adhoc-CostaAcostaEt2008.pdf');
INSERT INTO Write (AuthorID, PaperID) VALUES (421, 2717);
INSERT INTO Paper (PaperID, Title, Year, MDate, Key, DOI) VALUES (2787, 'Portuguese-English Experiments Using Latent Semantic Indexing.', 2002, '2017-05-24', 'conf/clef/MoreiraH02', 'https://doi.org/10.1007/978-3-540-45237-9_11');
INSERT INTO Write (AuthorID, PaperID) VALUES (421, 2787);
INSERT INTO Author (AuthorID, Name) VALUES (422, 'Duc-Tien Dang-Nguyen');
INSERT INTO Write (AuthorID, PaperID) VALUES (422, 249);
INSERT INTO Write (AuthorID, PaperID) VALUES (422, 383);
INSERT INTO Write (AuthorID, PaperID) VALUES (422, 870);
INSERT INTO Write (AuthorID, PaperID) VALUES (422, 920);
INSERT INTO Write (AuthorID, PaperID) VALUES (422, 1837);
INSERT INTO Write (AuthorID, PaperID) VALUES (422, 2562);
INSERT INTO Author (AuthorID, Name) VALUES (423, 'Ivica Dimitrovski');
INSERT INTO Paper (PaperID, Title, Year, MDate, Key, DOI) VALUES (489, 'FCSE at ImageCLEF 2012: Evaluating Techniques for Medical Image Retrieval.', 2012, '2014-09-24', 'conf/clef/KitanovskiDL12', 'http://www.clef-initiative.eu/documents/71612/f14a3e97-f2af-438d-978c-0b0c582bfc8b');
INSERT INTO Write (AuthorID, PaperID) VALUES (423, 489);
INSERT INTO Paper (PaperID, Title, Year, MDate, Key, DOI) VALUES (1211, 'ImageCLEF 2009 Medical Image Annotation Task: PCTs for Hierarchical Multi-Label Classification.', 2009, '2017-05-24', 'conf/clef/DimitrovskiKLD09', 'https://doi.org/10.1007/978-3-642-15751-6_28');
INSERT INTO Write (AuthorID, PaperID) VALUES (423, 1211);
INSERT INTO Paper (PaperID, Title, Year, MDate, Key, DOI) VALUES (2029, 'ImageCLEF 2009 Medical Image Annotation Task: PCTs for Hierarchical Multi-Label Classification.', 2009, '2014-09-29', 'conf/clef/DimitrovskiKLD09a', 'http://ceur-ws.org/Vol-1175/CLEF2009wn-ImageCLEF-DimitrovskiEt2009.pdf');
INSERT INTO Write (AuthorID, PaperID) VALUES (423, 2029);
INSERT INTO Paper (PaperID, Title, Year, MDate, Key, DOI) VALUES (2126, 'Detection of Visual Concepts and Annotation of Images Using Predictive Clustering Trees.', 2010, '2014-09-24', 'conf/clef/DimitrovskiKLD10', 'http://www.clef-initiative.eu/documents/71612/86374/CLEF2010wn-ImageCLEF-DimitrovskiEt2010.pdf');
INSERT INTO Write (AuthorID, PaperID) VALUES (423, 2126);
INSERT INTO Paper (PaperID, Title, Year, MDate, Key, DOI) VALUES (2763, 'FCSE at Medical Tasks of ImageCLEF 2013.', 2013, '2014-09-10', 'conf/clef/KitanovskiDL13', 'http://ceur-ws.org/Vol-1179/CLEF2013wn-ImageCLEF-KitanovskiEt2013.pdf');
INSERT INTO Write (AuthorID, PaperID) VALUES (423, 2763);
INSERT INTO Paper (PaperID, Title, Year, MDate, Key, DOI) VALUES (3169, 'Maestra at LifeCLEF 2014 Plant Task: Plant Identification using Visual Data.', 2014, '2014-09-10', 'conf/clef/DimitrovskiMKL14', 'http://ceur-ws.org/Vol-1180/CLEF2014wn-Life-DimitrovskiEt2014.pdf');
INSERT INTO Write (AuthorID, PaperID) VALUES (423, 3169);
INSERT INTO Author (AuthorID, Name) VALUES (424, 'Leila Kosseim');
INSERT INTO Write (AuthorID, PaperID) VALUES (424, 334);
INSERT INTO Write (AuthorID, PaperID) VALUES (424, 457);
INSERT INTO Write (AuthorID, PaperID) VALUES (424, 1250);
INSERT INTO Write (AuthorID, PaperID) VALUES (424, 1725);
INSERT INTO Write (AuthorID, PaperID) VALUES (424, 3112);
INSERT INTO Write (AuthorID, PaperID) VALUES (424, 3438);
INSERT INTO Author (AuthorID, Name) VALUES (425, 'Mohamed Tmar');
INSERT INTO Paper (PaperID, Title, Year, MDate, Key, DOI) VALUES (384, 'Miracl at CLEF 2018 : Consumer Health Search Task.', 2018, '2018-08-08', 'conf/clef/ZayaniKTG18', 'http://ceur-ws.org/Vol-2125/paper_141.pdf');
INSERT INTO Write (AuthorID, PaperID) VALUES (425, 384);
INSERT INTO Paper (PaperID, Title, Year, MDate, Key, DOI) VALUES (1426, 'A Visual Search of Multimedia Documents in ImageCLEF 2014.', 2014, '2014-09-10', 'conf/clef/FakhfakhATM14', 'http://ceur-ws.org/Vol-1180/CLEF2014wn-Life-FakhfakhEt2014.pdf');
INSERT INTO Write (AuthorID, PaperID) VALUES (425, 1426);
INSERT INTO Write (AuthorID, PaperID) VALUES (425, 2480);
INSERT INTO Paper (PaperID, Title, Year, MDate, Key, DOI) VALUES (2748, 'Medical Case-based Retrieval by Using a Language Model: MIRACL at ImageCLEF 2012.', 2012, '2014-09-24', 'conf/clef/MajdoubiLTG12', 'http://www.clef-initiative.eu/documents/71612/e536f44c-f262-4141-83df-803a44e6f734');
INSERT INTO Write (AuthorID, PaperID) VALUES (425, 2748);
INSERT INTO Paper (PaperID, Title, Year, MDate, Key, DOI) VALUES (2772, 'MIRACL at ImageCLEF 2014: Plant Identification Task.', 2014, '2014-09-10', 'conf/clef/KaramtiFTG14', 'http://ceur-ws.org/Vol-1180/CLEF2014wn-Life-KaramtiEt2014.pdf');
INSERT INTO Write (AuthorID, PaperID) VALUES (425, 2772);
INSERT INTO Paper (PaperID, Title, Year, MDate, Key, DOI) VALUES (3283, 'Miracl at Clef 2014 : eHealth Information Retrieval Task.', 2014, '2014-09-16', 'conf/clef/NesrineMF14', 'http://ceur-ws.org/Vol-1180/CLEF2014wn-eHealth-NesrineEt2014.pdf');
INSERT INTO Write (AuthorID, PaperID) VALUES (425, 3283);
INSERT INTO Author (AuthorID, Name) VALUES (426, 'Sami Virpioja');
INSERT INTO Paper (PaperID, Title, Year, MDate, Key, DOI) VALUES (175, 'Allomorfessor: Towards Unsupervised Morpheme Analysis.', 2008, '2017-05-24', 'conf/clef/KohonenVK08', 'https://doi.org/10.1007/978-3-642-04447-2_129');
INSERT INTO Write (AuthorID, PaperID) VALUES (426, 175);
INSERT INTO Write (AuthorID, PaperID) VALUES (426, 258);
INSERT INTO Paper (PaperID, Title, Year, MDate, Key, DOI) VALUES (701, 'Allomorfessor: Towards Unsupervised Morpheme Analysis.', 2008, '2014-09-29', 'conf/clef/KohonenVK08a', 'http://ceur-ws.org/Vol-1174/CLEF2008wn-MorphoChallenge-KohonenEt2008.pdf');
INSERT INTO Write (AuthorID, PaperID) VALUES (426, 701);
INSERT INTO Paper (PaperID, Title, Year, MDate, Key, DOI) VALUES (1563, 'Unsupervised Morpheme Analysis with Allomorfessor.', 2009, '2017-05-24', 'conf/clef/VirpiojaKL09', 'https://doi.org/10.1007/978-3-642-15754-7_73');
INSERT INTO Write (AuthorID, PaperID) VALUES (426, 1563);
INSERT INTO Write (AuthorID, PaperID) VALUES (426, 2387);
INSERT INTO Paper (PaperID, Title, Year, MDate, Key, DOI) VALUES (2659, 'Unsupervised Morpheme Discovery with Allomorfessor.', 2009, '2014-09-29', 'conf/clef/VirpiojaK09', 'http://ceur-ws.org/Vol-1175/CLEF2009wn-MorphoChallenge-VirpiojaEt2009.pdf');
INSERT INTO Write (AuthorID, PaperID) VALUES (426, 2659);
INSERT INTO Author (AuthorID, Name) VALUES (427, 'Philipp Schaer');
INSERT INTO Paper (PaperID, Title, Year, MDate, Key, DOI) VALUES (1791, 'Historical Clicks for Product Search: GESIS at CLEF LL4IR 2015.', 2015, '2015-09-03', 'conf/clef/SchaerT15', 'http://ceur-ws.org/Vol-1391/26-CR.pdf');
INSERT INTO Write (AuthorID, PaperID) VALUES (427, 1791);
INSERT INTO Paper (PaperID, Title, Year, MDate, Key, DOI) VALUES (1869, 'Better than Their Reputation? On the Reliability of Relevance Assessments with Students.', 2012, '2017-06-02', 'conf/clef/Schaer12', 'https://doi.org/10.1007/978-3-642-33247-0_14');
INSERT INTO Write (AuthorID, PaperID) VALUES (427, 1869);
INSERT INTO Paper (PaperID, Title, Year, MDate, Key, DOI) VALUES (2149, 'Dealing with Sparse Document and Topic Representations: Lab Report for CHiC 2012.', 2012, '2014-09-24', 'conf/clef/SchaerHSWL12', 'http://www.clef-initiative.eu/documents/71612/0d6fb697-b1b5-45c7-a252-b58ae4b6c5b2');
INSERT INTO Write (AuthorID, PaperID) VALUES (427, 2149);
INSERT INTO Paper (PaperID, Title, Year, MDate, Key, DOI) VALUES (2512, 'Enriching Existing Test Collections with OXPath.', 2017, '2018-11-24', 'conf/clef/SchaerN17', 'https://www.wikidata.org/entity/Q58337153');
INSERT INTO Write (AuthorID, PaperID) VALUES (427, 2512);
INSERT INTO Paper (PaperID, Title, Year, MDate, Key, DOI) VALUES (2616, 'How Relevant is the Long Tail? - A Relevance Assessment Study on Million Short.', 2016, '2017-06-15', 'conf/clef/SchaerMSL15', 'https://doi.org/10.1007/978-3-319-44564-9_20');
INSERT INTO Write (AuthorID, PaperID) VALUES (427, 2616);
INSERT INTO Paper (PaperID, Title, Year, MDate, Key, DOI) VALUES (2883, 'Ideas for a Standard LL4IR Extension - Living Labs from a System Operator''s Perspective.', 2016, '2016-08-11', 'conf/clef/SchaerT16', 'http://ceur-ws.org/Vol-1609/16090591.pdf');
INSERT INTO Write (AuthorID, PaperID) VALUES (427, 2883);
INSERT INTO Author (AuthorID, Name) VALUES (428, 'Stefan Baerisch');
INSERT INTO Write (AuthorID, PaperID) VALUES (428, 696);
INSERT INTO Write (AuthorID, PaperID) VALUES (428, 1047);
INSERT INTO Write (AuthorID, PaperID) VALUES (428, 2179);
INSERT INTO Write (AuthorID, PaperID) VALUES (428, 2775);
INSERT INTO Write (AuthorID, PaperID) VALUES (428, 2828);
INSERT INTO Write (AuthorID, PaperID) VALUES (428, 3027);
INSERT INTO Author (AuthorID, Name) VALUES (429, 'Donna Harman');
INSERT INTO Write (AuthorID, PaperID) VALUES (429, 55);
INSERT INTO Write (AuthorID, PaperID) VALUES (429, 959);
INSERT INTO Write (AuthorID, PaperID) VALUES (429, 1654);
INSERT INTO Write (AuthorID, PaperID) VALUES (429, 2165);
INSERT INTO Write (AuthorID, PaperID) VALUES (429, 2720);
INSERT INTO Paper (PaperID, Title, Year, MDate, Key, DOI) VALUES (3453, 'Report from TREC-9.', 2001, '2014-08-15', 'conf/clef/HarmanV01', 'http://ceur-ws.org/Vol-1167/CLEF2001wn-other-HarmanEt2001.pdf');
INSERT INTO Write (AuthorID, PaperID) VALUES (429, 3453);
INSERT INTO Author (AuthorID, Name) VALUES (430, 'Lili Aunimo');
INSERT INTO Paper (PaperID, Title, Year, MDate, Key, DOI) VALUES (1136, 'Cross-Language Question Answering at the University of Helsinki.', 2004, '2014-08-15', 'conf/clef/AunimoKM04', 'http://ceur-ws.org/Vol-1170/CLEF2004wn-QACLEF-AunimoEt2004.pdf');
INSERT INTO Write (AuthorID, PaperID) VALUES (430, 1136);
INSERT INTO Write (AuthorID, PaperID) VALUES (430, 1163);
INSERT INTO Paper (PaperID, Title, Year, MDate, Key, DOI) VALUES (1363, 'Question Answering using Semantic Annotation.', 2005, '2014-08-15', 'conf/clef/AunimoK05a', 'http://ceur-ws.org/Vol-1171/CLEF2005wn-QACLEF-AunimoEt2005.pdf');
INSERT INTO Write (AuthorID, PaperID) VALUES (430, 1363);
INSERT INTO Paper (PaperID, Title, Year, MDate, Key, DOI) VALUES (1612, 'Question Answering Experiments for Finnish and French.', 2005, '2017-05-24', 'conf/clef/AunimoK05', 'https://doi.org/10.1007/11878773_53');
INSERT INTO Write (AuthorID, PaperID) VALUES (430, 1612);
INSERT INTO Paper (PaperID, Title, Year, MDate, Key, DOI) VALUES (1916, 'Finnish as Source Language in Bilingual Question Answering.', 2004, '2017-05-24', 'conf/clef/AunimoKM05', 'https://doi.org/10.1007/11519645_47');
INSERT INTO Write (AuthorID, PaperID) VALUES (430, 1916);
INSERT INTO Write (AuthorID, PaperID) VALUES (430, 3286);
INSERT INTO Author (AuthorID, Name) VALUES (431, 'Masashi Inoue');
INSERT INTO Paper (PaperID, Title, Year, MDate, Key, DOI) VALUES (591, 'Using Visual Linkages for Multilingual Image Retrieval.', 2006, '2017-05-24', 'conf/clef/Inoue06', 'https://doi.org/10.1007/978-3-540-74999-8_75');
INSERT INTO Write (AuthorID, PaperID) VALUES (431, 591);
INSERT INTO Paper (PaperID, Title, Year, MDate, Key, DOI) VALUES (929, 'Visual Micro-clustering Pre-processing for Cross-Language Ad hoc Image Retrieval.', 2006, '2014-08-15', 'conf/clef/Inoue06a', 'http://ceur-ws.org/Vol-1172/CLEF2006wn-ImageCLEF-Inoue2006.pdf');
INSERT INTO Write (AuthorID, PaperID) VALUES (431, 929);
INSERT INTO Paper (PaperID, Title, Year, MDate, Key, DOI) VALUES (2018, 'Recovering Translation Errors in Cross-Language Image Retrieval using Word Association Models.', 2005, '2014-08-15', 'conf/clef/Inoue05a', 'http://ceur-ws.org/Vol-1171/CLEF2005wn-ImageCLEF-Inoue2005.pdf');
INSERT INTO Write (AuthorID, PaperID) VALUES (431, 2018);
INSERT INTO Paper (PaperID, Title, Year, MDate, Key, DOI) VALUES (3278, 'Query Types and Visual Concept-Based Post-retrieval Clustering.', 2008, '2017-06-15', 'conf/clef/InoueG08', 'https://doi.org/10.1007/978-3-642-04447-2_83');
INSERT INTO Write (AuthorID, PaperID) VALUES (431, 3278);
INSERT INTO Paper (PaperID, Title, Year, MDate, Key, DOI) VALUES (3312, 'Easing Erroneous Translations in Cross-Language Image Retrieval Using Word Associations.', 2005, '2017-05-24', 'conf/clef/Inoue05', 'https://doi.org/10.1007/11878773_65');
INSERT INTO Write (AuthorID, PaperID) VALUES (431, 3312);
INSERT INTO Paper (PaperID, Title, Year, MDate, Key, DOI) VALUES (3396, 'Effects of Visual Concept-based Post-retrieval Clustering in ImageCLEFphoto 2008.', 2008, '2014-09-29', 'conf/clef/InoueG08a', 'http://ceur-ws.org/Vol-1174/CLEF2008wn-ImageCLEF-InoueEt2008.pdf');
INSERT INTO Write (AuthorID, PaperID) VALUES (431, 3396);
INSERT INTO Author (AuthorID, Name) VALUES (432, 'Tobias Weyand');
INSERT INTO Write (AuthorID, PaperID) VALUES (432, 611);
INSERT INTO Write (AuthorID, PaperID) VALUES (432, 1562);
INSERT INTO Write (AuthorID, PaperID) VALUES (432, 1906);
INSERT INTO Write (AuthorID, PaperID) VALUES (432, 2068);
INSERT INTO Write (AuthorID, PaperID) VALUES (432, 2306);
INSERT INTO Write (AuthorID, PaperID) VALUES (432, 2850);
INSERT INTO Author (AuthorID, Name) VALUES (433, 'Michael Riegler');
INSERT INTO Write (AuthorID, PaperID) VALUES (433, 249);
INSERT INTO Write (AuthorID, PaperID) VALUES (433, 383);
INSERT INTO Write (AuthorID, PaperID) VALUES (433, 870);
INSERT INTO Write (AuthorID, PaperID) VALUES (433, 920);
INSERT INTO Write (AuthorID, PaperID) VALUES (433, 1837);
INSERT INTO Write (AuthorID, PaperID) VALUES (433, 2562);
INSERT INTO Author (AuthorID, Name) VALUES (434, 'Marcel Puchol-Blasco');
INSERT INTO Write (AuthorID, PaperID) VALUES (434, 122);
INSERT INTO Write (AuthorID, PaperID) VALUES (434, 1415);
INSERT INTO Write (AuthorID, PaperID) VALUES (434, 1951);
INSERT INTO Write (AuthorID, PaperID) VALUES (434, 2493);
INSERT INTO Write (AuthorID, PaperID) VALUES (434, 3462);
INSERT INTO Write (AuthorID, PaperID) VALUES (434, 3485);
INSERT INTO Author (AuthorID, Name) VALUES (435, 'Anis Ben Ammar');
INSERT INTO Paper (PaperID, Title, Year, MDate, Key, DOI) VALUES (1510, 'REGIMvid at ImageCLEF2012: Concept-based Query Refinement and Relevance-based Ranking Enhancement for Image Retrieval.', 2012, '2014-09-24', 'conf/clef/FakhfakhFKAA12', 'http://www.clef-initiative.eu/documents/71612/6d94e5f3-776d-48a6-bf65-68dd2ea55bea');
INSERT INTO Write (AuthorID, PaperID) VALUES (435, 1510);
INSERT INTO Paper (PaperID, Title, Year, MDate, Key, DOI) VALUES (2275, 'REGIMvid at ImageCLEF2011: Integrating Contextual Information to Enhance Photo Annotation and Concept-based Retrieval.', 2011, '2014-09-24', 'conf/clef/KsibiAA11', 'http://www.clef-initiative.eu/documents/71612/86377/CLEF2011wn-ImageCLEF-KsibiEt2011.pdf');
INSERT INTO Write (AuthorID, PaperID) VALUES (435, 2275);
INSERT INTO Paper (PaperID, Title, Year, MDate, Key, DOI) VALUES (2656, 'Regimvid at ImageCLEF 2015 Scalable Concept Image Annotation Task: Ontology based Hierarchical Image Annotation.', 2015, '2015-09-03', 'conf/clef/ZarkaAA15', 'http://ceur-ws.org/Vol-1391/50-CR.pdf');
INSERT INTO Write (AuthorID, PaperID) VALUES (435, 2656);
INSERT INTO Paper (PaperID, Title, Year, MDate, Key, DOI) VALUES (3176, 'Regim Lab Team at ImageCLEF Lifelog Moment Retrieval Task 2018.', 2018, '2018-08-08', 'conf/clef/AbdallahFEAA18', 'http://ceur-ws.org/Vol-2125/paper_117.pdf');
INSERT INTO Write (AuthorID, PaperID) VALUES (435, 3176);
INSERT INTO Paper (PaperID, Title, Year, MDate, Key, DOI) VALUES (3251, 'REGIMRobvid: Objects and Scenes Detection for Robot Vision 2013.', 2013, '2014-09-10', 'conf/clef/KsibiAAAA13', 'http://ceur-ws.org/Vol-1179/CLEF2013wn-ImageCLEF-KsibiEt2013.pdf');
INSERT INTO Write (AuthorID, PaperID) VALUES (435, 3251);
INSERT INTO Paper (PaperID, Title, Year, MDate, Key, DOI) VALUES (3313, 'REGIMvid at ImageCLEF2012: Improving Diversity in Personal Photo Ranking Using Fuzzy Logic.', 2012, '2014-09-24', 'conf/clef/FekiKAA12', 'http://www.clef-initiative.eu/documents/71612/32c16986-586e-4a5a-b0c2-5663520c4157');
INSERT INTO Write (AuthorID, PaperID) VALUES (435, 3313);
INSERT INTO Author (AuthorID, Name) VALUES (436, 'Julien Champ');
INSERT INTO Write (AuthorID, PaperID) VALUES (436, 2);
INSERT INTO Write (AuthorID, PaperID) VALUES (436, 1547);
INSERT INTO Write (AuthorID, PaperID) VALUES (436, 2118);
INSERT INTO Write (AuthorID, PaperID) VALUES (436, 2437);
INSERT INTO Write (AuthorID, PaperID) VALUES (436, 2679);
INSERT INTO Write (AuthorID, PaperID) VALUES (436, 3152);
INSERT INTO Author (AuthorID, Name) VALUES (437, 'Thomas Wilhelm-Stein');
INSERT INTO Write (AuthorID, PaperID) VALUES (437, 90);
INSERT INTO Write (AuthorID, PaperID) VALUES (437, 1776);
INSERT INTO Write (AuthorID, PaperID) VALUES (437, 1838);
INSERT INTO Write (AuthorID, PaperID) VALUES (437, 2019);
INSERT INTO Write (AuthorID, PaperID) VALUES (437, 2310);
INSERT INTO Write (AuthorID, PaperID) VALUES (437, 2570);
INSERT INTO Author (AuthorID, Name) VALUES (438, 'Delphine Bernhard');
INSERT INTO Write (AuthorID, PaperID) VALUES (438, 898);
INSERT INTO Paper (PaperID, Title, Year, MDate, Key, DOI) VALUES (1790, 'MorphoNet: Exploring the Use of Community Structure for Unsupervised Morpheme Analysis.', 2009, '2017-05-24', 'conf/clef/Bernhard09', 'https://doi.org/10.1007/978-3-642-15754-7_72');
INSERT INTO Write (AuthorID, PaperID) VALUES (438, 1790);
INSERT INTO Write (AuthorID, PaperID) VALUES (438, 1828);
INSERT INTO Paper (PaperID, Title, Year, MDate, Key, DOI) VALUES (2358, 'MorphoNet: Exploring the Use of Community Structure for Unsupervised Morpheme Analysis.', 2009, '2014-09-29', 'conf/clef/Bernhard09a', 'http://ceur-ws.org/Vol-1175/CLEF2009wn-MorphoChallenge-Bernhard2009.pdf');
INSERT INTO Write (AuthorID, PaperID) VALUES (438, 2358);
INSERT INTO Paper (PaperID, Title, Year, MDate, Key, DOI) VALUES (3082, 'Simple Morpheme Labelling in Unsupervised Morpheme Analysis.', 2007, '2017-05-24', 'conf/clef/Bernhard07', 'https://doi.org/10.1007/978-3-540-85760-0_112');
INSERT INTO Write (AuthorID, PaperID) VALUES (438, 3082);
INSERT INTO Paper (PaperID, Title, Year, MDate, Key, DOI) VALUES (3239, 'Simple Morpheme Labelling in Unsupervised Morpheme Analysis.', 2007, '2014-09-23', 'conf/clef/Bernhard07a', 'http://ceur-ws.org/Vol-1173/CLEF2007wn-MorphoChallenge-BernhardEt2007.pdf');
INSERT INTO Write (AuthorID, PaperID) VALUES (438, 3239);
INSERT INTO Author (AuthorID, Name) VALUES (439, 'Jean-Val&egrave;re Cossu');
INSERT INTO Write (AuthorID, PaperID) VALUES (439, 84);
INSERT INTO Paper (PaperID, Title, Year, MDate, Key, DOI) VALUES (291, 'LIA@Replab 2014.', 2014, '2015-08-31', 'conf/clef/CossuKFGE14', 'http://ceur-ws.org/Vol-1180/CLEF2014wn-Rep-CossuEt2014.pdf');
INSERT INTO Write (AuthorID, PaperID) VALUES (439, 291);
INSERT INTO Paper (PaperID, Title, Year, MDate, Key, DOI) VALUES (1425, 'NLP-Based Classifiers to Generalize Expert Assessments in E-Reputation.', 2015, '2017-05-24', 'conf/clef/CossuFJGE15', 'https://doi.org/10.1007/978-3-319-24027-5_37');
INSERT INTO Write (AuthorID, PaperID) VALUES (439, 1425);
INSERT INTO Paper (PaperID, Title, Year, MDate, Key, DOI) VALUES (1649, 'Using Sociological Needs to Characterize Profiles and Contents for Microblog Search.', 2017, '2017-08-15', 'conf/clef/CossuA17', 'http://ceur-ws.org/Vol-1866/paper_128.pdf');
INSERT INTO Write (AuthorID, PaperID) VALUES (439, 1649);
INSERT INTO Write (AuthorID, PaperID) VALUES (439, 1975);
INSERT INTO Write (AuthorID, PaperID) VALUES (439, 2602);
INSERT INTO Author (AuthorID, Name) VALUES (440, 'Emilio Rodr&iacute;guez');
INSERT INTO Write (AuthorID, PaperID) VALUES (440, 374);
INSERT INTO Write (AuthorID, PaperID) VALUES (440, 1088);
INSERT INTO Write (AuthorID, PaperID) VALUES (440, 2280);
INSERT INTO Write (AuthorID, PaperID) VALUES (440, 2391);
INSERT INTO Write (AuthorID, PaperID) VALUES (440, 2780);
INSERT INTO Write (AuthorID, PaperID) VALUES (440, 3157);
INSERT INTO Author (AuthorID, Name) VALUES (441, 'Maria Teresa Vicente-D&iacute;ez');
INSERT INTO Write (AuthorID, PaperID) VALUES (441, 448);
INSERT INTO Write (AuthorID, PaperID) VALUES (441, 1704);
INSERT INTO Write (AuthorID, PaperID) VALUES (441, 2036);
INSERT INTO Write (AuthorID, PaperID) VALUES (441, 2141);
INSERT INTO Write (AuthorID, PaperID) VALUES (441, 2305);
INSERT INTO Write (AuthorID, PaperID) VALUES (441, 3527);
INSERT INTO Author (AuthorID, Name) VALUES (442, 'Oren Halvani');
INSERT INTO Paper (PaperID, Title, Year, MDate, Key, DOI) VALUES (257, 'Author Clustering based on Compression-based Dissimilarity Scores.', 2017, '2017-08-15', 'conf/clef/HalvaniG17', 'http://ceur-ws.org/Vol-1866/paper_59.pdf');
INSERT INTO Write (AuthorID, PaperID) VALUES (442, 257);
INSERT INTO Paper (PaperID, Title, Year, MDate, Key, DOI) VALUES (1352, 'Rethinking the Evaluation Methodology of Authorship Verification Methods.', 2018, '2018-08-20', 'conf/clef/HalvaniG18a', 'https://doi.org/10.1007/978-3-319-98932-7_4');
INSERT INTO Write (AuthorID, PaperID) VALUES (442, 1352);
INSERT INTO Paper (PaperID, Title, Year, MDate, Key, DOI) VALUES (1421, 'Cross-Domain Authorship Attribution Based on Compression: Notebook for PAN at CLEF 2018.', 2018, '2018-08-08', 'conf/clef/HalvaniG18', 'http://ceur-ws.org/Vol-2125/paper_90.pdf');
INSERT INTO Write (AuthorID, PaperID) VALUES (442, 1421);
INSERT INTO Paper (PaperID, Title, Year, MDate, Key, DOI) VALUES (1636, 'A Generic Authorship Verification Scheme Based on Equal Error Rates.', 2015, '2015-09-03', 'conf/clef/Halvani015', 'http://ceur-ws.org/Vol-1391/107-CR.pdf');
INSERT INTO Write (AuthorID, PaperID) VALUES (442, 1636);
INSERT INTO Paper (PaperID, Title, Year, MDate, Key, DOI) VALUES (2916, 'VEBAV - A Simple, Scalable and Fast Authorship Verification Scheme.', 2014, '2014-09-10', 'conf/clef/HalvaniS14', 'http://ceur-ws.org/Vol-1180/CLEF2014wn-Pan-HalvaniEt2014.pdf');
INSERT INTO Write (AuthorID, PaperID) VALUES (442, 2916);
INSERT INTO Paper (PaperID, Title, Year, MDate, Key, DOI) VALUES (3211, 'Authorship Verification via k-Nearest Neighbor Estimation Notebook for PAN at CLEF 2013.', 2013, '2014-09-10', 'conf/clef/HalvaniSZ13', 'http://ceur-ws.org/Vol-1179/CLEF2013wn-PAN-HalvaniEt2013.pdf');
INSERT INTO Write (AuthorID, PaperID) VALUES (442, 3211);
INSERT INTO Author (AuthorID, Name) VALUES (443, 'Marvin Br&uuml;nner');
INSERT INTO Paper (PaperID, Title, Year, MDate, Key, DOI) VALUES (88, 'Oc800Aeacute; at CLEF 2003.', 2003, '2017-05-24', 'conf/clef/BrandBDIK03', 'https://doi.org/10.1007/978-3-540-30222-3_28');
INSERT INTO Write (AuthorID, PaperID) VALUES (443, 88);
INSERT INTO Paper (PaperID, Title, Year, MDate, Key, DOI) VALUES (603, 'Some Terms are more Interchangeable than Others.', 2001, '2014-08-15', 'conf/clef/KlokDB01a', 'http://ceur-ws.org/Vol-1167/CLEF2001wn-adhoc-KlokEt2001.pdf');
INSERT INTO Write (AuthorID, PaperID) VALUES (443, 603);
INSERT INTO Paper (PaperID, Title, Year, MDate, Key, DOI) VALUES (609, 'Oc800Aeacute; at CLEF 2003.', 2003, '2014-08-15', 'conf/clef/BrandBDIK03a', 'http://ceur-ws.org/Vol-1169/CLEF2003wn-adhoc-BrandEt2003.pdf');
INSERT INTO Write (AuthorID, PaperID) VALUES (443, 609);
INSERT INTO Paper (PaperID, Title, Year, MDate, Key, DOI) VALUES (1938, 'Oc800Aeacute; at CLEF 2002.', 2002, '2014-08-15', 'conf/clef/BrandB02a', 'http://ceur-ws.org/Vol-1168/CLEF2002wn-adhoc-BrandEt2002.pdf');
INSERT INTO Write (AuthorID, PaperID) VALUES (443, 1938);
INSERT INTO Paper (PaperID, Title, Year, MDate, Key, DOI) VALUES (2204, 'Oc800Aeacute; at CLEF 2002.', 2002, '2017-05-24', 'conf/clef/BrandB02', 'https://doi.org/10.1007/978-3-540-45237-9_5');
INSERT INTO Write (AuthorID, PaperID) VALUES (443, 2204);
INSERT INTO Paper (PaperID, Title, Year, MDate, Key, DOI) VALUES (3182, 'Some Terms Are More Interchangeable than Others.', 2001, '2017-05-24', 'conf/clef/KlokDB01', 'https://doi.org/10.1007/3-540-45691-0_29');
INSERT INTO Write (AuthorID, PaperID) VALUES (443, 3182);
INSERT INTO Author (AuthorID, Name) VALUES (444, 'Peter Wilkins');
INSERT INTO Write (AuthorID, PaperID) VALUES (444, 863);
INSERT INTO Write (AuthorID, PaperID) VALUES (444, 1786);
INSERT INTO Write (AuthorID, PaperID) VALUES (444, 2111);
INSERT INTO Write (AuthorID, PaperID) VALUES (444, 2279);
INSERT INTO Write (AuthorID, PaperID) VALUES (444, 2791);
INSERT INTO Write (AuthorID, PaperID) VALUES (444, 2958);
INSERT INTO Author (AuthorID, Name) VALUES (445, 'Jos&eacute; M. Go&ntilde;i');
INSERT INTO Write (AuthorID, PaperID) VALUES (445, 39);
INSERT INTO Write (AuthorID, PaperID) VALUES (445, 1925);
INSERT INTO Write (AuthorID, PaperID) VALUES (445, 1996);
INSERT INTO Write (AuthorID, PaperID) VALUES (445, 2569);
INSERT INTO Write (AuthorID, PaperID) VALUES (445, 2633);
INSERT INTO Write (AuthorID, PaperID) VALUES (445, 3372);
INSERT INTO Author (AuthorID, Name) VALUES (446, 'Alicia Ageno');
INSERT INTO Write (AuthorID, PaperID) VALUES (446, 216);
INSERT INTO Write (AuthorID, PaperID) VALUES (446, 492);
INSERT INTO Write (AuthorID, PaperID) VALUES (446, 916);
INSERT INTO Write (AuthorID, PaperID) VALUES (446, 1908);
INSERT INTO Write (AuthorID, PaperID) VALUES (446, 1950);
INSERT INTO Write (AuthorID, PaperID) VALUES (446, 2352);
INSERT INTO Author (AuthorID, Name) VALUES (447, 'David Zellh&ouml;fer');
INSERT INTO Write (AuthorID, PaperID) VALUES (447, 537);
INSERT INTO Paper (PaperID, Title, Year, MDate, Key, DOI) VALUES (791, 'Overview of the Personal Photo Retrieval Pilot Task at ImageCLEF 2012.', 2012, '2014-09-24', 'conf/clef/Zellhoefer12', 'http://www.clef-initiative.eu/documents/71612/51ce9787-6183-4172-acb4-b9f892c17995');
INSERT INTO Write (AuthorID, PaperID) VALUES (447, 791);
INSERT INTO Paper (PaperID, Title, Year, MDate, Key, DOI) VALUES (1494, 'BTU DBIS'' Personal Photo Retrieval Runs at ImageCLEF 2013.', 2013, '2014-09-10', 'conf/clef/BottcherZS13', 'http://ceur-ws.org/Vol-1179/CLEF2013wn-ImageCLEF-BottcherEt2013.pdf');
INSERT INTO Write (AuthorID, PaperID) VALUES (447, 1494);
INSERT INTO Paper (PaperID, Title, Year, MDate, Key, DOI) VALUES (1879, 'BTU DBIS'' Multimodal Wikipedia Retrieval Runs at ImageCLEF 2011.', 2011, '2014-09-24', 'conf/clef/ZellhoferB11', 'http://www.clef-initiative.eu/documents/71612/86377/CLEF2011wn-ImageCLEF-ZellhoeferEt2011.pdf');
INSERT INTO Write (AuthorID, PaperID) VALUES (447, 1879);
INSERT INTO Paper (PaperID, Title, Year, MDate, Key, DOI) VALUES (2234, 'Overview of the ImageCLEF 2013 Personal Photo Retrieval Subtask.', 2013, '2014-09-10', 'conf/clef/Zellhofer13', 'http://ceur-ws.org/Vol-1179/CLEF2013wn-ImageCLEF-Zellhofer2013.pdf');
INSERT INTO Write (AuthorID, PaperID) VALUES (447, 2234);
INSERT INTO Paper (PaperID, Title, Year, MDate, Key, DOI) VALUES (2831, 'BTU DBIS'' Plant Identification Runs at ImageCLEF 2012.', 2012, '2014-09-24', 'conf/clef/BottcherSZS12', 'http://www.clef-initiative.eu/documents/71612/54279c80-990d-4635-8d8c-53816839726d');
INSERT INTO Write (AuthorID, PaperID) VALUES (447, 2831);
INSERT INTO Author (AuthorID, Name) VALUES (448, 'Dan I. Moldovan');
INSERT INTO Paper (PaperID, Title, Year, MDate, Key, DOI) VALUES (253, 'Multilingual Question Answering through Intermediate Translation: LCC''s PowerAnswer at QA@CLEF 2007.', 2007, '2014-09-23', 'conf/clef/BowdenOSDM07a', 'http://ceur-ws.org/Vol-1173/CLEF2007wn-QACLEF-BowdenEt2007.pdf');
INSERT INTO Write (AuthorID, PaperID) VALUES (448, 253);
INSERT INTO Paper (PaperID, Title, Year, MDate, Key, DOI) VALUES (1120, 'LCC''s PowerAnswer at QA@CLEF 2006.', 2006, '2014-08-15', 'conf/clef/BowdenOSCM06a', 'http://ceur-ws.org/Vol-1172/CLEF2006wn-QACLEF-BowdenEt2006.pdf');
INSERT INTO Write (AuthorID, PaperID) VALUES (448, 1120);
INSERT INTO Paper (PaperID, Title, Year, MDate, Key, DOI) VALUES (2246, 'Automatic Answer Validation Using COGEX.', 2006, '2017-05-24', 'conf/clef/TatuIM06', 'https://doi.org/10.1007/978-3-540-74999-8_59');
INSERT INTO Write (AuthorID, PaperID) VALUES (448, 2246);
INSERT INTO Paper (PaperID, Title, Year, MDate, Key, DOI) VALUES (3464, 'LCC''s PowerAnswer at QA@CLEF 2006.', 2006, '2017-05-24', 'conf/clef/BowdenOSCM06', 'https://doi.org/10.1007/978-3-540-74999-8_38');
INSERT INTO Write (AuthorID, PaperID) VALUES (448, 3464);
INSERT INTO Paper (PaperID, Title, Year, MDate, Key, DOI) VALUES (3520, 'Multilingual Question Answering through Intermediate Translation: LCC''s PowerAnswer at QA@CLEF 2007.', 2007, '2017-05-24', 'conf/clef/BowdenOSDM07', 'https://doi.org/10.1007/978-3-540-85760-0_33');
INSERT INTO Write (AuthorID, PaperID) VALUES (448, 3520);
INSERT INTO Paper (PaperID, Title, Year, MDate, Key, DOI) VALUES (3528, 'Automatic Answer Validation using COGEX.', 2006, '2014-08-15', 'conf/clef/TatuIM06a', 'http://ceur-ws.org/Vol-1172/CLEF2006wn-QACLEF-TatuEt2006.pdf');
INSERT INTO Write (AuthorID, PaperID) VALUES (448, 3528);
INSERT INTO Author (AuthorID, Name) VALUES (449, 'Monica Rogati');
INSERT INTO Paper (PaperID, Title, Year, MDate, Key, DOI) VALUES (852, 'Cross-Lingual Pseudo-Relevance Feedback Using a Comparable Corpus.', 2001, '2017-05-24', 'conf/clef/RogatiY01', 'https://doi.org/10.1007/3-540-45691-0_12');
INSERT INTO Write (AuthorID, PaperID) VALUES (449, 852);
INSERT INTO Write (AuthorID, PaperID) VALUES (449, 1703);
INSERT INTO Write (AuthorID, PaperID) VALUES (449, 2183);
INSERT INTO Paper (PaperID, Title, Year, MDate, Key, DOI) VALUES (2184, 'CMU PRF using a Comparable Corpus.', 2001, '2014-08-15', 'conf/clef/RogatiY01a', 'http://ceur-ws.org/Vol-1167/CLEF2001wn-adhoc-RogatiEt2001.pdf');
INSERT INTO Write (AuthorID, PaperID) VALUES (449, 2184);
INSERT INTO Paper (PaperID, Title, Year, MDate, Key, DOI) VALUES (2682, 'CONTROL: CLEF-2003 with Open, Transparent Resources Off-Line.', 2003, '2014-08-15', 'conf/clef/RogatiY03a', 'http://ceur-ws.org/Vol-1169/CLEF2003wn-adhoc-RogatiEt2003.pdf');
INSERT INTO Write (AuthorID, PaperID) VALUES (449, 2682);
INSERT INTO Paper (PaperID, Title, Year, MDate, Key, DOI) VALUES (3006, 'Multilingual Information Retrieval Using Open, Transparent Resources in CLEF 2003.', 2003, '2017-05-24', 'conf/clef/RogatiY03', 'https://doi.org/10.1007/978-3-540-30222-3_12');
INSERT INTO Write (AuthorID, PaperID) VALUES (449, 3006);
INSERT INTO Author (AuthorID, Name) VALUES (450, 'Hugo Zaragoza');
INSERT INTO Write (AuthorID, PaperID) VALUES (450, 820);
INSERT INTO Write (AuthorID, PaperID) VALUES (450, 1332);
INSERT INTO Paper (PaperID, Title, Year, MDate, Key, DOI) VALUES (1719, 'UCM-Y!R at CLEF 2008 Robust and WSD tasks.', 2008, '2014-09-29', 'conf/clef/Perez-AgueraZ08a', 'http://ceur-ws.org/Vol-1174/CLEF2008wn-adhoc-PerezAgueraEt2008.pdf');
INSERT INTO Write (AuthorID, PaperID) VALUES (450, 1719);
INSERT INTO Write (AuthorID, PaperID) VALUES (450, 1863);
INSERT INTO Write (AuthorID, PaperID) VALUES (450, 2388);
INSERT INTO Paper (PaperID, Title, Year, MDate, Key, DOI) VALUES (2856, 'Query Clauses and Term Independence.', 2008, '2017-05-24', 'conf/clef/Perez-AgueraZ08', 'https://doi.org/10.1007/978-3-642-04447-2_17');
INSERT INTO Write (AuthorID, PaperID) VALUES (450, 2856);
INSERT INTO Author (AuthorID, Name) VALUES (451, 'Vassilis Plachouras');
INSERT INTO Write (AuthorID, PaperID) VALUES (451, 1049);
INSERT INTO Write (AuthorID, PaperID) VALUES (451, 1883);
INSERT INTO Write (AuthorID, PaperID) VALUES (451, 2367);
INSERT INTO Write (AuthorID, PaperID) VALUES (451, 2619);
INSERT INTO Write (AuthorID, PaperID) VALUES (451, 3004);
INSERT INTO Write (AuthorID, PaperID) VALUES (451, 3095);
INSERT INTO Author (AuthorID, Name) VALUES (452, 'Maristella Agosti');
INSERT INTO Write (AuthorID, PaperID) VALUES (452, 1194);
INSERT INTO Write (AuthorID, PaperID) VALUES (452, 1984);
INSERT INTO Write (AuthorID, PaperID) VALUES (452, 2425);
INSERT INTO Write (AuthorID, PaperID) VALUES (452, 3179);
INSERT INTO Write (AuthorID, PaperID) VALUES (452, 3287);
INSERT INTO Write (AuthorID, PaperID) VALUES (452, 3507);
INSERT INTO Author (AuthorID, Name) VALUES (453, 'Partha Pakray');
INSERT INTO Write (AuthorID, PaperID) VALUES (453, 25);
INSERT INTO Write (AuthorID, PaperID) VALUES (453, 125);
INSERT INTO Write (AuthorID, PaperID) VALUES (453, 941);
INSERT INTO Write (AuthorID, PaperID) VALUES (453, 2150);
INSERT INTO Write (AuthorID, PaperID) VALUES (453, 2227);
INSERT INTO Write (AuthorID, PaperID) VALUES (453, 3379);
INSERT INTO Author (AuthorID, Name) VALUES (454, 'Ben He');
INSERT INTO Write (AuthorID, PaperID) VALUES (454, 1049);
INSERT INTO Write (AuthorID, PaperID) VALUES (454, 1883);
INSERT INTO Write (AuthorID, PaperID) VALUES (454, 2367);
INSERT INTO Write (AuthorID, PaperID) VALUES (454, 2619);
INSERT INTO Write (AuthorID, PaperID) VALUES (454, 3004);
INSERT INTO Write (AuthorID, PaperID) VALUES (454, 3095);
INSERT INTO Author (AuthorID, Name) VALUES (455, 'Emanuela Boros');
INSERT INTO Write (AuthorID, PaperID) VALUES (455, 605);
INSERT INTO Write (AuthorID, PaperID) VALUES (455, 1117);
INSERT INTO Write (AuthorID, PaperID) VALUES (455, 1731);
INSERT INTO Write (AuthorID, PaperID) VALUES (455, 1840);
INSERT INTO Write (AuthorID, PaperID) VALUES (455, 2465);
INSERT INTO Write (AuthorID, PaperID) VALUES (455, 3397);
INSERT INTO Author (AuthorID, Name) VALUES (456, 'Raquel G&oacute;mez D&iacute;az');
INSERT INTO Write (AuthorID, PaperID) VALUES (456, 1453);
INSERT INTO Write (AuthorID, PaperID) VALUES (456, 1733);
INSERT INTO Write (AuthorID, PaperID) VALUES (456, 1910);
INSERT INTO Write (AuthorID, PaperID) VALUES (456, 2280);
INSERT INTO Write (AuthorID, PaperID) VALUES (456, 2417);
INSERT INTO Write (AuthorID, PaperID) VALUES (456, 3517);
INSERT INTO Author (AuthorID, Name) VALUES (457, 'Ad&aacute;n Cassan');
INSERT INTO Write (AuthorID, PaperID) VALUES (457, 136);
INSERT INTO Write (AuthorID, PaperID) VALUES (457, 189);
INSERT INTO Write (AuthorID, PaperID) VALUES (457, 1639);
INSERT INTO Write (AuthorID, PaperID) VALUES (457, 1684);
INSERT INTO Write (AuthorID, PaperID) VALUES (457, 2923);
INSERT INTO Write (AuthorID, PaperID) VALUES (457, 3232);
INSERT INTO Author (AuthorID, Name) VALUES (458, 'Leonardo Andrade 0001');
INSERT INTO Write (AuthorID, PaperID) VALUES (458, 51);
INSERT INTO Write (AuthorID, PaperID) VALUES (458, 619);
INSERT INTO Write (AuthorID, PaperID) VALUES (458, 2613);
INSERT INTO Write (AuthorID, PaperID) VALUES (458, 2692);
INSERT INTO Write (AuthorID, PaperID) VALUES (458, 2968);
INSERT INTO Write (AuthorID, PaperID) VALUES (458, 3461);
INSERT INTO Author (AuthorID, Name) VALUES (459, 'Lonneke van der Plas');
INSERT INTO Write (AuthorID, PaperID) VALUES (459, 115);
INSERT INTO Write (AuthorID, PaperID) VALUES (459, 155);
INSERT INTO Write (AuthorID, PaperID) VALUES (459, 348);
INSERT INTO Write (AuthorID, PaperID) VALUES (459, 425);
INSERT INTO Write (AuthorID, PaperID) VALUES (459, 1860);
INSERT INTO Write (AuthorID, PaperID) VALUES (459, 3306);
INSERT INTO Author (AuthorID, Name) VALUES (460, 'Eric Bilinski');
INSERT INTO Write (AuthorID, PaperID) VALUES (460, 1200);
INSERT INTO Write (AuthorID, PaperID) VALUES (460, 1532);
INSERT INTO Write (AuthorID, PaperID) VALUES (460, 2223);
INSERT INTO Write (AuthorID, PaperID) VALUES (460, 3131);
INSERT INTO Write (AuthorID, PaperID) VALUES (460, 3300);
INSERT INTO Write (AuthorID, PaperID) VALUES (460, 3439);
INSERT INTO Author (AuthorID, Name) VALUES (461, 'Ben Verhoeven');
INSERT INTO Write (AuthorID, PaperID) VALUES (461, 109);
INSERT INTO Write (AuthorID, PaperID) VALUES (461, 187);
INSERT INTO Write (AuthorID, PaperID) VALUES (461, 1386);
INSERT INTO Write (AuthorID, PaperID) VALUES (461, 2304);
INSERT INTO Write (AuthorID, PaperID) VALUES (461, 2544);
INSERT INTO Write (AuthorID, PaperID) VALUES (461, 3074);
INSERT INTO Author (AuthorID, Name) VALUES (462, 'Jana Kludas');
INSERT INTO Write (AuthorID, PaperID) VALUES (462, 363);
INSERT INTO Write (AuthorID, PaperID) VALUES (462, 798);
INSERT INTO Write (AuthorID, PaperID) VALUES (462, 871);
INSERT INTO Write (AuthorID, PaperID) VALUES (462, 1032);
INSERT INTO Write (AuthorID, PaperID) VALUES (462, 1616);
INSERT INTO Write (AuthorID, PaperID) VALUES (462, 2884);
INSERT INTO Author (AuthorID, Name) VALUES (463, 'Antonio Toral');
INSERT INTO Write (AuthorID, PaperID) VALUES (463, 548);
INSERT INTO Write (AuthorID, PaperID) VALUES (463, 682);
INSERT INTO Write (AuthorID, PaperID) VALUES (463, 1199);
INSERT INTO Write (AuthorID, PaperID) VALUES (463, 2302);
INSERT INTO Write (AuthorID, PaperID) VALUES (463, 2792);
INSERT INTO Write (AuthorID, PaperID) VALUES (463, 2930);
INSERT INTO Author (AuthorID, Name) VALUES (464, 'Irina Chugur');
INSERT INTO Write (AuthorID, PaperID) VALUES (464, 299);
INSERT INTO Write (AuthorID, PaperID) VALUES (464, 505);
INSERT INTO Write (AuthorID, PaperID) VALUES (464, 2648);
INSERT INTO Write (AuthorID, PaperID) VALUES (464, 2931);
INSERT INTO Write (AuthorID, PaperID) VALUES (464, 3074);
INSERT INTO Write (AuthorID, PaperID) VALUES (464, 3121);
INSERT INTO Author (AuthorID, Name) VALUES (465, 'Stefanie Nowak');
INSERT INTO Paper (PaperID, Title, Year, MDate, Key, DOI) VALUES (1877, 'THESEUS Meets ImageCLEF: Combining Evaluation Strategies for a New Visual Concept Detection Task 2009.', 2008, '2017-05-24', 'conf/clef/NowakDP08', 'https://doi.org/10.1007/978-3-642-04447-2_82');
INSERT INTO Write (AuthorID, PaperID) VALUES (465, 1877);
INSERT INTO Paper (PaperID, Title, Year, MDate, Key, DOI) VALUES (2463, 'The Fraunhofer IDMT at ImageCLEF 2011 Photo Annotation Task.', 2011, '2014-09-24', 'conf/clef/NagelNKW11', 'http://www.clef-initiative.eu/documents/71612/86377/CLEF2011wn-ImageCLEF-NagelEt2011.pdf');
INSERT INTO Write (AuthorID, PaperID) VALUES (465, 2463);
INSERT INTO Paper (PaperID, Title, Year, MDate, Key, DOI) VALUES (2869, 'Overview of the CLEF 2009 Large-Scale Visual Concept Detection and Annotation Task.', 2009, '2017-05-24', 'conf/clef/NowakD09', 'https://doi.org/10.1007/978-3-642-15751-6_10');
INSERT INTO Write (AuthorID, PaperID) VALUES (465, 2869);
INSERT INTO Paper (PaperID, Title, Year, MDate, Key, DOI) VALUES (2899, 'The CLEF 2011 Photo Annotation and Concept-based Retrieval Tasks.', 2011, '2014-09-24', 'conf/clef/NowakNL11', 'http://www.clef-initiative.eu/documents/71612/86377/CLEF2011wn-ImageCLEF-NowakEt2011.pdf');
INSERT INTO Write (AuthorID, PaperID) VALUES (465, 2899);
INSERT INTO Paper (PaperID, Title, Year, MDate, Key, DOI) VALUES (2937, 'Overview of the CLEF 2009 Large Scale - Visual Concept Detection and Annotation Task.', 2009, '2014-09-29', 'conf/clef/NowakD09a', 'http://ceur-ws.org/Vol-1175/CLEF2009wn-ImageCLEF-NowakEt2009.pdf');
INSERT INTO Write (AuthorID, PaperID) VALUES (465, 2937);
INSERT INTO Paper (PaperID, Title, Year, MDate, Key, DOI) VALUES (3337, 'New Strategies for Image Annotation: Overview of the Photo Annotation Task at ImageCLEF 2010.', 2010, '2014-09-24', 'conf/clef/NowakH10', 'http://www.clef-initiative.eu/documents/71612/86374/CLEF2010wn-ImageCLEF-NowakEt2010.pdf');
INSERT INTO Write (AuthorID, PaperID) VALUES (465, 3337);
INSERT INTO Author (AuthorID, Name) VALUES (466, 'Maria Husarciuc');
INSERT INTO Write (AuthorID, PaperID) VALUES (466, 327);
INSERT INTO Write (AuthorID, PaperID) VALUES (466, 525);
INSERT INTO Write (AuthorID, PaperID) VALUES (466, 1424);
INSERT INTO Write (AuthorID, PaperID) VALUES (466, 2680);
INSERT INTO Write (AuthorID, PaperID) VALUES (466, 3126);
INSERT INTO Write (AuthorID, PaperID) VALUES (466, 3397);
INSERT INTO Author (AuthorID, Name) VALUES (467, 'Shlomo Geva');
INSERT INTO Paper (PaperID, Title, Year, MDate, Key, DOI) VALUES (124, 'Overview of the INEX 2012 Relevance Feedback Track.', 2012, '2014-09-24', 'conf/clef/ChappellG12', 'http://www.clef-initiative.eu/documents/71612/239b3e11-ba1c-403c-abfc-bde17b3ca05d');
INSERT INTO Write (AuthorID, PaperID) VALUES (467, 124);
INSERT INTO Write (AuthorID, PaperID) VALUES (467, 378);
INSERT INTO Write (AuthorID, PaperID) VALUES (467, 1324);
INSERT INTO Paper (PaperID, Title, Year, MDate, Key, DOI) VALUES (1744, 'Working Notes for TopSig at ShARe/CLEF eHealth 2013.', 2013, '2014-09-10', 'conf/clef/ChappellG13', 'http://ceur-ws.org/Vol-1179/CLEF2013wn-CLEFeHealth-ChappellEt2013.pdf');
INSERT INTO Write (AuthorID, PaperID) VALUES (467, 1744);
INSERT INTO Write (AuthorID, PaperID) VALUES (467, 2460);
INSERT INTO Write (AuthorID, PaperID) VALUES (467, 2709);
INSERT INTO Author (AuthorID, Name) VALUES (468, 'Anne Vilnat');
INSERT INTO Write (AuthorID, PaperID) VALUES (468, 75);
INSERT INTO Write (AuthorID, PaperID) VALUES (468, 229);
INSERT INTO Write (AuthorID, PaperID) VALUES (468, 601);
INSERT INTO Write (AuthorID, PaperID) VALUES (468, 1763);
INSERT INTO Write (AuthorID, PaperID) VALUES (468, 1940);
INSERT INTO Write (AuthorID, PaperID) VALUES (468, 3237);
INSERT INTO Author (AuthorID, Name) VALUES (469, 'Joaqu&iacute;n P&eacute;rez-Iglesias');
INSERT INTO Write (AuthorID, PaperID) VALUES (469, 19);
INSERT INTO Write (AuthorID, PaperID) VALUES (469, 35);
INSERT INTO Write (AuthorID, PaperID) VALUES (469, 1643);
INSERT INTO Write (AuthorID, PaperID) VALUES (469, 1659);
INSERT INTO Write (AuthorID, PaperID) VALUES (469, 1932);
INSERT INTO Write (AuthorID, PaperID) VALUES (469, 3505);
INSERT INTO Author (AuthorID, Name) VALUES (470, 'Sumithra Velupillai');
INSERT INTO Paper (PaperID, Title, Year, MDate, Key, DOI) VALUES (377, 'SCAN: A Swedish Clinical Abbreviation Normalizer - Further Development and Adaptation to Radiology.', 2014, '2017-05-24', 'conf/clef/KvistV14', 'https://doi.org/10.1007/978-3-319-11382-1_7');
INSERT INTO Write (AuthorID, PaperID) VALUES (470, 377);
INSERT INTO Paper (PaperID, Title, Year, MDate, Key, DOI) VALUES (777, 'Initial Results in the Development of SCAN A Swedish Clinical Abbreviation Normalizer.', 2012, '2014-09-24', 'conf/clef/IseniusVK12', 'http://www.clef-initiative.eu/documents/71612/66047d57-078e-400e-a04f-c09fc982ac8a');
INSERT INTO Write (AuthorID, PaperID) VALUES (470, 777);
INSERT INTO Write (AuthorID, PaperID) VALUES (470, 1126);
INSERT INTO Paper (PaperID, Title, Year, MDate, Key, DOI) VALUES (1259, 'KCL-Health-NLP@CLEF eHealth 2018 Task 1: ICD-10 Coding of French and Italian Death Certificates with Character-Level Convolutional Neural Networks.', 2018, '2018-08-08', 'conf/clef/IveVCBV18', 'http://ceur-ws.org/Vol-2125/paper_108.pdf');
INSERT INTO Write (AuthorID, PaperID) VALUES (470, 1259);
INSERT INTO Write (AuthorID, PaperID) VALUES (470, 1586);
INSERT INTO Write (AuthorID, PaperID) VALUES (470, 2189);
INSERT INTO Author (AuthorID, Name) VALUES (471, 'Borja Navarro');
INSERT INTO Write (AuthorID, PaperID) VALUES (471, 788);
INSERT INTO Write (AuthorID, PaperID) VALUES (471, 873);
INSERT INTO Write (AuthorID, PaperID) VALUES (471, 997);
INSERT INTO Write (AuthorID, PaperID) VALUES (471, 1154);
INSERT INTO Write (AuthorID, PaperID) VALUES (471, 1314);
INSERT INTO Write (AuthorID, PaperID) VALUES (471, 2641);
INSERT INTO Author (AuthorID, Name) VALUES (472, 'Yasen Kiprov');
INSERT INTO Write (AuthorID, PaperID) VALUES (472, 659);
INSERT INTO Write (AuthorID, PaperID) VALUES (472, 1105);
INSERT INTO Write (AuthorID, PaperID) VALUES (472, 1249);
INSERT INTO Write (AuthorID, PaperID) VALUES (472, 1520);
INSERT INTO Write (AuthorID, PaperID) VALUES (472, 2704);
INSERT INTO Write (AuthorID, PaperID) VALUES (472, 3263);
INSERT INTO Author (AuthorID, Name) VALUES (473, 'Walid Magdy');
INSERT INTO Write (AuthorID, PaperID) VALUES (473, 104);
INSERT INTO Write (AuthorID, PaperID) VALUES (473, 666);
INSERT INTO Write (AuthorID, PaperID) VALUES (473, 1214);
INSERT INTO Write (AuthorID, PaperID) VALUES (473, 2022);
INSERT INTO Write (AuthorID, PaperID) VALUES (473, 2622);
INSERT INTO Write (AuthorID, PaperID) VALUES (473, 2896);
INSERT INTO Author (AuthorID, Name) VALUES (474, 'Mostafa Dehghani 0001');
INSERT INTO Write (AuthorID, PaperID) VALUES (474, 154);
INSERT INTO Write (AuthorID, PaperID) VALUES (474, 1053);
INSERT INTO Write (AuthorID, PaperID) VALUES (474, 1470);
INSERT INTO Write (AuthorID, PaperID) VALUES (474, 1514);
INSERT INTO Write (AuthorID, PaperID) VALUES (474, 1538);
INSERT INTO Write (AuthorID, PaperID) VALUES (474, 1890);
INSERT INTO Author (AuthorID, Name) VALUES (475, 'Lars Asker');
INSERT INTO Write (AuthorID, PaperID) VALUES (475, 203);
INSERT INTO Write (AuthorID, PaperID) VALUES (475, 251);
INSERT INTO Write (AuthorID, PaperID) VALUES (475, 709);
INSERT INTO Write (AuthorID, PaperID) VALUES (475, 796);
INSERT INTO Write (AuthorID, PaperID) VALUES (475, 3094);
INSERT INTO Write (AuthorID, PaperID) VALUES (475, 3512);
INSERT INTO Author (AuthorID, Name) VALUES (476, 'Ben Heuwing');
INSERT INTO Write (AuthorID, PaperID) VALUES (476, 85);
INSERT INTO Write (AuthorID, PaperID) VALUES (476, 301);
INSERT INTO Write (AuthorID, PaperID) VALUES (476, 590);
INSERT INTO Write (AuthorID, PaperID) VALUES (476, 597);
INSERT INTO Write (AuthorID, PaperID) VALUES (476, 1099);
INSERT INTO Write (AuthorID, PaperID) VALUES (476, 1864);
INSERT INTO Author (AuthorID, Name) VALUES (477, 'Kazuaki Kishida');
INSERT INTO Write (AuthorID, PaperID) VALUES (477, 164);
INSERT INTO Write (AuthorID, PaperID) VALUES (477, 756);
INSERT INTO Write (AuthorID, PaperID) VALUES (477, 899);
INSERT INTO Write (AuthorID, PaperID) VALUES (477, 1335);
INSERT INTO Write (AuthorID, PaperID) VALUES (477, 3065);
INSERT INTO Write (AuthorID, PaperID) VALUES (477, 3349);
INSERT INTO Author (AuthorID, Name) VALUES (478, 'Michael Kluck');
INSERT INTO Paper (PaperID, Title, Year, MDate, Key, DOI) VALUES (1277, 'The Domain-Specific Track in CLEF 2004: Overview of the Results and Remarks on the Assessment Process.', 2004, '2017-05-24', 'conf/clef/Kluck05', 'https://doi.org/10.1007/11519645_27');
INSERT INTO Write (AuthorID, PaperID) VALUES (478, 1277);
INSERT INTO Paper (PaperID, Title, Year, MDate, Key, DOI) VALUES (1489, 'The GIRT Data in the Evaluation of CLIR Systems - from 1997 Until 2003.', 2003, '2017-05-24', 'conf/clef/Kluck03', 'https://doi.org/10.1007/978-3-540-30222-3_37');
INSERT INTO Write (AuthorID, PaperID) VALUES (478, 1489);
INSERT INTO Write (AuthorID, PaperID) VALUES (478, 1800);
INSERT INTO Write (AuthorID, PaperID) VALUES (478, 2165);
INSERT INTO Write (AuthorID, PaperID) VALUES (478, 2498);
INSERT INTO Write (AuthorID, PaperID) VALUES (478, 2595);
INSERT INTO Author (AuthorID, Name) VALUES (479, 'J&ouml;rg Tiedemann');
INSERT INTO Write (AuthorID, PaperID) VALUES (479, 115);
INSERT INTO Write (AuthorID, PaperID) VALUES (479, 155);
INSERT INTO Write (AuthorID, PaperID) VALUES (479, 348);
INSERT INTO Write (AuthorID, PaperID) VALUES (479, 425);
INSERT INTO Write (AuthorID, PaperID) VALUES (479, 1860);
INSERT INTO Write (AuthorID, PaperID) VALUES (479, 3306);
INSERT INTO Author (AuthorID, Name) VALUES (480, 'Leif Hanlen');
INSERT INTO Paper (PaperID, Title, Year, MDate, Key, DOI) VALUES (766, 'Automatic Clinical Speech Recognition for CLEF 2015 eHealth Challenge.', 2015, '2015-09-03', 'conf/clef/LuuPDHC15', 'http://ceur-ws.org/Vol-1391/71-CR.pdf');
INSERT INTO Write (AuthorID, PaperID) VALUES (480, 766);
INSERT INTO Write (AuthorID, PaperID) VALUES (480, 1156);
INSERT INTO Write (AuthorID, PaperID) VALUES (480, 1732);
INSERT INTO Write (AuthorID, PaperID) VALUES (480, 2398);
INSERT INTO Write (AuthorID, PaperID) VALUES (480, 2492);
INSERT INTO Paper (PaperID, Title, Year, MDate, Key, DOI) VALUES (2689, 'National eHealth Living Lab: Removing the "E" from E-Health.', 2012, '2014-09-24', 'conf/clef/Hanlen12', 'http://www.clef-initiative.eu/documents/71612/11564993-ad80-403c-b411-45014b0adba6');
INSERT INTO Write (AuthorID, PaperID) VALUES (480, 2689);
INSERT INTO Author (AuthorID, Name) VALUES (481, 'Michel Beigbeder');
INSERT INTO Paper (PaperID, Title, Year, MDate, Key, DOI) VALUES (147, 'ENSM-SE at CLEF 2005: Uses of Fuzzy Proximity Matching Function.', 2005, '2014-08-15', 'conf/clef/MercierIB05a', 'http://ceur-ws.org/Vol-1171/CLEF2005wn-adhoc-MercierEt2005.pdf');
INSERT INTO Write (AuthorID, PaperID) VALUES (481, 147);
INSERT INTO Paper (PaperID, Title, Year, MDate, Key, DOI) VALUES (441, 'ENSM-SE at CLEF 2005: Using a Fuzzy Proximity Matching Function.', 2005, '2017-05-24', 'conf/clef/MercierIB05', 'https://doi.org/10.1007/11878773_21');
INSERT INTO Write (AuthorID, PaperID) VALUES (481, 441);
INSERT INTO Paper (PaperID, Title, Year, MDate, Key, DOI) VALUES (1961, 'ENSM-SE at INEX 2012: Basic Experiments.', 2012, '2014-09-24', 'conf/clef/BeauneBJ12', 'http://www.clef-initiative.eu/documents/71612/d07e74d1-6ef0-4b3e-84a0-0edc509681ef');
INSERT INTO Write (AuthorID, PaperID) VALUES (481, 1961);
INSERT INTO Paper (PaperID, Title, Year, MDate, Key, DOI) VALUES (1983, 'ENSM-SE at CLEF 2006 : Fuzzy Proxmity Method with an Adhoc Influence Function.', 2006, '2017-05-24', 'conf/clef/MercierB06', 'https://doi.org/10.1007/978-3-540-74999-8_11');
INSERT INTO Write (AuthorID, PaperID) VALUES (481, 1983);
INSERT INTO Paper (PaperID, Title, Year, MDate, Key, DOI) VALUES (2049, 'ENSM-SE at CLEF 2006: AdHoc Uses of Fuzzy Proximity Matching Function.', 2006, '2014-08-15', 'conf/clef/MercierB06a', 'http://ceur-ws.org/Vol-1172/CLEF2006wn-adhoc-MercierEt2006.pdf');
INSERT INTO Write (AuthorID, PaperID) VALUES (481, 2049);
INSERT INTO Write (AuthorID, PaperID) VALUES (481, 2479);
INSERT INTO Author (AuthorID, Name) VALUES (482, 'Syandra Sari');
INSERT INTO Write (AuthorID, PaperID) VALUES (482, 278);
INSERT INTO Write (AuthorID, PaperID) VALUES (482, 1005);
INSERT INTO Write (AuthorID, PaperID) VALUES (482, 1040);
INSERT INTO Write (AuthorID, PaperID) VALUES (482, 1560);
INSERT INTO Write (AuthorID, PaperID) VALUES (482, 2133);
INSERT INTO Author (AuthorID, Name) VALUES (483, 'Ana Cristina Mendes');
INSERT INTO Paper (PaperID, Title, Year, MDate, Key, DOI) VALUES (219, 'Testing Lexical Approaches in QA4MRE.', 2012, '2016-11-05', 'conf/clef/RodriguesCMRM12', 'http://www.clef-initiative.eu/documents/71612/ffee69b9-b9d8-4b9f-af6d-e4c8e8e6fcdf');
INSERT INTO Write (AuthorID, PaperID) VALUES (483, 219);
INSERT INTO Paper (PaperID, Title, Year, MDate, Key, DOI) VALUES (255, 'QA@L2F, Second Steps at QA@CLEF.', 2008, '2014-09-29', 'conf/clef/CoheurMGM008', 'http://ceur-ws.org/Vol-1174/CLEF2008wn-QACLEF-CoheurEt2008.pdf');
INSERT INTO Write (AuthorID, PaperID) VALUES (483, 255);
INSERT INTO Paper (PaperID, Title, Year, MDate, Key, DOI) VALUES (506, 'QA@L2F, First Steps at QA@CLEF.', 2007, '2018-11-02', 'conf/clef/MendesCMRBM07', 'https://doi.org/10.1007/978-3-540-85760-0_45');
INSERT INTO Write (AuthorID, PaperID) VALUES (483, 506);
INSERT INTO Paper (PaperID, Title, Year, MDate, Key, DOI) VALUES (951, 'Question Interpretation in QA@L<sup>2</sup>F.', 2008, '2018-11-02', 'conf/clef/CoheurMGMR08', 'https://doi.org/10.1007/978-3-642-04447-2_44');
INSERT INTO Write (AuthorID, PaperID) VALUES (483, 951);
INSERT INTO Paper (PaperID, Title, Year, MDate, Key, DOI) VALUES (1974, 'QA@L2F@QA@CLEF.', 2007, '2014-09-23', 'conf/clef/MendesCMRL0BM07', 'http://ceur-ws.org/Vol-1173/CLEF2007wn-QACLEF-MendesEt2007.pdf');
INSERT INTO Write (AuthorID, PaperID) VALUES (483, 1974);
INSERT INTO Author (AuthorID, Name) VALUES (484, 'Valent&iacute;n Sama');
INSERT INTO Write (AuthorID, PaperID) VALUES (484, 94);
INSERT INTO Write (AuthorID, PaperID) VALUES (484, 357);
INSERT INTO Write (AuthorID, PaperID) VALUES (484, 1450);
INSERT INTO Write (AuthorID, PaperID) VALUES (484, 2705);
INSERT INTO Write (AuthorID, PaperID) VALUES (484, 3254);
INSERT INTO Author (AuthorID, Name) VALUES (485, 'Jonas Seiler');
INSERT INTO Write (AuthorID, PaperID) VALUES (485, 829);
INSERT INTO Write (AuthorID, PaperID) VALUES (485, 1093);
INSERT INTO Write (AuthorID, PaperID) VALUES (485, 1104);
INSERT INTO Write (AuthorID, PaperID) VALUES (485, 1320);
INSERT INTO Write (AuthorID, PaperID) VALUES (485, 1609);
INSERT INTO Author (AuthorID, Name) VALUES (486, 'Esteban Castillo');
INSERT INTO Write (AuthorID, PaperID) VALUES (486, 1267);
INSERT INTO Write (AuthorID, PaperID) VALUES (486, 2075);
INSERT INTO Write (AuthorID, PaperID) VALUES (486, 2083);
INSERT INTO Write (AuthorID, PaperID) VALUES (486, 2427);
INSERT INTO Write (AuthorID, PaperID) VALUES (486, 3501);
INSERT INTO Author (AuthorID, Name) VALUES (487, 'Carsten Eickhoff');
INSERT INTO Write (AuthorID, PaperID) VALUES (487, 383);
INSERT INTO Write (AuthorID, PaperID) VALUES (487, 870);
INSERT INTO Paper (PaperID, Title, Year, MDate, Key, DOI) VALUES (932, 'Ranking and Feedback-based Stopping for Recall-Centric Document Retrieval.', 2017, '2017-08-15', 'conf/clef/HollmannE17', 'http://ceur-ws.org/Vol-1866/paper_102.pdf');
INSERT INTO Write (AuthorID, PaperID) VALUES (487, 932);
INSERT INTO Write (AuthorID, PaperID) VALUES (487, 2132);
INSERT INTO Write (AuthorID, PaperID) VALUES (487, 2327);
INSERT INTO Author (AuthorID, Name) VALUES (488, 'Parth Gupta');
INSERT INTO Write (AuthorID, PaperID) VALUES (488, 978);
INSERT INTO Write (AuthorID, PaperID) VALUES (488, 1564);
INSERT INTO Write (AuthorID, PaperID) VALUES (488, 1847);
INSERT INTO Write (AuthorID, PaperID) VALUES (488, 1979);
INSERT INTO Write (AuthorID, PaperID) VALUES (488, 2113);
INSERT INTO Author (AuthorID, Name) VALUES (489, 'Ioannis P. Vlahavas');
INSERT INTO Write (AuthorID, PaperID) VALUES (489, 380);
INSERT INTO Write (AuthorID, PaperID) VALUES (489, 745);
INSERT INTO Write (AuthorID, PaperID) VALUES (489, 1006);
INSERT INTO Write (AuthorID, PaperID) VALUES (489, 2673);
INSERT INTO Write (AuthorID, PaperID) VALUES (489, 2822);
INSERT INTO Author (AuthorID, Name) VALUES (490, 'Jos&eacute; Manuel Mart&iacute;n Ramos');
INSERT INTO Paper (PaperID, Title, Year, MDate, Key, DOI) VALUES (350, 'Crosslingual CoReMo System (Contextual Reference Monotony) - Notebook for PAN at CLEF 2011.', 2011, '2014-09-24', 'conf/clef/TorrejonR11', 'http://www.clef-initiative.eu/documents/71612/86377/CLEF2011wn-PAN-Torrejon2011.pdf');
INSERT INTO Write (AuthorID, PaperID) VALUES (490, 350);
INSERT INTO Paper (PaperID, Title, Year, MDate, Key, DOI) VALUES (638, 'CoReMo 2.3 Plagiarism Detector Text Alignment Module - Notebook for PAN at CLEF 2014.', 2014, '2016-06-03', 'conf/clef/Rodriguez-TorrejonR14', 'http://ceur-ws.org/Vol-1180/CLEF2014wn-Pan-RodriguezTorrejonEt2014.pdf');
INSERT INTO Write (AuthorID, PaperID) VALUES (490, 638);
INSERT INTO Paper (PaperID, Title, Year, MDate, Key, DOI) VALUES (1007, 'Detailed Comparison Module in CoReMo 1.9 Plagiarism Detector.', 2012, '2014-09-24', 'conf/clef/TorrejonR12', 'http://www.clef-initiative.eu/documents/71612/d15c5c36-b9c2-4faa-8c95-33467837d38b');
INSERT INTO Write (AuthorID, PaperID) VALUES (490, 1007);
INSERT INTO Paper (PaperID, Title, Year, MDate, Key, DOI) VALUES (2108, 'Text Alignment Module in CoReMo 2.1 Plagiarism Detector Notebook for PAN at CLEF 2013.', 2013, '2014-09-11', 'conf/clef/TorrejonR13', 'http://ceur-ws.org/Vol-1179/CLEF2013wn-PAN-RodriguezTorrejonEt2013.pdf');
INSERT INTO Write (AuthorID, PaperID) VALUES (490, 2108);
INSERT INTO Paper (PaperID, Title, Year, MDate, Key, DOI) VALUES (2124, 'CoReMo System (Contextual Reference Monotony) - Lab Report for PAN at CLEF 2010.', 2010, '2016-06-01', 'conf/clef/TorrejonR10', 'http://www.clef-initiative.eu/documents/71612/86374/CLEF2010wn-PAN-Rodri%CC%81guez%20Torrejo%CC%81nEt2010.pdf');
INSERT INTO Write (AuthorID, PaperID) VALUES (490, 2124);
INSERT INTO Author (AuthorID, Name) VALUES (491, 'Chokri Ben Amar');
INSERT INTO Write (AuthorID, PaperID) VALUES (491, 1510);
INSERT INTO Write (AuthorID, PaperID) VALUES (491, 2275);
INSERT INTO Write (AuthorID, PaperID) VALUES (491, 3176);
INSERT INTO Write (AuthorID, PaperID) VALUES (491, 3251);
INSERT INTO Write (AuthorID, PaperID) VALUES (491, 3313);
INSERT INTO Author (AuthorID, Name) VALUES (492, 'Bo Qiu');
INSERT INTO Paper (PaperID, Title, Year, MDate, Key, DOI) VALUES (275, 'Combining Multilevel Visual Features for Medical Image Retrieval in ImageCLEFmed 2005.', 2005, '2018-06-22', 'conf/clef/XiongQTXOF05a', 'http://ceur-ws.org/Vol-1171/CLEF2005wn-ImageCLEF-XiongEt2005.pdf');
INSERT INTO Write (AuthorID, PaperID) VALUES (492, 275);
INSERT INTO Paper (PaperID, Title, Year, MDate, Key, DOI) VALUES (1607, 'Report on the Annotation Task in ImageCLEFmed 2005.', 2005, '2018-06-22', 'conf/clef/QiuXTX05', 'http://ceur-ws.org/Vol-1171/CLEF2005wn-ImageCLEF-QiuEt2005.pdf');
INSERT INTO Write (AuthorID, PaperID) VALUES (492, 1607);
INSERT INTO Paper (PaperID, Title, Year, MDate, Key, DOI) VALUES (1770, 'A Refined SVM Applied in Medical Image Annotation.', 2006, '2017-05-24', 'conf/clef/Qiu06', 'https://doi.org/10.1007/978-3-540-74999-8_85');
INSERT INTO Write (AuthorID, PaperID) VALUES (492, 1770);
INSERT INTO Paper (PaperID, Title, Year, MDate, Key, DOI) VALUES (2409, 'Two-stage SVM for Medical Image Annotation.', 2006, '2018-06-22', 'conf/clef/QiuXT06', 'http://ceur-ws.org/Vol-1172/CLEF2006wn-ImageCLEF-QiuEt2006.pdf');
INSERT INTO Write (AuthorID, PaperID) VALUES (492, 2409);
INSERT INTO Paper (PaperID, Title, Year, MDate, Key, DOI) VALUES (2862, 'Combining Visual Features for Medical Image Retrieval and Annotation.', 2005, '2018-06-22', 'conf/clef/XiongQTXOF05', 'https://doi.org/10.1007/11878773_70');
INSERT INTO Write (AuthorID, PaperID) VALUES (492, 2862);
INSERT INTO Author (AuthorID, Name) VALUES (493, 'Hadi Amiri');
INSERT INTO Paper (PaperID, Title, Year, MDate, Key, DOI) VALUES (329, 'Investigation on Application of Local Cluster Analysis and Part of Speech Tagging on Persian Text.', 2008, '2014-09-29', 'conf/clef/JadidinejadMA08', 'http://ceur-ws.org/Vol-1174/CLEF2008wn-adhoc-JadidinejadEt2008.pdf');
INSERT INTO Write (AuthorID, PaperID) VALUES (493, 329);
INSERT INTO Write (AuthorID, PaperID) VALUES (493, 1909);
INSERT INTO Write (AuthorID, PaperID) VALUES (493, 2684);
INSERT INTO Write (AuthorID, PaperID) VALUES (493, 3344);
INSERT INTO Write (AuthorID, PaperID) VALUES (493, 3361);
INSERT INTO Author (AuthorID, Name) VALUES (494, 'George F. Foster');
INSERT INTO Paper (PaperID, Title, Year, MDate, Key, DOI) VALUES (340, 'Using COTS Search Engines and Custom Query Strategies at CLEF.', 2004, '2017-05-24', 'conf/clef/NadeauJBFJ05', 'https://doi.org/10.1007/11519645_10');
INSERT INTO Write (AuthorID, PaperID) VALUES (494, 340);
INSERT INTO Write (AuthorID, PaperID) VALUES (494, 367);
INSERT INTO Paper (PaperID, Title, Year, MDate, Key, DOI) VALUES (889, 'Quantum, a French/English Cross-Language Question Answering System.', 2003, '2014-08-15', 'conf/clef/PlamondonF03a', 'http://ceur-ws.org/Vol-1169/CLEF2003wn-QACLEF-PlamondonEt2003.pdf');
INSERT INTO Write (AuthorID, PaperID) VALUES (494, 889);
INSERT INTO Paper (PaperID, Title, Year, MDate, Key, DOI) VALUES (1927, 'Quantum, a French/English Cross-Language Question Answering System.', 2003, '2017-05-24', 'conf/clef/PlamondonF03', 'https://doi.org/10.1007/978-3-540-30222-3_53');
INSERT INTO Write (AuthorID, PaperID) VALUES (494, 1927);
INSERT INTO Paper (PaperID, Title, Year, MDate, Key, DOI) VALUES (3196, 'Using COTS Search Engines and Custom Query Strategies at CLEF.', 2004, '2014-08-15', 'conf/clef/NadeauJBFJ04', 'http://ceur-ws.org/Vol-1170/CLEF2004wn-adhoc-NadeauEt2004.pdf');
INSERT INTO Write (AuthorID, PaperID) VALUES (494, 3196);
INSERT INTO Author (AuthorID, Name) VALUES (495, 'Pierpaolo Basile');
INSERT INTO Paper (PaperID, Title, Year, MDate, Key, DOI) VALUES (1085, 'UNIBA-SENSE @ CLEF 2009: Robust WSD Task.', 2009, '2017-06-02', 'conf/clef/BasileCS09', 'https://doi.org/10.1007/978-3-642-15754-7_18');
INSERT INTO Write (AuthorID, PaperID) VALUES (495, 1085);
INSERT INTO Paper (PaperID, Title, Year, MDate, Key, DOI) VALUES (1212, 'UNIBA-SENSE at CLEF 2008: SEmantic N-levels Search Engine.', 2008, '2014-09-29', 'conf/clef/BasileCS08', 'http://ceur-ws.org/Vol-1174/CLEF2008wn-adhoc-BasileEt2008.pdf');
INSERT INTO Write (AuthorID, PaperID) VALUES (495, 1212);
INSERT INTO Paper (PaperID, Title, Year, MDate, Key, DOI) VALUES (2749, 'UNIBA-SENSE @ CLEF 2009: Robust WSD task.', 2009, '2014-09-29', 'conf/clef/BasileCS09a', 'http://ceur-ws.org/Vol-1175/CLEF2009wn-adhoc-BasileEt2009.pdf');
INSERT INTO Write (AuthorID, PaperID) VALUES (495, 2749);
INSERT INTO Paper (PaperID, Title, Year, MDate, Key, DOI) VALUES (2795, 'SENSE: SEmantic N-levels Search Engine at CLEF2008 Ad Hoc Robust-WSD Track.', 2008, '2017-06-02', 'conf/clef/CaputoBS08', 'https://doi.org/10.1007/978-3-642-04447-2_15');
INSERT INTO Write (AuthorID, PaperID) VALUES (495, 2795);
INSERT INTO Paper (PaperID, Title, Year, MDate, Key, DOI) VALUES (3499, 'An Automatic Procedure for Generating Datasets for Conversational Recommender Systems.', 2017, '2017-08-15', 'conf/clef/Suglia0BSC17', 'http://ceur-ws.org/Vol-1866/paper_197.pdf');
INSERT INTO Write (AuthorID, PaperID) VALUES (495, 3499);
INSERT INTO Author (AuthorID, Name) VALUES (496, 'Chong Wang 0002');
INSERT INTO Write (AuthorID, PaperID) VALUES (496, 353);
INSERT INTO Write (AuthorID, PaperID) VALUES (496, 564);
INSERT INTO Write (AuthorID, PaperID) VALUES (496, 1008);
INSERT INTO Write (AuthorID, PaperID) VALUES (496, 1298);
INSERT INTO Write (AuthorID, PaperID) VALUES (496, 2797);
INSERT INTO Author (AuthorID, Name) VALUES (497, 'Koen E. A. van de Sande');
INSERT INTO Paper (PaperID, Title, Year, MDate, Key, DOI) VALUES (1613, 'The University of Amsterdam''s Concept Detection System at ImageCLEF 2011.', 2011, '2014-09-24', 'conf/clef/SandeS11', 'http://www.clef-initiative.eu/documents/71612/86377/CLEF2011wn-ImageCLEF-vanDeSandeEt2011.pdf');
INSERT INTO Write (AuthorID, PaperID) VALUES (497, 1613);
INSERT INTO Paper (PaperID, Title, Year, MDate, Key, DOI) VALUES (1882, 'The University of Amsterdam''s Concept Detection System at ImageCLEF 2009.', 2009, '2014-09-29', 'conf/clef/SandeGS09a', 'http://ceur-ws.org/Vol-1175/CLEF2009wn-ImageCLEF-vandeSandeEt2009.pdf');
INSERT INTO Write (AuthorID, PaperID) VALUES (497, 1882);
INSERT INTO Paper (PaperID, Title, Year, MDate, Key, DOI) VALUES (1978, 'The University of Amsterdam''s Concept Detection System at ImageCLEF 2009.', 2009, '2017-05-24', 'conf/clef/SandeGS09', 'https://doi.org/10.1007/978-3-642-15751-6_32');
INSERT INTO Write (AuthorID, PaperID) VALUES (497, 1978);
INSERT INTO Paper (PaperID, Title, Year, MDate, Key, DOI) VALUES (2226, 'Melange: Components for Cross-Lingual Retrieval.', 2005, '2014-08-15', 'conf/clef/PfingsthornSN05', 'http://ceur-ws.org/Vol-1171/CLEF2005wn-WebCLEF-PfingsthornEt2005.pdf');
INSERT INTO Write (AuthorID, PaperID) VALUES (497, 2226);
INSERT INTO Paper (PaperID, Title, Year, MDate, Key, DOI) VALUES (2859, 'The University of Amsterdam''s Concept Detection System at ImageCLEF 2010.', 2010, '2016-06-01', 'conf/clef/SandeG10', 'http://www.clef-initiative.eu/documents/71612/86374/CLEF2010wn-ImageCLEF-van%20de%20SandeEt2010.pdf');
INSERT INTO Write (AuthorID, PaperID) VALUES (497, 2859);
INSERT INTO Author (AuthorID, Name) VALUES (498, 'Bevan Koopman');
INSERT INTO Write (AuthorID, PaperID) VALUES (498, 674);
INSERT INTO Write (AuthorID, PaperID) VALUES (498, 795);
INSERT INTO Write (AuthorID, PaperID) VALUES (498, 1326);
INSERT INTO Write (AuthorID, PaperID) VALUES (498, 2768);
INSERT INTO Write (AuthorID, PaperID) VALUES (498, 2952);
INSERT INTO Author (AuthorID, Name) VALUES (499, 'Miguel A. Garc&iacute;a-Cumbreras');
INSERT INTO Write (AuthorID, PaperID) VALUES (499, 847);
INSERT INTO Write (AuthorID, PaperID) VALUES (499, 1630);
INSERT INTO Write (AuthorID, PaperID) VALUES (499, 2288);
INSERT INTO Write (AuthorID, PaperID) VALUES (499, 3075);
INSERT INTO Write (AuthorID, PaperID) VALUES (499, 3380);
INSERT INTO Author (AuthorID, Name) VALUES (500, 'Concetto Spampinato');
INSERT INTO Write (AuthorID, PaperID) VALUES (500, 2);
INSERT INTO Write (AuthorID, PaperID) VALUES (500, 596);
INSERT INTO Write (AuthorID, PaperID) VALUES (500, 1140);
INSERT INTO Paper (PaperID, Title, Year, MDate, Key, DOI) VALUES (1269, 'Overview of the LifeCLEF 2014 Fish Task.', 2014, '2014-09-10', 'conf/clef/SpampinatoPBF14', 'http://ceur-ws.org/Vol-1180/CLEF2014wn-Life-SpampinatoEt2014.pdf');
INSERT INTO Write (AuthorID, PaperID) VALUES (500, 1269);
INSERT INTO Write (AuthorID, PaperID) VALUES (500, 1876);
INSERT INTO Author (AuthorID, Name) VALUES (501, 'St&eacute;fan Jacques Darmoni');
INSERT INTO Paper (PaperID, Title, Year, MDate, Key, DOI) VALUES (400, 'SIBM at CLEF eHealth Evaluation Lab 2016: Extracting Concepts in French Medical Texts with ECMT and CIMIND.', 2016, '2016-08-11', 'conf/clef/CabotSDD16', 'http://ceur-ws.org/Vol-1609/16090047.pdf');
INSERT INTO Write (AuthorID, PaperID) VALUES (501, 400);
INSERT INTO Paper (PaperID, Title, Year, MDate, Key, DOI) VALUES (582, 'MedIC at ImageCLEF 2006: Automatic Image Categorization and Annotation Using Combined Visual Representations.', 2006, '2018-11-14', 'conf/clef/FloreaRBBD06', 'https://www.wikidata.org/entity/Q58062677');
INSERT INTO Write (AuthorID, PaperID) VALUES (501, 582);
INSERT INTO Paper (PaperID, Title, Year, MDate, Key, DOI) VALUES (602, 'SIBM at CLEF e-Health Evaluation Lab 2015.', 2015, '2015-09-03', 'conf/clef/SoualmiaCDD15', 'http://ceur-ws.org/Vol-1391/125-CR.pdf');
INSERT INTO Write (AuthorID, PaperID) VALUES (501, 602);
INSERT INTO Paper (PaperID, Title, Year, MDate, Key, DOI) VALUES (1478, 'SIBM at CLEF eHealth Evaluation Lab 2017: Multilingual Information Extraction with CIM-IND.', 2017, '2017-08-15', 'conf/clef/CabotSD17', 'http://ceur-ws.org/Vol-1866/paper_63.pdf');
INSERT INTO Write (AuthorID, PaperID) VALUES (501, 1478);
INSERT INTO Paper (PaperID, Title, Year, MDate, Key, DOI) VALUES (1673, 'MedIC/CISMeF at ImageCLEF 2006: Image Annotation and Retrieval Tasks.', 2006, '2014-08-15', 'conf/clef/FloreaRCBD06', 'http://ceur-ws.org/Vol-1172/CLEF2006wn-ImageCLEF-FloreaEt2006.pdf');
INSERT INTO Write (AuthorID, PaperID) VALUES (501, 1673);
INSERT INTO Author (AuthorID, Name) VALUES (502, 'Heung-Seon Oh');
INSERT INTO Paper (PaperID, Title, Year, MDate, Key, DOI) VALUES (170, 'A Multiple-Stage Approach to Re-ranking Medical Documents.', 2015, '2017-05-24', 'conf/clef/OhJK15', 'https://doi.org/10.1007/978-3-319-24027-5_14');
INSERT INTO Write (AuthorID, PaperID) VALUES (502, 170);
INSERT INTO Paper (PaperID, Title, Year, MDate, Key, DOI) VALUES (289, 'A Multiple-stage Approach to Re-ranking Clinical Documents.', 2014, '2014-09-10', 'conf/clef/OhJ14', 'http://ceur-ws.org/Vol-1180/CLEF2014wn-eHealth-OhEt2014.pdf');
INSERT INTO Write (AuthorID, PaperID) VALUES (502, 289);
INSERT INTO Paper (PaperID, Title, Year, MDate, Key, DOI) VALUES (516, 'KISTI at CLEF eHealth 2017 Patient-Centered Information Retrieval Task-1: Improving Medical Document Retrieval with Query Expansion.', 2017, '2017-08-15', 'conf/clef/OhJ17', 'http://ceur-ws.org/Vol-1866/paper_84.pdf');
INSERT INTO Write (AuthorID, PaperID) VALUES (502, 516);
INSERT INTO Paper (PaperID, Title, Year, MDate, Key, DOI) VALUES (2523, 'KISTI at CLEF eHealth 2016 Task 3: Ranking Medical Documents using Word Vectors.', 2016, '2016-08-11', 'conf/clef/OhJ16', 'http://ceur-ws.org/Vol-1609/16090103.pdf');
INSERT INTO Write (AuthorID, PaperID) VALUES (502, 2523);
INSERT INTO Paper (PaperID, Title, Year, MDate, Key, DOI) VALUES (3193, 'KISTI at CLEF eHealth 2015 Task 2.', 2015, '2015-09-03', 'conf/clef/OhJK15a', 'http://ceur-ws.org/Vol-1391/17-CR.pdf');
INSERT INTO Write (AuthorID, PaperID) VALUES (502, 3193);
INSERT INTO Author (AuthorID, Name) VALUES (503, 'Sairam Gurajada');
INSERT INTO Write (AuthorID, PaperID) VALUES (503, 378);
INSERT INTO Write (AuthorID, PaperID) VALUES (503, 946);
INSERT INTO Write (AuthorID, PaperID) VALUES (503, 1034);
INSERT INTO Paper (PaperID, Title, Year, MDate, Key, DOI) VALUES (2001, 'Running SPARQL-Fulltext Queries Inside a Relational DBMS.', 2012, '2014-09-24', 'conf/clef/MishraGT12', 'http://www.clef-initiative.eu/documents/71612/4f3e7bbd-41be-449e-9a8f-923632344d0a');
INSERT INTO Write (AuthorID, PaperID) VALUES (503, 2001);
INSERT INTO Paper (PaperID, Title, Year, MDate, Key, DOI) VALUES (2552, 'SPAR-Key: Processing SPARQL-Fulltext Queries to Solve Jeopardy! Clues.', 2013, '2014-09-10', 'conf/clef/MishraGT13', 'http://ceur-ws.org/Vol-1179/CLEF2013wn-INEX-MishraEt2013.pdf');
INSERT INTO Write (AuthorID, PaperID) VALUES (503, 2552);
INSERT INTO Author (AuthorID, Name) VALUES (504, 'Stefan Kahl');
INSERT INTO Write (AuthorID, PaperID) VALUES (504, 90);
INSERT INTO Write (AuthorID, PaperID) VALUES (504, 1776);
INSERT INTO Write (AuthorID, PaperID) VALUES (504, 1856);
INSERT INTO Write (AuthorID, PaperID) VALUES (504, 2209);
INSERT INTO Write (AuthorID, PaperID) VALUES (504, 2629);
INSERT INTO Author (AuthorID, Name) VALUES (505, 'David Martins de Matos');
INSERT INTO Write (AuthorID, PaperID) VALUES (505, 219);
INSERT INTO Write (AuthorID, PaperID) VALUES (505, 506);
INSERT INTO Paper (PaperID, Title, Year, MDate, Key, DOI) VALUES (1904, 'IdSay: Question Answering for Portuguese.', 2008, '2014-09-29', 'conf/clef/CarvalhoMR08a', 'http://ceur-ws.org/Vol-1174/CLEF2008wn-QACLEF-CarvalhoEt2008.pdf');
INSERT INTO Write (AuthorID, PaperID) VALUES (505, 1904);
INSERT INTO Write (AuthorID, PaperID) VALUES (505, 1974);
INSERT INTO Paper (PaperID, Title, Year, MDate, Key, DOI) VALUES (2497, 'IdSay: Question Answering for Portuguese.', 2008, '2017-06-02', 'conf/clef/CarvalhoMR08', 'https://doi.org/10.1007/978-3-642-04447-2_40');
INSERT INTO Write (AuthorID, PaperID) VALUES (505, 2497);
INSERT INTO Author (AuthorID, Name) VALUES (506, 'Jimmy');
INSERT INTO Write (AuthorID, PaperID) VALUES (506, 531);
INSERT INTO Write (AuthorID, PaperID) VALUES (506, 795);
INSERT INTO Write (AuthorID, PaperID) VALUES (506, 910);
INSERT INTO Write (AuthorID, PaperID) VALUES (506, 2768);
INSERT INTO Write (AuthorID, PaperID) VALUES (506, 2997);
INSERT INTO Author (AuthorID, Name) VALUES (507, 'Haoliang Qi');
INSERT INTO Paper (PaperID, Title, Year, MDate, Key, DOI) VALUES (267, 'Approaches for Source Retrieval and Text Alignment of Plagiarism Detection Notebook for PAN at CLEF 2013.', 2013, '2014-09-10', 'conf/clef/KongQDWH13', 'http://ceur-ws.org/Vol-1179/CLEF2013wn-PAN-LeileiEt2013.pdf');
INSERT INTO Write (AuthorID, PaperID) VALUES (507, 267);
INSERT INTO Paper (PaperID, Title, Year, MDate, Key, DOI) VALUES (1109, 'Source Retrieval and Text Alignment Corpus Construction for Plagiarism Detection.', 2015, '2015-09-03', 'conf/clef/KongLHQHWHZ15', 'http://ceur-ws.org/Vol-1391/42-CR.pdf');
INSERT INTO Write (AuthorID, PaperID) VALUES (507, 1109);
INSERT INTO Paper (PaperID, Title, Year, MDate, Key, DOI) VALUES (1738, 'HIT2Lab at CLEF: an Exploration of the TEL Task.', 2009, '2014-09-29', 'conf/clef/HeQWYLX09', 'http://ceur-ws.org/Vol-1175/CLEF2009wn-adhoc-XiaoningEt2009.pdf');
INSERT INTO Write (AuthorID, PaperID) VALUES (507, 1738);
INSERT INTO Paper (PaperID, Title, Year, MDate, Key, DOI) VALUES (1918, 'Approaches for Candidate Document Retrieval and Detailed Comparison of Plagiarism Detection.', 2012, '2014-09-24', 'conf/clef/KongQWDWH12', 'http://www.clef-initiative.eu/documents/71612/4b5dd9dc-cc73-4599-912e-ecabb2f71fcb');
INSERT INTO Write (AuthorID, PaperID) VALUES (507, 1918);
INSERT INTO Paper (PaperID, Title, Year, MDate, Key, DOI) VALUES (2514, 'Source Retrieval Based on Learning to Rank and Text Alignment Based on Plagiarism Type Recognition for Plagiarism Detection.', 2014, '2014-09-10', 'conf/clef/KongHHYWZQ14', 'http://ceur-ws.org/Vol-1180/CLEF2014wn-Pan-KongEt2014.pdf');
INSERT INTO Write (AuthorID, PaperID) VALUES (507, 2514);
INSERT INTO Author (AuthorID, Name) VALUES (508, 'Annalina Caputo');
INSERT INTO Write (AuthorID, PaperID) VALUES (508, 1085);
INSERT INTO Write (AuthorID, PaperID) VALUES (508, 1212);
INSERT INTO Write (AuthorID, PaperID) VALUES (508, 2749);
INSERT INTO Write (AuthorID, PaperID) VALUES (508, 2795);
INSERT INTO Write (AuthorID, PaperID) VALUES (508, 3499);
INSERT INTO Author (AuthorID, Name) VALUES (509, 'Charles E. Kahn Jr.');
INSERT INTO Write (AuthorID, PaperID) VALUES (509, 631);
INSERT INTO Write (AuthorID, PaperID) VALUES (509, 1168);
INSERT INTO Write (AuthorID, PaperID) VALUES (509, 1280);
INSERT INTO Write (AuthorID, PaperID) VALUES (509, 1505);
INSERT INTO Write (AuthorID, PaperID) VALUES (509, 1537);
INSERT INTO Author (AuthorID, Name) VALUES (510, 'Matthew S. Simpson');
INSERT INTO Write (AuthorID, PaperID) VALUES (510, 127);
INSERT INTO Write (AuthorID, PaperID) VALUES (510, 869);
INSERT INTO Write (AuthorID, PaperID) VALUES (510, 1012);
INSERT INTO Write (AuthorID, PaperID) VALUES (510, 1017);
INSERT INTO Write (AuthorID, PaperID) VALUES (510, 2301);
INSERT INTO Author (AuthorID, Name) VALUES (511, 'Yuchul Jung');
INSERT INTO Write (AuthorID, PaperID) VALUES (511, 170);
INSERT INTO Write (AuthorID, PaperID) VALUES (511, 289);
INSERT INTO Write (AuthorID, PaperID) VALUES (511, 516);
INSERT INTO Write (AuthorID, PaperID) VALUES (511, 2523);
INSERT INTO Write (AuthorID, PaperID) VALUES (511, 3193);
INSERT INTO Author (AuthorID, Name) VALUES (512, 'Itheri Yahiaoui');
INSERT INTO Write (AuthorID, PaperID) VALUES (512, 837);
INSERT INTO Write (AuthorID, PaperID) VALUES (512, 867);
INSERT INTO Write (AuthorID, PaperID) VALUES (512, 1811);
INSERT INTO Write (AuthorID, PaperID) VALUES (512, 2830);
INSERT INTO Write (AuthorID, PaperID) VALUES (512, 3284);
INSERT INTO Author (AuthorID, Name) VALUES (513, 'Liting Zhou');
INSERT INTO Write (AuthorID, PaperID) VALUES (513, 249);
INSERT INTO Write (AuthorID, PaperID) VALUES (513, 383);
INSERT INTO Write (AuthorID, PaperID) VALUES (513, 920);
INSERT INTO Write (AuthorID, PaperID) VALUES (513, 1837);
INSERT INTO Write (AuthorID, PaperID) VALUES (513, 2562);
INSERT INTO Author (AuthorID, Name) VALUES (514, 'Manoj Kumar Chinnakotla');
INSERT INTO Paper (PaperID, Title, Year, MDate, Key, DOI) VALUES (2240, 'WebShodh: A Code Mixed Factoid Question Answering System for Web.', 2017, '2018-12-27', 'conf/clef/RaghaviCBS17', 'https://doi.org/10.1007/978-3-319-65813-1_9');
INSERT INTO Write (AuthorID, PaperID) VALUES (514, 2240);
INSERT INTO Paper (PaperID, Title, Year, MDate, Key, DOI) VALUES (2951, 'IIITH at BioASQ Challange 2015 Task 3b: Bio-Medical Question Answering System.', 2015, '2018-12-27', 'conf/clef/YenalaKSC15', 'http://ceur-ws.org/Vol-1391/55-CR.pdf');
INSERT INTO Write (AuthorID, PaperID) VALUES (514, 2951);
INSERT INTO Paper (PaperID, Title, Year, MDate, Key, DOI) VALUES (2985, 'Hindi and Marathi to English Cross Language Information Retrieval at CLEF 2007.', 2007, '2014-09-23', 'conf/clef/ChinnakotlaRBD07', 'http://ceur-ws.org/Vol-1173/CLEF2007wn-adhoc-KumarChinnakotlaEt2007.pdf');
INSERT INTO Write (AuthorID, PaperID) VALUES (514, 2985);
INSERT INTO Paper (PaperID, Title, Year, MDate, Key, DOI) VALUES (3015, 'Hindi to English and Marathi to English Cross Language Information Retrieval Evaluation.', 2007, '2017-05-24', 'conf/clef/ChinnakotlaRDB07', 'https://doi.org/10.1007/978-3-540-85760-0_14');
INSERT INTO Write (AuthorID, PaperID) VALUES (514, 3015);
INSERT INTO Paper (PaperID, Title, Year, MDate, Key, DOI) VALUES (3025, 'IIITH at BioASQ Challenge 2015 Task 3a: Extreme Classification of PubMed Articles using MeSH Labels.', 2015, '2018-12-27', 'conf/clef/KamineniFDSC15', 'http://ceur-ws.org/Vol-1391/54-CR.pdf');
INSERT INTO Write (AuthorID, PaperID) VALUES (514, 3025);
INSERT INTO Author (AuthorID, Name) VALUES (515, 'Olatz Ansa');
INSERT INTO Write (AuthorID, PaperID) VALUES (515, 820);
INSERT INTO Write (AuthorID, PaperID) VALUES (515, 1155);
INSERT INTO Write (AuthorID, PaperID) VALUES (515, 1446);
INSERT INTO Write (AuthorID, PaperID) VALUES (515, 2388);
INSERT INTO Write (AuthorID, PaperID) VALUES (515, 3475);
INSERT INTO Author (AuthorID, Name) VALUES (516, 'Giovanni Semeraro');
INSERT INTO Write (AuthorID, PaperID) VALUES (516, 1085);
INSERT INTO Write (AuthorID, PaperID) VALUES (516, 1212);
INSERT INTO Write (AuthorID, PaperID) VALUES (516, 2749);
INSERT INTO Write (AuthorID, PaperID) VALUES (516, 2795);
INSERT INTO Write (AuthorID, PaperID) VALUES (516, 3499);
INSERT INTO Author (AuthorID, Name) VALUES (517, 'Cyril Grouin');
INSERT INTO Write (AuthorID, PaperID) VALUES (517, 64);
INSERT INTO Write (AuthorID, PaperID) VALUES (517, 657);
INSERT INTO Write (AuthorID, PaperID) VALUES (517, 1046);
INSERT INTO Write (AuthorID, PaperID) VALUES (517, 1422);
INSERT INTO Write (AuthorID, PaperID) VALUES (517, 2398);
INSERT INTO Author (AuthorID, Name) VALUES (518, 'Eduardo F. Morales');
INSERT INTO Write (AuthorID, PaperID) VALUES (518, 116);
INSERT INTO Write (AuthorID, PaperID) VALUES (518, 550);
INSERT INTO Write (AuthorID, PaperID) VALUES (518, 2104);
INSERT INTO Write (AuthorID, PaperID) VALUES (518, 2317);
INSERT INTO Write (AuthorID, PaperID) VALUES (518, 2759);
INSERT INTO Author (AuthorID, Name) VALUES (519, 'Michael Mulcahy');
INSERT INTO Write (AuthorID, PaperID) VALUES (519, 732);
INSERT INTO Write (AuthorID, PaperID) VALUES (519, 969);
INSERT INTO Write (AuthorID, PaperID) VALUES (519, 2131);
INSERT INTO Write (AuthorID, PaperID) VALUES (519, 2414);
INSERT INTO Write (AuthorID, PaperID) VALUES (519, 2851);
INSERT INTO Author (AuthorID, Name) VALUES (520, 'Massih-Reza Amini');
INSERT INTO Write (AuthorID, PaperID) VALUES (520, 27);
INSERT INTO Write (AuthorID, PaperID) VALUES (520, 722);
INSERT INTO Write (AuthorID, PaperID) VALUES (520, 1445);
INSERT INTO Write (AuthorID, PaperID) VALUES (520, 1833);
INSERT INTO Write (AuthorID, PaperID) VALUES (520, 2734);
INSERT INTO Author (AuthorID, Name) VALUES (521, 'Anne Schuth');
INSERT INTO Write (AuthorID, PaperID) VALUES (521, 600);
INSERT INTO Write (AuthorID, PaperID) VALUES (521, 946);
INSERT INTO Write (AuthorID, PaperID) VALUES (521, 1361);
INSERT INTO Paper (PaperID, Title, Year, MDate, Key, DOI) VALUES (1682, 'Evaluation Methods for Rankings of Facetvalues for Faceted Search.', 2011, '2017-09-16', 'conf/clef/SchuthM11', 'https://doi.org/10.1007/978-3-642-23708-9_15');
INSERT INTO Write (AuthorID, PaperID) VALUES (521, 1682);
INSERT INTO Write (AuthorID, PaperID) VALUES (521, 2440);
INSERT INTO Author (AuthorID, Name) VALUES (522, 'Santiago Correa');
INSERT INTO Write (AuthorID, PaperID) VALUES (522, 416);
INSERT INTO Write (AuthorID, PaperID) VALUES (522, 1193);
INSERT INTO Write (AuthorID, PaperID) VALUES (522, 1508);
INSERT INTO Write (AuthorID, PaperID) VALUES (522, 1873);
INSERT INTO Write (AuthorID, PaperID) VALUES (522, 2618);
INSERT INTO Author (AuthorID, Name) VALUES (523, 'Guillermo Garrido');
INSERT INTO Write (AuthorID, PaperID) VALUES (523, 19);
INSERT INTO Write (AuthorID, PaperID) VALUES (523, 35);
INSERT INTO Write (AuthorID, PaperID) VALUES (523, 1643);
INSERT INTO Write (AuthorID, PaperID) VALUES (523, 1659);
INSERT INTO Write (AuthorID, PaperID) VALUES (523, 3505);
INSERT INTO Author (AuthorID, Name) VALUES (524, 'Mouna Torjmen');
INSERT INTO Write (AuthorID, PaperID) VALUES (524, 1457);
INSERT INTO Write (AuthorID, PaperID) VALUES (524, 1923);
INSERT INTO Write (AuthorID, PaperID) VALUES (524, 2389);
INSERT INTO Write (AuthorID, PaperID) VALUES (524, 2779);
INSERT INTO Write (AuthorID, PaperID) VALUES (524, 3214);
INSERT INTO Author (AuthorID, Name) VALUES (525, 'Antonio Ju&aacute;rez-Gonz&aacute;lez');
INSERT INTO Write (AuthorID, PaperID) VALUES (525, 261);
INSERT INTO Write (AuthorID, PaperID) VALUES (525, 1875);
INSERT INTO Write (AuthorID, PaperID) VALUES (525, 2339);
INSERT INTO Write (AuthorID, PaperID) VALUES (525, 2611);
INSERT INTO Write (AuthorID, PaperID) VALUES (525, 3009);
INSERT INTO Author (AuthorID, Name) VALUES (526, 'Lu&iacute;s Sarmento');
INSERT INTO Paper (PaperID, Title, Year, MDate, Key, DOI) VALUES (320, 'Hunting Answers with RAPOSA (FOX).', 2006, '2014-08-15', 'conf/clef/Sarmento06a', 'http://ceur-ws.org/Vol-1172/CLEF2006wn-QACLEF-Sarmento2006.pdf');
INSERT INTO Write (AuthorID, PaperID) VALUES (526, 320);
INSERT INTO Paper (PaperID, Title, Year, MDate, Key, DOI) VALUES (339, 'Experiments with Query Expansion in the RAPOSA (FOX) Question Answering System.', 2008, '2014-09-29', 'conf/clef/SarmentoTO08a', 'http://ceur-ws.org/Vol-1174/CLEF2008wn-QACLEF-SarmentoEt2008.pdf');
INSERT INTO Write (AuthorID, PaperID) VALUES (526, 339);
INSERT INTO Paper (PaperID, Title, Year, MDate, Key, DOI) VALUES (1721, 'Making RAPOSA (FOX) Smarter.', 2007, '2014-09-23', 'conf/clef/SarmentoO07', 'http://ceur-ws.org/Vol-1173/CLEF2007wn-QACLEF-SarmentoEt2007.pdf');
INSERT INTO Write (AuthorID, PaperID) VALUES (526, 1721);
INSERT INTO Paper (PaperID, Title, Year, MDate, Key, DOI) VALUES (2169, 'Assessing the Impact of Thesaurus-Based Expansion Techniques in QA-Centric IR.', 2008, '2017-06-02', 'conf/clef/SarmentoTO08', 'https://doi.org/10.1007/978-3-642-04447-2_37');
INSERT INTO Write (AuthorID, PaperID) VALUES (526, 2169);
INSERT INTO Paper (PaperID, Title, Year, MDate, Key, DOI) VALUES (2191, 'A First Step to Address Biography Generation as an Iterative QA Task.', 2006, '2017-05-24', 'conf/clef/Sarmento06', 'https://doi.org/10.1007/978-3-540-74999-8_56');
INSERT INTO Write (AuthorID, PaperID) VALUES (526, 2191);
INSERT INTO Author (AuthorID, Name) VALUES (527, 'Mathias Creutz');
INSERT INTO Write (AuthorID, PaperID) VALUES (527, 359);
INSERT INTO Write (AuthorID, PaperID) VALUES (527, 831);
INSERT INTO Write (AuthorID, PaperID) VALUES (527, 1131);
INSERT INTO Write (AuthorID, PaperID) VALUES (527, 1608);
INSERT INTO Write (AuthorID, PaperID) VALUES (527, 3142);
INSERT INTO Author (AuthorID, Name) VALUES (528, 'Simon Clematide');
INSERT INTO Write (AuthorID, PaperID) VALUES (528, 672);
INSERT INTO Paper (PaperID, Title, Year, MDate, Key, DOI) VALUES (808, 'Deriving an English Biomedical Silver Standard Corpus for CLEF-ER.', 2013, '2014-09-10', 'conf/clef/LewinC13', 'http://ceur-ws.org/Vol-1179/CLEF2013wn-CLEFER-LewinEt2013.pdf');
INSERT INTO Write (AuthorID, PaperID) VALUES (528, 808);
INSERT INTO Write (AuthorID, PaperID) VALUES (528, 1412);
INSERT INTO Write (AuthorID, PaperID) VALUES (528, 2350);
INSERT INTO Write (AuthorID, PaperID) VALUES (528, 2906);
INSERT INTO Author (AuthorID, Name) VALUES (529, 'Ivano Masiero');
INSERT INTO Write (AuthorID, PaperID) VALUES (529, 507);
INSERT INTO Write (AuthorID, PaperID) VALUES (529, 1194);
INSERT INTO Write (AuthorID, PaperID) VALUES (529, 1687);
INSERT INTO Write (AuthorID, PaperID) VALUES (529, 2071);
INSERT INTO Write (AuthorID, PaperID) VALUES (529, 3295);
INSERT INTO Author (AuthorID, Name) VALUES (530, 'Gianmaria Silvello');
INSERT INTO Write (AuthorID, PaperID) VALUES (530, 913);
INSERT INTO Write (AuthorID, PaperID) VALUES (530, 1194);
INSERT INTO Write (AuthorID, PaperID) VALUES (530, 2268);
INSERT INTO Write (AuthorID, PaperID) VALUES (530, 2821);
INSERT INTO Write (AuthorID, PaperID) VALUES (530, 3411);
INSERT INTO Author (AuthorID, Name) VALUES (531, 'Lynda Tamine');
INSERT INTO Paper (PaperID, Title, Year, MDate, Key, DOI) VALUES (228, 'A Product Feature-Based User-Centric Ranking Model for E-Commerce Search.', 2016, '2017-05-24', 'conf/clef/JabeurSTM15', 'https://doi.org/10.1007/978-3-319-44564-9_14');
INSERT INTO Write (AuthorID, PaperID) VALUES (531, 228);
INSERT INTO Paper (PaperID, Title, Year, MDate, Key, DOI) VALUES (514, 'IRIT at ImageCLEF 2011: Medical Retrieval Task.', 2011, '2014-09-24', 'conf/clef/DinhT11', 'http://www.clef-initiative.eu/documents/71612/86377/CLEF2011wn-ImageCLEF-DinhEt2011.pdf');
INSERT INTO Write (AuthorID, PaperID) VALUES (531, 514);
INSERT INTO Paper (PaperID, Title, Year, MDate, Key, DOI) VALUES (1933, 'Living Ranking: from Online to Real-time Information Retrieval Evaluation.', 2016, '2016-08-11', 'conf/clef/JabeurSMT16', 'http://ceur-ws.org/Vol-1609/16090587.pdf');
INSERT INTO Write (AuthorID, PaperID) VALUES (531, 1933);
INSERT INTO Paper (PaperID, Title, Year, MDate, Key, DOI) VALUES (2945, 'IRIT at CLEF 2015: A Product Search Model for Head Queries.', 2015, '2015-09-03', 'conf/clef/JabeurST15', 'http://ceur-ws.org/Vol-1391/111-CR.pdf');
INSERT INTO Write (AuthorID, PaperID) VALUES (531, 2945);
INSERT INTO Paper (PaperID, Title, Year, MDate, Key, DOI) VALUES (2982, 'IRIT at ImageCLEF 2010: Medical Retrieval Track.', 2010, '2014-09-24', 'conf/clef/DinhT10', 'http://www.clef-initiative.eu/documents/71612/86374/CLEF2010wn-ImageCLEF-DinhEt2010.pdf');
INSERT INTO Write (AuthorID, PaperID) VALUES (531, 2982);
INSERT INTO Author (AuthorID, Name) VALUES (532, 'G&aacute;bor Sz&uuml;cs');
INSERT INTO Paper (PaperID, Title, Year, MDate, Key, DOI) VALUES (15, 'SVM classification of moving objects tracked by Kalman filter and Hungarian method.', 2015, '2015-09-03', 'conf/clef/SzucsPL15', 'http://ceur-ws.org/Vol-1391/40-CR.pdf');
INSERT INTO Write (AuthorID, PaperID) VALUES (532, 15);
INSERT INTO Paper (PaperID, Title, Year, MDate, Key, DOI) VALUES (2357, 'Object Detection, Classification, Tracking and individual Recognition for Sea Images and Videos.', 2016, '2016-08-11', 'conf/clef/PappLS16', 'http://ceur-ws.org/Vol-1609/16090525.pdf');
INSERT INTO Write (AuthorID, PaperID) VALUES (532, 2357);
INSERT INTO Paper (PaperID, Title, Year, MDate, Key, DOI) VALUES (2487, 'Viewpoints Combined Classification Method in Image-based Plant Identification Task.', 2014, '2014-09-10', 'conf/clef/SzucsPL14', 'http://ceur-ws.org/Vol-1180/CLEF2014wn-Life-SzucsEt2014.pdf');
INSERT INTO Write (AuthorID, PaperID) VALUES (532, 2487);
INSERT INTO Paper (PaperID, Title, Year, MDate, Key, DOI) VALUES (3257, 'Image Matching for Individual Recognition with SIFT, RANSAC and MCL.', 2017, '2017-08-15', 'conf/clef/PappMS17', 'http://ceur-ws.org/Vol-1866/paper_163.pdf');
INSERT INTO Write (AuthorID, PaperID) VALUES (532, 3257);
INSERT INTO Paper (PaperID, Title, Year, MDate, Key, DOI) VALUES (3526, 'Deep Learning and SVM Classification for Plant Recognition in Content-Based Large Scale Image Retrieval.', 2016, '2016-10-05', 'conf/clef/TothTPS16', 'http://ceur-ws.org/Vol-1609/16090569.pdf');
INSERT INTO Write (AuthorID, PaperID) VALUES (532, 3526);
INSERT INTO Author (AuthorID, Name) VALUES (533, 'Luis Enrique Sucar');
INSERT INTO Write (AuthorID, PaperID) VALUES (533, 116);
INSERT INTO Write (AuthorID, PaperID) VALUES (533, 550);
INSERT INTO Write (AuthorID, PaperID) VALUES (533, 2104);
INSERT INTO Write (AuthorID, PaperID) VALUES (533, 2317);
INSERT INTO Write (AuthorID, PaperID) VALUES (533, 2759);
INSERT INTO Author (AuthorID, Name) VALUES (534, 'Alexei Belov');
INSERT INTO Paper (PaperID, Title, Year, MDate, Key, DOI) VALUES (883, 'Developing High-resolution Universal Multy-type n-gram Text Similarity Detector.', 2014, '2014-09-10', 'conf/clef/PalkovskiiB14', 'http://ceur-ws.org/Vol-1180/CLEF2014wn-Pan-PalkovskiiEt2014.pdf');
INSERT INTO Write (AuthorID, PaperID) VALUES (534, 883);
INSERT INTO Paper (PaperID, Title, Year, MDate, Key, DOI) VALUES (1592, 'Exploring Fingerprinting as External Plagiarism Detection Method - Lab Report for PAN at CLEF 2010.', 2010, '2014-09-24', 'conf/clef/PalkovskiiBM10', 'http://www.clef-initiative.eu/documents/71612/86374/CLEF2010wn-PAN-PalkovskiiEt2010.pdf');
INSERT INTO Write (AuthorID, PaperID) VALUES (534, 1592);
INSERT INTO Paper (PaperID, Title, Year, MDate, Key, DOI) VALUES (1881, 'Using Hybrid Similarity Methods for Plagiarism Detection Notebook for PAN at CLEF 2013.', 2013, '2014-09-10', 'conf/clef/PalkovskiiB13', 'http://ceur-ws.org/Vol-1179/CLEF2013wn-PAN-PalkovskiiEt2013.pdf');
INSERT INTO Write (AuthorID, PaperID) VALUES (534, 1881);
INSERT INTO Paper (PaperID, Title, Year, MDate, Key, DOI) VALUES (2597, 'Using WordNet-based Semantic Similarity Measurement in External Plagiarism Detection - Notebook for PAN at CLEF 2011.', 2011, '2014-09-24', 'conf/clef/PalkovskiiBM11', 'http://www.clef-initiative.eu/documents/71612/86377/CLEF2011wn-PAN-PalkovskiiEt2011.pdf');
INSERT INTO Write (AuthorID, PaperID) VALUES (534, 2597);
INSERT INTO Paper (PaperID, Title, Year, MDate, Key, DOI) VALUES (2872, 'Applying Specific Clusterization and Fingerprint Density Distribution with Genetic Algorithm Overall Tuning in External Plagiarism Detection.', 2012, '2014-09-24', 'conf/clef/PalkovskiiB12', 'http://www.clef-initiative.eu/documents/71612/00b0c9b8-8a9e-4f6a-aebd-0953efdf852b');
INSERT INTO Write (AuthorID, PaperID) VALUES (534, 2872);
INSERT INTO Author (AuthorID, Name) VALUES (535, 'D&aacute;vid Papp');
INSERT INTO Write (AuthorID, PaperID) VALUES (535, 15);
INSERT INTO Write (AuthorID, PaperID) VALUES (535, 2357);
INSERT INTO Write (AuthorID, PaperID) VALUES (535, 2487);
INSERT INTO Write (AuthorID, PaperID) VALUES (535, 3257);
INSERT INTO Write (AuthorID, PaperID) VALUES (535, 3526);
INSERT INTO Author (AuthorID, Name) VALUES (536, 'Anni J&auml;rvelin');
INSERT INTO Write (AuthorID, PaperID) VALUES (536, 344);
INSERT INTO Write (AuthorID, PaperID) VALUES (536, 376);
INSERT INTO Paper (PaperID, Title, Year, MDate, Key, DOI) VALUES (1958, 'Towards Improving Search Results for Medical Experts and Laypersons.', 2012, '2014-09-24', 'conf/clef/FribergJ12', 'http://www.clef-initiative.eu/documents/71612/805108e6-9a14-451f-b7a5-0827c7345f4c');
INSERT INTO Write (AuthorID, PaperID) VALUES (536, 1958);
INSERT INTO Write (AuthorID, PaperID) VALUES (536, 2791);
INSERT INTO Write (AuthorID, PaperID) VALUES (536, 2958);
INSERT INTO Author (AuthorID, Name) VALUES (537, 'Cristian Grozea');
INSERT INTO Paper (PaperID, Title, Year, MDate, Key, DOI) VALUES (67, 'Encoplot - Tuned for High Recall (also Proposing a New Plagiarism Detection Score).', 2012, '2014-09-24', 'conf/clef/GrozeaP12', 'http://www.clef-initiative.eu/documents/71612/8e0512ad-aea1-4441-a2d8-36cf8ed83eec');
INSERT INTO Write (AuthorID, PaperID) VALUES (537, 67);
INSERT INTO Paper (PaperID, Title, Year, MDate, Key, DOI) VALUES (107, 'Brainsignals Submission to Plant Identification Task at ImageCLEF 2012.', 2012, '2014-09-24', 'conf/clef/Grozea12', 'http://www.clef-initiative.eu/documents/71612/07492838-ce24-4da4-931d-bf97b5bd4a92');
INSERT INTO Write (AuthorID, PaperID) VALUES (537, 107);
INSERT INTO Paper (PaperID, Title, Year, MDate, Key, DOI) VALUES (212, 'Encoplot - Performance in the Second International Plagiarism Detection Challenge - Lab Report for PAN at CLEF 2010 .', 2010, '2014-09-24', 'conf/clef/GrozeaP10', 'http://www.clef-initiative.eu/documents/71612/86374/CLEF2010wn-PAN-GrozeaEt2010.pdf');
INSERT INTO Write (AuthorID, PaperID) VALUES (537, 212);
INSERT INTO Paper (PaperID, Title, Year, MDate, Key, DOI) VALUES (3064, 'Kernel Methods and String Kernels for Authorship Analysis.', 2012, '2014-09-24', 'conf/clef/PopescuG12', 'http://www.clef-initiative.eu/documents/71612/1ac61df8-6706-4821-a9fb-09697371aad3');
INSERT INTO Write (AuthorID, PaperID) VALUES (537, 3064);
INSERT INTO Paper (PaperID, Title, Year, MDate, Key, DOI) VALUES (3381, 'The Encoplot Similarity Measure for Automatic Detection of Plagiarism - Notebook for PAN at CLEF 2011.', 2011, '2014-09-24', 'conf/clef/GrozeaP11', 'http://www.clef-initiative.eu/documents/71612/86377/CLEF2011wn-PAN-GrozeaEt2011.pdf');
INSERT INTO Write (AuthorID, PaperID) VALUES (537, 3381);
INSERT INTO Author (AuthorID, Name) VALUES (538, 'Iv&aacute;n Vladimir Meza Ru&iacute;z');
INSERT INTO Paper (PaperID, Title, Year, MDate, Key, DOI) VALUES (1110, 'Homotopy Based Classification for Author Verification Task: Notebook for PAN at CLEF 2015.', 2015, '2016-07-07', 'conf/clef/HernandezCLPR15', 'http://ceur-ws.org/Vol-1391/74-CR.pdf');
INSERT INTO Write (AuthorID, PaperID) VALUES (538, 1110);
INSERT INTO Paper (PaperID, Title, Year, MDate, Key, DOI) VALUES (1986, 'SVM Candidates and Sparse Representation for Bird Identification.', 2014, '2015-09-03', 'conf/clef/MartinezSOFR14', 'http://ceur-ws.org/Vol-1180/CLEF2014wn-Life-MartinezEt2014.pdf');
INSERT INTO Write (AuthorID, PaperID) VALUES (538, 1986);
INSERT INTO Paper (PaperID, Title, Year, MDate, Key, DOI) VALUES (2871, 'A Fast Baseline System for Large Scale Bird Identification.', 2015, '2016-07-09', 'conf/clef/RuizGHO15', 'http://ceur-ws.org/Vol-1391/79-CR.pdf');
INSERT INTO Write (AuthorID, PaperID) VALUES (538, 2871);
INSERT INTO Paper (PaperID, Title, Year, MDate, Key, DOI) VALUES (2938, 'A Single Author Style Representation for the Author Verification Task.', 2014, '2015-09-03', 'conf/clef/MayorHCMLFR14', 'http://ceur-ws.org/Vol-1180/CLEF2014wn-Pan-MayorEt2014.pdf');
INSERT INTO Write (AuthorID, PaperID) VALUES (538, 2938);
INSERT INTO Write (AuthorID, PaperID) VALUES (538, 3362);
INSERT INTO Author (AuthorID, Name) VALUES (539, '&Aacute;ngel Mart&iacute;nez-Gonz&aacute;lez');
INSERT INTO Write (AuthorID, PaperID) VALUES (539, 202);
INSERT INTO Write (AuthorID, PaperID) VALUES (539, 2141);
INSERT INTO Write (AuthorID, PaperID) VALUES (539, 2260);
INSERT INTO Write (AuthorID, PaperID) VALUES (539, 3091);
INSERT INTO Write (AuthorID, PaperID) VALUES (539, 3527);
INSERT INTO Author (AuthorID, Name) VALUES (540, 'Birger Larsen');
INSERT INTO Write (AuthorID, PaperID) VALUES (540, 337);
INSERT INTO Write (AuthorID, PaperID) VALUES (540, 1618);
INSERT INTO Write (AuthorID, PaperID) VALUES (540, 2055);
INSERT INTO Write (AuthorID, PaperID) VALUES (540, 2781);
INSERT INTO Write (AuthorID, PaperID) VALUES (540, 3321);
INSERT INTO Author (AuthorID, Name) VALUES (541, 'Aude Robert');
INSERT INTO Write (AuthorID, PaperID) VALUES (541, 190);
INSERT INTO Write (AuthorID, PaperID) VALUES (541, 531);
INSERT INTO Write (AuthorID, PaperID) VALUES (541, 657);
INSERT INTO Write (AuthorID, PaperID) VALUES (541, 822);
INSERT INTO Write (AuthorID, PaperID) VALUES (541, 1422);
INSERT INTO Author (AuthorID, Name) VALUES (542, 'Zhisheng Li');
INSERT INTO Write (AuthorID, PaperID) VALUES (542, 353);
INSERT INTO Write (AuthorID, PaperID) VALUES (542, 564);
INSERT INTO Write (AuthorID, PaperID) VALUES (542, 1008);
INSERT INTO Write (AuthorID, PaperID) VALUES (542, 1298);
INSERT INTO Write (AuthorID, PaperID) VALUES (542, 2797);
INSERT INTO Author (AuthorID, Name) VALUES (543, 'Ashnil Kumar');
INSERT INTO Paper (PaperID, Title, Year, MDate, Key, DOI) VALUES (262, 'Convolutional Neural Networks for Subfigure Classification.', 2015, '2016-04-04', 'conf/clef/LyndonKKLF15a', 'http://ceur-ws.org/Vol-1391/53-CR.pdf');
INSERT INTO Write (AuthorID, PaperID) VALUES (543, 262);
INSERT INTO Paper (PaperID, Title, Year, MDate, Key, DOI) VALUES (614, 'Automatic Annotation of Liver CT Images: the Submission of the BMET Group to ImageCLEFmed 2014.', 2014, '2016-04-04', 'conf/clef/KumarDLLK14', 'http://ceur-ws.org/Vol-1180/CLEF2014wn-Image-KumarEt2014.pdf');
INSERT INTO Write (AuthorID, PaperID) VALUES (543, 614);
INSERT INTO Paper (PaperID, Title, Year, MDate, Key, DOI) VALUES (650, 'Convolutional Neural Networks for Medical Clustering.', 2015, '2016-04-04', 'conf/clef/LyndonKKLF15', 'http://ceur-ws.org/Vol-1391/52-CR.pdf');
INSERT INTO Write (AuthorID, PaperID) VALUES (543, 650);
INSERT INTO Paper (PaperID, Title, Year, MDate, Key, DOI) VALUES (1850, 'Subfigure and Multi-Label Classification using a Fine-Tuned Convolutional Neural Network.', 2016, '2016-08-11', 'conf/clef/KumarLKF16', 'http://ceur-ws.org/Vol-1609/16090318.pdf');
INSERT INTO Write (AuthorID, PaperID) VALUES (543, 1850);
INSERT INTO Paper (PaperID, Title, Year, MDate, Key, DOI) VALUES (2858, 'Neural Captioning for the ImageCLEF 2017 Medical Image Challenges.', 2017, '2017-08-15', 'conf/clef/LyndonKK17', 'http://ceur-ws.org/Vol-1866/paper_145.pdf');
INSERT INTO Write (AuthorID, PaperID) VALUES (543, 2858);
INSERT INTO Author (AuthorID, Name) VALUES (544, 'Javier Parapar');
INSERT INTO Write (AuthorID, PaperID) VALUES (544, 58);
INSERT INTO Write (AuthorID, PaperID) VALUES (544, 729);
INSERT INTO Write (AuthorID, PaperID) VALUES (544, 2312);
INSERT INTO Write (AuthorID, PaperID) VALUES (544, 3060);
INSERT INTO Write (AuthorID, PaperID) VALUES (544, 3303);
INSERT INTO Author (AuthorID, Name) VALUES (545, 'Simon Suchomel');
INSERT INTO Write (AuthorID, PaperID) VALUES (545, 2119);
INSERT INTO Write (AuthorID, PaperID) VALUES (545, 2376);
INSERT INTO Write (AuthorID, PaperID) VALUES (545, 2816);
INSERT INTO Write (AuthorID, PaperID) VALUES (545, 2989);
INSERT INTO Write (AuthorID, PaperID) VALUES (545, 3293);
INSERT INTO Author (AuthorID, Name) VALUES (546, 'Roser Morante');
INSERT INTO Write (AuthorID, PaperID) VALUES (546, 346);
INSERT INTO Write (AuthorID, PaperID) VALUES (546, 896);
INSERT INTO Write (AuthorID, PaperID) VALUES (546, 1831);
INSERT INTO Write (AuthorID, PaperID) VALUES (546, 2468);
INSERT INTO Write (AuthorID, PaperID) VALUES (546, 2711);
INSERT INTO Author (AuthorID, Name) VALUES (547, 'Martin Halvey');
INSERT INTO Write (AuthorID, PaperID) VALUES (547, 681);
INSERT INTO Write (AuthorID, PaperID) VALUES (547, 699);
INSERT INTO Write (AuthorID, PaperID) VALUES (547, 1418);
INSERT INTO Write (AuthorID, PaperID) VALUES (547, 2515);
INSERT INTO Write (AuthorID, PaperID) VALUES (547, 2765);
INSERT INTO Author (AuthorID, Name) VALUES (548, 'Arunav Mishra');
INSERT INTO Write (AuthorID, PaperID) VALUES (548, 378);
INSERT INTO Write (AuthorID, PaperID) VALUES (548, 946);
INSERT INTO Write (AuthorID, PaperID) VALUES (548, 1034);
INSERT INTO Write (AuthorID, PaperID) VALUES (548, 2001);
INSERT INTO Write (AuthorID, PaperID) VALUES (548, 2552);
INSERT INTO Author (AuthorID, Name) VALUES (549, 'Martin Theobald');
INSERT INTO Write (AuthorID, PaperID) VALUES (549, 378);
INSERT INTO Write (AuthorID, PaperID) VALUES (549, 946);
INSERT INTO Write (AuthorID, PaperID) VALUES (549, 1034);
INSERT INTO Write (AuthorID, PaperID) VALUES (549, 2001);
INSERT INTO Write (AuthorID, PaperID) VALUES (549, 2552);
INSERT INTO Author (AuthorID, Name) VALUES (550, 'Habibollah Asghari');
INSERT INTO Paper (PaperID, Title, Year, MDate, Key, DOI) VALUES (459, 'Evaluation of Text Reuse Corpora for Text Alignment Task of plagiarism Detection.', 2015, '2015-09-03', 'conf/clef/ZarrabiRKAM15', 'http://ceur-ws.org/Vol-1391/147-CR.pdf');
INSERT INTO Write (AuthorID, PaperID) VALUES (550, 459);
INSERT INTO Paper (PaperID, Title, Year, MDate, Key, DOI) VALUES (540, 'Developing Monolingual English Corpus for Plagiarism Detection using Human Annotated Paraphrase Corpus.', 2015, '2015-09-03', 'conf/clef/MohtajAZ15', 'http://ceur-ws.org/Vol-1391/144-CR.pdf');
INSERT INTO Write (AuthorID, PaperID) VALUES (550, 540);
INSERT INTO Paper (PaperID, Title, Year, MDate, Key, DOI) VALUES (903, 'Developing Bilingual Plagiarism Detection Corpus Using Sentence Aligned Parallel Corpus: Notebook for PAN at CLEF 2015.', 2015, '2015-09-03', 'conf/clef/AsghariKFF15', 'http://ceur-ws.org/Vol-1391/148-CR.pdf');
INSERT INTO Write (AuthorID, PaperID) VALUES (550, 903);
INSERT INTO Paper (PaperID, Title, Year, MDate, Key, DOI) VALUES (1144, 'Developing Monolingual Persian Corpus for Extrinsic Plagiarism Detection Using Artificial Obfuscation: Notebook for PAN at CLEF 2015.', 2015, '2015-09-03', 'conf/clef/KhoshnavataherZ15', 'http://ceur-ws.org/Vol-1391/146-CR.pdf');
INSERT INTO Write (AuthorID, PaperID) VALUES (550, 1144);
INSERT INTO Paper (PaperID, Title, Year, MDate, Key, DOI) VALUES (2255, 'Source Retrieval Plagiarism Detection based on Weighted Noun phrase and Key phrase Extraction.', 2015, '2015-09-03', 'conf/clef/RafieiMZA15', 'http://ceur-ws.org/Vol-1391/143-CR.pdf');
INSERT INTO Write (AuthorID, PaperID) VALUES (550, 2255);
INSERT INTO Author (AuthorID, Name) VALUES (551, 'Md Zia Ullah');
INSERT INTO Write (AuthorID, PaperID) VALUES (551, 1033);
INSERT INTO Write (AuthorID, PaperID) VALUES (551, 2030);
INSERT INTO Write (AuthorID, PaperID) VALUES (551, 2326);
INSERT INTO Write (AuthorID, PaperID) VALUES (551, 2513);
INSERT INTO Write (AuthorID, PaperID) VALUES (551, 2806);
INSERT INTO Author (AuthorID, Name) VALUES (552, 'Diego Antonio Rodr&iacute;guez Torrej&oacute;n');
INSERT INTO Write (AuthorID, PaperID) VALUES (552, 350);
INSERT INTO Write (AuthorID, PaperID) VALUES (552, 638);
INSERT INTO Write (AuthorID, PaperID) VALUES (552, 1007);
INSERT INTO Write (AuthorID, PaperID) VALUES (552, 2108);
INSERT INTO Write (AuthorID, PaperID) VALUES (552, 2124);
INSERT INTO Author (AuthorID, Name) VALUES (553, 'Suzana Loskovska');
INSERT INTO Write (AuthorID, PaperID) VALUES (553, 489);
INSERT INTO Write (AuthorID, PaperID) VALUES (553, 1211);
INSERT INTO Write (AuthorID, PaperID) VALUES (553, 2029);
INSERT INTO Write (AuthorID, PaperID) VALUES (553, 2126);
INSERT INTO Write (AuthorID, PaperID) VALUES (553, 2763);
INSERT INTO Author (AuthorID, Name) VALUES (554, 'Dolf Trieschnigg');
INSERT INTO Write (AuthorID, PaperID) VALUES (554, 169);
INSERT INTO Write (AuthorID, PaperID) VALUES (554, 994);
INSERT INTO Write (AuthorID, PaperID) VALUES (554, 1090);
INSERT INTO Write (AuthorID, PaperID) VALUES (554, 2505);
INSERT INTO Write (AuthorID, PaperID) VALUES (554, 2568);
INSERT INTO Author (AuthorID, Name) VALUES (555, 'Nawal Ould Amer');
INSERT INTO Write (AuthorID, PaperID) VALUES (555, 59);
INSERT INTO Write (AuthorID, PaperID) VALUES (555, 243);
INSERT INTO Write (AuthorID, PaperID) VALUES (555, 1398);
INSERT INTO Write (AuthorID, PaperID) VALUES (555, 1623);
INSERT INTO Write (AuthorID, PaperID) VALUES (555, 1762);
INSERT INTO Author (AuthorID, Name) VALUES (556, 'Mandar Mitra');
INSERT INTO Write (AuthorID, PaperID) VALUES (556, 178);
INSERT INTO Write (AuthorID, PaperID) VALUES (556, 312);
INSERT INTO Write (AuthorID, PaperID) VALUES (556, 2664);
INSERT INTO Write (AuthorID, PaperID) VALUES (556, 2764);
INSERT INTO Write (AuthorID, PaperID) VALUES (556, 3056);
INSERT INTO Author (AuthorID, Name) VALUES (557, 'Theo Gevers');
INSERT INTO Write (AuthorID, PaperID) VALUES (557, 71);
INSERT INTO Write (AuthorID, PaperID) VALUES (557, 1044);
INSERT INTO Write (AuthorID, PaperID) VALUES (557, 1882);
INSERT INTO Write (AuthorID, PaperID) VALUES (557, 1978);
INSERT INTO Write (AuthorID, PaperID) VALUES (557, 2859);
INSERT INTO Author (AuthorID, Name) VALUES (558, 'Xabier Arregi');
INSERT INTO Write (AuthorID, PaperID) VALUES (558, 820);
INSERT INTO Write (AuthorID, PaperID) VALUES (558, 1155);
INSERT INTO Write (AuthorID, PaperID) VALUES (558, 1446);
INSERT INTO Write (AuthorID, PaperID) VALUES (558, 2388);
INSERT INTO Write (AuthorID, PaperID) VALUES (558, 3475);
INSERT INTO Author (AuthorID, Name) VALUES (559, 'Marc El-B&egrave;ze');
INSERT INTO Write (AuthorID, PaperID) VALUES (559, 291);
INSERT INTO Write (AuthorID, PaperID) VALUES (559, 1042);
INSERT INTO Write (AuthorID, PaperID) VALUES (559, 1425);
INSERT INTO Write (AuthorID, PaperID) VALUES (559, 2441);
INSERT INTO Write (AuthorID, PaperID) VALUES (559, 2602);
INSERT INTO Author (AuthorID, Name) VALUES (560, 'Emmanuel Desmontils');
INSERT INTO Write (AuthorID, PaperID) VALUES (560, 220);
INSERT INTO Write (AuthorID, PaperID) VALUES (560, 1982);
INSERT INTO Write (AuthorID, PaperID) VALUES (560, 2591);
INSERT INTO Write (AuthorID, PaperID) VALUES (560, 2866);
INSERT INTO Write (AuthorID, PaperID) VALUES (560, 3178);
INSERT INTO Author (AuthorID, Name) VALUES (561, 'Hongfang Liu');
INSERT INTO Paper (PaperID, Title, Year, MDate, Key, DOI) VALUES (276, 'Integrated cTAKES for Concept Mention Detection and Normalization.', 2013, '2014-09-10', 'conf/clef/LiuWJS13', 'http://ceur-ws.org/Vol-1179/CLEF2013wn-CLEFeHealth-LiuEt2013.pdf');
INSERT INTO Write (AuthorID, PaperID) VALUES (561, 276);
INSERT INTO Paper (PaperID, Title, Year, MDate, Key, DOI) VALUES (839, 'An Incremental Approach for MEDLINE MeSH Indexing.', 2013, '2014-08-15', 'conf/clef/ZhuLCL13', 'http://ceur-ws.org/Vol-1094/bioasq2013_submission_7.pdf');
INSERT INTO Write (AuthorID, PaperID) VALUES (561, 839);
INSERT INTO Paper (PaperID, Title, Year, MDate, Key, DOI) VALUES (2341, 'MayoBMI at ImageCLEF 2016 Handwritten Document Retrieval Task.', 2016, '2017-12-14', 'conf/clef/LiuWMLL16', 'http://ceur-ws.org/Vol-1609/16090347.pdf');
INSERT INTO Write (AuthorID, PaperID) VALUES (561, 2341);
INSERT INTO Paper (PaperID, Title, Year, MDate, Key, DOI) VALUES (2573, 'Using Discharge Summaries to Improve Information Retrieval in Clinical Domain.', 2013, '2016-08-29', 'conf/clef/ZhuWMCL13', 'http://ceur-ws.org/Vol-1179/CLEF2013wn-CLEFeHealth-ZhuEt2013.pdf');
INSERT INTO Write (AuthorID, PaperID) VALUES (561, 2573);
INSERT INTO Paper (PaperID, Title, Year, MDate, Key, DOI) VALUES (2677, 'MayoNLPTeam at the 2016 CLEF eHealth Information Retrieval Task 1.', 2016, '2016-08-29', 'conf/clef/WangWL16', 'http://ceur-ws.org/Vol-1609/16090198.pdf');
INSERT INTO Write (AuthorID, PaperID) VALUES (561, 2677);
INSERT INTO Author (AuthorID, Name) VALUES (562, 'Patrick Juola');
INSERT INTO Write (AuthorID, PaperID) VALUES (562, 187);
INSERT INTO Write (AuthorID, PaperID) VALUES (562, 1386);
INSERT INTO Paper (PaperID, Title, Year, MDate, Key, DOI) VALUES (2328, 'Overview of the International Authorship Identification Competition at PAN-2011.', 2011, '2014-09-24', 'conf/clef/ArgamonJ11', 'http://www.clef-initiative.eu/documents/71612/86377/CLEF2011wn-PAN-ArgamonEt2011.pdf');
INSERT INTO Write (AuthorID, PaperID) VALUES (562, 2328);
INSERT INTO Write (AuthorID, PaperID) VALUES (562, 2572);
INSERT INTO Paper (PaperID, Title, Year, MDate, Key, DOI) VALUES (3010, 'An Overview of the Traditional Authorship Attribution Subtask.', 2012, '2014-09-24', 'conf/clef/Juola12', 'http://www.clef-initiative.eu/documents/71612/6eedb34d-afda-4f7b-a847-0b99db065033');
INSERT INTO Write (AuthorID, PaperID) VALUES (562, 3010);
INSERT INTO Author (AuthorID, Name) VALUES (563, 'Ilia Markov');
INSERT INTO Write (AuthorID, PaperID) VALUES (563, 2303);
INSERT INTO Write (AuthorID, PaperID) VALUES (563, 2553);
INSERT INTO Write (AuthorID, PaperID) VALUES (563, 2783);
INSERT INTO Write (AuthorID, PaperID) VALUES (563, 3201);
INSERT INTO Write (AuthorID, PaperID) VALUES (563, 3503);
INSERT INTO Author (AuthorID, Name) VALUES (564, 'Ricardo Ribeiro 0001');
INSERT INTO Write (AuthorID, PaperID) VALUES (564, 219);
INSERT INTO Write (AuthorID, PaperID) VALUES (564, 255);
INSERT INTO Write (AuthorID, PaperID) VALUES (564, 506);
INSERT INTO Write (AuthorID, PaperID) VALUES (564, 951);
INSERT INTO Write (AuthorID, PaperID) VALUES (564, 1974);
INSERT INTO Author (AuthorID, Name) VALUES (565, 'Anna Vartapetiance');
INSERT INTO Write (AuthorID, PaperID) VALUES (565, 588);
INSERT INTO Write (AuthorID, PaperID) VALUES (565, 1846);
INSERT INTO Write (AuthorID, PaperID) VALUES (565, 2715);
INSERT INTO Write (AuthorID, PaperID) VALUES (565, 3143);
INSERT INTO Write (AuthorID, PaperID) VALUES (565, 3281);
INSERT INTO Author (AuthorID, Name) VALUES (566, 'Fa&iuml;ez Gargouri');
INSERT INTO Write (AuthorID, PaperID) VALUES (566, 384);
INSERT INTO Write (AuthorID, PaperID) VALUES (566, 2480);
INSERT INTO Write (AuthorID, PaperID) VALUES (566, 2748);
INSERT INTO Write (AuthorID, PaperID) VALUES (566, 2772);
INSERT INTO Write (AuthorID, PaperID) VALUES (566, 3283);
INSERT INTO Author (AuthorID, Name) VALUES (567, 'Carlos A. Hern&aacute;ndez');
INSERT INTO Write (AuthorID, PaperID) VALUES (567, 116);
INSERT INTO Write (AuthorID, PaperID) VALUES (567, 550);
INSERT INTO Write (AuthorID, PaperID) VALUES (567, 2104);
INSERT INTO Write (AuthorID, PaperID) VALUES (567, 2317);
INSERT INTO Write (AuthorID, PaperID) VALUES (567, 2759);
INSERT INTO Author (AuthorID, Name) VALUES (568, 'Yurii Palkovskii');
INSERT INTO Write (AuthorID, PaperID) VALUES (568, 883);
INSERT INTO Write (AuthorID, PaperID) VALUES (568, 1592);
INSERT INTO Write (AuthorID, PaperID) VALUES (568, 1881);
INSERT INTO Write (AuthorID, PaperID) VALUES (568, 2597);
INSERT INTO Write (AuthorID, PaperID) VALUES (568, 2872);
INSERT INTO Author (AuthorID, Name) VALUES (569, 'Marin Ferecatu');
INSERT INTO Write (AuthorID, PaperID) VALUES (569, 1013);
INSERT INTO Write (AuthorID, PaperID) VALUES (569, 1511);
INSERT INTO Write (AuthorID, PaperID) VALUES (569, 1611);
INSERT INTO Write (AuthorID, PaperID) VALUES (569, 1833);
INSERT INTO Write (AuthorID, PaperID) VALUES (569, 2263);
INSERT INTO Author (AuthorID, Name) VALUES (570, 'Elaine G. Toms');
INSERT INTO Write (AuthorID, PaperID) VALUES (570, 507);
INSERT INTO Paper (PaperID, Title, Year, MDate, Key, DOI) VALUES (713, '"Would You Trust Your IR System to Choose Your Date?" Re-thinking IR Evaluation in the 21st Century.', 2011, '2018-06-26', 'conf/clef/Toms11', 'https://doi.org/10.1007/978-3-642-23708-9_1');
INSERT INTO Write (AuthorID, PaperID) VALUES (570, 713);
INSERT INTO Write (AuthorID, PaperID) VALUES (570, 1437);
INSERT INTO Write (AuthorID, PaperID) VALUES (570, 1678);
INSERT INTO Write (AuthorID, PaperID) VALUES (570, 2589);
INSERT INTO Author (AuthorID, Name) VALUES (571, 'Lu&iacute;sa Coheur');
INSERT INTO Write (AuthorID, PaperID) VALUES (571, 219);
INSERT INTO Write (AuthorID, PaperID) VALUES (571, 255);
INSERT INTO Write (AuthorID, PaperID) VALUES (571, 506);
INSERT INTO Write (AuthorID, PaperID) VALUES (571, 951);
INSERT INTO Write (AuthorID, PaperID) VALUES (571, 1974);
INSERT INTO Author (AuthorID, Name) VALUES (572, 'Gabriella Kazai');
INSERT INTO Write (AuthorID, PaperID) VALUES (572, 378);
INSERT INTO Write (AuthorID, PaperID) VALUES (572, 1438);
INSERT INTO Write (AuthorID, PaperID) VALUES (572, 2460);
INSERT INTO Write (AuthorID, PaperID) VALUES (572, 2584);
INSERT INTO Write (AuthorID, PaperID) VALUES (572, 3458);
INSERT INTO Author (AuthorID, Name) VALUES (573, 'Julien Ah-Pine');
INSERT INTO Write (AuthorID, PaperID) VALUES (573, 137);
INSERT INTO Write (AuthorID, PaperID) VALUES (573, 1213);
INSERT INTO Write (AuthorID, PaperID) VALUES (573, 1253);
INSERT INTO Write (AuthorID, PaperID) VALUES (573, 2424);
INSERT INTO Write (AuthorID, PaperID) VALUES (573, 3221);
INSERT INTO Author (AuthorID, Name) VALUES (574, 'Karim Benzineb');
INSERT INTO Write (AuthorID, PaperID) VALUES (574, 2608);
INSERT INTO Write (AuthorID, PaperID) VALUES (574, 2727);
INSERT INTO Write (AuthorID, PaperID) VALUES (574, 3049);
INSERT INTO Write (AuthorID, PaperID) VALUES (574, 3422);
INSERT INTO Write (AuthorID, PaperID) VALUES (574, 3500);
INSERT INTO Author (AuthorID, Name) VALUES (575, 'Pavel Ircing');
INSERT INTO Paper (PaperID, Title, Year, MDate, Key, DOI) VALUES (481, 'Czech Monolingual Information Retrieval Using Off-The-Shelf Components - the University of West Bohemia at CLEF 2007 Ad-Hoc track.', 2007, '2014-09-23', 'conf/clef/IrcingM07a', 'http://ceur-ws.org/Vol-1173/CLEF2007wn-adhoc-IrcingEt2007.pdf');
INSERT INTO Write (AuthorID, PaperID) VALUES (575, 481);
INSERT INTO Paper (PaperID, Title, Year, MDate, Key, DOI) VALUES (2410, 'Benefit of Proper Language Processing for Czech Speech Retrieval in the CL-SR Task at CLEF 2006.', 2006, '2017-05-24', 'conf/clef/IrcingM06', 'https://doi.org/10.1007/978-3-540-74999-8_95');
INSERT INTO Write (AuthorID, PaperID) VALUES (575, 2410);
INSERT INTO Paper (PaperID, Title, Year, MDate, Key, DOI) VALUES (3219, 'The University of West Bohemia at CLEF 2006, the CL-SR Track.', 2006, '2014-08-15', 'conf/clef/IrcingM06a', 'http://ceur-ws.org/Vol-1172/CLEF2006wn-CLSR-IrcingEt2006.pdf');
INSERT INTO Write (AuthorID, PaperID) VALUES (575, 3219);
INSERT INTO Paper (PaperID, Title, Year, MDate, Key, DOI) VALUES (3248, 'Attempts to Search Czech Spontaneous Spoken Interviews - the University of West Bohemia at CLEF 2007 CL-SR track.', 2007, '2014-09-23', 'conf/clef/IrcingM07', 'http://ceur-ws.org/Vol-1173/CLEF2007wn-CLSR-IrcingEt2007.pdf');
INSERT INTO Write (AuthorID, PaperID) VALUES (575, 3248);
INSERT INTO Paper (PaperID, Title, Year, MDate, Key, DOI) VALUES (3277, 'What Can and Cannot Be Found in Czech Spontaneous Speech Using Document-Oriented IR Methods - UWB at CLEF 2007 CL-SR Track.', 2007, '2017-05-24', 'conf/clef/IrcingPV07', 'https://doi.org/10.1007/978-3-540-85760-0_90');
INSERT INTO Write (AuthorID, PaperID) VALUES (575, 3277);
INSERT INTO Author (AuthorID, Name) VALUES (576, 'Menno van Zaanen');
INSERT INTO Paper (PaperID, Title, Year, MDate, Key, DOI) VALUES (1645, 'Multi-modal Information Retrieval Using FINT.', 2004, '2017-05-24', 'conf/clef/ZaanenC05', 'https://doi.org/10.1007/11519645_71');
INSERT INTO Write (AuthorID, PaperID) VALUES (576, 1645);
INSERT INTO Paper (PaperID, Title, Year, MDate, Key, DOI) VALUES (1760, 'AnswerFinder at QAst 2007: Named Entity Recognition for QA on Speech Transcripts.', 2007, '2014-09-24', 'conf/clef/MollaCZ07', 'http://ceur-ws.org/Vol-1173/CLEF2007wn-QACLEF-MollaEt2007.pdf');
INSERT INTO Write (AuthorID, PaperID) VALUES (576, 1760);
INSERT INTO Paper (PaperID, Title, Year, MDate, Key, DOI) VALUES (2502, 'AnswerFinder at QA@CLEF 2007.', 2007, '2014-09-23', 'conf/clef/ZaanenM07', 'http://ceur-ws.org/Vol-1173/CLEF2007wn-QACLEF-vanZaanenEt2007.pdf');
INSERT INTO Write (AuthorID, PaperID) VALUES (576, 2502);
INSERT INTO Paper (PaperID, Title, Year, MDate, Key, DOI) VALUES (2827, 'FINT: Find Images aNd Text.', 2004, '2014-08-15', 'conf/clef/ZaanenC04', 'http://ceur-ws.org/Vol-1170/CLEF2004wn-ImageCLEF-vanZaanenEt2004.pdf');
INSERT INTO Write (AuthorID, PaperID) VALUES (576, 2827);
INSERT INTO Paper (PaperID, Title, Year, MDate, Key, DOI) VALUES (3367, 'Multi-lingual Question Answering using OpenEphyra.', 2008, '2014-09-29', 'conf/clef/Zaanen08', 'http://ceur-ws.org/Vol-1174/CLEF2008wn-QACLEF-Zaanen2008.pdf');
INSERT INTO Write (AuthorID, PaperID) VALUES (576, 3367);
INSERT INTO Author (AuthorID, Name) VALUES (577, 'Vincent Wade');
INSERT INTO Write (AuthorID, PaperID) VALUES (577, 487);
INSERT INTO Write (AuthorID, PaperID) VALUES (577, 999);
INSERT INTO Write (AuthorID, PaperID) VALUES (577, 2622);
INSERT INTO Write (AuthorID, PaperID) VALUES (577, 2834);
INSERT INTO Write (AuthorID, PaperID) VALUES (577, 3053);
INSERT INTO Author (AuthorID, Name) VALUES (578, 'Christine Largeron');
INSERT INTO Write (AuthorID, PaperID) VALUES (578, 793);
INSERT INTO Write (AuthorID, PaperID) VALUES (578, 1228);
INSERT INTO Write (AuthorID, PaperID) VALUES (578, 1849);
INSERT INTO Paper (PaperID, Title, Year, MDate, Key, DOI) VALUES (2439, 'UJM at CLEF in Author Identification Notebook for PAN at CLEF 2014.', 2014, '2015-04-24', 'conf/clef/FreryLM14', 'http://ceur-ws.org/Vol-1180/CLEF2014wn-Pan-FreryEt2014.pdf');
INSERT INTO Write (AuthorID, PaperID) VALUES (578, 2439);
INSERT INTO Write (AuthorID, PaperID) VALUES (578, 2650);
INSERT INTO Author (AuthorID, Name) VALUES (579, 'Taher Rahgooy');
INSERT INTO Paper (PaperID, Title, Year, MDate, Key, DOI) VALUES (742, 'CLEF 2017: Multimodal Spatial Role Labeling Task Working Notes.', 2017, '2017-08-15', 'conf/clef/KordjamshidiRMP17', 'http://ceur-ws.org/Vol-1866/invited_paper_19.pdf');
INSERT INTO Write (AuthorID, PaperID) VALUES (579, 742);
INSERT INTO Paper (PaperID, Title, Year, MDate, Key, DOI) VALUES (1435, 'Multi Feature Space Combination for Authorship Clustering.', 2016, '2016-08-11', 'conf/clef/MansoorizadehAR16', 'http://ceur-ws.org/Vol-1609/16090932.pdf');
INSERT INTO Write (AuthorID, PaperID) VALUES (579, 1435);
INSERT INTO Paper (PaperID, Title, Year, MDate, Key, DOI) VALUES (1590, 'Author Masking Directed by Author''s Style: Notebook for PAN at CLEF 2018.', 2018, '2018-08-08', 'conf/clef/RahgouyGRZR18', 'http://ceur-ws.org/Vol-2125/paper_172.pdf');
INSERT INTO Write (AuthorID, PaperID) VALUES (579, 1590);
INSERT INTO Paper (PaperID, Title, Year, MDate, Key, DOI) VALUES (1944, 'CLEF 2017: Multimodal Spatial Role Labeling (mSpRL) Task Overview.', 2017, '2017-08-31', 'conf/clef/KordjamshidiRMP17a', 'https://doi.org/10.1007/978-3-319-65813-1_32');
INSERT INTO Write (AuthorID, PaperID) VALUES (579, 1944);
INSERT INTO Paper (PaperID, Title, Year, MDate, Key, DOI) VALUES (2359, 'Author Obfuscation using WordNet and Language Models.', 2016, '2016-08-11', 'conf/clef/MansoorizadehRA16', 'http://ceur-ws.org/Vol-1609/16090939.pdf');
INSERT INTO Write (AuthorID, PaperID) VALUES (579, 2359);
INSERT INTO Author (AuthorID, Name) VALUES (580, 'Gilles S&eacute;rasset');
INSERT INTO Write (AuthorID, PaperID) VALUES (580, 1145);
INSERT INTO Write (AuthorID, PaperID) VALUES (580, 1758);
INSERT INTO Write (AuthorID, PaperID) VALUES (580, 2824);
INSERT INTO Write (AuthorID, PaperID) VALUES (580, 3066);
INSERT INTO Write (AuthorID, PaperID) VALUES (580, 3519);
INSERT INTO Author (AuthorID, Name) VALUES (581, 'Khalid Choukri');
INSERT INTO Write (AuthorID, PaperID) VALUES (581, 566);
INSERT INTO Write (AuthorID, PaperID) VALUES (581, 1998);
INSERT INTO Write (AuthorID, PaperID) VALUES (581, 2103);
INSERT INTO Write (AuthorID, PaperID) VALUES (581, 2955);
INSERT INTO Write (AuthorID, PaperID) VALUES (581, 3296);
INSERT INTO Author (AuthorID, Name) VALUES (582, 'Jinman Kim');
INSERT INTO Write (AuthorID, PaperID) VALUES (582, 262);
INSERT INTO Write (AuthorID, PaperID) VALUES (582, 614);
INSERT INTO Write (AuthorID, PaperID) VALUES (582, 650);
INSERT INTO Write (AuthorID, PaperID) VALUES (582, 1850);
INSERT INTO Write (AuthorID, PaperID) VALUES (582, 2858);
INSERT INTO Author (AuthorID, Name) VALUES (583, 'Yassine Benajiba');
INSERT INTO Write (AuthorID, PaperID) VALUES (583, 554);
INSERT INTO Write (AuthorID, PaperID) VALUES (583, 1572);
INSERT INTO Write (AuthorID, PaperID) VALUES (583, 2272);
INSERT INTO Paper (PaperID, Title, Year, MDate, Key, DOI) VALUES (2486, 'Subword-based Deep Averaging Networks for Author Profiling in Social Media.', 2017, '2017-08-15', 'conf/clef/Franco-Salvador17', 'http://ceur-ws.org/Vol-1866/paper_192.pdf');
INSERT INTO Write (AuthorID, PaperID) VALUES (583, 2486);
INSERT INTO Write (AuthorID, PaperID) VALUES (583, 3190);
INSERT INTO Author (AuthorID, Name) VALUES (584, 'Miguel A. Alonso');
INSERT INTO Write (AuthorID, PaperID) VALUES (584, 1533);
INSERT INTO Write (AuthorID, PaperID) VALUES (584, 1558);
INSERT INTO Write (AuthorID, PaperID) VALUES (584, 1924);
INSERT INTO Write (AuthorID, PaperID) VALUES (584, 3317);
INSERT INTO Write (AuthorID, PaperID) VALUES (584, 3364);
INSERT INTO Author (AuthorID, Name) VALUES (585, 'Joan Benavent');
INSERT INTO Write (AuthorID, PaperID) VALUES (585, 209);
INSERT INTO Write (AuthorID, PaperID) VALUES (585, 2198);
INSERT INTO Write (AuthorID, PaperID) VALUES (585, 2390);
INSERT INTO Write (AuthorID, PaperID) VALUES (585, 2621);
INSERT INTO Write (AuthorID, PaperID) VALUES (585, 3035);
INSERT INTO Author (AuthorID, Name) VALUES (586, 'Christine Jacquin');
INSERT INTO Write (AuthorID, PaperID) VALUES (586, 220);
INSERT INTO Write (AuthorID, PaperID) VALUES (586, 1982);
INSERT INTO Write (AuthorID, PaperID) VALUES (586, 2591);
INSERT INTO Write (AuthorID, PaperID) VALUES (586, 2866);
INSERT INTO Write (AuthorID, PaperID) VALUES (586, 3178);
INSERT INTO Author (AuthorID, Name) VALUES (587, 'Okan Ozturkmenoglu');
INSERT INTO Write (AuthorID, PaperID) VALUES (587, 800);
INSERT INTO Write (AuthorID, PaperID) VALUES (587, 1540);
INSERT INTO Write (AuthorID, PaperID) VALUES (587, 2172);
INSERT INTO Write (AuthorID, PaperID) VALUES (587, 3062);
INSERT INTO Write (AuthorID, PaperID) VALUES (587, 3436);
INSERT INTO Author (AuthorID, Name) VALUES (588, 'Danielle L. Mowery');
INSERT INTO Write (AuthorID, PaperID) VALUES (588, 7);
INSERT INTO Write (AuthorID, PaperID) VALUES (588, 928);
INSERT INTO Write (AuthorID, PaperID) VALUES (588, 1126);
INSERT INTO Write (AuthorID, PaperID) VALUES (588, 1586);
INSERT INTO Write (AuthorID, PaperID) VALUES (588, 2189);
INSERT INTO Author (AuthorID, Name) VALUES (589, 'Burak Acar');
INSERT INTO Paper (PaperID, Title, Year, MDate, Key, DOI) VALUES (54, 'Overview of the ImageCLEF 2015 liver CT annotation task.', 2015, '2016-08-31', 'conf/clef/MarvastiGUMA15', 'http://ceur-ws.org/Vol-1391/inv-pap2-CR.pdf');
INSERT INTO Write (AuthorID, PaperID) VALUES (589, 54);
INSERT INTO Paper (PaperID, Title, Year, MDate, Key, DOI) VALUES (479, 'ImageCLEF Liver CT Image Annotation Task 2014.', 2014, '2014-09-10', 'conf/clef/MarvastiKTYYUA14', 'http://ceur-ws.org/Vol-1180/CLEF2014wn-Image-MarvastiEt2014.pdf');
INSERT INTO Write (AuthorID, PaperID) VALUES (589, 479);
INSERT INTO Write (AuthorID, PaperID) VALUES (589, 1068);
INSERT INTO Paper (PaperID, Title, Year, MDate, Key, DOI) VALUES (1640, 'Liver CT Annotation via Generalized Coupled Tensor Factorization.', 2014, '2014-09-10', 'conf/clef/ErmisCMA14', 'http://ceur-ws.org/Vol-1180/CLEF2014wn-Image-ErmisEt2014.pdf');
INSERT INTO Write (AuthorID, PaperID) VALUES (589, 1640);
INSERT INTO Write (AuthorID, PaperID) VALUES (589, 2308);
INSERT INTO Author (AuthorID, Name) VALUES (590, 'Neda Barzegar Marvasti');
INSERT INTO Write (AuthorID, PaperID) VALUES (590, 54);
INSERT INTO Write (AuthorID, PaperID) VALUES (590, 479);
INSERT INTO Write (AuthorID, PaperID) VALUES (590, 1068);
INSERT INTO Write (AuthorID, PaperID) VALUES (590, 1640);
INSERT INTO Write (AuthorID, PaperID) VALUES (590, 2308);
INSERT INTO Author (AuthorID, Name) VALUES (591, 'Emmanuel Dellandr&eacute;a');
INSERT INTO Write (AuthorID, PaperID) VALUES (591, 33);
INSERT INTO Paper (PaperID, Title, Year, MDate, Key, DOI) VALUES (702, 'LIRIS-Imagine at ImageCLEF 2011 Photo Annotation Task.', 2011, '2019-04-10', 'conf/clef/LiuZDBC11', 'http://www.clef-initiative.eu/documents/71612/86377/CLEF2011wn-ImageCLEF-LiuEt2011.pdf');
INSERT INTO Write (AuthorID, PaperID) VALUES (591, 702);
INSERT INTO Write (AuthorID, PaperID) VALUES (591, 948);
INSERT INTO Paper (PaperID, Title, Year, MDate, Key, DOI) VALUES (1252, 'LIRIS-Imagine at ImageCLEF 2012 Photo Annotation Task.', 2012, '2019-04-10', 'conf/clef/LiuDCTZZBBT12', 'http://www.clef-initiative.eu/documents/71612/60637cac-7c0e-4f59-a45d-37637f0f37cd');
INSERT INTO Write (AuthorID, PaperID) VALUES (591, 1252);
INSERT INTO Write (AuthorID, PaperID) VALUES (591, 3423);
INSERT INTO Author (AuthorID, Name) VALUES (592, 'Ana Gonz&aacute;lez-Ledesma');
INSERT INTO Write (AuthorID, PaperID) VALUES (592, 448);
INSERT INTO Write (AuthorID, PaperID) VALUES (592, 1278);
INSERT INTO Write (AuthorID, PaperID) VALUES (592, 1669);
INSERT INTO Write (AuthorID, PaperID) VALUES (592, 2212);
INSERT INTO Write (AuthorID, PaperID) VALUES (592, 3046);
INSERT INTO Author (AuthorID, Name) VALUES (593, 'Kula Kekeba Tune');
INSERT INTO Write (AuthorID, PaperID) VALUES (593, 0);
INSERT INTO Write (AuthorID, PaperID) VALUES (593, 1299);
INSERT INTO Write (AuthorID, PaperID) VALUES (593, 1749);
INSERT INTO Write (AuthorID, PaperID) VALUES (593, 1858);
INSERT INTO Author (AuthorID, Name) VALUES (594, 'Kerstin Bischoff');
INSERT INTO Write (AuthorID, PaperID) VALUES (594, 300);
INSERT INTO Write (AuthorID, PaperID) VALUES (594, 446);
INSERT INTO Write (AuthorID, PaperID) VALUES (594, 848);
INSERT INTO Write (AuthorID, PaperID) VALUES (594, 1543);
INSERT INTO Author (AuthorID, Name) VALUES (595, 'Massimo Melucci');
INSERT INTO Write (AuthorID, PaperID) VALUES (595, 277);
INSERT INTO Write (AuthorID, PaperID) VALUES (595, 875);
INSERT INTO Write (AuthorID, PaperID) VALUES (595, 2176);
INSERT INTO Write (AuthorID, PaperID) VALUES (595, 3287);
INSERT INTO Author (AuthorID, Name) VALUES (596, 'Philipp Daumke');
INSERT INTO Paper (PaperID, Title, Year, MDate, Key, DOI) VALUES (642, 'MorphoSaurus in ImageCLEF 2006: The Effect of Subwords On Biomedical IR.', 2006, '2017-05-24', 'conf/clef/DaumkePM06', 'https://doi.org/10.1007/978-3-540-74999-8_80');
INSERT INTO Write (AuthorID, PaperID) VALUES (596, 642);
INSERT INTO Paper (PaperID, Title, Year, MDate, Key, DOI) VALUES (2449, 'A Semi-Automatically Enriched Multi-Lingual Terminology in Commercial Products.', 2013, '2014-09-10', 'conf/clef/DaumkePML13', 'http://ceur-ws.org/Vol-1179/CLEF2013wn-CLEFER-DaumkeEt2013.pdf');
INSERT INTO Write (AuthorID, PaperID) VALUES (596, 2449);
INSERT INTO Paper (PaperID, Title, Year, MDate, Key, DOI) VALUES (2510, 'Morphosaurus in ImageCLEF 2006: The Effect of Subwords on Biomedical IR.', 2006, '2014-08-15', 'conf/clef/DaumkePM06a', 'http://ceur-ws.org/Vol-1172/CLEF2006wn-ImageCLEF-DaumkeEt2006.pdf');
INSERT INTO Write (AuthorID, PaperID) VALUES (596, 2510);
INSERT INTO Paper (PaperID, Title, Year, MDate, Key, DOI) VALUES (2644, 'German-Language Content in Biomedical Vocabularies.', 2013, '2018-03-29', 'conf/clef/SchulzITD13', 'http://ceur-ws.org/Vol-1179/CLEF2013wn-CLEFER-SchulzEt2013.pdf');
INSERT INTO Write (AuthorID, PaperID) VALUES (596, 2644);
INSERT INTO Author (AuthorID, Name) VALUES (597, 'Brian Bakke');
INSERT INTO Write (AuthorID, PaperID) VALUES (597, 1168);
INSERT INTO Write (AuthorID, PaperID) VALUES (597, 1505);
INSERT INTO Write (AuthorID, PaperID) VALUES (597, 1566);
INSERT INTO Write (AuthorID, PaperID) VALUES (597, 2469);
INSERT INTO Author (AuthorID, Name) VALUES (598, 'Dirk Veiel');
INSERT INTO Write (AuthorID, PaperID) VALUES (598, 604);
INSERT INTO Write (AuthorID, PaperID) VALUES (598, 879);
INSERT INTO Write (AuthorID, PaperID) VALUES (598, 2574);
INSERT INTO Write (AuthorID, PaperID) VALUES (598, 2933);
INSERT INTO Author (AuthorID, Name) VALUES (599, 'Sadid A. Hasan');
INSERT INTO Write (AuthorID, PaperID) VALUES (599, 383);
INSERT INTO Paper (PaperID, Title, Year, MDate, Key, DOI) VALUES (905, 'PRNA at ImageCLEF 2017 Caption Prediction and Concept Detection Tasks.', 2017, '2017-08-15', 'conf/clef/HasanLLSAADLQSF17', 'http://ceur-ws.org/Vol-1866/paper_142.pdf');
INSERT INTO Write (AuthorID, PaperID) VALUES (599, 905);
INSERT INTO Write (AuthorID, PaperID) VALUES (599, 1179);
INSERT INTO Paper (PaperID, Title, Year, MDate, Key, DOI) VALUES (1995, 'Attention-Based Medical Caption Generation with Image Modality Classification and Clinical Concept Mapping.', 2017, '2018-08-20', 'conf/clef/HasanLLSAADLQSF17a', 'https://doi.org/10.1007/978-3-319-98932-7_21');
INSERT INTO Write (AuthorID, PaperID) VALUES (599, 1995);
INSERT INTO Author (AuthorID, Name) VALUES (600, 'Andrzej Pronobis');
INSERT INTO Paper (PaperID, Title, Year, MDate, Key, DOI) VALUES (1183, 'Multi-cue Discriminative Place Recognition.', 2009, '2017-05-24', 'conf/clef/XingP09', 'https://doi.org/10.1007/978-3-642-15751-6_41');
INSERT INTO Write (AuthorID, PaperID) VALUES (600, 1183);
INSERT INTO Write (AuthorID, PaperID) VALUES (600, 2217);
INSERT INTO Write (AuthorID, PaperID) VALUES (600, 2925);
INSERT INTO Write (AuthorID, PaperID) VALUES (600, 3290);
INSERT INTO Author (AuthorID, Name) VALUES (601, 'Katia Vila');
INSERT INTO Write (AuthorID, PaperID) VALUES (601, 122);
INSERT INTO Write (AuthorID, PaperID) VALUES (601, 1415);
INSERT INTO Write (AuthorID, PaperID) VALUES (601, 3462);
INSERT INTO Write (AuthorID, PaperID) VALUES (601, 3485);
INSERT INTO Author (AuthorID, Name) VALUES (602, 'Edwin Thuma');
INSERT INTO Paper (PaperID, Title, Year, MDate, Key, DOI) VALUES (401, 'Merging Search Results Generated by Multiple Query Variants Using Data Fusion.', 2018, '2018-08-08', 'conf/clef/MotlogelwaTL18', 'http://ceur-ws.org/Vol-2125/paper_194.pdf');
INSERT INTO Write (AuthorID, PaperID) VALUES (602, 401);
INSERT INTO Paper (PaperID, Title, Year, MDate, Key, DOI) VALUES (706, 'UB-Botswana Participation to CLEF eHealth IR Challenge 2017: Task 3 (IRTask1 : Ad-hoc Search).', 2017, '2017-08-15', 'conf/clef/ThumaML17', 'http://ceur-ws.org/Vol-1866/paper_73.pdf');
INSERT INTO Write (AuthorID, PaperID) VALUES (602, 706);
INSERT INTO Paper (PaperID, Title, Year, MDate, Key, DOI) VALUES (1177, 'Task 3: Patient-Centered Information Retrieval, IRTask 1: ad-hoc search - TEAM ub-botswana.', 2016, '2016-08-11', 'conf/clef/ThumaML16', 'http://ceur-ws.org/Vol-1609/16090162.pdf');
INSERT INTO Write (AuthorID, PaperID) VALUES (602, 1177);
INSERT INTO Paper (PaperID, Title, Year, MDate, Key, DOI) VALUES (1912, 'UBML participation to CLEF eHealth IR challenge 2015: Task 2.', 2015, '2015-09-03', 'conf/clef/ThumaAM15', 'http://ceur-ws.org/Vol-1391/77-CR.pdf');
INSERT INTO Write (AuthorID, PaperID) VALUES (602, 1912);
INSERT INTO Author (AuthorID, Name) VALUES (603, 'Fleur Mougin');
INSERT INTO Write (AuthorID, PaperID) VALUES (603, 527);
INSERT INTO Paper (PaperID, Title, Year, MDate, Key, DOI) VALUES (1694, 'IAM at CLEF eHealth 2018 : Concept Annotation and Coding in French Death Certificates.', 2018, '2018-08-08', 'conf/clef/CossinJMDT18', 'http://ceur-ws.org/Vol-2125/paper_94.pdf');
INSERT INTO Write (AuthorID, PaperID) VALUES (603, 1694);
INSERT INTO Write (AuthorID, PaperID) VALUES (603, 2721);
INSERT INTO Paper (PaperID, Title, Year, MDate, Key, DOI) VALUES (2766, 'Query Expansion using External Resources for Improving Information Retrieval in the Biomedical Domain.', 2014, '2014-09-10', 'conf/clef/DrameMD14', 'http://ceur-ws.org/Vol-1180/CLEF2014wn-eHealth-DrameEt2014.pdf');
INSERT INTO Write (AuthorID, PaperID) VALUES (603, 2766);
INSERT INTO Author (AuthorID, Name) VALUES (604, 'Simone Palazzo');
INSERT INTO Write (AuthorID, PaperID) VALUES (604, 2);
INSERT INTO Write (AuthorID, PaperID) VALUES (604, 1140);
INSERT INTO Write (AuthorID, PaperID) VALUES (604, 1269);
INSERT INTO Write (AuthorID, PaperID) VALUES (604, 1876);
INSERT INTO Author (AuthorID, Name) VALUES (605, 'Qiuyue Wang');
INSERT INTO Write (AuthorID, PaperID) VALUES (605, 378);
INSERT INTO Write (AuthorID, PaperID) VALUES (605, 946);
INSERT INTO Write (AuthorID, PaperID) VALUES (605, 1034);
INSERT INTO Paper (PaperID, Title, Year, MDate, Key, DOI) VALUES (1455, 'Integrated Retrieval over Structured and Unstructured Data.', 2012, '2014-09-24', 'conf/clef/WangK12', 'http://www.clef-initiative.eu/documents/71612/9f5d49ca-e60a-4ac2-8250-a192a10ddd26');
INSERT INTO Write (AuthorID, PaperID) VALUES (605, 1455);
INSERT INTO Author (AuthorID, Name) VALUES (606, 'Xu-Cheng Yin');
INSERT INTO Paper (PaperID, Title, Year, MDate, Key, DOI) VALUES (343, 'USTB at Social Book Search 2015 Suggestion Task: Metadata Expansion and Reranking.', 2015, '2015-09-03', 'conf/clef/ZhaoZZYHZL15', 'http://ceur-ws.org/Vol-1391/2-CR.pdf');
INSERT INTO Write (AuthorID, PaperID) VALUES (606, 343);
INSERT INTO Paper (PaperID, Title, Year, MDate, Key, DOI) VALUES (728, 'USTB at INEX2014: Social Book Search Track.', 2014, '2014-09-10', 'conf/clef/ZhangYCQGZH14', 'http://ceur-ws.org/Vol-1180/CLEF2014wn-Inex-ZhangEt2014.pdf');
INSERT INTO Write (AuthorID, PaperID) VALUES (606, 728);
INSERT INTO Paper (PaperID, Title, Year, MDate, Key, DOI) VALUES (1127, 'USTB at Social Book Search 2016 Suggestion Task: Active Books Set and Re-ranking.', 2016, '2017-11-02', 'conf/clef/FengZYJJWZPFZ16', 'http://ceur-ws.org/Vol-1609/16091089.pdf');
INSERT INTO Write (AuthorID, PaperID) VALUES (606, 1127);
INSERT INTO Paper (PaperID, Title, Year, MDate, Key, DOI) VALUES (1565, 'A generic retrieval system for biomedical literatures: USTB at BioASQ2015 Question Answering Task.', 2015, '2015-09-03', 'conf/clef/ZhangLZLZFYZ15', 'http://ceur-ws.org/Vol-1391/3-CR.pdf');
INSERT INTO Write (AuthorID, PaperID) VALUES (606, 1565);
INSERT INTO Author (AuthorID, Name) VALUES (607, 'Juliane Stiller');
INSERT INTO Write (AuthorID, PaperID) VALUES (607, 83);
INSERT INTO Write (AuthorID, PaperID) VALUES (607, 2157);
INSERT INTO Write (AuthorID, PaperID) VALUES (607, 2812);
INSERT INTO Write (AuthorID, PaperID) VALUES (607, 3295);
INSERT INTO Author (AuthorID, Name) VALUES (608, 'Miguel Cazorla');
INSERT INTO Write (AuthorID, PaperID) VALUES (608, 77);
INSERT INTO Write (AuthorID, PaperID) VALUES (608, 537);
INSERT INTO Write (AuthorID, PaperID) VALUES (608, 1068);
INSERT INTO Write (AuthorID, PaperID) VALUES (608, 2046);
INSERT INTO Author (AuthorID, Name) VALUES (609, 'Jorge Fombella');
INSERT INTO Write (AuthorID, PaperID) VALUES (609, 39);
INSERT INTO Write (AuthorID, PaperID) VALUES (609, 1925);
INSERT INTO Write (AuthorID, PaperID) VALUES (609, 2633);
INSERT INTO Write (AuthorID, PaperID) VALUES (609, 3372);
INSERT INTO Author (AuthorID, Name) VALUES (610, 'Chuleerat Jaruskulchai');
INSERT INTO Paper (PaperID, Title, Year, MDate, Key, DOI) VALUES (703, 'CSKU GPRF-QE for Medical Topic Web Retrieval.', 2014, '2014-09-10', 'conf/clef/ThesprasithJ14', 'http://ceur-ws.org/Vol-1180/CLEF2014wn-eHealth-ThesprasithtEt2014.pdf');
INSERT INTO Write (AuthorID, PaperID) VALUES (610, 703);
INSERT INTO Paper (PaperID, Title, Year, MDate, Key, DOI) VALUES (1037, 'Dictionary-based Thai CLIR: Experimental Survey of Thai CLIR.', 2001, '2014-08-15', 'conf/clef/Jaruskulchai01a', 'http://ceur-ws.org/Vol-1167/CLEF2001wn-adhoc-Chuleerat2001.pdf');
INSERT INTO Write (AuthorID, PaperID) VALUES (610, 1037);
INSERT INTO Paper (PaperID, Title, Year, MDate, Key, DOI) VALUES (1302, 'Dictionary-Based Thai CLIR: An Experimental Survey of Thai CLIR.', 2001, '2017-05-24', 'conf/clef/Jaruskulchai01', 'https://doi.org/10.1007/3-540-45691-0_18');
INSERT INTO Write (AuthorID, PaperID) VALUES (610, 1302);
INSERT INTO Paper (PaperID, Title, Year, MDate, Key, DOI) VALUES (3144, 'Task 2a: Team KU-CS: Query Coherence Analysis for PRF and Genomics Expansion.', 2015, '2015-09-03', 'conf/clef/ThesprasithJ15', 'http://ceur-ws.org/Vol-1391/73-CR.pdf');
INSERT INTO Write (AuthorID, PaperID) VALUES (610, 3144);
INSERT INTO Author (AuthorID, Name) VALUES (611, 'Tatsuya Harada');
INSERT INTO Paper (PaperID, Title, Year, MDate, Key, DOI) VALUES (1257, 'MIL at ImageCLEF 2013: Personal Photo Retrieval.', 2013, '2014-09-10', 'conf/clef/MizuochiHKH13', 'http://ceur-ws.org/Vol-1179/CLEF2013wn-ImageCLEF-MizuochiEt2013.pdf');
INSERT INTO Write (AuthorID, PaperID) VALUES (611, 1257);
INSERT INTO Paper (PaperID, Title, Year, MDate, Key, DOI) VALUES (1306, 'MIL at ImageCLEF 2014: Scalable System for Image Annotation.', 2014, '2017-01-03', 'conf/clef/KanehiraHMTMH14', 'http://ceur-ws.org/Vol-1180/CLEF2014wn-Image-KanehiraEt2014.pdf');
INSERT INTO Write (AuthorID, PaperID) VALUES (611, 1306);
INSERT INTO Paper (PaperID, Title, Year, MDate, Key, DOI) VALUES (1569, 'ISI at ImageCLEF 2012: Scalable System for Image Annotation.', 2012, '2014-09-24', 'conf/clef/UshikuMIFYGHHHK12', 'http://www.clef-initiative.eu/documents/71612/f7eba73d-2ea9-4218-9295-1ea92747d24d');
INSERT INTO Write (AuthorID, PaperID) VALUES (611, 1569);
INSERT INTO Paper (PaperID, Title, Year, MDate, Key, DOI) VALUES (3100, 'MIL at ImageCLEF 2013: Scalable System for Image Annotation.', 2013, '2014-09-10', 'conf/clef/HidakaGH13', 'http://ceur-ws.org/Vol-1179/CLEF2013wn-ImageCLEF-HidakaEt2013.pdf');
INSERT INTO Write (AuthorID, PaperID) VALUES (611, 3100);
INSERT INTO Author (AuthorID, Name) VALUES (612, 'Daniel Zeman');
INSERT INTO Paper (PaperID, Title, Year, MDate, Key, DOI) VALUES (238, 'Using Unsupervised Paradigm Acquisition for Prefixes.', 2008, '2014-09-29', 'conf/clef/Zeman08a', 'http://ceur-ws.org/Vol-1174/CLEF2008wn-MorphoChallenge-Zeman2008.pdf');
INSERT INTO Write (AuthorID, PaperID) VALUES (612, 238);
INSERT INTO Paper (PaperID, Title, Year, MDate, Key, DOI) VALUES (1819, 'Using Unsupervised Paradigm Acquisition for Prefixes.', 2008, '2017-06-15', 'conf/clef/Zeman08', 'https://doi.org/10.1007/978-3-642-04447-2_130');
INSERT INTO Write (AuthorID, PaperID) VALUES (612, 1819);
INSERT INTO Paper (PaperID, Title, Year, MDate, Key, DOI) VALUES (3002, 'Unsupervised Acquiring of Morphological Paradigms from Tokenized Text.', 2007, '2017-05-24', 'conf/clef/Zeman07', 'https://doi.org/10.1007/978-3-540-85760-0_114');
INSERT INTO Write (AuthorID, PaperID) VALUES (612, 3002);
INSERT INTO Paper (PaperID, Title, Year, MDate, Key, DOI) VALUES (3416, 'Unsupervised Acquiring of Morphological Paradigms from Tokenized Text.', 2007, '2014-09-23', 'conf/clef/Zeman07a', 'http://ceur-ws.org/Vol-1173/CLEF2007wn-MorphoChallenge-Zeman2007.pdf');
INSERT INTO Write (AuthorID, PaperID) VALUES (612, 3416);
INSERT INTO Author (AuthorID, Name) VALUES (613, 'Wouter Alink');
INSERT INTO Write (AuthorID, PaperID) VALUES (613, 1162);
INSERT INTO Write (AuthorID, PaperID) VALUES (613, 2593);
INSERT INTO Write (AuthorID, PaperID) VALUES (613, 2841);
INSERT INTO Write (AuthorID, PaperID) VALUES (613, 3001);
INSERT INTO Author (AuthorID, Name) VALUES (614, 'Alan F. Smeaton');
INSERT INTO Write (AuthorID, PaperID) VALUES (614, 1786);
INSERT INTO Write (AuthorID, PaperID) VALUES (614, 2111);
INSERT INTO Write (AuthorID, PaperID) VALUES (614, 2791);
INSERT INTO Write (AuthorID, PaperID) VALUES (614, 2958);
INSERT INTO Author (AuthorID, Name) VALUES (615, 'K&aacute;roly Csalog&aacute;ny');
INSERT INTO Write (AuthorID, PaperID) VALUES (615, 1054);
INSERT INTO Write (AuthorID, PaperID) VALUES (615, 1148);
INSERT INTO Write (AuthorID, PaperID) VALUES (615, 1401);
INSERT INTO Write (AuthorID, PaperID) VALUES (615, 2699);
INSERT INTO Author (AuthorID, Name) VALUES (616, 'William Hatt');
INSERT INTO Write (AuthorID, PaperID) VALUES (616, 1280);
INSERT INTO Write (AuthorID, PaperID) VALUES (616, 1341);
INSERT INTO Write (AuthorID, PaperID) VALUES (616, 1537);
INSERT INTO Write (AuthorID, PaperID) VALUES (616, 1959);
INSERT INTO Author (AuthorID, Name) VALUES (617, 'Lori S. Levin');
INSERT INTO Write (AuthorID, PaperID) VALUES (617, 335);
INSERT INTO Write (AuthorID, PaperID) VALUES (617, 1157);
INSERT INTO Write (AuthorID, PaperID) VALUES (617, 2096);
INSERT INTO Write (AuthorID, PaperID) VALUES (617, 2156);
INSERT INTO Author (AuthorID, Name) VALUES (618, 'Arnold Overwijk');
INSERT INTO Write (AuthorID, PaperID) VALUES (618, 169);
INSERT INTO Write (AuthorID, PaperID) VALUES (618, 994);
INSERT INTO Write (AuthorID, PaperID) VALUES (618, 2505);
INSERT INTO Write (AuthorID, PaperID) VALUES (618, 2605);
INSERT INTO Author (AuthorID, Name) VALUES (619, 'Andreas Juffinger');
INSERT INTO Write (AuthorID, PaperID) VALUES (619, 1268);
INSERT INTO Write (AuthorID, PaperID) VALUES (619, 2027);
INSERT INTO Write (AuthorID, PaperID) VALUES (619, 3224);
INSERT INTO Write (AuthorID, PaperID) VALUES (619, 3478);
INSERT INTO Author (AuthorID, Name) VALUES (620, 'Jakob Klok');
INSERT INTO Write (AuthorID, PaperID) VALUES (620, 88);
INSERT INTO Write (AuthorID, PaperID) VALUES (620, 603);
INSERT INTO Write (AuthorID, PaperID) VALUES (620, 609);
INSERT INTO Write (AuthorID, PaperID) VALUES (620, 3182);
INSERT INTO Author (AuthorID, Name) VALUES (621, 'Paloma Mart&iacute;nez Fern&aacute;ndez');
INSERT INTO Write (AuthorID, PaperID) VALUES (621, 469);
INSERT INTO Write (AuthorID, PaperID) VALUES (621, 2141);
INSERT INTO Write (AuthorID, PaperID) VALUES (621, 3488);
INSERT INTO Write (AuthorID, PaperID) VALUES (621, 3527);
INSERT INTO Author (AuthorID, Name) VALUES (622, 'Timo J&auml;rvinen');
INSERT INTO Write (AuthorID, PaperID) VALUES (622, 1202);
INSERT INTO Write (AuthorID, PaperID) VALUES (622, 1830);
INSERT INTO Write (AuthorID, PaperID) VALUES (622, 2161);
INSERT INTO Write (AuthorID, PaperID) VALUES (622, 2559);
INSERT INTO Author (AuthorID, Name) VALUES (623, 'Christian Spurk');
INSERT INTO Write (AuthorID, PaperID) VALUES (623, 402);
INSERT INTO Write (AuthorID, PaperID) VALUES (623, 1529);
INSERT INTO Write (AuthorID, PaperID) VALUES (623, 2767);
INSERT INTO Write (AuthorID, PaperID) VALUES (623, 3258);
INSERT INTO Author (AuthorID, Name) VALUES (624, 'Prasad Pingali');
INSERT INTO Write (AuthorID, PaperID) VALUES (624, 0);
INSERT INTO Write (AuthorID, PaperID) VALUES (624, 482);
INSERT INTO Write (AuthorID, PaperID) VALUES (624, 846);
INSERT INTO Write (AuthorID, PaperID) VALUES (624, 1299);
INSERT INTO Author (AuthorID, Name) VALUES (625, 'Mihai Surdeanu');
INSERT INTO Write (AuthorID, PaperID) VALUES (625, 216);
INSERT INTO Write (AuthorID, PaperID) VALUES (625, 726);
INSERT INTO Write (AuthorID, PaperID) VALUES (625, 1723);
INSERT INTO Write (AuthorID, PaperID) VALUES (625, 1908);
INSERT INTO Author (AuthorID, Name) VALUES (626, 'Istv&aacute;n B&iacute;r&oacute;');
INSERT INTO Write (AuthorID, PaperID) VALUES (626, 1054);
INSERT INTO Write (AuthorID, PaperID) VALUES (626, 1148);
INSERT INTO Write (AuthorID, PaperID) VALUES (626, 1401);
INSERT INTO Write (AuthorID, PaperID) VALUES (626, 2699);
INSERT INTO Author (AuthorID, Name) VALUES (627, 'Samir Kanaan');
INSERT INTO Write (AuthorID, PaperID) VALUES (627, 216);
INSERT INTO Write (AuthorID, PaperID) VALUES (627, 1908);
INSERT INTO Write (AuthorID, PaperID) VALUES (627, 1950);
INSERT INTO Write (AuthorID, PaperID) VALUES (627, 2352);
INSERT INTO Author (AuthorID, Name) VALUES (628, 'Pierre-Yves Berger');
INSERT INTO Write (AuthorID, PaperID) VALUES (628, 987);
INSERT INTO Write (AuthorID, PaperID) VALUES (628, 1027);
INSERT INTO Write (AuthorID, PaperID) VALUES (628, 2003);
INSERT INTO Write (AuthorID, PaperID) VALUES (628, 2171);
INSERT INTO Author (AuthorID, Name) VALUES (629, 'Matti Varjokallio');
INSERT INTO Write (AuthorID, PaperID) VALUES (629, 9);
INSERT INTO Write (AuthorID, PaperID) VALUES (629, 1608);
INSERT INTO Write (AuthorID, PaperID) VALUES (629, 2319);
INSERT INTO Write (AuthorID, PaperID) VALUES (629, 3142);
INSERT INTO Author (AuthorID, Name) VALUES (630, 'Federica Vezzani');
INSERT INTO Write (AuthorID, PaperID) VALUES (630, 206);
INSERT INTO Write (AuthorID, PaperID) VALUES (630, 1956);
INSERT INTO Write (AuthorID, PaperID) VALUES (630, 1966);
INSERT INTO Write (AuthorID, PaperID) VALUES (630, 2274);
INSERT INTO Author (AuthorID, Name) VALUES (631, 'Dipankar Das 0001');
INSERT INTO Write (AuthorID, PaperID) VALUES (631, 555);
INSERT INTO Paper (PaperID, Title, Year, MDate, Key, DOI) VALUES (1810, 'Authorship Verification: An Approach based on Random Forest: Notebook for PAN at CLEF 2015.', 2015, '2018-03-14', 'conf/clef/MaitraGD15', 'http://ceur-ws.org/Vol-1391/134-CR.pdf');
INSERT INTO Write (AuthorID, PaperID) VALUES (631, 1810);
INSERT INTO Write (AuthorID, PaperID) VALUES (631, 2150);
INSERT INTO Paper (PaperID, Title, Year, MDate, Key, DOI) VALUES (3375, 'Multimodal Author Profiling for Twitter: Notebook for PAN at CLEF 2018.', 2018, '2018-08-08', 'conf/clef/PatraD018', 'http://ceur-ws.org/Vol-2125/paper_115.pdf');
INSERT INTO Write (AuthorID, PaperID) VALUES (631, 3375);
INSERT INTO Author (AuthorID, Name) VALUES (632, 'S&iacute;lvia Barcellos Southwick');
INSERT INTO Write (AuthorID, PaperID) VALUES (632, 1327);
INSERT INTO Write (AuthorID, PaperID) VALUES (632, 1999);
INSERT INTO Write (AuthorID, PaperID) VALUES (632, 2556);
INSERT INTO Write (AuthorID, PaperID) VALUES (632, 2838);
INSERT INTO Author (AuthorID, Name) VALUES (633, 'Mingjing Li');
INSERT INTO Write (AuthorID, PaperID) VALUES (633, 71);
INSERT INTO Write (AuthorID, PaperID) VALUES (633, 1044);
INSERT INTO Write (AuthorID, PaperID) VALUES (633, 2739);
INSERT INTO Write (AuthorID, PaperID) VALUES (633, 3356);
INSERT INTO Author (AuthorID, Name) VALUES (634, 'Robert Herms');
INSERT INTO Write (AuthorID, PaperID) VALUES (634, 665);
INSERT INTO Write (AuthorID, PaperID) VALUES (634, 1838);
INSERT INTO Write (AuthorID, PaperID) VALUES (634, 2258);
INSERT INTO Write (AuthorID, PaperID) VALUES (634, 2934);
INSERT INTO Author (AuthorID, Name) VALUES (635, 'Geoffrey Andogah');
INSERT INTO Write (AuthorID, PaperID) VALUES (635, 472);
INSERT INTO Paper (PaperID, Title, Year, MDate, Key, DOI) VALUES (2219, 'GIR Experimentation.', 2006, '2017-05-24', 'conf/clef/Geoffrey06', 'https://doi.org/10.1007/978-3-540-74999-8_111');
INSERT INTO Write (AuthorID, PaperID) VALUES (635, 2219);
INSERT INTO Write (AuthorID, PaperID) VALUES (635, 2725);
INSERT INTO Paper (PaperID, Title, Year, MDate, Key, DOI) VALUES (2903, 'GIR Experimentation.', 2006, '2014-08-15', 'conf/clef/Andogah06', 'http://ceur-ws.org/Vol-1172/CLEF2006wn-GeoCLEF-Andogah2006.pdf');
INSERT INTO Write (AuthorID, PaperID) VALUES (635, 2903);
INSERT INTO Author (AuthorID, Name) VALUES (636, 'Dagobert Soergel');
INSERT INTO Write (AuthorID, PaperID) VALUES (636, 1232);
INSERT INTO Write (AuthorID, PaperID) VALUES (636, 2250);
INSERT INTO Write (AuthorID, PaperID) VALUES (636, 2612);
INSERT INTO Write (AuthorID, PaperID) VALUES (636, 2898);
INSERT INTO Author (AuthorID, Name) VALUES (637, 'Edward W. D. Whittaker');
INSERT INTO Paper (PaperID, Title, Year, MDate, Key, DOI) VALUES (1530, 'CLEF 2009 Question Answering Experiments at Tokyo Institute of Technology.', 2009, '2014-09-29', 'conf/clef/HeieNWF09', 'http://ceur-ws.org/Vol-1175/CLEF2009wn-QACLEF-HeieEt2009.pdf');
INSERT INTO Write (AuthorID, PaperID) VALUES (637, 1530);
INSERT INTO Paper (PaperID, Title, Year, MDate, Key, DOI) VALUES (1997, 'CLEF2007 Question Answering Experiments at Tokyo Institute of Technology.', 2007, '2014-09-23', 'conf/clef/WhittakerNHF07', 'http://ceur-ws.org/Vol-1173/CLEF2007wn-QACLEF-WhittakerEt2007.pdf');
INSERT INTO Write (AuthorID, PaperID) VALUES (637, 1997);
INSERT INTO Paper (PaperID, Title, Year, MDate, Key, DOI) VALUES (2277, 'CLEF2006 Question Answering Experiments at Tokyo Institute of Technology.', 2006, '2017-05-24', 'conf/clef/WhittakerNCDHF06', 'https://doi.org/10.1007/978-3-540-74999-8_42');
INSERT INTO Write (AuthorID, PaperID) VALUES (637, 2277);
INSERT INTO Paper (PaperID, Title, Year, MDate, Key, DOI) VALUES (3289, 'CLEF2006 Question Answering Experiments at Tokyo Institute of Technology.', 2006, '2014-08-15', 'conf/clef/WhittakerNCDHF06a', 'http://ceur-ws.org/Vol-1172/CLEF2006wn-QACLEF-WhittakerEt2006.pdf');
INSERT INTO Write (AuthorID, PaperID) VALUES (637, 3289);
INSERT INTO Author (AuthorID, Name) VALUES (638, 'Vanessa L&oacute;pez');
INSERT INTO Write (AuthorID, PaperID) VALUES (638, 518);
INSERT INTO Write (AuthorID, PaperID) VALUES (638, 694);
INSERT INTO Write (AuthorID, PaperID) VALUES (638, 809);
INSERT INTO Write (AuthorID, PaperID) VALUES (638, 3051);
INSERT INTO Author (AuthorID, Name) VALUES (639, 'Evangelos E. Milios');
INSERT INTO Paper (PaperID, Title, Year, MDate, Key, DOI) VALUES (2039, 'Proximity Based One-class Classification with Common N-Gram Dissimilarity for Authorship Verification Task Notebook for PAN at CLEF 2013.', 2013, '2014-09-10', 'conf/clef/JankowskaKM13', 'http://ceur-ws.org/Vol-1179/CLEF2013wn-PAN-JankowskaEt2013.pdf');
INSERT INTO Write (AuthorID, PaperID) VALUES (639, 2039);
INSERT INTO Paper (PaperID, Title, Year, MDate, Key, DOI) VALUES (2459, 'Ensembles of Proximity-Based One-Class Classifiers for Author Verification Notebook for PAN at CLEF 2014.', 2014, '2014-09-10', 'conf/clef/JankowskaKM14', 'http://ceur-ws.org/Vol-1180/CLEF2014wn-Pan-JankowskaEt2014.pdf');
INSERT INTO Write (AuthorID, PaperID) VALUES (639, 2459);
INSERT INTO Paper (PaperID, Title, Year, MDate, Key, DOI) VALUES (2825, 'CNG Text Classification for Authorship Profiling Task Notebook for PAN at CLEF 2013.', 2013, '2014-09-10', 'conf/clef/JankowskaKM13a', 'http://ceur-ws.org/Vol-1179/CLEF2013wn-PAN-JankowskaEt2013b.pdf');
INSERT INTO Write (AuthorID, PaperID) VALUES (639, 2825);
INSERT INTO Paper (PaperID, Title, Year, MDate, Key, DOI) VALUES (2992, 'Fast and Simple Deterministic Seeding of KMeans for Text Document Clustering.', 2018, '2018-08-20', 'conf/clef/SherkatVM18', 'https://doi.org/10.1007/978-3-319-98932-7_7');
INSERT INTO Write (AuthorID, PaperID) VALUES (639, 2992);
INSERT INTO Author (AuthorID, Name) VALUES (640, 'Tolga Berber');
INSERT INTO Write (AuthorID, PaperID) VALUES (640, 330);
INSERT INTO Write (AuthorID, PaperID) VALUES (640, 1866);
INSERT INTO Write (AuthorID, PaperID) VALUES (640, 2172);
INSERT INTO Write (AuthorID, PaperID) VALUES (640, 3436);
INSERT INTO Author (AuthorID, Name) VALUES (641, 'Maarten Marx');
INSERT INTO Write (AuthorID, PaperID) VALUES (641, 154);
INSERT INTO Write (AuthorID, PaperID) VALUES (641, 946);
INSERT INTO Write (AuthorID, PaperID) VALUES (641, 1470);
INSERT INTO Write (AuthorID, PaperID) VALUES (641, 1682);
INSERT INTO Author (AuthorID, Name) VALUES (642, 'Tim Gollub');
INSERT INTO Write (AuthorID, PaperID) VALUES (642, 1720);
INSERT INTO Write (AuthorID, PaperID) VALUES (642, 2113);
INSERT INTO Write (AuthorID, PaperID) VALUES (642, 2511);
INSERT INTO Write (AuthorID, PaperID) VALUES (642, 3276);
INSERT INTO Author (AuthorID, Name) VALUES (643, 'Dong Nguyen');
INSERT INTO Write (AuthorID, PaperID) VALUES (643, 169);
INSERT INTO Write (AuthorID, PaperID) VALUES (643, 994);
INSERT INTO Write (AuthorID, PaperID) VALUES (643, 2505);
INSERT INTO Write (AuthorID, PaperID) VALUES (643, 2605);
INSERT INTO Author (AuthorID, Name) VALUES (644, 'Zsolt Fekete');
INSERT INTO Write (AuthorID, PaperID) VALUES (644, 1746);
INSERT INTO Write (AuthorID, PaperID) VALUES (644, 2056);
INSERT INTO Write (AuthorID, PaperID) VALUES (644, 2259);
INSERT INTO Write (AuthorID, PaperID) VALUES (644, 3378);
INSERT INTO Author (AuthorID, Name) VALUES (645, 'Samir Abdou');
INSERT INTO Write (AuthorID, PaperID) VALUES (645, 2086);
INSERT INTO Write (AuthorID, PaperID) VALUES (645, 2557);
INSERT INTO Write (AuthorID, PaperID) VALUES (645, 3522);
INSERT INTO Write (AuthorID, PaperID) VALUES (645, 3525);
INSERT INTO Author (AuthorID, Name) VALUES (646, 'Yan Qu');
INSERT INTO Paper (PaperID, Title, Year, MDate, Key, DOI) VALUES (120, 'Resolving Translation Ambiguity Using Monolingual Corpora.', 2002, '2018-11-14', 'conf/clef/QuGE02', 'https://www.wikidata.org/entity/Q57570155');
INSERT INTO Write (AuthorID, PaperID) VALUES (646, 120);
INSERT INTO Paper (PaperID, Title, Year, MDate, Key, DOI) VALUES (2678, 'Clairvoyance CLEF-2003 Experiments.', 2003, '2018-03-13', 'conf/clef/QuGE03a', 'http://ceur-ws.org/Vol-1169/CLEF2003wn-adhoc-QuEt2003.pdf');
INSERT INTO Write (AuthorID, PaperID) VALUES (646, 2678);
INSERT INTO Paper (PaperID, Title, Year, MDate, Key, DOI) VALUES (3418, 'Resolving Translation Ambiguity using Monolingual Corpora. A Report on Clairvoyance CLEF-2002 Experiments.', 2002, '2018-03-13', 'conf/clef/QuGE02a', 'http://ceur-ws.org/Vol-1168/CLEF2002wn-adhoc-QuEt2002.pdf');
INSERT INTO Write (AuthorID, PaperID) VALUES (646, 3418);
INSERT INTO Paper (PaperID, Title, Year, MDate, Key, DOI) VALUES (3472, 'Clairvoyance CLEF-2003 Experiments.', 2003, '2018-11-14', 'conf/clef/QuGE03', 'https://www.wikidata.org/entity/Q57570144');
INSERT INTO Write (AuthorID, PaperID) VALUES (646, 3472);
INSERT INTO Author (AuthorID, Name) VALUES (647, 'Alexander Binder');
INSERT INTO Paper (PaperID, Title, Year, MDate, Key, DOI) VALUES (502, 'The Joint Submission of the TU Berlin and Fraunhofer FIRST (TUBFI) to the ImageCLEF2011 Photo Annotation Task.', 2011, '2014-09-24', 'conf/clef/BinderSKMMK11', 'http://www.clef-initiative.eu/documents/71612/86377/CLEF2011wn-ImageCLEF-BinderEt2011.pdf');
INSERT INTO Write (AuthorID, PaperID) VALUES (647, 502);
INSERT INTO Paper (PaperID, Title, Year, MDate, Key, DOI) VALUES (561, 'ImageCLEF 2017: ImageCLEF Tuberculosis Task - the SGEast Submission.', 2017, '2017-08-15', 'conf/clef/SunCTB17', 'http://ceur-ws.org/Vol-1866/paper_130.pdf');
INSERT INTO Write (AuthorID, PaperID) VALUES (647, 561);
INSERT INTO Paper (PaperID, Title, Year, MDate, Key, DOI) VALUES (1371, 'Fraunhofer FIRST''s Submission to ImageCLEF2009 Photo Annotation Task: Non-sparse Multiple Kernel Learning.', 2009, '2014-09-29', 'conf/clef/BinderK09a', 'http://ceur-ws.org/Vol-1175/CLEF2009wn-ImageCLEF-BinderEt2009.pdf');
INSERT INTO Write (AuthorID, PaperID) VALUES (647, 1371);
INSERT INTO Paper (PaperID, Title, Year, MDate, Key, DOI) VALUES (2145, 'Enhancing Recognition of Visual Concepts with Primitive Color Histograms via Non-sparse Multiple Kernel Learning.', 2009, '2017-06-02', 'conf/clef/BinderK09', 'https://doi.org/10.1007/978-3-642-15751-6_33');
INSERT INTO Write (AuthorID, PaperID) VALUES (647, 2145);
INSERT INTO Author (AuthorID, Name) VALUES (648, 'Gilad Mishne');
INSERT INTO Write (AuthorID, PaperID) VALUES (648, 356);
INSERT INTO Write (AuthorID, PaperID) VALUES (648, 667);
INSERT INTO Write (AuthorID, PaperID) VALUES (648, 1713);
INSERT INTO Write (AuthorID, PaperID) VALUES (648, 2076);
INSERT INTO Author (AuthorID, Name) VALUES (649, 'Gabriela Ram&iacute;rez-de-la-Rosa');
INSERT INTO Write (AuthorID, PaperID) VALUES (649, 454);
INSERT INTO Write (AuthorID, PaperID) VALUES (649, 512);
INSERT INTO Write (AuthorID, PaperID) VALUES (649, 1627);
INSERT INTO Write (AuthorID, PaperID) VALUES (649, 1844);
INSERT INTO Author (AuthorID, Name) VALUES (650, 'Ryen W. White');
INSERT INTO Write (AuthorID, PaperID) VALUES (650, 1232);
INSERT INTO Write (AuthorID, PaperID) VALUES (650, 2250);
INSERT INTO Write (AuthorID, PaperID) VALUES (650, 2612);
INSERT INTO Write (AuthorID, PaperID) VALUES (650, 2898);
INSERT INTO Author (AuthorID, Name) VALUES (651, 'Nuno J. Mamede');
INSERT INTO Write (AuthorID, PaperID) VALUES (651, 255);
INSERT INTO Write (AuthorID, PaperID) VALUES (651, 506);
INSERT INTO Write (AuthorID, PaperID) VALUES (651, 951);
INSERT INTO Write (AuthorID, PaperID) VALUES (651, 1974);
INSERT INTO Author (AuthorID, Name) VALUES (652, 'Fredrik Olsson');
INSERT INTO Write (AuthorID, PaperID) VALUES (652, 403);
INSERT INTO Write (AuthorID, PaperID) VALUES (652, 964);
INSERT INTO Write (AuthorID, PaperID) VALUES (652, 1535);
INSERT INTO Write (AuthorID, PaperID) VALUES (652, 2586);
INSERT INTO Author (AuthorID, Name) VALUES (653, 'Carla Teixeira Lopes');
INSERT INTO Paper (PaperID, Title, Year, MDate, Key, DOI) VALUES (1587, 'Health Suggestions: A Chrome Extension to Help Laypersons Search for Health Information.', 2016, '2018-11-02', 'conf/clef/LopesF15', 'https://doi.org/10.1007/978-3-319-44564-9_22');
INSERT INTO Write (AuthorID, PaperID) VALUES (653, 1587);
INSERT INTO Paper (PaperID, Title, Year, MDate, Key, DOI) VALUES (2063, 'Effects of Language and Terminology on the Usage of Health Query Suggestions.', 2016, '2018-11-02', 'conf/clef/Lopes016', 'https://doi.org/10.1007/978-3-319-44564-9_7');
INSERT INTO Write (AuthorID, PaperID) VALUES (653, 2063);
INSERT INTO Paper (PaperID, Title, Year, MDate, Key, DOI) VALUES (2115, 'Effects of Language and Terminology of Query Suggestions on the Precision of Health Searches.', 2018, '2018-08-20', 'conf/clef/Lopes018', 'https://doi.org/10.1007/978-3-319-98932-7_9');
INSERT INTO Write (AuthorID, PaperID) VALUES (653, 2115);
INSERT INTO Paper (PaperID, Title, Year, MDate, Key, DOI) VALUES (2336, 'The Effectiveness of Query Expansion when searching for Health related Content: InfoLab at CLEF eHealth 2016.', 2016, '2017-12-13', 'conf/clef/SilvaL16', 'http://ceur-ws.org/Vol-1609/16090130.pdf');
INSERT INTO Write (AuthorID, PaperID) VALUES (653, 2336);
INSERT INTO Author (AuthorID, Name) VALUES (654, 'Sameer Pradhan');
INSERT INTO Write (AuthorID, PaperID) VALUES (654, 928);
INSERT INTO Write (AuthorID, PaperID) VALUES (654, 1126);
INSERT INTO Write (AuthorID, PaperID) VALUES (654, 1740);
INSERT INTO Write (AuthorID, PaperID) VALUES (654, 2189);
INSERT INTO Author (AuthorID, Name) VALUES (655, 'Marie-Francine Moens');
INSERT INTO Paper (PaperID, Title, Year, MDate, Key, DOI) VALUES (1, 'Generating Text from Images in a Smooth Representation Space.', 2018, '2018-08-08', 'conf/clef/SpinksM18', 'http://ceur-ws.org/Vol-2125/paper_80.pdf');
INSERT INTO Write (AuthorID, PaperID) VALUES (655, 1);
INSERT INTO Write (AuthorID, PaperID) VALUES (655, 742);
INSERT INTO Paper (PaperID, Title, Year, MDate, Key, DOI) VALUES (1598, 'Age and Gender Identification in Social Media.', 2014, '2014-09-10', 'conf/clef/MarquardtFVMDTC14', 'http://ceur-ws.org/Vol-1180/CLEF2014wn-Pan-MarquardtEt2014.pdf');
INSERT INTO Write (AuthorID, PaperID) VALUES (655, 1598);
INSERT INTO Write (AuthorID, PaperID) VALUES (655, 1944);
INSERT INTO Author (AuthorID, Name) VALUES (656, 'Sebastian Spiegler');
INSERT INTO Paper (PaperID, Title, Year, MDate, Key, DOI) VALUES (131, 'PROMODES: A Probabilistic Generative Model for Word Decomposition.', 2009, '2014-09-29', 'conf/clef/SpieglerGF09a', 'http://ceur-ws.org/Vol-1175/CLEF2009wn-MorphoChallenge-SpieglerEt2009.pdf');
INSERT INTO Write (AuthorID, PaperID) VALUES (656, 131);
INSERT INTO Paper (PaperID, Title, Year, MDate, Key, DOI) VALUES (495, 'Unsupervised Morpheme Discovery with Ungrade.', 2009, '2018-11-24', 'conf/clef/GoleniaSF09', 'https://www.wikidata.org/entity/Q58642749');
INSERT INTO Write (AuthorID, PaperID) VALUES (656, 495);
INSERT INTO Paper (PaperID, Title, Year, MDate, Key, DOI) VALUES (1456, 'Unsupervised Word Decomposition with the Promodes Algorithm.', 2009, '2018-11-24', 'conf/clef/SpieglerGF09', 'https://www.wikidata.org/entity/Q58642751');
INSERT INTO Write (AuthorID, PaperID) VALUES (656, 1456);
INSERT INTO Paper (PaperID, Title, Year, MDate, Key, DOI) VALUES (3524, 'UNGRADE: UNsupervised GRAph DEcomposition.', 2009, '2014-09-29', 'conf/clef/GoleniaSF09a', 'http://ceur-ws.org/Vol-1175/CLEF2009wn-MorphoChallenge-GoleniaEt2009.pdf');
INSERT INTO Write (AuthorID, PaperID) VALUES (656, 3524);
INSERT INTO Author (AuthorID, Name) VALUES (657, 'Francesco Orabona');
INSERT INTO Write (AuthorID, PaperID) VALUES (657, 2237);
INSERT INTO Write (AuthorID, PaperID) VALUES (657, 2581);
INSERT INTO Write (AuthorID, PaperID) VALUES (657, 2703);
INSERT INTO Write (AuthorID, PaperID) VALUES (657, 3081);
INSERT INTO Author (AuthorID, Name) VALUES (658, 'Maria Jos&eacute; Garciarena Ucelay');
INSERT INTO Paper (PaperID, Title, Year, MDate, Key, DOI) VALUES (1102, 'Temporal Variation of Terms as Concept Space for Early Risk Prediction.', 2017, '2017-08-15', 'conf/clef/ErrecaldeVFUC17', 'http://ceur-ws.org/Vol-1866/paper_103.pdf');
INSERT INTO Write (AuthorID, PaperID) VALUES (658, 1102);
INSERT INTO Write (AuthorID, PaperID) VALUES (658, 1367);
INSERT INTO Write (AuthorID, PaperID) VALUES (658, 1627);
INSERT INTO Paper (PaperID, Title, Year, MDate, Key, DOI) VALUES (3513, 'LIDIC - UNSL''s Participation at eRisk 2017: Pilot Task on Early Detection of Depression.', 2017, '2017-08-15', 'conf/clef/VillegasFUCE17', 'http://ceur-ws.org/Vol-1866/paper_107.pdf');
INSERT INTO Write (AuthorID, PaperID) VALUES (658, 3513);
INSERT INTO Author (AuthorID, Name) VALUES (659, 'Sadaoki Furui');
INSERT INTO Write (AuthorID, PaperID) VALUES (659, 1530);
INSERT INTO Write (AuthorID, PaperID) VALUES (659, 1997);
INSERT INTO Write (AuthorID, PaperID) VALUES (659, 2277);
INSERT INTO Write (AuthorID, PaperID) VALUES (659, 3289);
INSERT INTO Author (AuthorID, Name) VALUES (660, 'Tamara Mart&iacute;n-Wanton');
INSERT INTO Write (AuthorID, PaperID) VALUES (660, 299);
INSERT INTO Write (AuthorID, PaperID) VALUES (660, 1081);
INSERT INTO Write (AuthorID, PaperID) VALUES (660, 2931);
INSERT INTO Write (AuthorID, PaperID) VALUES (660, 3039);
INSERT INTO Author (AuthorID, Name) VALUES (661, 'Md Bayzidul Islam');
INSERT INTO Paper (PaperID, Title, Year, MDate, Key, DOI) VALUES (266, 'Sentinel-2 Satellite Imagery based Population Estimation Strategies at FabSpace 2.0 Lab Darmstadt.', 2017, '2018-01-09', 'conf/clef/IslamBBADE17', 'http://ceur-ws.org/Vol-1866/paper_140.pdf');
INSERT INTO Write (AuthorID, PaperID) VALUES (661, 266);
INSERT INTO Write (AuthorID, PaperID) VALUES (661, 783);
INSERT INTO Write (AuthorID, PaperID) VALUES (661, 870);
INSERT INTO Write (AuthorID, PaperID) VALUES (661, 1747);
INSERT INTO Author (AuthorID, Name) VALUES (662, 'Ren&eacute; Spijker');
INSERT INTO Write (AuthorID, PaperID) VALUES (662, 439);
INSERT INTO Write (AuthorID, PaperID) VALUES (662, 531);
INSERT INTO Write (AuthorID, PaperID) VALUES (662, 822);
INSERT INTO Write (AuthorID, PaperID) VALUES (662, 3468);
INSERT INTO Author (AuthorID, Name) VALUES (663, 'Marcin Detyniecki');
INSERT INTO Write (AuthorID, PaperID) VALUES (663, 27);
INSERT INTO Write (AuthorID, PaperID) VALUES (663, 722);
INSERT INTO Write (AuthorID, PaperID) VALUES (663, 1013);
INSERT INTO Write (AuthorID, PaperID) VALUES (663, 1833);
INSERT INTO Author (AuthorID, Name) VALUES (664, 'Procheta Sen');
INSERT INTO Write (AuthorID, PaperID) VALUES (664, 1328);
INSERT INTO Write (AuthorID, PaperID) VALUES (664, 1382);
INSERT INTO Write (AuthorID, PaperID) VALUES (664, 1519);
INSERT INTO Write (AuthorID, PaperID) VALUES (664, 2008);
INSERT INTO Author (AuthorID, Name) VALUES (665, 'Yuichi Kojima');
INSERT INTO Paper (PaperID, Title, Year, MDate, Key, DOI) VALUES (449, 'Ricoh at CLEF 2003.', 2003, '2017-05-24', 'conf/clef/KojimaIMO03', 'https://doi.org/10.1007/978-3-540-30222-3_35');
INSERT INTO Write (AuthorID, PaperID) VALUES (665, 449);
INSERT INTO Paper (PaperID, Title, Year, MDate, Key, DOI) VALUES (1321, 'Ricoh at CLEF 2004.', 2004, '2017-05-24', 'conf/clef/Kojima05', 'https://doi.org/10.1007/11519645_30');
INSERT INTO Write (AuthorID, PaperID) VALUES (665, 1321);
INSERT INTO Paper (PaperID, Title, Year, MDate, Key, DOI) VALUES (1325, 'Ricoh at CLEF 2003.', 2003, '2014-08-15', 'conf/clef/KojimaIMO03a', 'http://ceur-ws.org/Vol-1169/CLEF2003wn-adhoc-KojimaEt2003.pdf');
INSERT INTO Write (AuthorID, PaperID) VALUES (665, 1325);
INSERT INTO Paper (PaperID, Title, Year, MDate, Key, DOI) VALUES (1953, 'Ricoh at CLEF 2004.', 2004, '2014-08-15', 'conf/clef/Kojima04', 'http://ceur-ws.org/Vol-1170/CLEF2004wn-DomainSpecific-Kojima2004.pdf');
INSERT INTO Write (AuthorID, PaperID) VALUES (665, 1953);
INSERT INTO Author (AuthorID, Name) VALUES (666, 'Tomohiro Takagi');
INSERT INTO Paper (PaperID, Title, Year, MDate, Key, DOI) VALUES (981, 'Meiji University at ImageCLEF2008 Photo Retrieval Task: Evaluation of Image Retrieval Methods Integrating Different Media.', 2008, '2014-09-29', 'conf/clef/YamauchiNUKET08', 'http://ceur-ws.org/Vol-1174/CLEF2008wn-ImageCLEF-YamauchiEt2008.pdf');
INSERT INTO Write (AuthorID, PaperID) VALUES (666, 981);
INSERT INTO Paper (PaperID, Title, Year, MDate, Key, DOI) VALUES (986, 'Annotation and Retrieval System Using Confabulation Model for ImageCLEF2011 Photo Annotation.', 2011, '2014-09-24', 'conf/clef/IzawaMT11', 'http://www.clef-initiative.eu/documents/71612/86377/CLEF2011wn-ImageCLEF-IzawaEt2011.pdf');
INSERT INTO Write (AuthorID, PaperID) VALUES (666, 986);
INSERT INTO Paper (PaperID, Title, Year, MDate, Key, DOI) VALUES (2153, 'Meiji University at ImageCLEF2010 Visual Concept Detection and Annotation Task.', 2010, '2014-09-24', 'conf/clef/MotohashiIT10', 'http://www.clef-initiative.eu/documents/71612/86374/CLEF2010wn-ImageCLEF-MotohashiEt2010.pdf');
INSERT INTO Write (AuthorID, PaperID) VALUES (666, 2153);
INSERT INTO Paper (PaperID, Title, Year, MDate, Key, DOI) VALUES (2926, 'Meiji University at ImageCLEF2008 Photo Retrieval Task: Evaluation of Image Retrieval Methods Integrating Different Media.', 2008, '2017-05-24', 'conf/clef/YamauchiNUKT08', 'https://doi.org/10.1007/978-3-642-04447-2_67');
INSERT INTO Write (AuthorID, PaperID) VALUES (666, 2926);
INSERT INTO Author (AuthorID, Name) VALUES (667, 'Marius Popescu');
INSERT INTO Write (AuthorID, PaperID) VALUES (667, 67);
INSERT INTO Write (AuthorID, PaperID) VALUES (667, 212);
INSERT INTO Write (AuthorID, PaperID) VALUES (667, 3064);
INSERT INTO Write (AuthorID, PaperID) VALUES (667, 3381);
INSERT INTO Author (AuthorID, Name) VALUES (668, 'Roeland Ordelman');
INSERT INTO Write (AuthorID, PaperID) VALUES (668, 1191);
INSERT INTO Write (AuthorID, PaperID) VALUES (668, 2041);
INSERT INTO Write (AuthorID, PaperID) VALUES (668, 2987);
INSERT INTO Write (AuthorID, PaperID) VALUES (668, 3199);
INSERT INTO Author (AuthorID, Name) VALUES (669, 'Jun Luo');
INSERT INTO Write (AuthorID, PaperID) VALUES (669, 342);
INSERT INTO Write (AuthorID, PaperID) VALUES (669, 1946);
INSERT INTO Write (AuthorID, PaperID) VALUES (669, 2970);
INSERT INTO Write (AuthorID, PaperID) VALUES (669, 3200);
INSERT INTO Author (AuthorID, Name) VALUES (670, 'Bruno Gol&eacute;nia');
INSERT INTO Write (AuthorID, PaperID) VALUES (670, 131);
INSERT INTO Write (AuthorID, PaperID) VALUES (670, 495);
INSERT INTO Write (AuthorID, PaperID) VALUES (670, 1456);
INSERT INTO Write (AuthorID, PaperID) VALUES (670, 3524);
INSERT INTO Author (AuthorID, Name) VALUES (671, 'Karin M&uuml;ller 0002');
INSERT INTO Write (AuthorID, PaperID) VALUES (671, 1082);
INSERT INTO Write (AuthorID, PaperID) VALUES (671, 1713);
INSERT INTO Write (AuthorID, PaperID) VALUES (671, 1898);
INSERT INTO Write (AuthorID, PaperID) VALUES (671, 2076);
INSERT INTO Author (AuthorID, Name) VALUES (672, 'Qi Tian 0002');
INSERT INTO Write (AuthorID, PaperID) VALUES (672, 275);
INSERT INTO Write (AuthorID, PaperID) VALUES (672, 1607);
INSERT INTO Write (AuthorID, PaperID) VALUES (672, 2409);
INSERT INTO Write (AuthorID, PaperID) VALUES (672, 2862);
INSERT INTO Author (AuthorID, Name) VALUES (673, 'Anna Khasin');
INSERT INTO Write (AuthorID, PaperID) VALUES (673, 1045);
INSERT INTO Write (AuthorID, PaperID) VALUES (673, 1174);
INSERT INTO Write (AuthorID, PaperID) VALUES (673, 1635);
INSERT INTO Write (AuthorID, PaperID) VALUES (673, 1651);
INSERT INTO Author (AuthorID, Name) VALUES (674, 'Kieran McDonald');
INSERT INTO Write (AuthorID, PaperID) VALUES (674, 467);
INSERT INTO Write (AuthorID, PaperID) VALUES (674, 595);
INSERT INTO Write (AuthorID, PaperID) VALUES (674, 1192);
INSERT INTO Write (AuthorID, PaperID) VALUES (674, 3029);
INSERT INTO Author (AuthorID, Name) VALUES (675, 'Sa&uacute;l Le&oacute;n');
INSERT INTO Write (AuthorID, PaperID) VALUES (675, 1267);
INSERT INTO Write (AuthorID, PaperID) VALUES (675, 2083);
INSERT INTO Write (AuthorID, PaperID) VALUES (675, 2427);
INSERT INTO Write (AuthorID, PaperID) VALUES (675, 3501);
INSERT INTO Author (AuthorID, Name) VALUES (676, 'Gil Francopoulo');
INSERT INTO Paper (PaperID, Title, Year, MDate, Key, DOI) VALUES (1573, 'Experiments with a Chunker and Lucene.', 2002, '2014-08-15', 'conf/clef/Francopoulo02a', 'http://ceur-ws.org/Vol-1168/CLEF2002wn-adhoc-Francopoulo2002.pdf');
INSERT INTO Write (AuthorID, PaperID) VALUES (676, 1573);
INSERT INTO Paper (PaperID, Title, Year, MDate, Key, DOI) VALUES (1698, 'Pruning Texts with NLP and Expanding Queries with an Ontology: TagSearch.', 2003, '2017-05-24', 'conf/clef/Francopoulo03', 'https://doi.org/10.1007/978-3-540-30222-3_30');
INSERT INTO Write (AuthorID, PaperID) VALUES (676, 1698);
INSERT INTO Paper (PaperID, Title, Year, MDate, Key, DOI) VALUES (2294, 'Experiments with a Chunker and Lucene.', 2002, '2017-05-24', 'conf/clef/Francopoulo02', 'https://doi.org/10.1007/978-3-540-45237-9_28');
INSERT INTO Write (AuthorID, PaperID) VALUES (676, 2294);
INSERT INTO Paper (PaperID, Title, Year, MDate, Key, DOI) VALUES (2919, 'Pruning Texts with NLP and Expanding Queries with an Ontology: TagSearch.', 2003, '2014-08-15', 'conf/clef/Francopoulo03a', 'http://ceur-ws.org/Vol-1169/CLEF2003wn-adhoc-Francopoulo2003.pdf');
INSERT INTO Write (AuthorID, PaperID) VALUES (676, 2919);
INSERT INTO Author (AuthorID, Name) VALUES (677, 'John Tait');
INSERT INTO Write (AuthorID, PaperID) VALUES (677, 128);
INSERT INTO Write (AuthorID, PaperID) VALUES (677, 1664);
INSERT INTO Write (AuthorID, PaperID) VALUES (677, 2158);
INSERT INTO Write (AuthorID, PaperID) VALUES (677, 3412);
INSERT INTO Author (AuthorID, Name) VALUES (678, 'Yiming Yang');
INSERT INTO Write (AuthorID, PaperID) VALUES (678, 852);
INSERT INTO Write (AuthorID, PaperID) VALUES (678, 2184);
INSERT INTO Write (AuthorID, PaperID) VALUES (678, 2682);
INSERT INTO Write (AuthorID, PaperID) VALUES (678, 3006);
INSERT INTO Author (AuthorID, Name) VALUES (679, 'Hugo Molina-Salgado');
INSERT INTO Write (AuthorID, PaperID) VALUES (679, 87);
INSERT INTO Write (AuthorID, PaperID) VALUES (679, 782);
INSERT INTO Write (AuthorID, PaperID) VALUES (679, 1254);
INSERT INTO Write (AuthorID, PaperID) VALUES (679, 1634);
INSERT INTO Author (AuthorID, Name) VALUES (680, 'Estela Saquete');
INSERT INTO Write (AuthorID, PaperID) VALUES (680, 95);
INSERT INTO Write (AuthorID, PaperID) VALUES (680, 1098);
INSERT INTO Write (AuthorID, PaperID) VALUES (680, 2207);
INSERT INTO Write (AuthorID, PaperID) VALUES (680, 2733);
INSERT INTO Author (AuthorID, Name) VALUES (681, 'Oladimeji Farri');
INSERT INTO Write (AuthorID, PaperID) VALUES (681, 383);
INSERT INTO Write (AuthorID, PaperID) VALUES (681, 905);
INSERT INTO Write (AuthorID, PaperID) VALUES (681, 1179);
INSERT INTO Write (AuthorID, PaperID) VALUES (681, 1995);
INSERT INTO Author (AuthorID, Name) VALUES (682, 'Munirathnam Srikanth');
INSERT INTO Write (AuthorID, PaperID) VALUES (682, 547);
INSERT INTO Write (AuthorID, PaperID) VALUES (682, 670);
INSERT INTO Write (AuthorID, PaperID) VALUES (682, 717);
INSERT INTO Write (AuthorID, PaperID) VALUES (682, 3093);
INSERT INTO Author (AuthorID, Name) VALUES (683, 'Miguel A. Sanchez-Perez');
INSERT INTO Write (AuthorID, PaperID) VALUES (683, 106);
INSERT INTO Write (AuthorID, PaperID) VALUES (683, 878);
INSERT INTO Write (AuthorID, PaperID) VALUES (683, 1039);
INSERT INTO Write (AuthorID, PaperID) VALUES (683, 3503);
INSERT INTO Author (AuthorID, Name) VALUES (684, 'Saber A. Akhondi');
INSERT INTO Write (AuthorID, PaperID) VALUES (684, 242);
INSERT INTO Write (AuthorID, PaperID) VALUES (684, 891);
INSERT INTO Write (AuthorID, PaperID) VALUES (684, 1454);
INSERT INTO Write (AuthorID, PaperID) VALUES (684, 2350);
INSERT INTO Author (AuthorID, Name) VALUES (685, 'Amel Ksibi');
INSERT INTO Write (AuthorID, PaperID) VALUES (685, 1510);
INSERT INTO Write (AuthorID, PaperID) VALUES (685, 2275);
INSERT INTO Write (AuthorID, PaperID) VALUES (685, 3251);
INSERT INTO Write (AuthorID, PaperID) VALUES (685, 3313);
INSERT INTO Author (AuthorID, Name) VALUES (686, 'Ludovic Tanguy');
INSERT INTO Paper (PaperID, Title, Year, MDate, Key, DOI) VALUES (830, 'Authorship Attribution: Using Rich Linguistic Features when Training Data is Scarce.', 2012, '2014-09-24', 'conf/clef/TanguySCH12', 'http://www.clef-initiative.eu/documents/71612/740a894f-01ce-49ee-ab0b-04cefe6dae0d');
INSERT INTO Write (AuthorID, PaperID) VALUES (686, 830);
INSERT INTO Paper (PaperID, Title, Year, MDate, Key, DOI) VALUES (838, 'A Multitude of Linguistically-rich Features for Authorship Attribution - Notebook for PAN at CLEF 2011.', 2011, '2014-09-24', 'conf/clef/TanguyUCHS11', 'http://www.clef-initiative.eu/documents/71612/86377/CLEF2011wn-PAN-TanguyEt2011.pdf');
INSERT INTO Write (AuthorID, PaperID) VALUES (686, 838);
INSERT INTO Write (AuthorID, PaperID) VALUES (686, 2326);
INSERT INTO Paper (PaperID, Title, Year, MDate, Key, DOI) VALUES (2686, 'LITL at CLEF eHealth2016: recognizing Entities in French Biomedical Documents.', 2016, '2016-08-11', 'conf/clef/Ho-DacTGMMRVW16', 'http://ceur-ws.org/Vol-1609/16090081.pdf');
INSERT INTO Write (AuthorID, PaperID) VALUES (686, 2686);
INSERT INTO Author (AuthorID, Name) VALUES (687, 'Gianni Amati');
INSERT INTO Paper (PaperID, Title, Year, MDate, Key, DOI) VALUES (842, 'Italian Monolingual Information Retrieval with PROSIT.', 2002, '2014-08-15', 'conf/clef/AmatiC002', 'http://ceur-ws.org/Vol-1168/CLEF2002wn-adhoc-AmatiEt2002.pdf');
INSERT INTO Write (AuthorID, PaperID) VALUES (687, 842);
INSERT INTO Paper (PaperID, Title, Year, MDate, Key, DOI) VALUES (1539, 'Comparing Weighting Models for Monolingual Information Retrieval.', 2003, '2017-05-24', 'conf/clef/AmatiCR03', 'https://doi.org/10.1007/978-3-540-30222-3_29');
INSERT INTO Write (AuthorID, PaperID) VALUES (687, 1539);
INSERT INTO Paper (PaperID, Title, Year, MDate, Key, DOI) VALUES (1969, 'Italian Monolingual Information Retrieval with PROSIT.', 2002, '2017-05-24', 'conf/clef/AmatiCR02', 'https://doi.org/10.1007/978-3-540-45237-9_21');
INSERT INTO Write (AuthorID, PaperID) VALUES (687, 1969);
INSERT INTO Paper (PaperID, Title, Year, MDate, Key, DOI) VALUES (3347, 'Comparing Weighting Models for Monolingual Information Retrieval.', 2003, '2014-08-15', 'conf/clef/AmatiC003', 'http://ceur-ws.org/Vol-1169/CLEF2003wn-adhoc-AmatiEt2003.pdf');
INSERT INTO Write (AuthorID, PaperID) VALUES (687, 3347);
INSERT INTO Author (AuthorID, Name) VALUES (688, 'Josiah Wang');
INSERT INTO Write (AuthorID, PaperID) VALUES (688, 33);
INSERT INTO Write (AuthorID, PaperID) VALUES (688, 948);
INSERT INTO Write (AuthorID, PaperID) VALUES (688, 2308);
INSERT INTO Write (AuthorID, PaperID) VALUES (688, 3423);
INSERT INTO Author (AuthorID, Name) VALUES (689, 'Salar Mohtaj');
INSERT INTO Write (AuthorID, PaperID) VALUES (689, 459);
INSERT INTO Write (AuthorID, PaperID) VALUES (689, 540);
INSERT INTO Write (AuthorID, PaperID) VALUES (689, 1144);
INSERT INTO Write (AuthorID, PaperID) VALUES (689, 2255);
INSERT INTO Author (AuthorID, Name) VALUES (690, 'David Lyndon');
INSERT INTO Write (AuthorID, PaperID) VALUES (690, 262);
INSERT INTO Write (AuthorID, PaperID) VALUES (690, 650);
INSERT INTO Write (AuthorID, PaperID) VALUES (690, 1850);
INSERT INTO Write (AuthorID, PaperID) VALUES (690, 2858);
INSERT INTO Author (AuthorID, Name) VALUES (691, 'Dennis Reidsma');
INSERT INTO Write (AuthorID, PaperID) VALUES (691, 313);
INSERT INTO Paper (PaperID, Title, Year, MDate, Key, DOI) VALUES (1262, 'MediaLab @ CLEF-2002: Comparing Search Strategies.', 2002, '2014-08-15', 'conf/clef/ReidsmaW02', 'http://ceur-ws.org/Vol-1168/CLEF2002wn-adhoc-ReidsmaEt2002b.pdf');
INSERT INTO Write (AuthorID, PaperID) VALUES (691, 1262);
INSERT INTO Write (AuthorID, PaperID) VALUES (691, 2186);
INSERT INTO Write (AuthorID, PaperID) VALUES (691, 2913);
INSERT INTO Author (AuthorID, Name) VALUES (692, 'Pavel Braslavski');
INSERT INTO Paper (PaperID, Title, Year, MDate, Key, DOI) VALUES (29, 'Search Snippet Evaluation at Yandex: Lessons Learned and Future Directions.', 2011, '2018-11-02', 'conf/clef/SavenkovBL11', 'https://doi.org/10.1007/978-3-642-23708-9_4');
INSERT INTO Write (AuthorID, PaperID) VALUES (692, 29);
INSERT INTO Write (AuthorID, PaperID) VALUES (692, 940);
INSERT INTO Paper (PaperID, Title, Year, MDate, Key, DOI) VALUES (2089, 'A Pinch of Humor for Short-Text Conversation: An Information Retrieval Approach.', 2017, '2018-11-02', 'conf/clef/BlinovMBB17', 'https://doi.org/10.1007/978-3-319-65813-1_1');
INSERT INTO Write (AuthorID, PaperID) VALUES (692, 2089);
INSERT INTO Paper (PaperID, Title, Year, MDate, Key, DOI) VALUES (3280, 'Towards Automatic Evaluation of Health-Related CQA Data.', 2014, '2018-11-02', 'conf/clef/BeloborodovBD14', 'https://doi.org/10.1007/978-3-319-11382-1_2');
INSERT INTO Write (AuthorID, PaperID) VALUES (692, 3280);
INSERT INTO Author (AuthorID, Name) VALUES (693, 'Shih-Hung Wu');
INSERT INTO Paper (PaperID, Title, Year, MDate, Key, DOI) VALUES (22, 'Social Feature Re-ranking in INEX 2013 Social Book Search Track.', 2013, '2014-09-10', 'conf/clef/XiaoWCCY13', 'http://ceur-ws.org/Vol-1179/CLEF2013wn-INEX-XiaoEt2013.pdf');
INSERT INTO Write (AuthorID, PaperID) VALUES (693, 22);
INSERT INTO Paper (PaperID, Title, Year, MDate, Key, DOI) VALUES (664, 'Integrating Social Features and Query Type Recognition in the Suggestion Track of CLEF 2015 Social Book Search Lab.', 2015, '2015-09-03', 'conf/clef/WuHCK15', 'http://ceur-ws.org/Vol-1391/35-CR.pdf');
INSERT INTO Write (AuthorID, PaperID) VALUES (693, 664);
INSERT INTO Paper (PaperID, Title, Year, MDate, Key, DOI) VALUES (1230, 'Query Expansion by Word Embedding in the Suggestion Track of CLEF 2016 Social Book Search Lab.', 2016, '2016-08-11', 'conf/clef/WuHCY16', 'http://ceur-ws.org/Vol-1609/16091155.pdf');
INSERT INTO Write (AuthorID, PaperID) VALUES (693, 1230);
INSERT INTO Paper (PaperID, Title, Year, MDate, Key, DOI) VALUES (2383, 'Query Type Recognition and Result Filtering in INEX 2014 Social Book Search Track.', 2014, '2014-09-10', 'conf/clef/Wu14', 'http://ceur-ws.org/Vol-1180/CLEF2014wn-Inex-WuEt2014.pdf');
INSERT INTO Write (AuthorID, PaperID) VALUES (693, 2383);
INSERT INTO Author (AuthorID, Name) VALUES (694, 'Paula Carvalho');
INSERT INTO Write (AuthorID, PaperID) VALUES (694, 850);
INSERT INTO Write (AuthorID, PaperID) VALUES (694, 1255);
INSERT INTO Write (AuthorID, PaperID) VALUES (694, 1650);
INSERT INTO Write (AuthorID, PaperID) VALUES (694, 1934);
INSERT INTO Author (AuthorID, Name) VALUES (695, 'Xiaoli Huang');
INSERT INTO Write (AuthorID, PaperID) VALUES (695, 1232);
INSERT INTO Write (AuthorID, PaperID) VALUES (695, 2250);
INSERT INTO Write (AuthorID, PaperID) VALUES (695, 2612);
INSERT INTO Write (AuthorID, PaperID) VALUES (695, 2898);
INSERT INTO Author (AuthorID, Name) VALUES (696, 'Hessel Haagsma');
INSERT INTO Write (AuthorID, PaperID) VALUES (696, 294);
INSERT INTO Write (AuthorID, PaperID) VALUES (696, 947);
INSERT INTO Write (AuthorID, PaperID) VALUES (696, 1826);
INSERT INTO Write (AuthorID, PaperID) VALUES (696, 2163);
INSERT INTO Author (AuthorID, Name) VALUES (697, 'Daniel Keysers');
INSERT INTO Write (AuthorID, PaperID) VALUES (697, 963);
INSERT INTO Write (AuthorID, PaperID) VALUES (697, 1562);
INSERT INTO Write (AuthorID, PaperID) VALUES (697, 2306);
INSERT INTO Write (AuthorID, PaperID) VALUES (697, 3308);
INSERT INTO Author (AuthorID, Name) VALUES (698, 'Guergana K. Savova');
INSERT INTO Write (AuthorID, PaperID) VALUES (698, 928);
INSERT INTO Write (AuthorID, PaperID) VALUES (698, 1126);
INSERT INTO Write (AuthorID, PaperID) VALUES (698, 1740);
INSERT INTO Write (AuthorID, PaperID) VALUES (698, 2189);
INSERT INTO Author (AuthorID, Name) VALUES (699, 'Dragi Kocev');
INSERT INTO Write (AuthorID, PaperID) VALUES (699, 1211);
INSERT INTO Write (AuthorID, PaperID) VALUES (699, 2029);
INSERT INTO Write (AuthorID, PaperID) VALUES (699, 2126);
INSERT INTO Write (AuthorID, PaperID) VALUES (699, 3169);
INSERT INTO Author (AuthorID, Name) VALUES (700, 'Lorenza Moreno-Monteagudo');
INSERT INTO Write (AuthorID, PaperID) VALUES (700, 112);
INSERT INTO Write (AuthorID, PaperID) VALUES (700, 788);
INSERT INTO Write (AuthorID, PaperID) VALUES (700, 1154);
INSERT INTO Write (AuthorID, PaperID) VALUES (700, 1239);
INSERT INTO Author (AuthorID, Name) VALUES (701, 'Nathalie Aussenac-Gilles');
INSERT INTO Write (AuthorID, PaperID) VALUES (701, 637);
INSERT INTO Write (AuthorID, PaperID) VALUES (701, 1625);
INSERT INTO Write (AuthorID, PaperID) VALUES (701, 1808);
INSERT INTO Write (AuthorID, PaperID) VALUES (701, 2563);
INSERT INTO Author (AuthorID, Name) VALUES (702, 'Stefano Bromuri');
INSERT INTO Write (AuthorID, PaperID) VALUES (702, 33);
INSERT INTO Write (AuthorID, PaperID) VALUES (702, 331);
INSERT INTO Write (AuthorID, PaperID) VALUES (702, 2308);
INSERT INTO Write (AuthorID, PaperID) VALUES (702, 2750);
INSERT INTO Author (AuthorID, Name) VALUES (703, 'Patrice Lopez');
INSERT INTO Paper (PaperID, Title, Year, MDate, Key, DOI) VALUES (1261, 'Experiments with Citation Mining and Key-Term Extraction for Prior Art Search.', 2010, '2014-09-24', 'conf/clef/LopezR10', 'http://www.clef-initiative.eu/documents/71612/86374/CLEF2010wn-CLEF-IP-LopezEt2010.pdf');
INSERT INTO Write (AuthorID, PaperID) VALUES (703, 1261);
INSERT INTO Paper (PaperID, Title, Year, MDate, Key, DOI) VALUES (2243, 'PATATRAS: Retrieval Model Combination and Regression Models for Prior Art Search.', 2009, '2018-11-14', 'conf/clef/LopezR09', 'https://www.wikidata.org/entity/Q57634905');
INSERT INTO Write (AuthorID, PaperID) VALUES (703, 2243);
INSERT INTO Paper (PaperID, Title, Year, MDate, Key, DOI) VALUES (2433, 'Multiple Retrieval Models and Regression Models for Prior Art Search.', 2009, '2014-09-29', 'conf/clef/LopezR09a', 'http://ceur-ws.org/Vol-1175/CLEF2009wn-CLEFIP-LopezEt2009.pdf');
INSERT INTO Write (AuthorID, PaperID) VALUES (703, 2433);
INSERT INTO Paper (PaperID, Title, Year, MDate, Key, DOI) VALUES (2950, 'Textual Summarisation of Flowcharts in Patent Drawings for CLEF-IP 2012.', 2012, '2014-09-24', 'conf/clef/TheanDLR12', 'http://www.clef-initiative.eu/documents/71612/e4773114-428b-4ac2-b1d6-a111049e1bd3');
INSERT INTO Write (AuthorID, PaperID) VALUES (703, 2950);
INSERT INTO Author (AuthorID, Name) VALUES (704, 'Carl Vogel');
INSERT INTO Paper (PaperID, Title, Year, MDate, Key, DOI) VALUES (1026, 'Author Verification: Exploring a Large set of Parameters using a Genetic Algorithm - Notebook for PAN at CLEF 2014.', 2014, '2014-09-10', 'conf/clef/MoreauJV14', 'http://ceur-ws.org/Vol-1180/CLEF2014wn-Pan-MoreauEt2014.pdf');
INSERT INTO Write (AuthorID, PaperID) VALUES (704, 1026);
INSERT INTO Paper (PaperID, Title, Year, MDate, Key, DOI) VALUES (1151, 'Style-based Distance Features for Author Verification Notebook for PAN at CLEF 2013.', 2013, '2014-09-10', 'conf/clef/MoreauV13', 'http://ceur-ws.org/Vol-1179/CLEF2013wn-PAN-MoreauEt2013.pdf');
INSERT INTO Write (AuthorID, PaperID) VALUES (704, 1151);
INSERT INTO Paper (PaperID, Title, Year, MDate, Key, DOI) VALUES (1880, 'Style-based Distance Features for Author Profiling Notebook for PAN at CLEF 2013.', 2013, '2014-09-10', 'conf/clef/MoreauV13a', 'http://ceur-ws.org/Vol-1179/CLEF2013wn-PAN-MoreauEt2013b.pdf');
INSERT INTO Write (AuthorID, PaperID) VALUES (704, 1880);
INSERT INTO Paper (PaperID, Title, Year, MDate, Key, DOI) VALUES (3084, 'Author Verification: Basic Stacked Generalization Applied To Predictions from a Set of Heterogeneous Learners - Notebook for PAN at CLEF 2015.', 2015, '2015-09-03', 'conf/clef/MoreauJLV15', 'http://ceur-ws.org/Vol-1391/132-CR.pdf');
INSERT INTO Write (AuthorID, PaperID) VALUES (704, 3084);
INSERT INTO Author (AuthorID, Name) VALUES (705, 'Emilie Dumont');
INSERT INTO Write (AuthorID, PaperID) VALUES (705, 592);
INSERT INTO Write (AuthorID, PaperID) VALUES (705, 1223);
INSERT INTO Write (AuthorID, PaperID) VALUES (705, 1741);
INSERT INTO Write (AuthorID, PaperID) VALUES (705, 2263);
INSERT INTO Author (AuthorID, Name) VALUES (706, 'Yusuke Miyao');
INSERT INTO Write (AuthorID, PaperID) VALUES (706, 656);
INSERT INTO Paper (PaperID, Title, Year, MDate, Key, DOI) VALUES (2346, 'Question Answering System for Entrance Exams in QA4MRE.', 2013, '2014-09-10', 'conf/clef/LiTNMA13', 'http://ceur-ws.org/Vol-1179/CLEF2013wn-QA4MRE-LiEt2013.pdf');
INSERT INTO Write (AuthorID, PaperID) VALUES (706, 2346);
INSERT INTO Write (AuthorID, PaperID) VALUES (706, 2954);
INSERT INTO Write (AuthorID, PaperID) VALUES (706, 3417);
INSERT INTO Author (AuthorID, Name) VALUES (707, 'St&eacute;phane Chaudiron');
INSERT INTO Write (AuthorID, PaperID) VALUES (707, 566);
INSERT INTO Write (AuthorID, PaperID) VALUES (707, 1998);
INSERT INTO Write (AuthorID, PaperID) VALUES (707, 2103);
INSERT INTO Write (AuthorID, PaperID) VALUES (707, 3296);
INSERT INTO Author (AuthorID, Name) VALUES (708, 'Christian S&aacute;nchez-S&aacute;nchez');
INSERT INTO Write (AuthorID, PaperID) VALUES (708, 28);
INSERT INTO Write (AuthorID, PaperID) VALUES (708, 454);
INSERT INTO Write (AuthorID, PaperID) VALUES (708, 862);
INSERT INTO Write (AuthorID, PaperID) VALUES (708, 2257);
INSERT INTO Author (AuthorID, Name) VALUES (709, 'Christophe Moulin');
INSERT INTO Write (AuthorID, PaperID) VALUES (709, 793);
INSERT INTO Write (AuthorID, PaperID) VALUES (709, 1228);
INSERT INTO Write (AuthorID, PaperID) VALUES (709, 1849);
INSERT INTO Write (AuthorID, PaperID) VALUES (709, 2650);
INSERT INTO Author (AuthorID, Name) VALUES (710, 'Jinming Min');
INSERT INTO Write (AuthorID, PaperID) VALUES (710, 863);
INSERT INTO Write (AuthorID, PaperID) VALUES (710, 1024);
INSERT INTO Write (AuthorID, PaperID) VALUES (710, 1195);
INSERT INTO Write (AuthorID, PaperID) VALUES (710, 2279);
INSERT INTO Author (AuthorID, Name) VALUES (711, 'Bo-Wen Zhang');
INSERT INTO Write (AuthorID, PaperID) VALUES (711, 343);
INSERT INTO Write (AuthorID, PaperID) VALUES (711, 728);
INSERT INTO Write (AuthorID, PaperID) VALUES (711, 1127);
INSERT INTO Write (AuthorID, PaperID) VALUES (711, 1565);
INSERT INTO Author (AuthorID, Name) VALUES (712, 'Edgar Gonz&aacute;lez');
INSERT INTO Write (AuthorID, PaperID) VALUES (712, 216);
INSERT INTO Write (AuthorID, PaperID) VALUES (712, 1908);
INSERT INTO Write (AuthorID, PaperID) VALUES (712, 1950);
INSERT INTO Write (AuthorID, PaperID) VALUES (712, 2352);
INSERT INTO Author (AuthorID, Name) VALUES (713, 'Brian Roark');
INSERT INTO Write (AuthorID, PaperID) VALUES (713, 2254);
INSERT INTO Write (AuthorID, PaperID) VALUES (713, 2351);
INSERT INTO Write (AuthorID, PaperID) VALUES (713, 3135);
INSERT INTO Write (AuthorID, PaperID) VALUES (713, 3391);
INSERT INTO Author (AuthorID, Name) VALUES (714, 'Mustapha Baziz');
INSERT INTO Write (AuthorID, PaperID) VALUES (714, 637);
INSERT INTO Write (AuthorID, PaperID) VALUES (714, 1625);
INSERT INTO Write (AuthorID, PaperID) VALUES (714, 1808);
INSERT INTO Write (AuthorID, PaperID) VALUES (714, 2563);
INSERT INTO Author (AuthorID, Name) VALUES (715, 'Claudio Carpineto');
INSERT INTO Write (AuthorID, PaperID) VALUES (715, 842);
INSERT INTO Write (AuthorID, PaperID) VALUES (715, 1539);
INSERT INTO Write (AuthorID, PaperID) VALUES (715, 1969);
INSERT INTO Write (AuthorID, PaperID) VALUES (715, 3347);
INSERT INTO Author (AuthorID, Name) VALUES (716, 'Roel Brand');
INSERT INTO Write (AuthorID, PaperID) VALUES (716, 88);
INSERT INTO Write (AuthorID, PaperID) VALUES (716, 609);
INSERT INTO Write (AuthorID, PaperID) VALUES (716, 1938);
INSERT INTO Write (AuthorID, PaperID) VALUES (716, 2204);
INSERT INTO Author (AuthorID, Name) VALUES (717, 'David A. Evans 0001');
INSERT INTO Write (AuthorID, PaperID) VALUES (717, 120);
INSERT INTO Write (AuthorID, PaperID) VALUES (717, 2678);
INSERT INTO Write (AuthorID, PaperID) VALUES (717, 3418);
INSERT INTO Write (AuthorID, PaperID) VALUES (717, 3472);
INSERT INTO Author (AuthorID, Name) VALUES (718, 'G&uuml;nther Specht');
INSERT INTO Write (AuthorID, PaperID) VALUES (718, 109);
INSERT INTO Write (AuthorID, PaperID) VALUES (718, 1957);
INSERT INTO Write (AuthorID, PaperID) VALUES (718, 2544);
INSERT INTO Write (AuthorID, PaperID) VALUES (718, 3404);
INSERT INTO Author (AuthorID, Name) VALUES (719, 'Changsheng Xu');
INSERT INTO Write (AuthorID, PaperID) VALUES (719, 275);
INSERT INTO Write (AuthorID, PaperID) VALUES (719, 1607);
INSERT INTO Write (AuthorID, PaperID) VALUES (719, 2409);
INSERT INTO Write (AuthorID, PaperID) VALUES (719, 2862);
INSERT INTO Author (AuthorID, Name) VALUES (720, 'Alon Lavie');
INSERT INTO Write (AuthorID, PaperID) VALUES (720, 335);
INSERT INTO Write (AuthorID, PaperID) VALUES (720, 1157);
INSERT INTO Write (AuthorID, PaperID) VALUES (720, 2096);
INSERT INTO Write (AuthorID, PaperID) VALUES (720, 2156);
INSERT INTO Author (AuthorID, Name) VALUES (721, 'Miguel Angel Var&oacute;');
INSERT INTO Write (AuthorID, PaperID) VALUES (721, 873);
INSERT INTO Write (AuthorID, PaperID) VALUES (721, 997);
INSERT INTO Write (AuthorID, PaperID) VALUES (721, 1314);
INSERT INTO Write (AuthorID, PaperID) VALUES (721, 2641);
INSERT INTO Author (AuthorID, Name) VALUES (722, 'Josef R. Novak');
INSERT INTO Write (AuthorID, PaperID) VALUES (722, 1530);
INSERT INTO Write (AuthorID, PaperID) VALUES (722, 1997);
INSERT INTO Write (AuthorID, PaperID) VALUES (722, 2277);
INSERT INTO Write (AuthorID, PaperID) VALUES (722, 3289);
INSERT INTO Author (AuthorID, Name) VALUES (723, 'Danny Kowerko');
INSERT INTO Write (AuthorID, PaperID) VALUES (723, 90);
INSERT INTO Write (AuthorID, PaperID) VALUES (723, 1776);
INSERT INTO Write (AuthorID, PaperID) VALUES (723, 1856);
INSERT INTO Write (AuthorID, PaperID) VALUES (723, 2629);
INSERT INTO Author (AuthorID, Name) VALUES (724, 'V&iacute;ctor Fresno');
INSERT INTO Write (AuthorID, PaperID) VALUES (724, 1932);
INSERT INTO Paper (PaperID, Title, Year, MDate, Key, DOI) VALUES (2744, 'URJCyUNED at ImageCLEF 2012 Photo Annotation Task.', 2012, '2016-11-24', 'conf/clef/Sanchez-OroMMCMPDFM12', 'http://www.clef-initiative.eu/documents/71612/ab7931aa-0ed4-4c13-ba5d-db2c3f31ca51');
INSERT INTO Write (AuthorID, PaperID) VALUES (724, 2744);
INSERT INTO Paper (PaperID, Title, Year, MDate, Key, DOI) VALUES (2786, 'IxaMed at CLEF eHealth 2018 Task 1: ICD10 Coding with a Sequence-to-Sequence Approach.', 2018, '2018-08-08', 'conf/clef/AtutxaCEFGGMAP18', 'http://ceur-ws.org/Vol-2125/paper_167.pdf');
INSERT INTO Write (AuthorID, PaperID) VALUES (724, 2786);
INSERT INTO Paper (PaperID, Title, Year, MDate, Key, DOI) VALUES (2904, 'URJC800Aamp;UNED at ImageCLEF 2013 Photo Annotation Task.', 2013, '2016-09-09', 'conf/clef/Sanchez-OroMMPDFM13', 'http://ceur-ws.org/Vol-1179/CLEF2013wn-ImageCLEF-SanchezOroEt2013.pdf');
INSERT INTO Write (AuthorID, PaperID) VALUES (724, 2904);
INSERT INTO Author (AuthorID, Name) VALUES (725, 'Pashutan Modaresi');
INSERT INTO Paper (PaperID, Title, Year, MDate, Key, DOI) VALUES (292, 'A Language Independent Author Verifier Using Fuzzy C-Means Clustering.', 2014, '2014-09-10', 'conf/clef/ModaresiG14', 'http://ceur-ws.org/Vol-1180/CLEF2014wn-Pan-ModaresiEt2014.pdf');
INSERT INTO Write (AuthorID, PaperID) VALUES (725, 292);
INSERT INTO Write (AuthorID, PaperID) VALUES (725, 688);
INSERT INTO Paper (PaperID, Title, Year, MDate, Key, DOI) VALUES (1056, 'Plagiarism Alignment Detection by Merging Context Seeds.', 2014, '2014-09-10', 'conf/clef/GrossM14', 'http://ceur-ws.org/Vol-1180/CLEF2014wn-Pan-GrossEt2014.pdf');
INSERT INTO Write (AuthorID, PaperID) VALUES (725, 1056);
INSERT INTO Write (AuthorID, PaperID) VALUES (725, 2290);
INSERT INTO Author (AuthorID, Name) VALUES (726, 'Elizabeth Lund');
INSERT INTO Write (AuthorID, PaperID) VALUES (726, 87);
INSERT INTO Write (AuthorID, PaperID) VALUES (726, 130);
INSERT INTO Write (AuthorID, PaperID) VALUES (726, 782);
INSERT INTO Write (AuthorID, PaperID) VALUES (726, 1069);
INSERT INTO Author (AuthorID, Name) VALUES (727, 'Olivier Hamon');
INSERT INTO Write (AuthorID, PaperID) VALUES (727, 84);
INSERT INTO Write (AuthorID, PaperID) VALUES (727, 566);
INSERT INTO Paper (PaperID, Title, Year, MDate, Key, DOI) VALUES (1070, 'Syllabs Team at CLEF MC2 Task 1: Content Analysis.', 2017, '2017-08-15', 'conf/clef/HamonML17', 'http://ceur-ws.org/Vol-1866/paper_117.pdf');
INSERT INTO Write (AuthorID, PaperID) VALUES (727, 1070);
INSERT INTO Write (AuthorID, PaperID) VALUES (727, 1998);
INSERT INTO Author (AuthorID, Name) VALUES (728, 'Nawel Nassr');
INSERT INTO Write (AuthorID, PaperID) VALUES (728, 645);
INSERT INTO Write (AuthorID, PaperID) VALUES (728, 853);
INSERT INTO Write (AuthorID, PaperID) VALUES (728, 2456);
INSERT INTO Write (AuthorID, PaperID) VALUES (728, 3441);
INSERT INTO Author (AuthorID, Name) VALUES (729, 'Giovanni Romano 0002');
INSERT INTO Write (AuthorID, PaperID) VALUES (729, 842);
INSERT INTO Write (AuthorID, PaperID) VALUES (729, 1539);
INSERT INTO Write (AuthorID, PaperID) VALUES (729, 1969);
INSERT INTO Write (AuthorID, PaperID) VALUES (729, 3347);
INSERT INTO Author (AuthorID, Name) VALUES (730, 'Wendy W. Chapman');
INSERT INTO Write (AuthorID, PaperID) VALUES (730, 928);
INSERT INTO Write (AuthorID, PaperID) VALUES (730, 1126);
INSERT INTO Write (AuthorID, PaperID) VALUES (730, 1586);
INSERT INTO Write (AuthorID, PaperID) VALUES (730, 1740);
INSERT INTO Author (AuthorID, Name) VALUES (731, 'Johan Bos');
INSERT INTO Write (AuthorID, PaperID) VALUES (731, 11);
INSERT INTO Paper (PaperID, Title, Year, MDate, Key, DOI) VALUES (1114, 'Cross-Lingual Question Answering Using Off-the-Shelf Machine Translation.', 2004, '2017-05-24', 'conf/clef/AhnABDLS05', 'https://doi.org/10.1007/11519645_44');
INSERT INTO Write (AuthorID, PaperID) VALUES (731, 1114);
INSERT INTO Paper (PaperID, Title, Year, MDate, Key, DOI) VALUES (1188, 'Cross-lingual Question Answering with QED.', 2004, '2014-08-15', 'conf/clef/AhnABDLS04', 'http://ceur-ws.org/Vol-1170/CLEF2004wn-QACLEF-AhnEt2004.pdf');
INSERT INTO Write (AuthorID, PaperID) VALUES (731, 1188);
INSERT INTO Write (AuthorID, PaperID) VALUES (731, 1513);
INSERT INTO Author (AuthorID, Name) VALUES (732, 'Graeme Hirst');
INSERT INTO Paper (PaperID, Title, Year, MDate, Key, DOI) VALUES (1182, 'Toronto CL CLEF 2018 eHealth Task 1: Multi-lingual ICD-10 Coding using an Ensemble of Recurrent and Convolutional Neural Networks.', 2018, '2018-08-08', 'conf/clef/JebleeBMPPVHR18', 'http://ceur-ws.org/Vol-2125/paper_153.pdf');
INSERT INTO Write (AuthorID, PaperID) VALUES (732, 1182);
INSERT INTO Paper (PaperID, Title, Year, MDate, Key, DOI) VALUES (1444, 'Paragraph Clustering for Intrinsic Plagiarism Detection using a Stylistic Vector Space Model with Extrinsic Features.', 2012, '2014-09-24', 'conf/clef/BrookeH12', 'http://www.clef-initiative.eu/documents/71612/70cdf0b2-2164-49e3-81f2-65bd81f217aa');
INSERT INTO Write (AuthorID, PaperID) VALUES (732, 1444);
INSERT INTO Paper (PaperID, Title, Year, MDate, Key, DOI) VALUES (1709, 'Identifying Sexual Predators by SVM Classification with Lexical and Behavioral Features.', 2012, '2014-09-24', 'conf/clef/MorrisH12', 'http://www.clef-initiative.eu/documents/71612/6446aa17-a2e0-47be-939b-0bcb7da4acdc');
INSERT INTO Write (AuthorID, PaperID) VALUES (732, 1709);
INSERT INTO Paper (PaperID, Title, Year, MDate, Key, DOI) VALUES (2565, 'Authorship Verification with Entity Coherence and Other Rich Linguistic Features Notebook for PAN at CLEF 2013.', 2013, '2014-09-10', 'conf/clef/FengH13', 'http://ceur-ws.org/Vol-1179/CLEF2013wn-PAN-FengEt2013.pdf');
INSERT INTO Write (AuthorID, PaperID) VALUES (732, 2565);
INSERT INTO Author (AuthorID, Name) VALUES (733, 'Giuseppe Santucci');
INSERT INTO Write (AuthorID, PaperID) VALUES (733, 1687);
INSERT INTO Write (AuthorID, PaperID) VALUES (733, 2268);
INSERT INTO Write (AuthorID, PaperID) VALUES (733, 2955);
INSERT INTO Write (AuthorID, PaperID) VALUES (733, 3411);
INSERT INTO Author (AuthorID, Name) VALUES (734, 'Lamia Hadrich Belguith');
INSERT INTO Paper (PaperID, Title, Year, MDate, Key, DOI) VALUES (6, 'Machine Learning for Classifying Authors of Anonymous Tweets, Blogs and Reviews.', 2014, '2014-09-10', 'conf/clef/MechtiJB14', 'http://ceur-ws.org/Vol-1180/CLEF2014wn-Pan-MechtiEt2014.pdf');
INSERT INTO Write (AuthorID, PaperID) VALUES (734, 6);
INSERT INTO Paper (PaperID, Title, Year, MDate, Key, DOI) VALUES (1377, 'Author Profiling Using Style-based Features Notebook for PAN at CLEF 2013.', 2013, '2014-09-10', 'conf/clef/MechtiJB13', 'http://ceur-ws.org/Vol-1179/CLEF2013wn-PAN-MechtiEt2013.pdf');
INSERT INTO Write (AuthorID, PaperID) VALUES (734, 1377);
INSERT INTO Paper (PaperID, Title, Year, MDate, Key, DOI) VALUES (2374, 'On the Empirical Evaluation of Hybrid Author Identification Method.', 2015, '2015-09-03', 'conf/clef/MechtiJFBB15', 'http://ceur-ws.org/Vol-1391/126-CR.pdf');
INSERT INTO Write (AuthorID, PaperID) VALUES (734, 2374);
INSERT INTO Write (AuthorID, PaperID) VALUES (734, 3038);
INSERT INTO Author (AuthorID, Name) VALUES (735, 'Jorge Vivaldi');
INSERT INTO Write (AuthorID, PaperID) VALUES (735, 624);
INSERT INTO Write (AuthorID, PaperID) VALUES (735, 1089);
INSERT INTO Paper (PaperID, Title, Year, MDate, Key, DOI) VALUES (1739, 'Tweet Contextualization: a Strategy Based on Document Retrieval Using Query Enrichment and Automatic Summarization.', 2013, '2014-09-10', 'conf/clef/VivaldiC13', 'http://ceur-ws.org/Vol-1179/CLEF2013wn-INEX-VivaldiEt2013.pdf');
INSERT INTO Write (AuthorID, PaperID) VALUES (735, 1739);
INSERT INTO Paper (PaperID, Title, Year, MDate, Key, DOI) VALUES (2069, 'INEX Tweet Contextualization Track at CLEF 2012: Query Reformulation using Terminological Patterns and Automatic Summarization.', 2012, '2014-09-24', 'conf/clef/VivaldiC12', 'http://www.clef-initiative.eu/documents/71612/3188457a-b3fa-4c0c-ab56-005134d88684');
INSERT INTO Write (AuthorID, PaperID) VALUES (735, 2069);
INSERT INTO Author (AuthorID, Name) VALUES (736, 'Marian Olteanu');
INSERT INTO Write (AuthorID, PaperID) VALUES (736, 253);
INSERT INTO Write (AuthorID, PaperID) VALUES (736, 1120);
INSERT INTO Write (AuthorID, PaperID) VALUES (736, 3464);
INSERT INTO Write (AuthorID, PaperID) VALUES (736, 3520);
INSERT INTO Author (AuthorID, Name) VALUES (737, 'Daniel Vidal');
INSERT INTO Write (AuthorID, PaperID) VALUES (737, 189);
INSERT INTO Write (AuthorID, PaperID) VALUES (737, 1639);
INSERT INTO Write (AuthorID, PaperID) VALUES (737, 1684);
INSERT INTO Write (AuthorID, PaperID) VALUES (737, 2923);
INSERT INTO Author (AuthorID, Name) VALUES (738, 'Leilei Kong');
INSERT INTO Write (AuthorID, PaperID) VALUES (738, 267);
INSERT INTO Write (AuthorID, PaperID) VALUES (738, 1109);
INSERT INTO Write (AuthorID, PaperID) VALUES (738, 1918);
INSERT INTO Write (AuthorID, PaperID) VALUES (738, 2514);
INSERT INTO Author (AuthorID, Name) VALUES (739, 'Andr&eacute; Pinto Geraldo');
INSERT INTO Write (AuthorID, PaperID) VALUES (739, 1079);
INSERT INTO Write (AuthorID, PaperID) VALUES (739, 1504);
INSERT INTO Write (AuthorID, PaperID) VALUES (739, 2717);
INSERT INTO Write (AuthorID, PaperID) VALUES (739, 2874);
INSERT INTO Author (AuthorID, Name) VALUES (740, 'Georges Qu&eacute;not');
INSERT INTO Write (AuthorID, PaperID) VALUES (740, 1579);
INSERT INTO Write (AuthorID, PaperID) VALUES (740, 2263);
INSERT INTO Write (AuthorID, PaperID) VALUES (740, 2716);
INSERT INTO Write (AuthorID, PaperID) VALUES (740, 2754);
INSERT INTO Author (AuthorID, Name) VALUES (741, 'Romain Deveaud');
INSERT INTO Write (AuthorID, PaperID) VALUES (741, 640);
INSERT INTO Paper (PaperID, Title, Year, MDate, Key, DOI) VALUES (836, 'LIA/LINA at the INEX 2012 Tweet Contextualization track.', 2012, '2014-09-24', 'conf/clef/DeveaudB12', 'http://www.clef-initiative.eu/documents/71612/ec86aaa1-6b27-473d-93e7-901117a16f0b');
INSERT INTO Write (AuthorID, PaperID) VALUES (741, 836);
INSERT INTO Write (AuthorID, PaperID) VALUES (741, 1270);
INSERT INTO Paper (PaperID, Title, Year, MDate, Key, DOI) VALUES (1832, 'Effective Tweet Contextualization with Hashtags Performance Prediction and Multi-Document Summarization.', 2013, '2014-09-10', 'conf/clef/DeveaudB13', 'http://ceur-ws.org/Vol-1179/CLEF2013wn-INEX-DeveaudEt2013.pdf');
INSERT INTO Write (AuthorID, PaperID) VALUES (741, 1832);
INSERT INTO Author (AuthorID, Name) VALUES (742, 'Ke Zhang');
INSERT INTO Write (AuthorID, PaperID) VALUES (742, 450);
INSERT INTO Write (AuthorID, PaperID) VALUES (742, 1949);
INSERT INTO Write (AuthorID, PaperID) VALUES (742, 2653);
INSERT INTO Write (AuthorID, PaperID) VALUES (742, 3108);
INSERT INTO Author (AuthorID, Name) VALUES (743, 'Laure Soulier');
INSERT INTO Write (AuthorID, PaperID) VALUES (743, 228);
INSERT INTO Write (AuthorID, PaperID) VALUES (743, 893);
INSERT INTO Write (AuthorID, PaperID) VALUES (743, 1933);
INSERT INTO Write (AuthorID, PaperID) VALUES (743, 2945);
INSERT INTO Author (AuthorID, Name) VALUES (744, 'Diem Thi Hoang Le');
INSERT INTO Write (AuthorID, PaperID) VALUES (744, 45);
INSERT INTO Write (AuthorID, PaperID) VALUES (744, 676);
INSERT INTO Write (AuthorID, PaperID) VALUES (744, 1292);
INSERT INTO Write (AuthorID, PaperID) VALUES (744, 3132);
INSERT INTO Author (AuthorID, Name) VALUES (745, 'Reeta Kuuskoski');
INSERT INTO Write (AuthorID, PaperID) VALUES (745, 1136);
INSERT INTO Write (AuthorID, PaperID) VALUES (745, 1363);
INSERT INTO Write (AuthorID, PaperID) VALUES (745, 1612);
INSERT INTO Write (AuthorID, PaperID) VALUES (745, 1916);
INSERT INTO Author (AuthorID, Name) VALUES (746, 'Ali Mustafa Qamar');
INSERT INTO Write (AuthorID, PaperID) VALUES (746, 440);
INSERT INTO Write (AuthorID, PaperID) VALUES (746, 1755);
INSERT INTO Write (AuthorID, PaperID) VALUES (746, 2742);
INSERT INTO Write (AuthorID, PaperID) VALUES (746, 2922);
INSERT INTO Author (AuthorID, Name) VALUES (747, 'Ainhoa Llorente');
INSERT INTO Write (AuthorID, PaperID) VALUES (747, 648);
INSERT INTO Write (AuthorID, PaperID) VALUES (747, 1173);
INSERT INTO Write (AuthorID, PaperID) VALUES (747, 1971);
INSERT INTO Write (AuthorID, PaperID) VALUES (747, 2426);
INSERT INTO Author (AuthorID, Name) VALUES (748, 'Mehdi Embarek');
INSERT INTO Write (AuthorID, PaperID) VALUES (748, 1220);
INSERT INTO Write (AuthorID, PaperID) VALUES (748, 1674);
INSERT INTO Write (AuthorID, PaperID) VALUES (748, 1812);
INSERT INTO Write (AuthorID, PaperID) VALUES (748, 2371);
INSERT INTO Author (AuthorID, Name) VALUES (749, 'Lori Lamel');
INSERT INTO Write (AuthorID, PaperID) VALUES (749, 65);
INSERT INTO Write (AuthorID, PaperID) VALUES (749, 1685);
INSERT INTO Write (AuthorID, PaperID) VALUES (749, 2316);
INSERT INTO Write (AuthorID, PaperID) VALUES (749, 2329);
INSERT INTO Author (AuthorID, Name) VALUES (750, 'Irene Rodrigues 0001');
INSERT INTO Write (AuthorID, PaperID) VALUES (750, 639);
INSERT INTO Write (AuthorID, PaperID) VALUES (750, 966);
INSERT INTO Write (AuthorID, PaperID) VALUES (750, 2408);
INSERT INTO Write (AuthorID, PaperID) VALUES (750, 2905);
INSERT INTO Author (AuthorID, Name) VALUES (751, 'Peter A. Flach');
INSERT INTO Write (AuthorID, PaperID) VALUES (751, 131);
INSERT INTO Write (AuthorID, PaperID) VALUES (751, 495);
INSERT INTO Write (AuthorID, PaperID) VALUES (751, 1456);
INSERT INTO Write (AuthorID, PaperID) VALUES (751, 3524);
INSERT INTO Author (AuthorID, Name) VALUES (752, 'Jorge A. Vanegas');
INSERT INTO Write (AuthorID, PaperID) VALUES (752, 100);
INSERT INTO Write (AuthorID, PaperID) VALUES (752, 129);
INSERT INTO Write (AuthorID, PaperID) VALUES (752, 1357);
INSERT INTO Write (AuthorID, PaperID) VALUES (752, 3019);
INSERT INTO Author (AuthorID, Name) VALUES (753, 'Eugene Kim');
INSERT INTO Write (AuthorID, PaperID) VALUES (753, 437);
INSERT INTO Write (AuthorID, PaperID) VALUES (753, 1374);
INSERT INTO Write (AuthorID, PaperID) VALUES (753, 2590);
INSERT INTO Write (AuthorID, PaperID) VALUES (753, 3288);
INSERT INTO Author (AuthorID, Name) VALUES (754, 'Fang Zhou');
INSERT INTO Write (AuthorID, PaperID) VALUES (754, 343);
INSERT INTO Write (AuthorID, PaperID) VALUES (754, 728);
INSERT INTO Write (AuthorID, PaperID) VALUES (754, 1127);
INSERT INTO Write (AuthorID, PaperID) VALUES (754, 1565);
INSERT INTO Author (AuthorID, Name) VALUES (755, 'Ying Zhang');
INSERT INTO Write (AuthorID, PaperID) VALUES (755, 44);
INSERT INTO Write (AuthorID, PaperID) VALUES (755, 1652);
INSERT INTO Write (AuthorID, PaperID) VALUES (755, 1949);
INSERT INTO Write (AuthorID, PaperID) VALUES (755, 3108);
INSERT INTO Author (AuthorID, Name) VALUES (756, 'Erwan Moreau');
INSERT INTO Write (AuthorID, PaperID) VALUES (756, 1026);
INSERT INTO Write (AuthorID, PaperID) VALUES (756, 1151);
INSERT INTO Write (AuthorID, PaperID) VALUES (756, 1880);
INSERT INTO Write (AuthorID, PaperID) VALUES (756, 3084);
INSERT INTO Author (AuthorID, Name) VALUES (757, 'D&aacute;vid M&aacute;rk Nemeskey');
INSERT INTO Write (AuthorID, PaperID) VALUES (757, 1001);
INSERT INTO Write (AuthorID, PaperID) VALUES (757, 1746);
INSERT INTO Write (AuthorID, PaperID) VALUES (757, 2259);
INSERT INTO Paper (PaperID, Title, Year, MDate, Key, DOI) VALUES (3033, 'SZTAKI @ ResPubliQA 2010.', 2010, '2014-09-24', 'conf/clef/Nemeskey10', 'http://www.clef-initiative.eu/documents/71612/86374/CLEF2010wn-MLQA10-Nemeskey2010.pdf');
INSERT INTO Write (AuthorID, PaperID) VALUES (757, 3033);
INSERT INTO Author (AuthorID, Name) VALUES (758, 'Mouna Torjmen Khemakhem');
INSERT INTO Paper (PaperID, Title, Year, MDate, Key, DOI) VALUES (985, 'Word Indexing Versus Conceptual Indexing in Medical Image Retrieval.', 2012, '2014-09-24', 'conf/clef/GasmiKJ12', 'http://www.clef-initiative.eu/documents/71612/0ea3af2e-7214-4e71-bf7c-df9f3cc6b81c');
INSERT INTO Write (AuthorID, PaperID) VALUES (758, 985);
INSERT INTO Paper (PaperID, Title, Year, MDate, Key, DOI) VALUES (1406, 'Evaluating Some Contextual Factors for Image Retrieval - ReDCAD Participation at ImageCLEF Wikipedia 2011.', 2011, '2014-09-24', 'conf/clef/AwadiKJ11', 'http://www.clef-initiative.eu/documents/71612/86377/CLEF2011wn-ImageCLEF-AwadiEt2011.pdf');
INSERT INTO Write (AuthorID, PaperID) VALUES (758, 1406);
INSERT INTO Paper (PaperID, Title, Year, MDate, Key, DOI) VALUES (3061, 'Applying LDA in Contextual Image Retrieval - ReDCAD participation at ImageCLEF Flickr Photo Retrieval 2012.', 2012, '2014-09-24', 'conf/clef/AwadiKJ12', 'http://www.clef-initiative.eu/documents/71612/4a0c0375-95fb-4b7e-8871-7f24e29ed8b4');
INSERT INTO Write (AuthorID, PaperID) VALUES (758, 3061);
INSERT INTO Write (AuthorID, PaperID) VALUES (758, 3327);
INSERT INTO Author (AuthorID, Name) VALUES (759, 'Thomas B&ouml;ttcher');
INSERT INTO Write (AuthorID, PaperID) VALUES (759, 1494);
INSERT INTO Paper (PaperID, Title, Year, MDate, Key, DOI) VALUES (1515, 'BTU DBIS at ImageCLEF2013 Plant Identification Task.', 2013, '2014-09-10', 'conf/clef/SaretzB13', 'http://ceur-ws.org/Vol-1179/CLEF2013wn-ImageCLEF-SaretzEt2013.pdf');
INSERT INTO Write (AuthorID, PaperID) VALUES (759, 1515);
INSERT INTO Write (AuthorID, PaperID) VALUES (759, 1879);
INSERT INTO Write (AuthorID, PaperID) VALUES (759, 2831);
INSERT INTO Author (AuthorID, Name) VALUES (760, 'Frances C. Johnson');
INSERT INTO Paper (PaperID, Title, Year, MDate, Key, DOI) VALUES (1309, 'A Study of Users'' Image Seeking Behaviour in FlickLing.', 2008, '2017-05-24', 'conf/clef/VassilakakiJHR08', 'https://doi.org/10.1007/978-3-642-04447-2_32');
INSERT INTO Write (AuthorID, PaperID) VALUES (760, 1309);
INSERT INTO Paper (PaperID, Title, Year, MDate, Key, DOI) VALUES (2215, 'Users'' Perceptions of Searching in FlickLing.', 2009, '2014-09-29', 'conf/clef/VassilakakiJHR09', 'http://ceur-ws.org/Vol-1175/CLEF2009wn-iCLEF-VassilakakiEt2009.pdf');
INSERT INTO Write (AuthorID, PaperID) VALUES (760, 2215);
INSERT INTO Paper (PaperID, Title, Year, MDate, Key, DOI) VALUES (3187, 'A Study of Users Image Seeking Behaviour in Flickling.', 2008, '2014-09-29', 'conf/clef/VassilakakiJHR08a', 'http://ceur-ws.org/Vol-1174/CLEF2008wn-iCLEF-VassilakakiEt2008.pdf');
INSERT INTO Write (AuthorID, PaperID) VALUES (760, 3187);
INSERT INTO Paper (PaperID, Title, Year, MDate, Key, DOI) VALUES (3377, 'Evaluation of the User Experience of Engagement in the Stages of Search.', 2015, '2015-09-03', 'conf/clef/Johnson15', 'http://ceur-ws.org/Vol-1391/66-CR.pdf');
INSERT INTO Write (AuthorID, PaperID) VALUES (760, 3377);
INSERT INTO Author (AuthorID, Name) VALUES (761, 'Matthias H. Heie');
INSERT INTO Write (AuthorID, PaperID) VALUES (761, 1530);
INSERT INTO Write (AuthorID, PaperID) VALUES (761, 1997);
INSERT INTO Write (AuthorID, PaperID) VALUES (761, 2277);
INSERT INTO Write (AuthorID, PaperID) VALUES (761, 3289);
INSERT INTO Author (AuthorID, Name) VALUES (762, 'Maria Medvedeva');
INSERT INTO Write (AuthorID, PaperID) VALUES (762, 294);
INSERT INTO Write (AuthorID, PaperID) VALUES (762, 947);
INSERT INTO Write (AuthorID, PaperID) VALUES (762, 1826);
INSERT INTO Write (AuthorID, PaperID) VALUES (762, 2163);
INSERT INTO Author (AuthorID, Name) VALUES (763, 'Jos&eacute; C. Gonz&aacute;lez-Crist&oacute;bal');
INSERT INTO Write (AuthorID, PaperID) VALUES (763, 2355);
INSERT INTO Write (AuthorID, PaperID) VALUES (763, 2638);
INSERT INTO Write (AuthorID, PaperID) VALUES (763, 3191);
INSERT INTO Write (AuthorID, PaperID) VALUES (763, 3339);
INSERT INTO Author (AuthorID, Name) VALUES (764, 'Peter van der Weerd');
INSERT INTO Paper (PaperID, Title, Year, MDate, Key, DOI) VALUES (636, 'MediaLab at CLEF-2003: Using Keyword Disambiguation.', 2003, '2014-08-15', 'conf/clef/Weerd03a', 'http://ceur-ws.org/Vol-1169/CLEF2003wn-adhoc-vanderWeerd2003.pdf');
INSERT INTO Write (AuthorID, PaperID) VALUES (764, 636);
INSERT INTO Paper (PaperID, Title, Year, MDate, Key, DOI) VALUES (930, 'MediaLab at CLEF-2003: Using Keyword Disambiguation.', 2003, '2017-05-24', 'conf/clef/Weerd03', 'https://doi.org/10.1007/978-3-540-30222-3_36');
INSERT INTO Write (AuthorID, PaperID) VALUES (764, 930);
INSERT INTO Write (AuthorID, PaperID) VALUES (764, 1262);
INSERT INTO Paper (PaperID, Title, Year, MDate, Key, DOI) VALUES (2891, 'First Experiments with CLEF.', 2001, '2014-08-15', 'conf/clef/WeerdB01', 'http://ceur-ws.org/Vol-1167/CLEF2001wn-adhoc-vanderWeerdEt2001.pdf');
INSERT INTO Write (AuthorID, PaperID) VALUES (764, 2891);
INSERT INTO Author (AuthorID, Name) VALUES (765, 'Herika Hayurani');
INSERT INTO Write (AuthorID, PaperID) VALUES (765, 1005);
INSERT INTO Write (AuthorID, PaperID) VALUES (765, 1040);
INSERT INTO Write (AuthorID, PaperID) VALUES (765, 1560);
INSERT INTO Write (AuthorID, PaperID) VALUES (765, 2133);
INSERT INTO Author (AuthorID, Name) VALUES (766, 'Borja Navarro-Colorado');
INSERT INTO Write (AuthorID, PaperID) VALUES (766, 1951);
INSERT INTO Write (AuthorID, PaperID) VALUES (766, 2207);
INSERT INTO Write (AuthorID, PaperID) VALUES (766, 2493);
INSERT INTO Write (AuthorID, PaperID) VALUES (766, 2733);
INSERT INTO Author (AuthorID, Name) VALUES (767, 'Hailing Jiang');
INSERT INTO Write (AuthorID, PaperID) VALUES (767, 1080);
INSERT INTO Write (AuthorID, PaperID) VALUES (767, 1972);
INSERT INTO Write (AuthorID, PaperID) VALUES (767, 2519);
INSERT INTO Write (AuthorID, PaperID) VALUES (767, 3498);
INSERT INTO Author (AuthorID, Name) VALUES (768, 'Juan C. Caicedo');
INSERT INTO Write (AuthorID, PaperID) VALUES (768, 260);
INSERT INTO Paper (PaperID, Title, Year, MDate, Key, DOI) VALUES (885, 'Fine-tuning Deep Convolutional Networks for Plant Recognition.', 2015, '2015-09-03', 'conf/clef/ReyesCC15', 'http://ceur-ws.org/Vol-1391/121-CR.pdf');
INSERT INTO Write (AuthorID, PaperID) VALUES (768, 885);
INSERT INTO Write (AuthorID, PaperID) VALUES (768, 1116);
INSERT INTO Write (AuthorID, PaperID) VALUES (768, 1357);
INSERT INTO Author (AuthorID, Name) VALUES (769, 'Nils Schaetti');
INSERT INTO Paper (PaperID, Title, Year, MDate, Key, DOI) VALUES (1584, 'Character-based Convolutional Neural Network for Style Change Detection: Notebook for PAN at CLEF 2018.', 2018, '2018-08-08', 'conf/clef/Schaetti18a', 'http://ceur-ws.org/Vol-2125/paper_101.pdf');
INSERT INTO Write (AuthorID, PaperID) VALUES (769, 1584);
INSERT INTO Paper (PaperID, Title, Year, MDate, Key, DOI) VALUES (2972, 'UniNE at CLEF 2017: TF-IDF and Deep-Learning for Author Profiling.', 2017, '2017-08-15', 'conf/clef/Schaetti17', 'http://ceur-ws.org/Vol-1866/paper_80.pdf');
INSERT INTO Write (AuthorID, PaperID) VALUES (769, 2972);
INSERT INTO Paper (PaperID, Title, Year, MDate, Key, DOI) VALUES (3266, 'Bidirectional Echo State Network-based Reservoir Computing for Cross-domain Authorship Attribution: Notebook for PAN at CLEF 2018.', 2018, '2018-08-08', 'conf/clef/Schaetti18b', 'http://ceur-ws.org/Vol-2125/paper_103.pdf');
INSERT INTO Write (AuthorID, PaperID) VALUES (769, 3266);
INSERT INTO Paper (PaperID, Title, Year, MDate, Key, DOI) VALUES (3354, 'Character-based Convolutional Neural Network and ResNet18 for Twitter Author Profiling: Notebook for PAN at CLEF 2018.', 2018, '2018-08-08', 'conf/clef/Schaetti18', 'http://ceur-ws.org/Vol-2125/paper_100.pdf');
INSERT INTO Write (AuthorID, PaperID) VALUES (769, 3354);
INSERT INTO Author (AuthorID, Name) VALUES (770, 'Mitchell Bowden');
INSERT INTO Write (AuthorID, PaperID) VALUES (770, 253);
INSERT INTO Write (AuthorID, PaperID) VALUES (770, 1120);
INSERT INTO Write (AuthorID, PaperID) VALUES (770, 3464);
INSERT INTO Write (AuthorID, PaperID) VALUES (770, 3520);
INSERT INTO Author (AuthorID, Name) VALUES (771, 'Annabelle Mercier');
INSERT INTO Write (AuthorID, PaperID) VALUES (771, 147);
INSERT INTO Write (AuthorID, PaperID) VALUES (771, 441);
INSERT INTO Write (AuthorID, PaperID) VALUES (771, 1983);
INSERT INTO Write (AuthorID, PaperID) VALUES (771, 2049);
INSERT INTO Author (AuthorID, Name) VALUES (772, 'Francisco J. Ribadas');
INSERT INTO Write (AuthorID, PaperID) VALUES (772, 1533);
INSERT INTO Write (AuthorID, PaperID) VALUES (772, 1558);
INSERT INTO Write (AuthorID, PaperID) VALUES (772, 1924);
INSERT INTO Write (AuthorID, PaperID) VALUES (772, 3364);
INSERT INTO Author (AuthorID, Name) VALUES (773, 'Anastasia Krithara');
INSERT INTO Paper (PaperID, Title, Year, MDate, Key, DOI) VALUES (589, 'Results of the BioASQ Tasks of the Question Answering Lab at CLEF 2015.', 2015, '2015-09-03', 'conf/clef/BalikasKKPK15', 'http://ceur-ws.org/Vol-1391/inv-pap7-CR.pdf');
INSERT INTO Write (AuthorID, PaperID) VALUES (773, 589);
INSERT INTO Paper (PaperID, Title, Year, MDate, Key, DOI) VALUES (1073, 'Author Profiling using Complementary Second Order Attributes and Stylometric Features.', 2016, '2016-08-11', 'conf/clef/BougiatiotisK16', 'http://ceur-ws.org/Vol-1609/16090836.pdf');
INSERT INTO Write (AuthorID, PaperID) VALUES (773, 1073);
INSERT INTO Paper (PaperID, Title, Year, MDate, Key, DOI) VALUES (1545, 'Author Profiling using Stylometric and Structural Feature Groupings.', 2015, '2015-09-03', 'conf/clef/GrivasKG15', 'http://ceur-ws.org/Vol-1391/68-CR.pdf');
INSERT INTO Write (AuthorID, PaperID) VALUES (773, 1545);
INSERT INTO Write (AuthorID, PaperID) VALUES (773, 1633);
INSERT INTO Author (AuthorID, Name) VALUES (774, 'Tobias Gass');
INSERT INTO Write (AuthorID, PaperID) VALUES (774, 611);
INSERT INTO Write (AuthorID, PaperID) VALUES (774, 816);
INSERT INTO Write (AuthorID, PaperID) VALUES (774, 2850);
INSERT INTO Write (AuthorID, PaperID) VALUES (774, 3210);
INSERT INTO Author (AuthorID, Name) VALUES (775, 'Ian Lewin');
INSERT INTO Write (AuthorID, PaperID) VALUES (775, 672);
INSERT INTO Write (AuthorID, PaperID) VALUES (775, 808);
INSERT INTO Write (AuthorID, PaperID) VALUES (775, 1412);
INSERT INTO Write (AuthorID, PaperID) VALUES (775, 2449);
INSERT INTO Author (AuthorID, Name) VALUES (776, 'Ildar Z. Batyrshin');
INSERT INTO Write (AuthorID, PaperID) VALUES (776, 2303);
INSERT INTO Write (AuthorID, PaperID) VALUES (776, 2599);
INSERT INTO Write (AuthorID, PaperID) VALUES (776, 2894);
INSERT INTO Write (AuthorID, PaperID) VALUES (776, 3217);
INSERT INTO Author (AuthorID, Name) VALUES (777, 'Georgios Paliouras');
INSERT INTO Write (AuthorID, PaperID) VALUES (777, 589);
INSERT INTO Paper (PaperID, Title, Year, MDate, Key, DOI) VALUES (1279, 'The Effect of Dimensionality Reduction on Large Scale Hierarchical Classification.', 2014, '2017-05-24', 'conf/clef/KosmopoulosPA14', 'https://doi.org/10.1007/978-3-319-11382-1_16');
INSERT INTO Write (AuthorID, PaperID) VALUES (777, 1279);
INSERT INTO Write (AuthorID, PaperID) VALUES (777, 1633);
INSERT INTO Write (AuthorID, PaperID) VALUES (777, 1891);
INSERT INTO Author (AuthorID, Name) VALUES (778, 'Jochen L. Leidner');
INSERT INTO Write (AuthorID, PaperID) VALUES (778, 1114);
INSERT INTO Write (AuthorID, PaperID) VALUES (778, 1188);
INSERT INTO Paper (PaperID, Title, Year, MDate, Key, DOI) VALUES (2043, 'Experiments with Geo-Filtering Predicates for IR.', 2005, '2018-11-14', 'conf/clef/Leidner05', 'https://www.wikidata.org/entity/Q57722081');
INSERT INTO Write (AuthorID, PaperID) VALUES (778, 2043);
INSERT INTO Paper (PaperID, Title, Year, MDate, Key, DOI) VALUES (3315, 'Preliminary Experiments with Geo-Filtering Predicates for Geographic IR.', 2005, '2014-08-15', 'conf/clef/Leidner05a', 'http://ceur-ws.org/Vol-1171/CLEF2005wn-GeoCLEF-Leidner2005.pdf');
INSERT INTO Write (AuthorID, PaperID) VALUES (778, 3315);
INSERT INTO Author (AuthorID, Name) VALUES (779, 'Adam Rae');
INSERT INTO Write (AuthorID, PaperID) VALUES (779, 405);
INSERT INTO Write (AuthorID, PaperID) VALUES (779, 648);
INSERT INTO Write (AuthorID, PaperID) VALUES (779, 1173);
INSERT INTO Write (AuthorID, PaperID) VALUES (779, 3243);
INSERT INTO Author (AuthorID, Name) VALUES (780, 'Jorge Machado');
INSERT INTO Write (AuthorID, PaperID) VALUES (780, 319);
INSERT INTO Write (AuthorID, PaperID) VALUES (780, 1757);
INSERT INTO Write (AuthorID, PaperID) VALUES (780, 3011);
INSERT INTO Write (AuthorID, PaperID) VALUES (780, 3496);
INSERT INTO Author (AuthorID, Name) VALUES (781, 'Colm O''Riordan');
INSERT INTO Write (AuthorID, PaperID) VALUES (781, 922);
INSERT INTO Write (AuthorID, PaperID) VALUES (781, 1106);
INSERT INTO Write (AuthorID, PaperID) VALUES (781, 3252);
INSERT INTO Write (AuthorID, PaperID) VALUES (781, 3334);
INSERT INTO Author (AuthorID, Name) VALUES (782, 'Roberto Cornacchia');
INSERT INTO Write (AuthorID, PaperID) VALUES (782, 1162);
INSERT INTO Write (AuthorID, PaperID) VALUES (782, 2593);
INSERT INTO Write (AuthorID, PaperID) VALUES (782, 2841);
INSERT INTO Write (AuthorID, PaperID) VALUES (782, 3001);
INSERT INTO Author (AuthorID, Name) VALUES (783, 'Lu&iacute;s Miguel Cabral');
INSERT INTO Write (AuthorID, PaperID) VALUES (783, 424);
INSERT INTO Write (AuthorID, PaperID) VALUES (783, 1383);
INSERT INTO Write (AuthorID, PaperID) VALUES (783, 1429);
INSERT INTO Write (AuthorID, PaperID) VALUES (783, 3426);
INSERT INTO Author (AuthorID, Name) VALUES (784, 'Ken Williams');
INSERT INTO Write (AuthorID, PaperID) VALUES (784, 776);
INSERT INTO Write (AuthorID, PaperID) VALUES (784, 1671);
INSERT INTO Write (AuthorID, PaperID) VALUES (784, 2143);
INSERT INTO Write (AuthorID, PaperID) VALUES (784, 3446);
INSERT INTO Author (AuthorID, Name) VALUES (785, 'Andr&aacute;s Ser&eacute;ny');
INSERT INTO Write (AuthorID, PaperID) VALUES (785, 829);
INSERT INTO Write (AuthorID, PaperID) VALUES (785, 1093);
INSERT INTO Write (AuthorID, PaperID) VALUES (785, 1104);
INSERT INTO Write (AuthorID, PaperID) VALUES (785, 1320);
INSERT INTO Author (AuthorID, Name) VALUES (786, 'Pasin Suriyentrakorn');
INSERT INTO Write (AuthorID, PaperID) VALUES (786, 253);
INSERT INTO Write (AuthorID, PaperID) VALUES (786, 1120);
INSERT INTO Write (AuthorID, PaperID) VALUES (786, 3464);
INSERT INTO Write (AuthorID, PaperID) VALUES (786, 3520);
INSERT INTO Author (AuthorID, Name) VALUES (787, 'Joris van Rantwijk');
INSERT INTO Write (AuthorID, PaperID) VALUES (787, 386);
INSERT INTO Write (AuthorID, PaperID) VALUES (787, 2418);
INSERT INTO Write (AuthorID, PaperID) VALUES (787, 2506);
INSERT INTO Write (AuthorID, PaperID) VALUES (787, 2776);
INSERT INTO Author (AuthorID, Name) VALUES (788, 'Vahid Zarrabi');
INSERT INTO Write (AuthorID, PaperID) VALUES (788, 459);
INSERT INTO Write (AuthorID, PaperID) VALUES (788, 540);
INSERT INTO Write (AuthorID, PaperID) VALUES (788, 1144);
INSERT INTO Write (AuthorID, PaperID) VALUES (788, 2255);
INSERT INTO Author (AuthorID, Name) VALUES (789, 'Manuel C. D&iacute;az');
INSERT INTO Write (AuthorID, PaperID) VALUES (789, 391);
INSERT INTO Write (AuthorID, PaperID) VALUES (789, 1368);
INSERT INTO Write (AuthorID, PaperID) VALUES (789, 2429);
INSERT INTO Write (AuthorID, PaperID) VALUES (789, 2882);
INSERT INTO Author (AuthorID, Name) VALUES (790, 'Joey Liu');
INSERT INTO Write (AuthorID, PaperID) VALUES (790, 383);
INSERT INTO Write (AuthorID, PaperID) VALUES (790, 905);
INSERT INTO Write (AuthorID, PaperID) VALUES (790, 1179);
INSERT INTO Write (AuthorID, PaperID) VALUES (790, 1995);
INSERT INTO Author (AuthorID, Name) VALUES (791, 'Jos&eacute; Luis Borbinha');
INSERT INTO Write (AuthorID, PaperID) VALUES (791, 319);
INSERT INTO Write (AuthorID, PaperID) VALUES (791, 1757);
INSERT INTO Write (AuthorID, PaperID) VALUES (791, 3011);
INSERT INTO Write (AuthorID, PaperID) VALUES (791, 3496);
INSERT INTO Author (AuthorID, Name) VALUES (792, 'Manuel Vilares Ferro');
INSERT INTO Write (AuthorID, PaperID) VALUES (792, 1617);
INSERT INTO Write (AuthorID, PaperID) VALUES (792, 1924);
INSERT INTO Write (AuthorID, PaperID) VALUES (792, 2771);
INSERT INTO Write (AuthorID, PaperID) VALUES (792, 3364);
INSERT INTO Author (AuthorID, Name) VALUES (793, 'Daniel Richter');
INSERT INTO Write (AuthorID, PaperID) VALUES (793, 1626);
INSERT INTO Write (AuthorID, PaperID) VALUES (793, 1913);
INSERT INTO Write (AuthorID, PaperID) VALUES (793, 2934);
INSERT INTO Write (AuthorID, PaperID) VALUES (793, 3079);
INSERT INTO Author (AuthorID, Name) VALUES (794, 'Katja Hofmann');
INSERT INTO Write (AuthorID, PaperID) VALUES (794, 386);
INSERT INTO Write (AuthorID, PaperID) VALUES (794, 956);
INSERT INTO Write (AuthorID, PaperID) VALUES (794, 1615);
INSERT INTO Write (AuthorID, PaperID) VALUES (794, 2418);
INSERT INTO Author (AuthorID, Name) VALUES (795, 'Daniela Becks');
INSERT INTO Write (AuthorID, PaperID) VALUES (795, 2793);
INSERT INTO Write (AuthorID, PaperID) VALUES (795, 2808);
INSERT INTO Write (AuthorID, PaperID) VALUES (795, 2994);
INSERT INTO Write (AuthorID, PaperID) VALUES (795, 3355);
INSERT INTO Author (AuthorID, Name) VALUES (796, 'Arjumand Younus');
INSERT INTO Write (AuthorID, PaperID) VALUES (796, 1106);
INSERT INTO Paper (PaperID, Title, Year, MDate, Key, DOI) VALUES (2072, 'Evaluation of Hierarchical Clustering via Markov Decision Processes for Efficient Navigation and Search.', 2017, '2018-11-02', 'conf/clef/MorenoHYOH17', 'https://doi.org/10.1007/978-3-319-65813-1_12');
INSERT INTO Write (AuthorID, PaperID) VALUES (796, 2072);
INSERT INTO Write (AuthorID, PaperID) VALUES (796, 3252);
INSERT INTO Write (AuthorID, PaperID) VALUES (796, 3334);
INSERT INTO Author (AuthorID, Name) VALUES (797, 'Yang Song');
INSERT INTO Write (AuthorID, PaperID) VALUES (797, 608);
INSERT INTO Write (AuthorID, PaperID) VALUES (797, 1512);
INSERT INTO Write (AuthorID, PaperID) VALUES (797, 2100);
INSERT INTO Write (AuthorID, PaperID) VALUES (797, 2984);
INSERT INTO Author (AuthorID, Name) VALUES (798, 'Christophe Ducottet');
INSERT INTO Write (AuthorID, PaperID) VALUES (798, 793);
INSERT INTO Write (AuthorID, PaperID) VALUES (798, 1228);
INSERT INTO Write (AuthorID, PaperID) VALUES (798, 1849);
INSERT INTO Write (AuthorID, PaperID) VALUES (798, 2650);
INSERT INTO Author (AuthorID, Name) VALUES (799, 'Ellen M. Voorhees');
INSERT INTO Paper (PaperID, Title, Year, MDate, Key, DOI) VALUES (177, 'The Philosophy of Information Retrieval Evaluation.', 2001, '2017-05-24', 'conf/clef/Voorhees01', 'https://doi.org/10.1007/3-540-45691-0_34');
INSERT INTO Write (AuthorID, PaperID) VALUES (799, 177);
INSERT INTO Paper (PaperID, Title, Year, MDate, Key, DOI) VALUES (3071, 'Philosophy of IR Evaluation.', 2001, '2014-08-15', 'conf/clef/Voorhees01a', 'http://ceur-ws.org/Vol-1167/CLEF2001wn-other-Voorhees2001.pdf');
INSERT INTO Write (AuthorID, PaperID) VALUES (799, 3071);
INSERT INTO Paper (PaperID, Title, Year, MDate, Key, DOI) VALUES (3227, 'Reflections on TREC QA.', 2010, '2014-09-24', 'conf/clef/Voorhees10', 'http://www.clef-initiative.eu/documents/71612/86374/CLEF2010wn-MLQA10-Voorhees2010.pdf');
INSERT INTO Write (AuthorID, PaperID) VALUES (799, 3227);
INSERT INTO Write (AuthorID, PaperID) VALUES (799, 3453);
INSERT INTO Author (AuthorID, Name) VALUES (800, 'Wei Xiong 0001');
INSERT INTO Write (AuthorID, PaperID) VALUES (800, 275);
INSERT INTO Write (AuthorID, PaperID) VALUES (800, 1607);
INSERT INTO Write (AuthorID, PaperID) VALUES (800, 2862);
INSERT INTO Write (AuthorID, PaperID) VALUES (800, 3132);
INSERT INTO Author (AuthorID, Name) VALUES (801, 'Yuan Ling');
INSERT INTO Write (AuthorID, PaperID) VALUES (801, 383);
INSERT INTO Write (AuthorID, PaperID) VALUES (801, 905);
INSERT INTO Write (AuthorID, PaperID) VALUES (801, 1179);
INSERT INTO Write (AuthorID, PaperID) VALUES (801, 1995);
INSERT INTO Author (AuthorID, Name) VALUES (802, 'Maria das Gra&ccedil;as Volpe Nunes');
INSERT INTO Paper (PaperID, Title, Year, MDate, Key, DOI) VALUES (145, 'NLP-Driven Constructive Learning for Filtering an IR Document Stream.', 2006, '2017-05-24', 'conf/clef/ArcoverdeN06', 'https://doi.org/10.1007/978-3-540-74999-8_10');
INSERT INTO Write (AuthorID, PaperID) VALUES (802, 145);
INSERT INTO Paper (PaperID, Title, Year, MDate, Key, DOI) VALUES (748, 'Experiments on Applying a Text Summarization System for Question Answering.', 2006, '2017-05-24', 'conf/clef/FilhoUPN06', 'https://doi.org/10.1007/978-3-540-74999-8_44');
INSERT INTO Write (AuthorID, PaperID) VALUES (802, 748);
INSERT INTO Paper (PaperID, Title, Year, MDate, Key, DOI) VALUES (1358, 'Using Noun Phrases for Local Analysis in Automatic Query Expansion.', 2006, '2014-08-15', 'conf/clef/ArcoverdeNS06', 'http://ceur-ws.org/Vol-1172/CLEF2006wn-adhoc-AzevedoArcoverdeEt2006.pdf');
INSERT INTO Write (AuthorID, PaperID) VALUES (802, 1358);
INSERT INTO Paper (PaperID, Title, Year, MDate, Key, DOI) VALUES (2070, 'Using a Text Summarization System for Monolingual Question Answering.', 2006, '2014-08-15', 'conf/clef/FilhoUPN06a', 'http://ceur-ws.org/Vol-1172/CLEF2006wn-QACLEF-FilhoEt2006.pdf');
INSERT INTO Write (AuthorID, PaperID) VALUES (802, 2070);
INSERT INTO Author (AuthorID, Name) VALUES (803, 'Rami Albatal');
INSERT INTO Write (AuthorID, PaperID) VALUES (803, 284);
INSERT INTO Write (AuthorID, PaperID) VALUES (803, 1579);
INSERT INTO Write (AuthorID, PaperID) VALUES (803, 2716);
INSERT INTO Write (AuthorID, PaperID) VALUES (803, 2754);
INSERT INTO Author (AuthorID, Name) VALUES (804, 'S&eacute;bastien Paris');
INSERT INTO Write (AuthorID, PaperID) VALUES (804, 297);
INSERT INTO Write (AuthorID, PaperID) VALUES (804, 592);
INSERT INTO Write (AuthorID, PaperID) VALUES (804, 1229);
INSERT INTO Write (AuthorID, PaperID) VALUES (804, 1272);
INSERT INTO Author (AuthorID, Name) VALUES (805, 'Maria Paula Villegas');
INSERT INTO Write (AuthorID, PaperID) VALUES (805, 1102);
INSERT INTO Write (AuthorID, PaperID) VALUES (805, 1367);
INSERT INTO Write (AuthorID, PaperID) VALUES (805, 1627);
INSERT INTO Write (AuthorID, PaperID) VALUES (805, 3513);
INSERT INTO Author (AuthorID, Name) VALUES (806, 'Gregory Grefenstette');
INSERT INTO Write (AuthorID, PaperID) VALUES (806, 120);
INSERT INTO Write (AuthorID, PaperID) VALUES (806, 2678);
INSERT INTO Write (AuthorID, PaperID) VALUES (806, 3418);
INSERT INTO Write (AuthorID, PaperID) VALUES (806, 3472);
INSERT INTO Author (AuthorID, Name) VALUES (807, 'Andrew Gilbert');
INSERT INTO Write (AuthorID, PaperID) VALUES (807, 33);
INSERT INTO Write (AuthorID, PaperID) VALUES (807, 948);
INSERT INTO Write (AuthorID, PaperID) VALUES (807, 2308);
INSERT INTO Write (AuthorID, PaperID) VALUES (807, 3423);
INSERT INTO Author (AuthorID, Name) VALUES (808, 'Michel Simard');
INSERT INTO Write (AuthorID, PaperID) VALUES (808, 218);
INSERT INTO Write (AuthorID, PaperID) VALUES (808, 367);
INSERT INTO Write (AuthorID, PaperID) VALUES (808, 1283);
INSERT INTO Write (AuthorID, PaperID) VALUES (808, 2579);
INSERT INTO Author (AuthorID, Name) VALUES (809, 'Amir Hossein Jadidinejad');
INSERT INTO Write (AuthorID, PaperID) VALUES (809, 329);
INSERT INTO Paper (PaperID, Title, Year, MDate, Key, DOI) VALUES (1100, 'Query Wikification: Mining Structured Queries From Unstructured Information Needs using Wikipedia-based Semantic Analysis.', 2009, '2014-09-29', 'conf/clef/JadidinejadM09a', 'http://ceur-ws.org/Vol-1175/CLEF2009wn-adhoc-HosseinEt2009.pdf');
INSERT INTO Write (AuthorID, PaperID) VALUES (809, 1100);
INSERT INTO Paper (PaperID, Title, Year, MDate, Key, DOI) VALUES (1365, 'Cross-Language Information Retrieval Using Meta-language Index Construction and Structural Queries.', 2009, '2017-05-24', 'conf/clef/JadidinejadM09', 'https://doi.org/10.1007/978-3-642-15754-7_7');
INSERT INTO Write (AuthorID, PaperID) VALUES (809, 1365);
INSERT INTO Paper (PaperID, Title, Year, MDate, Key, DOI) VALUES (1712, 'Evaluation of Perstem: A Simple and Efficient Stemming Algorithm for Persian.', 2009, '2017-05-24', 'conf/clef/JadidinejadMD09', 'https://doi.org/10.1007/978-3-642-15754-7_11');
INSERT INTO Write (AuthorID, PaperID) VALUES (809, 1712);
INSERT INTO Author (AuthorID, Name) VALUES (810, 'Rub&eacute;n Izquierdo-Bevi&aacute;');
INSERT INTO Write (AuthorID, PaperID) VALUES (810, 112);
INSERT INTO Write (AuthorID, PaperID) VALUES (810, 1239);
INSERT INTO Write (AuthorID, PaperID) VALUES (810, 2406);
INSERT INTO Write (AuthorID, PaperID) VALUES (810, 2583);
INSERT INTO Author (AuthorID, Name) VALUES (811, 'Isma&iuml;l Timimi');
INSERT INTO Write (AuthorID, PaperID) VALUES (811, 566);
INSERT INTO Write (AuthorID, PaperID) VALUES (811, 1998);
INSERT INTO Write (AuthorID, PaperID) VALUES (811, 2103);
INSERT INTO Write (AuthorID, PaperID) VALUES (811, 3296);
INSERT INTO Author (AuthorID, Name) VALUES (812, 'Laurent Romary');
INSERT INTO Write (AuthorID, PaperID) VALUES (812, 1261);
INSERT INTO Write (AuthorID, PaperID) VALUES (812, 2243);
INSERT INTO Write (AuthorID, PaperID) VALUES (812, 2433);
INSERT INTO Write (AuthorID, PaperID) VALUES (812, 2950);
INSERT INTO Author (AuthorID, Name) VALUES (813, 'Krystian Mikolajczyk');
INSERT INTO Write (AuthorID, PaperID) VALUES (813, 33);
INSERT INTO Write (AuthorID, PaperID) VALUES (813, 948);
INSERT INTO Write (AuthorID, PaperID) VALUES (813, 2308);
INSERT INTO Write (AuthorID, PaperID) VALUES (813, 3423);
INSERT INTO Author (AuthorID, Name) VALUES (814, 'Claudia Denicia-Carral');
INSERT INTO Write (AuthorID, PaperID) VALUES (814, 261);
INSERT INTO Write (AuthorID, PaperID) VALUES (814, 538);
INSERT INTO Write (AuthorID, PaperID) VALUES (814, 2522);
INSERT INTO Write (AuthorID, PaperID) VALUES (814, 3009);
INSERT INTO Author (AuthorID, Name) VALUES (815, 'Daniela Petrelli');
INSERT INTO Write (AuthorID, PaperID) VALUES (815, 387);
INSERT INTO Write (AuthorID, PaperID) VALUES (815, 1646);
INSERT INTO Write (AuthorID, PaperID) VALUES (815, 2422);
INSERT INTO Write (AuthorID, PaperID) VALUES (815, 2491);
INSERT INTO Author (AuthorID, Name) VALUES (816, 'Oskar Kohonen');
INSERT INTO Write (AuthorID, PaperID) VALUES (816, 175);
INSERT INTO Write (AuthorID, PaperID) VALUES (816, 701);
INSERT INTO Write (AuthorID, PaperID) VALUES (816, 1563);
INSERT INTO Write (AuthorID, PaperID) VALUES (816, 2659);
INSERT INTO Author (AuthorID, Name) VALUES (817, 'Lu&iacute;s Costa');
INSERT INTO Paper (PaperID, Title, Year, MDate, Key, DOI) VALUES (14, 'First Evaluation of Esfinge - a Question Answering System for Portuguese.', 2004, '2014-08-15', 'conf/clef/Costa04', 'http://ceur-ws.org/Vol-1170/CLEF2004wn-QACLEF-Costa2004.pdf');
INSERT INTO Write (AuthorID, PaperID) VALUES (817, 14);
INSERT INTO Paper (PaperID, Title, Year, MDate, Key, DOI) VALUES (336, '20th Century Esfinge (Sphinx) Solving the Riddles at CLEF 2005.', 2005, '2014-08-15', 'conf/clef/Costa05b', 'http://ceur-ws.org/Vol-1171/CLEF2005wn-QACLEF-Costa2005.pdf');
INSERT INTO Write (AuthorID, PaperID) VALUES (817, 336);
INSERT INTO Paper (PaperID, Title, Year, MDate, Key, DOI) VALUES (475, 'Esfinge - a Modular Question Answering System for Portuguese.', 2006, '2014-08-15', 'conf/clef/Costa06a', 'http://ceur-ws.org/Vol-1172/CLEF2006wn-QACLEF-Costa2006.pdf');
INSERT INTO Write (AuthorID, PaperID) VALUES (817, 475);
INSERT INTO Paper (PaperID, Title, Year, MDate, Key, DOI) VALUES (2536, 'Esfinge at CLEF 2008: Experimenting with Answer Retrieval Patterns. Can they help?', 2008, '2014-09-29', 'conf/clef/Costa08a', 'http://ceur-ws.org/Vol-1174/CLEF2008wn-QACLEF-Costa2008.pdf');
INSERT INTO Write (AuthorID, PaperID) VALUES (817, 2536);
INSERT INTO Author (AuthorID, Name) VALUES (818, 'Jinwook Choi');
INSERT INTO Write (AuthorID, PaperID) VALUES (818, 716);
INSERT INTO Write (AuthorID, PaperID) VALUES (818, 1814);
INSERT INTO Write (AuthorID, PaperID) VALUES (818, 2718);
INSERT INTO Write (AuthorID, PaperID) VALUES (818, 3509);
INSERT INTO Author (AuthorID, Name) VALUES (819, 'Daniel Castro-Castro');
INSERT INTO Write (AuthorID, PaperID) VALUES (819, 217);
INSERT INTO Write (AuthorID, PaperID) VALUES (819, 1600);
INSERT INTO Write (AuthorID, PaperID) VALUES (819, 1730);
INSERT INTO Write (AuthorID, PaperID) VALUES (819, 2345);
INSERT INTO Author (AuthorID, Name) VALUES (820, 'Brett R. South');
INSERT INTO Write (AuthorID, PaperID) VALUES (820, 928);
INSERT INTO Write (AuthorID, PaperID) VALUES (820, 1126);
INSERT INTO Write (AuthorID, PaperID) VALUES (820, 1740);
INSERT INTO Write (AuthorID, PaperID) VALUES (820, 2189);
INSERT INTO Author (AuthorID, Name) VALUES (821, 'Arun Jayapal');
INSERT INTO Write (AuthorID, PaperID) VALUES (821, 1026);
INSERT INTO Paper (PaperID, Title, Year, MDate, Key, DOI) VALUES (1218, 'Similarity Overlap Metric and Greedy String Tiling for Plagiarism Detection at PAN 2012.', 2012, '2014-09-24', 'conf/clef/Jayapal12', 'http://www.clef-initiative.eu/documents/71612/da184f72-1a8e-43a8-80e4-dd1b2b6fdb09');
INSERT INTO Write (AuthorID, PaperID) VALUES (821, 1218);
INSERT INTO Write (AuthorID, PaperID) VALUES (821, 3084);
INSERT INTO Paper (PaperID, Title, Year, MDate, Key, DOI) VALUES (3119, 'Vector Space Model and Overlap Metric for Author Identification Notebook for PAN at CLEF 2013.', 2013, '2014-09-10', 'conf/clef/JayapalG13', 'http://ceur-ws.org/Vol-1179/CLEF2013wn-PAN-JayapalEt2013.pdf');
INSERT INTO Write (AuthorID, PaperID) VALUES (821, 3119);
INSERT INTO Author (AuthorID, Name) VALUES (822, 'Elena Cabrio');
INSERT INTO Write (AuthorID, PaperID) VALUES (822, 518);
INSERT INTO Write (AuthorID, PaperID) VALUES (822, 694);
INSERT INTO Write (AuthorID, PaperID) VALUES (822, 809);
INSERT INTO Write (AuthorID, PaperID) VALUES (822, 3051);
INSERT INTO Author (AuthorID, Name) VALUES (823, 'Simone Romagnoli');
INSERT INTO Write (AuthorID, PaperID) VALUES (823, 399);
INSERT INTO Write (AuthorID, PaperID) VALUES (823, 1028);
INSERT INTO Write (AuthorID, PaperID) VALUES (823, 2349);
INSERT INTO Write (AuthorID, PaperID) VALUES (823, 3175);
INSERT INTO Author (AuthorID, Name) VALUES (824, 'Guillaume Bernard');
INSERT INTO Write (AuthorID, PaperID) VALUES (824, 1200);
INSERT INTO Write (AuthorID, PaperID) VALUES (824, 2223);
INSERT INTO Write (AuthorID, PaperID) VALUES (824, 3131);
INSERT INTO Write (AuthorID, PaperID) VALUES (824, 3300);
INSERT INTO Author (AuthorID, Name) VALUES (825, 'C&eacute;cile Barat');
INSERT INTO Write (AuthorID, PaperID) VALUES (825, 793);
INSERT INTO Write (AuthorID, PaperID) VALUES (825, 1228);
INSERT INTO Write (AuthorID, PaperID) VALUES (825, 1849);
INSERT INTO Write (AuthorID, PaperID) VALUES (825, 2650);
INSERT INTO Author (AuthorID, Name) VALUES (826, 'Lawrence Cavedon');
INSERT INTO Paper (PaperID, Title, Year, MDate, Key, DOI) VALUES (807, 'NICTA I2D2 Group at GeoCLEF 2006.', 2006, '2014-08-15', 'conf/clef/LiYiSCM06', 'http://ceur-ws.org/Vol-1172/CLEF2006wn-GeoCLEF-LiYiEt2006.pdf');
INSERT INTO Write (AuthorID, PaperID) VALUES (826, 807);
INSERT INTO Paper (PaperID, Title, Year, MDate, Key, DOI) VALUES (1680, 'NICTA I2D2 Group at GeoCLEF 2006.', 2006, '2017-05-24', 'conf/clef/LiSCM06', 'https://doi.org/10.1007/978-3-540-74999-8_120');
INSERT INTO Write (AuthorID, PaperID) VALUES (826, 1680);
INSERT INTO Write (AuthorID, PaperID) VALUES (826, 3421);
INSERT INTO Write (AuthorID, PaperID) VALUES (826, 3474);
INSERT INTO Author (AuthorID, Name) VALUES (827, 'Sergio Ferr&aacute;ndez');
INSERT INTO Write (AuthorID, PaperID) VALUES (827, 151);
INSERT INTO Write (AuthorID, PaperID) VALUES (827, 755);
INSERT INTO Write (AuthorID, PaperID) VALUES (827, 1291);
INSERT INTO Write (AuthorID, PaperID) VALUES (827, 2192);
INSERT INTO Author (AuthorID, Name) VALUES (828, 'Sebastian Walter');
INSERT INTO Write (AuthorID, PaperID) VALUES (828, 518);
INSERT INTO Write (AuthorID, PaperID) VALUES (828, 694);
INSERT INTO Write (AuthorID, PaperID) VALUES (828, 809);
INSERT INTO Write (AuthorID, PaperID) VALUES (828, 3051);
INSERT INTO Author (AuthorID, Name) VALUES (829, 'German Rigau');
INSERT INTO Write (AuthorID, PaperID) VALUES (829, 194);
INSERT INTO Write (AuthorID, PaperID) VALUES (829, 1146);
INSERT INTO Write (AuthorID, PaperID) VALUES (829, 2377);
INSERT INTO Write (AuthorID, PaperID) VALUES (829, 2580);
INSERT INTO Author (AuthorID, Name) VALUES (830, 'Ludek M&uuml;ller');
INSERT INTO Write (AuthorID, PaperID) VALUES (830, 481);
INSERT INTO Write (AuthorID, PaperID) VALUES (830, 2410);
INSERT INTO Write (AuthorID, PaperID) VALUES (830, 3219);
INSERT INTO Write (AuthorID, PaperID) VALUES (830, 3248);
INSERT INTO Author (AuthorID, Name) VALUES (831, 'Herv&eacute; D&eacute;jean');
INSERT INTO Write (AuthorID, PaperID) VALUES (831, 241);
INSERT INTO Write (AuthorID, PaperID) VALUES (831, 497);
INSERT INTO Write (AuthorID, PaperID) VALUES (831, 2814);
INSERT INTO Write (AuthorID, PaperID) VALUES (831, 3450);
INSERT INTO Author (AuthorID, Name) VALUES (832, 'Tamer Elsayed');
INSERT INTO Write (AuthorID, PaperID) VALUES (832, 233);
INSERT INTO Write (AuthorID, PaperID) VALUES (832, 524);
INSERT INTO Write (AuthorID, PaperID) VALUES (832, 953);
INSERT INTO Paper (PaperID, Title, Year, MDate, Key, DOI) VALUES (2607, 'bigIR at CLEF 2018: Detection and Verification of Check-Worthy Political Claims.', 2018, '2018-08-08', 'conf/clef/YasserKE18', 'http://ceur-ws.org/Vol-2125/paper_133.pdf');
INSERT INTO Write (AuthorID, PaperID) VALUES (832, 2607);
INSERT INTO Author (AuthorID, Name) VALUES (833, 'Samuel Driessen');
INSERT INTO Write (AuthorID, PaperID) VALUES (833, 88);
INSERT INTO Write (AuthorID, PaperID) VALUES (833, 603);
INSERT INTO Write (AuthorID, PaperID) VALUES (833, 609);
INSERT INTO Write (AuthorID, PaperID) VALUES (833, 3182);
INSERT INTO Author (AuthorID, Name) VALUES (834, 'Camilla Sanvitto');
INSERT INTO Write (AuthorID, PaperID) VALUES (834, 1328);
INSERT INTO Write (AuthorID, PaperID) VALUES (834, 1382);
INSERT INTO Write (AuthorID, PaperID) VALUES (834, 1519);
INSERT INTO Write (AuthorID, PaperID) VALUES (834, 2008);
INSERT INTO Author (AuthorID, Name) VALUES (835, 'Thomas Arni');
INSERT INTO Write (AuthorID, PaperID) VALUES (835, 57);
INSERT INTO Write (AuthorID, PaperID) VALUES (835, 663);
INSERT INTO Write (AuthorID, PaperID) VALUES (835, 1769);
INSERT INTO Write (AuthorID, PaperID) VALUES (835, 2695);
INSERT INTO Author (AuthorID, Name) VALUES (836, 'Emilie Pasche');
INSERT INTO Write (AuthorID, PaperID) VALUES (836, 93);
INSERT INTO Write (AuthorID, PaperID) VALUES (836, 2778);
INSERT INTO Write (AuthorID, PaperID) VALUES (836, 3120);
INSERT INTO Write (AuthorID, PaperID) VALUES (836, 3198);
INSERT INTO Author (AuthorID, Name) VALUES (837, 'Gebrekirstos G. Gebremeskel');
INSERT INTO Write (AuthorID, PaperID) VALUES (837, 321);
INSERT INTO Write (AuthorID, PaperID) VALUES (837, 984);
INSERT INTO Write (AuthorID, PaperID) VALUES (837, 1104);
INSERT INTO Write (AuthorID, PaperID) VALUES (837, 2636);
INSERT INTO Author (AuthorID, Name) VALUES (838, 'Stefania Marrara');
INSERT INTO Write (AuthorID, PaperID) VALUES (838, 1328);
INSERT INTO Write (AuthorID, PaperID) VALUES (838, 1382);
INSERT INTO Write (AuthorID, PaperID) VALUES (838, 1519);
INSERT INTO Write (AuthorID, PaperID) VALUES (838, 2008);
INSERT INTO Author (AuthorID, Name) VALUES (839, 'Suzan &Uuml;sk&uuml;darli');
INSERT INTO Write (AuthorID, PaperID) VALUES (839, 54);
INSERT INTO Write (AuthorID, PaperID) VALUES (839, 479);
INSERT INTO Write (AuthorID, PaperID) VALUES (839, 1068);
INSERT INTO Write (AuthorID, PaperID) VALUES (839, 2308);
INSERT INTO Author (AuthorID, Name) VALUES (840, 'Alberto Ruiz-Cristina');
INSERT INTO Write (AuthorID, PaperID) VALUES (840, 39);
INSERT INTO Write (AuthorID, PaperID) VALUES (840, 1925);
INSERT INTO Write (AuthorID, PaperID) VALUES (840, 3372);
INSERT INTO Author (AuthorID, Name) VALUES (841, 'Hermann Ziak');
INSERT INTO Write (AuthorID, PaperID) VALUES (841, 222);
INSERT INTO Write (AuthorID, PaperID) VALUES (841, 580);
INSERT INTO Write (AuthorID, PaperID) VALUES (841, 2366);
INSERT INTO Author (AuthorID, Name) VALUES (842, 'David Randall');
INSERT INTO Write (AuthorID, PaperID) VALUES (842, 1309);
INSERT INTO Write (AuthorID, PaperID) VALUES (842, 2215);
INSERT INTO Write (AuthorID, PaperID) VALUES (842, 3187);
INSERT INTO Author (AuthorID, Name) VALUES (843, 'Christoph Rasche');
INSERT INTO Paper (PaperID, Title, Year, MDate, Key, DOI) VALUES (622, 'A Novel Structural-Description Approach for Image Retrieval.', 2010, '2014-09-24', 'conf/clef/RascheV10', 'http://www.clef-initiative.eu/documents/71612/86374/CLEF2010wn-ImageCLEF-RascheEt2010.pdf');
INSERT INTO Write (AuthorID, PaperID) VALUES (843, 622);
INSERT INTO Paper (PaperID, Title, Year, MDate, Key, DOI) VALUES (2988, 'Has an Image Classification Approach any Chance at all (in Plant Classification)?...', 2013, '2014-09-10', 'conf/clef/RascheFV13', 'http://ceur-ws.org/Vol-1179/CLEF2013wn-ImageCLEF-RascheEt2013.pdf');
INSERT INTO Write (AuthorID, PaperID) VALUES (843, 2988);
INSERT INTO Paper (PaperID, Title, Year, MDate, Key, DOI) VALUES (3125, 'Testing a Method for Statistical Image Classification in Image Retrieval.', 2011, '2014-09-24', 'conf/clef/RascheV11', 'http://www.clef-initiative.eu/documents/71612/86377/CLEF2011wn-ImageCLEF-RascheEt2011.pdf');
INSERT INTO Write (AuthorID, PaperID) VALUES (843, 3125);
INSERT INTO Author (AuthorID, Name) VALUES (844, 'Nicola Stokes');
INSERT INTO Write (AuthorID, PaperID) VALUES (844, 807);
INSERT INTO Paper (PaperID, Title, Year, MDate, Key, DOI) VALUES (1124, 'Medical Disorder Recognition with Structural Support Vector Machines.', 2013, '2014-09-10', 'conf/clef/CogleySC13', 'http://ceur-ws.org/Vol-1179/CLEF2013wn-CLEFeHealth-CogleyEt2013.pdf');
INSERT INTO Write (AuthorID, PaperID) VALUES (844, 1124);
INSERT INTO Write (AuthorID, PaperID) VALUES (844, 1680);
INSERT INTO Author (AuthorID, Name) VALUES (845, 'Manos Tsagkias');
INSERT INTO Write (AuthorID, PaperID) VALUES (845, 1128);
INSERT INTO Write (AuthorID, PaperID) VALUES (845, 1672);
INSERT INTO Write (AuthorID, PaperID) VALUES (845, 1955);
INSERT INTO Author (AuthorID, Name) VALUES (846, 'Golnoosh Farnadi');
INSERT INTO Paper (PaperID, Title, Year, MDate, Key, DOI) VALUES (215, 'Cross-Genre Age and Gender Identification in Social Media.', 2016, '2016-08-11', 'conf/clef/ZahidSDF16', 'http://ceur-ws.org/Vol-1609/16091014.pdf');
INSERT INTO Write (AuthorID, PaperID) VALUES (846, 215);
INSERT INTO Write (AuthorID, PaperID) VALUES (846, 1598);
INSERT INTO Paper (PaperID, Title, Year, MDate, Key, DOI) VALUES (1963, 'Age, Gender and Personality Recognition using Tweets in a Multilingual setting: Notebook for PAN at CLEF 2015.', 2015, '2015-09-03', 'conf/clef/ArrojuHF15', 'http://ceur-ws.org/Vol-1391/57-CR.pdf');
INSERT INTO Write (AuthorID, PaperID) VALUES (846, 1963);
INSERT INTO Author (AuthorID, Name) VALUES (847, 'Wei Li 0054');
INSERT INTO Write (AuthorID, PaperID) VALUES (847, 736);
INSERT INTO Write (AuthorID, PaperID) VALUES (847, 1195);
INSERT INTO Write (AuthorID, PaperID) VALUES (847, 2524);
INSERT INTO Author (AuthorID, Name) VALUES (848, 'Maik Anderka');
INSERT INTO Write (AuthorID, PaperID) VALUES (848, 526);
INSERT INTO Write (AuthorID, PaperID) VALUES (848, 572);
INSERT INTO Write (AuthorID, PaperID) VALUES (848, 1427);
INSERT INTO Author (AuthorID, Name) VALUES (849, 'Christophe Millet');
INSERT INTO Write (AuthorID, PaperID) VALUES (849, 132);
INSERT INTO Write (AuthorID, PaperID) VALUES (849, 711);
INSERT INTO Write (AuthorID, PaperID) VALUES (849, 3090);
INSERT INTO Author (AuthorID, Name) VALUES (850, 'Hong Wu');
INSERT INTO Paper (PaperID, Title, Year, MDate, Key, DOI) VALUES (1019, 'UESTC at ImageCLEF 2010 Medical Retrieval Task.', 2010, '2014-09-24', 'conf/clef/WuHC10', 'http://www.clef-initiative.eu/documents/71612/86374/CLEF2010wn-ImageCLEF-WuEt2010.pdf');
INSERT INTO Write (AuthorID, PaperID) VALUES (850, 1019);
INSERT INTO Paper (PaperID, Title, Year, MDate, Key, DOI) VALUES (1186, 'UESTC at ImageCLEF 2011 Medical Retrieval Task.', 2011, '2014-09-24', 'conf/clef/WuT11', 'http://www.clef-initiative.eu/documents/71612/86377/CLEF2011wn-ImageCLEF-WuEt2011.pdf');
INSERT INTO Write (AuthorID, PaperID) VALUES (850, 1186);
INSERT INTO Paper (PaperID, Title, Year, MDate, Key, DOI) VALUES (1981, 'UESTC at ImageCLEF 2012 Medical Tasks.', 2012, '2014-09-24', 'conf/clef/WuSDZC12', 'http://www.clef-initiative.eu/documents/71612/09c1706c-04dc-4ce9-8d57-36cff06fac99');
INSERT INTO Write (AuthorID, PaperID) VALUES (850, 1981);
INSERT INTO Author (AuthorID, Name) VALUES (851, 'Sheng Gao');
INSERT INTO Write (AuthorID, PaperID) VALUES (851, 1292);
INSERT INTO Write (AuthorID, PaperID) VALUES (851, 3282);
INSERT INTO Write (AuthorID, PaperID) VALUES (851, 3330);
INSERT INTO Author (AuthorID, Name) VALUES (852, 'M. Rami Ghorab');
INSERT INTO Write (AuthorID, PaperID) VALUES (852, 999);
INSERT INTO Write (AuthorID, PaperID) VALUES (852, 2622);
INSERT INTO Write (AuthorID, PaperID) VALUES (852, 3018);
INSERT INTO Author (AuthorID, Name) VALUES (853, 'Abdul Sittar');
INSERT INTO Write (AuthorID, PaperID) VALUES (853, 1336);
INSERT INTO Write (AuthorID, PaperID) VALUES (853, 1885);
INSERT INTO Write (AuthorID, PaperID) VALUES (853, 1945);
INSERT INTO Author (AuthorID, Name) VALUES (854, 'Darina Slattery');
INSERT INTO Write (AuthorID, PaperID) VALUES (854, 732);
INSERT INTO Write (AuthorID, PaperID) VALUES (854, 969);
INSERT INTO Write (AuthorID, PaperID) VALUES (854, 2131);
INSERT INTO Author (AuthorID, Name) VALUES (855, 'Nikos Markantonatos');
INSERT INTO Write (AuthorID, PaperID) VALUES (855, 380);
INSERT INTO Write (AuthorID, PaperID) VALUES (855, 745);
INSERT INTO Write (AuthorID, PaperID) VALUES (855, 2822);
INSERT INTO Author (AuthorID, Name) VALUES (856, 'Kayhan Batmanghelich');
INSERT INTO Write (AuthorID, PaperID) VALUES (856, 37);
INSERT INTO Write (AuthorID, PaperID) VALUES (856, 577);
INSERT INTO Write (AuthorID, PaperID) VALUES (856, 1768);
INSERT INTO Author (AuthorID, Name) VALUES (857, 'Henning Rode');
INSERT INTO Write (AuthorID, PaperID) VALUES (857, 1090);
INSERT INTO Write (AuthorID, PaperID) VALUES (857, 1483);
INSERT INTO Write (AuthorID, PaperID) VALUES (857, 2568);
INSERT INTO Author (AuthorID, Name) VALUES (858, 'Juli&aacute;n Moreno Schneider');
INSERT INTO Write (AuthorID, PaperID) VALUES (858, 1704);
INSERT INTO Write (AuthorID, PaperID) VALUES (858, 2036);
INSERT INTO Write (AuthorID, PaperID) VALUES (858, 2305);
INSERT INTO Author (AuthorID, Name) VALUES (859, 'Xiaojie Liu');
INSERT INTO Write (AuthorID, PaperID) VALUES (859, 225);
INSERT INTO Write (AuthorID, PaperID) VALUES (859, 2378);
INSERT INTO Write (AuthorID, PaperID) VALUES (859, 3216);
INSERT INTO Author (AuthorID, Name) VALUES (860, 'Vera Bakic');
INSERT INTO Write (AuthorID, PaperID) VALUES (860, 1811);
INSERT INTO Write (AuthorID, PaperID) VALUES (860, 2015);
INSERT INTO Write (AuthorID, PaperID) VALUES (860, 2830);
INSERT INTO Author (AuthorID, Name) VALUES (861, 'Marcel Trotzek');
INSERT INTO Write (AuthorID, PaperID) VALUES (861, 1190);
INSERT INTO Write (AuthorID, PaperID) VALUES (861, 1710);
INSERT INTO Write (AuthorID, PaperID) VALUES (861, 3424);
INSERT INTO Author (AuthorID, Name) VALUES (862, 'Giulia Boato');
INSERT INTO Write (AuthorID, PaperID) VALUES (862, 870);
INSERT INTO Write (AuthorID, PaperID) VALUES (862, 920);
INSERT INTO Write (AuthorID, PaperID) VALUES (862, 1837);
INSERT INTO Author (AuthorID, Name) VALUES (863, 'Johannes Kiesel');
INSERT INTO Write (AuthorID, PaperID) VALUES (863, 1580);
INSERT INTO Write (AuthorID, PaperID) VALUES (863, 2113);
INSERT INTO Write (AuthorID, PaperID) VALUES (863, 3276);
INSERT INTO Author (AuthorID, Name) VALUES (864, 'Elena Irimia');
INSERT INTO Write (AuthorID, PaperID) VALUES (864, 445);
INSERT INTO Write (AuthorID, PaperID) VALUES (864, 1020);
INSERT INTO Write (AuthorID, PaperID) VALUES (864, 2845);
INSERT INTO Author (AuthorID, Name) VALUES (865, 'Wajdi Zaghouani');
INSERT INTO Write (AuthorID, PaperID) VALUES (865, 233);
INSERT INTO Write (AuthorID, PaperID) VALUES (865, 524);
INSERT INTO Write (AuthorID, PaperID) VALUES (865, 953);
INSERT INTO Author (AuthorID, Name) VALUES (866, 'Peter Dunker');
INSERT INTO Write (AuthorID, PaperID) VALUES (866, 1877);
INSERT INTO Write (AuthorID, PaperID) VALUES (866, 2869);
INSERT INTO Write (AuthorID, PaperID) VALUES (866, 2937);
INSERT INTO Author (AuthorID, Name) VALUES (867, 'Michael Poprat');
INSERT INTO Write (AuthorID, PaperID) VALUES (867, 672);
INSERT INTO Write (AuthorID, PaperID) VALUES (867, 1412);
INSERT INTO Write (AuthorID, PaperID) VALUES (867, 2449);
INSERT INTO Author (AuthorID, Name) VALUES (868, 'Yueyao Wang');
INSERT INTO Write (AuthorID, PaperID) VALUES (868, 608);
INSERT INTO Write (AuthorID, PaperID) VALUES (868, 1512);
INSERT INTO Write (AuthorID, PaperID) VALUES (868, 2100);
INSERT INTO Author (AuthorID, Name) VALUES (869, 'Nesrine Ksentini');
INSERT INTO Write (AuthorID, PaperID) VALUES (869, 384);
INSERT INTO Write (AuthorID, PaperID) VALUES (869, 2480);
INSERT INTO Write (AuthorID, PaperID) VALUES (869, 3283);
INSERT INTO Author (AuthorID, Name) VALUES (870, 'Julia Maria Schulz');
INSERT INTO Write (AuthorID, PaperID) VALUES (870, 1984);
INSERT INTO Write (AuthorID, PaperID) VALUES (870, 3179);
INSERT INTO Write (AuthorID, PaperID) VALUES (870, 3245);
INSERT INTO Author (AuthorID, Name) VALUES (871, 'Soto Montalvo');
INSERT INTO Paper (PaperID, Title, Year, MDate, Key, DOI) VALUES (2400, 'MAMTRA-MED at CLEF eHealth 2018: A Combination of Information Retrieval Techniques and Neural Networks for ICD-10 Coding of Death Certificates.', 2018, '2018-08-08', 'conf/clef/AlmagroMIP18', 'http://ceur-ws.org/Vol-2125/paper_110.pdf');
INSERT INTO Write (AuthorID, PaperID) VALUES (871, 2400);
INSERT INTO Write (AuthorID, PaperID) VALUES (871, 2744);
INSERT INTO Write (AuthorID, PaperID) VALUES (871, 2904);
INSERT INTO Author (AuthorID, Name) VALUES (872, 'Philip Arthur');
INSERT INTO Paper (PaperID, Title, Year, MDate, Key, DOI) VALUES (281, 'Inter-Sentence Features and Thresholded Minimum Error Rate Training: NAIST at CLEF 2013 QA4MRE.', 2013, '2017-08-24', 'conf/clef/ArthurNSTN13', 'http://ceur-ws.org/Vol-1179/CLEF2013wn-QA4MRE-ArthurEt2013.pdf');
INSERT INTO Write (AuthorID, PaperID) VALUES (872, 281);
INSERT INTO Paper (PaperID, Title, Year, MDate, Key, DOI) VALUES (1274, 'NAIST at the CLEF 2013 QA4MRE Pilot Task.', 2013, '2017-08-24', 'conf/clef/ArthurNSTN13a', 'http://ceur-ws.org/Vol-1179/CLEF2013wn-QA4MRE-ArthurEt2013b.pdf');
INSERT INTO Write (AuthorID, PaperID) VALUES (872, 1274);
INSERT INTO Write (AuthorID, PaperID) VALUES (872, 1376);
INSERT INTO Author (AuthorID, Name) VALUES (873, 'Eug&eacute;nio C. Oliveira');
INSERT INTO Write (AuthorID, PaperID) VALUES (873, 339);
INSERT INTO Write (AuthorID, PaperID) VALUES (873, 1721);
INSERT INTO Write (AuthorID, PaperID) VALUES (873, 2169);
INSERT INTO Author (AuthorID, Name) VALUES (874, 'Elvys Linhares Pontes');
INSERT INTO Write (AuthorID, PaperID) VALUES (874, 1322);
INSERT INTO Write (AuthorID, PaperID) VALUES (874, 2751);
INSERT INTO Write (AuthorID, PaperID) VALUES (874, 3511);
INSERT INTO Author (AuthorID, Name) VALUES (875, 'Bart Thomee');
INSERT INTO Write (AuthorID, PaperID) VALUES (875, 537);
INSERT INTO Write (AuthorID, PaperID) VALUES (875, 695);
INSERT INTO Write (AuthorID, PaperID) VALUES (875, 3402);
INSERT INTO Author (AuthorID, Name) VALUES (876, 'Helbert Arenas');
INSERT INTO Write (AuthorID, PaperID) VALUES (876, 783);
INSERT INTO Write (AuthorID, PaperID) VALUES (876, 870);
INSERT INTO Write (AuthorID, PaperID) VALUES (876, 1747);
INSERT INTO Author (AuthorID, Name) VALUES (877, 'Athanasios Lagopoulos');
INSERT INTO Write (AuthorID, PaperID) VALUES (877, 1006);
INSERT INTO Write (AuthorID, PaperID) VALUES (877, 2318);
INSERT INTO Write (AuthorID, PaperID) VALUES (877, 2809);
INSERT INTO Author (AuthorID, Name) VALUES (878, 'Shuqiang Jiang');
INSERT INTO Paper (PaperID, Title, Year, MDate, Key, DOI) VALUES (764, 'ISIA at the ImageCLEF 2017 Image Caption Task.', 2017, '2018-10-31', 'conf/clef/LiangLZLJ17', 'http://ceur-ws.org/Vol-1866/paper_100.pdf');
INSERT INTO Write (AuthorID, PaperID) VALUES (878, 764);
INSERT INTO Paper (PaperID, Title, Year, MDate, Key, DOI) VALUES (1323, 'MIAR ICT Participation at Robot Vision 2013.', 2013, '2014-09-10', 'conf/clef/XuJSWXWL13', 'http://ceur-ws.org/Vol-1179/CLEF2013wn-ImageCLEF-XuEt2013.pdf');
INSERT INTO Write (AuthorID, PaperID) VALUES (878, 1323);
INSERT INTO Paper (PaperID, Title, Year, MDate, Key, DOI) VALUES (2177, 'Joint Learning of CNN and LSTM for Image Captioning.', 2016, '2018-10-31', 'conf/clef/ZhuLLSSJ16', 'http://ceur-ws.org/Vol-1609/16090421.pdf');
INSERT INTO Write (AuthorID, PaperID) VALUES (878, 2177);
INSERT INTO Author (AuthorID, Name) VALUES (879, 'Jieping Xu');
INSERT INTO Paper (PaperID, Title, Year, MDate, Key, DOI) VALUES (269, 'Renmin University of China at ImageCLEF 2014 Scalable Concept Image Annotation.', 2014, '2018-06-12', 'conf/clef/LiHYJX14', 'http://ceur-ws.org/Vol-1180/CLEF2014wn-Image-LiEt2014.pdf');
INSERT INTO Write (AuthorID, PaperID) VALUES (879, 269);
INSERT INTO Paper (PaperID, Title, Year, MDate, Key, DOI) VALUES (279, 'RUC-Tencent at ImageCLEF 2015: Concept Detection, Localization and Sentence Generation.', 2015, '2015-09-03', 'conf/clef/LiJLLHHLXLX15', 'http://ceur-ws.org/Vol-1391/38-CR.pdf');
INSERT INTO Write (AuthorID, PaperID) VALUES (879, 279);
INSERT INTO Paper (PaperID, Title, Year, MDate, Key, DOI) VALUES (3292, 'Renmin University of China at ImageCLEF 2013 Scalable Concept Image Annotation.', 2013, '2018-06-12', 'conf/clef/LiLLYJXD13', 'http://ceur-ws.org/Vol-1179/CLEF2013wn-ImageCLEF-LiEt2013.pdf');
INSERT INTO Write (AuthorID, PaperID) VALUES (879, 3292);
INSERT INTO Author (AuthorID, Name) VALUES (880, 'Daniel Micol');
INSERT INTO Write (AuthorID, PaperID) VALUES (880, 254);
INSERT INTO Write (AuthorID, PaperID) VALUES (880, 2265);
INSERT INTO Write (AuthorID, PaperID) VALUES (880, 3466);
INSERT INTO Author (AuthorID, Name) VALUES (881, 'Mike Kestemont');
INSERT INTO Write (AuthorID, PaperID) VALUES (881, 372);
INSERT INTO Write (AuthorID, PaperID) VALUES (881, 2278);
INSERT INTO Write (AuthorID, PaperID) VALUES (881, 3404);
INSERT INTO Author (AuthorID, Name) VALUES (882, 'Heshaam Faili');
INSERT INTO Write (AuthorID, PaperID) VALUES (882, 91);
INSERT INTO Write (AuthorID, PaperID) VALUES (882, 903);
INSERT INTO Write (AuthorID, PaperID) VALUES (882, 2887);
INSERT INTO Author (AuthorID, Name) VALUES (883, 'Richard McCreadie');
INSERT INTO Write (AuthorID, PaperID) VALUES (883, 640);
INSERT INTO Write (AuthorID, PaperID) VALUES (883, 1351);
INSERT INTO Write (AuthorID, PaperID) VALUES (883, 2924);
INSERT INTO Author (AuthorID, Name) VALUES (884, 'Hafiz Rizwan Iqbal');
INSERT INTO Write (AuthorID, PaperID) VALUES (884, 308);
INSERT INTO Write (AuthorID, PaperID) VALUES (884, 1336);
INSERT INTO Write (AuthorID, PaperID) VALUES (884, 2854);
INSERT INTO Author (AuthorID, Name) VALUES (885, 'Uri Avni');
INSERT INTO Paper (PaperID, Title, Year, MDate, Key, DOI) VALUES (787, 'Addressing the ImageClef 2009 Challenge Using a Patch-based Visual Words Representation.', 2009, '2014-09-29', 'conf/clef/AvniGG09a', 'http://ceur-ws.org/Vol-1175/CLEF2009wn-ImageCLEF-AvniEt2009.pdf');
INSERT INTO Write (AuthorID, PaperID) VALUES (885, 787);
INSERT INTO Paper (PaperID, Title, Year, MDate, Key, DOI) VALUES (2603, 'Dense Simple Features for Fast and Accurate Medical X-Ray Annotation.', 2009, '2017-05-24', 'conf/clef/AvniGG09', 'https://doi.org/10.1007/978-3-642-15751-6_29');
INSERT INTO Write (AuthorID, PaperID) VALUES (885, 2603);
INSERT INTO Paper (PaperID, Title, Year, MDate, Key, DOI) VALUES (2895, 'TAU MIPLAB at ImageClef 2008.', 2008, '2014-09-29', 'conf/clef/AvniGG08', 'http://ceur-ws.org/Vol-1174/CLEF2008wn-ImageCLEF-AvniEt2008.pdf');
INSERT INTO Write (AuthorID, PaperID) VALUES (885, 2895);
INSERT INTO Author (AuthorID, Name) VALUES (886, 'Zhongyuan Han');
INSERT INTO Write (AuthorID, PaperID) VALUES (886, 267);
INSERT INTO Write (AuthorID, PaperID) VALUES (886, 1109);
INSERT INTO Write (AuthorID, PaperID) VALUES (886, 2514);
INSERT INTO Author (AuthorID, Name) VALUES (887, 'Jorge Teixeira');
INSERT INTO Write (AuthorID, PaperID) VALUES (887, 339);
INSERT INTO Write (AuthorID, PaperID) VALUES (887, 2169);
INSERT INTO Paper (PaperID, Title, Year, MDate, Key, DOI) VALUES (3118, 'POPSTAR at RepLab 2013: Name Ambiguity Resolution on Twitter.', 2013, '2015-10-07', 'conf/clef/SaleiroRPSTPNFS13', 'http://ceur-ws.org/Vol-1179/CLEF2013wn-RepLab-SaleiroEt2013.pdf');
INSERT INTO Write (AuthorID, PaperID) VALUES (887, 3118);
INSERT INTO Author (AuthorID, Name) VALUES (888, 'Mar&iacute;a P&eacute;rez Catal&aacute;n');
INSERT INTO Paper (PaperID, Title, Year, MDate, Key, DOI) VALUES (102, 'Semantic Discovery of Resources in Cloud-Based PACS/RIS Systems.', 2013, '2017-05-24', 'conf/clef/LlavoriPCF13', 'https://doi.org/10.1007/978-3-642-40802-1_21');
INSERT INTO Write (AuthorID, PaperID) VALUES (888, 102);
INSERT INTO Write (AuthorID, PaperID) VALUES (888, 2102);
INSERT INTO Write (AuthorID, PaperID) VALUES (888, 2343);
INSERT INTO Author (AuthorID, Name) VALUES (889, 'Amel Znaidia');
INSERT INTO Write (AuthorID, PaperID) VALUES (889, 332);
INSERT INTO Write (AuthorID, PaperID) VALUES (889, 1576);
INSERT INTO Write (AuthorID, PaperID) VALUES (889, 2064);
INSERT INTO Author (AuthorID, Name) VALUES (890, 'Arnaud Gaudinat');
INSERT INTO Write (AuthorID, PaperID) VALUES (890, 198);
INSERT INTO Write (AuthorID, PaperID) VALUES (890, 1799);
INSERT INTO Write (AuthorID, PaperID) VALUES (890, 3198);
INSERT INTO Author (AuthorID, Name) VALUES (891, 'Monica Lestari Paramita');
INSERT INTO Write (AuthorID, PaperID) VALUES (891, 146);
INSERT INTO Write (AuthorID, PaperID) VALUES (891, 2137);
INSERT INTO Write (AuthorID, PaperID) VALUES (891, 3363);
INSERT INTO Author (AuthorID, Name) VALUES (892, 'Robert J. Gaizauskas');
INSERT INTO Write (AuthorID, PaperID) VALUES (892, 33);
INSERT INTO Write (AuthorID, PaperID) VALUES (892, 948);
INSERT INTO Write (AuthorID, PaperID) VALUES (892, 3423);
INSERT INTO Author (AuthorID, Name) VALUES (893, 'Pok Chin');
INSERT INTO Write (AuthorID, PaperID) VALUES (893, 422);
INSERT INTO Write (AuthorID, PaperID) VALUES (893, 1862);
INSERT INTO Write (AuthorID, PaperID) VALUES (893, 2315);
INSERT INTO Author (AuthorID, Name) VALUES (894, 'Constantin Vertan');
INSERT INTO Write (AuthorID, PaperID) VALUES (894, 622);
INSERT INTO Write (AuthorID, PaperID) VALUES (894, 2988);
INSERT INTO Write (AuthorID, PaperID) VALUES (894, 3125);
INSERT INTO Author (AuthorID, Name) VALUES (895, 'Martin Gleize');
INSERT INTO Write (AuthorID, PaperID) VALUES (895, 1637);
INSERT INTO Write (AuthorID, PaperID) VALUES (895, 1681);
INSERT INTO Write (AuthorID, PaperID) VALUES (895, 1988);
INSERT INTO Author (AuthorID, Name) VALUES (896, 'Xiaoguang Rui');
INSERT INTO Write (AuthorID, PaperID) VALUES (896, 71);
INSERT INTO Write (AuthorID, PaperID) VALUES (896, 1044);
INSERT INTO Paper (PaperID, Title, Year, MDate, Key, DOI) VALUES (1926, 'Feature Annotation for Visual Concept Detection in ImageCLEF 2008.', 2008, '2014-09-29', 'conf/clef/JiangRY08', 'http://ceur-ws.org/Vol-1174/CLEF2008wn-ImageCLEF-JiangEt2008.pdf');
INSERT INTO Write (AuthorID, PaperID) VALUES (896, 1926);
INSERT INTO Author (AuthorID, Name) VALUES (897, 'Messaoud Chaa');
INSERT INTO Write (AuthorID, PaperID) VALUES (897, 833);
INSERT INTO Paper (PaperID, Title, Year, MDate, Key, DOI) VALUES (2549, 'CERIST at INEX 2015: Social Book Search Track.', 2015, '2015-09-03', 'conf/clef/ChaaN15', 'http://ceur-ws.org/Vol-1391/18-CR.pdf');
INSERT INTO Write (AuthorID, PaperID) VALUES (897, 2549);
INSERT INTO Write (AuthorID, PaperID) VALUES (897, 2639);
INSERT INTO Author (AuthorID, Name) VALUES (898, 'Tebo Leburu-Dingalo');
INSERT INTO Write (AuthorID, PaperID) VALUES (898, 401);
INSERT INTO Write (AuthorID, PaperID) VALUES (898, 706);
INSERT INTO Write (AuthorID, PaperID) VALUES (898, 1177);
INSERT INTO Author (AuthorID, Name) VALUES (899, 'Xirong Li');
INSERT INTO Write (AuthorID, PaperID) VALUES (899, 269);
INSERT INTO Write (AuthorID, PaperID) VALUES (899, 279);
INSERT INTO Write (AuthorID, PaperID) VALUES (899, 3292);
INSERT INTO Author (AuthorID, Name) VALUES (900, 'Mitra Mohtarami');
INSERT INTO Write (AuthorID, PaperID) VALUES (900, 329);
INSERT INTO Write (AuthorID, PaperID) VALUES (900, 1909);
INSERT INTO Write (AuthorID, PaperID) VALUES (900, 3361);
INSERT INTO Author (AuthorID, Name) VALUES (901, 'Linda Andersson');
INSERT INTO Write (AuthorID, PaperID) VALUES (901, 882);
INSERT INTO Write (AuthorID, PaperID) VALUES (901, 1240);
INSERT INTO Write (AuthorID, PaperID) VALUES (901, 1402);
INSERT INTO Author (AuthorID, Name) VALUES (902, 'Maite Mart&iacute;n-Valdivia');
INSERT INTO Write (AuthorID, PaperID) VALUES (902, 671);
INSERT INTO Write (AuthorID, PaperID) VALUES (902, 2757);
INSERT INTO Write (AuthorID, PaperID) VALUES (902, 3206);
INSERT INTO Author (AuthorID, Name) VALUES (903, 'Diana Zaiu Inkpen');
INSERT INTO Write (AuthorID, PaperID) VALUES (903, 21);
INSERT INTO Write (AuthorID, PaperID) VALUES (903, 1921);
INSERT INTO Write (AuthorID, PaperID) VALUES (903, 2676);
INSERT INTO Author (AuthorID, Name) VALUES (904, 'Javi Fern&aacute;ndez');
INSERT INTO Write (AuthorID, PaperID) VALUES (904, 752);
INSERT INTO Write (AuthorID, PaperID) VALUES (904, 1206);
INSERT INTO Write (AuthorID, PaperID) VALUES (904, 1802);
INSERT INTO Author (AuthorID, Name) VALUES (905, 'Maddalen Lopez de Lacalle');
INSERT INTO Write (AuthorID, PaperID) VALUES (905, 820);
INSERT INTO Write (AuthorID, PaperID) VALUES (905, 2388);
INSERT INTO Write (AuthorID, PaperID) VALUES (905, 3475);
INSERT INTO Author (AuthorID, Name) VALUES (906, 'Marcelo Luis Errecalde');
INSERT INTO Write (AuthorID, PaperID) VALUES (906, 1102);
INSERT INTO Write (AuthorID, PaperID) VALUES (906, 1627);
INSERT INTO Write (AuthorID, PaperID) VALUES (906, 3513);
INSERT INTO Author (AuthorID, Name) VALUES (907, 'No&eacute;mie Elhadad');
INSERT INTO Write (AuthorID, PaperID) VALUES (907, 928);
INSERT INTO Write (AuthorID, PaperID) VALUES (907, 1126);
INSERT INTO Write (AuthorID, PaperID) VALUES (907, 1740);
INSERT INTO Author (AuthorID, Name) VALUES (908, 'James G. Mork');
INSERT INTO Write (AuthorID, PaperID) VALUES (908, 453);
INSERT INTO Write (AuthorID, PaperID) VALUES (908, 909);
INSERT INTO Write (AuthorID, PaperID) VALUES (908, 3413);
INSERT INTO Author (AuthorID, Name) VALUES (909, 'Nkwebi Peace Motlogelwa');
INSERT INTO Write (AuthorID, PaperID) VALUES (909, 401);
INSERT INTO Write (AuthorID, PaperID) VALUES (909, 706);
INSERT INTO Write (AuthorID, PaperID) VALUES (909, 1177);
INSERT INTO Author (AuthorID, Name) VALUES (910, 'Mathias Lux');
INSERT INTO Write (AuthorID, PaperID) VALUES (910, 249);
INSERT INTO Write (AuthorID, PaperID) VALUES (910, 383);
INSERT INTO Write (AuthorID, PaperID) VALUES (910, 2562);
INSERT INTO Author (AuthorID, Name) VALUES (911, 'Jaschar Domann');
INSERT INTO Write (AuthorID, PaperID) VALUES (911, 1334);
INSERT INTO Write (AuthorID, PaperID) VALUES (911, 2758);
INSERT INTO Write (AuthorID, PaperID) VALUES (911, 3272);
INSERT INTO Author (AuthorID, Name) VALUES (912, 'Quoc-Chinh Bui');
INSERT INTO Write (AuthorID, PaperID) VALUES (912, 672);
INSERT INTO Write (AuthorID, PaperID) VALUES (912, 1412);
INSERT INTO Write (AuthorID, PaperID) VALUES (912, 3034);
INSERT INTO Author (AuthorID, Name) VALUES (913, 'Marc Ritter');
INSERT INTO Write (AuthorID, PaperID) VALUES (913, 90);
INSERT INTO Write (AuthorID, PaperID) VALUES (913, 1838);
INSERT INTO Write (AuthorID, PaperID) VALUES (913, 2934);
INSERT INTO Author (AuthorID, Name) VALUES (914, 'Magdalena Jankowska');
INSERT INTO Write (AuthorID, PaperID) VALUES (914, 2039);
INSERT INTO Write (AuthorID, PaperID) VALUES (914, 2459);
INSERT INTO Write (AuthorID, PaperID) VALUES (914, 2825);
INSERT INTO Author (AuthorID, Name) VALUES (915, 'Roy Khristopher Bayot');
INSERT INTO Write (AuthorID, PaperID) VALUES (915, 968);
INSERT INTO Write (AuthorID, PaperID) VALUES (915, 1857);
INSERT INTO Write (AuthorID, PaperID) VALUES (915, 2074);
INSERT INTO Author (AuthorID, Name) VALUES (916, 'Hua Yang');
INSERT INTO Write (AuthorID, PaperID) VALUES (916, 413);
INSERT INTO Write (AuthorID, PaperID) VALUES (916, 2123);
INSERT INTO Write (AuthorID, PaperID) VALUES (916, 2354);
INSERT INTO Author (AuthorID, Name) VALUES (917, 'Carlos Rodr&iacute;guez-Lucatero');
INSERT INTO Write (AuthorID, PaperID) VALUES (917, 28);
INSERT INTO Write (AuthorID, PaperID) VALUES (917, 454);
INSERT INTO Write (AuthorID, PaperID) VALUES (917, 862);
INSERT INTO Author (AuthorID, Name) VALUES (918, 'Buzhou Tang');
INSERT INTO Paper (PaperID, Title, Year, MDate, Key, DOI) VALUES (347, 'Recognizing and Encoding Discorder Concepts in Clinical Text using Machine Learning and Vector Space Model.', 2013, '2018-03-08', 'conf/clef/TangWJDX13', 'http://ceur-ws.org/Vol-1179/CLEF2013wn-CLEFeHealth-TangEt2013.pdf');
INSERT INTO Write (AuthorID, PaperID) VALUES (918, 347);
INSERT INTO Paper (PaperID, Title, Year, MDate, Key, DOI) VALUES (1018, 'Clinical Acronym/Abbreviation Normalization using a Hybrid Approach.', 2013, '2018-03-08', 'conf/clef/WuTJMDX13', 'http://ceur-ws.org/Vol-1179/CLEF2013wn-CLEFeHealth-WuEt2013.pdf');
INSERT INTO Write (AuthorID, PaperID) VALUES (918, 1018);
INSERT INTO Paper (PaperID, Title, Year, MDate, Key, DOI) VALUES (2185, 'Evaluation of Vector Space Models for Medical Disorders Information Retrieval.', 2013, '2018-03-20', 'conf/clef/ZhangCJTX13', 'http://ceur-ws.org/Vol-1179/CLEF2013wn-CLEFeHealth-ZhangEt2013.pdf');
INSERT INTO Write (AuthorID, PaperID) VALUES (918, 2185);
INSERT INTO Author (AuthorID, Name) VALUES (919, 'Wulfrano Arturo Luna-Ram&iacute;rez');
INSERT INTO Write (AuthorID, PaperID) VALUES (919, 454);
INSERT INTO Write (AuthorID, PaperID) VALUES (919, 862);
INSERT INTO Write (AuthorID, PaperID) VALUES (919, 2257);
INSERT INTO Author (AuthorID, Name) VALUES (920, 'John Edison Arevalo Ovalle');
INSERT INTO Write (AuthorID, PaperID) VALUES (920, 100);
INSERT INTO Write (AuthorID, PaperID) VALUES (920, 129);
INSERT INTO Write (AuthorID, PaperID) VALUES (920, 3019);
INSERT INTO Author (AuthorID, Name) VALUES (921, 'Yang Loong Chang');
INSERT INTO Paper (PaperID, Title, Year, MDate, Key, DOI) VALUES (655, 'Plant Identification System based on a Convolutional Neural Network for the LifeClef 2016 Plant Classification Task.', 2016, '2016-08-11', 'conf/clef/LeeCCR16', 'http://ceur-ws.org/Vol-1609/16090502.pdf');
INSERT INTO Write (AuthorID, PaperID) VALUES (921, 655);
INSERT INTO Paper (PaperID, Title, Year, MDate, Key, DOI) VALUES (757, 'LifeClef 2017 Plant Identification Challenge: Classifying Plants using Generic-Organ Correlation Features.', 2017, '2017-08-15', 'conf/clef/LeeCC17', 'http://ceur-ws.org/Vol-1866/paper_162.pdf');
INSERT INTO Write (AuthorID, PaperID) VALUES (921, 757);
INSERT INTO Write (AuthorID, PaperID) VALUES (921, 2099);
INSERT INTO Author (AuthorID, Name) VALUES (922, 'Zubair Afzal');
INSERT INTO Write (AuthorID, PaperID) VALUES (922, 242);
INSERT INTO Write (AuthorID, PaperID) VALUES (922, 891);
INSERT INTO Write (AuthorID, PaperID) VALUES (922, 1454);
INSERT INTO Author (AuthorID, Name) VALUES (923, 'Giovanni Da San Martino');
INSERT INTO Write (AuthorID, PaperID) VALUES (923, 233);
INSERT INTO Write (AuthorID, PaperID) VALUES (923, 524);
INSERT INTO Write (AuthorID, PaperID) VALUES (923, 953);
INSERT INTO Author (AuthorID, Name) VALUES (924, 'Diane Lingrand');
INSERT INTO Paper (PaperID, Title, Year, MDate, Key, DOI) VALUES (1555, 'SIFT, BoW Architecture and one-against-all Support Vector Machine.', 2013, '2014-09-10', 'conf/clef/IssolahLP13', 'http://ceur-ws.org/Vol-1179/CLEF2013wn-ImageCLEF-IssolahEt2013.pdf');
INSERT INTO Write (AuthorID, PaperID) VALUES (924, 1555);
INSERT INTO Paper (PaperID, Title, Year, MDate, Key, DOI) VALUES (1638, 'Fish Species Recognition from Video using SVM Classifier.', 2014, '2014-09-10', 'conf/clef/BlancLP14', 'http://ceur-ws.org/Vol-1180/CLEF2014wn-Life-BlancEt2014.pdf');
INSERT INTO Write (AuthorID, PaperID) VALUES (924, 1638);
INSERT INTO Paper (PaperID, Title, Year, MDate, Key, DOI) VALUES (2963, 'Plant Species Recognition using Bag-Of-Word with SVM Classifier in the Context of the LifeCLEF Challenge.', 2014, '2014-09-10', 'conf/clef/IssolahLP14', 'http://ceur-ws.org/Vol-1180/CLEF2014wn-Life-IssolahEt2014.pdf');
INSERT INTO Write (AuthorID, PaperID) VALUES (924, 2963);
INSERT INTO Author (AuthorID, Name) VALUES (925, 'Eduardo Pinho');
INSERT INTO Paper (PaperID, Title, Year, MDate, Key, DOI) VALUES (2028, 'Feature Learning with Adversarial Networks for Concept Detection in Medical Images: UA.PT Bioinformatics at ImageCLEF 2018.', 2018, '2018-08-08', 'conf/clef/Pinho018', 'http://ceur-ws.org/Vol-2125/paper_139.pdf');
INSERT INTO Write (AuthorID, PaperID) VALUES (925, 2028);
INSERT INTO Paper (PaperID, Title, Year, MDate, Key, DOI) VALUES (2314, 'Towards Representation Learning for Biomedical Concept Detection in Medical Images: UA.PT Bioinformatics in ImageCLEF 2017.', 2017, '2017-08-15', 'conf/clef/PinhoSS017', 'http://ceur-ws.org/Vol-1866/paper_149.pdf');
INSERT INTO Write (AuthorID, PaperID) VALUES (925, 2314);
INSERT INTO Paper (PaperID, Title, Year, MDate, Key, DOI) VALUES (2855, '3D-CNN in Drug Resistance Detection and Tuberculosis Classification.', 2017, '2017-08-15', 'conf/clef/SilvaSP017', 'http://ceur-ws.org/Vol-1866/paper_151.pdf');
INSERT INTO Write (AuthorID, PaperID) VALUES (925, 2855);
INSERT INTO Author (AuthorID, Name) VALUES (926, 'Pavel Zezula');
INSERT INTO Paper (PaperID, Title, Year, MDate, Key, DOI) VALUES (1092, 'MUFIN at ImageCLEF 2011: Success or Failure?', 2011, '2014-09-24', 'conf/clef/BudikovaBZ11', 'http://www.clef-initiative.eu/documents/71612/86377/CLEF2011wn-ImageCLEF-BudikovaEt2011.pdf');
INSERT INTO Write (AuthorID, PaperID) VALUES (926, 1092);
INSERT INTO Paper (PaperID, Title, Year, MDate, Key, DOI) VALUES (2560, 'DISA at ImageCLEF 2014: The Search-based Solution for Scalable Image Annotation.', 2014, '2014-09-10', 'conf/clef/BudikovaBBZ14', 'http://ceur-ws.org/Vol-1180/CLEF2014wn-Image-BudikovaEt2014.pdf');
INSERT INTO Write (AuthorID, PaperID) VALUES (926, 2560);
INSERT INTO Paper (PaperID, Title, Year, MDate, Key, DOI) VALUES (2761, 'Search-Based Image Annotation: Extracting Semantics from Similar Images.', 2015, '2017-06-02', 'conf/clef/BudikovaBBZ15', 'https://doi.org/10.1007/978-3-319-24027-5_36');
INSERT INTO Write (AuthorID, PaperID) VALUES (926, 2761);
INSERT INTO Author (AuthorID, Name) VALUES (927, 'Alexandra Balahur');
INSERT INTO Write (AuthorID, PaperID) VALUES (927, 385);
INSERT INTO Write (AuthorID, PaperID) VALUES (927, 3073);
INSERT INTO Write (AuthorID, PaperID) VALUES (927, 3319);
INSERT INTO Author (AuthorID, Name) VALUES (928, 'Catherine Berrut');
INSERT INTO Write (AuthorID, PaperID) VALUES (928, 476);
INSERT INTO Write (AuthorID, PaperID) VALUES (928, 2964);
INSERT INTO Write (AuthorID, PaperID) VALUES (928, 3103);
INSERT INTO Author (AuthorID, Name) VALUES (929, 'Evgenia Vassilakaki');
INSERT INTO Write (AuthorID, PaperID) VALUES (929, 1309);
INSERT INTO Write (AuthorID, PaperID) VALUES (929, 2215);
INSERT INTO Write (AuthorID, PaperID) VALUES (929, 3187);
INSERT INTO Author (AuthorID, Name) VALUES (930, 'Marc Franco-Salvador');
INSERT INTO Write (AuthorID, PaperID) VALUES (930, 423);
INSERT INTO Write (AuthorID, PaperID) VALUES (930, 1847);
INSERT INTO Write (AuthorID, PaperID) VALUES (930, 2486);
INSERT INTO Author (AuthorID, Name) VALUES (931, 'Hagit Shatkay');
INSERT INTO Paper (PaperID, Title, Year, MDate, Key, DOI) VALUES (69, 'UDEL CIS Working Notes in ImageCLEF 2016.', 2016, '2018-09-06', 'conf/clef/LiSKJWKS16', 'http://ceur-ws.org/Vol-1609/16090334.pdf');
INSERT INTO Write (AuthorID, PaperID) VALUES (931, 69);
INSERT INTO Paper (PaperID, Title, Year, MDate, Key, DOI) VALUES (3069, 'Segmenting Compound Biomedical Figures into Their Constituent Panels.', 2017, '2017-08-31', 'conf/clef/LiJKS17', 'https://doi.org/10.1007/978-3-319-65813-1_20');
INSERT INTO Write (AuthorID, PaperID) VALUES (931, 3069);
INSERT INTO Paper (PaperID, Title, Year, MDate, Key, DOI) VALUES (3427, 'CIS UDEL Working Notes on ImageCLEF 2015: Compound Figure Detection Task.', 2015, '2018-09-06', 'conf/clef/WangJKSK15', 'http://ceur-ws.org/Vol-1391/65-CR.pdf');
INSERT INTO Write (AuthorID, PaperID) VALUES (931, 3427);
INSERT INTO Author (AuthorID, Name) VALUES (932, 'Hayit Greenspan');
INSERT INTO Write (AuthorID, PaperID) VALUES (932, 787);
INSERT INTO Write (AuthorID, PaperID) VALUES (932, 2603);
INSERT INTO Write (AuthorID, PaperID) VALUES (932, 2895);
INSERT INTO Author (AuthorID, Name) VALUES (933, 'Josef Steinberger');
INSERT INTO Paper (PaperID, Title, Year, MDate, Key, DOI) VALUES (1074, 'Using Parallel Corpora for Multilingual (Multi-document) Summarisation Evaluation.', 2010, '2017-06-02', 'conf/clef/TurchiSKS10', 'https://doi.org/10.1007/978-3-642-15998-5_7');
INSERT INTO Write (AuthorID, PaperID) VALUES (933, 1074);
INSERT INTO Write (AuthorID, PaperID) VALUES (933, 1372);
INSERT INTO Write (AuthorID, PaperID) VALUES (933, 1452);
INSERT INTO Author (AuthorID, Name) VALUES (934, 'Chlo&eacute; Cabot');
INSERT INTO Write (AuthorID, PaperID) VALUES (934, 400);
INSERT INTO Write (AuthorID, PaperID) VALUES (934, 602);
INSERT INTO Write (AuthorID, PaperID) VALUES (934, 1478);
INSERT INTO Author (AuthorID, Name) VALUES (935, 'Valentin Zhikov');
INSERT INTO Write (AuthorID, PaperID) VALUES (935, 1773);
INSERT INTO Write (AuthorID, PaperID) VALUES (935, 2998);
INSERT INTO Write (AuthorID, PaperID) VALUES (935, 3117);
INSERT INTO Author (AuthorID, Name) VALUES (936, 'Vincent Andrearczyk');
INSERT INTO Write (AuthorID, PaperID) VALUES (936, 383);
INSERT INTO Write (AuthorID, PaperID) VALUES (936, 557);
INSERT INTO Write (AuthorID, PaperID) VALUES (936, 2327);
INSERT INTO Author (AuthorID, Name) VALUES (937, 'David Milward');
INSERT INTO Write (AuthorID, PaperID) VALUES (937, 672);
INSERT INTO Write (AuthorID, PaperID) VALUES (937, 1412);
INSERT INTO Write (AuthorID, PaperID) VALUES (937, 2449);
INSERT INTO Author (AuthorID, Name) VALUES (938, 'Yaohai Huang');
INSERT INTO Paper (PaperID, Title, Year, MDate, Key, DOI) VALUES (1486, 'Combining MetaMap and cTAKES in Disorder Recognition: THCIB at CLEF eHealth Lab 2013 Task 1.', 2013, '2014-09-10', 'conf/clef/XiaZLTNHH13', 'http://ceur-ws.org/Vol-1179/CLEF2013wn-CLEFeHealth-XiaEt2013.pdf');
INSERT INTO Write (AuthorID, PaperID) VALUES (938, 1486);
INSERT INTO Paper (PaperID, Title, Year, MDate, Key, DOI) VALUES (1793, 'Normalization of Abbreviations/Acronyms: THCIB at CLEF eHealth 2013 Task 2.', 2013, '2014-09-10', 'conf/clef/XiaZLTNHH13a', 'http://ceur-ws.org/Vol-1179/CLEF2013wn-CLEFeHealth-XiaEt2013b.pdf');
INSERT INTO Write (AuthorID, PaperID) VALUES (938, 1793);
INSERT INTO Paper (PaperID, Title, Year, MDate, Key, DOI) VALUES (1903, 'Concept-based Medical Document Retrieval: THCIB at CLEF eHealth Lab 2013 Task 3.', 2013, '2014-09-10', 'conf/clef/ZhongXXNHH13', 'http://ceur-ws.org/Vol-1179/CLEF2013wn-CLEFeHealth-ZhongEt2013.pdf');
INSERT INTO Write (AuthorID, PaperID) VALUES (938, 1903);
INSERT INTO Author (AuthorID, Name) VALUES (939, 'Parvaz Mahdabi');
INSERT INTO Write (AuthorID, PaperID) VALUES (939, 1240);
INSERT INTO Write (AuthorID, PaperID) VALUES (939, 1402);
INSERT INTO Write (AuthorID, PaperID) VALUES (939, 1571);
INSERT INTO Author (AuthorID, Name) VALUES (940, 'Manos Laliotis');
INSERT INTO Write (AuthorID, PaperID) VALUES (940, 380);
INSERT INTO Write (AuthorID, PaperID) VALUES (940, 745);
INSERT INTO Write (AuthorID, PaperID) VALUES (940, 2822);
INSERT INTO Author (AuthorID, Name) VALUES (941, 'Dan Li');
INSERT INTO Write (AuthorID, PaperID) VALUES (941, 439);
INSERT INTO Write (AuthorID, PaperID) VALUES (941, 531);
INSERT INTO Write (AuthorID, PaperID) VALUES (941, 3468);
INSERT INTO Author (AuthorID, Name) VALUES (942, 'Melanie Imhof');
INSERT INTO Paper (PaperID, Title, Year, MDate, Key, DOI) VALUES (1665, 'BM25 for Non-Textual Modalities in Social Book Search.', 2016, '2016-08-11', 'conf/clef/Imhof16', 'http://ceur-ws.org/Vol-1609/16091123.pdf');
INSERT INTO Write (AuthorID, PaperID) VALUES (942, 1665);
INSERT INTO Write (AuthorID, PaperID) VALUES (942, 1778);
INSERT INTO Write (AuthorID, PaperID) VALUES (942, 3197);
INSERT INTO Author (AuthorID, Name) VALUES (943, 'Didier Coquin');
INSERT INTO Paper (PaperID, Title, Year, MDate, Key, DOI) VALUES (1534, 'Guiding Active Contours for Tree Leaf Segmentation and Identification.', 2011, '2014-09-24', 'conf/clef/CeruttiTMVC11', 'http://www.clef-initiative.eu/documents/71612/86377/CLEF2011wn-ImageCLEF-CeruttiEt2011.pdf');
INSERT INTO Write (AuthorID, PaperID) VALUES (943, 1534);
INSERT INTO Paper (PaperID, Title, Year, MDate, Key, DOI) VALUES (2024, 'ReVeS Participation - Tree Species Classification Using Random Forests and Botanical Features.', 2012, '2014-09-24', 'conf/clef/CeruttiATMVCV12', 'http://www.clef-initiative.eu/documents/71612/3476c901-f89f-4cac-b04e-3c80f9fa0a05');
INSERT INTO Write (AuthorID, PaperID) VALUES (943, 2024);
INSERT INTO Paper (PaperID, Title, Year, MDate, Key, DOI) VALUES (3262, 'Late Information Fusion for Multi-modality Plant Species Identification.', 2013, '2014-09-10', 'conf/clef/CeruttiTSJMCV13', 'http://ceur-ws.org/Vol-1179/CLEF2013wn-ImageCLEF-CeruttiEt2013.pdf');
INSERT INTO Write (AuthorID, PaperID) VALUES (943, 3262);
INSERT INTO Author (AuthorID, Name) VALUES (944, 'Johannes Hellrich');
INSERT INTO Write (AuthorID, PaperID) VALUES (944, 672);
INSERT INTO Write (AuthorID, PaperID) VALUES (944, 1412);
INSERT INTO Paper (PaperID, Title, Year, MDate, Key, DOI) VALUES (3357, 'The JULIE LAB MANTRA System for the CLEF-ER 2013 Challenge.', 2013, '2014-09-10', 'conf/clef/HellrichH13', 'http://ceur-ws.org/Vol-1179/CLEF2013wn-CLEFER-HellrichEt2013.pdf');
INSERT INTO Write (AuthorID, PaperID) VALUES (944, 3357);
INSERT INTO Author (AuthorID, Name) VALUES (945, 'Pavel Ceska');
INSERT INTO Write (AuthorID, PaperID) VALUES (945, 373);
INSERT INTO Write (AuthorID, PaperID) VALUES (945, 1222);
INSERT INTO Write (AuthorID, PaperID) VALUES (945, 2774);
INSERT INTO Author (AuthorID, Name) VALUES (946, 'Rich&aacute;rd Farkas');
INSERT INTO Paper (PaperID, Title, Year, MDate, Key, DOI) VALUES (982, 'Filtering and Polarity Detection for Reputation Management on Tweets.', 2013, '2014-09-10', 'conf/clef/HangyaF13', 'http://ceur-ws.org/Vol-1179/CLEF2013wn-RepLab-HangyaEt2013.pdf');
INSERT INTO Write (AuthorID, PaperID) VALUES (946, 982);
INSERT INTO Paper (PaperID, Title, Year, MDate, Key, DOI) VALUES (1130, 'Novel Balanced Feature Representation for Wikipedia Vandalism Detection Task - Lab Report for PAN at CLEF 2010.', 2010, '2014-09-24', 'conf/clef/HegedusOFJ10', 'http://www.clef-initiative.eu/documents/71612/86374/CLEF2010wn-PAN-HegedusEt2010.pdf');
INSERT INTO Write (AuthorID, PaperID) VALUES (946, 1130);
INSERT INTO Paper (PaperID, Title, Year, MDate, Key, DOI) VALUES (1397, 'Person Attribute Extraction from the Textual Parts of Web Pages.', 2010, '2014-09-24', 'conf/clef/NagyF10', 'http://www.clef-initiative.eu/documents/71612/86374/CLEF2010wn-WePS-NagyEt2010.pdf');
INSERT INTO Write (AuthorID, PaperID) VALUES (946, 1397);
INSERT INTO Author (AuthorID, Name) VALUES (947, 'Ralf Schenkel');
INSERT INTO Write (AuthorID, PaperID) VALUES (947, 378);
INSERT INTO Write (AuthorID, PaperID) VALUES (947, 1034);
INSERT INTO Write (AuthorID, PaperID) VALUES (947, 2460);
INSERT INTO Author (AuthorID, Name) VALUES (948, 'Omar Nouali');
INSERT INTO Write (AuthorID, PaperID) VALUES (948, 833);
INSERT INTO Write (AuthorID, PaperID) VALUES (948, 2549);
INSERT INTO Write (AuthorID, PaperID) VALUES (948, 2639);
INSERT INTO Author (AuthorID, Name) VALUES (949, 'Hosein Azarbonyad');
INSERT INTO Write (AuthorID, PaperID) VALUES (949, 91);
INSERT INTO Write (AuthorID, PaperID) VALUES (949, 154);
INSERT INTO Write (AuthorID, PaperID) VALUES (949, 1470);
INSERT INTO Author (AuthorID, Name) VALUES (950, 'Carlos Costa 0001');
INSERT INTO Write (AuthorID, PaperID) VALUES (950, 2028);
INSERT INTO Write (AuthorID, PaperID) VALUES (950, 2314);
INSERT INTO Write (AuthorID, PaperID) VALUES (950, 2855);
INSERT INTO Author (AuthorID, Name) VALUES (951, 'Seifeddine Mechti');
INSERT INTO Write (AuthorID, PaperID) VALUES (951, 6);
INSERT INTO Write (AuthorID, PaperID) VALUES (951, 1377);
INSERT INTO Write (AuthorID, PaperID) VALUES (951, 2374);
INSERT INTO Author (AuthorID, Name) VALUES (952, 'Emanuele Di Buccio');
INSERT INTO Write (AuthorID, PaperID) VALUES (952, 1138);
INSERT INTO Write (AuthorID, PaperID) VALUES (952, 1194);
INSERT INTO Write (AuthorID, PaperID) VALUES (952, 1687);
INSERT INTO Author (AuthorID, Name) VALUES (953, 'Maher Jaoua');
INSERT INTO Write (AuthorID, PaperID) VALUES (953, 6);
INSERT INTO Write (AuthorID, PaperID) VALUES (953, 1377);
INSERT INTO Write (AuthorID, PaperID) VALUES (953, 2374);
INSERT INTO Author (AuthorID, Name) VALUES (954, 'Thierry Pun');
INSERT INTO Paper (PaperID, Title, Year, MDate, Key, DOI) VALUES (428, 'Identification of Narrative Peaks in Clips: Text Features Perform Best.', 2009, '2014-09-29', 'conf/clef/KierkelsSP09b', 'http://ceur-ws.org/Vol-1175/CLEF2009wn-INFILE-kierkelsEt2009.pdf');
INSERT INTO Write (AuthorID, PaperID) VALUES (954, 428);
INSERT INTO Paper (PaperID, Title, Year, MDate, Key, DOI) VALUES (654, 'Identification of Narrative Peaks in Clips: Text Features Perform Best.', 2009, '2014-09-29', 'conf/clef/KierkelsSP09a', 'http://ceur-ws.org/Vol-1175/CLEF2009wn-VideoCLEF-KierkelsEt2009.pdf');
INSERT INTO Write (AuthorID, PaperID) VALUES (954, 654);
INSERT INTO Paper (PaperID, Title, Year, MDate, Key, DOI) VALUES (3346, 'Identification of Narrative Peaks in Video Clips: Text Features Perform Best.', 2009, '2017-05-24', 'conf/clef/KierkelsSP09', 'https://doi.org/10.1007/978-3-642-15751-6_51');
INSERT INTO Write (AuthorID, PaperID) VALUES (954, 3346);
INSERT INTO Author (AuthorID, Name) VALUES (955, 'Gabriel Illouz');
INSERT INTO Write (AuthorID, PaperID) VALUES (955, 601);
INSERT INTO Write (AuthorID, PaperID) VALUES (955, 1940);
INSERT INTO Write (AuthorID, PaperID) VALUES (955, 1988);
INSERT INTO Author (AuthorID, Name) VALUES (956, 'Qinan Hu');
INSERT INTO Write (AuthorID, PaperID) VALUES (956, 1486);
INSERT INTO Write (AuthorID, PaperID) VALUES (956, 1793);
INSERT INTO Write (AuthorID, PaperID) VALUES (956, 1903);
INSERT INTO Author (AuthorID, Name) VALUES (957, 'Sue Han Lee');
INSERT INTO Write (AuthorID, PaperID) VALUES (957, 655);
INSERT INTO Write (AuthorID, PaperID) VALUES (957, 757);
INSERT INTO Write (AuthorID, PaperID) VALUES (957, 2099);
INSERT INTO Author (AuthorID, Name) VALUES (958, 'Heidy Marisol Mar&iacute;n Castro');
INSERT INTO Write (AuthorID, PaperID) VALUES (958, 71);
INSERT INTO Write (AuthorID, PaperID) VALUES (958, 1044);
INSERT INTO Write (AuthorID, PaperID) VALUES (958, 2759);
INSERT INTO Author (AuthorID, Name) VALUES (959, 'Motoaki Kawanabe');
INSERT INTO Write (AuthorID, PaperID) VALUES (959, 502);
INSERT INTO Write (AuthorID, PaperID) VALUES (959, 1371);
INSERT INTO Write (AuthorID, PaperID) VALUES (959, 2145);
INSERT INTO Author (AuthorID, Name) VALUES (960, 'Masoud Rahgozar');
INSERT INTO Write (AuthorID, PaperID) VALUES (960, 523);
INSERT INTO Write (AuthorID, PaperID) VALUES (960, 1021);
INSERT INTO Write (AuthorID, PaperID) VALUES (960, 1523);
INSERT INTO Author (AuthorID, Name) VALUES (961, 'Anne Diekema');
INSERT INTO Write (AuthorID, PaperID) VALUES (961, 2373);
INSERT INTO Paper (PaperID, Title, Year, MDate, Key, DOI) VALUES (2526, 'Cross-Language Information Retrieval Using Dutch Query Translation.', 2000, '2017-05-24', 'conf/clef/DiekemaH00', 'https://doi.org/10.1007/3-540-44645-1_22');
INSERT INTO Write (AuthorID, PaperID) VALUES (961, 2526);
INSERT INTO Write (AuthorID, PaperID) VALUES (961, 2626);
INSERT INTO Author (AuthorID, Name) VALUES (962, 'Guillaume Jacquet');
INSERT INTO Write (AuthorID, PaperID) VALUES (962, 488);
INSERT INTO Write (AuthorID, PaperID) VALUES (962, 818);
INSERT INTO Write (AuthorID, PaperID) VALUES (962, 2424);
INSERT INTO Author (AuthorID, Name) VALUES (963, 'Lee M. Christensen');
INSERT INTO Write (AuthorID, PaperID) VALUES (963, 928);
INSERT INTO Write (AuthorID, PaperID) VALUES (963, 1126);
INSERT INTO Write (AuthorID, PaperID) VALUES (963, 1740);
INSERT INTO Author (AuthorID, Name) VALUES (964, 'Andreas Eiselt');
INSERT INTO Write (AuthorID, PaperID) VALUES (964, 532);
INSERT INTO Write (AuthorID, PaperID) VALUES (964, 1137);
INSERT INTO Paper (PaperID, Title, Year, MDate, Key, DOI) VALUES (2297, 'Innovandio S.A. at CLEF-IP 2013.', 2013, '2014-09-10', 'conf/clef/EiseltO13', 'http://ceur-ws.org/Vol-1179/CLEF2013wn-CLEFIP-EiseltEt2013.pdf');
INSERT INTO Write (AuthorID, PaperID) VALUES (964, 2297);
INSERT INTO Author (AuthorID, Name) VALUES (965, 'Mariana L. Neves');
INSERT INTO Paper (PaperID, Title, Year, MDate, Key, DOI) VALUES (427, 'HPI in-memory-based Database System in Task 2b of BioASQ.', 2014, '2015-01-08', 'conf/clef/Neves14', 'http://ceur-ws.org/Vol-1180/CLEF2014wn-QA-Neves2014.pdf');
INSERT INTO Write (AuthorID, PaperID) VALUES (965, 427);
INSERT INTO Paper (PaperID, Title, Year, MDate, Key, DOI) VALUES (2136, 'HPI Question Answering System in the BioASQ 2015 Challenge.', 2015, '2016-08-05', 'conf/clef/Neves15', 'http://ceur-ws.org/Vol-1391/59-CR.pdf');
INSERT INTO Write (AuthorID, PaperID) VALUES (965, 2136);
INSERT INTO Paper (PaperID, Title, Year, MDate, Key, DOI) VALUES (2571, 'Applying In-Memory Technology for Automatic Template Filling in the Clinical Domain.', 2014, '2015-01-08', 'conf/clef/HerbstFNS14', 'http://ceur-ws.org/Vol-1180/CLEF2014wn-eHealth-HerbstEt2014.pdf');
INSERT INTO Write (AuthorID, PaperID) VALUES (965, 2571);
INSERT INTO Author (AuthorID, Name) VALUES (966, 'Spas Kyuchukov');
INSERT INTO Write (AuthorID, PaperID) VALUES (966, 233);
INSERT INTO Write (AuthorID, PaperID) VALUES (966, 524);
INSERT INTO Write (AuthorID, PaperID) VALUES (966, 953);
INSERT INTO Author (AuthorID, Name) VALUES (967, 'Saso Dzeroski');
INSERT INTO Write (AuthorID, PaperID) VALUES (967, 1211);
INSERT INTO Write (AuthorID, PaperID) VALUES (967, 2029);
INSERT INTO Write (AuthorID, PaperID) VALUES (967, 2126);
INSERT INTO Author (AuthorID, Name) VALUES (968, 'Suraj Maharjan');
INSERT INTO Write (AuthorID, PaperID) VALUES (968, 858);
INSERT INTO Write (AuthorID, PaperID) VALUES (968, 1715);
INSERT INTO Write (AuthorID, PaperID) VALUES (968, 3473);
INSERT INTO Author (AuthorID, Name) VALUES (969, 'Pepa Atanasova');
INSERT INTO Write (AuthorID, PaperID) VALUES (969, 233);
INSERT INTO Write (AuthorID, PaperID) VALUES (969, 524);
INSERT INTO Write (AuthorID, PaperID) VALUES (969, 953);
INSERT INTO Author (AuthorID, Name) VALUES (970, 'Lamjed Ben Jabeur');
INSERT INTO Write (AuthorID, PaperID) VALUES (970, 228);
INSERT INTO Write (AuthorID, PaperID) VALUES (970, 1933);
INSERT INTO Write (AuthorID, PaperID) VALUES (970, 2945);
INSERT INTO Author (AuthorID, Name) VALUES (971, 'Xiangying Jiang');
INSERT INTO Write (AuthorID, PaperID) VALUES (971, 69);
INSERT INTO Write (AuthorID, PaperID) VALUES (971, 3069);
INSERT INTO Write (AuthorID, PaperID) VALUES (971, 3427);
INSERT INTO Author (AuthorID, Name) VALUES (972, 'Maria Simi');
INSERT INTO Paper (PaperID, Title, Year, MDate, Key, DOI) VALUES (1141, 'Index Expansion for Machine Reading and Question Answering.', 2012, '2014-09-24', 'conf/clef/AttardiAS12', 'http://www.clef-initiative.eu/documents/71612/f12b5bf7-43a3-4ee2-a51c-c54c37e2353a');
INSERT INTO Write (AuthorID, PaperID) VALUES (972, 1141);
INSERT INTO Paper (PaperID, Title, Year, MDate, Key, DOI) VALUES (2174, 'QA at ILC-UniPI: Description of the Prototype.', 2004, '2014-08-15', 'conf/clef/BertagnaCS04', 'http://ceur-ws.org/Vol-1170/CLEF2004wn-QACLEF-BertagnaEt2004.pdf');
INSERT INTO Write (AuthorID, PaperID) VALUES (972, 2174);
INSERT INTO Paper (PaperID, Title, Year, MDate, Key, DOI) VALUES (2585, 'ILC-UniPI Italian QA.', 2004, '2017-05-24', 'conf/clef/BertagnaCS05', 'https://doi.org/10.1007/11519645_56');
INSERT INTO Write (AuthorID, PaperID) VALUES (972, 2585);
INSERT INTO Author (AuthorID, Name) VALUES (973, 'Daniel Barth&eacute;l&eacute;my');
INSERT INTO Write (AuthorID, PaperID) VALUES (973, 837);
INSERT INTO Write (AuthorID, PaperID) VALUES (973, 2015);
INSERT INTO Write (AuthorID, PaperID) VALUES (973, 3072);
INSERT INTO Author (AuthorID, Name) VALUES (974, 'Yun He');
INSERT INTO Write (AuthorID, PaperID) VALUES (974, 608);
INSERT INTO Write (AuthorID, PaperID) VALUES (974, 2100);
INSERT INTO Write (AuthorID, PaperID) VALUES (974, 2984);
INSERT INTO Author (AuthorID, Name) VALUES (975, 'Antoine Vacavant');
INSERT INTO Write (AuthorID, PaperID) VALUES (975, 1534);
INSERT INTO Write (AuthorID, PaperID) VALUES (975, 2024);
INSERT INTO Write (AuthorID, PaperID) VALUES (975, 3262);
INSERT INTO Author (AuthorID, Name) VALUES (976, 'Christian Lovis');
INSERT INTO Write (AuthorID, PaperID) VALUES (976, 2002);
INSERT INTO Write (AuthorID, PaperID) VALUES (976, 3120);
INSERT INTO Write (AuthorID, PaperID) VALUES (976, 3333);
INSERT INTO Author (AuthorID, Name) VALUES (977, 'Ningning Liu');
INSERT INTO Paper (PaperID, Title, Year, MDate, Key, DOI) VALUES (354, 'BUAA-iCC at ImageCLEF 2015 Scalable Concept Image Annotation Challenge.', 2015, '2015-09-03', 'conf/clef/WangCLZ15', 'http://ceur-ws.org/Vol-1391/120-CR.pdf');
INSERT INTO Write (AuthorID, PaperID) VALUES (977, 354);
INSERT INTO Write (AuthorID, PaperID) VALUES (977, 702);
INSERT INTO Write (AuthorID, PaperID) VALUES (977, 1252);
INSERT INTO Author (AuthorID, Name) VALUES (978, 'Ana&iuml;s Ollagnier');
INSERT INTO Write (AuthorID, PaperID) VALUES (978, 105);
INSERT INTO Write (AuthorID, PaperID) VALUES (978, 1209);
INSERT INTO Write (AuthorID, PaperID) VALUES (978, 2450);
INSERT INTO Author (AuthorID, Name) VALUES (979, 'Andr&eacute;a Carneiro Linhares');
INSERT INTO Paper (PaperID, Title, Year, MDate, Key, DOI) VALUES (162, 'An Automatic Greedy Summarization System at INEX 2013 Tweet Contextualization Track.', 2013, '2014-09-10', 'conf/clef/Linhares13', 'http://ceur-ws.org/Vol-1179/CLEF2013wn-INEX-CarneiroLinhares2013.pdf');
INSERT INTO Write (AuthorID, PaperID) VALUES (979, 162);
INSERT INTO Write (AuthorID, PaperID) VALUES (979, 2751);
INSERT INTO Write (AuthorID, PaperID) VALUES (979, 3511);
INSERT INTO Author (AuthorID, Name) VALUES (980, 'Liviu-Daniel Stefan');
INSERT INTO Write (AuthorID, PaperID) VALUES (980, 1166);
INSERT INTO Write (AuthorID, PaperID) VALUES (980, 1614);
INSERT INTO Write (AuthorID, PaperID) VALUES (980, 1905);
INSERT INTO Author (AuthorID, Name) VALUES (981, 'Joep J. M. Kierkels');
INSERT INTO Write (AuthorID, PaperID) VALUES (981, 428);
INSERT INTO Write (AuthorID, PaperID) VALUES (981, 654);
INSERT INTO Write (AuthorID, PaperID) VALUES (981, 3346);
INSERT INTO Author (AuthorID, Name) VALUES (982, 'Luis Pellegrin');
INSERT INTO Write (AuthorID, PaperID) VALUES (982, 129);
INSERT INTO Write (AuthorID, PaperID) VALUES (982, 3019);
INSERT INTO Write (AuthorID, PaperID) VALUES (982, 3414);
INSERT INTO Author (AuthorID, Name) VALUES (983, 'Mohammad Soleymani');
INSERT INTO Write (AuthorID, PaperID) VALUES (983, 428);
INSERT INTO Write (AuthorID, PaperID) VALUES (983, 654);
INSERT INTO Write (AuthorID, PaperID) VALUES (983, 3346);
INSERT INTO Author (AuthorID, Name) VALUES (984, 'Caglar Tirkaz');
INSERT INTO Write (AuthorID, PaperID) VALUES (984, 1041);
INSERT INTO Write (AuthorID, PaperID) VALUES (984, 2210);
INSERT INTO Write (AuthorID, PaperID) VALUES (984, 2978);
INSERT INTO Author (AuthorID, Name) VALUES (985, 'Llu&iacute;s M&agrave;rquez');
INSERT INTO Write (AuthorID, PaperID) VALUES (985, 233);
INSERT INTO Write (AuthorID, PaperID) VALUES (985, 524);
INSERT INTO Write (AuthorID, PaperID) VALUES (985, 953);
INSERT INTO Author (AuthorID, Name) VALUES (986, 'Guillaume Cerutti');
INSERT INTO Write (AuthorID, PaperID) VALUES (986, 1534);
INSERT INTO Write (AuthorID, PaperID) VALUES (986, 2024);
INSERT INTO Write (AuthorID, PaperID) VALUES (986, 3262);
INSERT INTO Author (AuthorID, Name) VALUES (987, 'Sanmitra Bhattacharya');
INSERT INTO Paper (PaperID, Title, Year, MDate, Key, DOI) VALUES (2078, 'The University of Iowa at CLEF 2014: eHealth Task 3.', 2014, '2014-09-10', 'conf/clef/YangBS14', 'http://ceur-ws.org/Vol-1180/CLEF2014wn-eHealth-YangEt2014.pdf');
INSERT INTO Write (AuthorID, PaperID) VALUES (987, 2078);
INSERT INTO Paper (PaperID, Title, Year, MDate, Key, DOI) VALUES (2309, 'Question Answering for Alzheimer Disease Using Information Retrieval.', 2012, '2014-09-24', 'conf/clef/BhattacharyaT12', 'http://www.clef-initiative.eu/documents/71612/c1c82df0-f1cd-453e-9a08-8740becd04a3');
INSERT INTO Write (AuthorID, PaperID) VALUES (987, 2309);
INSERT INTO Paper (PaperID, Title, Year, MDate, Key, DOI) VALUES (2660, 'Lexical and Machine Learning Approaches Toward Online Reputation Management.', 2012, '2014-09-24', 'conf/clef/YangBS12', 'http://www.clef-initiative.eu/documents/71612/4e6eb41a-fdc2-42d2-9fbd-357d81bfb19f');
INSERT INTO Write (AuthorID, PaperID) VALUES (987, 2660);
INSERT INTO Author (AuthorID, Name) VALUES (988, 'Ali Hosseinzadeh Vahid');
INSERT INTO Write (AuthorID, PaperID) VALUES (988, 800);
INSERT INTO Write (AuthorID, PaperID) VALUES (988, 2172);
INSERT INTO Write (AuthorID, PaperID) VALUES (988, 3436);
INSERT INTO Author (AuthorID, Name) VALUES (989, 'Verginica Barbu Mititelu');
INSERT INTO Write (AuthorID, PaperID) VALUES (989, 445);
INSERT INTO Write (AuthorID, PaperID) VALUES (989, 1020);
INSERT INTO Write (AuthorID, PaperID) VALUES (989, 2845);
INSERT INTO Author (AuthorID, Name) VALUES (990, 'Baptiste Chardon');
INSERT INTO Write (AuthorID, PaperID) VALUES (990, 465);
INSERT INTO Write (AuthorID, PaperID) VALUES (990, 2731);
INSERT INTO Write (AuthorID, PaperID) VALUES (990, 3184);
INSERT INTO Author (AuthorID, Name) VALUES (991, 'Malek Hajjem');
INSERT INTO Write (AuthorID, PaperID) VALUES (991, 84);
INSERT INTO Write (AuthorID, PaperID) VALUES (991, 1975);
INSERT INTO Write (AuthorID, PaperID) VALUES (991, 2738);
INSERT INTO Author (AuthorID, Name) VALUES (992, 'Fr&eacute;d&eacute;ric Precioso');
INSERT INTO Write (AuthorID, PaperID) VALUES (992, 1555);
INSERT INTO Write (AuthorID, PaperID) VALUES (992, 1638);
INSERT INTO Write (AuthorID, PaperID) VALUES (992, 2963);
INSERT INTO Author (AuthorID, Name) VALUES (993, 'Yong Han');
INSERT INTO Write (AuthorID, PaperID) VALUES (993, 1109);
INSERT INTO Write (AuthorID, PaperID) VALUES (993, 1918);
INSERT INTO Write (AuthorID, PaperID) VALUES (993, 2514);
INSERT INTO Author (AuthorID, Name) VALUES (994, 'Fabio Rinaldi 0001');
INSERT INTO Write (AuthorID, PaperID) VALUES (994, 672);
INSERT INTO Write (AuthorID, PaperID) VALUES (994, 1412);
INSERT INTO Write (AuthorID, PaperID) VALUES (994, 2906);
INSERT INTO Author (AuthorID, Name) VALUES (995, 'Jorge S&aacute;nchez');
INSERT INTO Paper (PaperID, Title, Year, MDate, Key, DOI) VALUES (167, 'Leveraging Robust Signatures for Mobile Robot Semantic Localization.', 2012, '2014-09-24', 'conf/clef/RedolfiS12', 'http://www.clef-initiative.eu/documents/71612/3a0661d9-78f0-4eb1-8a96-19d898f40fb3');
INSERT INTO Write (AuthorID, PaperID) VALUES (995, 167);
INSERT INTO Write (AuthorID, PaperID) VALUES (995, 2424);
INSERT INTO Write (AuthorID, PaperID) VALUES (995, 3063);
INSERT INTO Author (AuthorID, Name) VALUES (996, 'Vlado Keselj');
INSERT INTO Write (AuthorID, PaperID) VALUES (996, 2039);
INSERT INTO Write (AuthorID, PaperID) VALUES (996, 2459);
INSERT INTO Write (AuthorID, PaperID) VALUES (996, 2825);
INSERT INTO Author (AuthorID, Name) VALUES (997, 'Mario Zechner');
INSERT INTO Write (AuthorID, PaperID) VALUES (997, 1668);
INSERT INTO Write (AuthorID, PaperID) VALUES (997, 3021);
INSERT INTO Write (AuthorID, PaperID) VALUES (997, 3371);
INSERT INTO Author (AuthorID, Name) VALUES (998, 'Chee Seng Chan');
INSERT INTO Write (AuthorID, PaperID) VALUES (998, 655);
INSERT INTO Write (AuthorID, PaperID) VALUES (998, 757);
INSERT INTO Write (AuthorID, PaperID) VALUES (998, 2099);
INSERT INTO Author (AuthorID, Name) VALUES (999, 'Ghada Feki');
INSERT INTO Write (AuthorID, PaperID) VALUES (999, 1510);
INSERT INTO Write (AuthorID, PaperID) VALUES (999, 3176);
INSERT INTO Write (AuthorID, PaperID) VALUES (999, 3313);
INSERT INTO Author (AuthorID, Name) VALUES (1000, 'Matthew Trappett');
INSERT INTO Write (AuthorID, PaperID) VALUES (1000, 378);
INSERT INTO Write (AuthorID, PaperID) VALUES (1000, 1324);
INSERT INTO Write (AuthorID, PaperID) VALUES (1000, 2709);
INSERT INTO Author (AuthorID, Name) VALUES (1001, 'Milan Sulc');
INSERT INTO Paper (PaperID, Title, Year, MDate, Key, DOI) VALUES (1204, 'Plant Recognition by Inception Networks with Test-time Class Prior Estimation.', 2018, '2018-08-08', 'conf/clef/SulcPM18', 'http://ceur-ws.org/Vol-2125/paper_152.pdf');
INSERT INTO Write (AuthorID, PaperID) VALUES (1001, 1204);
INSERT INTO Paper (PaperID, Title, Year, MDate, Key, DOI) VALUES (2362, 'Very Deep Residual Networks with MaxOut for Plant Identification in the Wild.', 2016, '2016-08-11', 'conf/clef/SulcMM16', 'http://ceur-ws.org/Vol-1609/16090579.pdf');
INSERT INTO Write (AuthorID, PaperID) VALUES (1001, 2362);
INSERT INTO Paper (PaperID, Title, Year, MDate, Key, DOI) VALUES (3223, 'Learning with Noisy and Trusted Labels for Fine-Grained Plant Recognition.', 2017, '2017-08-15', 'conf/clef/SulcM17', 'http://ceur-ws.org/Vol-1866/paper_167.pdf');
INSERT INTO Write (AuthorID, PaperID) VALUES (1001, 3223);
INSERT INTO Author (AuthorID, Name) VALUES (1002, 'Jamal Ahmad Khan');
INSERT INTO Paper (PaperID, Title, Year, MDate, Key, DOI) VALUES (556, 'Style Breach Detection: An Unsupervised Detection Model.', 2017, '2017-08-15', 'conf/clef/Khan17a', 'http://ceur-ws.org/Vol-1866/paper_106.pdf');
INSERT INTO Write (AuthorID, PaperID) VALUES (1002, 556);
INSERT INTO Paper (PaperID, Title, Year, MDate, Key, DOI) VALUES (1185, 'A Model for Style Breach Detection at a Glance: Notebook for PAN at CLEF 2018.', 2018, '2018-08-08', 'conf/clef/Khan18', 'http://ceur-ws.org/Vol-2125/paper_170.pdf');
INSERT INTO Write (AuthorID, PaperID) VALUES (1002, 1185);
INSERT INTO Paper (PaperID, Title, Year, MDate, Key, DOI) VALUES (2843, 'Author Profile Prediction Using Trend and Word Frequency Based Analysis in Text.', 2017, '2017-08-15', 'conf/clef/Khan17', 'http://ceur-ws.org/Vol-1866/paper_52.pdf');
INSERT INTO Write (AuthorID, PaperID) VALUES (1002, 2843);
INSERT INTO Author (AuthorID, Name) VALUES (1003, 'Martha Tatusch');
INSERT INTO Write (AuthorID, PaperID) VALUES (1003, 2117);
INSERT INTO Write (AuthorID, PaperID) VALUES (1003, 2790);
INSERT INTO Write (AuthorID, PaperID) VALUES (1003, 2829);
INSERT INTO Author (AuthorID, Name) VALUES (1004, 'Lina Fatima Soualmia');
INSERT INTO Write (AuthorID, PaperID) VALUES (1004, 400);
INSERT INTO Write (AuthorID, PaperID) VALUES (1004, 602);
INSERT INTO Write (AuthorID, PaperID) VALUES (1004, 1478);
INSERT INTO Author (AuthorID, Name) VALUES (1005, 'Jan Kasprzak');
INSERT INTO Write (AuthorID, PaperID) VALUES (1005, 2061);
INSERT INTO Write (AuthorID, PaperID) VALUES (1005, 2816);
INSERT INTO Write (AuthorID, PaperID) VALUES (1005, 2989);
INSERT INTO Author (AuthorID, Name) VALUES (1006, 'Frantz Thiessard');
INSERT INTO Write (AuthorID, PaperID) VALUES (1006, 527);
INSERT INTO Write (AuthorID, PaperID) VALUES (1006, 1694);
INSERT INTO Write (AuthorID, PaperID) VALUES (1006, 2721);
INSERT INTO Author (AuthorID, Name) VALUES (1007, 'D&aacute;niel Lovas');
INSERT INTO Write (AuthorID, PaperID) VALUES (1007, 15);
INSERT INTO Write (AuthorID, PaperID) VALUES (1007, 2357);
INSERT INTO Write (AuthorID, PaperID) VALUES (1007, 2487);
INSERT INTO Author (AuthorID, Name) VALUES (1008, 'Hongyu Liu');
INSERT INTO Write (AuthorID, PaperID) VALUES (1008, 608);
INSERT INTO Write (AuthorID, PaperID) VALUES (1008, 1512);
INSERT INTO Write (AuthorID, PaperID) VALUES (1008, 2100);
INSERT INTO Author (AuthorID, Name) VALUES (1009, 'Trong-Ton Pham');
INSERT INTO Write (AuthorID, PaperID) VALUES (1009, 1292);
INSERT INTO Write (AuthorID, PaperID) VALUES (1009, 1579);
INSERT INTO Write (AuthorID, PaperID) VALUES (1009, 1644);
INSERT INTO Author (AuthorID, Name) VALUES (1010, 'Jaroslav Kuchar');
INSERT INTO Paper (PaperID, Title, Year, MDate, Key, DOI) VALUES (398, 'Benchmark of Rule-Based Classifiers in the News Recommendation Task.', 2015, '2017-05-24', 'conf/clef/KliegrK15', 'https://doi.org/10.1007/978-3-319-24027-5_11');
INSERT INTO Write (AuthorID, PaperID) VALUES (1010, 398);
INSERT INTO Paper (PaperID, Title, Year, MDate, Key, DOI) VALUES (1487, 'InBeat: Recommender System as a Service.', 2014, '2014-09-10', 'conf/clef/KucharK14', 'http://ceur-ws.org/Vol-1180/CLEF2014wn-Newsreel-KucharEt2014.pdf');
INSERT INTO Write (AuthorID, PaperID) VALUES (1010, 1487);
INSERT INTO Paper (PaperID, Title, Year, MDate, Key, DOI) VALUES (3186, 'News Recommender System based on Association Rules @ CLEF NewsREEL 2017.', 2017, '2017-08-15', 'conf/clef/GolianK17', 'http://ceur-ws.org/Vol-1866/paper_173.pdf');
INSERT INTO Write (AuthorID, PaperID) VALUES (1010, 3186);
INSERT INTO Author (AuthorID, Name) VALUES (1011, 'Paloma Moreda');
INSERT INTO Write (AuthorID, PaperID) VALUES (1011, 752);
INSERT INTO Write (AuthorID, PaperID) VALUES (1011, 2207);
INSERT INTO Write (AuthorID, PaperID) VALUES (1011, 2733);
INSERT INTO Author (AuthorID, Name) VALUES (1012, 'Rafael Berlanga Llavori');
INSERT INTO Write (AuthorID, PaperID) VALUES (1012, 102);
INSERT INTO Write (AuthorID, PaperID) VALUES (1012, 2102);
INSERT INTO Write (AuthorID, PaperID) VALUES (1012, 2343);
INSERT INTO Author (AuthorID, Name) VALUES (1013, 'Donald B. Crouch');
INSERT INTO Paper (PaperID, Title, Year, MDate, Key, DOI) VALUES (1373, 'Refining Methodologies for the INEX 2013 Snippet Generation and Tweet Contextualization Tracks.', 2013, '2014-09-10', 'conf/clef/CrouchCNABK13', 'http://ceur-ws.org/Vol-1179/CLEF2013wn-INEX-CrouchEt2013.pdf');
INSERT INTO Write (AuthorID, PaperID) VALUES (1013, 1373);
INSERT INTO Paper (PaperID, Title, Year, MDate, Key, DOI) VALUES (2454, 'A Methodology for Social Book Search.', 2014, '2014-09-10', 'conf/clef/CrouchCSTR14', 'http://ceur-ws.org/Vol-1180/CLEF2014wn-Inex-CrouchEt2014.pdf');
INSERT INTO Write (AuthorID, PaperID) VALUES (1013, 2454);
INSERT INTO Paper (PaperID, Title, Year, MDate, Key, DOI) VALUES (2517, 'The 2012 INEX Snippet and Tweet Contextualization Tasks.', 2012, '2014-09-24', 'conf/clef/CrouchCCNKN12', 'http://www.clef-initiative.eu/documents/71612/9c4e5b24-268e-4e17-857e-300a2d0a6a2e');
INSERT INTO Write (AuthorID, PaperID) VALUES (1013, 2517);
INSERT INTO Author (AuthorID, Name) VALUES (1014, 'Liang-Pu Chen');
INSERT INTO Write (AuthorID, PaperID) VALUES (1014, 22);
INSERT INTO Write (AuthorID, PaperID) VALUES (1014, 664);
INSERT INTO Write (AuthorID, PaperID) VALUES (1014, 1230);
INSERT INTO Author (AuthorID, Name) VALUES (1015, 'Erwin Chan');
INSERT INTO Paper (PaperID, Title, Year, MDate, Key, DOI) VALUES (73, 'A Rule-Based Unsupervised Morphology Learning Framework.', 2009, '2019-04-01', 'conf/clef/LignosCMY09a', 'http://ceur-ws.org/Vol-1175/CLEF2009wn-MorphoChallenge-LignosEt2009.pdf');
INSERT INTO Write (AuthorID, PaperID) VALUES (1015, 73);
INSERT INTO Paper (PaperID, Title, Year, MDate, Key, DOI) VALUES (952, 'A Rule-Based Acquisition Model Adapted for Morphological Analysis.', 2009, '2019-04-01', 'conf/clef/LignosCMY09', 'https://www.wikidata.org/entity/Q57706690');
INSERT INTO Write (AuthorID, PaperID) VALUES (1015, 952);
INSERT INTO Paper (PaperID, Title, Year, MDate, Key, DOI) VALUES (2466, 'Towards Unsupervised Induction of Morphophonemic Rules.', 2007, '2014-09-23', 'conf/clef/Chan07', 'http://ceur-ws.org/Vol-1173/CLEF2007wn-MorphoChallenge-Chan2007.pdf');
INSERT INTO Write (AuthorID, PaperID) VALUES (1015, 2466);
INSERT INTO Author (AuthorID, Name) VALUES (1016, 'Chris McCool');
INSERT INTO Paper (PaperID, Title, Year, MDate, Key, DOI) VALUES (774, 'Feature Learning via Mixtures of DCNNs for Fine-Grained Plant Classification.', 2016, '2016-08-11', 'conf/clef/McCoolGC16', 'http://ceur-ws.org/Vol-1609/16090511.pdf');
INSERT INTO Write (AuthorID, PaperID) VALUES (1016, 774);
INSERT INTO Paper (PaperID, Title, Year, MDate, Key, DOI) VALUES (950, 'Content Specific Feature Learning for Fine-Grained Plant Classification.', 2015, '2015-09-03', 'conf/clef/GeMSC15', 'http://ceur-ws.org/Vol-1391/39-CR.pdf');
INSERT INTO Write (AuthorID, PaperID) VALUES (1016, 950);
INSERT INTO Paper (PaperID, Title, Year, MDate, Key, DOI) VALUES (1059, 'Fine-Grained Plant Classification Using Convolutional Neural Networks for Feature Extraction.', 2014, '2015-02-02', 'conf/clef/SunderhaufMUP14', 'http://ceur-ws.org/Vol-1180/CLEF2014wn-Life-SunderhaufEt2014.pdf');
INSERT INTO Write (AuthorID, PaperID) VALUES (1016, 1059);
INSERT INTO Author (AuthorID, Name) VALUES (1017, 'Qin Jin');
INSERT INTO Write (AuthorID, PaperID) VALUES (1017, 269);
INSERT INTO Write (AuthorID, PaperID) VALUES (1017, 279);
INSERT INTO Write (AuthorID, PaperID) VALUES (1017, 3292);
INSERT INTO Author (AuthorID, Name) VALUES (1018, 'Hua Xu 0001');
INSERT INTO Write (AuthorID, PaperID) VALUES (1018, 347);
INSERT INTO Write (AuthorID, PaperID) VALUES (1018, 1018);
INSERT INTO Write (AuthorID, PaperID) VALUES (1018, 2185);
INSERT INTO Author (AuthorID, Name) VALUES (1019, 'Jos&eacute; M. G&oacute;mez');
INSERT INTO Write (AuthorID, PaperID) VALUES (1019, 752);
INSERT INTO Write (AuthorID, PaperID) VALUES (1019, 1802);
INSERT INTO Write (AuthorID, PaperID) VALUES (1019, 2207);
INSERT INTO Author (AuthorID, Name) VALUES (1020, 'Sen Na');
INSERT INTO Write (AuthorID, PaperID) VALUES (1020, 1486);
INSERT INTO Write (AuthorID, PaperID) VALUES (1020, 1793);
INSERT INTO Write (AuthorID, PaperID) VALUES (1020, 1903);
INSERT INTO Author (AuthorID, Name) VALUES (1021, 'Antoine Doucet');
INSERT INTO Write (AuthorID, PaperID) VALUES (1021, 378);
INSERT INTO Write (AuthorID, PaperID) VALUES (1021, 2584);
INSERT INTO Write (AuthorID, PaperID) VALUES (1021, 3458);
INSERT INTO Author (AuthorID, Name) VALUES (1022, 'Fei Yan 0001');
INSERT INTO Write (AuthorID, PaperID) VALUES (1022, 33);
INSERT INTO Write (AuthorID, PaperID) VALUES (1022, 948);
INSERT INTO Write (AuthorID, PaperID) VALUES (1022, 3423);
INSERT INTO Author (AuthorID, Name) VALUES (1023, 'Jean-Fran&ccedil;ois Molino');
INSERT INTO Write (AuthorID, PaperID) VALUES (1023, 837);
INSERT INTO Write (AuthorID, PaperID) VALUES (1023, 2015);
INSERT INTO Write (AuthorID, PaperID) VALUES (1023, 3072);
INSERT INTO Author (AuthorID, Name) VALUES (1024, 'Istv&aacute;n Petr&aacute;s');
INSERT INTO Write (AuthorID, PaperID) VALUES (1024, 1001);
INSERT INTO Write (AuthorID, PaperID) VALUES (1024, 1746);
INSERT INTO Write (AuthorID, PaperID) VALUES (1024, 2259);
INSERT INTO Author (AuthorID, Name) VALUES (1025, 'Laure Tougne');
INSERT INTO Write (AuthorID, PaperID) VALUES (1025, 1534);
INSERT INTO Write (AuthorID, PaperID) VALUES (1025, 2024);
INSERT INTO Write (AuthorID, PaperID) VALUES (1025, 3262);
INSERT INTO Author (AuthorID, Name) VALUES (1026, 'Muhammad Atif Qureshi 0001');
INSERT INTO Write (AuthorID, PaperID) VALUES (1026, 922);
INSERT INTO Write (AuthorID, PaperID) VALUES (1026, 1106);
INSERT INTO Write (AuthorID, PaperID) VALUES (1026, 3252);
INSERT INTO Author (AuthorID, Name) VALUES (1027, 'Jacob Goldberger');
INSERT INTO Write (AuthorID, PaperID) VALUES (1027, 787);
INSERT INTO Write (AuthorID, PaperID) VALUES (1027, 2603);
INSERT INTO Write (AuthorID, PaperID) VALUES (1027, 2895);
INSERT INTO Author (AuthorID, Name) VALUES (1028, 'Richard J. Hartley');
INSERT INTO Write (AuthorID, PaperID) VALUES (1028, 1309);
INSERT INTO Write (AuthorID, PaperID) VALUES (1028, 2215);
INSERT INTO Write (AuthorID, PaperID) VALUES (1028, 3187);
INSERT INTO Author (AuthorID, Name) VALUES (1029, 'Julia J&uuml;rgens');
INSERT INTO Write (AuthorID, PaperID) VALUES (1029, 152);
INSERT INTO Write (AuthorID, PaperID) VALUES (1029, 2994);
INSERT INTO Write (AuthorID, PaperID) VALUES (1029, 3451);
INSERT INTO Author (AuthorID, Name) VALUES (1030, 'Reem Suwaileh');
INSERT INTO Write (AuthorID, PaperID) VALUES (1030, 233);
INSERT INTO Write (AuthorID, PaperID) VALUES (1030, 524);
INSERT INTO Write (AuthorID, PaperID) VALUES (1030, 953);
INSERT INTO Author (AuthorID, Name) VALUES (1031, 'Asma Ben Abacha');
INSERT INTO Write (AuthorID, PaperID) VALUES (1031, 2546);
INSERT INTO Write (AuthorID, PaperID) VALUES (1031, 3133);
INSERT INTO Write (AuthorID, PaperID) VALUES (1031, 3406);
INSERT INTO Author (AuthorID, Name) VALUES (1032, 'Gibran Fuentes');
INSERT INTO Paper (PaperID, Title, Year, MDate, Key, DOI) VALUES (1286, 'Distance Learning for Author Verification Notebook for PAN at CLEF 2013.', 2013, '2015-09-03', 'conf/clef/LedesmaFJTM13', 'http://ceur-ws.org/Vol-1179/CLEF2013wn-PAN-LedesmaEt2013.pdf');
INSERT INTO Write (AuthorID, PaperID) VALUES (1032, 1286);
INSERT INTO Write (AuthorID, PaperID) VALUES (1032, 1986);
INSERT INTO Write (AuthorID, PaperID) VALUES (1032, 2938);
INSERT INTO Author (AuthorID, Name) VALUES (1033, 'Chahinez Benkoussas');
INSERT INTO Write (AuthorID, PaperID) VALUES (1033, 586);
INSERT INTO Write (AuthorID, PaperID) VALUES (1033, 1209);
INSERT INTO Write (AuthorID, PaperID) VALUES (1033, 2450);
INSERT INTO Author (AuthorID, Name) VALUES (1034, 'Emilio Rodr&iacute;guez V&aacute;zquez de Aldana');
INSERT INTO Write (AuthorID, PaperID) VALUES (1034, 1288);
INSERT INTO Write (AuthorID, PaperID) VALUES (1034, 2722);
INSERT INTO Write (AuthorID, PaperID) VALUES (1034, 3230);
INSERT INTO Author (AuthorID, Name) VALUES (1035, 'Martin Tippmann');
INSERT INTO Write (AuthorID, PaperID) VALUES (1035, 323);
INSERT INTO Write (AuthorID, PaperID) VALUES (1035, 2113);
INSERT INTO Write (AuthorID, PaperID) VALUES (1035, 3276);
INSERT INTO Author (AuthorID, Name) VALUES (1036, 'V&iacute;ctor Manuel Darriba Bilbao');
INSERT INTO Paper (PaperID, Title, Year, MDate, Key, DOI) VALUES (1063, 'Two Hierarchical Text Categorization Approaches for BioASQ Semantic Indexing Challenge.', 2013, '2015-09-03', 'conf/clef/Ribadas-PenaIBR13', 'http://ceur-ws.org/Vol-1094/bioasq2013_submission_4.pdf');
INSERT INTO Write (AuthorID, PaperID) VALUES (1036, 1063);
INSERT INTO Paper (PaperID, Title, Year, MDate, Key, DOI) VALUES (1287, 'CoLe and UTAI Participation at the 2014 BioASQ Semantic Indexing Challenge.', 2014, '2015-09-03', 'conf/clef/Ribadas-PenaIBR14', 'http://ceur-ws.org/Vol-1180/CLEF2014wn-QA-RibadasPenaEt2014.pdf');
INSERT INTO Write (AuthorID, PaperID) VALUES (1036, 1287);
INSERT INTO Paper (PaperID, Title, Year, MDate, Key, DOI) VALUES (2193, 'CoLe and UTAI at BioASQ 2015: Experiments with Similarity Based Descriptor Assignment.', 2015, '2015-09-03', 'conf/clef/Ribadas-PenaCBR15', 'http://ceur-ws.org/Vol-1391/84-CR.pdf');
INSERT INTO Write (AuthorID, PaperID) VALUES (1036, 2193);
INSERT INTO Author (AuthorID, Name) VALUES (1037, 'Nozha Boujemaa');
INSERT INTO Write (AuthorID, PaperID) VALUES (1037, 837);
INSERT INTO Write (AuthorID, PaperID) VALUES (1037, 2015);
INSERT INTO Write (AuthorID, PaperID) VALUES (1037, 3072);
INSERT INTO Author (AuthorID, Name) VALUES (1038, 'Leonidas Valavanis');
INSERT INTO Write (AuthorID, PaperID) VALUES (1038, 779);
INSERT INTO Write (AuthorID, PaperID) VALUES (1038, 2488);
INSERT INTO Write (AuthorID, PaperID) VALUES (1038, 3240);
INSERT INTO Author (AuthorID, Name) VALUES (1039, 'Petra Welter');
INSERT INTO Write (AuthorID, PaperID) VALUES (1039, 461);
INSERT INTO Write (AuthorID, PaperID) VALUES (1039, 1517);
INSERT INTO Write (AuthorID, PaperID) VALUES (1039, 3098);
INSERT INTO Author (AuthorID, Name) VALUES (1040, 'Christophe Botella');
INSERT INTO Write (AuthorID, PaperID) VALUES (1040, 1522);
INSERT INTO Write (AuthorID, PaperID) VALUES (1040, 2700);
INSERT INTO Write (AuthorID, PaperID) VALUES (1040, 2949);
INSERT INTO Author (AuthorID, Name) VALUES (1041, 'Zhongqiu Zhao');
INSERT INTO Write (AuthorID, PaperID) VALUES (1041, 494);
INSERT INTO Write (AuthorID, PaperID) VALUES (1041, 1677);
INSERT INTO Write (AuthorID, PaperID) VALUES (1041, 2412);
INSERT INTO Author (AuthorID, Name) VALUES (1042, 'Karam Abdulahhad');
INSERT INTO Write (AuthorID, PaperID) VALUES (1042, 59);
INSERT INTO Write (AuthorID, PaperID) VALUES (1042, 476);
INSERT INTO Write (AuthorID, PaperID) VALUES (1042, 2964);
INSERT INTO Author (AuthorID, Name) VALUES (1043, 'Philip Heng Wai Leong');
INSERT INTO Write (AuthorID, PaperID) VALUES (1043, 262);
INSERT INTO Write (AuthorID, PaperID) VALUES (1043, 614);
INSERT INTO Write (AuthorID, PaperID) VALUES (1043, 650);
INSERT INTO Author (AuthorID, Name) VALUES (1044, 'St&eacute;phane Huet');
INSERT INTO Write (AuthorID, PaperID) VALUES (1044, 1322);
INSERT INTO Write (AuthorID, PaperID) VALUES (1044, 2751);
INSERT INTO Write (AuthorID, PaperID) VALUES (1044, 3511);
INSERT INTO Author (AuthorID, Name) VALUES (1045, 'Maximilien Servajean');
INSERT INTO Paper (PaperID, Title, Year, MDate, Key, DOI) VALUES (1216, 'Temporal Mood Variation: at the CLEF eRisk-2018 Tasks for Early Risk Detection on The Internet.', 2018, '2018-08-08', 'conf/clef/RaghebMABS18', 'http://ceur-ws.org/Vol-2125/paper_78.pdf');
INSERT INTO Write (AuthorID, PaperID) VALUES (1045, 1216);
INSERT INTO Write (AuthorID, PaperID) VALUES (1045, 1547);
INSERT INTO Write (AuthorID, PaperID) VALUES (1045, 2949);
INSERT INTO Author (AuthorID, Name) VALUES (1046, 'Lukas Graner');
INSERT INTO Write (AuthorID, PaperID) VALUES (1046, 257);
INSERT INTO Write (AuthorID, PaperID) VALUES (1046, 1352);
INSERT INTO Write (AuthorID, PaperID) VALUES (1046, 1421);
INSERT INTO Author (AuthorID, Name) VALUES (1047, 'Udo Hahn');
INSERT INTO Write (AuthorID, PaperID) VALUES (1047, 672);
INSERT INTO Write (AuthorID, PaperID) VALUES (1047, 1412);
INSERT INTO Write (AuthorID, PaperID) VALUES (1047, 3357);
INSERT INTO Author (AuthorID, Name) VALUES (1048, 'Paola Ledesma');
INSERT INTO Write (AuthorID, PaperID) VALUES (1048, 1110);
INSERT INTO Write (AuthorID, PaperID) VALUES (1048, 1286);
INSERT INTO Write (AuthorID, PaperID) VALUES (1048, 2938);
INSERT INTO Author (AuthorID, Name) VALUES (1049, 'Alfonso E. Romero');
INSERT INTO Write (AuthorID, PaperID) VALUES (1049, 1063);
INSERT INTO Write (AuthorID, PaperID) VALUES (1049, 1287);
INSERT INTO Write (AuthorID, PaperID) VALUES (1049, 2193);
INSERT INTO Author (AuthorID, Name) VALUES (1050, 'Dawei Song 0001');
INSERT INTO Write (AuthorID, PaperID) VALUES (1050, 648);
INSERT INTO Write (AuthorID, PaperID) VALUES (1050, 1173);
INSERT INTO Paper (PaperID, Title, Year, MDate, Key, DOI) VALUES (3307, 'RGU at ImageCLEF2010 Wikipedia Retrieval Task.', 2010, '2017-10-25', 'conf/clef/WangSK10', 'http://www.clef-initiative.eu/documents/71612/86374/CLEF2010wn-ImageCLEF-WangEt2010.pdf');
INSERT INTO Write (AuthorID, PaperID) VALUES (1050, 3307);
INSERT INTO Author (AuthorID, Name) VALUES (1051, 'Cristian-Alexandru Dragusanu');
INSERT INTO Write (AuthorID, PaperID) VALUES (1051, 1593);
INSERT INTO Write (AuthorID, PaperID) VALUES (1051, 1841);
INSERT INTO Write (AuthorID, PaperID) VALUES (1051, 1920);
INSERT INTO Author (AuthorID, Name) VALUES (1052, 'Michal Batko');
INSERT INTO Write (AuthorID, PaperID) VALUES (1052, 1092);
INSERT INTO Write (AuthorID, PaperID) VALUES (1052, 2560);
INSERT INTO Write (AuthorID, PaperID) VALUES (1052, 2761);
INSERT INTO Author (AuthorID, Name) VALUES (1053, 'Bouke Huurnink');
INSERT INTO Paper (PaperID, Title, Year, MDate, Key, DOI) VALUES (213, 'The University of Amsterdam at the CLEF Cross Language Speech Retrieval Track 2007.', 2007, '2014-09-23', 'conf/clef/Huurnink07', 'http://ceur-ws.org/Vol-1173/CLEF2007wn-CLSR-Huurnink2007.pdf');
INSERT INTO Write (AuthorID, PaperID) VALUES (1053, 213);
INSERT INTO Write (AuthorID, PaperID) VALUES (1053, 956);
INSERT INTO Write (AuthorID, PaperID) VALUES (1053, 1615);
INSERT INTO Author (AuthorID, Name) VALUES (1054, 'Roghaiyeh Gachpaz Hamed');
INSERT INTO Write (AuthorID, PaperID) VALUES (1054, 800);
INSERT INTO Write (AuthorID, PaperID) VALUES (1054, 2172);
INSERT INTO Write (AuthorID, PaperID) VALUES (1054, 3436);
INSERT INTO Author (AuthorID, Name) VALUES (1055, 'Jing Liu 0001');
INSERT INTO Write (AuthorID, PaperID) VALUES (1055, 2739);
INSERT INTO Paper (PaperID, Title, Year, MDate, Key, DOI) VALUES (3305, 'Hybrid Learning Framework for Large-Scale Web Image Annotation and Localization.', 2015, '2017-09-11', 'conf/clef/LiLWLFGWSYL15', 'http://ceur-ws.org/Vol-1391/81-CR.pdf');
INSERT INTO Write (AuthorID, PaperID) VALUES (1055, 3305);
INSERT INTO Write (AuthorID, PaperID) VALUES (1055, 3356);
INSERT INTO Author (AuthorID, Name) VALUES (1056, 'Gayo Diallo');
INSERT INTO Paper (PaperID, Title, Year, MDate, Key, DOI) VALUES (1316, 'SITIS-ISPED in CLEF eHealth 2018 Task 1 : ICD10 coding using Deep Learning.', 2018, '2018-08-08', 'conf/clef/RebyCBD18', 'http://ceur-ws.org/Vol-2125/paper_144.pdf');
INSERT INTO Write (AuthorID, PaperID) VALUES (1056, 1316);
INSERT INTO Write (AuthorID, PaperID) VALUES (1056, 1694);
INSERT INTO Write (AuthorID, PaperID) VALUES (1056, 2766);
INSERT INTO Author (AuthorID, Name) VALUES (1057, 'Carolyn J. Crouch');
INSERT INTO Write (AuthorID, PaperID) VALUES (1057, 1373);
INSERT INTO Write (AuthorID, PaperID) VALUES (1057, 2454);
INSERT INTO Write (AuthorID, PaperID) VALUES (1057, 2517);
INSERT INTO Author (AuthorID, Name) VALUES (1058, 'Philipp Sorg');
INSERT INTO Write (AuthorID, PaperID) VALUES (1058, 352);
INSERT INTO Write (AuthorID, PaperID) VALUES (1058, 539);
INSERT INTO Write (AuthorID, PaperID) VALUES (1058, 2361);
INSERT INTO Author (AuthorID, Name) VALUES (1059, 'Min Jiang');
INSERT INTO Write (AuthorID, PaperID) VALUES (1059, 347);
INSERT INTO Write (AuthorID, PaperID) VALUES (1059, 1018);
INSERT INTO Write (AuthorID, PaperID) VALUES (1059, 2185);
INSERT INTO Author (AuthorID, Name) VALUES (1060, 'Manish Shrivastava 0001');
INSERT INTO Write (AuthorID, PaperID) VALUES (1060, 2240);
INSERT INTO Write (AuthorID, PaperID) VALUES (1060, 2951);
INSERT INTO Write (AuthorID, PaperID) VALUES (1060, 3025);
INSERT INTO Author (AuthorID, Name) VALUES (1061, 'Maher Ben Jemaa');
INSERT INTO Write (AuthorID, PaperID) VALUES (1061, 985);
INSERT INTO Write (AuthorID, PaperID) VALUES (1061, 1406);
INSERT INTO Write (AuthorID, PaperID) VALUES (1061, 3061);
INSERT INTO Author (AuthorID, Name) VALUES (1062, 'Udo Kruschwitz');
INSERT INTO Paper (PaperID, Title, Year, MDate, Key, DOI) VALUES (234, 'University of Essex at LogCLEF 2011: Studying Query Refinement.', 2011, '2015-04-06', 'conf/clef/AlbakourK11', 'http://www.clef-initiative.eu/documents/71612/86377/CLEF2011wn-LogCLEF-AlbakourEt2011.pdf');
INSERT INTO Write (AuthorID, PaperID) VALUES (1062, 234);
INSERT INTO Write (AuthorID, PaperID) VALUES (1062, 1372);
INSERT INTO Write (AuthorID, PaperID) VALUES (1062, 1452);
INSERT INTO Author (AuthorID, Name) VALUES (1063, 'Avi Arampatzis');
INSERT INTO Paper (PaperID, Title, Year, MDate, Key, DOI) VALUES (298, 'DUTH at ImageCLEF 2011 Wikipedia Retrieval.', 2011, '2014-09-24', 'conf/clef/ArampatzisZC11', 'http://www.clef-initiative.eu/documents/71612/86377/CLEF2011wn-ImageCLEF-ArampatzisEt2011.pdf');
INSERT INTO Write (AuthorID, PaperID) VALUES (1063, 298);
INSERT INTO Paper (PaperID, Title, Year, MDate, Key, DOI) VALUES (2295, 'Multimedia Search with Noisy Modalities: Fusion and Multistage Retrieval.', 2010, '2014-09-24', 'conf/clef/ArampatzisCZ10', 'http://www.clef-initiative.eu/documents/71612/86374/CLEF2010wn-ImageCLEF-ArampatzisEt2010.pdf');
INSERT INTO Write (AuthorID, PaperID) VALUES (1063, 2295);
INSERT INTO Paper (PaperID, Title, Year, MDate, Key, DOI) VALUES (3447, 'DUTh at the ImageCLEF 2016 Image Annotation Task: Content Selection.', 2016, '2016-08-11', 'conf/clef/BarlasNA16', 'http://ceur-ws.org/Vol-1609/16090279.pdf');
INSERT INTO Write (AuthorID, PaperID) VALUES (1063, 3447);
INSERT INTO Author (AuthorID, Name) VALUES (1064, 'Maria Maistro');
INSERT INTO Write (AuthorID, PaperID) VALUES (1064, 46);
INSERT INTO Write (AuthorID, PaperID) VALUES (1064, 1072);
INSERT INTO Write (AuthorID, PaperID) VALUES (1064, 2540);
INSERT INTO Author (AuthorID, Name) VALUES (1065, 'Andreea Bodnari');
INSERT INTO Write (AuthorID, PaperID) VALUES (1065, 773);
INSERT INTO Write (AuthorID, PaperID) VALUES (1065, 1133);
INSERT INTO Write (AuthorID, PaperID) VALUES (1065, 1914);
INSERT INTO Author (AuthorID, Name) VALUES (1066, 'Gr&eacute;goire Rey');
INSERT INTO Write (AuthorID, PaperID) VALUES (1066, 190);
INSERT INTO Write (AuthorID, PaperID) VALUES (1066, 657);
INSERT INTO Write (AuthorID, PaperID) VALUES (1066, 1422);
INSERT INTO Author (AuthorID, Name) VALUES (1067, 'Prasha Shrestha');
INSERT INTO Write (AuthorID, PaperID) VALUES (1067, 1339);
INSERT INTO Write (AuthorID, PaperID) VALUES (1067, 1715);
INSERT INTO Write (AuthorID, PaperID) VALUES (1067, 3473);
INSERT INTO Author (AuthorID, Name) VALUES (1068, 'Gabriel Oberreuter');
INSERT INTO Paper (PaperID, Title, Year, MDate, Key, DOI) VALUES (568, 'Approaches for Intrinsic and External Plagiarism Detection - Notebook for PAN at CLEF 2011.', 2011, '2014-09-24', 'conf/clef/OberreuterLRV11', 'http://www.clef-initiative.eu/documents/71612/86377/CLEF2011wn-PAN-OberreuterEt2011.pdf');
INSERT INTO Write (AuthorID, PaperID) VALUES (1068, 568);
INSERT INTO Paper (PaperID, Title, Year, MDate, Key, DOI) VALUES (739, 'FastDocode: Finding Approximated Segments of N-Grams for Document Copy Detection - Lab Report for PAN at CLEF 2010.', 2010, '2014-09-24', 'conf/clef/OberreuterLRV10', 'http://www.clef-initiative.eu/documents/71612/86374/CLEF2010wn-PAN-OberreuterEt2010.pdf');
INSERT INTO Write (AuthorID, PaperID) VALUES (1068, 739);
INSERT INTO Write (AuthorID, PaperID) VALUES (1068, 2297);
INSERT INTO Author (AuthorID, Name) VALUES (1069, 'Zhiyong Lu');
INSERT INTO Paper (PaperID, Title, Year, MDate, Key, DOI) VALUES (1233, 'NCBI at the 2015 BioASQ Challenge Task: Baseline Results from MeSH Now.', 2015, '2015-09-03', 'conf/clef/MaoL15', 'http://ceur-ws.org/Vol-1391/168-CR.pdf');
INSERT INTO Write (AuthorID, PaperID) VALUES (1069, 1233);
INSERT INTO Paper (PaperID, Title, Year, MDate, Key, DOI) VALUES (1707, 'NCBI at the 2014 BioASQ Challenge Task: Large-scale Biomedical Semantic Indexing and Question Answering.', 2014, '2014-09-10', 'conf/clef/MaoWL14', 'http://ceur-ws.org/Vol-1180/CLEF2014wn-QA-MaoEt2014.pdf');
INSERT INTO Write (AuthorID, PaperID) VALUES (1069, 1707);
INSERT INTO Paper (PaperID, Title, Year, MDate, Key, DOI) VALUES (2251, 'NCBI at 2013 ShARe/CLEF eHealth Shared Task: Disorder Normalization in Clinical Notes with Dnorm.', 2013, '2014-09-10', 'conf/clef/LeamanKL13', 'http://ceur-ws.org/Vol-1179/CLEF2013wn-CLEFeHealth-LeamanEt2013.pdf');
INSERT INTO Write (AuthorID, PaperID) VALUES (1069, 2251);
INSERT INTO Author (AuthorID, Name) VALUES (1070, 'Jiri Matas');
INSERT INTO Write (AuthorID, PaperID) VALUES (1070, 1204);
INSERT INTO Write (AuthorID, PaperID) VALUES (1070, 2362);
INSERT INTO Write (AuthorID, PaperID) VALUES (1070, 3223);
INSERT INTO Author (AuthorID, Name) VALUES (1071, 'Xiaoshi Zhong');
INSERT INTO Write (AuthorID, PaperID) VALUES (1071, 1486);
INSERT INTO Write (AuthorID, PaperID) VALUES (1071, 1793);
INSERT INTO Write (AuthorID, PaperID) VALUES (1071, 1903);
INSERT INTO Author (AuthorID, Name) VALUES (1072, 'Yuridiana Alem&aacute;n');
INSERT INTO Write (AuthorID, PaperID) VALUES (1072, 106);
INSERT INTO Write (AuthorID, PaperID) VALUES (1072, 1348);
INSERT INTO Write (AuthorID, PaperID) VALUES (1072, 2538);
INSERT INTO Author (AuthorID, Name) VALUES (1073, 'Karl Kreiner');
INSERT INTO Paper (PaperID, Title, Year, MDate, Key, DOI) VALUES (2379, 'On the Use of Text Messaging in a Diabetes Telehealth System Results and Evaluation of a Content Analysis.', 2012, '2014-09-24', 'conf/clef/KreinerEHK12', 'http://www.clef-initiative.eu/documents/71612/6b31a90d-695f-47c5-9611-fd52a51eb1b8');
INSERT INTO Write (AuthorID, PaperID) VALUES (1073, 2379);
INSERT INTO Write (AuthorID, PaperID) VALUES (1073, 2492);
INSERT INTO Write (AuthorID, PaperID) VALUES (1073, 2702);
INSERT INTO Author (AuthorID, Name) VALUES (1074, 'Nazanin Dehghani');
INSERT INTO Paper (PaperID, Title, Year, MDate, Key, DOI) VALUES (2082, 'A Dependency-Inspired Semantic Evaluation of Machine Translation Systems.', 2013, '2017-05-24', 'conf/clef/MirsarrafD13', 'https://doi.org/10.1007/978-3-642-40802-1_8');
INSERT INTO Write (AuthorID, PaperID) VALUES (1074, 2082);
INSERT INTO Write (AuthorID, PaperID) VALUES (1074, 2684);
INSERT INTO Write (AuthorID, PaperID) VALUES (1074, 3344);
INSERT INTO Author (AuthorID, Name) VALUES (1075, 'Roger Schaer');
INSERT INTO Write (AuthorID, PaperID) VALUES (1075, 33);
INSERT INTO Write (AuthorID, PaperID) VALUES (1075, 2750);
INSERT INTO Write (AuthorID, PaperID) VALUES (1075, 3504);
INSERT INTO Author (AuthorID, Name) VALUES (1076, 'Samira Abnar');
INSERT INTO Write (AuthorID, PaperID) VALUES (1076, 1053);
INSERT INTO Write (AuthorID, PaperID) VALUES (1076, 1538);
INSERT INTO Write (AuthorID, PaperID) VALUES (1076, 1890);
INSERT INTO Author (AuthorID, Name) VALUES (1077, 'Fariborz Mahmoudi');
INSERT INTO Write (AuthorID, PaperID) VALUES (1077, 1100);
INSERT INTO Write (AuthorID, PaperID) VALUES (1077, 1365);
INSERT INTO Write (AuthorID, PaperID) VALUES (1077, 1712);
INSERT INTO Author (AuthorID, Name) VALUES (1078, 'Tapio Salakoski');
INSERT INTO Write (AuthorID, PaperID) VALUES (1078, 1556);
INSERT INTO Write (AuthorID, PaperID) VALUES (1078, 1557);
INSERT INTO Write (AuthorID, PaperID) VALUES (1078, 2372);
INSERT INTO Author (AuthorID, Name) VALUES (1079, 'Francisco J. Ribadas-Pena');
INSERT INTO Write (AuthorID, PaperID) VALUES (1079, 1063);
INSERT INTO Write (AuthorID, PaperID) VALUES (1079, 1287);
INSERT INTO Write (AuthorID, PaperID) VALUES (1079, 2193);
INSERT INTO Author (AuthorID, Name) VALUES (1080, 'Xabier Saralegi');
INSERT INTO Write (AuthorID, PaperID) VALUES (1080, 820);
INSERT INTO Write (AuthorID, PaperID) VALUES (1080, 2388);
INSERT INTO Write (AuthorID, PaperID) VALUES (1080, 3475);
INSERT INTO Author (AuthorID, Name) VALUES (1081, 'Chandra Kambhamettu');
INSERT INTO Write (AuthorID, PaperID) VALUES (1081, 69);
INSERT INTO Write (AuthorID, PaperID) VALUES (1081, 3069);
INSERT INTO Write (AuthorID, PaperID) VALUES (1081, 3427);
INSERT INTO Author (AuthorID, Name) VALUES (1082, 'Alan R. Aronson');
INSERT INTO Write (AuthorID, PaperID) VALUES (1082, 453);
INSERT INTO Write (AuthorID, PaperID) VALUES (1082, 909);
INSERT INTO Write (AuthorID, PaperID) VALUES (1082, 3413);
INSERT INTO Author (AuthorID, Name) VALUES (1083, 'Andy Way');
INSERT INTO Write (AuthorID, PaperID) VALUES (1083, 812);
INSERT INTO Write (AuthorID, PaperID) VALUES (1083, 1635);
INSERT INTO Write (AuthorID, PaperID) VALUES (1083, 1651);
INSERT INTO Author (AuthorID, Name) VALUES (1084, 'Petra Bud&iacute;kov&aacute;');
INSERT INTO Write (AuthorID, PaperID) VALUES (1084, 1092);
INSERT INTO Write (AuthorID, PaperID) VALUES (1084, 2560);
INSERT INTO Write (AuthorID, PaperID) VALUES (1084, 2761);
INSERT INTO Author (AuthorID, Name) VALUES (1085, 'Bonaventura Coppola');
INSERT INTO Write (AuthorID, PaperID) VALUES (1085, 397);
INSERT INTO Write (AuthorID, PaperID) VALUES (1085, 515);
INSERT INTO Write (AuthorID, PaperID) VALUES (1085, 570);
INSERT INTO Author (AuthorID, Name) VALUES (1086, 'Dimitrios Markonis');
INSERT INTO Write (AuthorID, PaperID) VALUES (1086, 2125);
INSERT INTO Write (AuthorID, PaperID) VALUES (1086, 2667);
INSERT INTO Write (AuthorID, PaperID) VALUES (1086, 3504);
INSERT INTO Author (AuthorID, Name) VALUES (1087, 'Veronika Zenz');
INSERT INTO Write (AuthorID, PaperID) VALUES (1087, 1664);
INSERT INTO Write (AuthorID, PaperID) VALUES (1087, 3213);
INSERT INTO Write (AuthorID, PaperID) VALUES (1087, 3412);
INSERT INTO Author (AuthorID, Name) VALUES (1088, 'Yunqing Xia');
INSERT INTO Write (AuthorID, PaperID) VALUES (1088, 1486);
INSERT INTO Write (AuthorID, PaperID) VALUES (1088, 1793);
INSERT INTO Write (AuthorID, PaperID) VALUES (1088, 1903);
INSERT INTO Author (AuthorID, Name) VALUES (1089, 'Emmanuel Ferreira');
INSERT INTO Write (AuthorID, PaperID) VALUES (1089, 291);
INSERT INTO Write (AuthorID, PaperID) VALUES (1089, 1425);
INSERT INTO Author (AuthorID, Name) VALUES (1090, 'Sebastian Gerke');
INSERT INTO Paper (PaperID, Title, Year, MDate, Key, DOI) VALUES (157, 'Sample Selection, Category Specific Features and Reasoning.', 2011, '2014-09-24', 'conf/clef/MbanyaGHN11', 'http://www.clef-initiative.eu/documents/71612/86377/CLEF2011wn-ImageCLEF-MbanyaEt2011.pdf');
INSERT INTO Write (AuthorID, PaperID) VALUES (1090, 157);
INSERT INTO Paper (PaperID, Title, Year, MDate, Key, DOI) VALUES (758, 'Augmenting Bag-of-Words - Category Specific Features and Concept Reasoning.', 2010, '2014-09-24', 'conf/clef/MbanyaHGLNN10', 'http://www.clef-initiative.eu/documents/71612/86374/CLEF2010wn-ImageCLEF-MbanyaEt2010.pdf');
INSERT INTO Write (AuthorID, PaperID) VALUES (1090, 758);
INSERT INTO Author (AuthorID, Name) VALUES (1091, 'Sudip Kumar Naskar');
INSERT INTO Write (AuthorID, PaperID) VALUES (1091, 2484);
INSERT INTO Write (AuthorID, PaperID) VALUES (1091, 3428);
INSERT INTO Author (AuthorID, Name) VALUES (1092, 'Waqas Arshad Cheema');
INSERT INTO Write (AuthorID, PaperID) VALUES (1092, 1176);
INSERT INTO Write (AuthorID, PaperID) VALUES (1092, 1945);
INSERT INTO Author (AuthorID, Name) VALUES (1093, 'Tom&aacute;s Kliegr');
INSERT INTO Write (AuthorID, PaperID) VALUES (1093, 398);
INSERT INTO Write (AuthorID, PaperID) VALUES (1093, 1487);
INSERT INTO Author (AuthorID, Name) VALUES (1094, 'Vera L&uacute;cia Strube de Lima');
INSERT INTO Paper (PaperID, Title, Year, MDate, Key, DOI) VALUES (1716, 'The PUCRS-PLN Group Participation at CLEF 2006.', 2006, '2014-08-15', 'conf/clef/GonzalezL06a', 'http://ceur-ws.org/Vol-1172/CLEF2006wn-adhoc-GonzalezEt2006.pdf');
INSERT INTO Write (AuthorID, PaperID) VALUES (1094, 1716);
INSERT INTO Paper (PaperID, Title, Year, MDate, Key, DOI) VALUES (2807, 'The PUCRS NLP-Group Participation in CLEF2006: Information Retrieval Based on Linguistic Resources.', 2006, '2017-05-24', 'conf/clef/GonzalezL06', 'https://doi.org/10.1007/978-3-540-74999-8_9');
INSERT INTO Write (AuthorID, PaperID) VALUES (1094, 2807);
INSERT INTO Author (AuthorID, Name) VALUES (1095, 'Michael Burke');
INSERT INTO Write (AuthorID, PaperID) VALUES (1095, 1045);
INSERT INTO Write (AuthorID, PaperID) VALUES (1095, 1174);
INSERT INTO Author (AuthorID, Name) VALUES (1096, 'Rong-Sing Huang');
INSERT INTO Write (AuthorID, PaperID) VALUES (1096, 3171);
INSERT INTO Write (AuthorID, PaperID) VALUES (1096, 3350);
INSERT INTO Author (AuthorID, Name) VALUES (1097, 'Jos&eacute; Gayo-Avello');
INSERT INTO Paper (PaperID, Title, Year, MDate, Key, DOI) VALUES (2685, 'Application of Variable Length <i>N</i>-Gram Vectors to Monolingual and Bilingual Information Retrieval.', 2004, '2017-05-24', 'conf/clef/Gayo-AvelloGG05', 'https://doi.org/10.1007/11519645_7');
INSERT INTO Write (AuthorID, PaperID) VALUES (1097, 2685);
INSERT INTO Paper (PaperID, Title, Year, MDate, Key, DOI) VALUES (2782, 'Application of Variable Length N-gram Vectors to Monolingual and Bilingual Information Retrieval.', 2004, '2014-08-15', 'conf/clef/Gayo-AvelloGG04', 'http://ceur-ws.org/Vol-1170/CLEF2004wn-adhoc-GayoAvelloEt2004.pdf');
INSERT INTO Write (AuthorID, PaperID) VALUES (1097, 2782);
INSERT INTO Author (AuthorID, Name) VALUES (1098, 'Holger Klinck');
INSERT INTO Write (AuthorID, PaperID) VALUES (1098, 90);
INSERT INTO Write (AuthorID, PaperID) VALUES (1098, 1776);
INSERT INTO Author (AuthorID, Name) VALUES (1099, 'Olivier Buisson');
INSERT INTO Write (AuthorID, PaperID) VALUES (1099, 2679);
INSERT INTO Write (AuthorID, PaperID) VALUES (1099, 3152);
INSERT INTO Author (AuthorID, Name) VALUES (1100, 'Azucena Montes');
INSERT INTO Paper (PaperID, Title, Year, MDate, Key, DOI) VALUES (2187, 'Tweets Classification using Corpus Dependent Tags, Character and POS N-grams.', 2015, '2015-09-03', 'conf/clef/Gonzalez-Gallardo15', 'http://ceur-ws.org/Vol-1391/104-CR.pdf');
INSERT INTO Write (AuthorID, PaperID) VALUES (1100, 2187);
INSERT INTO Paper (PaperID, Title, Year, MDate, Key, DOI) VALUES (3208, 'Authorship Verification by combining SVMs with Kernels Optimized for Different Feature Categories.', 2015, '2018-04-17', 'conf/clef/SolorzanoMPLMS15', 'http://ceur-ws.org/Vol-1391/129-CR.pdf');
INSERT INTO Write (AuthorID, PaperID) VALUES (1100, 3208);
INSERT INTO Author (AuthorID, Name) VALUES (1101, 'Toaki Esa&uacute; Villareal Olvera');
INSERT INTO Write (AuthorID, PaperID) VALUES (1101, 1986);
INSERT INTO Write (AuthorID, PaperID) VALUES (1101, 2871);
INSERT INTO Author (AuthorID, Name) VALUES (1102, 'Mahboob Alam Khalid');
INSERT INTO Write (AuthorID, PaperID) VALUES (1102, 386);
INSERT INTO Write (AuthorID, PaperID) VALUES (1102, 2418);
INSERT INTO Author (AuthorID, Name) VALUES (1103, 'Mark Knudson');
INSERT INTO Write (AuthorID, PaperID) VALUES (1103, 87);
INSERT INTO Write (AuthorID, PaperID) VALUES (1103, 782);
INSERT INTO Author (AuthorID, Name) VALUES (1104, 'Van-Minh Pho');
INSERT INTO Write (AuthorID, PaperID) VALUES (1104, 1988);
INSERT INTO Write (AuthorID, PaperID) VALUES (1104, 2546);
INSERT INTO Author (AuthorID, Name) VALUES (1105, 'Raquel M. Crespo Garc&iacute;a');
INSERT INTO Write (AuthorID, PaperID) VALUES (1105, 483);
INSERT INTO Write (AuthorID, PaperID) VALUES (1105, 2588);
INSERT INTO Author (AuthorID, Name) VALUES (1106, 'Georgios Balikas');
INSERT INTO Write (AuthorID, PaperID) VALUES (1106, 589);
INSERT INTO Write (AuthorID, PaperID) VALUES (1106, 1633);
INSERT INTO Author (AuthorID, Name) VALUES (1107, 'Alexandre Delorme');
INSERT INTO Paper (PaperID, Title, Year, MDate, Key, DOI) VALUES (395, 'Re-Ranking Microblogs Using Word2Vec in Microblog Search Task, University of Avignon.', 2017, '2017-10-11', 'conf/clef/Delorme17', 'http://ceur-ws.org/Vol-1866/paper_74.pdf');
INSERT INTO Write (AuthorID, PaperID) VALUES (1107, 395);
INSERT INTO Paper (PaperID, Title, Year, MDate, Key, DOI) VALUES (2289, 'LIA@CLEF 2018: Mining Events Opinion Argumentation from Raw Unlabeled Twitter Data using Convolutional Neural Network.', 2018, '2018-08-08', 'conf/clef/DufourRDM18', 'http://ceur-ws.org/Vol-2125/paper_209.pdf');
INSERT INTO Write (AuthorID, PaperID) VALUES (1107, 2289);
INSERT INTO Author (AuthorID, Name) VALUES (1108, 'Dongyan Zhao 0001');
INSERT INTO Paper (PaperID, Title, Year, MDate, Key, DOI) VALUES (1658, 'Answering Natural Language Questions via Phrasal Semantic Parsing.', 2014, '2019-03-06', 'conf/clef/XuFZ14', 'http://ceur-ws.org/Vol-1180/CLEF2014wn-QA-XuEt2014.pdf');
INSERT INTO Write (AuthorID, PaperID) VALUES (1108, 1658);
INSERT INTO Paper (PaperID, Title, Year, MDate, Key, DOI) VALUES (2284, 'Question Answering via Phrasal Semantic Parsing.', 2015, '2019-03-06', 'conf/clef/XuFHZ15', 'https://doi.org/10.1007/978-3-319-24027-5_43');
INSERT INTO Write (AuthorID, PaperID) VALUES (1108, 2284);
INSERT INTO Author (AuthorID, Name) VALUES (1109, 'Narges Tavakolpoursaleh');
INSERT INTO Write (AuthorID, PaperID) VALUES (1109, 1791);
INSERT INTO Write (AuthorID, PaperID) VALUES (1109, 2883);
INSERT INTO Author (AuthorID, Name) VALUES (1110, 'Nefise Meltem Ceylan');
INSERT INTO Write (AuthorID, PaperID) VALUES (1110, 800);
INSERT INTO Write (AuthorID, PaperID) VALUES (1110, 3062);
INSERT INTO Author (AuthorID, Name) VALUES (1111, 'Leticia C. Cagnina');
INSERT INTO Write (AuthorID, PaperID) VALUES (1111, 1367);
INSERT INTO Write (AuthorID, PaperID) VALUES (1111, 1627);
INSERT INTO Author (AuthorID, Name) VALUES (1112, 'Bart Mellebeek');
INSERT INTO Write (AuthorID, PaperID) VALUES (1112, 1635);
INSERT INTO Write (AuthorID, PaperID) VALUES (1112, 1651);
INSERT INTO Author (AuthorID, Name) VALUES (1113, 'Oliver Ferschke');
INSERT INTO Write (AuthorID, PaperID) VALUES (1113, 2708);
INSERT INTO Write (AuthorID, PaperID) VALUES (1113, 2932);
INSERT INTO Author (AuthorID, Name) VALUES (1114, 'Duy Dinh');
INSERT INTO Write (AuthorID, PaperID) VALUES (1114, 514);
INSERT INTO Write (AuthorID, PaperID) VALUES (1114, 2982);
INSERT INTO Author (AuthorID, Name) VALUES (1115, 'Santiago Gonz&aacute;lez-Tortosa');
INSERT INTO Write (AuthorID, PaperID) VALUES (1115, 784);
INSERT INTO Write (AuthorID, PaperID) VALUES (1115, 1596);
INSERT INTO Author (AuthorID, Name) VALUES (1116, 'Alexandra Ploedt');
INSERT INTO Write (AuthorID, PaperID) VALUES (1116, 2092);
INSERT INTO Write (AuthorID, PaperID) VALUES (1116, 2801);
INSERT INTO Author (AuthorID, Name) VALUES (1117, 'Muharram Mansoorizadeh');
INSERT INTO Write (AuthorID, PaperID) VALUES (1117, 1435);
INSERT INTO Write (AuthorID, PaperID) VALUES (1117, 2359);
INSERT INTO Author (AuthorID, Name) VALUES (1118, 'Louise Del&eacute;ger');
INSERT INTO Write (AuthorID, PaperID) VALUES (1118, 1133);
INSERT INTO Write (AuthorID, PaperID) VALUES (1118, 1914);
INSERT INTO Author (AuthorID, Name) VALUES (1119, 'Abhishek Kolagunda');
INSERT INTO Write (AuthorID, PaperID) VALUES (1119, 69);
INSERT INTO Write (AuthorID, PaperID) VALUES (1119, 3427);
INSERT INTO Author (AuthorID, Name) VALUES (1120, 'Seonyeong Park');
INSERT INTO Paper (PaperID, Title, Year, MDate, Key, DOI) VALUES (551, 'ISOFT at QALD-4: Semantic Similarity-based Question Answering System over Linked Data.', 2014, '2014-09-10', 'conf/clef/ParkSL14', 'http://ceur-ws.org/Vol-1180/CLEF2014wn-QA-ParkEt2014.pdf');
INSERT INTO Write (AuthorID, PaperID) VALUES (1120, 551);
INSERT INTO Paper (PaperID, Title, Year, MDate, Key, DOI) VALUES (2012, 'ISOFT at QALD-5: Hybrid Question Answering System over Linked Data and Text Data.', 2015, '2015-09-03', 'conf/clef/ParkKKL15', 'http://ceur-ws.org/Vol-1391/127-CR.pdf');
INSERT INTO Write (AuthorID, PaperID) VALUES (1120, 2012);
INSERT INTO Author (AuthorID, Name) VALUES (1121, 'George Rosca');
INSERT INTO Write (AuthorID, PaperID) VALUES (1121, 1117);
INSERT INTO Write (AuthorID, PaperID) VALUES (1121, 1840);
INSERT INTO Author (AuthorID, Name) VALUES (1122, 'Daniel Dichiu');
INSERT INTO Paper (PaperID, Title, Year, MDate, Key, DOI) VALUES (961, 'Using Machine Learning Algorithms for Author Profiling In Social Media.', 2016, '2016-08-11', 'conf/clef/DichiuR16', 'http://ceur-ws.org/Vol-1609/16090858.pdf');
INSERT INTO Write (AuthorID, PaperID) VALUES (1122, 961);
INSERT INTO Paper (PaperID, Title, Year, MDate, Key, DOI) VALUES (2819, 'Automatic Profiling of Twitter Users Based on Their Tweets: Notebook for PAN at CLEF 2015.', 2015, '2015-09-03', 'conf/clef/SuleaD15', 'http://ceur-ws.org/Vol-1391/48-CR.pdf');
INSERT INTO Write (AuthorID, PaperID) VALUES (1122, 2819);
INSERT INTO Author (AuthorID, Name) VALUES (1123, 'Loredana Vamanu');
INSERT INTO Write (AuthorID, PaperID) VALUES (1123, 733);
INSERT INTO Write (AuthorID, PaperID) VALUES (1123, 887);
INSERT INTO Author (AuthorID, Name) VALUES (1124, 'Rosa Mar&iacute;a Ortega-Mendoza');
INSERT INTO Write (AuthorID, PaperID) VALUES (1124, 1977);
INSERT INTO Write (AuthorID, PaperID) VALUES (1124, 2080);
INSERT INTO Author (AuthorID, Name) VALUES (1125, 'Zhijuan Zhang');
INSERT INTO Write (AuthorID, PaperID) VALUES (1125, 343);
INSERT INTO Write (AuthorID, PaperID) VALUES (1125, 1565);
INSERT INTO Author (AuthorID, Name) VALUES (1126, 'Jen-Yuan Yeh');
INSERT INTO Write (AuthorID, PaperID) VALUES (1126, 1150);
INSERT INTO Write (AuthorID, PaperID) VALUES (1126, 1872);
INSERT INTO Author (AuthorID, Name) VALUES (1127, 'Konstantinos Zagoris');
INSERT INTO Write (AuthorID, PaperID) VALUES (1127, 298);
INSERT INTO Write (AuthorID, PaperID) VALUES (1127, 2295);
INSERT INTO Author (AuthorID, Name) VALUES (1128, 'Faisal Alvi');
INSERT INTO Write (AuthorID, PaperID) VALUES (1128, 318);
INSERT INTO Write (AuthorID, PaperID) VALUES (1128, 2698);
INSERT INTO Author (AuthorID, Name) VALUES (1129, 'Juan Manuel Cigarr&aacute;n Recuero');
INSERT INTO Write (AuthorID, PaperID) VALUES (1129, 1477);
INSERT INTO Write (AuthorID, PaperID) VALUES (1129, 2430);
INSERT INTO Author (AuthorID, Name) VALUES (1130, 'Andr&eacute;s Montejo');
INSERT INTO Write (AuthorID, PaperID) VALUES (1130, 1368);
INSERT INTO Write (AuthorID, PaperID) VALUES (1130, 2429);
INSERT INTO Author (AuthorID, Name) VALUES (1131, 'Michael Bagur');
INSERT INTO Write (AuthorID, PaperID) VALUES (1131, 229);
INSERT INTO Write (AuthorID, PaperID) VALUES (1131, 3237);
INSERT INTO Author (AuthorID, Name) VALUES (1132, 'Ben Carterette');
INSERT INTO Write (AuthorID, PaperID) VALUES (1132, 839);
INSERT INTO Write (AuthorID, PaperID) VALUES (1132, 2573);
INSERT INTO Author (AuthorID, Name) VALUES (1133, 'Damian Bargiel');
INSERT INTO Write (AuthorID, PaperID) VALUES (1133, 266);
INSERT INTO Write (AuthorID, PaperID) VALUES (1133, 783);
INSERT INTO Author (AuthorID, Name) VALUES (1134, 'Corina Dima');
INSERT INTO Paper (PaperID, Title, Year, MDate, Key, DOI) VALUES (2499, 'Intui2: A Prototype System for Question Answering over Linked Data.', 2013, '2014-09-10', 'conf/clef/Dima13', 'http://ceur-ws.org/Vol-1179/CLEF2013wn-QALD3-Dima2013.pdf');
INSERT INTO Write (AuthorID, PaperID) VALUES (1134, 2499);
INSERT INTO Paper (PaperID, Title, Year, MDate, Key, DOI) VALUES (2961, 'Answering Natural Language Questions with Intui3.', 2014, '2014-09-10', 'conf/clef/Dima14', 'http://ceur-ws.org/Vol-1180/CLEF2014wn-QA-Dima2014.pdf');
INSERT INTO Write (AuthorID, PaperID) VALUES (1134, 2961);
INSERT INTO Author (AuthorID, Name) VALUES (1135, 'Hatem Awadi');
INSERT INTO Write (AuthorID, PaperID) VALUES (1135, 1406);
INSERT INTO Write (AuthorID, PaperID) VALUES (1135, 3061);
INSERT INTO Author (AuthorID, Name) VALUES (1136, 'Jacinto Mata V&aacute;zquez');
INSERT INTO Paper (PaperID, Title, Year, MDate, Key, DOI) VALUES (2276, 'LABERINTO at ImageCLEF 2012 Medical Image Retrieval Task.', 2012, '2014-09-24', 'conf/clef/CrespoVL12', 'http://www.clef-initiative.eu/documents/71612/e6903637-3d17-4f8a-b193-fdce885e2966');
INSERT INTO Write (AuthorID, PaperID) VALUES (1136, 2276);
INSERT INTO Paper (PaperID, Title, Year, MDate, Key, DOI) VALUES (3275, 'LABERINTO at ImageCLEF 2011 Medical Image Retrieval Task.', 2011, '2014-09-24', 'conf/clef/VazquezCL11', 'http://www.clef-initiative.eu/documents/71612/86377/CLEF2011wn-ImageCLEF-MataEt2011.pdf');
INSERT INTO Write (AuthorID, PaperID) VALUES (1136, 3275);
INSERT INTO Author (AuthorID, Name) VALUES (1137, 'David M. Zajic');
INSERT INTO Write (AuthorID, PaperID) VALUES (1137, 1946);
INSERT INTO Write (AuthorID, PaperID) VALUES (1137, 2970);
INSERT INTO Author (AuthorID, Name) VALUES (1138, 'Yuanning Li');
INSERT INTO Paper (PaperID, Title, Year, MDate, Key, DOI) VALUES (26, 'Large-Scale Cross-Media Retrieval of WikipediaMM Images with Textual and Visual Query Expansion.', 2008, '2018-03-12', 'conf/clef/ZhouTLHG08', 'https://doi.org/10.1007/978-3-642-04447-2_99');
INSERT INTO Write (AuthorID, PaperID) VALUES (1138, 26);
INSERT INTO Paper (PaperID, Title, Year, MDate, Key, DOI) VALUES (1699, 'PKU at ImageCLEF 2008: Experiments with Query Extension Techniques for Text-Based and Content-Based Image Retrieval.', 2008, '2018-03-12', 'conf/clef/ZhouTLLHG08', 'http://ceur-ws.org/Vol-1174/CLEF2008wn-ImageCLEF-ZhouEt2008b.pdf');
INSERT INTO Write (AuthorID, PaperID) VALUES (1138, 1699);
INSERT INTO Author (AuthorID, Name) VALUES (1139, 'Anna Beyer');
INSERT INTO Write (AuthorID, PaperID) VALUES (1139, 323);
INSERT INTO Write (AuthorID, PaperID) VALUES (1139, 1720);
INSERT INTO Author (AuthorID, Name) VALUES (1140, 'Linlin Ge');
INSERT INTO Paper (PaperID, Title, Year, MDate, Key, DOI) VALUES (576, 'UNSW at GeoCLEF 2006.', 2006, '2014-08-15', 'conf/clef/HuG06a', 'http://ceur-ws.org/Vol-1172/CLEF2006wn-GeoCLEF-HuEt2006.pdf');
INSERT INTO Write (AuthorID, PaperID) VALUES (1140, 576);
INSERT INTO Paper (PaperID, Title, Year, MDate, Key, DOI) VALUES (2413, 'The University of New South Wales at GeoCLEF 2006.', 2006, '2017-05-24', 'conf/clef/HuG06', 'https://doi.org/10.1007/978-3-540-74999-8_115');
INSERT INTO Write (AuthorID, PaperID) VALUES (1140, 2413);
INSERT INTO Author (AuthorID, Name) VALUES (1141, 'Gracinda Carvalho');
INSERT INTO Write (AuthorID, PaperID) VALUES (1141, 1904);
INSERT INTO Write (AuthorID, PaperID) VALUES (1141, 2497);
INSERT INTO Author (AuthorID, Name) VALUES (1142, 'I&ntilde;aki Alegr&iacute;a Loinaz');
INSERT INTO Write (AuthorID, PaperID) VALUES (1142, 907);
INSERT INTO Write (AuthorID, PaperID) VALUES (1142, 2789);
INSERT INTO Author (AuthorID, Name) VALUES (1143, 'Jiayu Tang');
INSERT INTO Write (AuthorID, PaperID) VALUES (1143, 57);
INSERT INTO Write (AuthorID, PaperID) VALUES (1143, 1769);
INSERT INTO Author (AuthorID, Name) VALUES (1144, 'Kirat Sekhon');
INSERT INTO Write (AuthorID, PaperID) VALUES (1144, 87);
INSERT INTO Write (AuthorID, PaperID) VALUES (1144, 782);
INSERT INTO Author (AuthorID, Name) VALUES (1145, 'Guido de Croon');
INSERT INTO Write (AuthorID, PaperID) VALUES (1145, 1645);
INSERT INTO Write (AuthorID, PaperID) VALUES (1145, 2827);
INSERT INTO Author (AuthorID, Name) VALUES (1146, 'Franck Sajous');
INSERT INTO Write (AuthorID, PaperID) VALUES (1146, 830);
INSERT INTO Write (AuthorID, PaperID) VALUES (1146, 838);
INSERT INTO Author (AuthorID, Name) VALUES (1147, 'Davide Malagoli');
INSERT INTO Write (AuthorID, PaperID) VALUES (1147, 1104);
INSERT INTO Write (AuthorID, PaperID) VALUES (1147, 1320);
INSERT INTO Author (AuthorID, Name) VALUES (1148, 'Sudeshna Sarkar');
INSERT INTO Paper (PaperID, Title, Year, MDate, Key, DOI) VALUES (1441, 'Bengali and Hindi to English Cross-language Text Retrieval under Limited Resources.', 2007, '2014-09-23', 'conf/clef/MandalDGBS07', 'http://ceur-ws.org/Vol-1173/CLEF2007wn-adhoc-MandalEt2007.pdf');
INSERT INTO Write (AuthorID, PaperID) VALUES (1148, 1441);
INSERT INTO Paper (PaperID, Title, Year, MDate, Key, DOI) VALUES (3007, 'Bengali and Hindi to English CLIR Evaluation.', 2007, '2017-05-24', 'conf/clef/MandalGDBS07', 'https://doi.org/10.1007/978-3-540-85760-0_12');
INSERT INTO Write (AuthorID, PaperID) VALUES (1148, 3007);
INSERT INTO Author (AuthorID, Name) VALUES (1149, 'Azadeh Pishdad');
INSERT INTO Write (AuthorID, PaperID) VALUES (1149, 1909);
INSERT INTO Write (AuthorID, PaperID) VALUES (1149, 3361);
INSERT INTO Author (AuthorID, Name) VALUES (1150, 'J. Andrew McCulloh');
INSERT INTO Write (AuthorID, PaperID) VALUES (1150, 130);
INSERT INTO Write (AuthorID, PaperID) VALUES (1150, 1069);
INSERT INTO Author (AuthorID, Name) VALUES (1151, 'Miguel A. S&aacute;nchez-P&eacute;rez');
INSERT INTO Write (AuthorID, PaperID) VALUES (1151, 1386);
INSERT INTO Write (AuthorID, PaperID) VALUES (1151, 3469);
INSERT INTO Author (AuthorID, Name) VALUES (1152, 'Dipasree Pal');
INSERT INTO Write (AuthorID, PaperID) VALUES (1152, 312);
INSERT INTO Write (AuthorID, PaperID) VALUES (1152, 2664);
INSERT INTO Author (AuthorID, Name) VALUES (1153, 'Novi Patricia');
INSERT INTO Write (AuthorID, PaperID) VALUES (1153, 408);
INSERT INTO Write (AuthorID, PaperID) VALUES (1153, 1068);
INSERT INTO Author (AuthorID, Name) VALUES (1154, 'Jiyin He');
INSERT INTO Write (AuthorID, PaperID) VALUES (1154, 1125);
INSERT INTO Write (AuthorID, PaperID) VALUES (1154, 2065);
INSERT INTO Author (AuthorID, Name) VALUES (1155, 'Laurianne Sitbon');
INSERT INTO Write (AuthorID, PaperID) VALUES (1155, 1042);
INSERT INTO Write (AuthorID, PaperID) VALUES (1155, 2441);
INSERT INTO Author (AuthorID, Name) VALUES (1156, 'Sujan Kumar Saha');
INSERT INTO Paper (PaperID, Title, Year, MDate, Key, DOI) VALUES (1451, 'A Statistical Analysis Approach to Author Identification Using Latent Semantic Analysis.', 2014, '2014-09-10', 'conf/clef/SatyamADS14', 'http://ceur-ws.org/Vol-1180/CLEF2014wn-Pan-SatyamEt2014.pdf');
INSERT INTO Write (AuthorID, PaperID) VALUES (1156, 1451);
INSERT INTO Paper (PaperID, Title, Year, MDate, Key, DOI) VALUES (1805, 'Experiments on Document Chunking and Query Formation for Plagiarism Source Retrieval.', 2014, '2014-09-10', 'conf/clef/PrakashS14', 'http://ceur-ws.org/Vol-1180/CLEF2014wn-Pan-PrakashEt2014.pdf');
INSERT INTO Write (AuthorID, PaperID) VALUES (1156, 1805);
INSERT INTO Author (AuthorID, Name) VALUES (1157, 'Ioannis Partalas');
INSERT INTO Write (AuthorID, PaperID) VALUES (1157, 749);
INSERT INTO Write (AuthorID, PaperID) VALUES (1157, 1633);
INSERT INTO Author (AuthorID, Name) VALUES (1158, 'Vicente Morell');
INSERT INTO Write (AuthorID, PaperID) VALUES (1158, 1068);
INSERT INTO Write (AuthorID, PaperID) VALUES (1158, 2046);
INSERT INTO Author (AuthorID, Name) VALUES (1159, 'Paul Mousset');
INSERT INTO Write (AuthorID, PaperID) VALUES (1159, 228);
INSERT INTO Write (AuthorID, PaperID) VALUES (1159, 1933);
INSERT INTO Author (AuthorID, Name) VALUES (1160, 'Doaa Samy');
INSERT INTO Write (AuthorID, PaperID) VALUES (1160, 1231);
INSERT INTO Write (AuthorID, PaperID) VALUES (1160, 1669);
INSERT INTO Author (AuthorID, Name) VALUES (1161, 'Liming Chen 0002');
INSERT INTO Write (AuthorID, PaperID) VALUES (1161, 702);
INSERT INTO Write (AuthorID, PaperID) VALUES (1161, 1252);
INSERT INTO Author (AuthorID, Name) VALUES (1162, 'Sara Atito');
INSERT INTO Write (AuthorID, PaperID) VALUES (1162, 322);
INSERT INTO Write (AuthorID, PaperID) VALUES (1162, 1714);
INSERT INTO Author (AuthorID, Name) VALUES (1163, 'Dhruv Khattar');
INSERT INTO Write (AuthorID, PaperID) VALUES (1163, 1722);
INSERT INTO Write (AuthorID, PaperID) VALUES (1163, 2737);
INSERT INTO Author (AuthorID, Name) VALUES (1164, 'Zi Yang');
INSERT INTO Paper (PaperID, Title, Year, MDate, Key, DOI) VALUES (718, 'Building Optimal Question Answering System Automatically using Configuration Space Exploration (CSE) for QA4MRE 2013 Tasks.', 2013, '2014-09-10', 'conf/clef/PatelYNM13', 'http://ceur-ws.org/Vol-1179/CLEF2013wn-QA4MRE-PatelEt2013.pdf');
INSERT INTO Write (AuthorID, PaperID) VALUES (1164, 718);
INSERT INTO Paper (PaperID, Title, Year, MDate, Key, DOI) VALUES (3403, 'Learning to Answer Biomedical Factoid 800Aamp; List Questions: OAQA at BioASQ 3B.', 2015, '2015-09-03', 'conf/clef/YangGSXZN15', 'http://ceur-ws.org/Vol-1391/114-CR.pdf');
INSERT INTO Write (AuthorID, PaperID) VALUES (1164, 3403);
INSERT INTO Author (AuthorID, Name) VALUES (1165, 'Xue Li');
INSERT INTO Write (AuthorID, PaperID) VALUES (1165, 764);
INSERT INTO Write (AuthorID, PaperID) VALUES (1165, 2177);
INSERT INTO Author (AuthorID, Name) VALUES (1166, 'Prokopis Prokopidis');
INSERT INTO Write (AuthorID, PaperID) VALUES (1166, 907);
INSERT INTO Write (AuthorID, PaperID) VALUES (1166, 1205);
INSERT INTO Author (AuthorID, Name) VALUES (1167, 'Etienne Gadeski');
INSERT INTO Write (AuthorID, PaperID) VALUES (1167, 447);
INSERT INTO Write (AuthorID, PaperID) VALUES (1167, 1273);
INSERT INTO Author (AuthorID, Name) VALUES (1168, 'Christian R. Huyck');
INSERT INTO Write (AuthorID, PaperID) VALUES (1168, 156);
INSERT INTO Write (AuthorID, PaperID) VALUES (1168, 2787);
INSERT INTO Author (AuthorID, Name) VALUES (1169, 'L&eacute;a Laporte');
INSERT INTO Write (AuthorID, PaperID) VALUES (1169, 1258);
INSERT INTO Write (AuthorID, PaperID) VALUES (1169, 1542);
INSERT INTO Author (AuthorID, Name) VALUES (1170, 'Kareem Darwish');
INSERT INTO Write (AuthorID, PaperID) VALUES (1170, 914);
INSERT INTO Write (AuthorID, PaperID) VALUES (1170, 3168);
INSERT INTO Author (AuthorID, Name) VALUES (1171, 'Jo&atilde;o Batista Florindo');
INSERT INTO Paper (PaperID, Title, Year, MDate, Key, DOI) VALUES (2044, 'IFSC/USP at ImageCLEF 2012: Plant Identification Task.', 2012, '2014-09-24', 'conf/clef/CasanovaFGB12', 'http://www.clef-initiative.eu/documents/71612/be6b7d7a-ae92-4e56-9ef3-198482d8e96b');
INSERT INTO Write (AuthorID, PaperID) VALUES (1171, 2044);
INSERT INTO Paper (PaperID, Title, Year, MDate, Key, DOI) VALUES (2628, 'IFSC/USP at ImageCLEF 2011: Plant Identication Task.', 2011, '2014-09-24', 'conf/clef/CasanovaFB11', 'http://www.clef-initiative.eu/documents/71612/86377/CLEF2011wn-ImageCLEF-CasanovaEt2011.pdf');
INSERT INTO Write (AuthorID, PaperID) VALUES (1171, 2628);
INSERT INTO Author (AuthorID, Name) VALUES (1172, 'Alaa Halawani');
INSERT INTO Paper (PaperID, Title, Year, MDate, Key, DOI) VALUES (2637, 'Grayscale Radiograph Annotation Using Local Relational Features.', 2006, '2017-05-24', 'conf/clef/SetiaTHB06', 'https://doi.org/10.1007/978-3-540-74999-8_79');
INSERT INTO Write (AuthorID, PaperID) VALUES (1172, 2637);
INSERT INTO Paper (PaperID, Title, Year, MDate, Key, DOI) VALUES (2967, 'University of Freiburg at ImageCLEF06 - Radiograph Annotation Using Local Relational Features.', 2006, '2014-08-15', 'conf/clef/SetiaTHB06a', 'http://ceur-ws.org/Vol-1172/CLEF2006wn-ImageCLEF-SetiaEt2006.pdf');
INSERT INTO Write (AuthorID, PaperID) VALUES (1172, 2967);
INSERT INTO Author (AuthorID, Name) VALUES (1173, 'Rafael Mu&ntilde;oz Guillena');
INSERT INTO Write (AuthorID, PaperID) VALUES (1173, 705);
INSERT INTO Write (AuthorID, PaperID) VALUES (1173, 3476);
INSERT INTO Author (AuthorID, Name) VALUES (1174, 'Thijs Westerveld');
INSERT INTO Write (AuthorID, PaperID) VALUES (1174, 1766);
INSERT INTO Write (AuthorID, PaperID) VALUES (1174, 1815);
INSERT INTO Author (AuthorID, Name) VALUES (1175, 'Faneva Ramiandrisoa');
INSERT INTO Write (AuthorID, PaperID) VALUES (1175, 811);
INSERT INTO Write (AuthorID, PaperID) VALUES (1175, 3140);
INSERT INTO Author (AuthorID, Name) VALUES (1176, 'Zulfat Miftahutdinov');
INSERT INTO Paper (PaperID, Title, Year, MDate, Key, DOI) VALUES (60, 'KFU at CLEF eHealth 2017 Task 1: ICD-10 Coding of English Death Certificates with Recurrent Neural Networks.', 2017, '2017-08-15', 'conf/clef/MiftahutdinovT17', 'http://ceur-ws.org/Vol-1866/paper_64.pdf');
INSERT INTO Write (AuthorID, PaperID) VALUES (1176, 60);
INSERT INTO Paper (PaperID, Title, Year, MDate, Key, DOI) VALUES (434, 'Deep Learning for ICD Coding: Looking for Medical Concepts in Clinical Documents in English and in French.', 2017, '2018-08-20', 'conf/clef/MiftahutdinovT17a', 'https://doi.org/10.1007/978-3-319-98932-7_19');
INSERT INTO Write (AuthorID, PaperID) VALUES (1176, 434);
INSERT INTO Author (AuthorID, Name) VALUES (1177, 'Attila Pereszl&eacute;nyi');
INSERT INTO Write (AuthorID, PaperID) VALUES (1177, 1702);
INSERT INTO Write (AuthorID, PaperID) VALUES (1177, 2056);
INSERT INTO Author (AuthorID, Name) VALUES (1178, 'Angelo Basile');
INSERT INTO Write (AuthorID, PaperID) VALUES (1178, 947);
INSERT INTO Write (AuthorID, PaperID) VALUES (1178, 1826);
INSERT INTO Author (AuthorID, Name) VALUES (1179, 'A. Kumaran 0001');
INSERT INTO Paper (PaperID, Title, Year, MDate, Key, DOI) VALUES (70, 'Cross-Lingual Information Retrieval System for Indian Languages.', 2007, '2017-01-04', 'conf/clef/JagarlamudiK07a', 'http://ceur-ws.org/Vol-1173/CLEF2007wn-adhoc-JagarlamudiEt2007.pdf');
INSERT INTO Write (AuthorID, PaperID) VALUES (1179, 70);
INSERT INTO Paper (PaperID, Title, Year, MDate, Key, DOI) VALUES (2503, 'Cross-Lingual Information Retrieval System for Indian Languages.', 2007, '2017-05-24', 'conf/clef/JagarlamudiK07', 'https://doi.org/10.1007/978-3-540-85760-0_10');
INSERT INTO Write (AuthorID, PaperID) VALUES (1179, 2503);
INSERT INTO Author (AuthorID, Name) VALUES (1180, 'Sofi&egrave;ne Mouine');
INSERT INTO Write (AuthorID, PaperID) VALUES (1180, 1811);
INSERT INTO Write (AuthorID, PaperID) VALUES (1180, 2830);
INSERT INTO Author (AuthorID, Name) VALUES (1181, 'Dongqing Zhu');
INSERT INTO Write (AuthorID, PaperID) VALUES (1181, 839);
INSERT INTO Write (AuthorID, PaperID) VALUES (1181, 2573);
INSERT INTO Author (AuthorID, Name) VALUES (1182, 'Theo W. C. Huibers');
INSERT INTO Write (AuthorID, PaperID) VALUES (1182, 2476);
INSERT INTO Write (AuthorID, PaperID) VALUES (1182, 2620);
INSERT INTO Author (AuthorID, Name) VALUES (1183, 'Ernesto Jim&eacute;nez');
INSERT INTO Write (AuthorID, PaperID) VALUES (1183, 2033);
INSERT INTO Write (AuthorID, PaperID) VALUES (1183, 2085);
INSERT INTO Author (AuthorID, Name) VALUES (1184, 'Patrick Probst');
INSERT INTO Write (AuthorID, PaperID) VALUES (1184, 559);
INSERT INTO Write (AuthorID, PaperID) VALUES (1184, 1661);
INSERT INTO Author (AuthorID, Name) VALUES (1185, 'Aminul Islam');
INSERT INTO Write (AuthorID, PaperID) VALUES (1185, 21);
INSERT INTO Write (AuthorID, PaperID) VALUES (1185, 2293);
INSERT INTO Author (AuthorID, Name) VALUES (1186, 'Shanfeng Zhu');
INSERT INTO Paper (PaperID, Title, Year, MDate, Key, DOI) VALUES (81, 'The Fudan Participation in the 2015 BioASQ Challenge: Large-scale Biomedical Semantic Indexing and Question Answering.', 2015, '2015-09-03', 'conf/clef/PengYXWZZ15', 'http://ceur-ws.org/Vol-1391/88-CR.pdf');
INSERT INTO Write (AuthorID, PaperID) VALUES (1186, 81);
INSERT INTO Paper (PaperID, Title, Year, MDate, Key, DOI) VALUES (3249, 'The Fudan-UIUC Participation in the BioASQ Challenge Task 2a: The Antinomyra system.', 2014, '2014-09-21', 'conf/clef/LiuWPZZ14', 'http://ceur-ws.org/Vol-1180/CLEF2014wn-QA-LiuEt2014.pdf');
INSERT INTO Write (AuthorID, PaperID) VALUES (1186, 3249);
INSERT INTO Author (AuthorID, Name) VALUES (1187, 'Immanuel Schwall');
INSERT INTO Write (AuthorID, PaperID) VALUES (1187, 870);
INSERT INTO Write (AuthorID, PaperID) VALUES (1187, 2132);
INSERT INTO Author (AuthorID, Name) VALUES (1188, 'Piotr Malak');
INSERT INTO Write (AuthorID, PaperID) VALUES (1188, 507);
INSERT INTO Paper (PaperID, Title, Year, MDate, Key, DOI) VALUES (2241, 'The Polish Task within Cultural Heritage in CLEF (CHiC) 2013. Torun Runs.', 2013, '2014-09-10', 'conf/clef/Malak13', 'http://ceur-ws.org/Vol-1179/CLEF2013wn-CHiC-Malak2013.pdf');
INSERT INTO Write (AuthorID, PaperID) VALUES (1188, 2241);
INSERT INTO Author (AuthorID, Name) VALUES (1189, 'John A. Goldsmith');
INSERT INTO Paper (PaperID, Title, Year, MDate, Key, DOI) VALUES (1276, 'Automatic Morphology (Summary).', 2000, '2014-08-15', 'conf/clef/GoldsmithSH00', 'http://ceur-ws.org/Vol-1166/CLEF2000wn-adhoc-GoldsmithEt2000.pdf');
INSERT INTO Write (AuthorID, PaperID) VALUES (1189, 1276);
INSERT INTO Paper (PaperID, Title, Year, MDate, Key, DOI) VALUES (1290, 'Automatic Language-Specific Stemming in Information Retrieval.', 2000, '2017-05-24', 'conf/clef/GoldsmithHS00', 'https://doi.org/10.1007/3-540-44645-1_27');
INSERT INTO Write (AuthorID, PaperID) VALUES (1189, 1290);
INSERT INTO Author (AuthorID, Name) VALUES (1190, 'Xiangyang Li 0002');
INSERT INTO Write (AuthorID, PaperID) VALUES (1190, 764);
INSERT INTO Write (AuthorID, PaperID) VALUES (1190, 2177);
INSERT INTO Author (AuthorID, Name) VALUES (1191, 'Shengwen Peng');
INSERT INTO Write (AuthorID, PaperID) VALUES (1191, 81);
INSERT INTO Write (AuthorID, PaperID) VALUES (1191, 3249);
INSERT INTO Author (AuthorID, Name) VALUES (1192, 'Robert Layton');
INSERT INTO Paper (PaperID, Title, Year, MDate, Key, DOI) VALUES (1122, 'A Simple Local n-gram Ensemble for Authorship Verification.', 2014, '2014-09-10', 'conf/clef/Layton14', 'http://ceur-ws.org/Vol-1180/CLEF2014wn-Pan-Layton2014.pdf');
INSERT INTO Write (AuthorID, PaperID) VALUES (1192, 1122);
INSERT INTO Paper (PaperID, Title, Year, MDate, Key, DOI) VALUES (1135, 'Local n-grams for Author Identification Notebook for PAN at CLEF 2013.', 2013, '2014-09-10', 'conf/clef/LaytonWD13', 'http://ceur-ws.org/Vol-1179/CLEF2013wn-PAN-LaytonEt2013.pdf');
INSERT INTO Write (AuthorID, PaperID) VALUES (1192, 1135);
INSERT INTO Author (AuthorID, Name) VALUES (1193, 'Braja Gopal Patra');
INSERT INTO Write (AuthorID, PaperID) VALUES (1193, 555);
INSERT INTO Write (AuthorID, PaperID) VALUES (1193, 3375);
INSERT INTO Author (AuthorID, Name) VALUES (1194, 'Feifan Liu');
INSERT INTO Paper (PaperID, Title, Year, MDate, Key, DOI) VALUES (3253, 'UMass at ImageCLEF Caption Prediction 2018 Task.', 2018, '2018-08-08', 'conf/clef/SuLR18', 'http://ceur-ws.org/Vol-2125/paper_155.pdf');
INSERT INTO Write (AuthorID, PaperID) VALUES (1194, 3253);
INSERT INTO Paper (PaperID, Title, Year, MDate, Key, DOI) VALUES (3340, 'UMass at ImageCLEF Medical Visual Question Answering(Med-VQA) 2018 Task.', 2018, '2018-08-08', 'conf/clef/PengL18', 'http://ceur-ws.org/Vol-2125/paper_163.pdf');
INSERT INTO Write (AuthorID, PaperID) VALUES (1194, 3340);
INSERT INTO Author (AuthorID, Name) VALUES (1195, 'Alexei Yavlinsky');
INSERT INTO Write (AuthorID, PaperID) VALUES (1195, 2732);
INSERT INTO Write (AuthorID, PaperID) VALUES (1195, 3270);
INSERT INTO Author (AuthorID, Name) VALUES (1196, 'Cheng Tan');
INSERT INTO Write (AuthorID, PaperID) VALUES (1196, 1486);
INSERT INTO Write (AuthorID, PaperID) VALUES (1196, 1793);
INSERT INTO Author (AuthorID, Name) VALUES (1197, 'Assaf B. Spanier');
INSERT INTO Paper (PaperID, Title, Year, MDate, Key, DOI) VALUES (141, 'Towards Content-Based Image Retrieval: From Computer Generated Features to Semantic Descriptions of Liver CT Scans.', 2014, '2015-02-23', 'conf/clef/SpanierJ14', 'http://ceur-ws.org/Vol-1180/CLEF2014wn-Image-SpanierEt2014.pdf');
INSERT INTO Write (AuthorID, PaperID) VALUES (1197, 141);
INSERT INTO Paper (PaperID, Title, Year, MDate, Key, DOI) VALUES (2810, 'Automatic Classification of Body Parts X-ray Images.', 2015, '2015-09-03', 'conf/clef/AboudSJ15', 'http://ceur-ws.org/Vol-1391/47-CR.pdf');
INSERT INTO Write (AuthorID, PaperID) VALUES (1197, 2810);
INSERT INTO Author (AuthorID, Name) VALUES (1198, 'Antonio Toral Ruiz');
INSERT INTO Write (AuthorID, PaperID) VALUES (1198, 112);
INSERT INTO Write (AuthorID, PaperID) VALUES (1198, 1239);
INSERT INTO Author (AuthorID, Name) VALUES (1199, 'Anthony N. Nguyen');
INSERT INTO Write (AuthorID, PaperID) VALUES (1199, 674);
INSERT INTO Write (AuthorID, PaperID) VALUES (1199, 1326);
INSERT INTO Author (AuthorID, Name) VALUES (1200, 'Hector Llorens');
INSERT INTO Write (AuthorID, PaperID) VALUES (1200, 2207);
INSERT INTO Write (AuthorID, PaperID) VALUES (1200, 2733);
INSERT INTO Author (AuthorID, Name) VALUES (1201, 'Sabino Miranda-Jim&eacute;nez');
INSERT INTO Paper (PaperID, Title, Year, MDate, Key, DOI) VALUES (1256, 'Gender and language-variety Identification with MicroTC.', 2017, '2017-08-15', 'conf/clef/TellezMGM17', 'http://ceur-ws.org/Vol-1866/paper_104.pdf');
INSERT INTO Write (AuthorID, PaperID) VALUES (1201, 1256);
INSERT INTO Paper (PaperID, Title, Year, MDate, Key, DOI) VALUES (2393, 'Gender Identification through Multi-modal Tweet Analysis using MicroTC and Bag of Visual Words: Notebook for PAN at CLEF 2018.', 2018, '2018-08-08', 'conf/clef/TellezMMGSO18', 'http://ceur-ws.org/Vol-2125/paper_164.pdf');
INSERT INTO Write (AuthorID, PaperID) VALUES (1201, 2393);
INSERT INTO Author (AuthorID, Name) VALUES (1202, 'Richard Dufour');
INSERT INTO Write (AuthorID, PaperID) VALUES (1202, 2289);
INSERT INTO Write (AuthorID, PaperID) VALUES (1202, 2602);
INSERT INTO Author (AuthorID, Name) VALUES (1203, 'Yaakov HaCohen-Kerner');
INSERT INTO Paper (PaperID, Title, Year, MDate, Key, DOI) VALUES (2194, 'Cross-domain Authorship Attribution: Author Identification using Char Sequences, Word Uni-grams, and POS-tags Features: Notebook for PAN at CLEF 2018.', 2018, '2018-08-08', 'conf/clef/HaCohen-KernerM18', 'http://ceur-ws.org/Vol-2125/paper_75.pdf');
INSERT INTO Write (AuthorID, PaperID) VALUES (1203, 2194);
INSERT INTO Paper (PaperID, Title, Year, MDate, Key, DOI) VALUES (2683, 'Author Profiling: Gender Prediction from Tweets and Images: Notebook for PAN at CLEF 2018.', 2018, '2018-08-08', 'conf/clef/HaCohen-KernerY18', 'http://ceur-ws.org/Vol-2125/paper_74.pdf');
INSERT INTO Write (AuthorID, PaperID) VALUES (1203, 2683);
INSERT INTO Author (AuthorID, Name) VALUES (1204, 'Mohamed Ettaleb');
INSERT INTO Write (AuthorID, PaperID) VALUES (1204, 1806);
INSERT INTO Paper (PaperID, Title, Year, MDate, Key, DOI) VALUES (1817, 'INEX2014: Tweet Contextualization Using Association Rules between Terms.', 2014, '2014-09-10', 'conf/clef/ZinglaELS14', 'http://ceur-ws.org/Vol-1180/CLEF2014wn-Inex-ZinglaEt2014.pdf');
INSERT INTO Write (AuthorID, PaperID) VALUES (1204, 1817);
INSERT INTO Author (AuthorID, Name) VALUES (1205, 'Juan D. Vel&aacute;squez');
INSERT INTO Write (AuthorID, PaperID) VALUES (1205, 568);
INSERT INTO Write (AuthorID, PaperID) VALUES (1205, 739);
INSERT INTO Author (AuthorID, Name) VALUES (1206, 'Chedid Haddad');
INSERT INTO Write (AuthorID, PaperID) VALUES (1206, 2865);
INSERT INTO Write (AuthorID, PaperID) VALUES (1206, 3048);
INSERT INTO Author (AuthorID, Name) VALUES (1207, 'Qian Zhu');
INSERT INTO Write (AuthorID, PaperID) VALUES (1207, 1095);
INSERT INTO Write (AuthorID, PaperID) VALUES (1207, 1711);
INSERT INTO Author (AuthorID, Name) VALUES (1208, 'Eugenia Matoyo');
INSERT INTO Paper (PaperID, Title, Year, MDate, Key, DOI) VALUES (1797, 'Across the Bridge: CLEF 2001 - Non-english Monolingual Retrieval. The French Task.', 2001, '2017-05-24', 'conf/clef/MatoyoV01', 'https://doi.org/10.1007/3-540-45691-0_27');
INSERT INTO Write (AuthorID, PaperID) VALUES (1208, 1797);
INSERT INTO Paper (PaperID, Title, Year, MDate, Key, DOI) VALUES (1931, 'Across the Bridge: CLEF 2001 - Non-English Monolingual Retrieval. The French task.', 2001, '2014-08-15', 'conf/clef/MatoyoV01a', 'http://ceur-ws.org/Vol-1167/CLEF2001wn-adhoc-MatoyoEt2001.pdf');
INSERT INTO Write (AuthorID, PaperID) VALUES (1208, 1931);
INSERT INTO Author (AuthorID, Name) VALUES (1209, 'Amineh Ghorbani');
INSERT INTO Write (AuthorID, PaperID) VALUES (1209, 1909);
INSERT INTO Write (AuthorID, PaperID) VALUES (1209, 3361);
INSERT INTO Author (AuthorID, Name) VALUES (1210, 'Clara I. Cabezas');
INSERT INTO Write (AuthorID, PaperID) VALUES (1210, 2908);
INSERT INTO Write (AuthorID, PaperID) VALUES (1210, 3493);
INSERT INTO Author (AuthorID, Name) VALUES (1211, 'Fuman Jin');
INSERT INTO Write (AuthorID, PaperID) VALUES (1211, 1753);
INSERT INTO Write (AuthorID, PaperID) VALUES (1211, 3366);
INSERT INTO Author (AuthorID, Name) VALUES (1212, 'Alejandro H&eacute;ctor Toselli');
INSERT INTO Write (AuthorID, PaperID) VALUES (1212, 33);
INSERT INTO Write (AuthorID, PaperID) VALUES (1212, 82);
INSERT INTO Author (AuthorID, Name) VALUES (1213, 'P&eacute;ter Hal&aacute;csy');
INSERT INTO Paper (PaperID, Title, Year, MDate, Key, DOI) VALUES (1035, 'Benefits of deep NLP-based Lemmatization for Information Retrieval.', 2006, '2014-08-15', 'conf/clef/Halacsy06', 'http://ceur-ws.org/Vol-1172/CLEF2006wn-adhoc-Halacsy2006.pdf');
INSERT INTO Write (AuthorID, PaperID) VALUES (1213, 1035);
INSERT INTO Paper (PaperID, Title, Year, MDate, Key, DOI) VALUES (2380, 'Benefits of Resource-Based Stemming in Hungarian Information Retrieval.', 2006, '2017-05-24', 'conf/clef/HalacsyT06', 'https://doi.org/10.1007/978-3-540-74999-8_13');
INSERT INTO Write (AuthorID, PaperID) VALUES (1213, 2380);
INSERT INTO Author (AuthorID, Name) VALUES (1214, 'Daniel Gayo-Avello');
INSERT INTO Write (AuthorID, PaperID) VALUES (1214, 2685);
INSERT INTO Write (AuthorID, PaperID) VALUES (1214, 2782);
INSERT INTO Author (AuthorID, Name) VALUES (1215, 'Irina-Diana Lungu');
INSERT INTO Write (AuthorID, PaperID) VALUES (1215, 1118);
INSERT INTO Write (AuthorID, PaperID) VALUES (1215, 2221);
INSERT INTO Author (AuthorID, Name) VALUES (1216, 'Ulf Leser');
INSERT INTO Paper (PaperID, Title, Year, MDate, Key, DOI) VALUES (113, 'WBI at CLEF eHealth 2018 Task 1: Language-independent ICD-10 Coding using Multi-lingual Embeddings and Recurrent Neural Networks.', 2018, '2018-08-08', 'conf/clef/SevaSL18', 'http://ceur-ws.org/Vol-2125/paper_118.pdf');
INSERT INTO Write (AuthorID, PaperID) VALUES (1216, 113);
INSERT INTO Paper (PaperID, Title, Year, MDate, Key, DOI) VALUES (3298, 'Multi-lingual ICD-10 Coding using a Hybrid rule-based and Supervised Classification Approach at CLEF eHealth 2017.', 2017, '2017-08-15', 'conf/clef/SevaKRL17', 'http://ceur-ws.org/Vol-1866/paper_70.pdf');
INSERT INTO Write (AuthorID, PaperID) VALUES (1216, 3298);
INSERT INTO Author (AuthorID, Name) VALUES (1217, 'Laura-Maria Murtola');
INSERT INTO Write (AuthorID, PaperID) VALUES (1217, 928);
INSERT INTO Write (AuthorID, PaperID) VALUES (1217, 1556);
INSERT INTO Author (AuthorID, Name) VALUES (1218, 'Maria-Hendrike Peetz');
INSERT INTO Write (AuthorID, PaperID) VALUES (1218, 1896);
INSERT INTO Write (AuthorID, PaperID) VALUES (1218, 2440);
INSERT INTO Author (AuthorID, Name) VALUES (1219, 'Alfonso Valencia');
INSERT INTO Write (AuthorID, PaperID) VALUES (1219, 1831);
INSERT INTO Write (AuthorID, PaperID) VALUES (1219, 2468);
INSERT INTO Author (AuthorID, Name) VALUES (1220, 'Jan Paetzold');
INSERT INTO Write (AuthorID, PaperID) VALUES (1220, 642);
INSERT INTO Write (AuthorID, PaperID) VALUES (1220, 2510);
INSERT INTO Author (AuthorID, Name) VALUES (1221, 'Veera Raghavendra Chikka');
INSERT INTO Paper (PaperID, Title, Year, MDate, Key, DOI) VALUES (815, 'Optimizing Apache cTAKES for Disease/Disorder Template Filling: Team HITACHI in the ShARe/CLEF 2014 eHealth Evaluation Lab.', 2014, '2014-09-10', 'conf/clef/JohriNC14', 'http://ceur-ws.org/Vol-1180/CLEF2014wn-eHealth-JohriEt2014.pdf');
INSERT INTO Write (AuthorID, PaperID) VALUES (1221, 815);
INSERT INTO Paper (PaperID, Title, Year, MDate, Key, DOI) VALUES (1737, 'Information Extraction from Clinical Documents: Towards Disease/Disorder Template Filling.', 2015, '2017-05-24', 'conf/clef/ChikkaMNK15', 'https://doi.org/10.1007/978-3-319-24027-5_41');
INSERT INTO Write (AuthorID, PaperID) VALUES (1221, 1737);
INSERT INTO Author (AuthorID, Name) VALUES (1222, 'Elena Lloret');
INSERT INTO Write (AuthorID, PaperID) VALUES (1222, 1951);
INSERT INTO Write (AuthorID, PaperID) VALUES (1222, 2493);
INSERT INTO Author (AuthorID, Name) VALUES (1223, 'Gordon V. Cormack');
INSERT INTO Paper (PaperID, Title, Year, MDate, Key, DOI) VALUES (1727, 'Technology-Assisted Review in Empirical Medicine: Waterloo Participation in CLEF eHealth 2017.', 2017, '2017-08-15', 'conf/clef/CormackG17', 'http://ceur-ws.org/Vol-1866/paper_51.pdf');
INSERT INTO Write (AuthorID, PaperID) VALUES (1223, 1727);
INSERT INTO Paper (PaperID, Title, Year, MDate, Key, DOI) VALUES (2969, 'Technology-Assisted Review in Empirical Medicine: Waterloo Participation in CLEF eHealth 2018.', 2018, '2018-08-08', 'conf/clef/CormackG18', 'http://ceur-ws.org/Vol-2125/paper_89.pdf');
INSERT INTO Write (AuthorID, PaperID) VALUES (1223, 2969);
INSERT INTO Author (AuthorID, Name) VALUES (1224, 'Traian Rebedea');
INSERT INTO Paper (PaperID, Title, Year, MDate, Key, DOI) VALUES (804, 'QAnswer - Enhanced Entity Matching for Question Answering over Linked Data.', 2015, '2015-09-03', 'conf/clef/RusetiMRT15', 'http://ceur-ws.org/Vol-1391/99-CR.pdf');
INSERT INTO Write (AuthorID, PaperID) VALUES (1224, 804);
INSERT INTO Paper (PaperID, Title, Year, MDate, Key, DOI) VALUES (2397, 'Authorship Identification Using a Reduced Set of Linguistic Features.', 2012, '2014-09-24', 'conf/clef/RusetiR12', 'http://www.clef-initiative.eu/documents/71612/ab646da1-51aa-4f48-8a97-608fa67960e1');
INSERT INTO Write (AuthorID, PaperID) VALUES (1224, 2397);
INSERT INTO Author (AuthorID, Name) VALUES (1225, 'Gaston L''Huillier');
INSERT INTO Write (AuthorID, PaperID) VALUES (1225, 568);
INSERT INTO Write (AuthorID, PaperID) VALUES (1225, 739);
INSERT INTO Author (AuthorID, Name) VALUES (1226, 'Jianhan Zhu');
INSERT INTO Write (AuthorID, PaperID) VALUES (1226, 648);
INSERT INTO Write (AuthorID, PaperID) VALUES (1226, 1173);
INSERT INTO Author (AuthorID, Name) VALUES (1227, 'Jingchi Jiang');
INSERT INTO Paper (PaperID, Title, Year, MDate, Key, DOI) VALUES (844, 'WI-ENRE in CLEF eHealth Evaluation Lab 2015: Clinical Named Entity Recognition Based on CRF.', 2015, '2015-09-03', 'conf/clef/JiangGZ15a', 'http://ceur-ws.org/Vol-1391/163-CR.pdf');
INSERT INTO Write (AuthorID, PaperID) VALUES (1227, 844);
INSERT INTO Paper (PaperID, Title, Year, MDate, Key, DOI) VALUES (2713, 'WI-ENRE in CLEF eHealth Evaluation Lab 2015: Clinical Named Entity Recognition Based on CRF.', 2015, '2015-09-03', 'conf/clef/JiangGZ15', 'http://ceur-ws.org/Vol-1391/22-CR.pdf');
INSERT INTO Write (AuthorID, PaperID) VALUES (1227, 2713);
INSERT INTO Author (AuthorID, Name) VALUES (1228, 'Mihaela Juganaru-Mathieu');
INSERT INTO Write (AuthorID, PaperID) VALUES (1228, 1961);
INSERT INTO Write (AuthorID, PaperID) VALUES (1228, 2439);
INSERT INTO Author (AuthorID, Name) VALUES (1229, 'Juan Jos&eacute; Pantrigo');
INSERT INTO Write (AuthorID, PaperID) VALUES (1229, 2744);
INSERT INTO Write (AuthorID, PaperID) VALUES (1229, 2904);
INSERT INTO Author (AuthorID, Name) VALUES (1230, 'Yvonne Skalban');
INSERT INTO Write (AuthorID, PaperID) VALUES (1230, 850);
INSERT INTO Write (AuthorID, PaperID) VALUES (1230, 1255);
INSERT INTO Author (AuthorID, Name) VALUES (1231, 'Dario G. Funez');
INSERT INTO Write (AuthorID, PaperID) VALUES (1231, 1367);
INSERT INTO Write (AuthorID, PaperID) VALUES (1231, 1627);
INSERT INTO Author (AuthorID, Name) VALUES (1232, 'Korn&eacute;l G. Mark&oacute;');
INSERT INTO Write (AuthorID, PaperID) VALUES (1232, 642);
INSERT INTO Write (AuthorID, PaperID) VALUES (1232, 2510);
INSERT INTO Author (AuthorID, Name) VALUES (1233, 'Ismat Ara Reshma');
INSERT INTO Write (AuthorID, PaperID) VALUES (1233, 2513);
INSERT INTO Write (AuthorID, PaperID) VALUES (1233, 2806);
INSERT INTO Author (AuthorID, Name) VALUES (1234, 'Wendy Webber Chapman');
INSERT INTO Paper (PaperID, Title, Year, MDate, Key, DOI) VALUES (1823, 'Developing Resources to Assist in Development and Application of NLP to Clinical Texts.', 2012, '2014-09-24', 'conf/clef/Chapman12', 'http://www.clef-initiative.eu/documents/71612/63f1783f-6189-4b38-931d-e70868d1e203');
INSERT INTO Write (AuthorID, PaperID) VALUES (1234, 1823);
INSERT INTO Write (AuthorID, PaperID) VALUES (1234, 2189);
INSERT INTO Author (AuthorID, Name) VALUES (1235, 'Rejwanul Haque');
INSERT INTO Write (AuthorID, PaperID) VALUES (1235, 2484);
INSERT INTO Write (AuthorID, PaperID) VALUES (1235, 3428);
INSERT INTO Author (AuthorID, Name) VALUES (1236, 'Harith T. Al-Jumaily');
INSERT INTO Write (AuthorID, PaperID) VALUES (1236, 1231);
INSERT INTO Write (AuthorID, PaperID) VALUES (1236, 1669);
INSERT INTO Author (AuthorID, Name) VALUES (1237, 'Rinawati');
INSERT INTO Write (AuthorID, PaperID) VALUES (1237, 980);
INSERT INTO Write (AuthorID, PaperID) VALUES (1237, 1893);
INSERT INTO Author (AuthorID, Name) VALUES (1238, 'Jan-Hendrik Scheufen');
INSERT INTO Write (AuthorID, PaperID) VALUES (1238, 2092);
INSERT INTO Write (AuthorID, PaperID) VALUES (1238, 2801);
INSERT INTO Author (AuthorID, Name) VALUES (1239, 'Alistair Moffat');
INSERT INTO Write (AuthorID, PaperID) VALUES (1239, 807);
INSERT INTO Write (AuthorID, PaperID) VALUES (1239, 1680);
INSERT INTO Author (AuthorID, Name) VALUES (1240, 'M&uuml;jdat &Ccedil;etin');
INSERT INTO Paper (PaperID, Title, Year, MDate, Key, DOI) VALUES (760, 'Automated X-Ray Image Annotation - Single versus Ensemble of Support Vector Machines.', 2009, '2017-05-24', 'conf/clef/UnaySOCE09', 'https://doi.org/10.1007/978-3-642-15751-6_30');
INSERT INTO Write (AuthorID, PaperID) VALUES (1240, 760);
INSERT INTO Paper (PaperID, Title, Year, MDate, Key, DOI) VALUES (2200, 'Medical Image Retrieval and Automatic Annotation: VPA-SABANCI at ImageCLEF 2009.', 2009, '2015-12-04', 'conf/clef/UnaySOCE09a', 'http://ceur-ws.org/Vol-1175/CLEF2009wn-ImageCLEF-UnayEt2009.pdf');
INSERT INTO Write (AuthorID, PaperID) VALUES (1240, 2200);
INSERT INTO Author (AuthorID, Name) VALUES (1241, 'Nicola Cancedda');
INSERT INTO Write (AuthorID, PaperID) VALUES (1241, 241);
INSERT INTO Write (AuthorID, PaperID) VALUES (1241, 2814);
INSERT INTO Author (AuthorID, Name) VALUES (1242, 'Paul R. Dixon');
INSERT INTO Write (AuthorID, PaperID) VALUES (1242, 2277);
INSERT INTO Write (AuthorID, PaperID) VALUES (1242, 3289);
INSERT INTO Author (AuthorID, Name) VALUES (1243, 'Meriem Amina Zingla');
INSERT INTO Write (AuthorID, PaperID) VALUES (1243, 658);
INSERT INTO Write (AuthorID, PaperID) VALUES (1243, 1817);
INSERT INTO Author (AuthorID, Name) VALUES (1244, 'Jos&eacute; Palazzo M. de Oliveira');
INSERT INTO Write (AuthorID, PaperID) VALUES (1244, 1071);
INSERT INTO Write (AuthorID, PaperID) VALUES (1244, 1667);
INSERT INTO Author (AuthorID, Name) VALUES (1245, 'Varun Sood');
INSERT INTO Write (AuthorID, PaperID) VALUES (1245, 1196);
INSERT INTO Write (AuthorID, PaperID) VALUES (1245, 1346);
INSERT INTO Author (AuthorID, Name) VALUES (1246, 'Svetlana Soglasnova');
INSERT INTO Write (AuthorID, PaperID) VALUES (1246, 1276);
INSERT INTO Write (AuthorID, PaperID) VALUES (1246, 1290);
INSERT INTO Author (AuthorID, Name) VALUES (1247, 'Covadonga Rodrigo');
INSERT INTO Paper (PaperID, Title, Year, MDate, Key, DOI) VALUES (2007, 'Experiments in Calibration and Validation for Medical Content-Based Images Retrieval.', 2008, '2017-05-24', 'conf/clef/DelgadoRL08', 'https://doi.org/10.1007/978-3-642-04447-2_92');
INSERT INTO Write (AuthorID, PaperID) VALUES (1247, 2007);
INSERT INTO Write (AuthorID, PaperID) VALUES (1247, 3254);
INSERT INTO Author (AuthorID, Name) VALUES (1248, 'Caroline Sporleder');
INSERT INTO Write (AuthorID, PaperID) VALUES (1248, 2849);
INSERT INTO Write (AuthorID, PaperID) VALUES (1248, 3190);
INSERT INTO Author (AuthorID, Name) VALUES (1249, 'Patr&iacute;cia Sousa');
INSERT INTO Write (AuthorID, PaperID) VALUES (1249, 315);
INSERT INTO Write (AuthorID, PaperID) VALUES (1249, 477);
INSERT INTO Author (AuthorID, Name) VALUES (1250, 'Ren&eacute; Schneider');
INSERT INTO Write (AuthorID, PaperID) VALUES (1250, 1807);
INSERT INTO Write (AuthorID, PaperID) VALUES (1250, 2062);
INSERT INTO Author (AuthorID, Name) VALUES (1251, 'Yan Xu');
INSERT INTO Write (AuthorID, PaperID) VALUES (1251, 1490);
INSERT INTO Write (AuthorID, PaperID) VALUES (1251, 2504);
INSERT INTO Author (AuthorID, Name) VALUES (1252, 'Xinhang Song');
INSERT INTO Write (AuthorID, PaperID) VALUES (1252, 1323);
INSERT INTO Write (AuthorID, PaperID) VALUES (1252, 2177);
INSERT INTO Author (AuthorID, Name) VALUES (1253, 'Anne Verroust-Blondet');
INSERT INTO Write (AuthorID, PaperID) VALUES (1253, 1811);
INSERT INTO Write (AuthorID, PaperID) VALUES (1253, 2830);
INSERT INTO Author (AuthorID, Name) VALUES (1254, 'Eric Blaudez');
INSERT INTO Write (AuthorID, PaperID) VALUES (1254, 1042);
INSERT INTO Write (AuthorID, PaperID) VALUES (1254, 2441);
INSERT INTO Author (AuthorID, Name) VALUES (1255, 'Solange de L. Pertile');
INSERT INTO Write (AuthorID, PaperID) VALUES (1255, 1894);
INSERT INTO Write (AuthorID, PaperID) VALUES (1255, 2211);
INSERT INTO Author (AuthorID, Name) VALUES (1256, 'Ricardo Mones');
INSERT INTO Paper (PaperID, Title, Year, MDate, Key, DOI) VALUES (1244, 'Clustering and Retrieval of Spanish News Documents Using Self Organizing Maps.', 2003, '2014-08-15', 'conf/clef/FernandezMDRC03a', 'http://ceur-ws.org/Vol-1169/CLEF2003wn-adhoc-FernandezEt2003.pdf');
INSERT INTO Write (AuthorID, PaperID) VALUES (1256, 1244);
INSERT INTO Paper (PaperID, Title, Year, MDate, Key, DOI) VALUES (1683, 'Experiments with Self Organizing Maps in CLEF 2003.', 2003, '2017-05-24', 'conf/clef/FernandezMDRC03', 'https://doi.org/10.1007/978-3-540-30222-3_34');
INSERT INTO Write (AuthorID, PaperID) VALUES (1256, 1683);
INSERT INTO Author (AuthorID, Name) VALUES (1257, 'Eric Nyberg');
INSERT INTO Write (AuthorID, PaperID) VALUES (1257, 718);
INSERT INTO Write (AuthorID, PaperID) VALUES (1257, 3403);
INSERT INTO Author (AuthorID, Name) VALUES (1258, 'Mahmood Kazi Mohammed');
INSERT INTO Paper (PaperID, Title, Year, MDate, Key, DOI) VALUES (1779, 'Overview of the ImageCLEF 2015 Medical Clustering Task.', 2015, '2015-09-03', 'conf/clef/AminM15', 'http://ceur-ws.org/Vol-1391/inv-pap1-CR.pdf');
INSERT INTO Write (AuthorID, PaperID) VALUES (1258, 1779);
INSERT INTO Write (AuthorID, PaperID) VALUES (1258, 2308);
INSERT INTO Author (AuthorID, Name) VALUES (1259, 'Ritesh Kumar');
INSERT INTO Paper (PaperID, Title, Year, MDate, Key, DOI) VALUES (179, 'Social Book Search Track: ISM@CLEF''16 Suggestion Task.', 2016, '2016-08-11', 'conf/clef/KumarGP16', 'http://ceur-ws.org/Vol-1609/16091130.pdf');
INSERT INTO Write (AuthorID, PaperID) VALUES (1259, 179);
INSERT INTO Paper (PaperID, Title, Year, MDate, Key, DOI) VALUES (1407, 'Social Book Search Track: ISM@INEX''14 Suggestion Task.', 2014, '2014-09-10', 'conf/clef/KumarP14', 'http://ceur-ws.org/Vol-1180/CLEF2014wn-Inex-KumarEt2014.pdf');
INSERT INTO Write (AuthorID, PaperID) VALUES (1259, 1407);
INSERT INTO Author (AuthorID, Name) VALUES (1260, 'Giovanna Roda');
INSERT INTO Write (AuthorID, PaperID) VALUES (1260, 1664);
INSERT INTO Write (AuthorID, PaperID) VALUES (1260, 3412);
INSERT INTO Author (AuthorID, Name) VALUES (1261, 'Tudor-Alexandru Dobrila');
INSERT INTO Write (AuthorID, PaperID) VALUES (1261, 1118);
INSERT INTO Write (AuthorID, PaperID) VALUES (1261, 2221);
INSERT INTO Author (AuthorID, Name) VALUES (1262, 'Halina Kwasnicka');
INSERT INTO Paper (PaperID, Title, Year, MDate, Key, DOI) VALUES (785, 'The Wroclaw University of Technology Participation at ImageCLEF 2010 Photo Annotation Track.', 2010, '2014-09-24', 'conf/clef/StanekMK10', 'http://www.clef-initiative.eu/documents/71612/86374/CLEF2010wn-ImageCLEF-StanekEt2010.pdf');
INSERT INTO Write (AuthorID, PaperID) VALUES (1262, 785);
INSERT INTO Paper (PaperID, Title, Year, MDate, Key, DOI) VALUES (1096, 'Multimodal Photo Retrieval through Finding Similar Documents Enhanced with Visual Clues - a Baseline Method.', 2009, '2014-09-29', 'conf/clef/BrodaPK09', 'http://ceur-ws.org/Vol-1175/CLEF2009wn-ImageCLEF-BrodaEt2009.pdf');
INSERT INTO Write (AuthorID, PaperID) VALUES (1262, 1096);
INSERT INTO Author (AuthorID, Name) VALUES (1263, 'Pilar L&oacute;pez-&Uacute;beda');
INSERT INTO Write (AuthorID, PaperID) VALUES (1263, 160);
INSERT INTO Write (AuthorID, PaperID) VALUES (1263, 1734);
INSERT INTO Author (AuthorID, Name) VALUES (1264, 'S&eacute;bastien Ferr&eacute;');
INSERT INTO Paper (PaperID, Title, Year, MDate, Key, DOI) VALUES (1160, 'squall2sparql: a Translator from Controlled English to Full SPARQL 1.1.', 2013, '2014-09-10', 'conf/clef/Ferre13', 'http://ceur-ws.org/Vol-1179/CLEF2013wn-QALD3-Ferre2013.pdf');
INSERT INTO Write (AuthorID, PaperID) VALUES (1264, 1160);
INSERT INTO Paper (PaperID, Title, Year, MDate, Key, DOI) VALUES (1780, 'Scalewelis: a Scalable Query-based Faceted Search System on Top of SPARQL Endpoints.', 2013, '2014-09-10', 'conf/clef/GuyonvarchF13', 'http://ceur-ws.org/Vol-1179/CLEF2013wn-QALD3-GuyonvarchEt2013.pdf');
INSERT INTO Write (AuthorID, PaperID) VALUES (1264, 1780);
INSERT INTO Author (AuthorID, Name) VALUES (1265, 'Julien Gaillard');
INSERT INTO Write (AuthorID, PaperID) VALUES (1265, 291);
INSERT INTO Write (AuthorID, PaperID) VALUES (1265, 1425);
INSERT INTO Author (AuthorID, Name) VALUES (1266, 'Roxana Teodorescu');
INSERT INTO Write (AuthorID, PaperID) VALUES (1266, 45);
INSERT INTO Write (AuthorID, PaperID) VALUES (1266, 3132);
INSERT INTO Author (AuthorID, Name) VALUES (1267, 'Luciana Bordoni');
INSERT INTO Paper (PaperID, Title, Year, MDate, Key, DOI) VALUES (165, 'Data Compression Approach to Monolingual GIRT Task: an Agnostic Point of View.', 2003, '2014-08-15', 'conf/clef/AlderuccioBL03a', 'http://ceur-ws.org/Vol-1169/CLEF2003wn-DomainSpecific-AlderuccioEt2003.pdf');
INSERT INTO Write (AuthorID, PaperID) VALUES (1267, 165);
INSERT INTO Paper (PaperID, Title, Year, MDate, Key, DOI) VALUES (1061, 'A Data-Compression Approach to the Monolingual GIRT Task: An Agnostic Point of View.', 2003, '2017-05-24', 'conf/clef/AlderuccioBL03', 'https://doi.org/10.1007/978-3-540-30222-3_38');
INSERT INTO Write (AuthorID, PaperID) VALUES (1267, 1061);
INSERT INTO Author (AuthorID, Name) VALUES (1268, 'Tsvetomila Mihaylova');
INSERT INTO Write (AuthorID, PaperID) VALUES (1268, 659);
INSERT INTO Write (AuthorID, PaperID) VALUES (1268, 1105);
INSERT INTO Author (AuthorID, Name) VALUES (1269, 'Chun Hua Zhao');
INSERT INTO Write (AuthorID, PaperID) VALUES (1269, 343);
INSERT INTO Write (AuthorID, PaperID) VALUES (1269, 1565);
INSERT INTO Author (AuthorID, Name) VALUES (1270, 'Arnold W. M. Smeulders');
INSERT INTO Write (AuthorID, PaperID) VALUES (1270, 1882);
INSERT INTO Write (AuthorID, PaperID) VALUES (1270, 1978);
INSERT INTO Author (AuthorID, Name) VALUES (1271, 'Qianqian Lu');
INSERT INTO Paper (PaperID, Title, Year, MDate, Key, DOI) VALUES (288, 'IMU @ ImageCLEF 2012.', 2012, '2014-09-24', 'conf/clef/YanWGL12', 'http://www.clef-initiative.eu/documents/71612/2309d94f-153d-4064-bb50-e662de32b95d');
INSERT INTO Write (AuthorID, PaperID) VALUES (1271, 288);
INSERT INTO Paper (PaperID, Title, Year, MDate, Key, DOI) VALUES (1050, 'Hidden Markov Model for Term Weighting in Verbose Queries.', 2012, '2017-05-24', 'conf/clef/YanGSWZL12', 'https://doi.org/10.1007/978-3-642-33247-0_10');
INSERT INTO Write (AuthorID, PaperID) VALUES (1271, 1050);
INSERT INTO Author (AuthorID, Name) VALUES (1272, 'Eugene Charniak');
INSERT INTO Paper (PaperID, Title, Year, MDate, Key, DOI) VALUES (1937, 'A Dirichlet-Smoothed Bigram Model for Retrieving Spontaneous Speech.', 2007, '2017-06-02', 'conf/clef/LeaseC07', 'https://doi.org/10.1007/978-3-540-85760-0_87');
INSERT INTO Write (AuthorID, PaperID) VALUES (1272, 1937);
INSERT INTO Paper (PaperID, Title, Year, MDate, Key, DOI) VALUES (2756, 'Brown at CL-SR''07: Retrieving Conversational Speech in English and Czech.', 2007, '2014-09-23', 'conf/clef/LeaseC07a', 'http://ceur-ws.org/Vol-1173/CLEF2007wn-CLSR-LeaseEt2007.pdf');
INSERT INTO Write (AuthorID, PaperID) VALUES (1272, 2756);
INSERT INTO Author (AuthorID, Name) VALUES (1273, 'Franciska M. G. de Jong');
INSERT INTO Write (AuthorID, PaperID) VALUES (1273, 169);
INSERT INTO Write (AuthorID, PaperID) VALUES (1273, 2605);
INSERT INTO Author (AuthorID, Name) VALUES (1274, 'Reynier Ortega Bueno');
INSERT INTO Write (AuthorID, PaperID) VALUES (1274, 217);
INSERT INTO Write (AuthorID, PaperID) VALUES (1274, 2345);
INSERT INTO Author (AuthorID, Name) VALUES (1275, 'Avinash Kamineni');
INSERT INTO Write (AuthorID, PaperID) VALUES (1275, 2951);
INSERT INTO Write (AuthorID, PaperID) VALUES (1275, 3025);
INSERT INTO Author (AuthorID, Name) VALUES (1276, 'Javad Rafiei');
INSERT INTO Write (AuthorID, PaperID) VALUES (1276, 459);
INSERT INTO Write (AuthorID, PaperID) VALUES (1276, 2255);
INSERT INTO Author (AuthorID, Name) VALUES (1277, 'Ivandr&eacute; Paraboni');
INSERT INTO Paper (PaperID, Title, Year, MDate, Key, DOI) VALUES (282, 'EACH-USP Ensemble Cross-domain Authorship Attribution: Notebook for PAN at CLEF 2018.', 2018, '2018-08-08', 'conf/clef/CustodioP18', 'http://ceur-ws.org/Vol-2125/paper_76.pdf');
INSERT INTO Write (AuthorID, PaperID) VALUES (1277, 282);
INSERT INTO Paper (PaperID, Title, Year, MDate, Key, DOI) VALUES (381, 'Author Profiling using Word Embeddings with Subword Information: Notebook for PAN at CLEF 2018.', 2018, '2018-08-08', 'conf/clef/DiasP18', 'http://ceur-ws.org/Vol-2125/paper_97.pdf');
INSERT INTO Write (AuthorID, PaperID) VALUES (1277, 381);
INSERT INTO Author (AuthorID, Name) VALUES (1278, 'Chia-Wei Ku');
INSERT INTO Write (AuthorID, PaperID) VALUES (1278, 3171);
INSERT INTO Write (AuthorID, PaperID) VALUES (1278, 3350);
INSERT INTO Author (AuthorID, Name) VALUES (1279, 'Heiko Schuldt');
INSERT INTO Paper (PaperID, Title, Year, MDate, Key, DOI) VALUES (231, 'Speeding up IDM without Degradation of Retrieval Quality.', 2007, '2014-09-23', 'conf/clef/SpringmannS07a', 'http://ceur-ws.org/Vol-1173/CLEF2007wn-ImageCLEF-SpringmannEt2007.pdf');
INSERT INTO Write (AuthorID, PaperID) VALUES (1279, 231);
INSERT INTO Paper (PaperID, Title, Year, MDate, Key, DOI) VALUES (415, 'Speeding Up IDM without Degradation of Retrieval Quality.', 2007, '2017-05-24', 'conf/clef/SpringmannS07', 'https://doi.org/10.1007/978-3-540-85760-0_77');
INSERT INTO Write (AuthorID, PaperID) VALUES (1279, 415);
INSERT INTO Author (AuthorID, Name) VALUES (1280, 'Tiantian Liu');
INSERT INTO Write (AuthorID, PaperID) VALUES (1280, 343);
INSERT INTO Write (AuthorID, PaperID) VALUES (1280, 1565);
INSERT INTO Author (AuthorID, Name) VALUES (1281, 'Xu Zhang');
INSERT INTO Write (AuthorID, PaperID) VALUES (1281, 1125);
INSERT INTO Write (AuthorID, PaperID) VALUES (1281, 2065);
INSERT INTO Author (AuthorID, Name) VALUES (1282, 'Michela Bacchin');
INSERT INTO Write (AuthorID, PaperID) VALUES (1282, 277);
INSERT INTO Write (AuthorID, PaperID) VALUES (1282, 3287);
INSERT INTO Author (AuthorID, Name) VALUES (1283, 'Ragia Ibrahim');
INSERT INTO Paper (PaperID, Title, Year, MDate, Key, DOI) VALUES (86, 'Medical Image Retrieval: ISSR at CLEF 2009.', 2009, '2014-09-29', 'conf/clef/ArafaI09a', 'http://ceur-ws.org/Vol-1175/CLEF2009wn-ImageCLEF-ArafaEt2009.pdf');
INSERT INTO Write (AuthorID, PaperID) VALUES (1283, 86);
INSERT INTO Paper (PaperID, Title, Year, MDate, Key, DOI) VALUES (2443, 'Medical Image Retrieval: ISSR at CLEF 2009.', 2009, '2017-05-24', 'conf/clef/ArafaI09', 'https://doi.org/10.1007/978-3-642-15751-6_22');
INSERT INTO Write (AuthorID, PaperID) VALUES (1283, 2443);
INSERT INTO Author (AuthorID, Name) VALUES (1284, 'Vundavalli Srinivasarao');
INSERT INTO Paper (PaperID, Title, Year, MDate, Key, DOI) VALUES (1989, 'Mining the Behaviour of Users in a Multilingual Information Access Task.', 2008, '2014-09-29', 'conf/clef/Srinivasarao08', 'http://ceur-ws.org/Vol-1174/CLEF2008wn-iCLEF-Vundavalli2008.pdf');
INSERT INTO Write (AuthorID, PaperID) VALUES (1284, 1989);
INSERT INTO Paper (PaperID, Title, Year, MDate, Key, DOI) VALUES (2746, 'IIIT-H at ImageCLEF Wikipedia MM 2009.', 2009, '2014-09-29', 'conf/clef/Srinivasarao09', 'http://ceur-ws.org/Vol-1175/CLEF2009wn-ImageCLEF-Vundavalli2009.pdf');
INSERT INTO Write (AuthorID, PaperID) VALUES (1284, 2746);
INSERT INTO Author (AuthorID, Name) VALUES (1285, 'Elzbieta Dura');
INSERT INTO Paper (PaperID, Title, Year, MDate, Key, DOI) VALUES (1410, 'Information Retrieval based on Explicit Knowledge Representation.', 2002, '2014-08-15', 'conf/clef/DuraD02a', 'http://ceur-ws.org/Vol-1168/CLEF2002wn-adhoc-DuraEt2002.pdf');
INSERT INTO Write (AuthorID, PaperID) VALUES (1285, 1410);
INSERT INTO Paper (PaperID, Title, Year, MDate, Key, DOI) VALUES (2645, 'Information Retrieval with Language Knowledge.', 2002, '2017-05-24', 'conf/clef/DuraD02', 'https://doi.org/10.1007/978-3-540-45237-9_29');
INSERT INTO Write (AuthorID, PaperID) VALUES (1285, 2645);
INSERT INTO Author (AuthorID, Name) VALUES (1286, 'Jean-Christophe Lombardo');
INSERT INTO Write (AuthorID, PaperID) VALUES (1286, 1140);
INSERT INTO Write (AuthorID, PaperID) VALUES (1286, 2437);
INSERT INTO Author (AuthorID, Name) VALUES (1287, 'Desislava Petkova');
INSERT INTO Paper (PaperID, Title, Year, MDate, Key, DOI) VALUES (2369, 'A Clustered Retrieval Approach for Categorizing and Annotating Images.', 2005, '2017-05-24', 'conf/clef/BallesterosP05', 'https://doi.org/10.1007/11878773_73');
INSERT INTO Write (AuthorID, PaperID) VALUES (1287, 2369);
INSERT INTO Paper (PaperID, Title, Year, MDate, Key, DOI) VALUES (2986, 'Categorizing and Annotating Medical Images by Retrieving Terms Relevant to Visual Features.', 2005, '2014-08-15', 'conf/clef/PetkovaB05', 'http://ceur-ws.org/Vol-1171/CLEF2005wn-ImageCLEF-PetkovaEt2005.pdf');
INSERT INTO Write (AuthorID, PaperID) VALUES (1287, 2986);
INSERT INTO Author (AuthorID, Name) VALUES (1288, 'Tomoki Taniguchi');
INSERT INTO Paper (PaperID, Title, Year, MDate, Key, DOI) VALUES (771, 'Text and Image Synergy with Feature Cross Technique for Gender Identification: Notebook for PAN at CLEF 2018.', 2018, '2018-08-08', 'conf/clef/TakahashiTNMTO18', 'http://ceur-ws.org/Vol-2125/paper_83.pdf');
INSERT INTO Write (AuthorID, PaperID) VALUES (1288, 771);
INSERT INTO Paper (PaperID, Title, Year, MDate, Key, DOI) VALUES (802, 'Author Profiling with Word+Character Neural Attention Network.', 2017, '2017-08-15', 'conf/clef/MiuraTTO17', 'http://ceur-ws.org/Vol-1866/paper_90.pdf');
INSERT INTO Write (AuthorID, PaperID) VALUES (1288, 802);
INSERT INTO Author (AuthorID, Name) VALUES (1289, 'Stuart Shapiro');
INSERT INTO Write (AuthorID, PaperID) VALUES (1289, 1999);
INSERT INTO Write (AuthorID, PaperID) VALUES (1289, 2838);
INSERT INTO Author (AuthorID, Name) VALUES (1290, 'Micheline Beaulieu');
INSERT INTO Write (AuthorID, PaperID) VALUES (1290, 1646);
INSERT INTO Write (AuthorID, PaperID) VALUES (1290, 2491);
INSERT INTO Author (AuthorID, Name) VALUES (1291, 'Roberto Tronci');
INSERT INTO Write (AuthorID, PaperID) VALUES (1291, 1968);
INSERT INTO Write (AuthorID, PaperID) VALUES (1291, 2600);
INSERT INTO Author (AuthorID, Name) VALUES (1292, 'Xuwen Wang');
INSERT INTO Paper (PaperID, Title, Year, MDate, Key, DOI) VALUES (80, 'A Web-Based CLIR System with Cross-Lingual Topical Pseudo Relevance Feedback.', 2013, '2017-05-24', 'conf/clef/WangWZ13', 'https://doi.org/10.1007/978-3-642-40802-1_13');
INSERT INTO Write (AuthorID, PaperID) VALUES (1292, 80);
INSERT INTO Paper (PaperID, Title, Year, MDate, Key, DOI) VALUES (939, 'ImageSem at ImageCLEF 2018 Caption Task: Image Retrieval and Transfer Learning.', 2018, '2018-08-08', 'conf/clef/WangZGL18', 'http://ceur-ws.org/Vol-2125/paper_129.pdf');
INSERT INTO Write (AuthorID, PaperID) VALUES (1292, 939);
INSERT INTO Author (AuthorID, Name) VALUES (1293, 'Teerapong Leelanupab');
INSERT INTO Write (AuthorID, PaperID) VALUES (1293, 2515);
INSERT INTO Write (AuthorID, PaperID) VALUES (1293, 2765);
INSERT INTO Author (AuthorID, Name) VALUES (1294, 'Hendrik Vincent Koops');
INSERT INTO Paper (PaperID, Title, Year, MDate, Key, DOI) VALUES (1603, 'A Deep Neural Network Approach to the LifeCLEF 2014 Bird Task.', 2014, '2014-09-10', 'conf/clef/KoopsBW14', 'http://ceur-ws.org/Vol-1180/CLEF2014wn-Life-KoopsEt2014.pdf');
INSERT INTO Write (AuthorID, PaperID) VALUES (1294, 1603);
INSERT INTO Paper (PaperID, Title, Year, MDate, Key, DOI) VALUES (2674, 'Automatic Segmentation and Deep Learning of Bird Sounds.', 2015, '2017-05-24', 'conf/clef/KoopsBW15', 'https://doi.org/10.1007/978-3-319-24027-5_26');
INSERT INTO Write (AuthorID, PaperID) VALUES (1294, 2674);
INSERT INTO Author (AuthorID, Name) VALUES (1295, 'Akira Maeda');
INSERT INTO Paper (PaperID, Title, Year, MDate, Key, DOI) VALUES (2508, 'Query Expansion Techniques for the CLEF Bilingual Track.', 2001, '2017-05-24', 'conf/clef/SadatMYU01', 'https://doi.org/10.1007/3-540-45691-0_15');
INSERT INTO Write (AuthorID, PaperID) VALUES (1295, 2508);
INSERT INTO Paper (PaperID, Title, Year, MDate, Key, DOI) VALUES (3101, 'Query Expansion Techniques for the CLEF Bilingual Track.', 2001, '2014-08-15', 'conf/clef/SadatMYU01a', 'http://ceur-ws.org/Vol-1167/CLEF2001wn-adhoc-SadatEt2001.pdf');
INSERT INTO Write (AuthorID, PaperID) VALUES (1295, 3101);
INSERT INTO Author (AuthorID, Name) VALUES (1296, 'Guillaume Bourdil');
INSERT INTO Write (AuthorID, PaperID) VALUES (1296, 601);
INSERT INTO Write (AuthorID, PaperID) VALUES (1296, 1940);
INSERT INTO Author (AuthorID, Name) VALUES (1297, 'Kalyankumar Datta');
INSERT INTO Write (AuthorID, PaperID) VALUES (1297, 178);
INSERT INTO Write (AuthorID, PaperID) VALUES (1297, 2764);
INSERT INTO Author (AuthorID, Name) VALUES (1298, 'Antonio S. Montemayor');
INSERT INTO Write (AuthorID, PaperID) VALUES (1298, 2744);
INSERT INTO Write (AuthorID, PaperID) VALUES (1298, 2904);
INSERT INTO Author (AuthorID, Name) VALUES (1299, 'Jagadeesh Jagarlamudi');
INSERT INTO Write (AuthorID, PaperID) VALUES (1299, 70);
INSERT INTO Write (AuthorID, PaperID) VALUES (1299, 2503);
INSERT INTO Author (AuthorID, Name) VALUES (1300, 'Laura Tolosi');
INSERT INTO Write (AuthorID, PaperID) VALUES (1300, 2998);
INSERT INTO Write (AuthorID, PaperID) VALUES (1300, 3117);
INSERT INTO Author (AuthorID, Name) VALUES (1301, 'David Cruz');
INSERT INTO Write (AuthorID, PaperID) VALUES (1301, 36);
INSERT INTO Write (AuthorID, PaperID) VALUES (1301, 562);
INSERT INTO Author (AuthorID, Name) VALUES (1302, 'John Judge');
INSERT INTO Write (AuthorID, PaperID) VALUES (1302, 1045);
INSERT INTO Write (AuthorID, PaperID) VALUES (1302, 1174);
INSERT INTO Author (AuthorID, Name) VALUES (1303, 'Daniel Racoceanu');
INSERT INTO Write (AuthorID, PaperID) VALUES (1303, 45);
INSERT INTO Write (AuthorID, PaperID) VALUES (1303, 3132);
INSERT INTO Author (AuthorID, Name) VALUES (1304, 'Wouter Weerkamp');
INSERT INTO Write (AuthorID, PaperID) VALUES (1304, 1125);
INSERT INTO Write (AuthorID, PaperID) VALUES (1304, 2065);
INSERT INTO Author (AuthorID, Name) VALUES (1305, 'Mariam Tariq');
INSERT INTO Write (AuthorID, PaperID) VALUES (1305, 2921);
INSERT INTO Write (AuthorID, PaperID) VALUES (1305, 2991);
INSERT INTO Author (AuthorID, Name) VALUES (1306, 'Asif Ekbal');
INSERT INTO Write (AuthorID, PaperID) VALUES (1306, 2484);
INSERT INTO Write (AuthorID, PaperID) VALUES (1306, 3428);
INSERT INTO Author (AuthorID, Name) VALUES (1307, 'Zhi Zhou');
INSERT INTO Write (AuthorID, PaperID) VALUES (1307, 26);
INSERT INTO Write (AuthorID, PaperID) VALUES (1307, 1699);
INSERT INTO Author (AuthorID, Name) VALUES (1308, 'Natalia Grabar');
INSERT INTO Write (AuthorID, PaperID) VALUES (1308, 527);
INSERT INTO Write (AuthorID, PaperID) VALUES (1308, 3189);
INSERT INTO Author (AuthorID, Name) VALUES (1309, 'Qi Li');
INSERT INTO Write (AuthorID, PaperID) VALUES (1309, 2670);
INSERT INTO Write (AuthorID, PaperID) VALUES (1309, 2675);
INSERT INTO Author (AuthorID, Name) VALUES (1310, 'Estela Saquete Bor&oacute;');
INSERT INTO Write (AuthorID, PaperID) VALUES (1310, 112);
INSERT INTO Write (AuthorID, PaperID) VALUES (1310, 1239);
INSERT INTO Author (AuthorID, Name) VALUES (1311, 'Tiphaine Dalmas');
INSERT INTO Write (AuthorID, PaperID) VALUES (1311, 1114);
INSERT INTO Write (AuthorID, PaperID) VALUES (1311, 1188);
INSERT INTO Author (AuthorID, Name) VALUES (1312, 'Nils Pharo');
INSERT INTO Write (AuthorID, PaperID) VALUES (1312, 1043);
INSERT INTO Paper (PaperID, Title, Year, MDate, Key, DOI) VALUES (3202, 'Seven Years of INEX Interactive Retrieval Experiments - Lessons and Challenges.', 2012, '2017-06-02', 'conf/clef/NordlieP12', 'https://doi.org/10.1007/978-3-642-33247-0_2');
INSERT INTO Write (AuthorID, PaperID) VALUES (1312, 3202);
INSERT INTO Author (AuthorID, Name) VALUES (1313, 'Daniel Hienert');
INSERT INTO Write (AuthorID, PaperID) VALUES (1313, 2149);
INSERT INTO Paper (PaperID, Title, Year, MDate, Key, DOI) VALUES (2381, 'Data Requirements for Evaluation of Personalization of Information Retrieval. A Position Paper.', 2017, '2017-08-15', 'conf/clef/BelkinHMS17', 'http://ceur-ws.org/Vol-1866/paper_193.pdf');
INSERT INTO Write (AuthorID, PaperID) VALUES (1313, 2381);
INSERT INTO Author (AuthorID, Name) VALUES (1314, 'Jakob Grue Simonsen');
INSERT INTO Write (AuthorID, PaperID) VALUES (1314, 1618);
INSERT INTO Write (AuthorID, PaperID) VALUES (1314, 2529);
INSERT INTO Author (AuthorID, Name) VALUES (1315, 'Oier Lopez de Lacalle');
INSERT INTO Write (AuthorID, PaperID) VALUES (1315, 194);
INSERT INTO Write (AuthorID, PaperID) VALUES (1315, 2580);
INSERT INTO Author (AuthorID, Name) VALUES (1316, 'Ergina Kavallieratou');
INSERT INTO Paper (PaperID, Title, Year, MDate, Key, DOI) VALUES (470, 'Concept Detection on Medical Images using Deep Residual Learning Network.', 2017, '2017-08-15', 'conf/clef/KatsiosK17', 'http://ceur-ws.org/Vol-1866/paper_122.pdf');
INSERT INTO Write (AuthorID, PaperID) VALUES (1316, 470);
INSERT INTO Paper (PaperID, Title, Year, MDate, Key, DOI) VALUES (860, 'Retrieving Events in Life Logging.', 2018, '2019-03-07', 'conf/clef/KavallieratoudC18', 'http://ceur-ws.org/Vol-2125/paper_86.pdf');
INSERT INTO Write (AuthorID, PaperID) VALUES (1316, 860);
INSERT INTO Author (AuthorID, Name) VALUES (1317, 'Ren&eacute;e Pohlmann');
INSERT INTO Write (AuthorID, PaperID) VALUES (1317, 1766);
INSERT INTO Write (AuthorID, PaperID) VALUES (1317, 1815);
INSERT INTO Author (AuthorID, Name) VALUES (1318, 'Irina Matveeva');
INSERT INTO Write (AuthorID, PaperID) VALUES (1318, 990);
INSERT INTO Write (AuthorID, PaperID) VALUES (1318, 1892);
INSERT INTO Author (AuthorID, Name) VALUES (1319, 'Roberto Turrin');
INSERT INTO Write (AuthorID, PaperID) VALUES (1319, 829);
INSERT INTO Write (AuthorID, PaperID) VALUES (1319, 1093);
INSERT INTO Author (AuthorID, Name) VALUES (1320, 'Jes&uacute;s A. Gonz&aacute;lez');
INSERT INTO Write (AuthorID, PaperID) VALUES (1320, 550);
INSERT INTO Write (AuthorID, PaperID) VALUES (1320, 2104);
INSERT INTO Author (AuthorID, Name) VALUES (1321, 'Diego Moll&aacute;');
INSERT INTO Write (AuthorID, PaperID) VALUES (1321, 1760);
INSERT INTO Write (AuthorID, PaperID) VALUES (1321, 2502);
INSERT INTO Author (AuthorID, Name) VALUES (1322, 'Cuixia Du');
INSERT INTO Write (AuthorID, PaperID) VALUES (1322, 267);
INSERT INTO Write (AuthorID, PaperID) VALUES (1322, 1918);
INSERT INTO Author (AuthorID, Name) VALUES (1323, 'Zsuzsa Weiner');
INSERT INTO Write (AuthorID, PaperID) VALUES (1323, 1746);
INSERT INTO Write (AuthorID, PaperID) VALUES (1323, 2259);
INSERT INTO Author (AuthorID, Name) VALUES (1324, 'Joshua C. Denny');
INSERT INTO Write (AuthorID, PaperID) VALUES (1324, 347);
INSERT INTO Write (AuthorID, PaperID) VALUES (1324, 1018);
INSERT INTO Author (AuthorID, Name) VALUES (1325, 'Yahya Slimani');
INSERT INTO Write (AuthorID, PaperID) VALUES (1325, 658);
INSERT INTO Write (AuthorID, PaperID) VALUES (1325, 1817);
INSERT INTO Author (AuthorID, Name) VALUES (1326, 'Farah Benamara');
INSERT INTO Write (AuthorID, PaperID) VALUES (1326, 811);
INSERT INTO Write (AuthorID, PaperID) VALUES (1326, 3140);
INSERT INTO Author (AuthorID, Name) VALUES (1327, 'Robert B. Fisher');
INSERT INTO Write (AuthorID, PaperID) VALUES (1327, 596);
INSERT INTO Write (AuthorID, PaperID) VALUES (1327, 1269);
INSERT INTO Author (AuthorID, Name) VALUES (1328, 'Rahil Garnavi');
INSERT INTO Paper (PaperID, Title, Year, MDate, Key, DOI) VALUES (2630, 'IBM Research Australia at LifeCLEF2014: Plant Identification Task.', 2014, '2014-09-10', 'conf/clef/ChenAGL14', 'http://ceur-ws.org/Vol-1180/CLEF2014wn-Life-ChenEt2014.pdf');
INSERT INTO Write (AuthorID, PaperID) VALUES (1328, 2630);
INSERT INTO Paper (PaperID, Title, Year, MDate, Key, DOI) VALUES (2892, 'IBM Research at Image CLEF 2015: Medical Clustering Task.', 2015, '2016-06-22', 'conf/clef/SedaiLACCG15', 'http://ceur-ws.org/Vol-1391/56-CR.pdf');
INSERT INTO Write (AuthorID, PaperID) VALUES (1328, 2892);
INSERT INTO Author (AuthorID, Name) VALUES (1329, 'Caroline Barri&egrave;re');
INSERT INTO Write (AuthorID, PaperID) VALUES (1329, 340);
INSERT INTO Write (AuthorID, PaperID) VALUES (1329, 3196);
INSERT INTO Author (AuthorID, Name) VALUES (1330, 'Am&eacute;lie Imafouo');
INSERT INTO Write (AuthorID, PaperID) VALUES (1330, 147);
INSERT INTO Write (AuthorID, PaperID) VALUES (1330, 441);
INSERT INTO Author (AuthorID, Name) VALUES (1331, 'Victoria Elizalde');
INSERT INTO Paper (PaperID, Title, Year, MDate, Key, DOI) VALUES (2239, 'Using Noun Phrases and Tf-idf for Plagiarized Document Retrieval.', 2014, '2014-09-10', 'conf/clef/Elizalde14', 'http://ceur-ws.org/Vol-1180/CLEF2014wn-Pan-Elizalde2014.pdf');
INSERT INTO Write (AuthorID, PaperID) VALUES (1331, 2239);
INSERT INTO Paper (PaperID, Title, Year, MDate, Key, DOI) VALUES (3111, 'Using Statistic and Semantic Analysis to Detect Plagiarism Notebook for PAN at CLEF 2013.', 2013, '2014-09-10', 'conf/clef/Elizalde13', 'http://ceur-ws.org/Vol-1179/CLEF2013wn-PAN-Elizalde2013.pdf');
INSERT INTO Write (AuthorID, PaperID) VALUES (1331, 3111);
INSERT INTO Author (AuthorID, Name) VALUES (1332, 'Laurens van der Werff');
INSERT INTO Write (AuthorID, PaperID) VALUES (1332, 2041);
INSERT INTO Write (AuthorID, PaperID) VALUES (1332, 3199);
INSERT INTO Author (AuthorID, Name) VALUES (1333, 'Julie Budaher');
INSERT INTO Write (AuthorID, PaperID) VALUES (1333, 144);
INSERT INTO Write (AuthorID, PaperID) VALUES (1333, 2059);
INSERT INTO Author (AuthorID, Name) VALUES (1334, 'Andi Rexha');
INSERT INTO Write (AuthorID, PaperID) VALUES (1334, 520);
INSERT INTO Write (AuthorID, PaperID) VALUES (1334, 2366);
INSERT INTO Author (AuthorID, Name) VALUES (1335, 'John Anton Chrisostom Ronald');
INSERT INTO Write (AuthorID, PaperID) VALUES (1335, 224);
INSERT INTO Write (AuthorID, PaperID) VALUES (1335, 1544);
INSERT INTO Author (AuthorID, Name) VALUES (1336, 'Max Mignotte');
INSERT INTO Write (AuthorID, PaperID) VALUES (1336, 2181);
INSERT INTO Write (AuthorID, PaperID) VALUES (1336, 3408);
INSERT INTO Author (AuthorID, Name) VALUES (1337, 'Alecsandru Grigoriu');
INSERT INTO Write (AuthorID, PaperID) VALUES (1337, 1593);
INSERT INTO Write (AuthorID, PaperID) VALUES (1337, 1841);
INSERT INTO Author (AuthorID, Name) VALUES (1338, 'Piek Vossen');
INSERT INTO Write (AuthorID, PaperID) VALUES (1338, 194);
INSERT INTO Write (AuthorID, PaperID) VALUES (1338, 2580);
INSERT INTO Author (AuthorID, Name) VALUES (1339, 'George-Razvan Oancea');
INSERT INTO Write (AuthorID, PaperID) VALUES (1339, 3012);
INSERT INTO Write (AuthorID, PaperID) VALUES (1339, 3440);
INSERT INTO Author (AuthorID, Name) VALUES (1340, 'Concepci&oacute;n Polo-Bayo');
INSERT INTO Write (AuthorID, PaperID) VALUES (1340, 2141);
INSERT INTO Write (AuthorID, PaperID) VALUES (1340, 3527);
INSERT INTO Author (AuthorID, Name) VALUES (1341, 'Xiaolong Wang 0006');
INSERT INTO Write (AuthorID, PaperID) VALUES (1341, 69);
INSERT INTO Write (AuthorID, PaperID) VALUES (1341, 3427);
INSERT INTO Author (AuthorID, Name) VALUES (1342, 'Brandon Iles');
INSERT INTO Write (AuthorID, PaperID) VALUES (1342, 2246);
INSERT INTO Write (AuthorID, PaperID) VALUES (1342, 3528);
INSERT INTO Author (AuthorID, Name) VALUES (1343, 'Gary Geunbae Lee');
INSERT INTO Write (AuthorID, PaperID) VALUES (1343, 551);
INSERT INTO Write (AuthorID, PaperID) VALUES (1343, 2012);
INSERT INTO Author (AuthorID, Name) VALUES (1344, 'Jesus A. Gonzalez');
INSERT INTO Write (AuthorID, PaperID) VALUES (1344, 2075);
INSERT INTO Write (AuthorID, PaperID) VALUES (1344, 2317);
INSERT INTO Author (AuthorID, Name) VALUES (1345, 'Santanu Pal');
INSERT INTO Write (AuthorID, PaperID) VALUES (1345, 2150);
INSERT INTO Write (AuthorID, PaperID) VALUES (1345, 2666);
INSERT INTO Author (AuthorID, Name) VALUES (1346, 'Khaled F. Shaalan');
INSERT INTO Write (AuthorID, PaperID) VALUES (1346, 2320);
INSERT INTO Write (AuthorID, PaperID) VALUES (1346, 2567);
INSERT INTO Author (AuthorID, Name) VALUES (1347, 'Jurica Seva');
INSERT INTO Write (AuthorID, PaperID) VALUES (1347, 113);
INSERT INTO Write (AuthorID, PaperID) VALUES (1347, 3298);
INSERT INTO Author (AuthorID, Name) VALUES (1348, 'M. A. Garc&iacute;a');
INSERT INTO Write (AuthorID, PaperID) VALUES (1348, 1368);
INSERT INTO Write (AuthorID, PaperID) VALUES (1348, 2429);
INSERT INTO Author (AuthorID, Name) VALUES (1349, 'S. V. Ramanan');
INSERT INTO Paper (PaperID, Title, Year, MDate, Key, DOI) VALUES (2915, 'Cocoa: Extending a Rule-based System to Tag Disease Attributes in Clinical Records.', 2014, '2014-09-10', 'conf/clef/RamananN14', 'http://ceur-ws.org/Vol-1180/CLEF2014wn-eHealth-RamananEt2014.pdf');
INSERT INTO Write (AuthorID, PaperID) VALUES (1349, 2915);
INSERT INTO Paper (PaperID, Title, Year, MDate, Key, DOI) VALUES (3059, 'Performance of a Multi-class Biomedical Tagger on Clinical Records.', 2013, '2014-09-10', 'conf/clef/RamananBN13', 'http://ceur-ws.org/Vol-1179/CLEF2013wn-CLEFeHealth-RamananEt2013.pdf');
INSERT INTO Write (AuthorID, PaperID) VALUES (1349, 3059);
INSERT INTO Author (AuthorID, Name) VALUES (1350, 'Fionn Murtagh');
INSERT INTO Paper (PaperID, Title, Year, MDate, Key, DOI) VALUES (725, 'Semantic Mapping: Towards Contextual and Trend Analysis of Behaviours and Practices.', 2016, '2016-08-11', 'conf/clef/Murtagh16', 'http://ceur-ws.org/Vol-1609/16091207.pdf');
INSERT INTO Write (AuthorID, PaperID) VALUES (1350, 725);
INSERT INTO Write (AuthorID, PaperID) VALUES (1350, 1436);
INSERT INTO Author (AuthorID, Name) VALUES (1351, 'Gunnar Eriksson');
INSERT INTO Paper (PaperID, Title, Year, MDate, Key, DOI) VALUES (248, 'Shadow Answers as an Intermediary in Email Answer Retrieval.', 2015, '2017-05-24', 'conf/clef/AlfalahiES15', 'https://doi.org/10.1007/978-3-319-24027-5_18');
INSERT INTO Write (AuthorID, PaperID) VALUES (1351, 248);
INSERT INTO Write (AuthorID, PaperID) VALUES (1351, 2582);
INSERT INTO Author (AuthorID, Name) VALUES (1352, 'Mario Jarmasz');
INSERT INTO Write (AuthorID, PaperID) VALUES (1352, 340);
INSERT INTO Write (AuthorID, PaperID) VALUES (1352, 3196);
INSERT INTO Author (AuthorID, Name) VALUES (1353, 'Yusuke Kamoi');
INSERT INTO Write (AuthorID, PaperID) VALUES (1353, 981);
INSERT INTO Write (AuthorID, PaperID) VALUES (1353, 2926);
INSERT INTO Author (AuthorID, Name) VALUES (1354, 'B&aacute;lint P&aacute;l T&oacute;th');
INSERT INTO Paper (PaperID, Title, Year, MDate, Key, DOI) VALUES (2661, 'Convolutional Neural Networks for Large-Scale Bird Song Classification in Noisy Environment.', 2016, '2016-08-11', 'conf/clef/TothC16', 'http://ceur-ws.org/Vol-1609/16090560.pdf');
INSERT INTO Write (AuthorID, PaperID) VALUES (1354, 2661);
INSERT INTO Write (AuthorID, PaperID) VALUES (1354, 3526);
INSERT INTO Author (AuthorID, Name) VALUES (1355, 'Raquel Mart&iacute;nez-Unanue');
INSERT INTO Write (AuthorID, PaperID) VALUES (1355, 2744);
INSERT INTO Write (AuthorID, PaperID) VALUES (1355, 2904);
INSERT INTO Author (AuthorID, Name) VALUES (1356, 'Hen-Hsen Huang');
INSERT INTO Write (AuthorID, PaperID) VALUES (1356, 1246);
INSERT INTO Write (AuthorID, PaperID) VALUES (1356, 3188);
INSERT INTO Author (AuthorID, Name) VALUES (1357, 'Yonghui Wu');
INSERT INTO Write (AuthorID, PaperID) VALUES (1357, 347);
INSERT INTO Write (AuthorID, PaperID) VALUES (1357, 1018);
INSERT INTO Author (AuthorID, Name) VALUES (1358, 'Gang Yang 0001');
INSERT INTO Write (AuthorID, PaperID) VALUES (1358, 269);
INSERT INTO Write (AuthorID, PaperID) VALUES (1358, 3292);
INSERT INTO Author (AuthorID, Name) VALUES (1359, 'June M. Abbas');
INSERT INTO Write (AuthorID, PaperID) VALUES (1359, 1999);
INSERT INTO Write (AuthorID, PaperID) VALUES (1359, 2838);
INSERT INTO Author (AuthorID, Name) VALUES (1360, 'Yoshiki Niwa');
INSERT INTO Write (AuthorID, PaperID) VALUES (1360, 815);
INSERT INTO Write (AuthorID, PaperID) VALUES (1360, 1737);
INSERT INTO Author (AuthorID, Name) VALUES (1361, 'Elyashiv Shayovitz');
INSERT INTO Write (AuthorID, PaperID) VALUES (1361, 2194);
INSERT INTO Write (AuthorID, PaperID) VALUES (1361, 2683);
INSERT INTO Author (AuthorID, Name) VALUES (1362, 'Stefan Bordag');
INSERT INTO Paper (PaperID, Title, Year, MDate, Key, DOI) VALUES (101, 'Unsupervised and Knowledge-free Morpheme Segmentation and Analysis.', 2007, '2014-09-23', 'conf/clef/Bordag07a', 'http://ceur-ws.org/Vol-1173/CLEF2007wn-MorphoChallenge-Bordag2007.pdf');
INSERT INTO Write (AuthorID, PaperID) VALUES (1362, 101);
INSERT INTO Paper (PaperID, Title, Year, MDate, Key, DOI) VALUES (1751, 'Unsupervised and Knowledge-Free Morpheme Segmentation and Analysis.', 2007, '2017-06-13', 'conf/clef/Bordag07', 'https://doi.org/10.1007/978-3-540-85760-0_113');
INSERT INTO Write (AuthorID, PaperID) VALUES (1362, 1751);
INSERT INTO Author (AuthorID, Name) VALUES (1363, 'X. Alvarado');
INSERT INTO Write (AuthorID, PaperID) VALUES (1363, 755);
INSERT INTO Write (AuthorID, PaperID) VALUES (1363, 2192);
INSERT INTO Author (AuthorID, Name) VALUES (1364, 'S. M. Jaisakthi');
INSERT INTO Paper (PaperID, Title, Year, MDate, Key, DOI) VALUES (1342, 'Automatic Whale Matching System using Feature Descriptor.', 2017, '2018-12-21', 'conf/clef/JaisakthiMJ17', 'http://ceur-ws.org/Vol-1866/paper_155.pdf');
INSERT INTO Write (AuthorID, PaperID) VALUES (1364, 1342);
INSERT INTO Paper (PaperID, Title, Year, MDate, Key, DOI) VALUES (2694, 'Convolutional Long Short-Term Memory Neural Networks for Hierarchical Species Prediction.', 2018, '2018-12-21', 'conf/clef/MoudhgalyaSDMAJ18', 'http://ceur-ws.org/Vol-2125/paper_184.pdf');
INSERT INTO Write (AuthorID, PaperID) VALUES (1364, 2694);
INSERT INTO Author (AuthorID, Name) VALUES (1365, 'Annius Groenink');
INSERT INTO Paper (PaperID, Title, Year, MDate, Key, DOI) VALUES (945, 'Minimalistic Test Runs of the Eidetica Indexer.', 2001, '2017-05-24', 'conf/clef/FrizzarinG01', 'https://doi.org/10.1007/3-540-45691-0_26');
INSERT INTO Write (AuthorID, PaperID) VALUES (1365, 945);
INSERT INTO Paper (PaperID, Title, Year, MDate, Key, DOI) VALUES (3209, 'Minimalistic Test Runs of the Eidetica Indexer.', 2001, '2014-08-15', 'conf/clef/FrizzarinG01a', 'http://ceur-ws.org/Vol-1167/CLEF2001wn-adhoc-FrizzarinEt2001.pdf');
INSERT INTO Write (AuthorID, PaperID) VALUES (1365, 3209);
INSERT INTO Author (AuthorID, Name) VALUES (1366, 'Ayt&uuml;l Er&ccedil;il');
INSERT INTO Write (AuthorID, PaperID) VALUES (1366, 760);
INSERT INTO Write (AuthorID, PaperID) VALUES (1366, 2200);
INSERT INTO Author (AuthorID, Name) VALUES (1367, 'Yasushi Ogawa');
INSERT INTO Write (AuthorID, PaperID) VALUES (1367, 449);
INSERT INTO Write (AuthorID, PaperID) VALUES (1367, 1325);
INSERT INTO Author (AuthorID, Name) VALUES (1368, 'Savvas A. Chatzichristofis');
INSERT INTO Write (AuthorID, PaperID) VALUES (1368, 298);
INSERT INTO Write (AuthorID, PaperID) VALUES (1368, 2295);
INSERT INTO Author (AuthorID, Name) VALUES (1369, 'Meriama La&iuml;b');
INSERT INTO Write (AuthorID, PaperID) VALUES (1369, 2103);
INSERT INTO Write (AuthorID, PaperID) VALUES (1369, 3296);
INSERT INTO Author (AuthorID, Name) VALUES (1370, 'Teresa Holfeld');
INSERT INTO Write (AuthorID, PaperID) VALUES (1370, 1417);
INSERT INTO Write (AuthorID, PaperID) VALUES (1370, 2977);
INSERT INTO Author (AuthorID, Name) VALUES (1371, 'Boris V. Dobrov');
INSERT INTO Paper (PaperID, Title, Year, MDate, Key, DOI) VALUES (1416, 'Socio-Political Thesaurus in Concept-Based Information Retrieval.', 2005, '2017-05-24', 'conf/clef/AgeevDL05', 'https://doi.org/10.1007/11878773_15');
INSERT INTO Write (AuthorID, PaperID) VALUES (1371, 1416);
INSERT INTO Paper (PaperID, Title, Year, MDate, Key, DOI) VALUES (3407, 'Sociopolitical Thesaurus in Concept-based Information Retrieval.', 2005, '2014-08-15', 'conf/clef/AgeevDL05a', 'http://ceur-ws.org/Vol-1171/CLEF2005wn-adhoc-AgeevEt2005.pdf');
INSERT INTO Write (AuthorID, PaperID) VALUES (1371, 3407);
INSERT INTO Author (AuthorID, Name) VALUES (1372, 'Christopher Norman');
INSERT INTO Write (AuthorID, PaperID) VALUES (1372, 2697);
INSERT INTO Write (AuthorID, PaperID) VALUES (1372, 2840);
INSERT INTO Author (AuthorID, Name) VALUES (1373, 'Iv&aacute;n Olmos');
INSERT INTO Write (AuthorID, PaperID) VALUES (1373, 2075);
INSERT INTO Write (AuthorID, PaperID) VALUES (1373, 2427);
INSERT INTO Author (AuthorID, Name) VALUES (1374, 'Elena Tutubalina');
INSERT INTO Write (AuthorID, PaperID) VALUES (1374, 60);
INSERT INTO Write (AuthorID, PaperID) VALUES (1374, 434);
INSERT INTO Author (AuthorID, Name) VALUES (1375, 'Franco Rojas L&oacute;pez');
INSERT INTO Write (AuthorID, PaperID) VALUES (1375, 904);
INSERT INTO Write (AuthorID, PaperID) VALUES (1375, 1129);
INSERT INTO Author (AuthorID, Name) VALUES (1376, 'Jianke Zhu');
INSERT INTO Write (AuthorID, PaperID) VALUES (1376, 3031);
INSERT INTO Write (AuthorID, PaperID) VALUES (1376, 3085);
INSERT INTO Author (AuthorID, Name) VALUES (1377, 'Zheng Ye');
INSERT INTO Paper (PaperID, Title, Year, MDate, Key, DOI) VALUES (772, 'Towards A Better Performance for Medical Image Retrieval Using An Integrated Approach.', 2009, '2014-09-29', 'conf/clef/YeHL09', 'http://ceur-ws.org/Vol-1175/CLEF2009wn-ImageCLEF-YeEt2009.pdf');
INSERT INTO Write (AuthorID, PaperID) VALUES (1377, 772);
INSERT INTO Write (AuthorID, PaperID) VALUES (1377, 2604);
INSERT INTO Author (AuthorID, Name) VALUES (1378, 'Andr&aacute;s Kornai');
INSERT INTO Paper (PaperID, Title, Year, MDate, Key, DOI) VALUES (599, 'MetaCarta at GeoCLEF 2005.', 2005, '2014-08-15', 'conf/clef/Kornai05a', 'http://ceur-ws.org/Vol-1171/CLEF2005wn-GeoCLEF-Kornai2005.pdf');
INSERT INTO Write (AuthorID, PaperID) VALUES (1378, 599);
INSERT INTO Paper (PaperID, Title, Year, MDate, Key, DOI) VALUES (2292, 'Evaluating Geographic Information Retrieval.', 2005, '2017-05-24', 'conf/clef/Kornai05', 'https://doi.org/10.1007/11878773_104');
INSERT INTO Write (AuthorID, PaperID) VALUES (1378, 2292);
INSERT INTO Author (AuthorID, Name) VALUES (1379, 'Katrin Lamm');
INSERT INTO Write (AuthorID, PaperID) VALUES (1379, 227);
INSERT INTO Write (AuthorID, PaperID) VALUES (1379, 2146);
INSERT INTO Author (AuthorID, Name) VALUES (1380, 'Ragnar Nordlie');
INSERT INTO Write (AuthorID, PaperID) VALUES (1380, 1043);
INSERT INTO Write (AuthorID, PaperID) VALUES (1380, 3202);
INSERT INTO Author (AuthorID, Name) VALUES (1381, 'Ehsan Kamalloo');
INSERT INTO Write (AuthorID, PaperID) VALUES (1381, 523);
INSERT INTO Write (AuthorID, PaperID) VALUES (1381, 1021);
INSERT INTO Author (AuthorID, Name) VALUES (1382, 'Suresh Manandhar');
INSERT INTO Paper (PaperID, Title, Year, MDate, Key, DOI) VALUES (902, 'Clustering Morphological Paradigms Using Syntactic Categories.', 2009, '2017-05-24', 'conf/clef/CanM09', 'https://doi.org/10.1007/978-3-642-15754-7_77');
INSERT INTO Write (AuthorID, PaperID) VALUES (1382, 902);
INSERT INTO Paper (PaperID, Title, Year, MDate, Key, DOI) VALUES (3023, 'Unsupervised Learning of Morphology by using Syntactic Categories.', 2009, '2014-09-29', 'conf/clef/CanM09a', 'http://ceur-ws.org/Vol-1175/CLEF2009wn-MorphoChallenge-CanEt2009.pdf');
INSERT INTO Write (AuthorID, PaperID) VALUES (1382, 3023);
INSERT INTO Author (AuthorID, Name) VALUES (1383, 'Mohammad Aminian');
INSERT INTO Write (AuthorID, PaperID) VALUES (1383, 1435);
INSERT INTO Write (AuthorID, PaperID) VALUES (1383, 2359);
INSERT INTO Author (AuthorID, Name) VALUES (1384, 'S&aacute;ndor Szedm&aacute;k');
INSERT INTO Paper (PaperID, Title, Year, MDate, Key, DOI) VALUES (864, 'Kronecker Decomposition for Image Classification.', 2016, '2017-05-24', 'conf/clef/FontanellaRPS15', 'https://doi.org/10.1007/978-3-319-44564-9_11');
INSERT INTO Write (AuthorID, PaperID) VALUES (1384, 864);
INSERT INTO Paper (PaperID, Title, Year, MDate, Key, DOI) VALUES (1282, 'IIS at ImageCLEF 2015: Multi-label Classification Task.', 2015, '2015-09-03', 'conf/clef/Rodriguez-Sanchez15', 'http://ceur-ws.org/Vol-1391/67-CR.pdf');
INSERT INTO Write (AuthorID, PaperID) VALUES (1384, 1282);
INSERT INTO Author (AuthorID, Name) VALUES (1385, 'Alexander S. Yeh');
INSERT INTO Write (AuthorID, PaperID) VALUES (1385, 1984);
INSERT INTO Write (AuthorID, PaperID) VALUES (1385, 3179);
INSERT INTO Author (AuthorID, Name) VALUES (1386, 'Graham Neubig');
INSERT INTO Write (AuthorID, PaperID) VALUES (1386, 281);
INSERT INTO Write (AuthorID, PaperID) VALUES (1386, 1274);
INSERT INTO Author (AuthorID, Name) VALUES (1387, 'Ville Viitaniemi');
INSERT INTO Write (AuthorID, PaperID) VALUES (1387, 71);
INSERT INTO Write (AuthorID, PaperID) VALUES (1387, 1044);
INSERT INTO Author (AuthorID, Name) VALUES (1388, 'Ashequl Qadir');
INSERT INTO Write (AuthorID, PaperID) VALUES (1388, 905);
INSERT INTO Write (AuthorID, PaperID) VALUES (1388, 1995);
INSERT INTO Author (AuthorID, Name) VALUES (1389, 'Alberto Sim&otilde;es');
INSERT INTO Write (AuthorID, PaperID) VALUES (1389, 619);
INSERT INTO Write (AuthorID, PaperID) VALUES (1389, 2968);
INSERT INTO Author (AuthorID, Name) VALUES (1390, 'Zo&euml; Bathie');
INSERT INTO Write (AuthorID, PaperID) VALUES (1390, 311);
INSERT INTO Write (AuthorID, PaperID) VALUES (1390, 2878);
INSERT INTO Author (AuthorID, Name) VALUES (1391, 'S. H. Ong');
INSERT INTO Write (AuthorID, PaperID) VALUES (1391, 275);
INSERT INTO Write (AuthorID, PaperID) VALUES (1391, 2862);
INSERT INTO Author (AuthorID, Name) VALUES (1392, 'Caroline Lacoste');
INSERT INTO Write (AuthorID, PaperID) VALUES (1392, 45);
INSERT INTO Write (AuthorID, PaperID) VALUES (1392, 3132);
INSERT INTO Author (AuthorID, Name) VALUES (1393, 'Ioannis A. Kakadiaris');
INSERT INTO Write (AuthorID, PaperID) VALUES (1393, 589);
INSERT INTO Write (AuthorID, PaperID) VALUES (1393, 1891);
INSERT INTO Author (AuthorID, Name) VALUES (1394, 'Deniz Kilin&ccedil;');
INSERT INTO Paper (PaperID, Title, Year, MDate, Key, DOI) VALUES (1403, 'DEU at ImageCLEF 2009 WikipediaMM Task: Experiments with Expansion and Reranking Approaches.', 2009, '2014-09-29', 'conf/clef/KilincA09', 'http://ceur-ws.org/Vol-1175/CLEF2009wn-ImageCLEF-KilincEt2009.pdf');
INSERT INTO Write (AuthorID, PaperID) VALUES (1394, 1403);
INSERT INTO Write (AuthorID, PaperID) VALUES (1394, 1540);
INSERT INTO Author (AuthorID, Name) VALUES (1395, 'Kamil Safin');
INSERT INTO Paper (PaperID, Title, Year, MDate, Key, DOI) VALUES (280, 'Style Breach Detection with Neural Sentence Embeddings.', 2017, '2017-08-15', 'conf/clef/SafinK17', 'http://ceur-ws.org/Vol-1866/paper_69.pdf');
INSERT INTO Write (AuthorID, PaperID) VALUES (1395, 280);
INSERT INTO Paper (PaperID, Title, Year, MDate, Key, DOI) VALUES (1798, 'Detecting a Change of Style using Text Statistics: Notebook for PAN at CLEF 2018.', 2018, '2018-08-08', 'conf/clef/SafinO18', 'http://ceur-ws.org/Vol-2125/paper_104.pdf');
INSERT INTO Write (AuthorID, PaperID) VALUES (1395, 1798);
INSERT INTO Author (AuthorID, Name) VALUES (1396, 'Jo&atilde;o Guimar&atilde;es');
INSERT INTO Write (AuthorID, PaperID) VALUES (1396, 255);
INSERT INTO Write (AuthorID, PaperID) VALUES (1396, 951);
INSERT INTO Author (AuthorID, Name) VALUES (1397, 'Jos&eacute; Carlos Toucedo');
INSERT INTO Write (AuthorID, PaperID) VALUES (1397, 2442);
INSERT INTO Write (AuthorID, PaperID) VALUES (1397, 2462);
INSERT INTO Author (AuthorID, Name) VALUES (1398, 'Pedro Paulo Balage Filho');
INSERT INTO Write (AuthorID, PaperID) VALUES (1398, 748);
INSERT INTO Write (AuthorID, PaperID) VALUES (1398, 2070);
INSERT INTO Author (AuthorID, Name) VALUES (1399, 'Hans Burkhardt');
INSERT INTO Write (AuthorID, PaperID) VALUES (1399, 2637);
INSERT INTO Write (AuthorID, PaperID) VALUES (1399, 2967);
INSERT INTO Author (AuthorID, Name) VALUES (1400, 'Dingcheng Li');
INSERT INTO Write (AuthorID, PaperID) VALUES (1400, 839);
INSERT INTO Write (AuthorID, PaperID) VALUES (1400, 2341);
INSERT INTO Author (AuthorID, Name) VALUES (1401, 'Burcu Can');
INSERT INTO Write (AuthorID, PaperID) VALUES (1401, 902);
INSERT INTO Write (AuthorID, PaperID) VALUES (1401, 3023);
INSERT INTO Author (AuthorID, Name) VALUES (1402, 'Douglas Theodoro');
INSERT INTO Write (AuthorID, PaperID) VALUES (1402, 93);
INSERT INTO Write (AuthorID, PaperID) VALUES (1402, 2269);
INSERT INTO Author (AuthorID, Name) VALUES (1403, 'Hung-Hsuan Chen');
INSERT INTO Paper (PaperID, Title, Year, MDate, Key, DOI) VALUES (368, 'Unsupervised Ranking for Plagiarism Source Retrieval Notebook for PAN at CLEF 2013.', 2013, '2014-09-10', 'conf/clef/WilliamsCCG13', 'http://ceur-ws.org/Vol-1179/CLEF2013wn-PAN-WilliamsEt2013.pdf');
INSERT INTO Write (AuthorID, PaperID) VALUES (1403, 368);
INSERT INTO Paper (PaperID, Title, Year, MDate, Key, DOI) VALUES (3229, 'Supervised Ranking for Plagiarism Source Retrieval.', 2014, '2014-09-10', 'conf/clef/WilliamsCG14', 'http://ceur-ws.org/Vol-1180/CLEF2014wn-Pan-WilliamsEt2014.pdf');
INSERT INTO Write (AuthorID, PaperID) VALUES (1403, 3229);
INSERT INTO Author (AuthorID, Name) VALUES (1404, 'Thomas Mensink');
INSERT INTO Paper (PaperID, Title, Year, MDate, Key, DOI) VALUES (1899, 'INRIA-LEAR''s Participation in ImageCLEF 2009.', 2009, '2014-09-29', 'conf/clef/DouzeGMSV09', 'http://ceur-ws.org/Vol-1175/CLEF2009wn-ImageCLEF-DouzeEt2009.pdf');
INSERT INTO Write (AuthorID, PaperID) VALUES (1404, 1899);
INSERT INTO Write (AuthorID, PaperID) VALUES (1404, 3063);
INSERT INTO Author (AuthorID, Name) VALUES (1405, 'Roland Roller');
INSERT INTO Write (AuthorID, PaperID) VALUES (1405, 861);
INSERT INTO Write (AuthorID, PaperID) VALUES (1405, 3298);
INSERT INTO Author (AuthorID, Name) VALUES (1406, 'Clement H. C. Leung');
INSERT INTO Write (AuthorID, PaperID) VALUES (1406, 237);
INSERT INTO Write (AuthorID, PaperID) VALUES (1406, 1414);
INSERT INTO Author (AuthorID, Name) VALUES (1407, 'Christine Doran');
INSERT INTO Write (AuthorID, PaperID) VALUES (1407, 1984);
INSERT INTO Write (AuthorID, PaperID) VALUES (1407, 3179);
INSERT INTO Author (AuthorID, Name) VALUES (1408, 'Pratyush Banerjee');
INSERT INTO Write (AuthorID, PaperID) VALUES (1408, 1441);
INSERT INTO Write (AuthorID, PaperID) VALUES (1408, 3007);
INSERT INTO Author (AuthorID, Name) VALUES (1409, 'Wolfgang Macherey');
INSERT INTO Write (AuthorID, PaperID) VALUES (1409, 1562);
INSERT INTO Write (AuthorID, PaperID) VALUES (1409, 2306);
INSERT INTO Author (AuthorID, Name) VALUES (1410, 'Julien Velcin');
INSERT INTO Paper (PaperID, Title, Year, MDate, Key, DOI) VALUES (936, 'ECSTRA-INSERM @ CLEF eHealth2016-task 2: ICD10 Code Extraction from Death Certificates.', 2016, '2016-08-11', 'conf/clef/DermoucheLFCVT16', 'http://ceur-ws.org/Vol-1609/16090061.pdf');
INSERT INTO Write (AuthorID, PaperID) VALUES (1410, 936);
INSERT INTO Write (AuthorID, PaperID) VALUES (1410, 2992);
INSERT INTO Author (AuthorID, Name) VALUES (1411, 'Laurent Gillard');
INSERT INTO Write (AuthorID, PaperID) VALUES (1411, 1042);
INSERT INTO Write (AuthorID, PaperID) VALUES (1411, 2441);
INSERT INTO Author (AuthorID, Name) VALUES (1412, 'Benjamin Herbert');
INSERT INTO Write (AuthorID, PaperID) VALUES (1412, 3329);
INSERT INTO Write (AuthorID, PaperID) VALUES (1412, 3384);
INSERT INTO Author (AuthorID, Name) VALUES (1413, 'Helj&auml; Lundgr&eacute;n-Laine');
INSERT INTO Write (AuthorID, PaperID) VALUES (1413, 1556);
INSERT INTO Write (AuthorID, PaperID) VALUES (1413, 1557);
INSERT INTO Author (AuthorID, Name) VALUES (1414, 'Badisse Dahamna');
INSERT INTO Write (AuthorID, PaperID) VALUES (1414, 400);
INSERT INTO Write (AuthorID, PaperID) VALUES (1414, 602);
INSERT INTO Author (AuthorID, Name) VALUES (1415, 'Jan Botorek');
INSERT INTO Write (AuthorID, PaperID) VALUES (1415, 2560);
INSERT INTO Write (AuthorID, PaperID) VALUES (1415, 2761);
INSERT INTO Author (AuthorID, Name) VALUES (1416, 'Rafael Guzm&aacute;n-Cabrera');
INSERT INTO Write (AuthorID, PaperID) VALUES (1416, 933);
INSERT INTO Paper (PaperID, Title, Year, MDate, Key, DOI) VALUES (2654, 'Semantic-based Features for Author Profiling Identification: First insights Notebook for PAN at CLEF 2013.', 2013, '2014-09-10', 'conf/clef/HernandezGRR13', 'http://ceur-ws.org/Vol-1179/CLEF2013wn-PAN-HernandezEt2013.pdf');
INSERT INTO Write (AuthorID, PaperID) VALUES (1416, 2654);
INSERT INTO Author (AuthorID, Name) VALUES (1417, 'Antonios Anagnostou');
INSERT INTO Write (AuthorID, PaperID) VALUES (1417, 1006);
INSERT INTO Write (AuthorID, PaperID) VALUES (1417, 2318);
INSERT INTO Author (AuthorID, Name) VALUES (1418, 'Alin Ceausu');
INSERT INTO Write (AuthorID, PaperID) VALUES (1418, 2347);
INSERT INTO Write (AuthorID, PaperID) VALUES (1418, 2545);
INSERT INTO Author (AuthorID, Name) VALUES (1419, 'Srinivasa Rao Godhavarthy');
INSERT INTO Write (AuthorID, PaperID) VALUES (1419, 2484);
INSERT INTO Write (AuthorID, PaperID) VALUES (1419, 3428);
INSERT INTO Author (AuthorID, Name) VALUES (1420, 'Julian St&ouml;ttinger');
INSERT INTO Write (AuthorID, PaperID) VALUES (1420, 71);
INSERT INTO Write (AuthorID, PaperID) VALUES (1420, 1044);
INSERT INTO Author (AuthorID, Name) VALUES (1421, 'Mohamed Issolah');
INSERT INTO Write (AuthorID, PaperID) VALUES (1421, 1555);
INSERT INTO Write (AuthorID, PaperID) VALUES (1421, 2963);
INSERT INTO Author (AuthorID, Name) VALUES (1422, 'Joel Adams');
INSERT INTO Write (AuthorID, PaperID) VALUES (1422, 78);
INSERT INTO Write (AuthorID, PaperID) VALUES (1422, 2911);
INSERT INTO Author (AuthorID, Name) VALUES (1423, 'Gy&ouml;rgy Szarvas');
INSERT INTO Write (AuthorID, PaperID) VALUES (1423, 3329);
INSERT INTO Write (AuthorID, PaperID) VALUES (1423, 3384);
INSERT INTO Author (AuthorID, Name) VALUES (1424, 'Janine Garc&iacute;a-Morera');
INSERT INTO Write (AuthorID, PaperID) VALUES (1424, 56);
INSERT INTO Write (AuthorID, PaperID) VALUES (1424, 1485);
INSERT INTO Author (AuthorID, Name) VALUES (1425, 'Hans Moen');
INSERT INTO Paper (PaperID, Title, Year, MDate, Key, DOI) VALUES (1057, 'Towards Retrieving and Ranking Clinical Recommendations with Cross-Lingual Random Indexing.', 2012, '2014-09-24', 'conf/clef/MoenM12', 'http://www.clef-initiative.eu/documents/71612/f0ce44a0-de6d-45dd-9433-642610c6f089');
INSERT INTO Write (AuthorID, PaperID) VALUES (1425, 1057);
INSERT INTO Write (AuthorID, PaperID) VALUES (1425, 1556);
INSERT INTO Author (AuthorID, Name) VALUES (1426, 'Chao Yang');
INSERT INTO Write (AuthorID, PaperID) VALUES (1426, 2078);
INSERT INTO Write (AuthorID, PaperID) VALUES (1426, 2660);
INSERT INTO Author (AuthorID, Name) VALUES (1427, 'Qiang Chen');
INSERT INTO Write (AuthorID, PaperID) VALUES (1427, 2630);
INSERT INTO Write (AuthorID, PaperID) VALUES (1427, 2892);
INSERT INTO Author (AuthorID, Name) VALUES (1428, 'Michael H. F. Wilkinson');
INSERT INTO Paper (PaperID, Title, Year, MDate, Key, DOI) VALUES (462, 'Content-Based Image Retrieval Using Combined 2D Attribute Pattern Spectra.', 2007, '2017-05-24', 'conf/clef/TushabeW07', 'https://doi.org/10.1007/978-3-540-85760-0_69');
INSERT INTO Write (AuthorID, PaperID) VALUES (1428, 462);
INSERT INTO Paper (PaperID, Title, Year, MDate, Key, DOI) VALUES (1795, 'Content-based Image Retrieval Using Shape-Size Pattern Spectra.', 2007, '2014-09-23', 'conf/clef/TushabeW07a', 'http://ceur-ws.org/Vol-1173/CLEF2007wn-ImageCLEF-TushabeEt2007.pdf');
INSERT INTO Write (AuthorID, PaperID) VALUES (1428, 1795);
INSERT INTO Author (AuthorID, Name) VALUES (1429, 'Irene Sanchez');
INSERT INTO Paper (PaperID, Title, Year, MDate, Key, DOI) VALUES (723, 'UCM at CLEF eHealth 2013 Shared Task1a.', 2013, '2016-08-29', 'conf/clef/HervasMSD13', 'http://ceur-ws.org/Vol-1179/CLEF2013wn-CLEFeHealth-HervasEt2013.pdf');
INSERT INTO Write (AuthorID, PaperID) VALUES (1429, 723);
INSERT INTO Paper (PaperID, Title, Year, MDate, Key, DOI) VALUES (1605, 'UCM at CLEF eHealth 2013 Shared Task1b.', 2013, '2016-08-29', 'conf/clef/HervasMSD13a', 'http://ceur-ws.org/Vol-1179/CLEF2013wn-CLEFeHealth-HervasEt2013b.pdf');
INSERT INTO Write (AuthorID, PaperID) VALUES (1429, 1605);
INSERT INTO Author (AuthorID, Name) VALUES (1430, 'Luo Si');
INSERT INTO Paper (PaperID, Title, Year, MDate, Key, DOI) VALUES (607, 'CLEF 2005: Multilingual Retrieval by Combining Multiple Multilingual Ranked Lists.', 2005, '2017-05-24', 'conf/clef/SiC05', 'https://doi.org/10.1007/11878773_13');
INSERT INTO Write (AuthorID, PaperID) VALUES (1430, 607);
INSERT INTO Paper (PaperID, Title, Year, MDate, Key, DOI) VALUES (1536, 'CLEF 2005: Multilingual Retrieval by Combining Multiple Multilingual Ranked Lists.', 2005, '2014-08-15', 'conf/clef/SiC05a', 'http://ceur-ws.org/Vol-1171/CLEF2005wn-adhoc-SiEt2005.pdf');
INSERT INTO Write (AuthorID, PaperID) VALUES (1430, 1536);
INSERT INTO Author (AuthorID, Name) VALUES (1431, 'Florian Boudin');
INSERT INTO Write (AuthorID, PaperID) VALUES (1431, 836);
INSERT INTO Write (AuthorID, PaperID) VALUES (1431, 1832);
INSERT INTO Author (AuthorID, Name) VALUES (1432, 'Hongfei Lin');
INSERT INTO Write (AuthorID, PaperID) VALUES (1432, 772);
INSERT INTO Write (AuthorID, PaperID) VALUES (1432, 2604);
INSERT INTO Author (AuthorID, Name) VALUES (1433, 'Yanshan Wang');
INSERT INTO Write (AuthorID, PaperID) VALUES (1433, 2341);
INSERT INTO Write (AuthorID, PaperID) VALUES (1433, 2677);
INSERT INTO Author (AuthorID, Name) VALUES (1434, 'P. Punitha');
INSERT INTO Write (AuthorID, PaperID) VALUES (1434, 2515);
INSERT INTO Write (AuthorID, PaperID) VALUES (1434, 2765);
INSERT INTO Author (AuthorID, Name) VALUES (1435, 'Nicolas Maillot');
INSERT INTO Write (AuthorID, PaperID) VALUES (1435, 2067);
INSERT INTO Write (AuthorID, PaperID) VALUES (1435, 3374);
INSERT INTO Author (AuthorID, Name) VALUES (1436, 'Patrick Ndjiki-Nya');
INSERT INTO Write (AuthorID, PaperID) VALUES (1436, 157);
INSERT INTO Write (AuthorID, PaperID) VALUES (1436, 758);
INSERT INTO Author (AuthorID, Name) VALUES (1437, 'Chris Callison-Burch');
INSERT INTO Paper (PaperID, Title, Year, MDate, Key, DOI) VALUES (534, 'Paraphrase Substitution for Recognizing Textual Entailment.', 2006, '2014-08-15', 'conf/clef/BosmaC06a', 'http://ceur-ws.org/Vol-1172/CLEF2006wn-QACLEF-BosmaEt2006.pdf');
INSERT INTO Write (AuthorID, PaperID) VALUES (1437, 534);
INSERT INTO Paper (PaperID, Title, Year, MDate, Key, DOI) VALUES (935, 'Paraphrase Substitution for Recognizing Textual Entailment.', 2006, '2017-05-24', 'conf/clef/BosmaC06', 'https://doi.org/10.1007/978-3-540-74999-8_60');
INSERT INTO Write (AuthorID, PaperID) VALUES (1437, 935);
INSERT INTO Author (AuthorID, Name) VALUES (1438, 'Masatoshi Yoshikawa');
INSERT INTO Write (AuthorID, PaperID) VALUES (1438, 2508);
INSERT INTO Write (AuthorID, PaperID) VALUES (1438, 3101);
INSERT INTO Author (AuthorID, Name) VALUES (1439, 'Mitchell P. Marcus');
INSERT INTO Write (AuthorID, PaperID) VALUES (1439, 73);
INSERT INTO Write (AuthorID, PaperID) VALUES (1439, 952);
INSERT INTO Author (AuthorID, Name) VALUES (1440, 'Payam Karisani');
INSERT INTO Write (AuthorID, PaperID) VALUES (1440, 546);
INSERT INTO Write (AuthorID, PaperID) VALUES (1440, 1523);
INSERT INTO Author (AuthorID, Name) VALUES (1441, 'Wataru Kameyama');
INSERT INTO Paper (PaperID, Title, Year, MDate, Key, DOI) VALUES (183, 'Joint Equal Contribution of Global and Local Features for Image Annotation.', 2009, '2014-09-29', 'conf/clef/SarinK09', 'http://ceur-ws.org/Vol-1175/CLEF2009wn-ImageCLEF-SarinEt2009.pdf');
INSERT INTO Write (AuthorID, PaperID) VALUES (1441, 183);
INSERT INTO Paper (PaperID, Title, Year, MDate, Key, DOI) VALUES (1526, 'Targeting Diversity in Photographic Retrieval Task with Commonsense Knowledge.', 2008, '2014-09-29', 'conf/clef/SarinK08', 'http://ceur-ws.org/Vol-1174/CLEF2008wn-ImageCLEF-SarinEt2008.pdf');
INSERT INTO Write (AuthorID, PaperID) VALUES (1441, 1526);
INSERT INTO Author (AuthorID, Name) VALUES (1442, 'Simon R&aacute;cz');
INSERT INTO Write (AuthorID, PaperID) VALUES (1442, 1702);
INSERT INTO Write (AuthorID, PaperID) VALUES (1442, 2056);
INSERT INTO Author (AuthorID, Name) VALUES (1443, 'Ulf Hermjakob');
INSERT INTO Write (AuthorID, PaperID) VALUES (1443, 2802);
INSERT INTO Write (AuthorID, PaperID) VALUES (1443, 3492);
INSERT INTO Author (AuthorID, Name) VALUES (1444, 'Lea Helmers');
INSERT INTO Write (AuthorID, PaperID) VALUES (1444, 1334);
INSERT INTO Write (AuthorID, PaperID) VALUES (1444, 2758);
INSERT INTO Author (AuthorID, Name) VALUES (1445, 'Devrim &Uuml;nay');
INSERT INTO Write (AuthorID, PaperID) VALUES (1445, 760);
INSERT INTO Write (AuthorID, PaperID) VALUES (1445, 2200);
INSERT INTO Author (AuthorID, Name) VALUES (1446, 'Mitra Akasereh');
INSERT INTO Write (AuthorID, PaperID) VALUES (1446, 370);
INSERT INTO Write (AuthorID, PaperID) VALUES (1446, 2248);
INSERT INTO Author (AuthorID, Name) VALUES (1447, 'Bilal Ghanem');
INSERT INTO Write (AuthorID, PaperID) VALUES (1447, 1350);
INSERT INTO Write (AuthorID, PaperID) VALUES (1447, 2451);
INSERT INTO Author (AuthorID, Name) VALUES (1448, 'Nayanika Dogra');
INSERT INTO Write (AuthorID, PaperID) VALUES (1448, 243);
INSERT INTO Write (AuthorID, PaperID) VALUES (1448, 1398);
INSERT INTO Author (AuthorID, Name) VALUES (1449, 'Luminita Chiran');
INSERT INTO Write (AuthorID, PaperID) VALUES (1449, 2174);
INSERT INTO Write (AuthorID, PaperID) VALUES (1449, 2585);
INSERT INTO Author (AuthorID, Name) VALUES (1450, 'Cristina Ribeiro 0001');
INSERT INTO Write (AuthorID, PaperID) VALUES (1450, 2063);
INSERT INTO Write (AuthorID, PaperID) VALUES (1450, 2115);
INSERT INTO Author (AuthorID, Name) VALUES (1451, 'Jonathan Clark');
INSERT INTO Write (AuthorID, PaperID) VALUES (1451, 1120);
INSERT INTO Write (AuthorID, PaperID) VALUES (1451, 3464);
INSERT INTO Author (AuthorID, Name) VALUES (1452, 'Kathy Lee');
INSERT INTO Write (AuthorID, PaperID) VALUES (1452, 905);
INSERT INTO Write (AuthorID, PaperID) VALUES (1452, 1995);
INSERT INTO Author (AuthorID, Name) VALUES (1453, 'Mar&iacute;a del Mar Rold&aacute;n Garc&iacute;a');
INSERT INTO Write (AuthorID, PaperID) VALUES (1453, 54);
INSERT INTO Write (AuthorID, PaperID) VALUES (1453, 2308);
INSERT INTO Author (AuthorID, Name) VALUES (1454, 'Victor Martinez');
INSERT INTO Write (AuthorID, PaperID) VALUES (1454, 723);
INSERT INTO Write (AuthorID, PaperID) VALUES (1454, 1605);
INSERT INTO Author (AuthorID, Name) VALUES (1455, 'Imene Bensalem');
INSERT INTO Write (AuthorID, PaperID) VALUES (1455, 1482);
INSERT INTO Write (AuthorID, PaperID) VALUES (1455, 1847);
INSERT INTO Author (AuthorID, Name) VALUES (1456, 'Xueliang Yan');
INSERT INTO Write (AuthorID, PaperID) VALUES (1456, 288);
INSERT INTO Write (AuthorID, PaperID) VALUES (1456, 1050);
INSERT INTO Author (AuthorID, Name) VALUES (1457, 'Samadrita Banerjee');
INSERT INTO Write (AuthorID, PaperID) VALUES (1457, 125);
INSERT INTO Write (AuthorID, PaperID) VALUES (1457, 941);
INSERT INTO Author (AuthorID, Name) VALUES (1458, 'Demetrios G. Glinos');
INSERT INTO Paper (PaperID, Title, Year, MDate, Key, DOI) VALUES (519, 'Discovering Similar Passages within Large Text Documents.', 2014, '2017-05-24', 'conf/clef/Glinos14', 'https://doi.org/10.1007/978-3-319-11382-1_10');
INSERT INTO Write (AuthorID, PaperID) VALUES (1458, 519);
INSERT INTO Paper (PaperID, Title, Year, MDate, Key, DOI) VALUES (2649, 'A Hybrid Architecture for Plagiarism Detection.', 2014, '2016-10-05', 'conf/clef/Glinos14a', 'http://ceur-ws.org/Vol-1180/CLEF2014wn-Pan-Glinos2014.pdf');
INSERT INTO Write (AuthorID, PaperID) VALUES (1458, 2649);
INSERT INTO Author (AuthorID, Name) VALUES (1459, 'Shunsuke Uemura');
INSERT INTO Write (AuthorID, PaperID) VALUES (1459, 2508);
INSERT INTO Write (AuthorID, PaperID) VALUES (1459, 3101);
INSERT INTO Author (AuthorID, Name) VALUES (1460, 'Yi Li');
INSERT INTO Write (AuthorID, PaperID) VALUES (1460, 807);
INSERT INTO Write (AuthorID, PaperID) VALUES (1460, 1680);
INSERT INTO Author (AuthorID, Name) VALUES (1461, 'Naoyuki Gunji');
INSERT INTO Write (AuthorID, PaperID) VALUES (1461, 1569);
INSERT INTO Write (AuthorID, PaperID) VALUES (1461, 3100);
INSERT INTO Author (AuthorID, Name) VALUES (1462, 'S. Tolga Yildiran');
INSERT INTO Write (AuthorID, PaperID) VALUES (1462, 1541);
INSERT INTO Write (AuthorID, PaperID) VALUES (1462, 2210);
INSERT INTO Author (AuthorID, Name) VALUES (1463, 'Chris Pool');
INSERT INTO Paper (PaperID, Title, Year, MDate, Key, DOI) VALUES (240, 'Author Profiling based on Text and Images: Notebook for PAN at CLEF 2018.', 2018, '2018-08-08', 'conf/clef/StoutMP18', 'http://ceur-ws.org/Vol-2125/paper_79.pdf');
INSERT INTO Write (AuthorID, PaperID) VALUES (1463, 240);
INSERT INTO Write (AuthorID, PaperID) VALUES (1463, 294);
INSERT INTO Author (AuthorID, Name) VALUES (1464, 'Andrew Trotman');
INSERT INTO Write (AuthorID, PaperID) VALUES (1464, 1324);
INSERT INTO Write (AuthorID, PaperID) VALUES (1464, 2709);
INSERT INTO Author (AuthorID, Name) VALUES (1465, 'Mathias Verbeke');
INSERT INTO Paper (PaperID, Title, Year, MDate, Key, DOI) VALUES (528, 'Combining Text Mining Techniques for QA4MRE 2013.', 2013, '2014-09-10', 'conf/clef/MarquesV13', 'http://ceur-ws.org/Vol-1179/CLEF2013wn-QA4MRE-deOliveiraDaCostaMarquesEt2013.pdf');
INSERT INTO Write (AuthorID, PaperID) VALUES (1465, 528);
INSERT INTO Paper (PaperID, Title, Year, MDate, Key, DOI) VALUES (1481, 'A Text Mining Approach as Baseline for QA4MRE''12.', 2012, '2014-09-24', 'conf/clef/VerbekeD12', 'http://www.clef-initiative.eu/documents/71612/234cb84c-03a3-45c3-8844-9b1ca448d976');
INSERT INTO Write (AuthorID, PaperID) VALUES (1465, 1481);
INSERT INTO Author (AuthorID, Name) VALUES (1466, 'Emanuele Pianta');
INSERT INTO Write (AuthorID, PaperID) VALUES (1466, 2955);
INSERT INTO Write (AuthorID, PaperID) VALUES (1466, 3431);
INSERT INTO Author (AuthorID, Name) VALUES (1467, 'Juha Makkonen');
INSERT INTO Write (AuthorID, PaperID) VALUES (1467, 1136);
INSERT INTO Write (AuthorID, PaperID) VALUES (1467, 1916);
INSERT INTO Author (AuthorID, Name) VALUES (1468, 'Om P. Damani');
INSERT INTO Write (AuthorID, PaperID) VALUES (1468, 2985);
INSERT INTO Write (AuthorID, PaperID) VALUES (1468, 3015);
INSERT INTO Author (AuthorID, Name) VALUES (1469, 'Josu&eacute; Gerardo Guti&eacute;rrez Hern&aacute;ndez');
INSERT INTO Write (AuthorID, PaperID) VALUES (1469, 1110);
INSERT INTO Write (AuthorID, PaperID) VALUES (1469, 2938);
INSERT INTO Author (AuthorID, Name) VALUES (1470, 'Sandipan Dandapat');
INSERT INTO Write (AuthorID, PaperID) VALUES (1470, 1441);
INSERT INTO Write (AuthorID, PaperID) VALUES (1470, 3007);
INSERT INTO Author (AuthorID, Name) VALUES (1471, 'Lydia-Mai Ho-Dac');
INSERT INTO Paper (PaperID, Title, Year, MDate, Key, DOI) VALUES (1900, 'LITL at CLEF eHealth2017: Automatic Classification of Death Reports.', 2017, '2017-08-15', 'conf/clef/Ho-DacFBBBCDGKP17', 'http://ceur-ws.org/Vol-1866/paper_60.pdf');
INSERT INTO Write (AuthorID, PaperID) VALUES (1471, 1900);
INSERT INTO Write (AuthorID, PaperID) VALUES (1471, 2686);
INSERT INTO Author (AuthorID, Name) VALUES (1472, 'Lisa Ballesteros');
INSERT INTO Write (AuthorID, PaperID) VALUES (1472, 2369);
INSERT INTO Write (AuthorID, PaperID) VALUES (1472, 2986);
INSERT INTO Author (AuthorID, Name) VALUES (1473, 'Alexandrina Rogozan');
INSERT INTO Write (AuthorID, PaperID) VALUES (1473, 582);
INSERT INTO Write (AuthorID, PaperID) VALUES (1473, 1673);
INSERT INTO Author (AuthorID, Name) VALUES (1474, 'Ahmad Khwileh');
INSERT INTO Write (AuthorID, PaperID) VALUES (1474, 812);
INSERT INTO Write (AuthorID, PaperID) VALUES (1474, 2875);
INSERT INTO Author (AuthorID, Name) VALUES (1475, 'Carolina Mart&iacute;n-Del-Campo-Rodr&iacute;guez');
INSERT INTO Write (AuthorID, PaperID) VALUES (1475, 2538);
INSERT INTO Write (AuthorID, PaperID) VALUES (1475, 2894);
INSERT INTO Author (AuthorID, Name) VALUES (1476, 'Abdelaziz Bensrhair');
INSERT INTO Write (AuthorID, PaperID) VALUES (1476, 582);
INSERT INTO Write (AuthorID, PaperID) VALUES (1476, 1673);
INSERT INTO Author (AuthorID, Name) VALUES (1477, 'Keith van Rijsbergen');
INSERT INTO Write (AuthorID, PaperID) VALUES (1477, 2550);
INSERT INTO Write (AuthorID, PaperID) VALUES (1477, 3338);
INSERT INTO Author (AuthorID, Name) VALUES (1478, 'Chee Wee Leong');
INSERT INTO Write (AuthorID, PaperID) VALUES (1478, 1010);
INSERT INTO Write (AuthorID, PaperID) VALUES (1478, 2966);
INSERT INTO Author (AuthorID, Name) VALUES (1479, 'Charles Yang 0001');
INSERT INTO Write (AuthorID, PaperID) VALUES (1479, 73);
INSERT INTO Write (AuthorID, PaperID) VALUES (1479, 952);
INSERT INTO Author (AuthorID, Name) VALUES (1480, 'S&eacute;bastien Fournier');
INSERT INTO Write (AuthorID, PaperID) VALUES (1480, 105);
INSERT INTO Write (AuthorID, PaperID) VALUES (1480, 3250);
INSERT INTO Author (AuthorID, Name) VALUES (1481, 'Declan Groves');
INSERT INTO Write (AuthorID, PaperID) VALUES (1481, 1635);
INSERT INTO Write (AuthorID, PaperID) VALUES (1481, 1651);
INSERT INTO Author (AuthorID, Name) VALUES (1482, 'Paul H. Lewis');
INSERT INTO Paper (PaperID, Title, Year, MDate, Key, DOI) VALUES (1362, 'IAM@ImageCLEFphoto 2009: Experiments on Maximising Diversity using Image Features.', 2009, '2014-09-29', 'conf/clef/HareDL09', 'http://ceur-ws.org/Vol-1175/CLEF2009wn-ImageCLEF-HareEt2009.pdf');
INSERT INTO Write (AuthorID, PaperID) VALUES (1482, 1362);
INSERT INTO Paper (PaperID, Title, Year, MDate, Key, DOI) VALUES (2837, 'IAM@ImageCLEFPhotoAnnotation 2009: Na800Aiuml;ve Application of a Linear-Algebraic Semantic Space.', 2009, '2014-09-29', 'conf/clef/HareL09', 'http://ceur-ws.org/Vol-1175/CLEF2009wn-ImageCLEF-HareEt2009b.pdf');
INSERT INTO Write (AuthorID, PaperID) VALUES (1482, 2837);
INSERT INTO Author (AuthorID, Name) VALUES (1483, 'Alberto D&iacute;az 0001');
INSERT INTO Write (AuthorID, PaperID) VALUES (1483, 723);
INSERT INTO Write (AuthorID, PaperID) VALUES (1483, 1605);
INSERT INTO Author (AuthorID, Name) VALUES (1484, 'Anuj Goyal');
INSERT INTO Write (AuthorID, PaperID) VALUES (1484, 2515);
INSERT INTO Write (AuthorID, PaperID) VALUES (1484, 2765);
INSERT INTO Author (AuthorID, Name) VALUES (1485, 'Alexei Vinokourov');
INSERT INTO Write (AuthorID, PaperID) VALUES (1485, 241);
INSERT INTO Write (AuthorID, PaperID) VALUES (1485, 2814);
INSERT INTO Author (AuthorID, Name) VALUES (1486, 'Farah Harrathi');
INSERT INTO Write (AuthorID, PaperID) VALUES (1486, 906);
INSERT INTO Write (AuthorID, PaperID) VALUES (1486, 3343);
INSERT INTO Author (AuthorID, Name) VALUES (1487, 'Nathalie Denos');
INSERT INTO Write (AuthorID, PaperID) VALUES (1487, 440);
INSERT INTO Write (AuthorID, PaperID) VALUES (1487, 1755);
INSERT INTO Author (AuthorID, Name) VALUES (1488, 'C. Lee Giles');
INSERT INTO Write (AuthorID, PaperID) VALUES (1488, 368);
INSERT INTO Write (AuthorID, PaperID) VALUES (1488, 3229);
INSERT INTO Author (AuthorID, Name) VALUES (1489, 'Eric Medvet');
INSERT INTO Paper (PaperID, Title, Year, MDate, Key, DOI) VALUES (2011, 'An Author Profiling Approach Based on Language-dependent Content and Stylometric Features.', 2015, '2015-09-03', 'conf/clef/BartoliLLMT15', 'http://ceur-ws.org/Vol-1391/106-CR.pdf');
INSERT INTO Write (AuthorID, PaperID) VALUES (1489, 2011);
INSERT INTO Paper (PaperID, Title, Year, MDate, Key, DOI) VALUES (2848, 'An Author Verification Approach Based on Differential Features: Notebook for PAN at CLEF 2015.', 2015, '2015-09-03', 'conf/clef/BartoliDLMT15', 'http://ceur-ws.org/Vol-1391/41-CR.pdf');
INSERT INTO Write (AuthorID, PaperID) VALUES (1489, 2848);
INSERT INTO Author (AuthorID, Name) VALUES (1490, 'Leonardo Campillos Llanos');
INSERT INTO Write (AuthorID, PaperID) VALUES (1490, 360);
INSERT INTO Write (AuthorID, PaperID) VALUES (1490, 469);
INSERT INTO Author (AuthorID, Name) VALUES (1491, 'Leila Safari');
INSERT INTO Paper (PaperID, Title, Year, MDate, Key, DOI) VALUES (263, 'ShARe/CLEF eHealth 2013 Normalization of Acronyms/Abbreviations Challenge.', 2013, '2014-09-10', 'conf/clef/PatrickSO13a', 'http://ceur-ws.org/Vol-1179/CLEF2013wn-CLEFeHealth-PatrickEt2013b.pdf');
INSERT INTO Write (AuthorID, PaperID) VALUES (1491, 263);
INSERT INTO Paper (PaperID, Title, Year, MDate, Key, DOI) VALUES (1870, 'ShARe/CLEF eHealth 2013 Named Entity Recognition and Normalization of Disorders Challenge.', 2013, '2014-09-10', 'conf/clef/PatrickSO13', 'http://ceur-ws.org/Vol-1179/CLEF2013wn-CLEFeHealth-PatrickEt2013.pdf');
INSERT INTO Write (AuthorID, PaperID) VALUES (1491, 1870);
INSERT INTO Author (AuthorID, Name) VALUES (1492, 'Hubert Naets');
INSERT INTO Write (AuthorID, PaperID) VALUES (1492, 957);
INSERT INTO Write (AuthorID, PaperID) VALUES (1492, 3077);
INSERT INTO Author (AuthorID, Name) VALUES (1493, 'Xiaohua Liu');
INSERT INTO Write (AuthorID, PaperID) VALUES (1493, 225);
INSERT INTO Write (AuthorID, PaperID) VALUES (1493, 3216);
INSERT INTO Author (AuthorID, Name) VALUES (1494, 'Enrique M&eacute;ndez D&iacute;az');
INSERT INTO Paper (PaperID, Title, Year, MDate, Key, DOI) VALUES (1935, 'COLE Experiments at QA@CLEF 2004 Spanish Monolingual Track.', 2004, '2017-05-24', 'conf/clef/DiazFS05', 'https://doi.org/10.1007/11519645_53');
INSERT INTO Write (AuthorID, PaperID) VALUES (1494, 1935);
INSERT INTO Paper (PaperID, Title, Year, MDate, Key, DOI) VALUES (3070, 'COLE at CLEF 2004: Rapid Prototyping of a QA System for Spanish.', 2004, '2014-08-15', 'conf/clef/DiazFS04', 'http://ceur-ws.org/Vol-1170/CLEF2004wn-QACLEF-MendezDiazEt2004.pdf');
INSERT INTO Write (AuthorID, PaperID) VALUES (1494, 3070);
INSERT INTO Author (AuthorID, Name) VALUES (1495, 'Elisabeth Wolf');
INSERT INTO Write (AuthorID, PaperID) VALUES (1495, 898);
INSERT INTO Write (AuthorID, PaperID) VALUES (1495, 1828);
INSERT INTO Author (AuthorID, Name) VALUES (1496, 'Bob Planqu&eacute;');
INSERT INTO Write (AuthorID, PaperID) VALUES (1496, 569);
INSERT INTO Write (AuthorID, PaperID) VALUES (1496, 2209);
INSERT INTO Author (AuthorID, Name) VALUES (1497, 'Sebasti&aacute;n A. R&iacute;os');
INSERT INTO Write (AuthorID, PaperID) VALUES (1497, 568);
INSERT INTO Write (AuthorID, PaperID) VALUES (1497, 739);
INSERT INTO Author (AuthorID, Name) VALUES (1498, 'Adam Pawlowski');
INSERT INTO Paper (PaperID, Title, Year, MDate, Key, DOI) VALUES (290, 'Polish Monolingual Task within Cultural Heritage in CLEF (CHiC) 2013. Wroc800A#322;aw Runs.', 2013, '2014-09-10', 'conf/clef/Pawlowski13', 'http://ceur-ws.org/Vol-1179/CLEF2013wn-CHiC-Pawlowski2013.pdf');
INSERT INTO Write (AuthorID, PaperID) VALUES (1498, 290);
INSERT INTO Write (AuthorID, PaperID) VALUES (1498, 507);
INSERT INTO Author (AuthorID, Name) VALUES (1499, 'Jamie Callan');
INSERT INTO Write (AuthorID, PaperID) VALUES (1499, 607);
INSERT INTO Write (AuthorID, PaperID) VALUES (1499, 1536);
INSERT INTO Author (AuthorID, Name) VALUES (1500, 'Adamantios Minas');
INSERT INTO Write (AuthorID, PaperID) VALUES (1500, 2318);
INSERT INTO Write (AuthorID, PaperID) VALUES (1500, 2809);
INSERT INTO Author (AuthorID, Name) VALUES (1501, 'Ion Androutsopoulos');
INSERT INTO Paper (PaperID, Title, Year, MDate, Key, DOI) VALUES (683, 'Biomedical Question-focused Multi-document Summarization: ILSP and AUEB at BioASQ3.', 2015, '2015-09-03', 'conf/clef/MalakasiotisAAG15', 'http://ceur-ws.org/Vol-1391/70-CR.pdf');
INSERT INTO Write (AuthorID, PaperID) VALUES (1501, 683);
INSERT INTO Write (AuthorID, PaperID) VALUES (1501, 1279);
INSERT INTO Author (AuthorID, Name) VALUES (1502, 'Parisa Kordjamshidi');
INSERT INTO Write (AuthorID, PaperID) VALUES (1502, 742);
INSERT INTO Write (AuthorID, PaperID) VALUES (1502, 1944);
INSERT INTO Author (AuthorID, Name) VALUES (1503, 'Mark Kr&ouml;ll');
INSERT INTO Write (AuthorID, PaperID) VALUES (1503, 520);
INSERT INTO Write (AuthorID, PaperID) VALUES (1503, 3353);
INSERT INTO Author (AuthorID, Name) VALUES (1504, 'Ryo Izawa');
INSERT INTO Write (AuthorID, PaperID) VALUES (1504, 986);
INSERT INTO Write (AuthorID, PaperID) VALUES (1504, 2153);
INSERT INTO Author (AuthorID, Name) VALUES (1505, 'Douglas Teodoro');
INSERT INTO Write (AuthorID, PaperID) VALUES (1505, 2778);
INSERT INTO Write (AuthorID, PaperID) VALUES (1505, 3120);
INSERT INTO Author (AuthorID, Name) VALUES (1506, 'Indra Budi');
INSERT INTO Write (AuthorID, PaperID) VALUES (1506, 890);
INSERT INTO Write (AuthorID, PaperID) VALUES (1506, 1376);
INSERT INTO Author (AuthorID, Name) VALUES (1507, 'Marcelo Errecalde');
INSERT INTO Write (AuthorID, PaperID) VALUES (1507, 933);
INSERT INTO Write (AuthorID, PaperID) VALUES (1507, 1367);
INSERT INTO Author (AuthorID, Name) VALUES (1508, 'Ismail Fahmi');
INSERT INTO Write (AuthorID, PaperID) VALUES (1508, 115);
INSERT INTO Write (AuthorID, PaperID) VALUES (1508, 348);
INSERT INTO Author (AuthorID, Name) VALUES (1509, 'Kalina Bontcheva');
INSERT INTO Write (AuthorID, PaperID) VALUES (1509, 857);
INSERT INTO Paper (PaperID, Title, Year, MDate, Key, DOI) VALUES (3032, 'Reputation Profiling with GATE.', 2012, '2014-09-24', 'conf/clef/GreenwoodAB12', 'http://www.clef-initiative.eu/documents/71612/4899b9f8-6e21-4f55-9898-68346f1b8442');
INSERT INTO Write (AuthorID, PaperID) VALUES (1509, 3032);
INSERT INTO Author (AuthorID, Name) VALUES (1510, 'Pedro Salgueiro');
INSERT INTO Write (AuthorID, PaperID) VALUES (1510, 639);
INSERT INTO Write (AuthorID, PaperID) VALUES (1510, 2905);
INSERT INTO Author (AuthorID, Name) VALUES (1511, 'Erik Graf');
INSERT INTO Write (AuthorID, PaperID) VALUES (1511, 2550);
INSERT INTO Write (AuthorID, PaperID) VALUES (1511, 3338);
INSERT INTO Author (AuthorID, Name) VALUES (1512, 'Petr Baudis');
INSERT INTO Paper (PaperID, Title, Year, MDate, Key, DOI) VALUES (1750, 'Modeling of the Question Answering Task in the YodaQA System.', 2015, '2018-11-14', 'conf/clef/BaudisS15', 'https://www.wikidata.org/entity/Q32945480');
INSERT INTO Write (AuthorID, PaperID) VALUES (1512, 1750);
INSERT INTO Paper (PaperID, Title, Year, MDate, Key, DOI) VALUES (2646, 'Biomedical Question Answering using the YodaQA System: Prototype Notes.', 2015, '2015-09-03', 'conf/clef/BaudisS15a', 'http://ceur-ws.org/Vol-1391/131-CR.pdf');
INSERT INTO Write (AuthorID, PaperID) VALUES (1512, 2646);
INSERT INTO Author (AuthorID, Name) VALUES (1513, 'Pushpak Bhattacharyya');
INSERT INTO Write (AuthorID, PaperID) VALUES (1513, 2985);
INSERT INTO Write (AuthorID, PaperID) VALUES (1513, 3015);
INSERT INTO Author (AuthorID, Name) VALUES (1514, 'Pascha Iljin');
INSERT INTO Write (AuthorID, PaperID) VALUES (1514, 88);
INSERT INTO Write (AuthorID, PaperID) VALUES (1514, 609);
INSERT INTO Author (AuthorID, Name) VALUES (1515, 'Carmen Alvarez');
INSERT INTO Write (AuthorID, PaperID) VALUES (1515, 2181);
INSERT INTO Write (AuthorID, PaperID) VALUES (1515, 3408);
INSERT INTO Author (AuthorID, Name) VALUES (1516, 'Philipp Mayr');
INSERT INTO Write (AuthorID, PaperID) VALUES (1516, 2381);
INSERT INTO Write (AuthorID, PaperID) VALUES (1516, 2616);
INSERT INTO Author (AuthorID, Name) VALUES (1517, 'Hugo Jair Escalante Balderas');
INSERT INTO Write (AuthorID, PaperID) VALUES (1517, 71);
INSERT INTO Write (AuthorID, PaperID) VALUES (1517, 1044);
INSERT INTO Author (AuthorID, Name) VALUES (1518, 'Fabio Massimo Zanzotto');
INSERT INTO Paper (PaperID, Title, Year, MDate, Key, DOI) VALUES (1113, 'Experimenting a "General Purpose" Textual Entailment Learner in AVE.', 2006, '2014-08-15', 'conf/clef/ZanzottoM06a', 'http://ceur-ws.org/Vol-1172/CLEF2006wn-QACLEF-ZanzottoEt2006.pdf');
INSERT INTO Write (AuthorID, PaperID) VALUES (1518, 1113);
INSERT INTO Paper (PaperID, Title, Year, MDate, Key, DOI) VALUES (2097, 'Experimenting a "General Purpose" Textual Entailment Learner in AVE.', 2006, '2017-05-24', 'conf/clef/ZanzottoM06', 'https://doi.org/10.1007/978-3-540-74999-8_61');
INSERT INTO Write (AuthorID, PaperID) VALUES (1518, 2097);
INSERT INTO Author (AuthorID, Name) VALUES (1519, 'Shuai Liao');
INSERT INTO Write (AuthorID, PaperID) VALUES (1519, 279);
INSERT INTO Write (AuthorID, PaperID) VALUES (1519, 3292);
INSERT INTO Author (AuthorID, Name) VALUES (1520, 'El&iacute;as F. Combarro');
INSERT INTO Write (AuthorID, PaperID) VALUES (1520, 1244);
INSERT INTO Write (AuthorID, PaperID) VALUES (1520, 1683);
INSERT INTO Author (AuthorID, Name) VALUES (1521, 'Antti J&auml;rvelin');
INSERT INTO Write (AuthorID, PaperID) VALUES (1521, 344);
INSERT INTO Write (AuthorID, PaperID) VALUES (1521, 376);
INSERT INTO Author (AuthorID, Name) VALUES (1522, 'Mario Graff');
INSERT INTO Write (AuthorID, PaperID) VALUES (1522, 1256);
INSERT INTO Write (AuthorID, PaperID) VALUES (1522, 2393);
INSERT INTO Author (AuthorID, Name) VALUES (1523, 'Luc Plamondon');
INSERT INTO Write (AuthorID, PaperID) VALUES (1523, 889);
INSERT INTO Write (AuthorID, PaperID) VALUES (1523, 1927);
INSERT INTO Author (AuthorID, Name) VALUES (1524, 'Jo&atilde;o Figueira Silva');
INSERT INTO Write (AuthorID, PaperID) VALUES (1524, 2314);
INSERT INTO Write (AuthorID, PaperID) VALUES (1524, 2855);
INSERT INTO Author (AuthorID, Name) VALUES (1525, 'Gonzalo Le&oacute;n');
INSERT INTO Write (AuthorID, PaperID) VALUES (1525, 2007);
INSERT INTO Write (AuthorID, PaperID) VALUES (1525, 3254);
INSERT INTO Author (AuthorID, Name) VALUES (1526, 'Daniela Alderuccio');
INSERT INTO Write (AuthorID, PaperID) VALUES (1526, 165);
INSERT INTO Write (AuthorID, PaperID) VALUES (1526, 1061);
INSERT INTO Author (AuthorID, Name) VALUES (1527, 'Mehdy Eskandari');
INSERT INTO Write (AuthorID, PaperID) VALUES (1527, 1435);
INSERT INTO Write (AuthorID, PaperID) VALUES (1527, 2359);
INSERT INTO Author (AuthorID, Name) VALUES (1528, 'Christof M&uuml;ller');
INSERT INTO Write (AuthorID, PaperID) VALUES (1528, 8);
INSERT INTO Write (AuthorID, PaperID) VALUES (1528, 763);
INSERT INTO Author (AuthorID, Name) VALUES (1529, 'David Massey');
INSERT INTO Write (AuthorID, PaperID) VALUES (1529, 1043);
INSERT INTO Write (AuthorID, PaperID) VALUES (1529, 3481);
INSERT INTO Author (AuthorID, Name) VALUES (1530, 'David Cabrero Souto');
INSERT INTO Write (AuthorID, PaperID) VALUES (1530, 1935);
INSERT INTO Write (AuthorID, PaperID) VALUES (1530, 3070);
INSERT INTO Author (AuthorID, Name) VALUES (1531, 'Amal Alharbi');
INSERT INTO Write (AuthorID, PaperID) VALUES (1531, 1331);
INSERT INTO Write (AuthorID, PaperID) VALUES (1531, 1583);
INSERT INTO Author (AuthorID, Name) VALUES (1532, 'Fahad Najib');
INSERT INTO Write (AuthorID, PaperID) VALUES (1532, 1176);
INSERT INTO Write (AuthorID, PaperID) VALUES (1532, 1945);
INSERT INTO Author (AuthorID, Name) VALUES (1533, 'Mario Taschwer');
INSERT INTO Paper (PaperID, Title, Year, MDate, Key, DOI) VALUES (2669, 'AAUITEC at ImageCLEF 2015: Compound Figure Separation.', 2015, '2015-09-03', 'conf/clef/TaschwerM15', 'http://ceur-ws.org/Vol-1391/25-CR.pdf');
INSERT INTO Write (AuthorID, PaperID) VALUES (1533, 2669);
INSERT INTO Paper (PaperID, Title, Year, MDate, Key, DOI) VALUES (3268, 'Text-Based Medical Case Retrieval Using MeSH Ontology.', 2013, '2014-09-10', 'conf/clef/Taschwer13', 'http://ceur-ws.org/Vol-1179/CLEF2013wn-ImageCLEF-Taschwer2013.pdf');
INSERT INTO Write (AuthorID, PaperID) VALUES (1533, 3268);
INSERT INTO Author (AuthorID, Name) VALUES (1534, 'Iria da Cunha');
INSERT INTO Write (AuthorID, PaperID) VALUES (1534, 1739);
INSERT INTO Write (AuthorID, PaperID) VALUES (1534, 2069);
INSERT INTO Author (AuthorID, Name) VALUES (1535, 'Enrique Vidal 0001');
INSERT INTO Write (AuthorID, PaperID) VALUES (1535, 33);
INSERT INTO Write (AuthorID, PaperID) VALUES (1535, 82);
INSERT INTO Author (AuthorID, Name) VALUES (1536, 'Yansong Feng');
INSERT INTO Write (AuthorID, PaperID) VALUES (1536, 1658);
INSERT INTO Write (AuthorID, PaperID) VALUES (1536, 2284);
INSERT INTO Author (AuthorID, Name) VALUES (1537, 'Rui Hu');
INSERT INTO Write (AuthorID, PaperID) VALUES (1537, 648);
INSERT INTO Write (AuthorID, PaperID) VALUES (1537, 1173);
INSERT INTO Author (AuthorID, Name) VALUES (1538, 'Tony Valsamidis');
INSERT INTO Write (AuthorID, PaperID) VALUES (1538, 1797);
INSERT INTO Write (AuthorID, PaperID) VALUES (1538, 1931);
INSERT INTO Author (AuthorID, Name) VALUES (1539, 'Eero Sormunen');
INSERT INTO Write (AuthorID, PaperID) VALUES (1539, 2791);
INSERT INTO Write (AuthorID, PaperID) VALUES (1539, 2958);
INSERT INTO Author (AuthorID, Name) VALUES (1540, 'Mohamed Morchid');
INSERT INTO Paper (PaperID, Title, Year, MDate, Key, DOI) VALUES (328, 'INEX 2012 Benchmark a Semantic Space for Tweets Contextualization.', 2012, '2014-09-24', 'conf/clef/MorchidL12', 'http://www.clef-initiative.eu/documents/71612/6198ccf9-9024-41dd-b51e-eeb6c3c5a52d');
INSERT INTO Write (AuthorID, PaperID) VALUES (1540, 328);
INSERT INTO Write (AuthorID, PaperID) VALUES (1540, 2602);
INSERT INTO Author (AuthorID, Name) VALUES (1541, 'Matthias Becker 0005');
INSERT INTO Write (AuthorID, PaperID) VALUES (1541, 266);
INSERT INTO Write (AuthorID, PaperID) VALUES (1541, 783);
INSERT INTO Author (AuthorID, Name) VALUES (1542, 'Manuel J. Ma&ntilde;a L&oacute;pez');
INSERT INTO Write (AuthorID, PaperID) VALUES (1542, 2276);
INSERT INTO Write (AuthorID, PaperID) VALUES (1542, 3275);
INSERT INTO Author (AuthorID, Name) VALUES (1543, 'Karolin Nagel');
INSERT INTO Write (AuthorID, PaperID) VALUES (1543, 2463);
INSERT INTO Write (AuthorID, PaperID) VALUES (1543, 2899);
INSERT INTO Author (AuthorID, Name) VALUES (1544, 'Khadijeh Khoshnava');
INSERT INTO Write (AuthorID, PaperID) VALUES (1544, 459);
INSERT INTO Write (AuthorID, PaperID) VALUES (1544, 903);
INSERT INTO Author (AuthorID, Name) VALUES (1545, 'Robin Aly');
INSERT INTO Write (AuthorID, PaperID) VALUES (1545, 2041);
INSERT INTO Write (AuthorID, PaperID) VALUES (1545, 3199);
INSERT INTO Author (AuthorID, Name) VALUES (1546, 'Anthony Deacon');
INSERT INTO Write (AuthorID, PaperID) VALUES (1546, 2059);
INSERT INTO Write (AuthorID, PaperID) VALUES (1546, 2952);
INSERT INTO Author (AuthorID, Name) VALUES (1547, 'Vincent P. Wade');
INSERT INTO Write (AuthorID, PaperID) VALUES (1547, 3018);
INSERT INTO Write (AuthorID, PaperID) VALUES (1547, 3170);
INSERT INTO Author (AuthorID, Name) VALUES (1548, 'Stefan Schlobach');
INSERT INTO Write (AuthorID, PaperID) VALUES (1548, 1713);
INSERT INTO Write (AuthorID, PaperID) VALUES (1548, 2076);
INSERT INTO Author (AuthorID, Name) VALUES (1549, 'Aur&eacute;lie Rossi');
INSERT INTO Write (AuthorID, PaperID) VALUES (1549, 224);
INSERT INTO Write (AuthorID, PaperID) VALUES (1549, 1544);
INSERT INTO Author (AuthorID, Name) VALUES (1550, 'Nicu Sebe');
INSERT INTO Write (AuthorID, PaperID) VALUES (1550, 71);
INSERT INTO Write (AuthorID, PaperID) VALUES (1550, 1044);
INSERT INTO Author (AuthorID, Name) VALUES (1551, 'Lokesh Setia');
INSERT INTO Write (AuthorID, PaperID) VALUES (1551, 2637);
INSERT INTO Write (AuthorID, PaperID) VALUES (1551, 2967);
INSERT INTO Author (AuthorID, Name) VALUES (1552, 'Michael Nossal');
INSERT INTO Write (AuthorID, PaperID) VALUES (1552, 2087);
INSERT INTO Write (AuthorID, PaperID) VALUES (1552, 2342);
INSERT INTO Author (AuthorID, Name) VALUES (1553, 'Tiejun Huang');
INSERT INTO Write (AuthorID, PaperID) VALUES (1553, 26);
INSERT INTO Write (AuthorID, PaperID) VALUES (1553, 1699);
INSERT INTO Author (AuthorID, Name) VALUES (1554, 'Shizhu He');
INSERT INTO Paper (PaperID, Title, Year, MDate, Key, DOI) VALUES (897, 'CASIA@V2: A MLN-based Question Answering System over Linked Data.', 2014, '2017-02-14', 'conf/clef/HeZL014', 'http://ceur-ws.org/Vol-1180/CLEF2014wn-QA-ShizhuEt2014.pdf');
INSERT INTO Write (AuthorID, PaperID) VALUES (1554, 897);
INSERT INTO Paper (PaperID, Title, Year, MDate, Key, DOI) VALUES (1413, 'CASIA@QALD-3: A Question Answering System over Linked Data.', 2013, '2017-02-14', 'conf/clef/HeLCZL013', 'http://ceur-ws.org/Vol-1179/CLEF2013wn-QALD3-HeEt2013.pdf');
INSERT INTO Write (AuthorID, PaperID) VALUES (1554, 1413);
INSERT INTO Author (AuthorID, Name) VALUES (1555, 'Li Xing');
INSERT INTO Write (AuthorID, PaperID) VALUES (1555, 1183);
INSERT INTO Write (AuthorID, PaperID) VALUES (1555, 2217);
INSERT INTO Author (AuthorID, Name) VALUES (1556, 'Nada Naji');
INSERT INTO Write (AuthorID, PaperID) VALUES (1556, 370);
INSERT INTO Write (AuthorID, PaperID) VALUES (1556, 2248);
INSERT INTO Author (AuthorID, Name) VALUES (1557, 'Marco Angelini');
INSERT INTO Write (AuthorID, PaperID) VALUES (1557, 2268);
INSERT INTO Write (AuthorID, PaperID) VALUES (1557, 3411);
INSERT INTO Author (AuthorID, Name) VALUES (1558, 'Kuang-hua Chen');
INSERT INTO Write (AuthorID, PaperID) VALUES (1558, 756);
INSERT INTO Write (AuthorID, PaperID) VALUES (1558, 3065);
INSERT INTO Author (AuthorID, Name) VALUES (1559, 'Rithesh Sreenivasan');
INSERT INTO Write (AuthorID, PaperID) VALUES (1559, 905);
INSERT INTO Write (AuthorID, PaperID) VALUES (1559, 1995);
INSERT INTO Author (AuthorID, Name) VALUES (1560, 'Christine Swisher');
INSERT INTO Write (AuthorID, PaperID) VALUES (1560, 905);
INSERT INTO Write (AuthorID, PaperID) VALUES (1560, 1995);
INSERT INTO Author (AuthorID, Name) VALUES (1561, 'Massimo Poesio');
INSERT INTO Write (AuthorID, PaperID) VALUES (1561, 1372);
INSERT INTO Write (AuthorID, PaperID) VALUES (1561, 1452);
INSERT INTO Author (AuthorID, Name) VALUES (1562, 'Lucian Vlad Lita');
INSERT INTO Write (AuthorID, PaperID) VALUES (1562, 1703);
INSERT INTO Write (AuthorID, PaperID) VALUES (1562, 2183);
INSERT INTO Author (AuthorID, Name) VALUES (1563, 'Renata Galante');
INSERT INTO Write (AuthorID, PaperID) VALUES (1563, 691);
INSERT INTO Write (AuthorID, PaperID) VALUES (1563, 1496);
INSERT INTO Author (AuthorID, Name) VALUES (1564, 'Gaurav Singh');
INSERT INTO Paper (PaperID, Title, Year, MDate, Key, DOI) VALUES (2266, 'Improving Profiles of Weakly-Engaged Users - With Applications to Recommender Systems.', 2016, '2017-05-24', 'conf/clef/SinghMS16', 'https://doi.org/10.1007/978-3-319-44564-9_10');
INSERT INTO Write (AuthorID, PaperID) VALUES (1564, 2266);
INSERT INTO Paper (PaperID, Title, Year, MDate, Key, DOI) VALUES (3365, 'Identifying Diagnostic Test Accuracy Publications using a Deep Model.', 2017, '2017-08-18', 'conf/clef/SinghMTW17', 'http://ceur-ws.org/Vol-1866/paper_125.pdf');
INSERT INTO Write (AuthorID, PaperID) VALUES (1564, 3365);
INSERT INTO Author (AuthorID, Name) VALUES (1565, 'Gondy Leroy');
INSERT INTO Write (AuthorID, PaperID) VALUES (1565, 7);
INSERT INTO Write (AuthorID, PaperID) VALUES (1565, 1586);
INSERT INTO Author (AuthorID, Name) VALUES (1566, 'Siang Thye Hang');
INSERT INTO Write (AuthorID, PaperID) VALUES (1566, 34);
INSERT INTO Write (AuthorID, PaperID) VALUES (1566, 3236);
INSERT INTO Author (AuthorID, Name) VALUES (1567, 'Lionel Ramadier');
INSERT INTO Write (AuthorID, PaperID) VALUES (1567, 190);
INSERT INTO Write (AuthorID, PaperID) VALUES (1567, 531);
INSERT INTO Author (AuthorID, Name) VALUES (1568, 'Francisco Manuel Rangel Pardo');
INSERT INTO Write (AuthorID, PaperID) VALUES (1568, 744);
INSERT INTO Write (AuthorID, PaperID) VALUES (1568, 2304);
INSERT INTO Author (AuthorID, Name) VALUES (1569, 'Giacomo Inches');
INSERT INTO Write (AuthorID, PaperID) VALUES (1569, 2170);
INSERT INTO Write (AuthorID, PaperID) VALUES (1569, 3351);
INSERT INTO Author (AuthorID, Name) VALUES (1570, 'Asma Damankesh');
INSERT INTO Write (AuthorID, PaperID) VALUES (1570, 2320);
INSERT INTO Write (AuthorID, PaperID) VALUES (1570, 2567);
INSERT INTO Author (AuthorID, Name) VALUES (1571, 'Aris Kosmopoulos');
INSERT INTO Write (AuthorID, PaperID) VALUES (1571, 589);
INSERT INTO Write (AuthorID, PaperID) VALUES (1571, 1279);
INSERT INTO Author (AuthorID, Name) VALUES (1572, 'Rafael Mu&ntilde;oz-Terol');
INSERT INTO Write (AuthorID, PaperID) VALUES (1572, 122);
INSERT INTO Write (AuthorID, PaperID) VALUES (1572, 2207);
INSERT INTO Author (AuthorID, Name) VALUES (1573, 'Thi-Lan Le');
INSERT INTO Paper (PaperID, Title, Year, MDate, Key, DOI) VALUES (687, 'MICA at LifeCLEF 2015: Multi-organ Plant Identification.', 2015, '2015-12-10', 'conf/clef/LeNVN15', 'http://ceur-ws.org/Vol-1391/21-CR.pdf');
INSERT INTO Write (AuthorID, PaperID) VALUES (1573, 687);
INSERT INTO Paper (PaperID, Title, Year, MDate, Key, DOI) VALUES (3174, 'MICA at ImageClef 2013 Plant Identification Task.', 2013, '2014-09-10', 'conf/clef/LeP13', 'http://ceur-ws.org/Vol-1179/CLEF2013wn-ImageCLEF-LeEt2013.pdf');
INSERT INTO Write (AuthorID, PaperID) VALUES (1573, 3174);
INSERT INTO Author (AuthorID, Name) VALUES (1574, 'Satoshi Nakamura 0001');
INSERT INTO Write (AuthorID, PaperID) VALUES (1574, 281);
INSERT INTO Write (AuthorID, PaperID) VALUES (1574, 1274);
INSERT INTO Author (AuthorID, Name) VALUES (1575, 'Marc Stogaitis');
INSERT INTO Write (AuthorID, PaperID) VALUES (1575, 2470);
INSERT INTO Write (AuthorID, PaperID) VALUES (1575, 2946);
INSERT INTO Author (AuthorID, Name) VALUES (1576, 'Rama Pandugita');
INSERT INTO Write (AuthorID, PaperID) VALUES (1576, 998);
INSERT INTO Write (AuthorID, PaperID) VALUES (1576, 1835);
INSERT INTO Author (AuthorID, Name) VALUES (1577, 'Florian Dietz');
INSERT INTO Write (AuthorID, PaperID) VALUES (1577, 2642);
INSERT INTO Write (AuthorID, PaperID) VALUES (1577, 3477);
INSERT INTO Author (AuthorID, Name) VALUES (1578, 'Xixi He');
INSERT INTO Write (AuthorID, PaperID) VALUES (1578, 269);
INSERT INTO Write (AuthorID, PaperID) VALUES (1578, 279);
INSERT INTO Author (AuthorID, Name) VALUES (1579, 'Thiago Alexandre Salgueiro Pardo');
INSERT INTO Write (AuthorID, PaperID) VALUES (1579, 748);
INSERT INTO Write (AuthorID, PaperID) VALUES (1579, 2070);
INSERT INTO Author (AuthorID, Name) VALUES (1580, 'Nicolas Usunier');
INSERT INTO Write (AuthorID, PaperID) VALUES (1580, 172);
INSERT INTO Write (AuthorID, PaperID) VALUES (1580, 1445);
INSERT INTO Author (AuthorID, Name) VALUES (1581, 'Daniel Heesch');
INSERT INTO Write (AuthorID, PaperID) VALUES (1581, 2732);
INSERT INTO Write (AuthorID, PaperID) VALUES (1581, 3270);
INSERT INTO Author (AuthorID, Name) VALUES (1582, 'Iris Hendrickx');
INSERT INTO Write (AuthorID, PaperID) VALUES (1582, 429);
INSERT INTO Write (AuthorID, PaperID) VALUES (1582, 2601);
INSERT INTO Author (AuthorID, Name) VALUES (1583, 'Paolo Curtoni');
INSERT INTO Write (AuthorID, PaperID) VALUES (1583, 1115);
INSERT INTO Write (AuthorID, PaperID) VALUES (1583, 2105);
INSERT INTO Author (AuthorID, Name) VALUES (1584, 'Yannis Papanikolaou');
INSERT INTO Write (AuthorID, PaperID) VALUES (1584, 380);
INSERT INTO Write (AuthorID, PaperID) VALUES (1584, 2822);
INSERT INTO Author (AuthorID, Name) VALUES (1585, 'Roberto Navigli');
INSERT INTO Write (AuthorID, PaperID) VALUES (1585, 414);
INSERT INTO Paper (PaperID, Title, Year, MDate, Key, DOI) VALUES (2745, 'Babelplagiarism: What can BabelNet do for Cross-language Plagiarism Detection?', 2012, '2014-09-24', 'conf/clef/Navigli12', 'http://www.clef-initiative.eu/documents/71612/7ee93373-8aa4-42e0-8d4a-3957083be1f2');
INSERT INTO Write (AuthorID, PaperID) VALUES (1585, 2745);
INSERT INTO Author (AuthorID, Name) VALUES (1586, 'Soumya Gayen');
INSERT INTO Write (AuthorID, PaperID) VALUES (1586, 3133);
INSERT INTO Write (AuthorID, PaperID) VALUES (1586, 3406);
INSERT INTO Author (AuthorID, Name) VALUES (1587, 'Jun Zhao 0001');
INSERT INTO Write (AuthorID, PaperID) VALUES (1587, 897);
INSERT INTO Write (AuthorID, PaperID) VALUES (1587, 1413);
INSERT INTO Author (AuthorID, Name) VALUES (1588, 'Tapabrata Mondal');
INSERT INTO Write (AuthorID, PaperID) VALUES (1588, 2484);
INSERT INTO Write (AuthorID, PaperID) VALUES (1588, 3428);
INSERT INTO Author (AuthorID, Name) VALUES (1589, 'Peter Clark');
INSERT INTO Paper (PaperID, Title, Year, MDate, Key, DOI) VALUES (89, 'Recognizing Textual Entailment, QA4MRE, and Machine Reading.', 2012, '2014-09-24', 'conf/clef/Clark12', 'http://www.clef-initiative.eu/documents/71612/9bc6275d-baf8-44dc-b024-b1cab4cc4e8e');
INSERT INTO Write (AuthorID, PaperID) VALUES (1589, 89);
INSERT INTO Paper (PaperID, Title, Year, MDate, Key, DOI) VALUES (2045, 'An Entailment-Based Approach to the QA4MRE Challenge.', 2012, '2014-09-24', 'conf/clef/ClarkHY12', 'http://www.clef-initiative.eu/documents/71612/cd338d45-e36e-439d-9f33-62dc5bdda782');
INSERT INTO Write (AuthorID, PaperID) VALUES (1589, 2045);
INSERT INTO Author (AuthorID, Name) VALUES (1590, 'Luis Carlos Gonz&aacute;lez-Gurrola');
INSERT INTO Paper (PaperID, Title, Year, MDate, Key, DOI) VALUES (2307, 'Custom Document Embeddings Via the Centroids Method: Gender Classification in an Author Profiling Task: Notebook for PAN at CLEF 2018.', 2018, '2018-08-08', 'conf/clef/Lopez-Santillan18', 'http://ceur-ws.org/Vol-2125/paper_99.pdf');
INSERT INTO Write (AuthorID, PaperID) VALUES (1590, 2307);
INSERT INTO Write (AuthorID, PaperID) VALUES (1590, 2941);
INSERT INTO Author (AuthorID, Name) VALUES (1591, 'Anne G&ouml;hring');
INSERT INTO Write (AuthorID, PaperID) VALUES (1591, 2541);
INSERT INTO Write (AuthorID, PaperID) VALUES (1591, 2723);
INSERT INTO Author (AuthorID, Name) VALUES (1592, 'Jorge E. Camargo');
INSERT INTO Write (AuthorID, PaperID) VALUES (1592, 885);
INSERT INTO Write (AuthorID, PaperID) VALUES (1592, 1357);
INSERT INTO Author (AuthorID, Name) VALUES (1593, 'Jiquan Ngiam');
INSERT INTO Paper (PaperID, Title, Year, MDate, Key, DOI) VALUES (1236, 'I2R ImageCLEF Photo Annotation 2009 Working Notes.', 2009, '2014-09-29', 'conf/clef/NgiamG09a', 'http://ceur-ws.org/Vol-1175/CLEF2009wn-ImageCLEF-NgiamEt2009.pdf');
INSERT INTO Write (AuthorID, PaperID) VALUES (1593, 1236);
INSERT INTO Paper (PaperID, Title, Year, MDate, Key, DOI) VALUES (3376, 'Learning Global and Regional Features for Photo Annotation.', 2009, '2017-05-24', 'conf/clef/NgiamG09', 'https://doi.org/10.1007/978-3-642-15751-6_36');
INSERT INTO Write (AuthorID, PaperID) VALUES (1593, 3376);
INSERT INTO Author (AuthorID, Name) VALUES (1594, 'Jorge Miguel Silva');
INSERT INTO Write (AuthorID, PaperID) VALUES (1594, 2314);
INSERT INTO Write (AuthorID, PaperID) VALUES (1594, 2855);
INSERT INTO Author (AuthorID, Name) VALUES (1595, 'Carlos Arturo Hern&aacute;ndez-Gracidas');
INSERT INTO Write (AuthorID, PaperID) VALUES (1595, 71);
INSERT INTO Write (AuthorID, PaperID) VALUES (1595, 1044);
INSERT INTO Author (AuthorID, Name) VALUES (1596, 'Daniel Marcu');
INSERT INTO Write (AuthorID, PaperID) VALUES (1596, 2802);
INSERT INTO Write (AuthorID, PaperID) VALUES (1596, 3492);
INSERT INTO Author (AuthorID, Name) VALUES (1597, 'Hanlin Goh');
INSERT INTO Write (AuthorID, PaperID) VALUES (1597, 1236);
INSERT INTO Write (AuthorID, PaperID) VALUES (1597, 3376);
INSERT INTO Author (AuthorID, Name) VALUES (1598, 'Richard M. Schwartz');
INSERT INTO Write (AuthorID, PaperID) VALUES (1598, 1946);
INSERT INTO Write (AuthorID, PaperID) VALUES (1598, 2970);
INSERT INTO Author (AuthorID, Name) VALUES (1599, 'Florent Perronnin');
INSERT INTO Write (AuthorID, PaperID) VALUES (1599, 2424);
INSERT INTO Write (AuthorID, PaperID) VALUES (1599, 3063);
INSERT INTO Author (AuthorID, Name) VALUES (1600, 'Jos&eacute; Luis Delgado');
INSERT INTO Write (AuthorID, PaperID) VALUES (1600, 2007);
INSERT INTO Write (AuthorID, PaperID) VALUES (1600, 3254);
INSERT INTO Author (AuthorID, Name) VALUES (1601, 'Li-Ji Gaou');
INSERT INTO Write (AuthorID, PaperID) VALUES (1601, 3171);
INSERT INTO Write (AuthorID, PaperID) VALUES (1601, 3350);
INSERT INTO Author (AuthorID, Name) VALUES (1602, 'Jiayi Chen');
INSERT INTO Write (AuthorID, PaperID) VALUES (1602, 412);
INSERT INTO Write (AuthorID, PaperID) VALUES (1602, 1512);
INSERT INTO Author (AuthorID, Name) VALUES (1603, 'James Pustejovsky');
INSERT INTO Write (AuthorID, PaperID) VALUES (1603, 742);
INSERT INTO Write (AuthorID, PaperID) VALUES (1603, 1944);
INSERT INTO Author (AuthorID, Name) VALUES (1604, 'Gustavo Hern&aacute;ndez');
INSERT INTO Write (AuthorID, PaperID) VALUES (1604, 538);
INSERT INTO Write (AuthorID, PaperID) VALUES (1604, 2522);
INSERT INTO Author (AuthorID, Name) VALUES (1605, 'Abraham Duarte');
INSERT INTO Write (AuthorID, PaperID) VALUES (1605, 2744);
INSERT INTO Write (AuthorID, PaperID) VALUES (1605, 2904);
INSERT INTO Author (AuthorID, Name) VALUES (1606, 'Huu Nghia Huynh');
INSERT INTO Paper (PaperID, Title, Year, MDate, Key, DOI) VALUES (16, 'ShARe/CLEFeHealth: A Hybrid Approach for Task 2.', 2014, '2015-09-06', 'conf/clef/HuynhH14', 'http://ceur-ws.org/Vol-1180/CLEF2014wn-eHealth-HuynhEt2014.pdf');
INSERT INTO Write (AuthorID, PaperID) VALUES (1606, 16);
INSERT INTO Paper (PaperID, Title, Year, MDate, Key, DOI) VALUES (1248, 'TeamHCMUS: A Concept-based Information Retrieval Approach for Web Medical Documents.', 2015, '2015-09-03', 'conf/clef/HuynhNH15', 'http://ceur-ws.org/Vol-1391/60-CR.pdf');
INSERT INTO Write (AuthorID, PaperID) VALUES (1606, 1248);
INSERT INTO Author (AuthorID, Name) VALUES (1607, 'Claude St. Jacques');
INSERT INTO Write (AuthorID, PaperID) VALUES (1607, 340);
INSERT INTO Write (AuthorID, PaperID) VALUES (1607, 3196);
INSERT INTO Author (AuthorID, Name) VALUES (1608, 'Ovidiu Ionescu');
INSERT INTO Write (AuthorID, PaperID) VALUES (1608, 3012);
INSERT INTO Write (AuthorID, PaperID) VALUES (1608, 3440);
INSERT INTO Author (AuthorID, Name) VALUES (1609, 'Leo Joskowicz');
INSERT INTO Write (AuthorID, PaperID) VALUES (1609, 141);
INSERT INTO Write (AuthorID, PaperID) VALUES (1609, 2810);
INSERT INTO Author (AuthorID, Name) VALUES (1610, 'Hossein Nasr Esfahani');
INSERT INTO Write (AuthorID, PaperID) VALUES (1610, 1890);
INSERT INTO Write (AuthorID, PaperID) VALUES (1610, 2887);
INSERT INTO Author (AuthorID, Name) VALUES (1611, 'Marta Tatu');
INSERT INTO Write (AuthorID, PaperID) VALUES (1611, 2246);
INSERT INTO Write (AuthorID, PaperID) VALUES (1611, 3528);
INSERT INTO Author (AuthorID, Name) VALUES (1612, 'Aar&oacute;n Pancardo-Rodr&iacute;guez');
INSERT INTO Write (AuthorID, PaperID) VALUES (1612, 2521);
INSERT INTO Write (AuthorID, PaperID) VALUES (1612, 2728);
INSERT INTO Author (AuthorID, Name) VALUES (1613, 'Yuqing Mao');
INSERT INTO Write (AuthorID, PaperID) VALUES (1613, 1233);
INSERT INTO Write (AuthorID, PaperID) VALUES (1613, 1707);
INSERT INTO Author (AuthorID, Name) VALUES (1614, 'I&ntilde;aki Alegria');
INSERT INTO Write (AuthorID, PaperID) VALUES (1614, 265);
INSERT INTO Write (AuthorID, PaperID) VALUES (1614, 1205);
INSERT INTO Author (AuthorID, Name) VALUES (1615, 'Justus H. Piater');
INSERT INTO Write (AuthorID, PaperID) VALUES (1615, 864);
INSERT INTO Write (AuthorID, PaperID) VALUES (1615, 1282);
INSERT INTO Author (AuthorID, Name) VALUES (1616, 'Falk Scholer');
INSERT INTO Write (AuthorID, PaperID) VALUES (1616, 1324);
INSERT INTO Write (AuthorID, PaperID) VALUES (1616, 2709);
INSERT INTO Author (AuthorID, Name) VALUES (1617, 'Jo&atilde;o Marcelo Azevedo Arcoverde');
INSERT INTO Write (AuthorID, PaperID) VALUES (1617, 145);
INSERT INTO Write (AuthorID, PaperID) VALUES (1617, 1358);
INSERT INTO Author (AuthorID, Name) VALUES (1618, 'Vivek V. Datla');
INSERT INTO Write (AuthorID, PaperID) VALUES (1618, 905);
INSERT INTO Write (AuthorID, PaperID) VALUES (1618, 1995);
INSERT INTO Author (AuthorID, Name) VALUES (1619, 'Lucia Hervas');
INSERT INTO Write (AuthorID, PaperID) VALUES (1619, 723);
INSERT INTO Write (AuthorID, PaperID) VALUES (1619, 1605);
INSERT INTO Author (AuthorID, Name) VALUES (1620, 'Supheakmungkol Sarin');
INSERT INTO Write (AuthorID, PaperID) VALUES (1620, 183);
INSERT INTO Write (AuthorID, PaperID) VALUES (1620, 1526);
INSERT INTO Author (AuthorID, Name) VALUES (1621, 'David Mark');
INSERT INTO Write (AuthorID, PaperID) VALUES (1621, 1999);
INSERT INTO Write (AuthorID, PaperID) VALUES (1621, 2838);
INSERT INTO Author (AuthorID, Name) VALUES (1622, 'Lorenza Moreno');
INSERT INTO Write (AuthorID, PaperID) VALUES (1622, 873);
INSERT INTO Write (AuthorID, PaperID) VALUES (1622, 2641);
INSERT INTO Author (AuthorID, Name) VALUES (1623, 'C&eacute;dric Lemaitre');
INSERT INTO Write (AuthorID, PaperID) VALUES (1623, 793);
INSERT INTO Write (AuthorID, PaperID) VALUES (1623, 1849);
INSERT INTO Author (AuthorID, Name) VALUES (1624, '&Aacute;gnes Gyarmati');
INSERT INTO Write (AuthorID, PaperID) VALUES (1624, 704);
INSERT INTO Write (AuthorID, PaperID) VALUES (1624, 2844);
INSERT INTO Author (AuthorID, Name) VALUES (1625, 'David Nadeau');
INSERT INTO Write (AuthorID, PaperID) VALUES (1625, 340);
INSERT INTO Write (AuthorID, PaperID) VALUES (1625, 3196);
INSERT INTO Author (AuthorID, Name) VALUES (1626, 'Mijail Alexandrov Kabadjov');
INSERT INTO Write (AuthorID, PaperID) VALUES (1626, 1372);
INSERT INTO Write (AuthorID, PaperID) VALUES (1626, 1452);
INSERT INTO Author (AuthorID, Name) VALUES (1627, 'Matthew Lease');
INSERT INTO Write (AuthorID, PaperID) VALUES (1627, 1937);
INSERT INTO Write (AuthorID, PaperID) VALUES (1627, 2756);
INSERT INTO Author (AuthorID, Name) VALUES (1628, 'Peng Liu');
INSERT INTO Write (AuthorID, PaperID) VALUES (1628, 1486);
INSERT INTO Write (AuthorID, PaperID) VALUES (1628, 1793);
INSERT INTO Author (AuthorID, Name) VALUES (1629, 'Anilu Franco-Arcega');
INSERT INTO Write (AuthorID, PaperID) VALUES (1629, 1977);
INSERT INTO Write (AuthorID, PaperID) VALUES (1629, 2080);
INSERT INTO Author (AuthorID, Name) VALUES (1630, 'Sakriani Sakti');
INSERT INTO Write (AuthorID, PaperID) VALUES (1630, 281);
INSERT INTO Write (AuthorID, PaperID) VALUES (1630, 1274);
INSERT INTO Author (AuthorID, Name) VALUES (1631, 'Razieh Rahimi');
INSERT INTO Write (AuthorID, PaperID) VALUES (1631, 2684);
INSERT INTO Write (AuthorID, PaperID) VALUES (1631, 3344);
INSERT INTO Author (AuthorID, Name) VALUES (1632, 'Jorma Laaksonen');
INSERT INTO Write (AuthorID, PaperID) VALUES (1632, 71);
INSERT INTO Write (AuthorID, PaperID) VALUES (1632, 1044);
INSERT INTO Author (AuthorID, Name) VALUES (1633, 'Guan-Bin Chen');
INSERT INTO Write (AuthorID, PaperID) VALUES (1633, 3171);
INSERT INTO Write (AuthorID, PaperID) VALUES (1633, 3350);
INSERT INTO Author (AuthorID, Name) VALUES (1634, 'R&oacute;bert Pethes');
INSERT INTO Write (AuthorID, PaperID) VALUES (1634, 1001);
INSERT INTO Write (AuthorID, PaperID) VALUES (1634, 1475);
INSERT INTO Author (AuthorID, Name) VALUES (1635, 'Andr&eacute;s Alfonso Caurcel D&iacute;az');
INSERT INTO Paper (PaperID, Title, Year, MDate, Key, DOI) VALUES (444, 'Combining Predation Heuristics and Chat-Like Features in Sexual Predator Identification.', 2012, '2014-09-24', 'conf/clef/HidalgoD12', 'http://www.clef-initiative.eu/documents/71612/271dd606-53d1-4cad-9852-fb5336e8587e');
INSERT INTO Write (AuthorID, PaperID) VALUES (1635, 444);
INSERT INTO Paper (PaperID, Title, Year, MDate, Key, DOI) VALUES (3159, 'Experiments with SMS Translation and Stochastic Gradient Descent in Spanish Text Author Profiling Notebook for PAN at CLEF 2013.', 2013, '2014-09-10', 'conf/clef/DiazH13', 'http://ceur-ws.org/Vol-1179/CLEF2013wn-PAN-CaurcelDiazEt2013.pdf');
INSERT INTO Write (AuthorID, PaperID) VALUES (1635, 3159);
INSERT INTO Author (AuthorID, Name) VALUES (1636, 'Leili Farzinvash');
INSERT INTO Write (AuthorID, PaperID) VALUES (1636, 2684);
INSERT INTO Write (AuthorID, PaperID) VALUES (1636, 3344);
INSERT INTO Author (AuthorID, Name) VALUES (1637, 'Leticia Cecilia Cagnina');
INSERT INTO Write (AuthorID, PaperID) VALUES (1637, 1102);
INSERT INTO Write (AuthorID, PaperID) VALUES (1637, 3513);
INSERT INTO Author (AuthorID, Name) VALUES (1638, 'Fernando Batista');
INSERT INTO Write (AuthorID, PaperID) VALUES (1638, 506);
INSERT INTO Write (AuthorID, PaperID) VALUES (1638, 1974);
INSERT INTO Author (AuthorID, Name) VALUES (1639, 'Michael R. Lyu');
INSERT INTO Write (AuthorID, PaperID) VALUES (1639, 3031);
INSERT INTO Write (AuthorID, PaperID) VALUES (1639, 3085);
INSERT INTO Author (AuthorID, Name) VALUES (1640, 'Neil Cooke');
INSERT INTO Write (AuthorID, PaperID) VALUES (1640, 972);
INSERT INTO Write (AuthorID, PaperID) VALUES (1640, 2017);
INSERT INTO Author (AuthorID, Name) VALUES (1641, 'Antonia Aguilar');
INSERT INTO Write (AuthorID, PaperID) VALUES (1641, 151);
INSERT INTO Write (AuthorID, PaperID) VALUES (1641, 1291);
INSERT INTO Author (AuthorID, Name) VALUES (1642, 'Gerardo Sierra');
INSERT INTO Write (AuthorID, PaperID) VALUES (1642, 2187);
INSERT INTO Write (AuthorID, PaperID) VALUES (1642, 3208);
INSERT INTO Author (AuthorID, Name) VALUES (1643, 'Rita Kuznetsova');
INSERT INTO Write (AuthorID, PaperID) VALUES (1643, 280);
INSERT INTO Paper (PaperID, Title, Year, MDate, Key, DOI) VALUES (326, 'Methods for Intrinsic Plagiarism Detection and Author Diarization.', 2016, '2018-06-15', 'conf/clef/KuznetsovMKS16', 'http://ceur-ws.org/Vol-1609/16090912.pdf');
INSERT INTO Write (AuthorID, PaperID) VALUES (1643, 326);
INSERT INTO Author (AuthorID, Name) VALUES (1644, 'Palaniappan Mirunalini');
INSERT INTO Write (AuthorID, PaperID) VALUES (1644, 1342);
INSERT INTO Write (AuthorID, PaperID) VALUES (1644, 2694);
INSERT INTO Author (AuthorID, Name) VALUES (1645, 'Daniela Moctezuma');
INSERT INTO Write (AuthorID, PaperID) VALUES (1645, 1256);
INSERT INTO Write (AuthorID, PaperID) VALUES (1645, 2393);
INSERT INTO Author (AuthorID, Name) VALUES (1646, 'Arnau Ramisa');
INSERT INTO Write (AuthorID, PaperID) VALUES (1646, 33);
INSERT INTO Write (AuthorID, PaperID) VALUES (1646, 3423);
INSERT INTO Author (AuthorID, Name) VALUES (1647, 'Ingo Schmitt');
INSERT INTO Write (AuthorID, PaperID) VALUES (1647, 1494);
INSERT INTO Write (AuthorID, PaperID) VALUES (1647, 2831);
INSERT INTO Author (AuthorID, Name) VALUES (1648, 'Piyush Grover');
INSERT INTO Write (AuthorID, PaperID) VALUES (1648, 3278);
INSERT INTO Write (AuthorID, PaperID) VALUES (1648, 3396);
INSERT INTO Author (AuthorID, Name) VALUES (1649, 'Ludovic Bonnefoy');
INSERT INTO Write (AuthorID, PaperID) VALUES (1649, 1270);
INSERT INTO Write (AuthorID, PaperID) VALUES (1649, 2602);
INSERT INTO Author (AuthorID, Name) VALUES (1650, 'Lei Wu');
INSERT INTO Write (AuthorID, PaperID) VALUES (1650, 71);
INSERT INTO Write (AuthorID, PaperID) VALUES (1650, 1044);
INSERT INTO Author (AuthorID, Name) VALUES (1651, 'Sabrina Fontanella');
INSERT INTO Write (AuthorID, PaperID) VALUES (1651, 864);
INSERT INTO Write (AuthorID, PaperID) VALUES (1651, 1282);
INSERT INTO Author (AuthorID, Name) VALUES (1652, 'Montserrat Mateos S&aacute;nchez');
INSERT INTO Write (AuthorID, PaperID) VALUES (1652, 1602);
INSERT INTO Write (AuthorID, PaperID) VALUES (1652, 2533);
INSERT INTO Author (AuthorID, Name) VALUES (1653, 'Monica Landoni');
INSERT INTO Write (AuthorID, PaperID) VALUES (1653, 2188);
INSERT INTO Write (AuthorID, PaperID) VALUES (1653, 2584);
INSERT INTO Author (AuthorID, Name) VALUES (1654, 'Derrick Higgins');
INSERT INTO Write (AuthorID, PaperID) VALUES (1654, 1276);
INSERT INTO Write (AuthorID, PaperID) VALUES (1654, 1290);
INSERT INTO Author (AuthorID, Name) VALUES (1655, 'Fuji Ren');
INSERT INTO Paper (PaperID, Title, Year, MDate, Key, DOI) VALUES (1265, 'TUA1 at eRisk 2018.', 2018, '2018-08-08', 'conf/clef/LiuZXR18', 'http://ceur-ws.org/Vol-2125/paper_121.pdf');
INSERT INTO Write (AuthorID, PaperID) VALUES (1655, 1265);
INSERT INTO Paper (PaperID, Title, Year, MDate, Key, DOI) VALUES (2681, 'Employing Inception-Resnet-v2 and Bi-LSTM for Medical Domain Visual Question Answering.', 2018, '2018-08-08', 'conf/clef/ZhouKR18', 'http://ceur-ws.org/Vol-2125/paper_107.pdf');
INSERT INTO Write (AuthorID, PaperID) VALUES (1655, 2681);
INSERT INTO Author (AuthorID, Name) VALUES (1656, 'Septian Adiwibowo');
INSERT INTO Write (AuthorID, PaperID) VALUES (1656, 1060);
INSERT INTO Write (AuthorID, PaperID) VALUES (1656, 1400);
INSERT INTO Author (AuthorID, Name) VALUES (1657, 'Azzah Al-Maskari');
INSERT INTO Write (AuthorID, PaperID) VALUES (1657, 914);
INSERT INTO Write (AuthorID, PaperID) VALUES (1657, 3168);
INSERT INTO Author (AuthorID, Name) VALUES (1658, 'Adam Poulston');
INSERT INTO Write (AuthorID, PaperID) VALUES (1658, 857);
INSERT INTO Write (AuthorID, PaperID) VALUES (1658, 2948);
INSERT INTO Author (AuthorID, Name) VALUES (1659, 'Imane Allaouzi');
INSERT INTO Paper (PaperID, Title, Year, MDate, Key, DOI) VALUES (1771, 'Deep Neural Networks and Decision Tree Classifier for Visual Question Answering in the Medical Domain.', 2018, '2018-08-08', 'conf/clef/AllaouziA18', 'http://ceur-ws.org/Vol-2125/paper_159.pdf');
INSERT INTO Write (AuthorID, PaperID) VALUES (1659, 1771);
INSERT INTO Paper (PaperID, Title, Year, MDate, Key, DOI) VALUES (1839, 'A 3D-CNN and SVM for Multi-Drug Resistance Detection.', 2018, '2018-08-08', 'conf/clef/AllaouziA18a', 'http://ceur-ws.org/Vol-2125/paper_161.pdf');
INSERT INTO Write (AuthorID, PaperID) VALUES (1659, 1839);
INSERT INTO Author (AuthorID, Name) VALUES (1660, 'Daekeun You');
INSERT INTO Write (AuthorID, PaperID) VALUES (1660, 869);
INSERT INTO Write (AuthorID, PaperID) VALUES (1660, 1017);
INSERT INTO Author (AuthorID, Name) VALUES (1661, 'Fabiano Tarlao');
INSERT INTO Write (AuthorID, PaperID) VALUES (1661, 2011);
INSERT INTO Write (AuthorID, PaperID) VALUES (1661, 2848);
INSERT INTO Author (AuthorID, Name) VALUES (1662, 'Mahmudur Rahman');
INSERT INTO Paper (PaperID, Title, Year, MDate, Key, DOI) VALUES (1317, 'A Cross Modal Deep Learning Based Approach for Caption Prediction and Concept Detection by CS Morgan State.', 2018, '2018-08-08', 'conf/clef/Rahman18', 'http://ceur-ws.org/Vol-2125/paper_138.pdf');
INSERT INTO Write (AuthorID, PaperID) VALUES (1662, 1317);
INSERT INTO Paper (PaperID, Title, Year, MDate, Key, DOI) VALUES (1761, 'A Cross-Modal Concept Detection and Caption Prediction Approach in ImageCLEFcaption Track of ImageCLEF 2017.', 2017, '2017-08-15', 'conf/clef/RahmanLT17', 'http://ceur-ws.org/Vol-1866/paper_160.pdf');
INSERT INTO Write (AuthorID, PaperID) VALUES (1662, 1761);
INSERT INTO Author (AuthorID, Name) VALUES (1663, 'Alessandro Moschitti');
INSERT INTO Write (AuthorID, PaperID) VALUES (1663, 1113);
INSERT INTO Write (AuthorID, PaperID) VALUES (1663, 2097);
INSERT INTO Author (AuthorID, Name) VALUES (1664, 'Georgeta Bordea');
INSERT INTO Write (AuthorID, PaperID) VALUES (1664, 1316);
INSERT INTO Write (AuthorID, PaperID) VALUES (1664, 2721);
INSERT INTO Author (AuthorID, Name) VALUES (1665, 'Xiangji Huang');
INSERT INTO Write (AuthorID, PaperID) VALUES (1665, 772);
INSERT INTO Write (AuthorID, PaperID) VALUES (1665, 2604);
INSERT INTO Author (AuthorID, Name) VALUES (1666, 'Jes&uacute;s S&aacute;nchez-Oro');
INSERT INTO Write (AuthorID, PaperID) VALUES (1666, 2744);
INSERT INTO Write (AuthorID, PaperID) VALUES (1666, 2904);
INSERT INTO Author (AuthorID, Name) VALUES (1667, 'Christian Hentschel');
INSERT INTO Write (AuthorID, PaperID) VALUES (1667, 157);
INSERT INTO Write (AuthorID, PaperID) VALUES (1667, 758);
INSERT INTO Author (AuthorID, Name) VALUES (1668, 'Ivan Kitanovski');
INSERT INTO Write (AuthorID, PaperID) VALUES (1668, 489);
INSERT INTO Write (AuthorID, PaperID) VALUES (1668, 2763);
INSERT INTO Author (AuthorID, Name) VALUES (1669, 'Alexandra Balahur-Dobrescu');
INSERT INTO Write (AuthorID, PaperID) VALUES (1669, 287);
INSERT INTO Write (AuthorID, PaperID) VALUES (1669, 2107);
INSERT INTO Author (AuthorID, Name) VALUES (1670, 'Sebasti&aacute;n Sierra');
INSERT INTO Write (AuthorID, PaperID) VALUES (1670, 973);
INSERT INTO Write (AuthorID, PaperID) VALUES (1670, 1260);
INSERT INTO Author (AuthorID, Name) VALUES (1671, 'Nedim Lipka');
INSERT INTO Write (AuthorID, PaperID) VALUES (1671, 526);
INSERT INTO Write (AuthorID, PaperID) VALUES (1671, 572);
INSERT INTO Author (AuthorID, Name) VALUES (1672, 'Ralf Steinberger');
INSERT INTO Paper (PaperID, Title, Year, MDate, Key, DOI) VALUES (849, 'Cross-lingual Similarity Calculation for Plagiarism Detection and More - Tools and Resources.', 2012, '2014-09-24', 'conf/clef/Steinberger12', 'http://www.clef-initiative.eu/documents/71612/021b688d-d75d-4a60-94eb-f6e6cb5ca482');
INSERT INTO Write (AuthorID, PaperID) VALUES (1672, 849);
INSERT INTO Write (AuthorID, PaperID) VALUES (1672, 1074);
INSERT INTO Author (AuthorID, Name) VALUES (1673, 'Edson R. D. Weren');
INSERT INTO Write (AuthorID, PaperID) VALUES (1673, 1071);
INSERT INTO Write (AuthorID, PaperID) VALUES (1673, 1667);
INSERT INTO Author (AuthorID, Name) VALUES (1674, 'Jaspreet Singh');
INSERT INTO Paper (PaperID, Title, Year, MDate, Key, DOI) VALUES (2121, 'IIIT-H at CLEF eHealth 2017 Task 2: Technologically Assisted Reviews in Empirical Medicine.', 2017, '2017-08-15', 'conf/clef/SinghT17', 'http://ceur-ws.org/Vol-1866/paper_116.pdf');
INSERT INTO Write (AuthorID, PaperID) VALUES (1674, 2121);
INSERT INTO Write (AuthorID, PaperID) VALUES (1674, 2320);
INSERT INTO Author (AuthorID, Name) VALUES (1675, 'Jon D. Patrick');
INSERT INTO Write (AuthorID, PaperID) VALUES (1675, 263);
INSERT INTO Write (AuthorID, PaperID) VALUES (1675, 1870);
INSERT INTO Author (AuthorID, Name) VALUES (1676, 'Rodrigo Martinez');
INSERT INTO Write (AuthorID, PaperID) VALUES (1676, 1986);
INSERT INTO Write (AuthorID, PaperID) VALUES (1676, 2938);
INSERT INTO Author (AuthorID, Name) VALUES (1677, 'George Demetriou');
INSERT INTO Write (AuthorID, PaperID) VALUES (1677, 1646);
INSERT INTO Write (AuthorID, PaperID) VALUES (1677, 2491);
INSERT INTO Author (AuthorID, Name) VALUES (1678, 'Shreya Anand');
INSERT INTO Write (AuthorID, PaperID) VALUES (1678, 905);
INSERT INTO Write (AuthorID, PaperID) VALUES (1678, 1995);
INSERT INTO Author (AuthorID, Name) VALUES (1679, 'Andras Horti');
INSERT INTO Paper (PaperID, Title, Year, MDate, Key, DOI) VALUES (2609, 'Visual Structure Analysis of Flow Charts in Patent Images.', 2012, '2014-09-24', 'conf/clef/MorzingerSHT12', 'http://www.clef-initiative.eu/documents/71612/b6f43690-4406-4898-97db-4e3d75c69db0');
INSERT INTO Write (AuthorID, PaperID) VALUES (1679, 2609);
INSERT INTO Write (AuthorID, PaperID) VALUES (1679, 3420);
INSERT INTO Author (AuthorID, Name) VALUES (1680, 'Yang Hu');
INSERT INTO Write (AuthorID, PaperID) VALUES (1680, 2739);
INSERT INTO Write (AuthorID, PaperID) VALUES (1680, 3356);
INSERT INTO Author (AuthorID, Name) VALUES (1681, 'Alan P. Sexton');
INSERT INTO Paper (PaperID, Title, Year, MDate, Key, DOI) VALUES (715, 'MolRec at CLEF 2012 - Overview and Analysis of Results.', 2012, '2014-09-24', 'conf/clef/SadawiSS12', 'http://www.clef-initiative.eu/documents/71612/95439b4f-4804-44ad-b462-8d1d97c77f24');
INSERT INTO Write (AuthorID, PaperID) VALUES (1681, 715);
INSERT INTO Write (AuthorID, PaperID) VALUES (1681, 2896);
INSERT INTO Author (AuthorID, Name) VALUES (1682, 'Marco Gonzalez');
INSERT INTO Write (AuthorID, PaperID) VALUES (1682, 1716);
INSERT INTO Write (AuthorID, PaperID) VALUES (1682, 2807);
INSERT INTO Author (AuthorID, Name) VALUES (1683, 'Umar Manzoor');
INSERT INTO Write (AuthorID, PaperID) VALUES (1683, 742);
INSERT INTO Write (AuthorID, PaperID) VALUES (1683, 1944);
INSERT INTO Author (AuthorID, Name) VALUES (1684, 'Jos&eacute; Pina');
INSERT INTO Write (AuthorID, PaperID) VALUES (1684, 136);
INSERT INTO Write (AuthorID, PaperID) VALUES (1684, 3232);
INSERT INTO Author (AuthorID, Name) VALUES (1685, 'Jos&eacute; Mar&iacute;a G&oacute;mez Hidalgo');
INSERT INTO Write (AuthorID, PaperID) VALUES (1685, 444);
INSERT INTO Write (AuthorID, PaperID) VALUES (1685, 3159);
INSERT INTO Author (AuthorID, Name) VALUES (1686, 'Yu Zhang 0052');
INSERT INTO Write (AuthorID, PaperID) VALUES (1686, 702);
INSERT INTO Write (AuthorID, PaperID) VALUES (1686, 1252);
INSERT INTO Author (AuthorID, Name) VALUES (1687, 'Kevin Bretonnel Cohen');
INSERT INTO Write (AuthorID, PaperID) VALUES (1687, 657);
INSERT INTO Write (AuthorID, PaperID) VALUES (1687, 1422);
INSERT INTO Author (AuthorID, Name) VALUES (1688, 'Waleed Arafa');
INSERT INTO Write (AuthorID, PaperID) VALUES (1688, 86);
INSERT INTO Write (AuthorID, PaperID) VALUES (1688, 2443);
INSERT INTO Author (AuthorID, Name) VALUES (1689, 'Kirk Roberts');
INSERT INTO Write (AuthorID, PaperID) VALUES (1689, 742);
INSERT INTO Write (AuthorID, PaperID) VALUES (1689, 1944);
INSERT INTO Author (AuthorID, Name) VALUES (1690, 'Luis M. de Campos Iba&ntilde;ez');
INSERT INTO Write (AuthorID, PaperID) VALUES (1690, 1063);
INSERT INTO Write (AuthorID, PaperID) VALUES (1690, 1287);
INSERT INTO Author (AuthorID, Name) VALUES (1691, 'Viviana Beltr&aacute;n');
INSERT INTO Write (AuthorID, PaperID) VALUES (1691, 129);
INSERT INTO Write (AuthorID, PaperID) VALUES (1691, 3019);
INSERT INTO Author (AuthorID, Name) VALUES (1692, 'Dar&iacute;o Gustavo Funez');
INSERT INTO Write (AuthorID, PaperID) VALUES (1692, 1102);
INSERT INTO Write (AuthorID, PaperID) VALUES (1692, 3513);
INSERT INTO Author (AuthorID, Name) VALUES (1693, 'Reza Karimpour');
INSERT INTO Write (AuthorID, PaperID) VALUES (1693, 1909);
INSERT INTO Write (AuthorID, PaperID) VALUES (1693, 3361);
INSERT INTO Author (AuthorID, Name) VALUES (1694, 'Koen Lubbers');
INSERT INTO Write (AuthorID, PaperID) VALUES (1694, 2476);
INSERT INTO Write (AuthorID, PaperID) VALUES (1694, 2620);
INSERT INTO Author (AuthorID, Name) VALUES (1695, 'Claude Chrisment');
INSERT INTO Write (AuthorID, PaperID) VALUES (1695, 645);
INSERT INTO Write (AuthorID, PaperID) VALUES (1695, 1152);
INSERT INTO Author (AuthorID, Name) VALUES (1696, 'Ahmed Id Oumohmed');
INSERT INTO Write (AuthorID, PaperID) VALUES (1696, 2181);
INSERT INTO Write (AuthorID, PaperID) VALUES (1696, 3408);
INSERT INTO Author (AuthorID, Name) VALUES (1697, 'Paul E. van der Vet');
INSERT INTO Write (AuthorID, PaperID) VALUES (1697, 2476);
INSERT INTO Write (AuthorID, PaperID) VALUES (1697, 2620);
INSERT INTO Author (AuthorID, Name) VALUES (1698, 'Jan Sediv&yacute;');
INSERT INTO Write (AuthorID, PaperID) VALUES (1698, 1750);
INSERT INTO Write (AuthorID, PaperID) VALUES (1698, 2646);
INSERT INTO Author (AuthorID, Name) VALUES (1699, 'Yi Zhang');
INSERT INTO Write (AuthorID, PaperID) VALUES (1699, 1981);
INSERT INTO Paper (PaperID, Title, Year, MDate, Key, DOI) VALUES (2334, 'NUDT''s Participation in ImageCLEF Robot Vision Challenge 2014.', 2014, '2014-09-10', 'conf/clef/ZhangQCH14', 'http://ceur-ws.org/Vol-1180/CLEF2014wn-Image-ZhangEt2014.pdf');
INSERT INTO Write (AuthorID, PaperID) VALUES (1699, 2334);
INSERT INTO Author (AuthorID, Name) VALUES (1700, 'Syntia Wijaya');
INSERT INTO Write (AuthorID, PaperID) VALUES (1700, 390);
INSERT INTO Write (AuthorID, PaperID) VALUES (1700, 2461);
INSERT INTO Author (AuthorID, Name) VALUES (1701, 'Yi Guan');
INSERT INTO Write (AuthorID, PaperID) VALUES (1701, 844);
INSERT INTO Write (AuthorID, PaperID) VALUES (1701, 2713);
INSERT INTO Author (AuthorID, Name) VALUES (1702, 'Inderjeet Mani');
INSERT INTO Write (AuthorID, PaperID) VALUES (1702, 1984);
INSERT INTO Write (AuthorID, PaperID) VALUES (1702, 3179);
INSERT INTO Author (AuthorID, Name) VALUES (1703, 'Hiroko Mano');
INSERT INTO Write (AuthorID, PaperID) VALUES (1703, 449);
INSERT INTO Write (AuthorID, PaperID) VALUES (1703, 1325);
INSERT INTO Author (AuthorID, Name) VALUES (1704, 'Marco Fornoni');
INSERT INTO Write (AuthorID, PaperID) VALUES (1704, 493);
INSERT INTO Write (AuthorID, PaperID) VALUES (1704, 2925);
INSERT INTO Author (AuthorID, Name) VALUES (1705, 'Basilio Calderone');
INSERT INTO Write (AuthorID, PaperID) VALUES (1705, 830);
INSERT INTO Write (AuthorID, PaperID) VALUES (1705, 838);
INSERT INTO Author (AuthorID, Name) VALUES (1706, 'Marta Garrote Salazar');
INSERT INTO Write (AuthorID, PaperID) VALUES (1706, 2036);
INSERT INTO Write (AuthorID, PaperID) VALUES (1706, 2305);
INSERT INTO Author (AuthorID, Name) VALUES (1707, 'Michael Springmann');
INSERT INTO Write (AuthorID, PaperID) VALUES (1707, 231);
INSERT INTO Write (AuthorID, PaperID) VALUES (1707, 415);
INSERT INTO Author (AuthorID, Name) VALUES (1708, 'Jos&eacute; Ranilla');
INSERT INTO Write (AuthorID, PaperID) VALUES (1708, 1244);
INSERT INTO Write (AuthorID, PaperID) VALUES (1708, 1683);
INSERT INTO Author (AuthorID, Name) VALUES (1709, 'Tobias Schreck');
INSERT INTO Write (AuthorID, PaperID) VALUES (1709, 7);
INSERT INTO Write (AuthorID, PaperID) VALUES (1709, 1586);
INSERT INTO Author (AuthorID, Name) VALUES (1710, 'Yair Yigal');
INSERT INTO Write (AuthorID, PaperID) VALUES (1710, 2194);
INSERT INTO Write (AuthorID, PaperID) VALUES (1710, 2683);
INSERT INTO Author (AuthorID, Name) VALUES (1711, 'Yasuhide Miura');
INSERT INTO Write (AuthorID, PaperID) VALUES (1711, 771);
INSERT INTO Write (AuthorID, PaperID) VALUES (1711, 802);
INSERT INTO Author (AuthorID, Name) VALUES (1712, 'Izhak Shafran');
INSERT INTO Write (AuthorID, PaperID) VALUES (1712, 2250);
INSERT INTO Write (AuthorID, PaperID) VALUES (1712, 2898);
INSERT INTO Author (AuthorID, Name) VALUES (1713, 'Kang Liu 0001');
INSERT INTO Write (AuthorID, PaperID) VALUES (1713, 897);
INSERT INTO Write (AuthorID, PaperID) VALUES (1713, 1413);
INSERT INTO Author (AuthorID, Name) VALUES (1714, 'Nasikhin');
INSERT INTO Write (AuthorID, PaperID) VALUES (1714, 345);
INSERT INTO Write (AuthorID, PaperID) VALUES (1714, 456);
INSERT INTO Author (AuthorID, Name) VALUES (1715, 'Navot Akiva');
INSERT INTO Paper (PaperID, Title, Year, MDate, Key, DOI) VALUES (1528, 'Authorship and Plagiarism Detection Using Binary BOW Features.', 2012, '2014-09-24', 'conf/clef/Akiva12', 'http://www.clef-initiative.eu/documents/71612/cba1346c-92d9-445c-b66b-3e87829f3ad8');
INSERT INTO Write (AuthorID, PaperID) VALUES (1715, 1528);
INSERT INTO Paper (PaperID, Title, Year, MDate, Key, DOI) VALUES (2375, 'Using Clustering to Identify Outlier Chunks of Text - Notebook for PAN at CLEF 2011.', 2011, '2014-09-24', 'conf/clef/Akiva11', 'http://www.clef-initiative.eu/documents/71612/86377/CLEF2011wn-PAN-Akiva2011.pdf');
INSERT INTO Write (AuthorID, PaperID) VALUES (1715, 2375);
INSERT INTO Author (AuthorID, Name) VALUES (1716, 'Tomoki Toda');
INSERT INTO Write (AuthorID, PaperID) VALUES (1716, 281);
INSERT INTO Write (AuthorID, PaperID) VALUES (1716, 1274);
INSERT INTO Author (AuthorID, Name) VALUES (1717, 'Haiming Liu 0002');
INSERT INTO Write (AuthorID, PaperID) VALUES (1717, 648);
INSERT INTO Write (AuthorID, PaperID) VALUES (1717, 1173);
INSERT INTO Author (AuthorID, Name) VALUES (1718, 'K&eacute;vin S&eacute;journ&eacute;');
INSERT INTO Write (AuthorID, PaperID) VALUES (1718, 229);
INSERT INTO Write (AuthorID, PaperID) VALUES (1718, 3237);
INSERT INTO Author (AuthorID, Name) VALUES (1719, 'Mikko Sepponen');
INSERT INTO Write (AuthorID, PaperID) VALUES (1719, 478);
INSERT INTO Write (AuthorID, PaperID) VALUES (1719, 797);
INSERT INTO Author (AuthorID, Name) VALUES (1720, 'Boris Chidlovskii');
INSERT INTO Write (AuthorID, PaperID) VALUES (1720, 1087);
INSERT INTO Write (AuthorID, PaperID) VALUES (1720, 2575);
INSERT INTO Author (AuthorID, Name) VALUES (1721, 'Timothy Chappell');
INSERT INTO Write (AuthorID, PaperID) VALUES (1721, 124);
INSERT INTO Write (AuthorID, PaperID) VALUES (1721, 1744);
INSERT INTO Author (AuthorID, Name) VALUES (1722, 'Frans Wiering');
INSERT INTO Write (AuthorID, PaperID) VALUES (1722, 1603);
INSERT INTO Write (AuthorID, PaperID) VALUES (1722, 2674);
INSERT INTO Author (AuthorID, Name) VALUES (1723, 'Federica Beghini');
INSERT INTO Write (AuthorID, PaperID) VALUES (1723, 1956);
INSERT INTO Write (AuthorID, PaperID) VALUES (1723, 1966);
INSERT INTO Author (AuthorID, Name) VALUES (1724, 'Francesca Bertagna');
INSERT INTO Write (AuthorID, PaperID) VALUES (1724, 2174);
INSERT INTO Write (AuthorID, PaperID) VALUES (1724, 2585);
INSERT INTO Author (AuthorID, Name) VALUES (1725, 'Octavian Soldea');
INSERT INTO Write (AuthorID, PaperID) VALUES (1725, 760);
INSERT INTO Write (AuthorID, PaperID) VALUES (1725, 2200);
INSERT INTO Author (AuthorID, Name) VALUES (1726, 'Gareth Dwyer');
INSERT INTO Write (AuthorID, PaperID) VALUES (1726, 947);
INSERT INTO Write (AuthorID, PaperID) VALUES (1726, 1826);
INSERT INTO Author (AuthorID, Name) VALUES (1727, 'You-Heng Hu');
INSERT INTO Write (AuthorID, PaperID) VALUES (1727, 576);
INSERT INTO Write (AuthorID, PaperID) VALUES (1727, 2413);
INSERT INTO Author (AuthorID, Name) VALUES (1728, 'Mariska Leeflang');
INSERT INTO Write (AuthorID, PaperID) VALUES (1728, 2697);
INSERT INTO Write (AuthorID, PaperID) VALUES (1728, 2840);
INSERT INTO Author (AuthorID, Name) VALUES (1729, 'Eugene Mbanya');
INSERT INTO Write (AuthorID, PaperID) VALUES (1729, 157);
INSERT INTO Write (AuthorID, PaperID) VALUES (1729, 758);
INSERT INTO Author (AuthorID, Name) VALUES (1730, 'Jos&eacute; R. P&eacute;rez-Ag&uuml;era');
INSERT INTO Write (AuthorID, PaperID) VALUES (1730, 1719);
INSERT INTO Write (AuthorID, PaperID) VALUES (1730, 2856);
INSERT INTO Author (AuthorID, Name) VALUES (1731, 'Wen Gao 0001');
INSERT INTO Write (AuthorID, PaperID) VALUES (1731, 26);
INSERT INTO Write (AuthorID, PaperID) VALUES (1731, 1699);
INSERT INTO Author (AuthorID, Name) VALUES (1732, 'Richard Berendsen');
INSERT INTO Write (AuthorID, PaperID) VALUES (1732, 1128);
INSERT INTO Write (AuthorID, PaperID) VALUES (1732, 2812);
INSERT INTO Author (AuthorID, Name) VALUES (1733, 'Cosmina Croitoru');
INSERT INTO Write (AuthorID, PaperID) VALUES (1733, 733);
INSERT INTO Write (AuthorID, PaperID) VALUES (1733, 887);
INSERT INTO Author (AuthorID, Name) VALUES (1734, 'Daniel Miller');
INSERT INTO Write (AuthorID, PaperID) VALUES (1734, 2194);
INSERT INTO Write (AuthorID, PaperID) VALUES (1734, 2683);
INSERT INTO Author (AuthorID, Name) VALUES (1735, 'Wei Shen');
INSERT INTO Write (AuthorID, PaperID) VALUES (1735, 225);
INSERT INTO Write (AuthorID, PaperID) VALUES (1735, 2394);
INSERT INTO Author (AuthorID, Name) VALUES (1736, 'Michelangelo Castagnone');
INSERT INTO Write (AuthorID, PaperID) VALUES (1736, 784);
INSERT INTO Write (AuthorID, PaperID) VALUES (1736, 1596);
INSERT INTO Author (AuthorID, Name) VALUES (1737, 'Thomas D''Silva');
INSERT INTO Write (AuthorID, PaperID) VALUES (1737, 253);
INSERT INTO Write (AuthorID, PaperID) VALUES (1737, 3520);
INSERT INTO Author (AuthorID, Name) VALUES (1738, 'Kwang-Young Kim');
INSERT INTO Write (AuthorID, PaperID) VALUES (1738, 170);
INSERT INTO Write (AuthorID, PaperID) VALUES (1738, 3193);
INSERT INTO Author (AuthorID, Name) VALUES (1739, 'Kieran White');
INSERT INTO Write (AuthorID, PaperID) VALUES (1739, 732);
INSERT INTO Write (AuthorID, PaperID) VALUES (1739, 969);
INSERT INTO Author (AuthorID, Name) VALUES (1740, 'Dan Stowell');
INSERT INTO Paper (PaperID, Title, Year, MDate, Key, DOI) VALUES (794, 'Audio-only Bird Classification Using Unsupervised Feature Learning.', 2014, '2014-09-10', 'conf/clef/StowellP14', 'http://ceur-ws.org/Vol-1180/CLEF2014wn-Life-StowellEt2014.pdf');
INSERT INTO Write (AuthorID, PaperID) VALUES (1740, 794);
INSERT INTO Paper (PaperID, Title, Year, MDate, Key, DOI) VALUES (2564, 'BirdCLEF 2015 Submission: Unsupervised Feature Learning from Audio.', 2015, '2015-09-03', 'conf/clef/Stowell15', 'http://ceur-ws.org/Vol-1391/4-CR.pdf');
INSERT INTO Write (AuthorID, PaperID) VALUES (1740, 2564);
INSERT INTO Author (AuthorID, Name) VALUES (1741, 'Jae-wook Ahn');
INSERT INTO Write (AuthorID, PaperID) VALUES (1741, 302);
INSERT INTO Write (AuthorID, PaperID) VALUES (1741, 1432);
INSERT INTO Author (AuthorID, Name) VALUES (1742, 'Yue Feng');
INSERT INTO Write (AuthorID, PaperID) VALUES (1742, 681);
INSERT INTO Write (AuthorID, PaperID) VALUES (1742, 1418);
INSERT INTO Author (AuthorID, Name) VALUES (1743, 'Marek Drejak');
INSERT INTO Write (AuthorID, PaperID) VALUES (1743, 1410);
INSERT INTO Write (AuthorID, PaperID) VALUES (1743, 2645);
INSERT INTO Author (AuthorID, Name) VALUES (1744, 'Stefan Ruseti');
INSERT INTO Write (AuthorID, PaperID) VALUES (1744, 804);
INSERT INTO Write (AuthorID, PaperID) VALUES (1744, 2397);
INSERT INTO Author (AuthorID, Name) VALUES (1745, 'Joachim Wagner');
INSERT INTO Write (AuthorID, PaperID) VALUES (1745, 1045);
INSERT INTO Write (AuthorID, PaperID) VALUES (1745, 1174);
INSERT INTO Author (AuthorID, Name) VALUES (1746, 'Sagar Ranadive');
INSERT INTO Write (AuthorID, PaperID) VALUES (1746, 2985);
INSERT INTO Write (AuthorID, PaperID) VALUES (1746, 3015);
INSERT INTO Author (AuthorID, Name) VALUES (1747, 'Josef van Genabith');
INSERT INTO Write (AuthorID, PaperID) VALUES (1747, 778);
INSERT INTO Write (AuthorID, PaperID) VALUES (1747, 2701);
INSERT INTO Author (AuthorID, Name) VALUES (1748, 'Debasis Mandal');
INSERT INTO Write (AuthorID, PaperID) VALUES (1748, 1441);
INSERT INTO Write (AuthorID, PaperID) VALUES (1748, 3007);
INSERT INTO Author (AuthorID, Name) VALUES (1749, 'Mark Truran');
INSERT INTO Write (AuthorID, PaperID) VALUES (1749, 579);
INSERT INTO Write (AuthorID, PaperID) VALUES (1749, 1502);
INSERT INTO Author (AuthorID, Name) VALUES (1750, 'Marie-Jean Meurs');
INSERT INTO Paper (PaperID, Title, Year, MDate, Key, DOI) VALUES (2623, 'Using Topic Extraction on Social Media Content for the Early Detection of Depression.', 2018, '2018-08-08', 'conf/clef/MaupomeM18', 'http://ceur-ws.org/Vol-2125/paper_173.pdf');
INSERT INTO Write (AuthorID, PaperID) VALUES (1750, 2623);
INSERT INTO Paper (PaperID, Title, Year, MDate, Key, DOI) VALUES (3105, 'Detecting Early Risk of Depression from Social Media User-generated Content.', 2017, '2017-08-15', 'conf/clef/AlmeidaBM17', 'http://ceur-ws.org/Vol-1866/paper_127.pdf');
INSERT INTO Write (AuthorID, PaperID) VALUES (1750, 3105);
INSERT INTO Author (AuthorID, Name) VALUES (1751, 'Pilar L&oacute;pez-Moreno');
INSERT INTO Write (AuthorID, PaperID) VALUES (1751, 755);
INSERT INTO Write (AuthorID, PaperID) VALUES (1751, 2192);
INSERT INTO Author (AuthorID, Name) VALUES (1752, 'Gabriele Murgia');
INSERT INTO Write (AuthorID, PaperID) VALUES (1752, 1968);
INSERT INTO Write (AuthorID, PaperID) VALUES (1752, 2600);
INSERT INTO Author (AuthorID, Name) VALUES (1753, 'Sana Fakhfakh');
INSERT INTO Write (AuthorID, PaperID) VALUES (1753, 1426);
INSERT INTO Write (AuthorID, PaperID) VALUES (1753, 2772);
INSERT INTO Author (AuthorID, Name) VALUES (1754, 'Ewine Smits');
INSERT INTO Write (AuthorID, PaperID) VALUES (1754, 1191);
INSERT INTO Write (AuthorID, PaperID) VALUES (1754, 2987);
INSERT INTO Author (AuthorID, Name) VALUES (1755, 'Killian Janod');
INSERT INTO Write (AuthorID, PaperID) VALUES (1755, 291);
INSERT INTO Write (AuthorID, PaperID) VALUES (1755, 1425);
INSERT INTO Author (AuthorID, Name) VALUES (1756, 'Kyle Williams');
INSERT INTO Write (AuthorID, PaperID) VALUES (1756, 368);
INSERT INTO Write (AuthorID, PaperID) VALUES (1756, 3229);
INSERT INTO Author (AuthorID, Name) VALUES (1757, 'Joost de Wit');
INSERT INTO Paper (PaperID, Title, Year, MDate, Key, DOI) VALUES (979, 'A Cocktail Approach to the VideoCLEF''09 Linking Task.', 2009, '2017-05-24', 'conf/clef/RaaijmakersVW09', 'https://doi.org/10.1007/978-3-642-15751-6_52');
INSERT INTO Write (AuthorID, PaperID) VALUES (1757, 979);
INSERT INTO Paper (PaperID, Title, Year, MDate, Key, DOI) VALUES (1384, 'A Cocktail Approach to the VideoCLEF''09 Linking Task.', 2009, '2014-09-29', 'conf/clef/RaaijmakersVW09a', 'http://ceur-ws.org/Vol-1175/CLEF2009wn-VideoCLEF-RaaijmakersEt2009.pdf');
INSERT INTO Write (AuthorID, PaperID) VALUES (1757, 1384);
INSERT INTO Author (AuthorID, Name) VALUES (1758, 'Junwu Luo');
INSERT INTO Paper (PaperID, Title, Year, MDate, Key, DOI) VALUES (824, 'AUDR at ImageCLEF2011: Medical Retrieval Task.', 2011, '2014-09-24', 'conf/clef/LuoLWL11', 'http://www.clef-initiative.eu/documents/71612/86377/CLEF2011wn-ImageCLEF-LuoEt2011.pdf');
INSERT INTO Write (AuthorID, PaperID) VALUES (1758, 824);
INSERT INTO Paper (PaperID, Title, Year, MDate, Key, DOI) VALUES (3326, 'BUAA AUDR at ImageCLEF 2012 Medical Retrieval Task.', 2012, '2014-09-24', 'conf/clef/SongZL12', 'http://www.clef-initiative.eu/documents/71612/6c588dd3-e21f-4bc6-89a0-6bbdd2966850');
INSERT INTO Write (AuthorID, PaperID) VALUES (1758, 3326);
INSERT INTO Author (AuthorID, Name) VALUES (1759, 'Juan Martinez-Romo');
INSERT INTO Write (AuthorID, PaperID) VALUES (1759, 1297);
INSERT INTO Write (AuthorID, PaperID) VALUES (1759, 2360);
INSERT INTO Author (AuthorID, Name) VALUES (1760, 'Matej Martinc');
INSERT INTO Paper (PaperID, Title, Year, MDate, Key, DOI) VALUES (1724, 'PAN 2017: Author Profiling - Gender and Language Variety Prediction.', 2017, '2017-08-15', 'conf/clef/MartincSZP17', 'http://ceur-ws.org/Vol-1866/paper_78.pdf');
INSERT INTO Write (AuthorID, PaperID) VALUES (1760, 1724);
INSERT INTO Paper (PaperID, Title, Year, MDate, Key, DOI) VALUES (2214, 'Multilingual Gender Classification with Multi-view Deep Learning: Notebook for PAN at CLEF 2018.', 2018, '2018-08-08', 'conf/clef/MartincSP18', 'http://ceur-ws.org/Vol-2125/paper_156.pdf');
INSERT INTO Write (AuthorID, PaperID) VALUES (1760, 2214);
INSERT INTO Author (AuthorID, Name) VALUES (1761, 'Jos&eacute; Manuel Perea Ortega');
INSERT INTO Write (AuthorID, PaperID) VALUES (1761, 1016);
INSERT INTO Write (AuthorID, PaperID) VALUES (1761, 1164);
INSERT INTO Author (AuthorID, Name) VALUES (1762, 'P. Senthil Nathan');
INSERT INTO Write (AuthorID, PaperID) VALUES (1762, 2915);
INSERT INTO Write (AuthorID, PaperID) VALUES (1762, 3059);
INSERT INTO Author (AuthorID, Name) VALUES (1763, 'Shao-Hui Feng');
INSERT INTO Write (AuthorID, PaperID) VALUES (1763, 1127);
INSERT INTO Write (AuthorID, PaperID) VALUES (1763, 1565);
INSERT INTO Author (AuthorID, Name) VALUES (1764, 'Cor J. Veenman');
INSERT INTO Paper (PaperID, Title, Year, MDate, Key, DOI) VALUES (303, 'Authorship Verification with Compression Features.', 2013, '2014-09-10', 'conf/clef/VeenmanL13', 'http://ceur-ws.org/Vol-1179/CLEF2013wn-PAN-VeenmanEt2013.pdf');
INSERT INTO Write (AuthorID, PaperID) VALUES (1764, 303);
INSERT INTO Paper (PaperID, Title, Year, MDate, Key, DOI) VALUES (731, 'Bootstrapped Authorship Attribution in Compression Space.', 2012, '2014-09-24', 'conf/clef/GraaffV12', 'http://www.clef-initiative.eu/documents/71612/d43d2821-2198-4398-9644-3f0aa3539021');
INSERT INTO Write (AuthorID, PaperID) VALUES (1764, 731);
INSERT INTO Author (AuthorID, Name) VALUES (1765, 'Obioma Pelka');
INSERT INTO Write (AuthorID, PaperID) VALUES (1765, 3463);
INSERT INTO Write (AuthorID, PaperID) VALUES (1765, 3518);
INSERT INTO Author (AuthorID, Name) VALUES (1766, 'Martin Steinebach');
INSERT INTO Write (AuthorID, PaperID) VALUES (1766, 2916);
INSERT INTO Write (AuthorID, PaperID) VALUES (1766, 3211);
INSERT INTO Author (AuthorID, Name) VALUES (1767, 'Luka Stout');
INSERT INTO Write (AuthorID, PaperID) VALUES (1767, 240);
INSERT INTO Write (AuthorID, PaperID) VALUES (1767, 1491);
INSERT INTO Author (AuthorID, Name) VALUES (1768, 'Alexandra Teynor');
INSERT INTO Write (AuthorID, PaperID) VALUES (1768, 2637);
INSERT INTO Write (AuthorID, PaperID) VALUES (1768, 2967);
INSERT INTO Author (AuthorID, Name) VALUES (1769, 'Senay Kafkas');
INSERT INTO Write (AuthorID, PaperID) VALUES (1769, 672);
INSERT INTO Write (AuthorID, PaperID) VALUES (1769, 1412);
INSERT INTO Author (AuthorID, Name) VALUES (1770, 'Igor V. Filippov');
INSERT INTO Paper (PaperID, Title, Year, MDate, Key, DOI) VALUES (2881, 'Optical Structure Recognition Application Entry to CLEF-IP 2012.', 2012, '2014-09-24', 'conf/clef/FilippovKN12', 'http://www.clef-initiative.eu/documents/71612/bcde0715-aee1-4641-9a85-615140e5ff10');
INSERT INTO Write (AuthorID, PaperID) VALUES (1770, 2881);
INSERT INTO Write (AuthorID, PaperID) VALUES (1770, 2896);
INSERT INTO Author (AuthorID, Name) VALUES (1771, 'Jes&uacute;s Vilares Ferro');
INSERT INTO Write (AuthorID, PaperID) VALUES (1771, 1935);
INSERT INTO Write (AuthorID, PaperID) VALUES (1771, 3070);
INSERT INTO Author (AuthorID, Name) VALUES (1772, 'Tomasz Adamek');
INSERT INTO Write (AuthorID, PaperID) VALUES (1772, 2791);
INSERT INTO Write (AuthorID, PaperID) VALUES (1772, 2958);
INSERT INTO Author (AuthorID, Name) VALUES (1773, 'Olivier Mesnard');
INSERT INTO Write (AuthorID, PaperID) VALUES (1773, 957);
INSERT INTO Write (AuthorID, PaperID) VALUES (1773, 3077);
INSERT INTO Author (AuthorID, Name) VALUES (1774, 'Stephan Raaijmakers');
INSERT INTO Write (AuthorID, PaperID) VALUES (1774, 979);
INSERT INTO Write (AuthorID, PaperID) VALUES (1774, 1384);
INSERT INTO Author (AuthorID, Name) VALUES (1775, 'Jos&eacute; Francisco Aldana Montes');
INSERT INTO Write (AuthorID, PaperID) VALUES (1775, 54);
INSERT INTO Write (AuthorID, PaperID) VALUES (1775, 2308);
INSERT INTO Author (AuthorID, Name) VALUES (1776, 'Kisuh Ahn');
INSERT INTO Write (AuthorID, PaperID) VALUES (1776, 1114);
INSERT INTO Write (AuthorID, PaperID) VALUES (1776, 1188);
INSERT INTO Author (AuthorID, Name) VALUES (1777, 'Yaritza Adame Arcia');
INSERT INTO Write (AuthorID, PaperID) VALUES (1777, 1600);
INSERT INTO Write (AuthorID, PaperID) VALUES (1777, 2345);
INSERT INTO Author (AuthorID, Name) VALUES (1778, 'Mike Ebersbach');
INSERT INTO Write (AuthorID, PaperID) VALUES (1778, 665);
INSERT INTO Write (AuthorID, PaperID) VALUES (1778, 2258);
INSERT INTO Author (AuthorID, Name) VALUES (1779, 'Jonathon S. Hare');
INSERT INTO Write (AuthorID, PaperID) VALUES (1779, 1362);
INSERT INTO Write (AuthorID, PaperID) VALUES (1779, 2837);
INSERT INTO Author (AuthorID, Name) VALUES (1780, 'Hideo Joho');
INSERT INTO Write (AuthorID, PaperID) VALUES (1780, 223);
INSERT INTO Write (AuthorID, PaperID) VALUES (1780, 2691);
INSERT INTO Author (AuthorID, Name) VALUES (1781, 'Andrea De Lorenzo');
INSERT INTO Write (AuthorID, PaperID) VALUES (1781, 2011);
INSERT INTO Write (AuthorID, PaperID) VALUES (1781, 2848);
INSERT INTO Author (AuthorID, Name) VALUES (1782, 'Wesley Nunes Gon&ccedil;alves');
INSERT INTO Paper (PaperID, Title, Year, MDate, Key, DOI) VALUES (1559, 'CPPP/UFMS at ImageCLEF 2014: Robot Vision Task.', 2014, '2014-09-10', 'conf/clef/GomesRJG14', 'http://ceur-ws.org/Vol-1180/CLEF2014wn-Image-GomesEt2014.pdf');
INSERT INTO Write (AuthorID, PaperID) VALUES (1782, 1559);
INSERT INTO Write (AuthorID, PaperID) VALUES (1782, 2044);
INSERT INTO Author (AuthorID, Name) VALUES (1783, 'Mani Abedini');
INSERT INTO Write (AuthorID, PaperID) VALUES (1783, 2630);
INSERT INTO Write (AuthorID, PaperID) VALUES (1783, 2892);
INSERT INTO Author (AuthorID, Name) VALUES (1784, 'Oge Marques');
INSERT INTO Paper (PaperID, Title, Year, MDate, Key, DOI) VALUES (606, 'ImageCLEF 2018 Tuberculosis Task: Ensemble of 3D CNNs with Multiple Inputs for Tuberculosis Type Classification.', 2018, '2018-08-08', 'conf/clef/IshayM18', 'http://ceur-ws.org/Vol-2125/paper_123.pdf');
INSERT INTO Write (AuthorID, PaperID) VALUES (1784, 606);
INSERT INTO Write (AuthorID, PaperID) VALUES (1784, 2669);
INSERT INTO Author (AuthorID, Name) VALUES (1785, 'D&eacute;bora Myoupo');
INSERT INTO Write (AuthorID, PaperID) VALUES (1785, 480);
INSERT INTO Write (AuthorID, PaperID) VALUES (1785, 1224);
INSERT INTO Author (AuthorID, Name) VALUES (1786, 'Thyago Bohrer Borges');
INSERT INTO Write (AuthorID, PaperID) VALUES (1786, 286);
INSERT INTO Write (AuthorID, PaperID) VALUES (1786, 2796);
INSERT INTO Author (AuthorID, Name) VALUES (1787, 'Viviana Cotik');
INSERT INTO Write (AuthorID, PaperID) VALUES (1787, 624);
INSERT INTO Write (AuthorID, PaperID) VALUES (1787, 1089);
INSERT INTO Author (AuthorID, Name) VALUES (1788, 'R&eacute;mi Flicoteaux');
INSERT INTO Write (AuthorID, PaperID) VALUES (1788, 936);
INSERT INTO Paper (PaperID, Title, Year, MDate, Key, DOI) VALUES (1842, 'ECSTRA-APHP @ CLEF eHealth2018-task 1: ICD10 Code Extraction from Death Certificates.', 2018, '2018-08-08', 'conf/clef/Flicoteaux18', 'http://ceur-ws.org/Vol-2125/paper_147.pdf');
INSERT INTO Write (AuthorID, PaperID) VALUES (1788, 1842);
INSERT INTO Author (AuthorID, Name) VALUES (1789, 'Patrick Herring');
INSERT INTO Write (AuthorID, PaperID) VALUES (1789, 1646);
INSERT INTO Write (AuthorID, PaperID) VALUES (1789, 2491);
INSERT INTO Author (AuthorID, Name) VALUES (1790, 'Elise Mouysset');
INSERT INTO Write (AuthorID, PaperID) VALUES (1790, 3072);
INSERT INTO Write (AuthorID, PaperID) VALUES (1790, 3284);
INSERT INTO Author (AuthorID, Name) VALUES (1791, 'Jakob J. Verbeek');
INSERT INTO Write (AuthorID, PaperID) VALUES (1791, 1899);
INSERT INTO Write (AuthorID, PaperID) VALUES (1791, 3063);
INSERT INTO Author (AuthorID, Name) VALUES (1792, 'Mikaela Klami');
INSERT INTO Write (AuthorID, PaperID) VALUES (1792, 175);
INSERT INTO Write (AuthorID, PaperID) VALUES (1792, 701);
INSERT INTO Author (AuthorID, Name) VALUES (1793, 'Patrick H&egrave;de');
INSERT INTO Write (AuthorID, PaperID) VALUES (1793, 2066);
INSERT INTO Write (AuthorID, PaperID) VALUES (1793, 2632);
INSERT INTO Author (AuthorID, Name) VALUES (1794, 'Miguel Costa');
INSERT INTO Write (AuthorID, PaperID) VALUES (1794, 880);
INSERT INTO Write (AuthorID, PaperID) VALUES (1794, 3092);
INSERT INTO Author (AuthorID, Name) VALUES (1795, 'Genevi&egrave;ve Henrot');
INSERT INTO Write (AuthorID, PaperID) VALUES (1795, 1956);
INSERT INTO Write (AuthorID, PaperID) VALUES (1795, 1966);
INSERT INTO Author (AuthorID, Name) VALUES (1796, 'Bogdan Vrusias');
INSERT INTO Write (AuthorID, PaperID) VALUES (1796, 2921);
INSERT INTO Write (AuthorID, PaperID) VALUES (1796, 2991);
INSERT INTO Author (AuthorID, Name) VALUES (1797, 'Dagan Feng');
INSERT INTO Write (AuthorID, PaperID) VALUES (1797, 262);
INSERT INTO Write (AuthorID, PaperID) VALUES (1797, 650);
INSERT INTO Author (AuthorID, Name) VALUES (1798, 'Niels Jensen');
INSERT INTO Write (AuthorID, PaperID) VALUES (1798, 845);
INSERT INTO Write (AuthorID, PaperID) VALUES (1798, 2139);
INSERT INTO Author (AuthorID, Name) VALUES (1799, 'Yi-Hsiang Hsieh');
INSERT INTO Write (AuthorID, PaperID) VALUES (1799, 664);
INSERT INTO Write (AuthorID, PaperID) VALUES (1799, 1230);
INSERT INTO Author (AuthorID, Name) VALUES (1800, 'Tomoko Ohkuma');
INSERT INTO Write (AuthorID, PaperID) VALUES (1800, 771);
INSERT INTO Write (AuthorID, PaperID) VALUES (1800, 802);
INSERT INTO Author (AuthorID, Name) VALUES (1801, 'Fatiha Sadat');
INSERT INTO Write (AuthorID, PaperID) VALUES (1801, 2508);
INSERT INTO Write (AuthorID, PaperID) VALUES (1801, 3101);
INSERT INTO Author (AuthorID, Name) VALUES (1802, 'Joan Puigcerver');
INSERT INTO Write (AuthorID, PaperID) VALUES (1802, 33);
INSERT INTO Write (AuthorID, PaperID) VALUES (1802, 82);
INSERT INTO Author (AuthorID, Name) VALUES (1803, 'Norbert G&ouml;vert');
INSERT INTO Paper (PaperID, Title, Year, MDate, Key, DOI) VALUES (12, 'Bilingual Information Retrieval with DesIRe and Internet Translation Services.', 2000, '2014-08-15', 'conf/clef/Govert00a', 'http://ceur-ws.org/Vol-1166/CLEF2000wn-adhoc-Govert2000.pdf');
INSERT INTO Write (AuthorID, PaperID) VALUES (1803, 12);
INSERT INTO Paper (PaperID, Title, Year, MDate, Key, DOI) VALUES (3139, 'Bilingual Information Retrieval with HyREX and Internet Translation Services.', 2000, '2017-06-02', 'conf/clef/Govert00', 'https://doi.org/10.1007/3-540-44645-1_23');
INSERT INTO Write (AuthorID, PaperID) VALUES (1803, 3139);
INSERT INTO Author (AuthorID, Name) VALUES (1804, 'Mihai Dogariu');
INSERT INTO Write (AuthorID, PaperID) VALUES (1804, 775);
INSERT INTO Write (AuthorID, PaperID) VALUES (1804, 3044);
INSERT INTO Author (AuthorID, Name) VALUES (1805, 'Martin Krallinger');
INSERT INTO Write (AuthorID, PaperID) VALUES (1805, 1831);
INSERT INTO Write (AuthorID, PaperID) VALUES (1805, 2468);
INSERT INTO Author (AuthorID, Name) VALUES (1806, 'Antonio Jose Rodr&iacute;guez-S&aacute;nchez');
INSERT INTO Write (AuthorID, PaperID) VALUES (1806, 864);
INSERT INTO Write (AuthorID, PaperID) VALUES (1806, 1282);
INSERT INTO Author (AuthorID, Name) VALUES (1807, 'Matthew Smillie');
INSERT INTO Write (AuthorID, PaperID) VALUES (1807, 1114);
INSERT INTO Write (AuthorID, PaperID) VALUES (1807, 1188);
INSERT INTO Author (AuthorID, Name) VALUES (1808, 'Corn&eacute; Versloot');
INSERT INTO Write (AuthorID, PaperID) VALUES (1808, 979);
INSERT INTO Write (AuthorID, PaperID) VALUES (1808, 1384);
INSERT INTO Author (AuthorID, Name) VALUES (1809, 'Georg Thallinger');
INSERT INTO Write (AuthorID, PaperID) VALUES (1809, 2609);
INSERT INTO Write (AuthorID, PaperID) VALUES (1809, 3420);
INSERT INTO Author (AuthorID, Name) VALUES (1810, 'Pierre Chatain');
INSERT INTO Write (AuthorID, PaperID) VALUES (1810, 2277);
INSERT INTO Write (AuthorID, PaperID) VALUES (1810, 3289);
INSERT INTO Author (AuthorID, Name) VALUES (1811, 'Keith Curtis');
INSERT INTO Write (AuthorID, PaperID) VALUES (1811, 1328);
INSERT INTO Write (AuthorID, PaperID) VALUES (1811, 1519);
INSERT INTO Author (AuthorID, Name) VALUES (1812, 'P&eacute;ter Sch&ouml;nhofen');
INSERT INTO Write (AuthorID, PaperID) VALUES (1812, 1148);
INSERT INTO Write (AuthorID, PaperID) VALUES (1812, 2699);
INSERT INTO Author (AuthorID, Name) VALUES (1813, 'Mohannad Almasri');
INSERT INTO Write (AuthorID, PaperID) VALUES (1813, 144);
INSERT INTO Write (AuthorID, PaperID) VALUES (1813, 3103);
INSERT INTO Author (AuthorID, Name) VALUES (1814, 'Joan-Andreu S&aacute;nchez');
INSERT INTO Write (AuthorID, PaperID) VALUES (1814, 33);
INSERT INTO Write (AuthorID, PaperID) VALUES (1814, 82);
INSERT INTO Author (AuthorID, Name) VALUES (1815, 'Senja Pollak');
INSERT INTO Write (AuthorID, PaperID) VALUES (1815, 1724);
INSERT INTO Write (AuthorID, PaperID) VALUES (1815, 2214);
INSERT INTO Author (AuthorID, Name) VALUES (1816, 'Tim J. Brailsford');
INSERT INTO Write (AuthorID, PaperID) VALUES (1816, 579);
INSERT INTO Write (AuthorID, PaperID) VALUES (1816, 1502);
INSERT INTO Author (AuthorID, Name) VALUES (1817, 'Peter Howarth');
INSERT INTO Write (AuthorID, PaperID) VALUES (1817, 2732);
INSERT INTO Write (AuthorID, PaperID) VALUES (1817, 3270);
INSERT INTO Author (AuthorID, Name) VALUES (1818, 'Michail Salampasis');
INSERT INTO Paper (PaperID, Title, Year, MDate, Key, DOI) VALUES (1553, 'Report on the CLEF-IP 2013 Experiments: Multilayer Collection Selection on Topically Organized Patents.', 2013, '2014-09-10', 'conf/clef/GiachanouSSS13', 'http://ceur-ws.org/Vol-1179/CLEF2013wn-CLEFIP-GiachanouEt2013.pdf');
INSERT INTO Write (AuthorID, PaperID) VALUES (1818, 1553);
INSERT INTO Paper (PaperID, Title, Year, MDate, Key, DOI) VALUES (1577, 'Report on the CLEF-IP 2012 Experiments: Search of Topically Organized Patents.', 2012, '2014-09-24', 'conf/clef/SalampasisPG12', 'http://www.clef-initiative.eu/documents/71612/e3686082-c3c4-4f40-a3e5-1f011ddd380d');
INSERT INTO Write (AuthorID, PaperID) VALUES (1818, 1577);
INSERT INTO Author (AuthorID, Name) VALUES (1819, 'Padmini Srinivasan');
INSERT INTO Write (AuthorID, PaperID) VALUES (1819, 2078);
INSERT INTO Write (AuthorID, PaperID) VALUES (1819, 2660);
INSERT INTO Author (AuthorID, Name) VALUES (1820, 'Stephen T. Wu');
INSERT INTO Write (AuthorID, PaperID) VALUES (1820, 2573);
INSERT INTO Write (AuthorID, PaperID) VALUES (1820, 2677);
INSERT INTO Author (AuthorID, Name) VALUES (1821, 'David S. Batista');
INSERT INTO Write (AuthorID, PaperID) VALUES (1821, 2847);
INSERT INTO Write (AuthorID, PaperID) VALUES (1821, 3510);
INSERT INTO Author (AuthorID, Name) VALUES (1822, 'Guanglai Gao');
INSERT INTO Write (AuthorID, PaperID) VALUES (1822, 288);
INSERT INTO Write (AuthorID, PaperID) VALUES (1822, 1050);
INSERT INTO Author (AuthorID, Name) VALUES (1823, 'Dina Vishnyakova');
INSERT INTO Write (AuthorID, PaperID) VALUES (1823, 1821);
INSERT INTO Write (AuthorID, PaperID) VALUES (1823, 3120);
INSERT INTO Author (AuthorID, Name) VALUES (1824, 'Changhua Yang');
INSERT INTO Write (AuthorID, PaperID) VALUES (1824, 173);
INSERT INTO Write (AuthorID, PaperID) VALUES (1824, 917);
INSERT INTO Author (AuthorID, Name) VALUES (1825, 'Ga&euml;l de Chalendar');
INSERT INTO Write (AuthorID, PaperID) VALUES (1825, 957);
INSERT INTO Write (AuthorID, PaperID) VALUES (1825, 3077);
INSERT INTO Author (AuthorID, Name) VALUES (1826, 'Oliver Pimas');
INSERT INTO Write (AuthorID, PaperID) VALUES (1826, 520);
INSERT INTO Write (AuthorID, PaperID) VALUES (1826, 3353);
INSERT INTO Author (AuthorID, Name) VALUES (1827, 'Teresita Frizzarin');
INSERT INTO Write (AuthorID, PaperID) VALUES (1827, 945);
INSERT INTO Write (AuthorID, PaperID) VALUES (1827, 3209);
INSERT INTO Author (AuthorID, Name) VALUES (1828, 'Wen-Yuan Hsiao');
INSERT INTO Paper (PaperID, Title, Year, MDate, Key, DOI) VALUES (2026, 'Cross-Language Information Retrieval using Dutch Query Translation.', 2000, '2014-08-15', 'conf/clef/DiekemaH00a', 'http://ceur-ws.org/Vol-1166/CLEF2000wn-adhoc-DiekemaEt2000.pdf');
INSERT INTO Write (AuthorID, PaperID) VALUES (1828, 2026);
INSERT INTO Write (AuthorID, PaperID) VALUES (1828, 2526);
INSERT INTO Author (AuthorID, Name) VALUES (1829, 'Ander Soraluze');
INSERT INTO Write (AuthorID, PaperID) VALUES (1829, 1155);
INSERT INTO Write (AuthorID, PaperID) VALUES (1829, 1446);
INSERT INTO Author (AuthorID, Name) VALUES (1830, 'Julien Mille');
INSERT INTO Write (AuthorID, PaperID) VALUES (1830, 1534);
INSERT INTO Write (AuthorID, PaperID) VALUES (1830, 2024);
INSERT INTO Author (AuthorID, Name) VALUES (1831, 'Elaine Toms');
INSERT INTO Write (AuthorID, PaperID) VALUES (1831, 1546);
INSERT INTO Write (AuthorID, PaperID) VALUES (1831, 2939);
INSERT INTO Author (AuthorID, Name) VALUES (1832, 'Benjamin Piwowarski');
INSERT INTO Write (AuthorID, PaperID) VALUES (1832, 893);
INSERT INTO Write (AuthorID, PaperID) VALUES (1832, 2162);
INSERT INTO Author (AuthorID, Name) VALUES (1833, 'Johan Marty');
INSERT INTO Write (AuthorID, PaperID) VALUES (1833, 2002);
INSERT INTO Write (AuthorID, PaperID) VALUES (1833, 3333);
INSERT INTO Author (AuthorID, Name) VALUES (1834, 'Jan Van Balen');
INSERT INTO Write (AuthorID, PaperID) VALUES (1834, 1603);
INSERT INTO Write (AuthorID, PaperID) VALUES (1834, 2674);
INSERT INTO Author (AuthorID, Name) VALUES (1835, 'Tim Gollins');
INSERT INTO Write (AuthorID, PaperID) VALUES (1835, 533);
INSERT INTO Write (AuthorID, PaperID) VALUES (1835, 1091);
INSERT INTO Author (AuthorID, Name) VALUES (1836, 'Juan Pablo Posadas-Dur&aacute;n');
INSERT INTO Write (AuthorID, PaperID) VALUES (1836, 2303);
INSERT INTO Write (AuthorID, PaperID) VALUES (1836, 2599);
INSERT INTO Author (AuthorID, Name) VALUES (1837, 'Philipp Gross');
INSERT INTO Write (AuthorID, PaperID) VALUES (1837, 292);
INSERT INTO Write (AuthorID, PaperID) VALUES (1837, 1056);
INSERT INTO Author (AuthorID, Name) VALUES (1838, 'Jos&eacute; Mar&iacute;a Guirao');
INSERT INTO Write (AuthorID, PaperID) VALUES (1838, 1278);
INSERT INTO Write (AuthorID, PaperID) VALUES (1838, 3046);
INSERT INTO Author (AuthorID, Name) VALUES (1839, 'Hideo Itoh');
INSERT INTO Write (AuthorID, PaperID) VALUES (1839, 449);
INSERT INTO Write (AuthorID, PaperID) VALUES (1839, 1325);
INSERT INTO Author (AuthorID, Name) VALUES (1840, 'Kristy Hollingshead');
INSERT INTO Write (AuthorID, PaperID) VALUES (1840, 2254);
INSERT INTO Write (AuthorID, PaperID) VALUES (1840, 3391);
INSERT INTO Author (AuthorID, Name) VALUES (1841, 'Qi Zhang');
INSERT INTO Write (AuthorID, PaperID) VALUES (1841, 1405);
INSERT INTO Write (AuthorID, PaperID) VALUES (1841, 2386);
INSERT INTO Author (AuthorID, Name) VALUES (1842, 'Matthias Liebeck');
INSERT INTO Write (AuthorID, PaperID) VALUES (1842, 688);
INSERT INTO Write (AuthorID, PaperID) VALUES (1842, 2290);
INSERT INTO Author (AuthorID, Name) VALUES (1843, 'Mikhail S. Ageev');
INSERT INTO Write (AuthorID, PaperID) VALUES (1843, 1416);
INSERT INTO Write (AuthorID, PaperID) VALUES (1843, 3407);
INSERT INTO Author (AuthorID, Name) VALUES (1844, 'Sameer Kulkarni');
INSERT INTO Write (AuthorID, PaperID) VALUES (1844, 1373);
INSERT INTO Write (AuthorID, PaperID) VALUES (1844, 2517);
INSERT INTO Author (AuthorID, Name) VALUES (1845, 'Bonnie J. Dorr');
INSERT INTO Write (AuthorID, PaperID) VALUES (1845, 1946);
INSERT INTO Write (AuthorID, PaperID) VALUES (1845, 2970);
INSERT INTO Author (AuthorID, Name) VALUES (1846, 'Natalia V. Loukachevitch');
INSERT INTO Write (AuthorID, PaperID) VALUES (1846, 1416);
INSERT INTO Write (AuthorID, PaperID) VALUES (1846, 3407);
INSERT INTO Author (AuthorID, Name) VALUES (1847, 'Samer Hassan 0002');
INSERT INTO Write (AuthorID, PaperID) VALUES (1847, 1010);
INSERT INTO Write (AuthorID, PaperID) VALUES (1847, 2966);
INSERT INTO Author (AuthorID, Name) VALUES (1848, 'Graeme W. Blackwood');
INSERT INTO Write (AuthorID, PaperID) VALUES (1848, 258);
INSERT INTO Write (AuthorID, PaperID) VALUES (1848, 2387);
INSERT INTO Author (AuthorID, Name) VALUES (1849, 'Mark Cieliebak');
INSERT INTO Paper (PaperID, Title, Year, MDate, Key, DOI) VALUES (625, 'Word Unigram Weighing for Author Profiling at PAN 2018: Notebook for PAN at CLEF 2018.', 2018, '2018-08-08', 'conf/clef/DanikenGC18', 'http://ceur-ws.org/Vol-2125/paper_135.pdf');
INSERT INTO Write (AuthorID, PaperID) VALUES (1849, 625);
INSERT INTO Paper (PaperID, Title, Year, MDate, Key, DOI) VALUES (1097, 'Author Profiling with Bidirectional RNNs using Attention with GRUs.', 2017, '2017-08-15', 'conf/clef/KodiyanHNC17', 'http://ceur-ws.org/Vol-1866/paper_77.pdf');
INSERT INTO Write (AuthorID, PaperID) VALUES (1849, 1097);
INSERT INTO Author (AuthorID, Name) VALUES (1850, 'Naoki Motohashi');
INSERT INTO Write (AuthorID, PaperID) VALUES (1850, 986);
INSERT INTO Write (AuthorID, PaperID) VALUES (1850, 2153);
INSERT INTO Author (AuthorID, Name) VALUES (1851, 'Wauter Bosma');
INSERT INTO Write (AuthorID, PaperID) VALUES (1851, 534);
INSERT INTO Write (AuthorID, PaperID) VALUES (1851, 935);
INSERT INTO Author (AuthorID, Name) VALUES (1852, 'Irene D&iacute;az');
INSERT INTO Write (AuthorID, PaperID) VALUES (1852, 1244);
INSERT INTO Write (AuthorID, PaperID) VALUES (1852, 1683);
INSERT INTO Author (AuthorID, Name) VALUES (1853, 'Josine Rawee');
INSERT INTO Write (AuthorID, PaperID) VALUES (1853, 947);
INSERT INTO Write (AuthorID, PaperID) VALUES (1853, 1826);
INSERT INTO Author (AuthorID, Name) VALUES (1854, 'Sebastian Werner');
INSERT INTO Write (AuthorID, PaperID) VALUES (1854, 3264);
INSERT INTO Write (AuthorID, PaperID) VALUES (1854, 3430);
INSERT INTO Author (AuthorID, Name) VALUES (1855, 'M. Ashraful Amin');
INSERT INTO Write (AuthorID, PaperID) VALUES (1855, 1779);
INSERT INTO Write (AuthorID, PaperID) VALUES (1855, 2308);
INSERT INTO Author (AuthorID, Name) VALUES (1856, 'Kim Luyckx');
INSERT INTO Paper (PaperID, Title, Year, MDate, Key, DOI) VALUES (1759, 'Authorship Identification of E-mail as a Multi-Class Task - Notebook for PAN at CLEF 2011.', 2011, '2014-09-24', 'conf/clef/Luyckx11', 'http://www.clef-initiative.eu/documents/71612/86377/CLEF2011wn-PAN-Luyckx2011.pdf');
INSERT INTO Write (AuthorID, PaperID) VALUES (1856, 1759);
INSERT INTO Write (AuthorID, PaperID) VALUES (1856, 2278);
INSERT INTO Author (AuthorID, Name) VALUES (1857, 'Jean-Fran&ccedil;ois Lavall&eacute;e');
INSERT INTO Paper (PaperID, Title, Year, MDate, Key, DOI) VALUES (908, 'Morphological Acquisition by Formal Analogy.', 2009, '2014-09-30', 'conf/clef/LavalleeL09a', 'http://ceur-ws.org/Vol-1175/CLEF2009wn-MorphoChallenge-LavalleeEt2009.pdf');
INSERT INTO Write (AuthorID, PaperID) VALUES (1857, 908);
INSERT INTO Paper (PaperID, Title, Year, MDate, Key, DOI) VALUES (2893, 'Unsupervised Morphological Analysis by Formal Analogy.', 2009, '2017-05-24', 'conf/clef/LavalleeL09', 'https://doi.org/10.1007/978-3-642-15754-7_74');
INSERT INTO Write (AuthorID, PaperID) VALUES (1857, 2893);
INSERT INTO Author (AuthorID, Name) VALUES (1858, 'Sameer Rao');
INSERT INTO Write (AuthorID, PaperID) VALUES (1858, 978);
INSERT INTO Write (AuthorID, PaperID) VALUES (1858, 1564);
INSERT INTO Author (AuthorID, Name) VALUES (1859, 'Xufa Wang');
INSERT INTO Write (AuthorID, PaperID) VALUES (1859, 353);
INSERT INTO Write (AuthorID, PaperID) VALUES (1859, 564);
INSERT INTO Author (AuthorID, Name) VALUES (1860, 'Tilak Raj Arora');
INSERT INTO Write (AuthorID, PaperID) VALUES (1860, 905);
INSERT INTO Write (AuthorID, PaperID) VALUES (1860, 1995);
INSERT INTO Author (AuthorID, Name) VALUES (1861, 'S&eacute;bastien Cossin');
INSERT INTO Write (AuthorID, PaperID) VALUES (1861, 1316);
INSERT INTO Write (AuthorID, PaperID) VALUES (1861, 1694);
INSERT INTO Author (AuthorID, Name) VALUES (1862, 'Giuseppe Attardi');
INSERT INTO Write (AuthorID, PaperID) VALUES (1862, 1141);
INSERT INTO Paper (PaperID, Title, Year, MDate, Key, DOI) VALUES (2962, 'Machine Translation for Entity Recognition across Languages in Biomedical Documents.', 2013, '2014-09-10', 'conf/clef/AttardiBS13', 'http://ceur-ws.org/Vol-1179/CLEF2013wn-CLEFER-AttardiEt2013.pdf');
INSERT INTO Write (AuthorID, PaperID) VALUES (1862, 2962);
INSERT INTO Author (AuthorID, Name) VALUES (1863, 'Ornuma Thesprasith');
INSERT INTO Write (AuthorID, PaperID) VALUES (1863, 703);
INSERT INTO Write (AuthorID, PaperID) VALUES (1863, 3144);
INSERT INTO Author (AuthorID, Name) VALUES (1864, 'S&uuml;reyya &Ouml;z&ouml;g&uuml;r-Aky&uuml;z');
INSERT INTO Write (AuthorID, PaperID) VALUES (1864, 760);
INSERT INTO Write (AuthorID, PaperID) VALUES (1864, 2200);
INSERT INTO Author (AuthorID, Name) VALUES (1865, 'Alexander Simov');
INSERT INTO Write (AuthorID, PaperID) VALUES (1865, 61);
INSERT INTO Write (AuthorID, PaperID) VALUES (1865, 1574);
INSERT INTO Author (AuthorID, Name) VALUES (1866, 'Eric Sadit Tellez');
INSERT INTO Write (AuthorID, PaperID) VALUES (1866, 1256);
INSERT INTO Write (AuthorID, PaperID) VALUES (1866, 2393);
INSERT INTO Author (AuthorID, Name) VALUES (1867, 'Camille Pradel');
INSERT INTO Paper (PaperID, Title, Year, MDate, Key, DOI) VALUES (753, 'SWIP at QALD-3: Results, Criticisms and Lesson Learned.', 2013, '2014-09-10', 'conf/clef/PradelPHH13', 'http://ceur-ws.org/Vol-1179/CLEF2013wn-QALD3-PradelEt2013.pdf');
INSERT INTO Write (AuthorID, PaperID) VALUES (1867, 753);
INSERT INTO Write (AuthorID, PaperID) VALUES (1867, 2731);
INSERT INTO Author (AuthorID, Name) VALUES (1868, 'Takayuki Higuchi');
INSERT INTO Write (AuthorID, PaperID) VALUES (1868, 1257);
INSERT INTO Write (AuthorID, PaperID) VALUES (1868, 1569);
INSERT INTO Author (AuthorID, Name) VALUES (1869, 'Dar&iacute;o &Aacute;lvarez Guti&eacute;rrez');
INSERT INTO Write (AuthorID, PaperID) VALUES (1869, 2685);
INSERT INTO Write (AuthorID, PaperID) VALUES (1869, 2782);
INSERT INTO Author (AuthorID, Name) VALUES (1870, 'Luis Quintano');
INSERT INTO Write (AuthorID, PaperID) VALUES (1870, 639);
INSERT INTO Write (AuthorID, PaperID) VALUES (1870, 2905);
INSERT INTO Author (AuthorID, Name) VALUES (1871, 'Qibo Wang');
INSERT INTO Write (AuthorID, PaperID) VALUES (1871, 1109);
INSERT INTO Write (AuthorID, PaperID) VALUES (1871, 2514);
INSERT INTO Author (AuthorID, Name) VALUES (1872, 'Roland M&ouml;rzinger');
INSERT INTO Write (AuthorID, PaperID) VALUES (1872, 2609);
INSERT INTO Write (AuthorID, PaperID) VALUES (1872, 3420);
INSERT INTO Author (AuthorID, Name) VALUES (1873, 'Francisco J. L&oacute;pez-Pellicer');
INSERT INTO Write (AuthorID, PaperID) VALUES (1873, 2847);
INSERT INTO Write (AuthorID, PaperID) VALUES (1873, 3510);
INSERT INTO Author (AuthorID, Name) VALUES (1874, 'Arash Zareh');
INSERT INTO Write (AuthorID, PaperID) VALUES (1874, 523);
INSERT INTO Write (AuthorID, PaperID) VALUES (1874, 1021);
INSERT INTO Author (AuthorID, Name) VALUES (1875, 'Yunita Sari');
INSERT INTO Write (AuthorID, PaperID) VALUES (1875, 954);
INSERT INTO Write (AuthorID, PaperID) VALUES (1875, 2690);
INSERT INTO Author (AuthorID, Name) VALUES (1876, 'Petra Hoffmannov&aacute;');
INSERT INTO Write (AuthorID, PaperID) VALUES (1876, 44);
INSERT INTO Write (AuthorID, PaperID) VALUES (1876, 1652);
INSERT INTO Author (AuthorID, Name) VALUES (1877, 'Constantine Lignos');
INSERT INTO Write (AuthorID, PaperID) VALUES (1877, 73);
INSERT INTO Write (AuthorID, PaperID) VALUES (1877, 952);
INSERT INTO Author (AuthorID, Name) VALUES (1878, 'Bimo Widhi');
INSERT INTO Write (AuthorID, PaperID) VALUES (1878, 390);
INSERT INTO Write (AuthorID, PaperID) VALUES (1878, 2461);
INSERT INTO Author (AuthorID, Name) VALUES (1879, 'Douglas Bagnall');
INSERT INTO Paper (PaperID, Title, Year, MDate, Key, DOI) VALUES (324, 'Author Identification Using Multi-headed Recurrent Neural Networks.', 2015, '2015-09-03', 'conf/clef/Bagnall15', 'http://ceur-ws.org/Vol-1391/150-CR.pdf');
INSERT INTO Write (AuthorID, PaperID) VALUES (1879, 324);
INSERT INTO Paper (PaperID, Title, Year, MDate, Key, DOI) VALUES (1300, 'Authorship Clustering using Multi-headed Recurrent Neural Networks.', 2016, '2016-08-11', 'conf/clef/Bagnall16', 'http://ceur-ws.org/Vol-1609/16090791.pdf');
INSERT INTO Write (AuthorID, PaperID) VALUES (1879, 1300);
INSERT INTO Author (AuthorID, Name) VALUES (1880, 'St&eacute;phane Bres');
INSERT INTO Write (AuthorID, PaperID) VALUES (1880, 702);
INSERT INTO Write (AuthorID, PaperID) VALUES (1880, 1252);
INSERT INTO Author (AuthorID, Name) VALUES (1881, 'Mihail-Ciprian Diaconasu');
INSERT INTO Write (AuthorID, PaperID) VALUES (1881, 1118);
INSERT INTO Write (AuthorID, PaperID) VALUES (1881, 2221);
INSERT INTO Author (AuthorID, Name) VALUES (1882, 'Upendra Sapkota');
INSERT INTO Write (AuthorID, PaperID) VALUES (1882, 512);
INSERT INTO Write (AuthorID, PaperID) VALUES (1882, 2606);
INSERT INTO Author (AuthorID, Name) VALUES (1883, 'Giorgio Giacinto');
INSERT INTO Write (AuthorID, PaperID) VALUES (1883, 1968);
INSERT INTO Write (AuthorID, PaperID) VALUES (1883, 2600);
INSERT INTO Author (AuthorID, Name) VALUES (1884, 'Maura R. Grossman');
INSERT INTO Write (AuthorID, PaperID) VALUES (1884, 1727);
INSERT INTO Write (AuthorID, PaperID) VALUES (1884, 2969);
INSERT INTO Author (AuthorID, Name) VALUES (1885, 'Zahra Aghazade');
INSERT INTO Write (AuthorID, PaperID) VALUES (1885, 2684);
INSERT INTO Write (AuthorID, PaperID) VALUES (1885, 3344);
INSERT INTO Author (AuthorID, Name) VALUES (1886, 'Rafael Corezola Pereira');
INSERT INTO Write (AuthorID, PaperID) VALUES (1886, 691);
INSERT INTO Write (AuthorID, PaperID) VALUES (1886, 1496);
INSERT INTO Author (AuthorID, Name) VALUES (1887, 'Anna Tordai');
INSERT INTO Write (AuthorID, PaperID) VALUES (1887, 1804);
INSERT INTO Write (AuthorID, PaperID) VALUES (1887, 2438);
INSERT INTO Author (AuthorID, Name) VALUES (1888, 'Vitor Rocio');
INSERT INTO Write (AuthorID, PaperID) VALUES (1888, 1904);
INSERT INTO Write (AuthorID, PaperID) VALUES (1888, 2497);
INSERT INTO Author (AuthorID, Name) VALUES (1889, 'Javier Fern&aacute;ndez');
INSERT INTO Write (AuthorID, PaperID) VALUES (1889, 1244);
INSERT INTO Write (AuthorID, PaperID) VALUES (1889, 1683);
INSERT INTO Author (AuthorID, Name) VALUES (1890, 'Vittorio Loreto');
INSERT INTO Write (AuthorID, PaperID) VALUES (1890, 165);
INSERT INTO Write (AuthorID, PaperID) VALUES (1890, 1061);
INSERT INTO Author (AuthorID, Name) VALUES (1891, 'Abdessamad Echihabi');
INSERT INTO Write (AuthorID, PaperID) VALUES (1891, 2802);
INSERT INTO Write (AuthorID, PaperID) VALUES (1891, 3492);
INSERT INTO Author (AuthorID, Name) VALUES (1892, 'Yongqing Zhu');
INSERT INTO Write (AuthorID, PaperID) VALUES (1892, 764);
INSERT INTO Write (AuthorID, PaperID) VALUES (1892, 2177);
INSERT INTO Author (AuthorID, Name) VALUES (1893, 'Tetsuya Sakai');
INSERT INTO Write (AuthorID, PaperID) VALUES (1893, 46);
INSERT INTO Write (AuthorID, PaperID) VALUES (1893, 1072);
INSERT INTO Author (AuthorID, Name) VALUES (1894, 'Momchil Hardalov');
INSERT INTO Write (AuthorID, PaperID) VALUES (1894, 1249);
INSERT INTO Write (AuthorID, PaperID) VALUES (1894, 1568);
INSERT INTO Author (AuthorID, Name) VALUES (1895, 'Ying Ou');
INSERT INTO Write (AuthorID, PaperID) VALUES (1895, 263);
INSERT INTO Write (AuthorID, PaperID) VALUES (1895, 1870);
INSERT INTO Author (AuthorID, Name) VALUES (1896, 'Pengyuan Li');
INSERT INTO Write (AuthorID, PaperID) VALUES (1896, 69);
INSERT INTO Write (AuthorID, PaperID) VALUES (1896, 3069);
INSERT INTO Author (AuthorID, Name) VALUES (1897, 'Maria Kvist');
INSERT INTO Write (AuthorID, PaperID) VALUES (1897, 377);
INSERT INTO Write (AuthorID, PaperID) VALUES (1897, 777);
INSERT INTO Author (AuthorID, Name) VALUES (1898, 'Navid Rekabsaz');
INSERT INTO Write (AuthorID, PaperID) VALUES (1898, 618);
INSERT INTO Write (AuthorID, PaperID) VALUES (1898, 727);
INSERT INTO Author (AuthorID, Name) VALUES (1899, 'Kun Xu');
INSERT INTO Write (AuthorID, PaperID) VALUES (1899, 1658);
INSERT INTO Write (AuthorID, PaperID) VALUES (1899, 2284);
INSERT INTO Author (AuthorID, Name) VALUES (1900, 'Qiang Pu');
INSERT INTO Write (AuthorID, PaperID) VALUES (1900, 2670);
INSERT INTO Write (AuthorID, PaperID) VALUES (1900, 2675);
INSERT INTO Author (AuthorID, Name) VALUES (1901, 'Vincent Bodinier');
INSERT INTO Write (AuthorID, PaperID) VALUES (1901, 2742);
INSERT INTO Write (AuthorID, PaperID) VALUES (1901, 2922);
INSERT INTO Author (AuthorID, Name) VALUES (1902, 'Bart Jochems');
INSERT INTO Write (AuthorID, PaperID) VALUES (1902, 1191);
INSERT INTO Write (AuthorID, PaperID) VALUES (1902, 2987);
INSERT INTO Author (AuthorID, Name) VALUES (1903, 'Jens Meiners');
INSERT INTO Write (AuthorID, PaperID) VALUES (1903, 1334);
INSERT INTO Write (AuthorID, PaperID) VALUES (1903, 2758);
INSERT INTO Author (AuthorID, Name) VALUES (1904, 'Fran&ccedil;ois DeGuire');
INSERT INTO Write (AuthorID, PaperID) VALUES (1904, 2470);
INSERT INTO Write (AuthorID, PaperID) VALUES (1904, 2946);
INSERT INTO Author (AuthorID, Name) VALUES (1905, 'Hamed Zamani');
INSERT INTO Write (AuthorID, PaperID) VALUES (1905, 1538);
INSERT INTO Write (AuthorID, PaperID) VALUES (1905, 1890);
INSERT INTO Author (AuthorID, Name) VALUES (1906, 'Ian Soboroff');
INSERT INTO Write (AuthorID, PaperID) VALUES (1906, 46);
INSERT INTO Write (AuthorID, PaperID) VALUES (1906, 1072);
INSERT INTO Author (AuthorID, Name) VALUES (1907, 'Matthew Lungren');
INSERT INTO Write (AuthorID, PaperID) VALUES (1907, 383);
INSERT INTO Write (AuthorID, PaperID) VALUES (1907, 1179);
INSERT INTO Author (AuthorID, Name) VALUES (1908, 'Keiko Usui');
INSERT INTO Write (AuthorID, PaperID) VALUES (1908, 981);
INSERT INTO Write (AuthorID, PaperID) VALUES (1908, 2926);
INSERT INTO Author (AuthorID, Name) VALUES (1909, 'Kosuke Yamauchi');
INSERT INTO Write (AuthorID, PaperID) VALUES (1909, 981);
INSERT INTO Write (AuthorID, PaperID) VALUES (1909, 2926);
INSERT INTO Author (AuthorID, Name) VALUES (1910, 'Filip Florea');
INSERT INTO Write (AuthorID, PaperID) VALUES (1910, 582);
INSERT INTO Write (AuthorID, PaperID) VALUES (1910, 1673);
INSERT INTO Author (AuthorID, Name) VALUES (1911, 'Yonghong Tian 0001');
INSERT INTO Write (AuthorID, PaperID) VALUES (1911, 26);
INSERT INTO Write (AuthorID, PaperID) VALUES (1911, 1699);
INSERT INTO Author (AuthorID, Name) VALUES (1912, 'Trinitario Mart&iacute;nez');
INSERT INTO Write (AuthorID, PaperID) VALUES (1912, 13);
INSERT INTO Write (AuthorID, PaperID) VALUES (1912, 207);
INSERT INTO Author (AuthorID, Name) VALUES (1913, 'Vaibhav Kumar');
INSERT INTO Write (AuthorID, PaperID) VALUES (1913, 1722);
INSERT INTO Write (AuthorID, PaperID) VALUES (1913, 2737);
INSERT INTO Author (AuthorID, Name) VALUES (1914, 'Alberto Andreu-Mar&iacute;n');
INSERT INTO Write (AuthorID, PaperID) VALUES (1914, 1619);
INSERT INTO Write (AuthorID, PaperID) VALUES (1914, 2445);
INSERT INTO Author (AuthorID, Name) VALUES (1915, 'Swapnil Nawale');
INSERT INTO Write (AuthorID, PaperID) VALUES (1915, 1373);
INSERT INTO Write (AuthorID, PaperID) VALUES (1915, 2517);
INSERT INTO Author (AuthorID, Name) VALUES (1916, 'Empar Bisbal Asensi');
INSERT INTO Write (AuthorID, PaperID) VALUES (1916, 2077);
INSERT INTO Write (AuthorID, PaperID) VALUES (1916, 2232);
INSERT INTO Author (AuthorID, Name) VALUES (1917, 'Philippe Langlais');
INSERT INTO Write (AuthorID, PaperID) VALUES (1917, 908);
INSERT INTO Write (AuthorID, PaperID) VALUES (1917, 2893);
INSERT INTO Author (AuthorID, Name) VALUES (1918, 'Mariano Crespo');
INSERT INTO Write (AuthorID, PaperID) VALUES (1918, 2276);
INSERT INTO Write (AuthorID, PaperID) VALUES (1918, 3275);
INSERT INTO Author (AuthorID, Name) VALUES (1919, 'Nabil Hathout');
INSERT INTO Write (AuthorID, PaperID) VALUES (1919, 830);
INSERT INTO Write (AuthorID, PaperID) VALUES (1919, 838);
INSERT INTO Author (AuthorID, Name) VALUES (1920, 'Su Chen');
INSERT INTO Write (AuthorID, PaperID) VALUES (1920, 412);
INSERT INTO Write (AuthorID, PaperID) VALUES (1920, 1512);
INSERT INTO Author (AuthorID, Name) VALUES (1921, 'Mostafa Mehdipour-Ghazi');
INSERT INTO Write (AuthorID, PaperID) VALUES (1921, 500);
INSERT INTO Write (AuthorID, PaperID) VALUES (1921, 1497);
INSERT INTO Author (AuthorID, Name) VALUES (1922, 'Matthias Busse');
INSERT INTO Write (AuthorID, PaperID) VALUES (1922, 323);
INSERT INTO Write (AuthorID, PaperID) VALUES (1922, 1720);
INSERT INTO Author (AuthorID, Name) VALUES (1923, 'ZongYuan Ge');
INSERT INTO Write (AuthorID, PaperID) VALUES (1923, 774);
INSERT INTO Write (AuthorID, PaperID) VALUES (1923, 950);
INSERT INTO Author (AuthorID, Name) VALUES (1924, 'Viviana Fern&aacute;ndez Marcial');
INSERT INTO Write (AuthorID, PaperID) VALUES (1924, 1736);
INSERT INTO Write (AuthorID, PaperID) VALUES (1924, 1994);
INSERT INTO Author (AuthorID, Name) VALUES (1925, 'Sukomal Pal');
INSERT INTO Write (AuthorID, PaperID) VALUES (1925, 1407);
INSERT INTO Write (AuthorID, PaperID) VALUES (1925, 3056);
INSERT INTO Author (AuthorID, Name) VALUES (1926, 'Delia-Iraz&uacute; Hern&aacute;ndez');
INSERT INTO Paper (PaperID, Title, Year, MDate, Key, DOI) VALUES (876, 'Segmenting Target Audiences: Automatic Author Profiling using Tweets: Notebook for PAN at CLEF 2015.', 2015, '2015-09-03', 'conf/clef/GimenezHP15', 'http://ceur-ws.org/Vol-1391/97-CR.pdf');
INSERT INTO Write (AuthorID, PaperID) VALUES (1926, 876);
INSERT INTO Write (AuthorID, PaperID) VALUES (1926, 2654);
INSERT INTO Author (AuthorID, Name) VALUES (1927, 'Patricia Vel&aacute;zquez-Morales');
INSERT INTO Write (AuthorID, PaperID) VALUES (1927, 1582);
INSERT INTO Write (AuthorID, PaperID) VALUES (1927, 3207);
INSERT INTO Author (AuthorID, Name) VALUES (1928, 'Ihsan Wahyu');
INSERT INTO Write (AuthorID, PaperID) VALUES (1928, 358);
INSERT INTO Write (AuthorID, PaperID) VALUES (1928, 1303);
INSERT INTO Author (AuthorID, Name) VALUES (1929, 'Takuya Nomura');
INSERT INTO Write (AuthorID, PaperID) VALUES (1929, 981);
INSERT INTO Write (AuthorID, PaperID) VALUES (1929, 2926);
INSERT INTO Author (AuthorID, Name) VALUES (1930, 'Mohamed Ben Ahmed');
INSERT INTO Write (AuthorID, PaperID) VALUES (1930, 1771);
INSERT INTO Write (AuthorID, PaperID) VALUES (1930, 1839);
INSERT INTO Author (AuthorID, Name) VALUES (1931, 'Siao-En Wang');
INSERT INTO Write (AuthorID, PaperID) VALUES (1931, 3171);
INSERT INTO Write (AuthorID, PaperID) VALUES (1931, 3350);
INSERT INTO Author (AuthorID, Name) VALUES (1932, 'Tommy Khoerniawan');
INSERT INTO Write (AuthorID, PaperID) VALUES (1932, 390);
INSERT INTO Write (AuthorID, PaperID) VALUES (1932, 2461);
INSERT INTO Author (AuthorID, Name) VALUES (1933, 'Antonio Ju&aacute;rez');
INSERT INTO Write (AuthorID, PaperID) VALUES (1933, 538);
INSERT INTO Write (AuthorID, PaperID) VALUES (1933, 2522);
INSERT INTO Author (AuthorID, Name) VALUES (1934, 'Geert Kloosterman');
INSERT INTO Write (AuthorID, PaperID) VALUES (1934, 1915);
INSERT INTO Write (AuthorID, PaperID) VALUES (1934, 3306);
INSERT INTO Author (AuthorID, Name) VALUES (1935, 'Tzvetan Tchoukalov');
INSERT INTO Write (AuthorID, PaperID) VALUES (1935, 2351);
INSERT INTO Write (AuthorID, PaperID) VALUES (1935, 3135);
INSERT INTO Author (AuthorID, Name) VALUES (1936, 'Dalcimar Casanova');
INSERT INTO Write (AuthorID, PaperID) VALUES (1936, 2044);
INSERT INTO Write (AuthorID, PaperID) VALUES (1936, 2628);
INSERT INTO Author (AuthorID, Name) VALUES (1937, 'Chao Zhao');
INSERT INTO Write (AuthorID, PaperID) VALUES (1937, 844);
INSERT INTO Write (AuthorID, PaperID) VALUES (1937, 2713);
INSERT INTO Author (AuthorID, Name) VALUES (1938, 'Odemir Martinez Bruno');
INSERT INTO Write (AuthorID, PaperID) VALUES (1938, 2044);
INSERT INTO Write (AuthorID, PaperID) VALUES (1938, 2628);
INSERT INTO Author (AuthorID, Name) VALUES (1939, 'Francesco Carbone');
INSERT INTO Write (AuthorID, PaperID) VALUES (1939, 783);
INSERT INTO Write (AuthorID, PaperID) VALUES (1939, 1596);
INSERT INTO Author (AuthorID, Name) VALUES (1940, 'Adel M. Alimi');
INSERT INTO Write (AuthorID, PaperID) VALUES (1940, 2656);
INSERT INTO Write (AuthorID, PaperID) VALUES (1940, 3251);
INSERT INTO Author (AuthorID, Name) VALUES (1941, 'Xi Liang');
INSERT INTO Write (AuthorID, PaperID) VALUES (1941, 2630);
INSERT INTO Write (AuthorID, PaperID) VALUES (1941, 2892);
INSERT INTO Author (AuthorID, Name) VALUES (1942, 'Francisco Javier Ariza-L&oacute;pez');
INSERT INTO Write (AuthorID, PaperID) VALUES (1942, 682);
INSERT INTO Write (AuthorID, PaperID) VALUES (1942, 2792);
INSERT INTO Author (AuthorID, Name) VALUES (1943, 'Vin&iacute;cius Rodrigues de Uz&ecirc;da');
INSERT INTO Write (AuthorID, PaperID) VALUES (1943, 748);
INSERT INTO Write (AuthorID, PaperID) VALUES (1943, 2070);
INSERT INTO Author (AuthorID, Name) VALUES (1944, 'Alberto Bartoli');
INSERT INTO Write (AuthorID, PaperID) VALUES (1944, 2011);
INSERT INTO Write (AuthorID, PaperID) VALUES (1944, 2848);
INSERT INTO Author (AuthorID, Name) VALUES (1945, 'Souvik Banerjee');
INSERT INTO Write (AuthorID, PaperID) VALUES (1945, 1742);
INSERT INTO Write (AuthorID, PaperID) VALUES (1945, 2805);
INSERT INTO Author (AuthorID, Name) VALUES (1946, 'Mayank Gupta');
INSERT INTO Write (AuthorID, PaperID) VALUES (1946, 1441);
INSERT INTO Write (AuthorID, PaperID) VALUES (1946, 3007);
INSERT INTO Author (AuthorID, Name) VALUES (1947, 'Gregor Erbach');
INSERT INTO Write (AuthorID, PaperID) VALUES (1947, 76);
INSERT INTO Write (AuthorID, PaperID) VALUES (1947, 2864);
INSERT INTO Author (AuthorID, Name) VALUES (1948, 'Wolfgang Tannebaum');
INSERT INTO Write (AuthorID, PaperID) VALUES (1948, 1498);
INSERT INTO Write (AuthorID, PaperID) VALUES (1948, 1571);
INSERT INTO Author (AuthorID, Name) VALUES (1949, 'Florence Tushabe');
INSERT INTO Write (AuthorID, PaperID) VALUES (1949, 462);
INSERT INTO Write (AuthorID, PaperID) VALUES (1949, 1795);
INSERT INTO Author (AuthorID, Name) VALUES (1950, 'Neil O''Hare');
INSERT INTO Write (AuthorID, PaperID) VALUES (1950, 1786);
INSERT INTO Write (AuthorID, PaperID) VALUES (1950, 2111);
INSERT INTO Author (AuthorID, Name) VALUES (1951, 'Aikaterini Koutsouri');
INSERT INTO Paper (PaperID, Title, Year, MDate, Key, DOI) VALUES (2693, 'Regional Population Estimation Using Satellite Imagery.', 2017, '2017-08-15', 'conf/clef/KoutsouriSAL17', 'http://ceur-ws.org/Vol-1866/paper_156.pdf');
INSERT INTO Write (AuthorID, PaperID) VALUES (1951, 2693);
INSERT INTO Author (AuthorID, Name) VALUES (1952, 'Maja Czok&oacute;w');
INSERT INTO Paper (PaperID, Title, Year, MDate, Key, DOI) VALUES (473, 'Ensemble-based Classification for Author Profiling Using Various Features Notebook for PAN at CLEF 2013.', 2013, '2014-09-10', 'conf/clef/MeinaBCCPPW13', 'http://ceur-ws.org/Vol-1179/CLEF2013wn-PAN-MeinaEt2013.pdf');
INSERT INTO Write (AuthorID, PaperID) VALUES (1952, 473);
INSERT INTO Author (AuthorID, Name) VALUES (1953, 'Rin-ichiro Taniguchi');
INSERT INTO Paper (PaperID, Title, Year, MDate, Key, DOI) VALUES (3442, 'MLIA at ImageCLFE 2014 Scalable Concept Image Annotation Challenge.', 2014, '2014-09-10', 'conf/clef/XuST14', 'http://ceur-ws.org/Vol-1180/CLEF2014wn-Image-XuEt2014.pdf');
INSERT INTO Write (AuthorID, PaperID) VALUES (1953, 3442);
INSERT INTO Author (AuthorID, Name) VALUES (1954, 'Teppei Fujisawa');
INSERT INTO Write (AuthorID, PaperID) VALUES (1954, 1569);
INSERT INTO Author (AuthorID, Name) VALUES (1955, 'Colette Menou');
INSERT INTO Write (AuthorID, PaperID) VALUES (1955, 783);
INSERT INTO Author (AuthorID, Name) VALUES (1956, 'Alejandro Jim&eacute;nez-Picazo');
INSERT INTO Write (AuthorID, PaperID) VALUES (1956, 138);
INSERT INTO Author (AuthorID, Name) VALUES (1957, 'Daniel Karas');
INSERT INTO Paper (PaperID, Title, Year, MDate, Key, DOI) VALUES (3465, 'OPI-JSA at CLEF 2017: Author Clustering and Style Breach Detection.', 2017, '2017-08-15', 'conf/clef/KarasSS17', 'http://ceur-ws.org/Vol-1866/paper_133.pdf');
INSERT INTO Write (AuthorID, PaperID) VALUES (1957, 3465);
INSERT INTO Author (AuthorID, Name) VALUES (1958, 'Yanen Li');
INSERT INTO Paper (PaperID, Title, Year, MDate, Key, DOI) VALUES (1132, 'Medical Case-based Retrieval by Leveraging Medical Ontology and Physician Feedback: UIUC-IBM at ImageCLEF 2010.', 2010, '2014-09-24', 'conf/clef/SondhiSZSKEL10', 'http://www.clef-initiative.eu/documents/71612/86374/CLEF2010wn-ImageCLEF-SondhiEt2010.pdf');
INSERT INTO Write (AuthorID, PaperID) VALUES (1958, 1132);
INSERT INTO Author (AuthorID, Name) VALUES (1959, 'Charline Garcia-Gonzalez');
INSERT INTO Write (AuthorID, PaperID) VALUES (1959, 1900);
INSERT INTO Author (AuthorID, Name) VALUES (1960, 'Romil Bansal');
INSERT INTO Write (AuthorID, PaperID) VALUES (1960, 1066);
INSERT INTO Author (AuthorID, Name) VALUES (1961, 'Yiannis Gkoufas');
INSERT INTO Write (AuthorID, PaperID) VALUES (1961, 2419);
INSERT INTO Author (AuthorID, Name) VALUES (1962, 'Artem Grotov');
INSERT INTO Write (AuthorID, PaperID) VALUES (1962, 1491);
INSERT INTO Author (AuthorID, Name) VALUES (1963, 'Saman Daneshvar');
INSERT INTO Write (AuthorID, PaperID) VALUES (1963, 2494);
INSERT INTO Author (AuthorID, Name) VALUES (1964, 'Carita Paradis');
INSERT INTO Write (AuthorID, PaperID) VALUES (1964, 2385);
INSERT INTO Author (AuthorID, Name) VALUES (1965, 'Muhammad Adnan Ashraf');
INSERT INTO Write (AuthorID, PaperID) VALUES (1965, 2854);
INSERT INTO Author (AuthorID, Name) VALUES (1966, 'Claudia Gheorghiu');
INSERT INTO Write (AuthorID, PaperID) VALUES (1966, 1987);
INSERT INTO Author (AuthorID, Name) VALUES (1967, 'Laura Dietz');
INSERT INTO Paper (PaperID, Title, Year, MDate, Key, DOI) VALUES (1501, 'UMass at BioASQ 2014: Figure-inspired Text Retrieval.', 2014, '2014-09-10', 'conf/clef/LingemanD14', 'http://ceur-ws.org/Vol-1180/CLEF2014wn-QA-LingemanEt2014.pdf');
INSERT INTO Write (AuthorID, PaperID) VALUES (1967, 1501);
INSERT INTO Author (AuthorID, Name) VALUES (1968, 'Kyouyeol Han');
INSERT INTO Paper (PaperID, Title, Year, MDate, Key, DOI) VALUES (989, 'CLEF-IP 2011 Working Notes: Utilizing Prior Art Candidate Search Results for Refined IPC Classification.', 2011, '2014-09-24', 'conf/clef/SeoHL11', 'http://ceur-ws.org/Vol-1177/CLEF2011wn-CLEF-IP-SeoEt2011.pdf');
INSERT INTO Write (AuthorID, PaperID) VALUES (1968, 989);
INSERT INTO Author (AuthorID, Name) VALUES (1969, 'Jimmy Callin');
INSERT INTO Write (AuthorID, PaperID) VALUES (1969, 964);
INSERT INTO Author (AuthorID, Name) VALUES (1970, 'Vigneshwaran Subbaraju');
INSERT INTO Write (AuthorID, PaperID) VALUES (1970, 1380);
INSERT INTO Author (AuthorID, Name) VALUES (1971, 'Ariel Ekgren');
INSERT INTO Write (AuthorID, PaperID) VALUES (1971, 964);
INSERT INTO Author (AuthorID, Name) VALUES (1972, 'Ibrahim Ziedan');
INSERT INTO Paper (PaperID, Title, Year, MDate, Key, DOI) VALUES (1275, 'Clustering of Medical X-ray Images by Merging Outputs of Different Classification Techniques.', 2015, '2015-09-03', 'conf/clef/ZiedanZZ15', 'http://ceur-ws.org/Vol-1391/102-CR.pdf');
INSERT INTO Write (AuthorID, PaperID) VALUES (1972, 1275);
INSERT INTO Author (AuthorID, Name) VALUES (1973, 'Simone Albertini');
INSERT INTO Paper (PaperID, Title, Year, MDate, Key, DOI) VALUES (2013, 'Fast Tree Leaf Image Retrieval Using a Probabilistic Multi-class Support Vector Machine Classifier.', 2012, '2014-09-24', 'conf/clef/GalloZANV12', 'http://www.clef-initiative.eu/documents/71612/d8069770-58dc-4edd-964e-d84a6dae771b');
INSERT INTO Write (AuthorID, PaperID) VALUES (1973, 2013);
INSERT INTO Author (AuthorID, Name) VALUES (1974, 'Rutuja Jadhav');
INSERT INTO Write (AuthorID, PaperID) VALUES (1974, 1342);
INSERT INTO Author (AuthorID, Name) VALUES (1975, 'Achim Rettinger');
INSERT INTO Paper (PaperID, Title, Year, MDate, Key, DOI) VALUES (1813, 'A Comparative Evaluation of Cross-Lingual Text Annotation Techniques.', 2013, '2017-08-25', 'conf/clef/ZhangRFT13', 'https://doi.org/10.1007/978-3-642-40802-1_16');
INSERT INTO Write (AuthorID, PaperID) VALUES (1975, 1813);
INSERT INTO Author (AuthorID, Name) VALUES (1976, 'Tigran Mkrtchyan');
INSERT INTO Paper (PaperID, Title, Year, MDate, Key, DOI) VALUES (988, 'Deep Parsing at the CLEF2014 IE Task.', 2014, '2014-09-10', 'conf/clef/MkrtchyanS14', 'http://ceur-ws.org/Vol-1180/CLEF2014wn-eHealth-MkrtchyantEt2014.pdf');
INSERT INTO Write (AuthorID, PaperID) VALUES (1976, 988);
INSERT INTO Author (AuthorID, Name) VALUES (1977, 'Makiko Miwa');
INSERT INTO Write (AuthorID, PaperID) VALUES (1977, 1242);
INSERT INTO Author (AuthorID, Name) VALUES (1978, 'Anna Bialczak');
INSERT INTO Write (AuthorID, PaperID) VALUES (1978, 783);
INSERT INTO Author (AuthorID, Name) VALUES (1979, 'Alexandru Ciobanu');
INSERT INTO Write (AuthorID, PaperID) VALUES (1979, 926);
INSERT INTO Author (AuthorID, Name) VALUES (1980, 'Philippe Lattes');
INSERT INTO Write (AuthorID, PaperID) VALUES (1980, 783);
INSERT INTO Author (AuthorID, Name) VALUES (1981, 'Kashyap Raiyani');
INSERT INTO Write (AuthorID, PaperID) VALUES (1981, 111);
INSERT INTO Author (AuthorID, Name) VALUES (1982, 'Bingquan Liu');
INSERT INTO Paper (PaperID, Title, Year, MDate, Key, DOI) VALUES (466, 'Random Sampling Image to Class Distance for Photo Annotation.', 2010, '2018-11-28', 'conf/clef/ZhangLSW10', 'http://www.clef-initiative.eu/documents/71612/86374/CLEF2010wn-ImageCLEF-ZhangEt2010.pdf');
INSERT INTO Write (AuthorID, PaperID) VALUES (1982, 466);
INSERT INTO Author (AuthorID, Name) VALUES (1983, 'Songfang Huang');
INSERT INTO Write (AuthorID, PaperID) VALUES (1983, 2284);
INSERT INTO Author (AuthorID, Name) VALUES (1984, 'Daniel Sonntag');
INSERT INTO Write (AuthorID, PaperID) VALUES (1984, 988);
INSERT INTO Author (AuthorID, Name) VALUES (1985, 'Robert Villa');
INSERT INTO Write (AuthorID, PaperID) VALUES (1985, 1437);
INSERT INTO Author (AuthorID, Name) VALUES (1986, 'Juan Jos&eacute; Fern&aacute;ndez');
INSERT INTO Write (AuthorID, PaperID) VALUES (1986, 721);
INSERT INTO Author (AuthorID, Name) VALUES (1987, 'Iakes Goenaga');
INSERT INTO Write (AuthorID, PaperID) VALUES (1987, 2786);
INSERT INTO Author (AuthorID, Name) VALUES (1988, 'Niloy Gupta');
INSERT INTO Write (AuthorID, PaperID) VALUES (1988, 3403);
INSERT INTO Author (AuthorID, Name) VALUES (1989, 'Emma Barker');
INSERT INTO Write (AuthorID, PaperID) VALUES (1989, 508);
INSERT INTO Author (AuthorID, Name) VALUES (1990, 'Tao Xu');
INSERT INTO Paper (PaperID, Title, Year, MDate, Key, DOI) VALUES (563, 'The Importance of Visual Context Clues in Multimedia Translation.', 2011, '2017-05-24', 'conf/clef/HarrisX11', 'https://doi.org/10.1007/978-3-642-23708-9_13');
INSERT INTO Write (AuthorID, PaperID) VALUES (1990, 563);
INSERT INTO Author (AuthorID, Name) VALUES (1991, 'Henry Cooke');
INSERT INTO Write (AuthorID, PaperID) VALUES (1991, 972);
INSERT INTO Author (AuthorID, Name) VALUES (1992, 'Thomas Lidy');
INSERT INTO Paper (PaperID, Title, Year, MDate, Key, DOI) VALUES (697, 'A Multi-modal Deep Neural Network approach to Bird-song Identication.', 2017, '2017-08-15', 'conf/clef/FazekasSL17', 'http://ceur-ws.org/Vol-1866/paper_179.pdf');
INSERT INTO Write (AuthorID, PaperID) VALUES (1992, 697);
INSERT INTO Author (AuthorID, Name) VALUES (1993, 'Arpita Das');
INSERT INTO Write (AuthorID, PaperID) VALUES (1993, 3025);
INSERT INTO Author (AuthorID, Name) VALUES (1994, 'Daniel Campbell');
INSERT INTO Write (AuthorID, PaperID) VALUES (1994, 2975);
INSERT INTO Author (AuthorID, Name) VALUES (1995, 'Mariona Taul&eacute;');
INSERT INTO Write (AuthorID, PaperID) VALUES (1995, 423);
INSERT INTO Author (AuthorID, Name) VALUES (1996, 'James Cogley');
INSERT INTO Write (AuthorID, PaperID) VALUES (1996, 1124);
INSERT INTO Author (AuthorID, Name) VALUES (1997, 'Ralf Grubenmann');
INSERT INTO Write (AuthorID, PaperID) VALUES (1997, 625);
INSERT INTO Author (AuthorID, Name) VALUES (1998, 'Michiel van Dam');
INSERT INTO Paper (PaperID, Title, Year, MDate, Key, DOI) VALUES (1471, 'A Basic Character N-gram Approach to Authorship Verification Notebook for PAN at CLEF 2013.', 2013, '2014-09-10', 'conf/clef/Dam13', 'http://ceur-ws.org/Vol-1179/CLEF2013wn-PAN-vanDam2013.pdf');
INSERT INTO Write (AuthorID, PaperID) VALUES (1998, 1471);
INSERT INTO Author (AuthorID, Name) VALUES (1999, 'M. Ant&ograve;nia Mart&iacute;');
INSERT INTO Write (AuthorID, PaperID) VALUES (1999, 423);
INSERT INTO Author (AuthorID, Name) VALUES (2000, 'Sylvia Thun');
INSERT INTO Write (AuthorID, PaperID) VALUES (2000, 2644);
INSERT INTO Author (AuthorID, Name) VALUES (2001, 'Son Lam Vu');
INSERT INTO Write (AuthorID, PaperID) VALUES (2001, 16);
INSERT INTO Author (AuthorID, Name) VALUES (2002, 'Will West');
INSERT INTO Paper (PaperID, Title, Year, MDate, Key, DOI) VALUES (3316, 'Identifying Predators Using ChatCoder 2.0.', 2012, '2014-09-24', 'conf/clef/KontostathisGRWE12', 'http://www.clef-initiative.eu/documents/71612/2585cb64-a289-443f-b6da-c2fc5de5e2aa');
INSERT INTO Write (AuthorID, PaperID) VALUES (2002, 3316);
INSERT INTO Author (AuthorID, Name) VALUES (2003, 'Josef Ingenerf');
INSERT INTO Write (AuthorID, PaperID) VALUES (2003, 2644);
INSERT INTO Author (AuthorID, Name) VALUES (2004, 'Terrance Lagree');
INSERT INTO Write (AuthorID, PaperID) VALUES (2004, 1761);
INSERT INTO Author (AuthorID, Name) VALUES (2005, 'Mijail A. Kabadjov');
INSERT INTO Write (AuthorID, PaperID) VALUES (2005, 1074);
INSERT INTO Author (AuthorID, Name) VALUES (2006, 'Ozlem Muslu');
INSERT INTO Write (AuthorID, PaperID) VALUES (2006, 500);
INSERT INTO Author (AuthorID, Name) VALUES (2007, 'Mark D. Plumbley');
INSERT INTO Write (AuthorID, PaperID) VALUES (2007, 794);
INSERT INTO Author (AuthorID, Name) VALUES (2008, 'Jian Sun');
INSERT INTO Write (AuthorID, PaperID) VALUES (2008, 2177);
INSERT INTO Author (AuthorID, Name) VALUES (2009, 'Milad Alshomary');
INSERT INTO Write (AuthorID, PaperID) VALUES (2009, 1580);
INSERT INTO Author (AuthorID, Name) VALUES (2010, 'Diego Maupom&eacute;');
INSERT INTO Write (AuthorID, PaperID) VALUES (2010, 2623);
INSERT INTO Author (AuthorID, Name) VALUES (2011, 'Dmytro Mishkin');
INSERT INTO Write (AuthorID, PaperID) VALUES (2011, 2362);
INSERT INTO Author (AuthorID, Name) VALUES (2012, 'Amin Mantrach');
INSERT INTO Write (AuthorID, PaperID) VALUES (2012, 2266);
INSERT INTO Author (AuthorID, Name) VALUES (2013, 'Shaina Ashraf');
INSERT INTO Write (AuthorID, PaperID) VALUES (2013, 308);
INSERT INTO Author (AuthorID, Name) VALUES (2014, 'Huma Jamshed');
INSERT INTO Paper (PaperID, Title, Year, MDate, Key, DOI) VALUES (3005, 'Cross-Language Urdu-English (CLUE) Text Alignment Corpus: Notebook for PAN at CLEF 2015.', 2015, '2015-09-03', 'conf/clef/HanifNAJRM15', 'http://ceur-ws.org/Vol-1391/133-CR.pdf');
INSERT INTO Write (AuthorID, PaperID) VALUES (2014, 3005);
INSERT INTO Author (AuthorID, Name) VALUES (2015, 'Denis Zubarev');
INSERT INTO Paper (PaperID, Title, Year, MDate, Key, DOI) VALUES (1433, 'Using Sentence Similarity Measure for Plagiarism Source Retrieval.', 2014, '2014-09-10', 'conf/clef/ZubarevS14', 'http://ceur-ws.org/Vol-1180/CLEF2014wn-Pan-ZubarevEt2014.pdf');
INSERT INTO Write (AuthorID, PaperID) VALUES (2015, 1433);
INSERT INTO Author (AuthorID, Name) VALUES (2016, 'Guillaume Kheng');
INSERT INTO Write (AuthorID, PaperID) VALUES (2016, 1542);
INSERT INTO Author (AuthorID, Name) VALUES (2017, 'Jennifer Foster');
INSERT INTO Write (AuthorID, PaperID) VALUES (2017, 1656);
INSERT INTO Author (AuthorID, Name) VALUES (2018, 'Elena Smirnova');
INSERT INTO Paper (PaperID, Title, Year, MDate, Key, DOI) VALUES (2050, 'Using Web Graph Structure for Person Name Disambiguation.', 2010, '2014-09-24', 'conf/clef/SmirnovaAT10', 'http://www.clef-initiative.eu/documents/71612/86374/CLEF2010wn-WePS-SmirnovaEt2010.pdf');
INSERT INTO Write (AuthorID, PaperID) VALUES (2018, 2050);
INSERT INTO Author (AuthorID, Name) VALUES (2019, 'In-Su Kang');
INSERT INTO Paper (PaperID, Title, Year, MDate, Key, DOI) VALUES (2337, 'IR-based k-Nearest Neighbor Approach for Identifying Abnormal Chat Users.', 2012, '2014-09-24', 'conf/clef/KangKKN12', 'http://www.clef-initiative.eu/documents/71612/be3ddb95-caee-4a5d-8a0d-dc8d76e74770');
INSERT INTO Write (AuthorID, PaperID) VALUES (2019, 2337);
INSERT INTO Author (AuthorID, Name) VALUES (2020, 'Sharan Sundar S');
INSERT INTO Write (AuthorID, PaperID) VALUES (2020, 2694);
INSERT INTO Author (AuthorID, Name) VALUES (2021, 'Justine Malosse');
INSERT INTO Write (AuthorID, PaperID) VALUES (2021, 2686);
INSERT INTO Author (AuthorID, Name) VALUES (2022, 'Bing-Han Tsai');
INSERT INTO Paper (PaperID, Title, Year, MDate, Key, DOI) VALUES (1962, 'Biomedical Text Mining about Alzheimer''s Diseases for Machine Reading Evaluation.', 2012, '2014-09-24', 'conf/clef/TsaiLH12', 'http://www.clef-initiative.eu/documents/71612/3f1e6234-5efe-4a76-940a-234b8893c6e5');
INSERT INTO Write (AuthorID, PaperID) VALUES (2022, 1962);
INSERT INTO Author (AuthorID, Name) VALUES (2023, 'Benjamin Bigot');
INSERT INTO Write (AuthorID, PaperID) VALUES (2023, 2602);
INSERT INTO Author (AuthorID, Name) VALUES (2024, 'Amaru Cuba Gyllensten');
INSERT INTO Write (AuthorID, PaperID) VALUES (2024, 964);
INSERT INTO Author (AuthorID, Name) VALUES (2025, 'Pariya Babaie');
INSERT INTO Write (AuthorID, PaperID) VALUES (2025, 1890);
INSERT INTO Author (AuthorID, Name) VALUES (2026, 'Sa&iuml;d Mahmoudi');
INSERT INTO Paper (PaperID, Title, Year, MDate, Key, DOI) VALUES (3294, 'Automatic Annotation of Liver CT Image: ImageCLEFmed 2015.', 2015, '2015-09-06', 'conf/clef/NedjarMCAB15', 'http://ceur-ws.org/Vol-1391/51-CR.pdf');
INSERT INTO Write (AuthorID, PaperID) VALUES (2026, 3294);
INSERT INTO Author (AuthorID, Name) VALUES (2027, 'Lu Zhang');
INSERT INTO Paper (PaperID, Title, Year, MDate, Key, DOI) VALUES (3394, 'AgSPPR at ImageCLEF 2013 Plant Identification Task.', 2013, '2014-09-10', 'conf/clef/ZhangC13', 'http://ceur-ws.org/Vol-1179/CLEF2013wn-ImageCLEF-ZhangEt2013.pdf');
INSERT INTO Write (AuthorID, PaperID) VALUES (2027, 3394);
INSERT INTO Author (AuthorID, Name) VALUES (2028, 'Zhenshi Li');
INSERT INTO Write (AuthorID, PaperID) VALUES (2028, 303);
INSERT INTO Author (AuthorID, Name) VALUES (2029, 'David Chandran');
INSERT INTO Write (AuthorID, PaperID) VALUES (2029, 1259);
INSERT INTO Author (AuthorID, Name) VALUES (2030, 'Mirko Lai');
INSERT INTO Write (AuthorID, PaperID) VALUES (2030, 2516);
INSERT INTO Author (AuthorID, Name) VALUES (2031, 'Susan Schmidt');
INSERT INTO Write (AuthorID, PaperID) VALUES (2031, 453);
INSERT INTO Author (AuthorID, Name) VALUES (2032, 'Victoria Bobicev');
INSERT INTO Paper (PaperID, Title, Year, MDate, Key, DOI) VALUES (1992, 'Authorship Detection with PPM Notebook for PAN at CLEF 2013.', 2013, '2014-09-10', 'conf/clef/Bobicev13', 'http://ceur-ws.org/Vol-1179/CLEF2013wn-PAN-Bobicev2013.pdf');
INSERT INTO Write (AuthorID, PaperID) VALUES (2032, 1992);
INSERT INTO Author (AuthorID, Name) VALUES (2033, 'Hung-Sheng Chiu');
INSERT INTO Write (AuthorID, PaperID) VALUES (2033, 22);
INSERT INTO Author (AuthorID, Name) VALUES (2034, 'Am&eacute;lie Veltz-Mauclair');
INSERT INTO Write (AuthorID, PaperID) VALUES (2034, 2686);
INSERT INTO Author (AuthorID, Name) VALUES (2035, 'Manuel Ma&ntilde;a L&oacute;pez');
INSERT INTO Paper (PaperID, Title, Year, MDate, Key, DOI) VALUES (2823, 'LABERINTO at ShARe/CLEF eHealth Evaluation Lab 2014.', 2014, '2014-09-10', 'conf/clef/MalagonL14', 'http://ceur-ws.org/Vol-1180/CLEF2014wn-eHealth-MalagonEt2014.pdf');
INSERT INTO Write (AuthorID, PaperID) VALUES (2035, 2823);
INSERT INTO Author (AuthorID, Name) VALUES (2036, 'Gjertrud Fludal');
INSERT INTO Write (AuthorID, PaperID) VALUES (2036, 2434);
INSERT INTO Author (AuthorID, Name) VALUES (2037, 'Markus Schedl');
INSERT INTO Write (AuthorID, PaperID) VALUES (2037, 490);
INSERT INTO Author (AuthorID, Name) VALUES (2038, 'Bao Quoc Ho');
INSERT INTO Write (AuthorID, PaperID) VALUES (2038, 16);
INSERT INTO Author (AuthorID, Name) VALUES (2039, 'Brigitte Trousse');
INSERT INTO Write (AuthorID, PaperID) VALUES (2039, 2050);
INSERT INTO Author (AuthorID, Name) VALUES (2040, 'Ruslan Talipov');
INSERT INTO Write (AuthorID, PaperID) VALUES (2040, 940);
INSERT INTO Author (AuthorID, Name) VALUES (2041, 'Sai Chittilla');
INSERT INTO Write (AuthorID, PaperID) VALUES (2041, 2517);
INSERT INTO Author (AuthorID, Name) VALUES (2042, 'Adrian-Gabriel Chifu');
INSERT INTO Paper (PaperID, Title, Year, MDate, Key, DOI) VALUES (925, 'Role of Social Media in Propagating Controversies: the Case of Cultural Microblog Feeds.', 2017, '2017-08-15', 'conf/clef/ChifuIA17', 'http://ceur-ws.org/Vol-1866/paper_129.pdf');
INSERT INTO Write (AuthorID, PaperID) VALUES (2042, 925);
INSERT INTO Author (AuthorID, Name) VALUES (2043, 'Advaith Siddharthan');
INSERT INTO Paper (PaperID, Title, Year, MDate, Key, DOI) VALUES (2592, 'Making Test Corpora for Question Answering More Representative.', 2014, '2017-11-06', 'conf/clef/WalkerSPS14', 'https://doi.org/10.1007/978-3-319-11382-1_1');
INSERT INTO Write (AuthorID, PaperID) VALUES (2043, 2592);
INSERT INTO Author (AuthorID, Name) VALUES (2044, 'Kinam Park');
INSERT INTO Paper (PaperID, Title, Year, MDate, Key, DOI) VALUES (615, 'CopyCaptor : Plagiarized Source Retrieval System using Global Word Frequency and Local Feedback Notebook for PAN at CLEF 2013.', 2013, '2014-09-11', 'conf/clef/LeeCPJ13', 'http://ceur-ws.org/Vol-1179/CLEF2013wn-PAN-LeeEt2013.pdf');
INSERT INTO Write (AuthorID, PaperID) VALUES (2044, 615);
INSERT INTO Author (AuthorID, Name) VALUES (2045, 'Donato Hern&aacute;ndez Fusilier');
INSERT INTO Write (AuthorID, PaperID) VALUES (2045, 933);
INSERT INTO Author (AuthorID, Name) VALUES (2046, 'Krishnapriya Vishnubhotla');
INSERT INTO Write (AuthorID, PaperID) VALUES (2046, 1182);
INSERT INTO Author (AuthorID, Name) VALUES (2047, 'Jeongeun Lee');
INSERT INTO Write (AuthorID, PaperID) VALUES (2047, 716);
INSERT INTO Author (AuthorID, Name) VALUES (2048, 'Ana Garc&iacute;a-Ledesma');
INSERT INTO Write (AuthorID, PaperID) VALUES (2048, 1231);
INSERT INTO Author (AuthorID, Name) VALUES (2049, 'Yu-Tseng Wang');
INSERT INTO Write (AuthorID, PaperID) VALUES (2049, 3188);
INSERT INTO Author (AuthorID, Name) VALUES (2050, 'Cristina Giannone');
INSERT INTO Paper (PaperID, Title, Year, MDate, Key, DOI) VALUES (1902, 'A HMM-based Approach to Question Answering against Linked Data.', 2013, '2017-07-18', 'conf/clef/GiannoneBB13', 'http://ceur-ws.org/Vol-1179/CLEF2013wn-QALD3-GiannoneEt2013.pdf');
INSERT INTO Write (AuthorID, PaperID) VALUES (2050, 1902);
INSERT INTO Author (AuthorID, Name) VALUES (2051, 'Andrew MacKinlay');
INSERT INTO Write (AuthorID, PaperID) VALUES (2051, 3474);
INSERT INTO Author (AuthorID, Name) VALUES (2052, 'Alexandre Ramos Coelho');
INSERT INTO Write (AuthorID, PaperID) VALUES (2052, 259);
INSERT INTO Author (AuthorID, Name) VALUES (2053, 'Sophie A. Rutter');
INSERT INTO Write (AuthorID, PaperID) VALUES (2053, 1437);
INSERT INTO Author (AuthorID, Name) VALUES (2054, 'Fran&ccedil;ois Morlane-Hond&egrave;re');
INSERT INTO Write (AuthorID, PaperID) VALUES (2054, 360);
INSERT INTO Author (AuthorID, Name) VALUES (2055, 'Ksenia Zhagorina');
INSERT INTO Paper (PaperID, Title, Year, MDate, Key, DOI) VALUES (1499, 'Computer Analysis of Visual Image Similarity.', 2012, '2014-09-24', 'conf/clef/ZhagorinaB12', 'http://www.clef-initiative.eu/documents/71612/15aaf4ca-6d40-493e-a20b-71ba7e506619');
INSERT INTO Write (AuthorID, PaperID) VALUES (2055, 1499);
INSERT INTO Author (AuthorID, Name) VALUES (2056, 'Alejandro Pimentel');
INSERT INTO Write (AuthorID, PaperID) VALUES (2056, 3208);
INSERT INTO Author (AuthorID, Name) VALUES (2057, 'Nikolaos Samaras');
INSERT INTO Write (AuthorID, PaperID) VALUES (2057, 1553);
INSERT INTO Author (AuthorID, Name) VALUES (2058, 'Viet-Khoa Vo-Ho');
INSERT INTO Paper (PaperID, Title, Year, MDate, Key, DOI) VALUES (1058, 'Lifelog Moment Retrieval with Visual Concept Fusion and Text-based Query Expansion.', 2018, '2018-08-08', 'conf/clef/TranTDVLN18', 'http://ceur-ws.org/Vol-2125/paper_109.pdf');
INSERT INTO Write (AuthorID, PaperID) VALUES (2058, 1058);
INSERT INTO Author (AuthorID, Name) VALUES (2059, 'Andia Ghoddousi');
INSERT INTO Paper (PaperID, Title, Year, MDate, Key, DOI) VALUES (2473, 'York University at CLEF 2015 eHealth : Medical Document Retrieval.', 2015, '2015-09-03', 'conf/clef/GhoddousiH15', 'http://ceur-ws.org/Vol-1391/20-CR.pdf');
INSERT INTO Write (AuthorID, PaperID) VALUES (2059, 2473);
INSERT INTO Author (AuthorID, Name) VALUES (2060, 'Marc C. Nicklaus');
INSERT INTO Write (AuthorID, PaperID) VALUES (2060, 2881);
INSERT INTO Author (AuthorID, Name) VALUES (2061, 'Lei Huang');
INSERT INTO Paper (PaperID, Title, Year, MDate, Key, DOI) VALUES (2222, 'BUAA AUDR at ImageCLEF 2012 Photo Annotation Task.', 2012, '2018-06-20', 'conf/clef/HuangL12', 'http://www.clef-initiative.eu/documents/71612/84ef61e9-e47d-400c-9828-e14f5b5c8c29');
INSERT INTO Write (AuthorID, PaperID) VALUES (2061, 2222);
INSERT INTO Author (AuthorID, Name) VALUES (2062, 'Andr&eacute; Bittar');
INSERT INTO Write (AuthorID, PaperID) VALUES (2062, 1259);
INSERT INTO Author (AuthorID, Name) VALUES (2063, 'Silvio Amir');
INSERT INTO Paper (PaperID, Title, Year, MDate, Key, DOI) VALUES (901, 'POPSTAR at RepLab 2013: Polarity for Reputation Classification.', 2013, '2016-10-04', 'conf/clef/FilgueirasA13', 'http://ceur-ws.org/Vol-1179/CLEF2013wn-RepLab-FilgueirasEt2013.pdf');
INSERT INTO Write (AuthorID, PaperID) VALUES (2063, 901);
INSERT INTO Author (AuthorID, Name) VALUES (2064, 'A. Framadhan');
INSERT INTO Write (AuthorID, PaperID) VALUES (2064, 436);
INSERT INTO Author (AuthorID, Name) VALUES (2065, 'Mohan Liu');
INSERT INTO Write (AuthorID, PaperID) VALUES (2065, 758);
INSERT INTO Author (AuthorID, Name) VALUES (2066, 'Paul Buitelaar');
INSERT INTO Paper (PaperID, Title, Year, MDate, Key, DOI) VALUES (2714, 'Query Expansion Using Wikipedia and Dbpedia.', 2012, '2014-09-24', 'conf/clef/AggarwalB12', 'http://www.clef-initiative.eu/documents/71612/a6a408c1-1a7c-46dd-8bdb-be7ef0eaa0ef');
INSERT INTO Write (AuthorID, PaperID) VALUES (2066, 2714);
INSERT INTO Author (AuthorID, Name) VALUES (2067, 'Guido Cnossen');
INSERT INTO Paper (PaperID, Title, Year, MDate, Key, DOI) VALUES (1816, 'Mixing Traditional Methods with Neural Networks for Gender Prediction: Notebook for PAN at CLEF 2018.', 2018, '2018-08-08', 'conf/clef/KosseSC18', 'http://ceur-ws.org/Vol-2125/paper_189.pdf');
INSERT INTO Write (AuthorID, PaperID) VALUES (2067, 1816);
INSERT INTO Author (AuthorID, Name) VALUES (2068, 'David Jurgens');
INSERT INTO Write (AuthorID, PaperID) VALUES (2068, 964);
INSERT INTO Author (AuthorID, Name) VALUES (2069, 'Pavel Seredin');
INSERT INTO Paper (PaperID, Title, Year, MDate, Key, DOI) VALUES (38, 'Estimating the Similarities Between Texts of Right-Handed and Left-Handed Males and Females.', 2017, '2017-09-21', 'conf/clef/LitvinovaSLR17', 'https://doi.org/10.1007/978-3-319-65813-1_11');
INSERT INTO Write (AuthorID, PaperID) VALUES (2069, 38);
INSERT INTO Author (AuthorID, Name) VALUES (2070, 'Lei Zhang 0034');
INSERT INTO Write (AuthorID, PaperID) VALUES (2070, 1813);
INSERT INTO Author (AuthorID, Name) VALUES (2071, 'Jose G. Moreno');
INSERT INTO Write (AuthorID, PaperID) VALUES (2071, 260);
INSERT INTO Author (AuthorID, Name) VALUES (2072, 'Florin Hardegger');
INSERT INTO Write (AuthorID, PaperID) VALUES (2072, 1097);
INSERT INTO Author (AuthorID, Name) VALUES (2073, 'Bili Che');
INSERT INTO Write (AuthorID, PaperID) VALUES (2073, 1981);
INSERT INTO Author (AuthorID, Name) VALUES (2074, 'Frank Rudzicz');
INSERT INTO Write (AuthorID, PaperID) VALUES (2074, 1182);
INSERT INTO Author (AuthorID, Name) VALUES (2075, 'Jan Hajic');
INSERT INTO Write (AuthorID, PaperID) VALUES (2075, 1907);
INSERT INTO Author (AuthorID, Name) VALUES (2076, 'Pierre-Hugues Joalland');
INSERT INTO Write (AuthorID, PaperID) VALUES (2076, 297);
INSERT INTO Author (AuthorID, Name) VALUES (2077, 'Omid Fatemi');
INSERT INTO Write (AuthorID, PaperID) VALUES (2077, 903);
INSERT INTO Author (AuthorID, Name) VALUES (2078, 'Serwah Sabetghadam');
INSERT INTO Write (AuthorID, PaperID) VALUES (2078, 1359);
INSERT INTO Author (AuthorID, Name) VALUES (2079, 'Antje Schultz');
INSERT INTO Write (AuthorID, PaperID) VALUES (2079, 2361);
INSERT INTO Author (AuthorID, Name) VALUES (2080, 'Hapnes Toba');
INSERT INTO Write (AuthorID, PaperID) VALUES (2080, 278);
INSERT INTO Author (AuthorID, Name) VALUES (2081, 'Madeleine Kittner');
INSERT INTO Write (AuthorID, PaperID) VALUES (2081, 3298);
INSERT INTO Author (AuthorID, Name) VALUES (2082, 'Alexandru Cristea');
INSERT INTO Write (AuthorID, PaperID) VALUES (2082, 1208);
INSERT INTO Author (AuthorID, Name) VALUES (2083, 'Alexander Schindler');
INSERT INTO Write (AuthorID, PaperID) VALUES (2083, 697);
INSERT INTO Author (AuthorID, Name) VALUES (2084, 'Atanas Atanasov');
INSERT INTO Write (AuthorID, PaperID) VALUES (2084, 1568);
INSERT INTO Author (AuthorID, Name) VALUES (2085, 'Jean-Pierre Raysz');
INSERT INTO Paper (PaperID, Title, Year, MDate, Key, DOI) VALUES (1621, 'Combining Semantics and Statistics for Patent Classification.', 2010, '2014-09-24', 'conf/clef/DerieuxBPR10', 'http://www.clef-initiative.eu/documents/71612/86374/CLEF2010wn-CLEF-IP-DerieuxEt2010.pdf');
INSERT INTO Write (AuthorID, PaperID) VALUES (2085, 1621);
INSERT INTO Author (AuthorID, Name) VALUES (2086, 'Yash Kumar Lal');
INSERT INTO Write (AuthorID, PaperID) VALUES (2086, 1722);
INSERT INTO Author (AuthorID, Name) VALUES (2087, 'Sungrim Moon');
INSERT INTO Write (AuthorID, PaperID) VALUES (2087, 1018);
INSERT INTO Author (AuthorID, Name) VALUES (2088, 'Stefanos Lappas');
INSERT INTO Write (AuthorID, PaperID) VALUES (2088, 2693);
INSERT INTO Author (AuthorID, Name) VALUES (2089, 'Javier Redolfi');
INSERT INTO Write (AuthorID, PaperID) VALUES (2089, 167);
INSERT INTO Author (AuthorID, Name) VALUES (2090, 'Miguel Hermo');
INSERT INTO Write (AuthorID, PaperID) VALUES (2090, 3317);
INSERT INTO Author (AuthorID, Name) VALUES (2091, 'Bin Xiao');
INSERT INTO Write (AuthorID, PaperID) VALUES (2091, 279);
INSERT INTO Author (AuthorID, Name) VALUES (2092, 'Xipeng Qiu');
INSERT INTO Paper (PaperID, Title, Year, MDate, Key, DOI) VALUES (3508, 'Question Answering for Machine Reading with Lexical Chain.', 2011, '2014-09-24', 'conf/clef/CaoQH11', 'http://www.clef-initiative.eu/documents/71612/86377/CLEF2011wn-QA4MRE-CaoEt2011.pdf');
INSERT INTO Write (AuthorID, PaperID) VALUES (2092, 3508);
INSERT INTO Author (AuthorID, Name) VALUES (2093, 'Kevin Koidl');
INSERT INTO Write (AuthorID, PaperID) VALUES (2093, 1465);
INSERT INTO Author (AuthorID, Name) VALUES (2094, 'Lewis Esposito');
INSERT INTO Write (AuthorID, PaperID) VALUES (2094, 2663);
INSERT INTO Author (AuthorID, Name) VALUES (2095, 'Cornel Paul Acatrinei');
INSERT INTO Write (AuthorID, PaperID) VALUES (2095, 3302);
INSERT INTO Author (AuthorID, Name) VALUES (2096, 'Karim Bouzoubaa');
INSERT INTO Write (AuthorID, PaperID) VALUES (2096, 2842);
INSERT INTO Author (AuthorID, Name) VALUES (2097, 'Szil&aacute;rd Vajda');
INSERT INTO Write (AuthorID, PaperID) VALUES (2097, 1476);
INSERT INTO Author (AuthorID, Name) VALUES (2098, 'Fernanda L&oacute;pez-Escobedo');
INSERT INTO Write (AuthorID, PaperID) VALUES (2098, 3208);
INSERT INTO Author (AuthorID, Name) VALUES (2099, 'Chi Zhang');
INSERT INTO Write (AuthorID, PaperID) VALUES (2099, 3403);
INSERT INTO Author (AuthorID, Name) VALUES (2100, 'Claire Rondet');
INSERT INTO Write (AuthorID, PaperID) VALUES (2100, 1422);
INSERT INTO Author (AuthorID, Name) VALUES (2101, 'Eduardo Romero 0001');
INSERT INTO Write (AuthorID, PaperID) VALUES (2101, 1116);
INSERT INTO Author (AuthorID, Name) VALUES (2102, 'Juncal Guti&eacute;rrez-Artacho');
INSERT INTO Paper (PaperID, Title, Year, MDate, Key, DOI) VALUES (1472, 'Multilingual Question-Answering System in Biomedical Domain on the Web: An Evaluation.', 2011, '2017-06-02', 'conf/clef/Olvera-LoboG11', 'https://doi.org/10.1007/978-3-642-23708-9_10');
INSERT INTO Write (AuthorID, PaperID) VALUES (2102, 1472);
INSERT INTO Author (AuthorID, Name) VALUES (2103, 'Georgiana Carausu');
INSERT INTO Write (AuthorID, PaperID) VALUES (2103, 1647);
INSERT INTO Author (AuthorID, Name) VALUES (2104, 'Xiaojie Wang');
INSERT INTO Write (AuthorID, PaperID) VALUES (2104, 80);
INSERT INTO Author (AuthorID, Name) VALUES (2105, 'Dewen Hu');
INSERT INTO Write (AuthorID, PaperID) VALUES (2105, 2334);
INSERT INTO Author (AuthorID, Name) VALUES (2106, 'Mohammad Nozari Zarmehri');
INSERT INTO Write (AuthorID, PaperID) VALUES (2106, 3118);
INSERT INTO Author (AuthorID, Name) VALUES (2107, 'Andrew MacFarlane 0001');
INSERT INTO Paper (PaperID, Title, Year, MDate, Key, DOI) VALUES (2547, 'PLIERS and Snowball at CLEF 2002.', 2002, '2015-11-04', 'conf/clef/MacFarlane02a', 'http://ceur-ws.org/Vol-1168/CLEF2002wn-adhoc-MacFarlane2002.pdf');
INSERT INTO Write (AuthorID, PaperID) VALUES (2107, 2547);
INSERT INTO Author (AuthorID, Name) VALUES (2108, 'Andr&eacute; Mour&atilde;o');
INSERT INTO Write (AuthorID, PaperID) VALUES (2108, 1107);
INSERT INTO Author (AuthorID, Name) VALUES (2109, 'Alexander Holloway');
INSERT INTO Write (AuthorID, PaperID) VALUES (2109, 674);
INSERT INTO Author (AuthorID, Name) VALUES (2110, 'Dimitrios Galanis');
INSERT INTO Write (AuthorID, PaperID) VALUES (2110, 683);
INSERT INTO Author (AuthorID, Name) VALUES (2111, 'Tran Huy Dat');
INSERT INTO Paper (PaperID, Title, Year, MDate, Key, DOI) VALUES (3348, 'Bird Classification using Ensemble Classifiers.', 2014, '2014-09-10', 'conf/clef/LengDD14', 'http://ceur-ws.org/Vol-1180/CLEF2014wn-Life-LengEt2014.pdf');
INSERT INTO Write (AuthorID, PaperID) VALUES (2111, 3348);
INSERT INTO Author (AuthorID, Name) VALUES (2112, 'Zhiyun Xue');
INSERT INTO Write (AuthorID, PaperID) VALUES (2112, 2000);
INSERT INTO Author (AuthorID, Name) VALUES (2113, 'Andrew Borthwick');
INSERT INTO Write (AuthorID, PaperID) VALUES (2113, 1754);
INSERT INTO Author (AuthorID, Name) VALUES (2114, 'Carlos G&oacute;mez-Rodr&iacute;guez');
INSERT INTO Write (AuthorID, PaperID) VALUES (2114, 3317);
INSERT INTO Author (AuthorID, Name) VALUES (2115, 'Llu&iacute;s-Pere de las Heras');
INSERT INTO Paper (PaperID, Title, Year, MDate, Key, DOI) VALUES (1589, 'CVC-UAB''s Participation in the Flowchart Recognition Task of CLEF-IP 2012.', 2012, '2014-09-24', 'conf/clef/RusinolHMTKDSL12', 'http://www.clef-initiative.eu/documents/71612/655a4cc8-b247-4148-9756-a45cd452a864');
INSERT INTO Write (AuthorID, PaperID) VALUES (2115, 1589);
INSERT INTO Author (AuthorID, Name) VALUES (2116, 'Peng Ying');
INSERT INTO Write (AuthorID, PaperID) VALUES (2116, 3305);
INSERT INTO Author (AuthorID, Name) VALUES (2117, 'Deyuan Zhang');
INSERT INTO Write (AuthorID, PaperID) VALUES (2117, 466);
INSERT INTO Author (AuthorID, Name) VALUES (2118, 'Andrew Starkey');
INSERT INTO Write (AuthorID, PaperID) VALUES (2118, 2592);
INSERT INTO Author (AuthorID, Name) VALUES (2119, 'Octavia-Maria Sulea');
INSERT INTO Write (AuthorID, PaperID) VALUES (2119, 2819);
INSERT INTO Author (AuthorID, Name) VALUES (2120, 'Hongxi Wei');
INSERT INTO Write (AuthorID, PaperID) VALUES (2120, 1050);
INSERT INTO Author (AuthorID, Name) VALUES (2121, 'Riccardo Martoglia');
INSERT INTO Paper (PaperID, Title, Year, MDate, Key, DOI) VALUES (504, 'UNIMORE at ImageCLEF 2013: Scalable Concept Image Annotation.', 2013, '2014-09-10', 'conf/clef/GranaSMCMM13', 'http://ceur-ws.org/Vol-1179/CLEF2013wn-ImageCLEF-GranaEt2013.pdf');
INSERT INTO Write (AuthorID, PaperID) VALUES (2121, 504);
INSERT INTO Author (AuthorID, Name) VALUES (2122, 'Tobias Heintz');
INSERT INTO Write (AuthorID, PaperID) VALUES (2122, 126);
INSERT INTO Author (AuthorID, Name) VALUES (2123, 'Sandra Bringay');
INSERT INTO Write (AuthorID, PaperID) VALUES (2123, 1216);
INSERT INTO Author (AuthorID, Name) VALUES (2124, 'Bartosz Celmer');
INSERT INTO Write (AuthorID, PaperID) VALUES (2124, 473);
INSERT INTO Author (AuthorID, Name) VALUES (2125, 'Zeerak Waseem');
INSERT INTO Write (AuthorID, PaperID) VALUES (2125, 2948);
INSERT INTO Author (AuthorID, Name) VALUES (2126, 'S. Seeger');
INSERT INTO Paper (PaperID, Title, Year, MDate, Key, DOI) VALUES (3437, 'WVU NLP Class Participation in ShARe/CLEF Challenge.', 2013, '2014-09-10', 'conf/clef/JagannathanGJKLPS13', 'http://ceur-ws.org/Vol-1179/CLEF2013wn-CLEFeHealth-JagannathanEt2013.pdf');
INSERT INTO Write (AuthorID, PaperID) VALUES (2126, 3437);
INSERT INTO Author (AuthorID, Name) VALUES (2127, 'Supraja Nagalla');
INSERT INTO Write (AuthorID, PaperID) VALUES (2127, 2517);
INSERT INTO Author (AuthorID, Name) VALUES (2128, 'Trevor Cohen');
INSERT INTO Write (AuthorID, PaperID) VALUES (2128, 2185);
INSERT INTO Author (AuthorID, Name) VALUES (2129, 'Yu Su 0009');
INSERT INTO Paper (PaperID, Title, Year, MDate, Key, DOI) VALUES (2877, 'Semantic Contexts and Fisher Vectors for the ImageCLEF 2011 Photo Annotation Task.', 2011, '2018-08-07', 'conf/clef/SuJ11', 'http://www.clef-initiative.eu/documents/71612/86377/CLEF2011wn-ImageCLEF-SuEt2011.pdf');
INSERT INTO Write (AuthorID, PaperID) VALUES (2129, 2877);
INSERT INTO Author (AuthorID, Name) VALUES (2130, 'Jan Vavruska');
INSERT INTO Write (AuthorID, PaperID) VALUES (2130, 3277);
INSERT INTO Author (AuthorID, Name) VALUES (2131, 'Guillaume Peyet');
INSERT INTO Write (AuthorID, PaperID) VALUES (2131, 753);
INSERT INTO Author (AuthorID, Name) VALUES (2132, 'Sandra Collovini');
INSERT INTO Paper (PaperID, Title, Year, MDate, Key, DOI) VALUES (2281, 'Analysing the Role of Representation Choices in Portuguese Relation Extraction.', 2015, '2018-11-14', 'conf/clef/ColloviniFV15', 'https://www.wikidata.org/entity/Q57763544');
INSERT INTO Write (AuthorID, PaperID) VALUES (2132, 2281);
INSERT INTO Author (AuthorID, Name) VALUES (2133, 'Sheng Guo');
INSERT INTO Paper (PaperID, Title, Year, MDate, Key, DOI) VALUES (698, 'Marine Animal Detection and Recognition with Advanced Deep Learning Models.', 2017, '2017-08-15', 'conf/clef/ZhuangXLGQ17', 'http://ceur-ws.org/Vol-1866/paper_166.pdf');
INSERT INTO Write (AuthorID, PaperID) VALUES (2133, 698);
INSERT INTO Author (AuthorID, Name) VALUES (2134, 'Cristina Moreno');
INSERT INTO Write (AuthorID, PaperID) VALUES (2134, 56);
INSERT INTO Author (AuthorID, Name) VALUES (2135, 'Assaf Urieli');
INSERT INTO Write (AuthorID, PaperID) VALUES (2135, 838);
INSERT INTO Author (AuthorID, Name) VALUES (2136, 'Chengjie Sun');
INSERT INTO Write (AuthorID, PaperID) VALUES (2136, 466);
INSERT INTO Author (AuthorID, Name) VALUES (2137, 'Jakub Pezacki');
INSERT INTO Write (AuthorID, PaperID) VALUES (2137, 473);
INSERT INTO Author (AuthorID, Name) VALUES (2138, 'Ola Hamfors');
INSERT INTO Write (AuthorID, PaperID) VALUES (2138, 2586);
INSERT INTO Author (AuthorID, Name) VALUES (2139, 'Jeff Pinto');
INSERT INTO Write (AuthorID, PaperID) VALUES (2139, 1182);
INSERT INTO Author (AuthorID, Name) VALUES (2140, 'Gontlafetse Mosweunyane');
INSERT INTO Write (AuthorID, PaperID) VALUES (2140, 1912);
INSERT INTO Author (AuthorID, Name) VALUES (2141, 'Richard Flemmings');
INSERT INTO Write (AuthorID, PaperID) VALUES (2141, 1504);
INSERT INTO Author (AuthorID, Name) VALUES (2142, 'Ning Liu');
INSERT INTO Write (AuthorID, PaperID) VALUES (2142, 1265);
INSERT INTO Author (AuthorID, Name) VALUES (2143, 'Georg Langs');
INSERT INTO Write (AuthorID, PaperID) VALUES (2143, 246);
INSERT INTO Author (AuthorID, Name) VALUES (2144, 'Tobias Gr&uuml;ning');
INSERT INTO Paper (PaperID, Title, Year, MDate, Key, DOI) VALUES (679, 'CITlab ARGUS for Keyword Search in Historical Handwritten Documents - Description of CITlab''s System for the ImageCLEF 2016 Handwritten Scanned Document Retrieval Task.', 2016, '2016-08-11', 'conf/clef/StraussGLL16', 'http://ceur-ws.org/Vol-1609/16090399.pdf');
INSERT INTO Write (AuthorID, PaperID) VALUES (2144, 679);
INSERT INTO Author (AuthorID, Name) VALUES (2145, 'Nadin K&ouml;kciyan');
INSERT INTO Write (AuthorID, PaperID) VALUES (2145, 479);
INSERT INTO Author (AuthorID, Name) VALUES (2146, 'Gerhard Klassen');
INSERT INTO Write (AuthorID, PaperID) VALUES (2146, 2117);
INSERT INTO Author (AuthorID, Name) VALUES (2147, 'Hinrich Sch&uuml;tze');
INSERT INTO Write (AuthorID, PaperID) VALUES (2147, 964);
INSERT INTO Author (AuthorID, Name) VALUES (2148, 'Piotr Przybyla');
INSERT INTO Paper (PaperID, Title, Year, MDate, Key, DOI) VALUES (3336, 'What Do Your Look-alikes Say about You? Exploiting Strong and Weak Similarities for Author Profiling.', 2015, '2015-09-03', 'conf/clef/PrzybylaT15', 'http://ceur-ws.org/Vol-1391/45-CR.pdf');
INSERT INTO Write (AuthorID, PaperID) VALUES (2148, 3336);
INSERT INTO Author (AuthorID, Name) VALUES (2149, 'Javier Alonso-S&aacute;nchez');
INSERT INTO Write (AuthorID, PaperID) VALUES (2149, 3488);
INSERT INTO Author (AuthorID, Name) VALUES (2150, 'Rajendra Pamula');
INSERT INTO Write (AuthorID, PaperID) VALUES (2150, 179);
INSERT INTO Author (AuthorID, Name) VALUES (2151, 'Mireya Tovar');
INSERT INTO Write (AuthorID, PaperID) VALUES (2151, 2083);
INSERT INTO Author (AuthorID, Name) VALUES (2152, 'Anindya Dey');
INSERT INTO Write (AuthorID, PaperID) VALUES (2152, 215);
INSERT INTO Author (AuthorID, Name) VALUES (2153, 'M. Alejandro Reyes-Barrag&aacute;n');
INSERT INTO Write (AuthorID, PaperID) VALUES (2153, 652);
INSERT INTO Author (AuthorID, Name) VALUES (2154, 'Paul A. Watters');
INSERT INTO Write (AuthorID, PaperID) VALUES (2154, 1135);
INSERT INTO Author (AuthorID, Name) VALUES (2155, 'Bill Ogden');
INSERT INTO Paper (PaperID, Title, Year, MDate, Key, DOI) VALUES (573, 'Can Monolingual Users create Good Multilingual Queries without Machine Translation?', 2000, '2014-08-15', 'conf/clef/OgdenD00', 'http://ceur-ws.org/Vol-1166/CLEF2000wn-adhoc-OgdenEt2000.pdf');
INSERT INTO Write (AuthorID, PaperID) VALUES (2155, 573);
INSERT INTO Author (AuthorID, Name) VALUES (2156, 'Craig MacDonald');
INSERT INTO Write (AuthorID, PaperID) VALUES (2156, 409);
INSERT INTO Author (AuthorID, Name) VALUES (2157, 'Sangita Pillay');
INSERT INTO Write (AuthorID, PaperID) VALUES (2157, 341);
INSERT INTO Author (AuthorID, Name) VALUES (2158, 'Shuai Wang');
INSERT INTO Write (AuthorID, PaperID) VALUES (2158, 1918);
INSERT INTO Author (AuthorID, Name) VALUES (2159, 'Juan Domingo');
INSERT INTO Write (AuthorID, PaperID) VALUES (2159, 1820);
INSERT INTO Author (AuthorID, Name) VALUES (2160, 'Hussam Hamdan');
INSERT INTO Write (AuthorID, PaperID) VALUES (2160, 2450);
INSERT INTO Author (AuthorID, Name) VALUES (2161, 'Nataliia Plotnikova');
INSERT INTO Write (AuthorID, PaperID) VALUES (2161, 2486);
INSERT INTO Author (AuthorID, Name) VALUES (2162, 'Yalei Peng');
INSERT INTO Write (AuthorID, PaperID) VALUES (2162, 3340);
INSERT INTO Author (AuthorID, Name) VALUES (2163, 'Yu Zhang');
INSERT INTO Write (AuthorID, PaperID) VALUES (2163, 939);
INSERT INTO Author (AuthorID, Name) VALUES (2164, 'Josep Llad&oacute;s');
INSERT INTO Write (AuthorID, PaperID) VALUES (2164, 1589);
INSERT INTO Author (AuthorID, Name) VALUES (2165, 'Fredrik Espinoza');
INSERT INTO Write (AuthorID, PaperID) VALUES (2165, 2586);
INSERT INTO Author (AuthorID, Name) VALUES (2166, 'Rapha&euml;l Mar&eacute;e');
INSERT INTO Paper (PaperID, Title, Year, MDate, Key, DOI) VALUES (2936, 'Biomedical Imaging Modality Classification Using Bags of Visual and Textual Terms with Extremely Randomized Trees: Report of ImageCLEF 2010 Experiments.', 2010, '2016-06-02', 'conf/clef/MareeSG10', 'http://www.clef-initiative.eu/documents/71612/86374/CLEF2010wn-ImageCLEF-Mar%C3%A9eEt2010.pdf');
INSERT INTO Write (AuthorID, PaperID) VALUES (2166, 2936);
INSERT INTO Author (AuthorID, Name) VALUES (2167, 'Harsh Thakkar');
INSERT INTO Write (AuthorID, PaperID) VALUES (2167, 1794);
INSERT INTO Author (AuthorID, Name) VALUES (2168, 'Simone Peruzzo');
INSERT INTO Write (AuthorID, PaperID) VALUES (2168, 1194);
INSERT INTO Author (AuthorID, Name) VALUES (2169, 'Maite Oronoz Anchordoqui');
INSERT INTO Write (AuthorID, PaperID) VALUES (2169, 2786);
INSERT INTO Author (AuthorID, Name) VALUES (2170, 'Madhulika Agrawal');
INSERT INTO Write (AuthorID, PaperID) VALUES (2170, 2285);
INSERT INTO Author (AuthorID, Name) VALUES (2171, 'James Gung');
INSERT INTO Paper (PaperID, Title, Year, MDate, Key, DOI) VALUES (1942, 'Using Relations for Identification and Normalization of Disorders: Team CLEAR in the ShARe/CLEF 2013 eHealth Evaluation Lab.', 2013, '2014-09-10', 'conf/clef/Gung13', 'http://ceur-ws.org/Vol-1179/CLEF2013wn-CLEFeHealth-Gung2013.pdf');
INSERT INTO Write (AuthorID, PaperID) VALUES (2171, 1942);
INSERT INTO Author (AuthorID, Name) VALUES (2172, 'Arnab Bhattacharya 0001');
INSERT INTO Paper (PaperID, Title, Year, MDate, Key, DOI) VALUES (649, 'A Plant Identification System using Shape and Morphological Features on Segmented Leaflets: Team IITK, CLEF 2012.', 2012, '2018-07-27', 'conf/clef/AroraGBMB12', 'http://www.clef-initiative.eu/documents/71612/cdb240e2-2cdf-4e69-89d5-d69ca921beb0');
INSERT INTO Write (AuthorID, PaperID) VALUES (2172, 649);
INSERT INTO Author (AuthorID, Name) VALUES (2173, 'Marina Driker');
INSERT INTO Write (AuthorID, PaperID) VALUES (2173, 3280);
INSERT INTO Author (AuthorID, Name) VALUES (2174, 'Shachar Mirkin');
INSERT INTO Paper (PaperID, Title, Year, MDate, Key, DOI) VALUES (737, 'XRCE Personal Language Analytics Engine for Multilingual Author Profiling: Notebook for PAN at CLEF 2015.', 2015, '2015-09-03', 'conf/clef/NowsonPBMR15', 'http://ceur-ws.org/Vol-1391/100-CR.pdf');
INSERT INTO Write (AuthorID, PaperID) VALUES (2174, 737);
INSERT INTO Author (AuthorID, Name) VALUES (2175, 'Cl&eacute;mentine Scohy');
INSERT INTO Write (AuthorID, PaperID) VALUES (2175, 2712);
INSERT INTO Author (AuthorID, Name) VALUES (2176, 'Fahad Al-Obaidli');
INSERT INTO Write (AuthorID, PaperID) VALUES (2176, 972);
INSERT INTO Author (AuthorID, Name) VALUES (2177, 'Giovanni Ciccone');
INSERT INTO Write (AuthorID, PaperID) VALUES (2177, 1258);
INSERT INTO Author (AuthorID, Name) VALUES (2178, 'Paulina Sciana');
INSERT INTO Write (AuthorID, PaperID) VALUES (2178, 783);
INSERT INTO Author (AuthorID, Name) VALUES (2179, 'Hugo Rodrigues 0001');
INSERT INTO Write (AuthorID, PaperID) VALUES (2179, 219);
INSERT INTO Author (AuthorID, Name) VALUES (2180, 'Tung Dinh Duy');
INSERT INTO Write (AuthorID, PaperID) VALUES (2180, 1058);
INSERT INTO Author (AuthorID, Name) VALUES (2181, 'Stefan Endrullis');
INSERT INTO Write (AuthorID, PaperID) VALUES (2181, 2055);
INSERT INTO Author (AuthorID, Name) VALUES (2182, 'Jiamei Sun');
INSERT INTO Write (AuthorID, PaperID) VALUES (2182, 561);
INSERT INTO Author (AuthorID, Name) VALUES (2183, 'Giacomo Ciuffreda');
INSERT INTO Write (AuthorID, PaperID) VALUES (2183, 206);
INSERT INTO Author (AuthorID, Name) VALUES (2184, 'Satyam');
INSERT INTO Write (AuthorID, PaperID) VALUES (2184, 1451);
INSERT INTO Author (AuthorID, Name) VALUES (2185, 'Bjoern H. Menze');
INSERT INTO Write (AuthorID, PaperID) VALUES (2185, 246);
INSERT INTO Author (AuthorID, Name) VALUES (2186, 'Krista Lagus');
INSERT INTO Write (AuthorID, PaperID) VALUES (2186, 1563);
INSERT INTO Author (AuthorID, Name) VALUES (2187, 'John Samuel 0003');
INSERT INTO Paper (PaperID, Title, Year, MDate, Key, DOI) VALUES (3123, 'Analyzing and Visualizing Translation Patterns of Wikidata Properties.', 2018, '2018-11-14', 'conf/clef/Samuel18', 'https://www.wikidata.org/entity/Q56249103');
INSERT INTO Write (AuthorID, PaperID) VALUES (2187, 3123);
INSERT INTO Author (AuthorID, Name) VALUES (2188, 'Madeleine Sialeu');
INSERT INTO Write (AuthorID, PaperID) VALUES (2188, 1763);
INSERT INTO Author (AuthorID, Name) VALUES (2189, 'Andrea Esuli');
INSERT INTO Paper (PaperID, Title, Year, MDate, Key, DOI) VALUES (2448, 'Evaluating Information Extraction.', 2010, '2018-11-14', 'conf/clef/EsuliS10', 'https://www.wikidata.org/entity/Q57771100');
INSERT INTO Write (AuthorID, PaperID) VALUES (2189, 2448);
INSERT INTO Author (AuthorID, Name) VALUES (2190, 'C&eacute;line Grauby');
INSERT INTO Write (AuthorID, PaperID) VALUES (2190, 2686);
INSERT INTO Author (AuthorID, Name) VALUES (2191, 'Frank Sawitzki');
INSERT INTO Write (AuthorID, PaperID) VALUES (2191, 2149);
INSERT INTO Author (AuthorID, Name) VALUES (2192, 'Sergej Sizov');
INSERT INTO Write (AuthorID, PaperID) VALUES (2192, 2361);
INSERT INTO Author (AuthorID, Name) VALUES (2193, 'Claudia Wortmann');
INSERT INTO Paper (PaperID, Title, Year, MDate, Key, DOI) VALUES (1243, 'IMBIT: Resources and Search Strategy.', 2002, '2014-08-15', 'conf/clef/Wortmann02', 'http://ceur-ws.org/Vol-1168/CLEF2002wn-adhoc-WortmannEt2002.pdf');
INSERT INTO Write (AuthorID, PaperID) VALUES (2193, 1243);
INSERT INTO Author (AuthorID, Name) VALUES (2194, 'Andreas Grivas');
INSERT INTO Write (AuthorID, PaperID) VALUES (2194, 1545);
INSERT INTO Author (AuthorID, Name) VALUES (2195, 'Fr&eacute;d&eacute;ric Jurie');
INSERT INTO Write (AuthorID, PaperID) VALUES (2195, 2877);
INSERT INTO Author (AuthorID, Name) VALUES (2196, 'Mohammad Reza Mirsarraf');
INSERT INTO Write (AuthorID, PaperID) VALUES (2196, 2082);
INSERT INTO Author (AuthorID, Name) VALUES (2197, 'Aude Nzeh Ngong');
INSERT INTO Write (AuthorID, PaperID) VALUES (2197, 783);
INSERT INTO Author (AuthorID, Name) VALUES (2198, 'Mohamed Arziki');
INSERT INTO Write (AuthorID, PaperID) VALUES (2198, 3140);
INSERT INTO Author (AuthorID, Name) VALUES (2199, 'Luca Toldo');
INSERT INTO Write (AuthorID, PaperID) VALUES (2199, 2309);
INSERT INTO Author (AuthorID, Name) VALUES (2200, 'Amine Abdaoui');
INSERT INTO Paper (PaperID, Title, Year, MDate, Key, DOI) VALUES (1169, 'ICD10 Coding of Death Certificates with the NCBO and SIFR Annotator(s) at CLEF eHealth 2017 Task 1.', 2017, '2018-10-05', 'conf/clef/TchechmedjievAE17', 'http://ceur-ws.org/Vol-1866/paper_62.pdf');
INSERT INTO Write (AuthorID, PaperID) VALUES (2200, 1169);
INSERT INTO Author (AuthorID, Name) VALUES (2201, 'Andr&aacute;s B&aacute;nhalmi');
INSERT INTO Paper (PaperID, Title, Year, MDate, Key, DOI) VALUES (3322, 'Wlab of University of Szeged at ImageCLEF 2014 Plant Identification Task.', 2014, '2014-09-10', 'conf/clef/BanhalmiPBNS14', 'http://ceur-ws.org/Vol-1180/CLEF2014wn-Life-BanhalmiEt2014.pdf');
INSERT INTO Write (AuthorID, PaperID) VALUES (2201, 3322);
INSERT INTO Author (AuthorID, Name) VALUES (2202, 'Viktor G&aacute;l');
INSERT INTO Paper (PaperID, Title, Year, MDate, Key, DOI) VALUES (2195, 'Multi-disciplinary Modality Classification for Medical Images.', 2011, '2014-09-24', 'conf/clef/GalSGN11', 'http://www.clef-initiative.eu/documents/71612/86377/CLEF2011wn-ImageCLEF-GalEt2011.pdf');
INSERT INTO Write (AuthorID, PaperID) VALUES (2202, 2195);
INSERT INTO Author (AuthorID, Name) VALUES (2203, 'Newton Spola&ocirc;r');
INSERT INTO Write (AuthorID, PaperID) VALUES (2203, 612);
INSERT INTO Author (AuthorID, Name) VALUES (2204, 'Abhimanshu Mishra');
INSERT INTO Write (AuthorID, PaperID) VALUES (2204, 1722);
INSERT INTO Author (AuthorID, Name) VALUES (2205, 'Paul David Beck');
INSERT INTO Write (AuthorID, PaperID) VALUES (2205, 1369);
INSERT INTO Author (AuthorID, Name) VALUES (2206, 'Johannes Bernhardt-Melischnig');
INSERT INTO Write (AuthorID, PaperID) VALUES (2206, 2735);
INSERT INTO Author (AuthorID, Name) VALUES (2207, 'Yi Ren Leng');
INSERT INTO Write (AuthorID, PaperID) VALUES (2207, 3348);
INSERT INTO Author (AuthorID, Name) VALUES (2208, 'Thierry Arti&egrave;res');
INSERT INTO Paper (PaperID, Title, Year, MDate, Key, DOI) VALUES (3022, 'Feature Bagging for Author Attribution.', 2012, '2014-09-24', 'conf/clef/GiraudA12', 'http://www.clef-initiative.eu/documents/71612/d63f32f1-83f3-4969-b6e0-eb8d81e6483d');
INSERT INTO Write (AuthorID, PaperID) VALUES (2208, 3022);
INSERT INTO Author (AuthorID, Name) VALUES (2209, 'Hideki Nakayama');
INSERT INTO Paper (PaperID, Title, Year, MDate, Key, DOI) VALUES (2436, 'NLab-UTokyo at ImageCLEF 2013 Plant Identification Task.', 2013, '2014-09-10', 'conf/clef/Nakayama13', 'http://ceur-ws.org/Vol-1179/CLEF2013wn-ImageCLEF-Nakayama2013.pdf');
INSERT INTO Write (AuthorID, PaperID) VALUES (2209, 2436);
INSERT INTO Author (AuthorID, Name) VALUES (2210, 'Michael Hart');
INSERT INTO Paper (PaperID, Title, Year, MDate, Key, DOI) VALUES (1897, 'Wiki Vandalysis - Wikipedia Vandalism Analysis - Lab Report for PAN at CLEF 2010.', 2010, '2014-09-24', 'conf/clef/HarpalaniPBHJ10', 'http://www.clef-initiative.eu/documents/71612/86374/CLEF2010wn-PAN-HarpalaniEt2010.pdf');
INSERT INTO Write (AuthorID, PaperID) VALUES (2210, 1897);
INSERT INTO Author (AuthorID, Name) VALUES (2211, 'Mar&ccedil;al Rusi&ntilde;ol');
INSERT INTO Write (AuthorID, PaperID) VALUES (2211, 1589);
INSERT INTO Author (AuthorID, Name) VALUES (2212, 'Petra Galusc&aacute;kov&aacute;');
INSERT INTO Write (AuthorID, PaperID) VALUES (2212, 1907);
INSERT INTO Author (AuthorID, Name) VALUES (2213, 'Leszek Kaliciak');
INSERT INTO Write (AuthorID, PaperID) VALUES (2213, 3307);
INSERT INTO Author (AuthorID, Name) VALUES (2214, 'Ronghui You');
INSERT INTO Write (AuthorID, PaperID) VALUES (2214, 81);
INSERT INTO Author (AuthorID, Name) VALUES (2215, 'C&eacute;dric Lespagnol');
INSERT INTO Write (AuthorID, PaperID) VALUES (2215, 1460);
INSERT INTO Author (AuthorID, Name) VALUES (2216, 'Kesha Shah');
INSERT INTO Write (AuthorID, PaperID) VALUES (2216, 1794);
INSERT INTO Author (AuthorID, Name) VALUES (2217, 'Irene Llopis');
INSERT INTO Paper (PaperID, Title, Year, MDate, Key, DOI) VALUES (3515, 'Tuberculosis Detection using Optical Flow and the Activity Description Vector.', 2018, '2018-08-09', 'conf/clef/PascualLRGL18', 'http://ceur-ws.org/Vol-2125/paper_128.pdf');
INSERT INTO Write (AuthorID, PaperID) VALUES (2217, 3515);
INSERT INTO Author (AuthorID, Name) VALUES (2218, 'Matthieu Cord');
INSERT INTO Paper (PaperID, Title, Year, MDate, Key, DOI) VALUES (3393, 'BossaNova at ImageCLEF 2012 Flickr Photo Annotation Task.', 2012, '2014-09-24', 'conf/clef/AvilaTCVA12', 'http://www.clef-initiative.eu/documents/71612/6affc8f5-8b43-4659-9327-511a39cc847c');
INSERT INTO Write (AuthorID, PaperID) VALUES (2218, 3393);
INSERT INTO Author (AuthorID, Name) VALUES (2219, 'Hayda Almeida');
INSERT INTO Write (AuthorID, PaperID) VALUES (2219, 3105);
INSERT INTO Author (AuthorID, Name) VALUES (2220, 'Jiawei Han 0001');
INSERT INTO Paper (PaperID, Title, Year, MDate, Key, DOI) VALUES (2900, 'Analysis and Refinement of Cross-Lingual Entity Linking.', 2012, '2017-06-05', 'conf/clef/CassidyJDZH12', 'https://doi.org/10.1007/978-3-642-33247-0_1');
INSERT INTO Write (AuthorID, PaperID) VALUES (2220, 2900);
INSERT INTO Author (AuthorID, Name) VALUES (2221, 'Stefan Trausan-Matu');
INSERT INTO Write (AuthorID, PaperID) VALUES (2221, 804);
INSERT INTO Author (AuthorID, Name) VALUES (2222, 'Liviu P. Dinu');
INSERT INTO Paper (PaperID, Title, Year, MDate, Key, DOI) VALUES (1765, 'Including Dialects and Language Varieties in Author Profiling.', 2017, '2017-08-15', 'conf/clef/CiobanuZMD17', 'http://ceur-ws.org/Vol-1866/paper_83.pdf');
INSERT INTO Write (AuthorID, PaperID) VALUES (2222, 1765);
INSERT INTO Author (AuthorID, Name) VALUES (2223, 'Tetsuaki Mano');
INSERT INTO Write (AuthorID, PaperID) VALUES (2223, 1306);
INSERT INTO Author (AuthorID, Name) VALUES (2224, 'Mihir Atmakuri');
INSERT INTO Write (AuthorID, PaperID) VALUES (2224, 1373);
INSERT INTO Author (AuthorID, Name) VALUES (2225, 'Graciela Ramirez Alonso');
INSERT INTO Write (AuthorID, PaperID) VALUES (2225, 2307);
INSERT INTO Author (AuthorID, Name) VALUES (2226, 'Chaoyuan Zuo');
INSERT INTO Paper (PaperID, Title, Year, MDate, Key, DOI) VALUES (1170, 'A Hybrid Recognition System for Check-worthy Claims Using Heuristics and Supervised Learning.', 2018, '2018-08-08', 'conf/clef/ZuoKB18', 'http://ceur-ws.org/Vol-2125/paper_143.pdf');
INSERT INTO Write (AuthorID, PaperID) VALUES (2226, 1170);
INSERT INTO Author (AuthorID, Name) VALUES (2227, 'Yaoyun Zhang');
INSERT INTO Write (AuthorID, PaperID) VALUES (2227, 2185);
INSERT INTO Author (AuthorID, Name) VALUES (2228, 'Meena Ghanekar');
INSERT INTO Paper (PaperID, Title, Year, MDate, Key, DOI) VALUES (2729, 'CLEF 2001 Experiments using KCSL Retrieval System.', 2001, '2014-08-15', 'conf/clef/KaufmanG01', 'http://ceur-ws.org/Vol-1167/CLEF2001wn-adhoc-KaufmanEt2001.pdf');
INSERT INTO Write (AuthorID, PaperID) VALUES (2228, 2729);
INSERT INTO Author (AuthorID, Name) VALUES (2229, 'Ben Upcroft');
INSERT INTO Write (AuthorID, PaperID) VALUES (2229, 1059);
INSERT INTO Author (AuthorID, Name) VALUES (2230, 'Luca Soldaini');
INSERT INTO Paper (PaperID, Title, Year, MDate, Key, DOI) VALUES (3425, 'Team GU-IRLAB at CLEF eHealth 2016: Task 3.', 2016, '2016-08-11', 'conf/clef/SoldainiEG16', 'http://ceur-ws.org/Vol-1609/16090143.pdf');
INSERT INTO Write (AuthorID, PaperID) VALUES (2230, 3425);
INSERT INTO Author (AuthorID, Name) VALUES (2231, 'Javier Lorenzo-Navarro');
INSERT INTO Paper (PaperID, Title, Year, MDate, Key, DOI) VALUES (1642, 'Exploring the Use of Local Descriptors for Fish Recognition in LifeCLEF 2015.', 2015, '2015-09-03', 'conf/clef/Cabrera-GamezSD15', 'http://ceur-ws.org/Vol-1391/49-CR.pdf');
INSERT INTO Write (AuthorID, PaperID) VALUES (2231, 1642);
INSERT INTO Author (AuthorID, Name) VALUES (2232, 'Hyung-Kook Seo');
INSERT INTO Write (AuthorID, PaperID) VALUES (2232, 989);
INSERT INTO Author (AuthorID, Name) VALUES (2233, 'Songde Ma');
INSERT INTO Write (AuthorID, PaperID) VALUES (2233, 2739);
INSERT INTO Author (AuthorID, Name) VALUES (2234, 'Jaume Nualart');
INSERT INTO Write (AuthorID, PaperID) VALUES (2234, 7);
INSERT INTO Author (AuthorID, Name) VALUES (2235, 'Yuka Egusa');
INSERT INTO Write (AuthorID, PaperID) VALUES (2235, 1242);
INSERT INTO Author (AuthorID, Name) VALUES (2236, 'Ra&uacute;l Cabido');
INSERT INTO Write (AuthorID, PaperID) VALUES (2236, 2744);
INSERT INTO Author (AuthorID, Name) VALUES (2237, 'Yannic Kilcher');
INSERT INTO Paper (PaperID, Title, Year, MDate, Key, DOI) VALUES (2203, 'Audio Based Bird Species Identification using Deep Learning Techniques.', 2016, '2016-08-11', 'conf/clef/SprengelJKH16', 'http://ceur-ws.org/Vol-1609/16090547.pdf');
INSERT INTO Write (AuthorID, PaperID) VALUES (2237, 2203);
INSERT INTO Author (AuthorID, Name) VALUES (2238, 'Homa Baradaran Hashemi');
INSERT INTO Write (AuthorID, PaperID) VALUES (2238, 2912);
INSERT INTO Author (AuthorID, Name) VALUES (2239, 'William Briggs');
INSERT INTO Write (AuthorID, PaperID) VALUES (2239, 1331);
INSERT INTO Author (AuthorID, Name) VALUES (2240, 'Alessandro Suglia');
INSERT INTO Write (AuthorID, PaperID) VALUES (2240, 3499);
INSERT INTO Author (AuthorID, Name) VALUES (2241, 'Saloua Ouertani-Litayem');
INSERT INTO Write (AuthorID, PaperID) VALUES (2241, 2830);
INSERT INTO Author (AuthorID, Name) VALUES (2242, 'Anastasia Giahanou');
INSERT INTO Write (AuthorID, PaperID) VALUES (2242, 1577);
INSERT INTO Author (AuthorID, Name) VALUES (2243, 'Colin Morris');
INSERT INTO Write (AuthorID, PaperID) VALUES (2243, 1709);
INSERT INTO Author (AuthorID, Name) VALUES (2244, 'Catherine Roussey');
INSERT INTO Write (AuthorID, PaperID) VALUES (2244, 3343);
INSERT INTO Author (AuthorID, Name) VALUES (2245, 'Z. Zhao');
INSERT INTO Write (AuthorID, PaperID) VALUES (2245, 2263);
INSERT INTO Author (AuthorID, Name) VALUES (2246, 'Ganesh Iyer');
INSERT INTO Write (AuthorID, PaperID) VALUES (2246, 1794);
INSERT INTO Author (AuthorID, Name) VALUES (2247, 'Yan Li');
INSERT INTO Write (AuthorID, PaperID) VALUES (2247, 1565);
INSERT INTO Author (AuthorID, Name) VALUES (2248, 'Ion-Catalin Condrea');
INSERT INTO Write (AuthorID, PaperID) VALUES (2248, 3389);
INSERT INTO Author (AuthorID, Name) VALUES (2249, 'Cheng Cai');
INSERT INTO Write (AuthorID, PaperID) VALUES (2249, 3394);
INSERT INTO Author (AuthorID, Name) VALUES (2250, 'Lled&oacute; Museros Cabedo');
INSERT INTO Write (AuthorID, PaperID) VALUES (2250, 102);
INSERT INTO Author (AuthorID, Name) VALUES (2251, 'Lei Shi');
INSERT INTO Paper (PaperID, Title, Year, MDate, Key, DOI) VALUES (620, 'Web Person Name Disambiguation by Relevance Weighting of Extended Feature Sets.', 2010, '2014-09-24', 'conf/clef/LongS10', 'http://www.clef-initiative.eu/documents/71612/86374/CLEF2010wn-WePS-LongEt2010.pdf');
INSERT INTO Write (AuthorID, PaperID) VALUES (2251, 620);
INSERT INTO Author (AuthorID, Name) VALUES (2252, '&Ograve;scar Garibo i Orts');
INSERT INTO Paper (PaperID, Title, Year, MDate, Key, DOI) VALUES (2929, 'A Big Data approach to gender classification in Twitter: Notebook for PAN at CLEF 2018.', 2018, '2018-08-08', 'conf/clef/Orts18', 'http://ceur-ws.org/Vol-2125/paper_204.pdf');
INSERT INTO Write (AuthorID, PaperID) VALUES (2252, 2929);
INSERT INTO Author (AuthorID, Name) VALUES (2253, 'Ayla Karakas');
INSERT INTO Write (AuthorID, PaperID) VALUES (2253, 1170);
INSERT INTO Author (AuthorID, Name) VALUES (2254, 'Shervin Malmasi');
INSERT INTO Write (AuthorID, PaperID) VALUES (2254, 1765);
INSERT INTO Author (AuthorID, Name) VALUES (2255, 'Quoc-An Luong');
INSERT INTO Write (AuthorID, PaperID) VALUES (2255, 1058);
INSERT INTO Author (AuthorID, Name) VALUES (2256, 'Alexander Beloborodov');
INSERT INTO Write (AuthorID, PaperID) VALUES (2256, 3280);
INSERT INTO Author (AuthorID, Name) VALUES (2257, 'Zhikai Xie');
INSERT INTO Write (AuthorID, PaperID) VALUES (2257, 81);
INSERT INTO Author (AuthorID, Name) VALUES (2258, 'Ondrej Vesel&yacute;');
INSERT INTO Paper (PaperID, Title, Year, MDate, Key, DOI) VALUES (3392, 'Source Retrieval via Na800Aiuml;ve Approach and Passage Selection Heuristics Notebook for PAN at CLEF2013.', 2013, '2014-09-10', 'conf/clef/VeselyFR13', 'http://ceur-ws.org/Vol-1179/CLEF2013wn-PAN-VeselyEt2013.pdf');
INSERT INTO Write (AuthorID, PaperID) VALUES (2258, 3392);
INSERT INTO Author (AuthorID, Name) VALUES (2259, 'Martin S. Kohn');
INSERT INTO Write (AuthorID, PaperID) VALUES (2259, 1132);
INSERT INTO Author (AuthorID, Name) VALUES (2260, 'Andy Garron');
INSERT INTO Write (AuthorID, PaperID) VALUES (2260, 3316);
INSERT INTO Author (AuthorID, Name) VALUES (2261, 'Asma Ouertatani');
INSERT INTO Write (AuthorID, PaperID) VALUES (2261, 1843);
INSERT INTO Author (AuthorID, Name) VALUES (2262, 'Yunze Gao');
INSERT INTO Write (AuthorID, PaperID) VALUES (2262, 3305);
INSERT INTO Author (AuthorID, Name) VALUES (2263, 'Nitesh Bagmar');
INSERT INTO Write (AuthorID, PaperID) VALUES (2263, 649);
INSERT INTO Author (AuthorID, Name) VALUES (2264, 'Paolo Remagnino');
INSERT INTO Write (AuthorID, PaperID) VALUES (2264, 655);
INSERT INTO Author (AuthorID, Name) VALUES (2265, 'Carolina F&oacute;cil Arias');
INSERT INTO Write (AuthorID, PaperID) VALUES (2265, 3217);
INSERT INTO Author (AuthorID, Name) VALUES (2266, 'Jean-Marc Deltorn');
INSERT INTO Write (AuthorID, PaperID) VALUES (2266, 2950);
INSERT INTO Author (AuthorID, Name) VALUES (2267, 'Javier Arias Buend&iacute;a');
INSERT INTO Write (AuthorID, PaperID) VALUES (2267, 1329);
INSERT INTO Author (AuthorID, Name) VALUES (2268, 'Christiane Glimm');
INSERT INTO Write (AuthorID, PaperID) VALUES (2268, 1990);
INSERT INTO Author (AuthorID, Name) VALUES (2269, 'Namik Taright');
INSERT INTO Write (AuthorID, PaperID) VALUES (2269, 936);
INSERT INTO Author (AuthorID, Name) VALUES (2270, 'Keyvan Minoukadeh');
INSERT INTO Write (AuthorID, PaperID) VALUES (2270, 2424);
INSERT INTO Author (AuthorID, Name) VALUES (2271, 'Empar Bisbal');
INSERT INTO Write (AuthorID, PaperID) VALUES (2271, 2225);
INSERT INTO Author (AuthorID, Name) VALUES (2272, 'Michael P. O''Mahony');
INSERT INTO Write (AuthorID, PaperID) VALUES (2272, 2072);
INSERT INTO Author (AuthorID, Name) VALUES (2273, 'Vilmos Bilicki');
INSERT INTO Write (AuthorID, PaperID) VALUES (2273, 3322);
INSERT INTO Author (AuthorID, Name) VALUES (2274, 'Rodolfo Delmonte');
INSERT INTO Paper (PaperID, Title, Year, MDate, Key, DOI) VALUES (119, 'VENSES GetAsk: a System for Hybrid Question Answering And Answer Recovery using Text Entailment.', 2013, '2014-09-10', 'conf/clef/Delmonte13', 'http://ceur-ws.org/Vol-1179/CLEF2013wn-QA4MRE-Delmonte2013.pdf');
INSERT INTO Write (AuthorID, PaperID) VALUES (2274, 119);
INSERT INTO Author (AuthorID, Name) VALUES (2275, 'Rami Suleiman Alkhawaldeh');
INSERT INTO Write (AuthorID, PaperID) VALUES (2275, 1399);
INSERT INTO Author (AuthorID, Name) VALUES (2276, 'Andrey Ignatov');
INSERT INTO Paper (PaperID, Title, Year, MDate, Key, DOI) VALUES (2665, 'Twitter Author Profiling Using Word Embeddings and Logistic Regression.', 2017, '2017-08-15', 'conf/clef/AkhtyamovaCI17', 'http://ceur-ws.org/Vol-1866/paper_81.pdf');
INSERT INTO Write (AuthorID, PaperID) VALUES (2276, 2665);
INSERT INTO Author (AuthorID, Name) VALUES (2277, 'Nazli Goharian');
INSERT INTO Write (AuthorID, PaperID) VALUES (2277, 3425);
INSERT INTO Author (AuthorID, Name) VALUES (2278, 'Pinar Yolum');
INSERT INTO Write (AuthorID, PaperID) VALUES (2278, 479);
INSERT INTO Author (AuthorID, Name) VALUES (2279, 'Mahmoud Khonji');
INSERT INTO Paper (PaperID, Title, Year, MDate, Key, DOI) VALUES (1139, 'A Slightly-modified GI-based Author-verifier with Lots of Features (ASGALF).', 2014, '2014-09-10', 'conf/clef/KhonjiI14', 'http://ceur-ws.org/Vol-1180/CLEF2014wn-Pan-KonijEt2014.pdf');
INSERT INTO Write (AuthorID, PaperID) VALUES (2279, 1139);
INSERT INTO Author (AuthorID, Name) VALUES (2280, 'Marcella Tambuscio');
INSERT INTO Write (AuthorID, PaperID) VALUES (2280, 2516);
INSERT INTO Author (AuthorID, Name) VALUES (2281, 'Pierre Geurts');
INSERT INTO Write (AuthorID, PaperID) VALUES (2281, 2936);
INSERT INTO Author (AuthorID, Name) VALUES (2282, '&Aacute;rp&aacute;d S&aacute;rosi');
INSERT INTO Write (AuthorID, PaperID) VALUES (2282, 3322);
INSERT INTO Author (AuthorID, Name) VALUES (2283, 'Jing Zhang');
INSERT INTO Write (AuthorID, PaperID) VALUES (2283, 1109);
INSERT INTO Author (AuthorID, Name) VALUES (2284, 'Josef V. Psutka');
INSERT INTO Write (AuthorID, PaperID) VALUES (2284, 3277);
INSERT INTO Author (AuthorID, Name) VALUES (2285, 'Nishikant Johri');
INSERT INTO Write (AuthorID, PaperID) VALUES (2285, 815);
INSERT INTO Author (AuthorID, Name) VALUES (2286, 'Adrian Espino Gamez');
INSERT INTO Write (AuthorID, PaperID) VALUES (2286, 2871);
INSERT INTO Author (AuthorID, Name) VALUES (2287, 'Sebastian S&uuml;nkler');
INSERT INTO Write (AuthorID, PaperID) VALUES (2287, 2616);
INSERT INTO Author (AuthorID, Name) VALUES (2288, 'Ioannis Kourtis');
INSERT INTO Write (AuthorID, PaperID) VALUES (2288, 3158);
INSERT INTO Author (AuthorID, Name) VALUES (2289, 'Philipp Duzak');
INSERT INTO Write (AuthorID, PaperID) VALUES (2289, 266);
INSERT INTO Author (AuthorID, Name) VALUES (2290, 'Sandra Mitrovic');
INSERT INTO Write (AuthorID, PaperID) VALUES (2290, 2435);
INSERT INTO Author (AuthorID, Name) VALUES (2291, 'Suzanne Little');
INSERT INTO Write (AuthorID, PaperID) VALUES (2291, 1971);
INSERT INTO Author (AuthorID, Name) VALUES (2292, 'Sara Riaz');
INSERT INTO Write (AuthorID, PaperID) VALUES (2292, 3005);
INSERT INTO Author (AuthorID, Name) VALUES (2293, 'Tatiana Lesnikova');
INSERT INTO Write (AuthorID, PaperID) VALUES (2293, 814);
INSERT INTO Author (AuthorID, Name) VALUES (2294, 'Cees G. M. Snoek');
INSERT INTO Write (AuthorID, PaperID) VALUES (2294, 1613);
INSERT INTO Author (AuthorID, Name) VALUES (2295, 'Lu&iacute;s Rato');
INSERT INTO Write (AuthorID, PaperID) VALUES (2295, 2846);
INSERT INTO Author (AuthorID, Name) VALUES (2296, 'Dimitar Alexandrov');
INSERT INTO Write (AuthorID, PaperID) VALUES (2296, 1520);
INSERT INTO Author (AuthorID, Name) VALUES (2297, 'Pascale Fung');
INSERT INTO Paper (PaperID, Title, Year, MDate, Key, DOI) VALUES (1308, 'CLEF 2001 Bilingual Task: Simple Dictionary-Based Query Translation.', 2001, '2014-08-15', 'conf/clef/CarpuatF01', 'http://ceur-ws.org/Vol-1167/CLEF2001wn-adhoc-CarpuatEt2001.pdf');
INSERT INTO Write (AuthorID, PaperID) VALUES (2297, 1308);
INSERT INTO Author (AuthorID, Name) VALUES (2298, 'Erik Rodner');
INSERT INTO Paper (PaperID, Title, Year, MDate, Key, DOI) VALUES (1172, 'SeaCLEF 2016: Object Proposal Classification for Fish Detection in Underwater Videos.', 2016, '2016-08-11', 'conf/clef/JagerRDWF16', 'http://ceur-ws.org/Vol-1609/16090481.pdf');
INSERT INTO Write (AuthorID, PaperID) VALUES (2298, 1172);
INSERT INTO Author (AuthorID, Name) VALUES (2299, 'Vincent Claveau');
INSERT INTO Write (AuthorID, PaperID) VALUES (2299, 3189);
INSERT INTO Author (AuthorID, Name) VALUES (2300, 'Minh-Triet Tran');
INSERT INTO Write (AuthorID, PaperID) VALUES (2300, 1058);
INSERT INTO Author (AuthorID, Name) VALUES (2301, 'Nam-Duong Duong');
INSERT INTO Write (AuthorID, PaperID) VALUES (2301, 687);
INSERT INTO Author (AuthorID, Name) VALUES (2302, 'Pawel Herman');
INSERT INTO Write (AuthorID, PaperID) VALUES (2302, 2971);
INSERT INTO Author (AuthorID, Name) VALUES (2303, 'Madalina Merchez');
INSERT INTO Write (AuthorID, PaperID) VALUES (2303, 1647);
INSERT INTO Author (AuthorID, Name) VALUES (2304, 'Nerea Ezeiza');
INSERT INTO Write (AuthorID, PaperID) VALUES (2304, 2786);
INSERT INTO Author (AuthorID, Name) VALUES (2305, 'Nick Evans');
INSERT INTO Paper (PaperID, Title, Year, MDate, Key, DOI) VALUES (724, 'A News Recommender Engine with a Killer Sequence.', 2017, '2017-08-15', 'conf/clef/BonsEKK17', 'http://ceur-ws.org/Vol-1866/paper_171.pdf');
INSERT INTO Write (AuthorID, PaperID) VALUES (2305, 724);
INSERT INTO Author (AuthorID, Name) VALUES (2306, 'Chunye Wang');
INSERT INTO Paper (PaperID, Title, Year, MDate, Key, DOI) VALUES (2999, 'UCSC''s System for CLEF eHealth 2013 Task 1.', 2013, '2014-09-10', 'conf/clef/WangA13', 'http://ceur-ws.org/Vol-1179/CLEF2013wn-CLEFeHealth-WangEt2013.pdf');
INSERT INTO Write (AuthorID, PaperID) VALUES (2306, 2999);
INSERT INTO Author (AuthorID, Name) VALUES (2307, 'Alberto Del Bimbo');
INSERT INTO Paper (PaperID, Title, Year, MDate, Key, DOI) VALUES (118, 'MICC-UNIFI at ImageCLEF 2013 Scalable Concept Image Annotation.', 2013, '2014-09-10', 'conf/clef/UricchioBBB13', 'http://ceur-ws.org/Vol-1179/CLEF2013wn-ImageCLEF-UricchioEt2013.pdf');
INSERT INTO Write (AuthorID, PaperID) VALUES (2307, 118);
INSERT INTO Author (AuthorID, Name) VALUES (2308, 'Laura Silva');
INSERT INTO Write (AuthorID, PaperID) VALUES (2308, 1986);
INSERT INTO Author (AuthorID, Name) VALUES (2309, 'Nitish Aggarwal');
INSERT INTO Write (AuthorID, PaperID) VALUES (2309, 2714);
INSERT INTO Author (AuthorID, Name) VALUES (2310, 'Tanmay Basu');
INSERT INTO Paper (PaperID, Title, Year, MDate, Key, DOI) VALUES (644, 'Early Detection of Signs of Anorexia and Depression Over Social Media using Effective Machine Learning Frameworks.', 2018, '2018-08-08', 'conf/clef/PaulJB18', 'http://ceur-ws.org/Vol-2125/paper_182.pdf');
INSERT INTO Write (AuthorID, PaperID) VALUES (2310, 644);
INSERT INTO Author (AuthorID, Name) VALUES (2311, 'Franck Derieux');
INSERT INTO Write (AuthorID, PaperID) VALUES (2311, 1621);
INSERT INTO Author (AuthorID, Name) VALUES (2312, 'Hitesh Sabnani');
INSERT INTO Write (AuthorID, PaperID) VALUES (2312, 2760);
INSERT INTO Author (AuthorID, Name) VALUES (2313, 'Thomas Hofmann');
INSERT INTO Write (AuthorID, PaperID) VALUES (2313, 2203);
INSERT INTO Author (AuthorID, Name) VALUES (2314, 'Feiyan Hu');
INSERT INTO Paper (PaperID, Title, Year, MDate, Key, DOI) VALUES (2348, 'Automatic Coding of Death Certificates to ICD-10 Terminology.', 2017, '2017-08-15', 'conf/clef/JonnagaddalaH17', 'http://ceur-ws.org/Vol-1866/paper_92.pdf');
INSERT INTO Write (AuthorID, PaperID) VALUES (2314, 2348);
INSERT INTO Author (AuthorID, Name) VALUES (2315, 'S&eacute;bastien Harispe');
INSERT INTO Paper (PaperID, Title, Year, MDate, Key, DOI) VALUES (1960, 'USI at BioASQ 2015: a Semantic Similarity-based Approach for Semantic Indexing.', 2015, '2015-09-03', 'conf/clef/FioriniRHRM15', 'http://ceur-ws.org/Vol-1391/94-CR.pdf');
INSERT INTO Write (AuthorID, PaperID) VALUES (2315, 1960);
INSERT INTO Author (AuthorID, Name) VALUES (2316, 'Naomie Salim');
INSERT INTO Paper (PaperID, Title, Year, MDate, Key, DOI) VALUES (1854, 'Fuzzy Semantic-Based String Similarity for Extrinsic Plagiarism Detection - Lab Report for PAN at CLEF 2010.', 2010, '2014-09-24', 'conf/clef/AlzahraniS10', 'http://www.clef-initiative.eu/documents/71612/86374/CLEF2010wn-PAN-AlzahraniEt2010.pdf');
INSERT INTO Write (AuthorID, PaperID) VALUES (2316, 1854);
INSERT INTO Author (AuthorID, Name) VALUES (2317, 'Harald Hammarstr&ouml;m');
INSERT INTO Paper (PaperID, Title, Year, MDate, Key, DOI) VALUES (20, 'Automatic Annotation of Bibliographical References for Descriptive Language Materials.', 2011, '2017-05-24', 'conf/clef/Hammarstrom11', 'https://doi.org/10.1007/978-3-642-23708-9_8');
INSERT INTO Write (AuthorID, PaperID) VALUES (2317, 20);
INSERT INTO Author (AuthorID, Name) VALUES (2318, 'Atsushi Shimada');
INSERT INTO Write (AuthorID, PaperID) VALUES (2318, 3442);
INSERT INTO Author (AuthorID, Name) VALUES (2319, 'Kamalakar Karlapalem');
INSERT INTO Write (AuthorID, PaperID) VALUES (2319, 1737);
INSERT INTO Author (AuthorID, Name) VALUES (2320, 'Benjamin Sch&uuml;rer');
INSERT INTO Write (AuthorID, PaperID) VALUES (2320, 2310);
INSERT INTO Author (AuthorID, Name) VALUES (2321, 'Shingo Ono');
INSERT INTO Paper (PaperID, Title, Year, MDate, Key, DOI) VALUES (2313, 'ITC-UT: Tweet Categorization by Query Categorization for On-line Reputation Management.', 2010, '2014-09-24', 'conf/clef/YoshidaMOSN10', 'http://www.clef-initiative.eu/documents/71612/86374/CLEF2010wn-WePS-YoshidaEt2010.pdf');
INSERT INTO Write (AuthorID, PaperID) VALUES (2321, 2313);
INSERT INTO Author (AuthorID, Name) VALUES (2322, 'Elias Ruiz');
INSERT INTO Write (AuthorID, PaperID) VALUES (2322, 2317);
INSERT INTO Author (AuthorID, Name) VALUES (2323, 'Fernando S&aacute;nchez-Vega');
INSERT INTO Write (AuthorID, PaperID) VALUES (2323, 2769);
INSERT INTO Author (AuthorID, Name) VALUES (2324, 'Cong Xu');
INSERT INTO Paper (PaperID, Title, Year, MDate, Key, DOI) VALUES (1884, 'ECNU at 2018 eHealth Task1 Multilingual Information Extraction.', 2018, '2018-08-08', 'conf/clef/LiXWBLY18', 'http://ceur-ws.org/Vol-2125/paper_127.pdf');
INSERT INTO Write (AuthorID, PaperID) VALUES (2324, 1884);
INSERT INTO Author (AuthorID, Name) VALUES (2325, 'Jun Wang');
INSERT INTO Write (AuthorID, PaperID) VALUES (2325, 3307);
INSERT INTO Author (AuthorID, Name) VALUES (2326, 'Omar Alonso');
INSERT INTO Paper (PaperID, Title, Year, MDate, Key, DOI) VALUES (2657, 'Crowdsourcing for Information Retrieval Experimentation and Evaluation.', 2011, '2018-06-26', 'conf/clef/Alonso11', 'https://doi.org/10.1007/978-3-642-23708-9_2');
INSERT INTO Write (AuthorID, PaperID) VALUES (2326, 2657);
INSERT INTO Author (AuthorID, Name) VALUES (2327, 'Alexandru Eduard Cozma');
INSERT INTO Write (AuthorID, PaperID) VALUES (2327, 3302);
INSERT INTO Author (AuthorID, Name) VALUES (2328, 'Rada Mihalcea');
INSERT INTO Write (AuthorID, PaperID) VALUES (2328, 2966);
INSERT INTO Author (AuthorID, Name) VALUES (2329, 'Rodwan Bakkar Deyab');
INSERT INTO Write (AuthorID, PaperID) VALUES (2329, 942);
INSERT INTO Author (AuthorID, Name) VALUES (2330, 'Samuel Fernando');
INSERT INTO Write (AuthorID, PaperID) VALUES (2330, 2530);
INSERT INTO Author (AuthorID, Name) VALUES (2331, 'Marlene Kritz');
INSERT INTO Write (AuthorID, PaperID) VALUES (2331, 3106);
INSERT INTO Author (AuthorID, Name) VALUES (2332, 'Herman H. H. B. M. van Haagen');
INSERT INTO Write (AuthorID, PaperID) VALUES (2332, 891);
INSERT INTO Author (AuthorID, Name) VALUES (2333, 'Marilia Santos');
INSERT INTO Write (AuthorID, PaperID) VALUES (2333, 442);
INSERT INTO Author (AuthorID, Name) VALUES (2334, 'Renata Vieira');
INSERT INTO Write (AuthorID, PaperID) VALUES (2334, 2281);
INSERT INTO Author (AuthorID, Name) VALUES (2335, 'Jos&eacute; M. Chenlo');
INSERT INTO Paper (PaperID, Title, Year, MDate, Key, DOI) VALUES (1025, 'FBM-Yahoo! at RepLab 2012.', 2012, '2014-10-21', 'conf/clef/ChenloARB12', 'http://www.clef-initiative.eu/documents/71612/bd18de7e-435a-4ae6-bbc0-5b9bc135d52e');
INSERT INTO Write (AuthorID, PaperID) VALUES (2335, 1025);
INSERT INTO Author (AuthorID, Name) VALUES (2336, 'Ghaida Rebdawi');
INSERT INTO Paper (PaperID, Title, Year, MDate, Key, DOI) VALUES (3052, 'Arabic Tweeps Gender and Dialect Prediction.', 2017, '2017-08-15', 'conf/clef/AlrifaiRG17', 'http://ceur-ws.org/Vol-1866/paper_67.pdf');
INSERT INTO Write (AuthorID, PaperID) VALUES (2336, 3052);
INSERT INTO Author (AuthorID, Name) VALUES (2337, 'Khaled Hossain Ansary');
INSERT INTO Paper (PaperID, Title, Year, MDate, Key, DOI) VALUES (2624, 'A Pipeline Tweet Contextualization System at INEX 2013.', 2013, '2019-02-14', 'conf/clef/AnsaryTT13', 'http://ceur-ws.org/Vol-1179/CLEF2013wn-INEX-AnsaryEt2013.pdf');
INSERT INTO Write (AuthorID, PaperID) VALUES (2337, 2624);
INSERT INTO Author (AuthorID, Name) VALUES (2338, 'Mihai Pitu');
INSERT INTO Write (AuthorID, PaperID) VALUES (2338, 40);
INSERT INTO Author (AuthorID, Name) VALUES (2339, 'Konstantinos Anastasakis');
INSERT INTO Write (AuthorID, PaperID) VALUES (2339, 2693);
INSERT INTO Author (AuthorID, Name) VALUES (2340, 'Mamitiana Ignace Randrianarivony');
INSERT INTO Write (AuthorID, PaperID) VALUES (2340, 1149);
INSERT INTO Author (AuthorID, Name) VALUES (2341, 'Andrei Gabrielian');
INSERT INTO Write (AuthorID, PaperID) VALUES (2341, 3502);
INSERT INTO Author (AuthorID, Name) VALUES (2342, 'Mikhail P. Kuznetsov');
INSERT INTO Write (AuthorID, PaperID) VALUES (2342, 326);
INSERT INTO Author (AuthorID, Name) VALUES (2343, 'Tam&aacute;s Szir&aacute;nyi');
INSERT INTO Paper (PaperID, Title, Year, MDate, Key, DOI) VALUES (103, 'The Appearance of the Giant Component in Descriptor Graphs and Its Application for Descriptor Selection.', 2012, '2017-05-24', 'conf/clef/KeszlerKS12', 'https://doi.org/10.1007/978-3-642-33247-0_9');
INSERT INTO Write (AuthorID, PaperID) VALUES (2343, 103);
INSERT INTO Author (AuthorID, Name) VALUES (2344, 'Yan Gao');
INSERT INTO Paper (PaperID, Title, Year, MDate, Key, DOI) VALUES (365, 'Topological Localization of Mobile Robots Using Probabilistic Support Vector Classification.', 2009, '2017-05-24', 'conf/clef/GaoL09', 'https://doi.org/10.1007/978-3-642-15751-6_31');
INSERT INTO Write (AuthorID, PaperID) VALUES (2344, 365);
INSERT INTO Author (AuthorID, Name) VALUES (2345, 'Narciso Garc&iacute;a');
INSERT INTO Write (AuthorID, PaperID) VALUES (2345, 860);
INSERT INTO Author (AuthorID, Name) VALUES (2346, 'Bo Du');
INSERT INTO Write (AuthorID, PaperID) VALUES (2346, 573);
INSERT INTO Author (AuthorID, Name) VALUES (2347, 'V. M&eacute;ndez-S&aacute;enz');
INSERT INTO Write (AuthorID, PaperID) VALUES (2347, 1094);
INSERT INTO Author (AuthorID, Name) VALUES (2348, 'Gaurav Arora');
INSERT INTO Write (AuthorID, PaperID) VALUES (2348, 1395);
INSERT INTO Author (AuthorID, Name) VALUES (2349, 'Jos&eacute; Casillas');
INSERT INTO Write (AuthorID, PaperID) VALUES (2349, 1110);
INSERT INTO Author (AuthorID, Name) VALUES (2350, 'Sree Kalyani Jandhyala');
INSERT INTO Write (AuthorID, PaperID) VALUES (2350, 644);
INSERT INTO Author (AuthorID, Name) VALUES (2351, 'Jingtian Jiang');
INSERT INTO Write (AuthorID, PaperID) VALUES (2351, 1926);
INSERT INTO Author (AuthorID, Name) VALUES (2352, 'Rita Cucchiara');
INSERT INTO Write (AuthorID, PaperID) VALUES (2352, 504);
INSERT INTO Author (AuthorID, Name) VALUES (2353, 'Dimitrios A. Pritsos');
INSERT INTO Write (AuthorID, PaperID) VALUES (2353, 3405);
INSERT INTO Author (AuthorID, Name) VALUES (2354, 'Bilel Gafsaoui');
INSERT INTO Write (AuthorID, PaperID) VALUES (2354, 3038);
INSERT INTO Author (AuthorID, Name) VALUES (2355, 'Sabine Rosenberg');
INSERT INTO Write (AuthorID, PaperID) VALUES (2355, 1954);
INSERT INTO Author (AuthorID, Name) VALUES (2356, 'Omar Trigui');
INSERT INTO Write (AuthorID, PaperID) VALUES (2356, 3038);
INSERT INTO Author (AuthorID, Name) VALUES (2357, 'Laura Perret');
INSERT INTO Paper (PaperID, Title, Year, MDate, Key, DOI) VALUES (1002, 'A Question Answering System for French.', 2004, '2017-05-24', 'conf/clef/Perret05', 'https://doi.org/10.1007/11519645_39');
INSERT INTO Write (AuthorID, PaperID) VALUES (2357, 1002);
INSERT INTO Author (AuthorID, Name) VALUES (2358, 'Fidelia Ibekwe-Sanjuan');
INSERT INTO Write (AuthorID, PaperID) VALUES (2358, 925);
INSERT INTO Author (AuthorID, Name) VALUES (2359, 'Luis Rei');
INSERT INTO Write (AuthorID, PaperID) VALUES (2359, 3118);
INSERT INTO Author (AuthorID, Name) VALUES (2360, 'Chedi Bechikh Ali');
INSERT INTO Paper (PaperID, Title, Year, MDate, Key, DOI) VALUES (1670, 'Monolingual and Cross-lingual Information Retrieval in Cultural Microblog at CLEF 2018.', 2018, '2018-08-08', 'conf/clef/AliH18', 'http://ceur-ws.org/Vol-2125/paper_187.pdf');
INSERT INTO Write (AuthorID, PaperID) VALUES (2360, 1670);
INSERT INTO Author (AuthorID, Name) VALUES (2361, 'Dimitris Katsios');
INSERT INTO Write (AuthorID, PaperID) VALUES (2361, 470);
INSERT INTO Author (AuthorID, Name) VALUES (2362, 'Maria Leonor Pacheco');
INSERT INTO Paper (PaperID, Title, Year, MDate, Key, DOI) VALUES (3491, 'Random Forest with Increased Generalization: A Universal Background Approach for Authorship Verification.', 2015, '2015-09-03', 'conf/clef/PachecoFP15', 'http://ceur-ws.org/Vol-1391/87-CR.pdf');
INSERT INTO Write (AuthorID, PaperID) VALUES (2362, 3491);
INSERT INTO Author (AuthorID, Name) VALUES (2363, 'Riya Ravi N');
INSERT INTO Paper (PaperID, Title, Year, MDate, Key, DOI) VALUES (2785, 'Efficient Paragraph based Chunking and Download Filtering for Plagiarism Source Retrieval.', 2015, '2015-09-03', 'conf/clef/NG15', 'http://ceur-ws.org/Vol-1391/128-CR.pdf');
INSERT INTO Write (AuthorID, PaperID) VALUES (2363, 2785);
INSERT INTO Author (AuthorID, Name) VALUES (2364, 'Laszlo Pelikan');
INSERT INTO Write (AuthorID, PaperID) VALUES (2364, 190);
INSERT INTO Author (AuthorID, Name) VALUES (2365, 'Jean Beney');
INSERT INTO Paper (PaperID, Title, Year, MDate, Key, DOI) VALUES (2034, 'LCI-INSA Linguistic Experiment for CLEF-IP Classification Track.', 2010, '2014-09-24', 'conf/clef/Beney10', 'http://www.clef-initiative.eu/documents/71612/86374/CLEF2010wn-CLEF-IP-Beney2010.pdf');
INSERT INTO Write (AuthorID, PaperID) VALUES (2365, 2034);
INSERT INTO Author (AuthorID, Name) VALUES (2366, 'Lesly Miculicich Werlen');
INSERT INTO Paper (PaperID, Title, Year, MDate, Key, DOI) VALUES (2668, 'Statistical Learning Methods for Profiling Analysis: Notebook for PAN at CLEF 2015.', 2015, '2015-09-03', 'conf/clef/Werlen15', 'http://ceur-ws.org/Vol-1391/16-CR.pdf');
INSERT INTO Write (AuthorID, PaperID) VALUES (2366, 2668);
INSERT INTO Author (AuthorID, Name) VALUES (2367, 'Hiroshi Nakagawa');
INSERT INTO Write (AuthorID, PaperID) VALUES (2367, 2313);
INSERT INTO Author (AuthorID, Name) VALUES (2368, 'Clara Vania');
INSERT INTO Write (AuthorID, PaperID) VALUES (2368, 931);
INSERT INTO Author (AuthorID, Name) VALUES (2369, 'Yolanda Sjafrizal');
INSERT INTO Write (AuthorID, PaperID) VALUES (2369, 1376);
INSERT INTO Author (AuthorID, Name) VALUES (2370, 'Dirk Weissenborn');
INSERT INTO Paper (PaperID, Title, Year, MDate, Key, DOI) VALUES (2106, 'Answering Factoid Questions in the Biomedical Domain.', 2013, '2017-10-11', 'conf/clef/WeissenbornTS13', 'http://ceur-ws.org/Vol-1094/bioasq2013_submission_5.pdf');
INSERT INTO Write (AuthorID, PaperID) VALUES (2370, 2106);
INSERT INTO Author (AuthorID, Name) VALUES (2371, 'Akiko Aizawa');
INSERT INTO Write (AuthorID, PaperID) VALUES (2371, 2346);
INSERT INTO Author (AuthorID, Name) VALUES (2372, 'Adolfo Jonathan Salinas-L&oacute;pez');
INSERT INTO Write (AuthorID, PaperID) VALUES (2372, 2187);
INSERT INTO Author (AuthorID, Name) VALUES (2373, 'Ludovic Dos Santos');
INSERT INTO Write (AuthorID, PaperID) VALUES (2373, 2162);
INSERT INTO Author (AuthorID, Name) VALUES (2374, 'Nicholas J. Belkin');
INSERT INTO Write (AuthorID, PaperID) VALUES (2374, 2381);
INSERT INTO Author (AuthorID, Name) VALUES (2375, 'Olga Litvinova');
INSERT INTO Write (AuthorID, PaperID) VALUES (2375, 38);
INSERT INTO Author (AuthorID, Name) VALUES (2376, 'Laura Florea');
INSERT INTO Write (AuthorID, PaperID) VALUES (2376, 2988);
INSERT INTO Author (AuthorID, Name) VALUES (2377, 'Andrew James McMinn');
INSERT INTO Write (AuthorID, PaperID) VALUES (2377, 1004);
INSERT INTO Author (AuthorID, Name) VALUES (2378, 'Peidong Wang');
INSERT INTO Write (AuthorID, PaperID) VALUES (2378, 1738);
INSERT INTO Author (AuthorID, Name) VALUES (2379, 'Issei Sato');
INSERT INTO Write (AuthorID, PaperID) VALUES (2379, 2313);
INSERT INTO Author (AuthorID, Name) VALUES (2380, 'Peter Willett 0002');
INSERT INTO Write (AuthorID, PaperID) VALUES (2380, 2886);
INSERT INTO Author (AuthorID, Name) VALUES (2381, 'Shin''ichi Satoh');
INSERT INTO Paper (PaperID, Title, Year, MDate, Key, DOI) VALUES (1381, 'NII, Japan at ImageCLEF 2011 Photo Annotation Task.', 2011, '2014-09-24', 'conf/clef/LeS11', 'http://www.clef-initiative.eu/documents/71612/86377/CLEF2011wn-ImageCLEF-LeEt2011.pdf');
INSERT INTO Write (AuthorID, PaperID) VALUES (2381, 1381);
INSERT INTO Author (AuthorID, Name) VALUES (2382, 'Robert Veenhoven');
INSERT INTO Paper (PaperID, Title, Year, MDate, Key, DOI) VALUES (962, 'Using Translated Data to Improve Deep Learning Author Profiling Models: Notebook for PAN at CLEF 2018.', 2018, '2018-08-08', 'conf/clef/VeenhovenSHN18', 'http://ceur-ws.org/Vol-2125/paper_178.pdf');
INSERT INTO Write (AuthorID, PaperID) VALUES (2382, 962);
INSERT INTO Author (AuthorID, Name) VALUES (2383, 'Hui Yang 0001');
INSERT INTO Paper (PaperID, Title, Year, MDate, Key, DOI) VALUES (3037, 'Query Formulation for Prior Art Search - Georgetown University at CLEF-IP 2013.', 2013, '2015-11-24', 'conf/clef/LuoY13', 'http://ceur-ws.org/Vol-1179/CLEF2013wn-CLEFIP-LuoEt2013.pdf');
INSERT INTO Write (AuthorID, PaperID) VALUES (2383, 3037);
INSERT INTO Author (AuthorID, Name) VALUES (2384, 'Golnar Sheikshabbafghi');
INSERT INTO Write (AuthorID, PaperID) VALUES (2384, 623);
INSERT INTO Author (AuthorID, Name) VALUES (2385, 'Jesse Lingeman');
INSERT INTO Write (AuthorID, PaperID) VALUES (2385, 1501);
INSERT INTO Author (AuthorID, Name) VALUES (2386, 'Nathalie Hernandez');
INSERT INTO Write (AuthorID, PaperID) VALUES (2386, 753);
INSERT INTO Author (AuthorID, Name) VALUES (2387, 'Daniele Sartiano');
INSERT INTO Write (AuthorID, PaperID) VALUES (2387, 2962);
INSERT INTO Author (AuthorID, Name) VALUES (2388, 'Shereen Albitar');
INSERT INTO Write (AuthorID, PaperID) VALUES (2388, 2450);
INSERT INTO Author (AuthorID, Name) VALUES (2389, 'S&eacute;rgio Nunes');
INSERT INTO Paper (PaperID, Title, Year, MDate, Key, DOI) VALUES (3234, 'Index-Based Semantic Tagging for Efficient Query Interpretation.', 2016, '2017-06-02', 'conf/clef/DevezasN15', 'https://doi.org/10.1007/978-3-319-44564-9_17');
INSERT INTO Write (AuthorID, PaperID) VALUES (2389, 3234);
INSERT INTO Author (AuthorID, Name) VALUES (2390, 'Arthur Sultan');
INSERT INTO Write (AuthorID, PaperID) VALUES (2390, 1258);
INSERT INTO Author (AuthorID, Name) VALUES (2391, 'Kelvin W. C. Foong');
INSERT INTO Write (AuthorID, PaperID) VALUES (2391, 2862);
INSERT INTO Author (AuthorID, Name) VALUES (2392, 'Fatima Jahedpari');
INSERT INTO Write (AuthorID, PaperID) VALUES (2392, 2320);
INSERT INTO Author (AuthorID, Name) VALUES (2393, 'Vrizlynn L. L. Thing');
INSERT INTO Paper (PaperID, Title, Year, MDate, Key, DOI) VALUES (1610, 'Content-centric Age and Gender Profiling Notebook for PAN at CLEF 2013.', 2013, '2014-09-10', 'conf/clef/LimGT13', 'http://ceur-ws.org/Vol-1179/CLEF2013wn-PAN-LimEt2013.pdf');
INSERT INTO Write (AuthorID, PaperID) VALUES (2393, 1610);
INSERT INTO Author (AuthorID, Name) VALUES (2394, 'Maree Johnson');
INSERT INTO Write (AuthorID, PaperID) VALUES (2394, 1156);
INSERT INTO Author (AuthorID, Name) VALUES (2395, 'Tsun Ku');
INSERT INTO Write (AuthorID, PaperID) VALUES (2395, 664);
INSERT INTO Author (AuthorID, Name) VALUES (2396, 'Nenghai Yu');
INSERT INTO Write (AuthorID, PaperID) VALUES (2396, 1926);
INSERT INTO Author (AuthorID, Name) VALUES (2397, 'Neha Pawar');
INSERT INTO Write (AuthorID, PaperID) VALUES (2397, 2486);
INSERT INTO Author (AuthorID, Name) VALUES (2398, 'Alessandra Laderchi');
INSERT INTO Write (AuthorID, PaperID) VALUES (2398, 2011);
INSERT INTO Author (AuthorID, Name) VALUES (2399, 'Alexandros Stougiannis');
INSERT INTO Write (AuthorID, PaperID) VALUES (2399, 2980);
INSERT INTO Author (AuthorID, Name) VALUES (2400, 'Gilad Gressel');
INSERT INTO Paper (PaperID, Title, Year, MDate, Key, DOI) VALUES (993, 'Ensemble Learning Approach for Author Profiling.', 2014, '2015-02-19', 'conf/clef/KGSPAP14', 'http://ceur-ws.org/Vol-1180/CLEF2014wn-Pan-SurendranEt2014.pdf');
INSERT INTO Write (AuthorID, PaperID) VALUES (2400, 993);
INSERT INTO Author (AuthorID, Name) VALUES (2401, 'Botond Fazekas');
INSERT INTO Write (AuthorID, PaperID) VALUES (2401, 697);
INSERT INTO Author (AuthorID, Name) VALUES (2402, 'David Maxwell');
INSERT INTO Write (AuthorID, PaperID) VALUES (2402, 2014);
INSERT INTO Author (AuthorID, Name) VALUES (2403, 'Murat Can Ozdemir');
INSERT INTO Write (AuthorID, PaperID) VALUES (2403, 500);
INSERT INTO Author (AuthorID, Name) VALUES (2404, 'Lidia Moreno');
INSERT INTO Write (AuthorID, PaperID) VALUES (2404, 2225);
INSERT INTO Author (AuthorID, Name) VALUES (2405, 'Rajib Chakravorty');
INSERT INTO Write (AuthorID, PaperID) VALUES (2405, 2892);
INSERT INTO Author (AuthorID, Name) VALUES (2406, 'Tiago Almeida Fernandes');
INSERT INTO Write (AuthorID, PaperID) VALUES (2406, 1587);
INSERT INTO Author (AuthorID, Name) VALUES (2407, 'Christopher G. Harris 0001');
INSERT INTO Write (AuthorID, PaperID) VALUES (2407, 563);
INSERT INTO Author (AuthorID, Name) VALUES (2408, 'Hatem Haddad');
INSERT INTO Write (AuthorID, PaperID) VALUES (2408, 1670);
INSERT INTO Author (AuthorID, Name) VALUES (2409, 'Michael F&auml;rber 0001');
INSERT INTO Write (AuthorID, PaperID) VALUES (2409, 1813);
INSERT INTO Author (AuthorID, Name) VALUES (2410, 'Alexander Prus');
INSERT INTO Write (AuthorID, PaperID) VALUES (2410, 2282);
INSERT INTO Author (AuthorID, Name) VALUES (2411, 'Patric Jensfelt');
INSERT INTO Write (AuthorID, PaperID) VALUES (2411, 3290);
INSERT INTO Author (AuthorID, Name) VALUES (2412, 'Catarina F&eacute;lix');
INSERT INTO Write (AuthorID, PaperID) VALUES (2412, 3118);
INSERT INTO Author (AuthorID, Name) VALUES (2413, 'Jeroen Wilkens');
INSERT INTO Paper (PaperID, Title, Year, MDate, Key, DOI) VALUES (767, 'Twitter Text and Image Gender Classification with a Logistic Regression N-Gram Model: Notebook for PAN at CLEF 2018.', 2018, '2018-08-08', 'conf/clef/NieuwenhuisW18', 'http://ceur-ws.org/Vol-2125/paper_183.pdf');
INSERT INTO Write (AuthorID, PaperID) VALUES (2413, 767);
INSERT INTO Author (AuthorID, Name) VALUES (2414, 'Christos Papatheodorou');
INSERT INTO Paper (PaperID, Title, Year, MDate, Key, DOI) VALUES (1428, 'Evaluation of Cultural Heritage Digital Collections: the DiLEO Perspective.', 2011, '2014-09-24', 'conf/clef/TsakonasP11', 'http://www.clef-initiative.eu/documents/71612/86377/CLEF2011wn-CHiC-TsakonasEt2011.pdf');
INSERT INTO Write (AuthorID, PaperID) VALUES (2414, 1428);
INSERT INTO Author (AuthorID, Name) VALUES (2415, 'Aleksandr Chuklin');
INSERT INTO Write (AuthorID, PaperID) VALUES (2415, 1491);
INSERT INTO Author (AuthorID, Name) VALUES (2416, 'Laura Perrot');
INSERT INTO Paper (PaperID, Title, Year, MDate, Key, DOI) VALUES (1705, 'Question Answering System for the French Language.', 2004, '2014-08-15', 'conf/clef/Perrot04', 'http://ceur-ws.org/Vol-1170/CLEF2004wn-QACLEF-Perrot2004.pdf');
INSERT INTO Write (AuthorID, PaperID) VALUES (2416, 1705);
INSERT INTO Author (AuthorID, Name) VALUES (2417, 'Yen-Wei Chen');
INSERT INTO Paper (PaperID, Title, Year, MDate, Key, DOI) VALUES (3225, 'ImageCLEF 2010 Modality Classification in Medical Image Retrieval: Multiple Feature Fusion with Normalized Kernel Function.', 2010, '2014-09-24', 'conf/clef/Chen10', 'http://www.clef-initiative.eu/documents/71612/86374/CLEF2010wn-ImageCLEF-HanEt2010.pdf');
INSERT INTO Write (AuthorID, PaperID) VALUES (2417, 3225);
INSERT INTO Author (AuthorID, Name) VALUES (2418, 'M&aacute;rton J&oacute;zsef T&oacute;th');
INSERT INTO Write (AuthorID, PaperID) VALUES (2418, 3526);
INSERT INTO Author (AuthorID, Name) VALUES (2419, 'Matthieu-P. Schapranow');
INSERT INTO Write (AuthorID, PaperID) VALUES (2419, 2571);
INSERT INTO Author (AuthorID, Name) VALUES (2420, 'Stephan Neuhaus');
INSERT INTO Write (AuthorID, PaperID) VALUES (2420, 1097);
INSERT INTO Author (AuthorID, Name) VALUES (2421, 'Feza Baskaya');
INSERT INTO Write (AuthorID, PaperID) VALUES (2421, 2014);
INSERT INTO Author (AuthorID, Name) VALUES (2422, 'Alicia P&eacute;rez');
INSERT INTO Write (AuthorID, PaperID) VALUES (2422, 2400);
INSERT INTO Author (AuthorID, Name) VALUES (2423, 'Surender Reddy Yerva');
INSERT INTO Paper (PaperID, Title, Year, MDate, Key, DOI) VALUES (565, 'It Was Easy, when Apples and Blackberries Were only Fruits.', 2010, '2018-01-19', 'conf/clef/YervaMA10', 'http://www.clef-initiative.eu/documents/71612/86374/CLEF2010wn-WePS-YervaEt2010.pdf');
INSERT INTO Write (AuthorID, PaperID) VALUES (2423, 565);
INSERT INTO Author (AuthorID, Name) VALUES (2424, 'Bilel Moulahi');
INSERT INTO Write (AuthorID, PaperID) VALUES (2424, 1216);
INSERT INTO Author (AuthorID, Name) VALUES (2425, 'Chie Kamada');
INSERT INTO Write (AuthorID, PaperID) VALUES (2425, 1257);
INSERT INTO Author (AuthorID, Name) VALUES (2426, 'F. Javier Ortega');
INSERT INTO Paper (PaperID, Title, Year, MDate, Key, DOI) VALUES (686, 'ITALICA at PAN 2013: An Ensemble Learning Approach to Author Profiling Notebook for PAN at CLEF 2013.', 2013, '2014-09-10', 'conf/clef/CruzRO13', 'http://ceur-ws.org/Vol-1179/CLEF2013wn-PAN-CruzEt2013.pdf');
INSERT INTO Write (AuthorID, PaperID) VALUES (2426, 686);
INSERT INTO Author (AuthorID, Name) VALUES (2427, 'D. Ganesan');
INSERT INTO Write (AuthorID, PaperID) VALUES (2427, 3437);
INSERT INTO Author (AuthorID, Name) VALUES (2428, 'Georgina Ram&iacute;rez Camps');
INSERT INTO Write (AuthorID, PaperID) VALUES (2428, 946);
INSERT INTO Author (AuthorID, Name) VALUES (2429, 'Takuji Tahara');
INSERT INTO Write (AuthorID, PaperID) VALUES (2429, 771);
INSERT INTO Author (AuthorID, Name) VALUES (2430, 'Martine De Cock');
INSERT INTO Write (AuthorID, PaperID) VALUES (2430, 1598);
INSERT INTO Author (AuthorID, Name) VALUES (2431, 'M. Umut Sen');
INSERT INTO Write (AuthorID, PaperID) VALUES (2431, 322);
INSERT INTO Author (AuthorID, Name) VALUES (2432, 'Ke Liu 0002');
INSERT INTO Write (AuthorID, PaperID) VALUES (2432, 3249);
INSERT INTO Author (AuthorID, Name) VALUES (2433, 'Benjamin Murauer');
INSERT INTO Write (AuthorID, PaperID) VALUES (2433, 1957);
INSERT INTO Author (AuthorID, Name) VALUES (2434, 'Jing Yuan');
INSERT INTO Write (AuthorID, PaperID) VALUES (2434, 1065);
INSERT INTO Author (AuthorID, Name) VALUES (2435, 'Ngoc-Hai Pham');
INSERT INTO Write (AuthorID, PaperID) VALUES (2435, 3174);
INSERT INTO Author (AuthorID, Name) VALUES (2436, 'Edgardo Ferretti');
INSERT INTO Write (AuthorID, PaperID) VALUES (2436, 933);
INSERT INTO Author (AuthorID, Name) VALUES (2437, 'Edward Currie');
INSERT INTO Paper (PaperID, Title, Year, MDate, Key, DOI) VALUES (1333, 'Analysing TB Severity Levels with an Enhanced Deep re-sidual Learning - Depth-Resnet.', 2018, '2018-08-08', 'conf/clef/GaoJC18', 'http://ceur-ws.org/Vol-2125/paper_175.pdf');
INSERT INTO Write (AuthorID, PaperID) VALUES (2437, 1333);
INSERT INTO Author (AuthorID, Name) VALUES (2438, 'Qingchun Bai');
INSERT INTO Write (AuthorID, PaperID) VALUES (2438, 2386);
INSERT INTO Author (AuthorID, Name) VALUES (2439, 'Violaine Antoine');
INSERT INTO Write (AuthorID, PaperID) VALUES (2439, 2024);
INSERT INTO Author (AuthorID, Name) VALUES (2440, 'Esther Villar-Rodriguez');
INSERT INTO Write (AuthorID, PaperID) VALUES (2440, 1458);
INSERT INTO Author (AuthorID, Name) VALUES (2441, 'Heidy M. Mar&iacute;n');
INSERT INTO Write (AuthorID, PaperID) VALUES (2441, 116);
INSERT INTO Author (AuthorID, Name) VALUES (2442, 'R. Kavi');
INSERT INTO Write (AuthorID, PaperID) VALUES (2442, 3437);
INSERT INTO Author (AuthorID, Name) VALUES (2443, 'Graham Spinks');
INSERT INTO Write (AuthorID, PaperID) VALUES (2443, 1);
INSERT INTO Author (AuthorID, Name) VALUES (2444, 'Wei Shenwei');
INSERT INTO Write (AuthorID, PaperID) VALUES (2444, 3216);
INSERT INTO Author (AuthorID, Name) VALUES (2445, 'Maximiliano Saiz');
INSERT INTO Write (AuthorID, PaperID) VALUES (2445, 1285);
INSERT INTO Author (AuthorID, Name) VALUES (2446, 'Michael Schroeder 0001');
INSERT INTO Write (AuthorID, PaperID) VALUES (2446, 2106);
INSERT INTO Author (AuthorID, Name) VALUES (2447, 'Bidhan Chandra Pal');
INSERT INTO Write (AuthorID, PaperID) VALUES (2447, 3379);
INSERT INTO Author (AuthorID, Name) VALUES (2448, 'Johannes Bjerva');
INSERT INTO Write (AuthorID, PaperID) VALUES (2448, 294);
INSERT INTO Author (AuthorID, Name) VALUES (2449, 'Igor Safonov');
INSERT INTO Write (AuthorID, PaperID) VALUES (2449, 2282);
INSERT INTO Author (AuthorID, Name) VALUES (2450, 'Max Mauermann');
INSERT INTO Write (AuthorID, PaperID) VALUES (2450, 2629);
INSERT INTO Author (AuthorID, Name) VALUES (2451, 'Frine A. Sonalo Hernandez');
INSERT INTO Write (AuthorID, PaperID) VALUES (2451, 2871);
INSERT INTO Author (AuthorID, Name) VALUES (2452, 'Nicolas Vuillenemot');
INSERT INTO Write (AuthorID, PaperID) VALUES (2452, 45);
INSERT INTO Author (AuthorID, Name) VALUES (2453, 'Cherif Chiraz Latiri');
INSERT INTO Write (AuthorID, PaperID) VALUES (2453, 1817);
INSERT INTO Author (AuthorID, Name) VALUES (2454, 'George Anderson');
INSERT INTO Write (AuthorID, PaperID) VALUES (2454, 1912);
INSERT INTO Author (AuthorID, Name) VALUES (2455, 'Mar&iacute;a-Dolores Olvera-Lobo');
INSERT INTO Write (AuthorID, PaperID) VALUES (2455, 1472);
INSERT INTO Author (AuthorID, Name) VALUES (2456, 'Kay Wolter');
INSERT INTO Write (AuthorID, PaperID) VALUES (2456, 2463);
INSERT INTO Author (AuthorID, Name) VALUES (2457, 'Shlomo Argamon');
INSERT INTO Write (AuthorID, PaperID) VALUES (2457, 2328);
INSERT INTO Author (AuthorID, Name) VALUES (2458, 'Philippe Birnbaum');
INSERT INTO Write (AuthorID, PaperID) VALUES (2458, 3072);
INSERT INTO Author (AuthorID, Name) VALUES (2459, 'Chlo&eacute; Monnin');
INSERT INTO Write (AuthorID, PaperID) VALUES (2459, 1070);
INSERT INTO Author (AuthorID, Name) VALUES (2460, 'Rob Johnson');
INSERT INTO Write (AuthorID, PaperID) VALUES (2460, 1897);
INSERT INTO Author (AuthorID, Name) VALUES (2461, 'Olivier Bodenreider');
INSERT INTO Paper (PaperID, Title, Year, MDate, Key, DOI) VALUES (835, 'Multi-lingual Features of the Unified Medical Language System.', 2013, '2014-09-10', 'conf/clef/Bodenreider13', 'http://ceur-ws.org/Vol-1179/CLEF2013wn-CLEFER-Bodenreider2013.pdf');
INSERT INTO Write (AuthorID, PaperID) VALUES (2461, 835);
INSERT INTO Author (AuthorID, Name) VALUES (2462, 'Masatoshi Hidaka');
INSERT INTO Write (AuthorID, PaperID) VALUES (2462, 3100);
INSERT INTO Author (AuthorID, Name) VALUES (2463, 'Carlos-Francisco M&eacute;ndez-Cruz');
INSERT INTO Paper (PaperID, Title, Year, MDate, Key, DOI) VALUES (2230, 'Testing a Statistical Word Stemmer based on Affixality Measurements in INEX 2012 Tweet Contextualization Track.', 2012, '2014-09-24', 'conf/clef/Mendez-CruzSU12', 'http://www.clef-initiative.eu/documents/71612/59f02571-8d2d-4151-b189-c8633640e40f');
INSERT INTO Write (AuthorID, PaperID) VALUES (2463, 2230);
INSERT INTO Author (AuthorID, Name) VALUES (2464, 'Tuan Nguyen');
INSERT INTO Write (AuthorID, PaperID) VALUES (2464, 1248);
INSERT INTO Author (AuthorID, Name) VALUES (2465, 'Maria De-Arteaga');
INSERT INTO Paper (PaperID, Title, Year, MDate, Key, DOI) VALUES (581, 'Author Profiling Using Corpus Statistics, Lexicons and Stylistic Features Notebook for PAN at CLEF-2013.', 2013, '2016-10-06', 'conf/clef/De-ArteagaJDMB13', 'http://ceur-ws.org/Vol-1179/CLEF2013wn-PAN-DeArteagaEt2013.pdf');
INSERT INTO Write (AuthorID, PaperID) VALUES (2465, 581);
INSERT INTO Author (AuthorID, Name) VALUES (2466, 'Noureddin M. Sadawi');
INSERT INTO Write (AuthorID, PaperID) VALUES (2466, 715);
INSERT INTO Author (AuthorID, Name) VALUES (2467, 'Sebastian Pad&oacute;');
INSERT INTO Paper (PaperID, Title, Year, MDate, Key, DOI) VALUES (2236, 'Dependency-Based Answer Validation for German.', 2011, '2014-09-24', 'conf/clef/BabychHPP11', 'http://www.clef-initiative.eu/documents/71612/86377/CLEF2011wn-QA4MRE-BabychEt2011.pdf');
INSERT INTO Write (AuthorID, PaperID) VALUES (2467, 2236);
INSERT INTO Author (AuthorID, Name) VALUES (2468, 'V. Jagannathan');
INSERT INTO Write (AuthorID, PaperID) VALUES (2468, 3437);
INSERT INTO Author (AuthorID, Name) VALUES (2469, 'Chen Zhang');
INSERT INTO Paper (PaperID, Title, Year, MDate, Key, DOI) VALUES (226, 'MSU at ImageCLEF: Cross Language and Interactive Image Retrieval.', 2004, '2017-05-24', 'conf/clef/BansalZCJ05', 'https://doi.org/10.1007/11519645_78');
INSERT INTO Write (AuthorID, PaperID) VALUES (2469, 226);
INSERT INTO Author (AuthorID, Name) VALUES (2470, 'Ricardo Silva');
INSERT INTO Write (AuthorID, PaperID) VALUES (2470, 2336);
INSERT INTO Author (AuthorID, Name) VALUES (2471, 'Yuhang Wang');
INSERT INTO Write (AuthorID, PaperID) VALUES (2471, 3305);
INSERT INTO Author (AuthorID, Name) VALUES (2472, 'Aditya Mogadala');
INSERT INTO Write (AuthorID, PaperID) VALUES (2472, 1745);
INSERT INTO Author (AuthorID, Name) VALUES (2473, 'Maria Ntonti');
INSERT INTO Write (AuthorID, PaperID) VALUES (2473, 3447);
INSERT INTO Author (AuthorID, Name) VALUES (2474, 'Owen Conlan');
INSERT INTO Write (AuthorID, PaperID) VALUES (2474, 1465);
INSERT INTO Author (AuthorID, Name) VALUES (2475, 'Amr Zamel');
INSERT INTO Write (AuthorID, PaperID) VALUES (2475, 1275);
INSERT INTO Author (AuthorID, Name) VALUES (2476, 'Victor Mijangos');
INSERT INTO Write (AuthorID, PaperID) VALUES (2476, 3208);
INSERT INTO Author (AuthorID, Name) VALUES (2477, 'Esa&uacute; Villatoro');
INSERT INTO Write (AuthorID, PaperID) VALUES (2477, 2522);
INSERT INTO Author (AuthorID, Name) VALUES (2478, 'Karim Gasmi');
INSERT INTO Write (AuthorID, PaperID) VALUES (2478, 985);
INSERT INTO Author (AuthorID, Name) VALUES (2479, 'Bappaditya Mandal');
INSERT INTO Write (AuthorID, PaperID) VALUES (2479, 1380);
INSERT INTO Author (AuthorID, Name) VALUES (2480, 'Mohammed Amine Chikh');
INSERT INTO Write (AuthorID, PaperID) VALUES (2480, 3294);
INSERT INTO Author (AuthorID, Name) VALUES (2481, 'Daniel Bell');
INSERT INTO Write (AuthorID, PaperID) VALUES (2481, 1437);
INSERT INTO Author (AuthorID, Name) VALUES (2482, 'Ali Taylan Cemgil');
INSERT INTO Write (AuthorID, PaperID) VALUES (2482, 1640);
INSERT INTO Author (AuthorID, Name) VALUES (2483, 'Jiaxin Chen');
INSERT INTO Write (AuthorID, PaperID) VALUES (2483, 354);
INSERT INTO Author (AuthorID, Name) VALUES (2484, 'Jonas J&auml;ger');
INSERT INTO Write (AuthorID, PaperID) VALUES (2484, 1172);
INSERT INTO Author (AuthorID, Name) VALUES (2485, 'Byungsoo Kim');
INSERT INTO Write (AuthorID, PaperID) VALUES (2485, 2012);
INSERT INTO Author (AuthorID, Name) VALUES (2486, 'Prodromos Malakasiotis');
INSERT INTO Write (AuthorID, PaperID) VALUES (2486, 683);
INSERT INTO Author (AuthorID, Name) VALUES (2487, 'Mahmoud Al-Ayyoub');
INSERT INTO Paper (PaperID, Title, Year, MDate, Key, DOI) VALUES (1038, 'JUST at VQA-Med: A VGG-Seq2Seq Model.', 2018, '2018-08-08', 'conf/clef/TalafhaA18', 'http://ceur-ws.org/Vol-2125/paper_171.pdf');
INSERT INTO Write (AuthorID, PaperID) VALUES (2487, 1038);
INSERT INTO Author (AuthorID, Name) VALUES (2488, 'Aitziber Atutxa');
INSERT INTO Write (AuthorID, PaperID) VALUES (2488, 2786);
INSERT INTO Author (AuthorID, Name) VALUES (2489, 'Elias Sprengel');
INSERT INTO Write (AuthorID, PaperID) VALUES (2489, 2203);
INSERT INTO Author (AuthorID, Name) VALUES (2490, 'John Collins');
INSERT INTO Paper (PaperID, Title, Year, MDate, Key, DOI) VALUES (1349, 'A Comparative Study of Similarity Measures for Content-Based Medical Image Retrieval.', 2012, '2014-09-24', 'conf/clef/CollinsO12', 'http://www.clef-initiative.eu/documents/71612/1d5c2a45-fbb2-4bcd-a081-e4a914a13b9d');
INSERT INTO Write (AuthorID, PaperID) VALUES (2490, 1349);
INSERT INTO Author (AuthorID, Name) VALUES (2491, 'Aleksandr Ogaltsov');
INSERT INTO Write (AuthorID, PaperID) VALUES (2491, 1798);
INSERT INTO Author (AuthorID, Name) VALUES (2492, 'Alfonso Medina Urrea');
INSERT INTO Write (AuthorID, PaperID) VALUES (2492, 2230);
INSERT INTO Author (AuthorID, Name) VALUES (2493, 'Tomas Salas Fernandez');
INSERT INTO Write (AuthorID, PaperID) VALUES (2493, 246);
INSERT INTO Author (AuthorID, Name) VALUES (2494, 'Iza Skrjanec');
INSERT INTO Write (AuthorID, PaperID) VALUES (2494, 1724);
INSERT INTO Author (AuthorID, Name) VALUES (2495, 'Fernando L&oacute;pez Osterno');
INSERT INTO Paper (PaperID, Title, Year, MDate, Key, DOI) VALUES (2054, 'UNED at CLEf RepLab: Author Profiling.', 2014, '2014-09-10', 'conf/clef/LomenaO14', 'http://ceur-ws.org/Vol-1180/CLEF2014wn-Rep-LomenaEt2014.pdf');
INSERT INTO Write (AuthorID, PaperID) VALUES (2495, 2054);
INSERT INTO Author (AuthorID, Name) VALUES (2496, 'Andrei-Cristian Prodan');
INSERT INTO Write (AuthorID, PaperID) VALUES (2496, 3389);
INSERT INTO Author (AuthorID, Name) VALUES (2497, 'Ricardo A. Fierro-Villaneda');
INSERT INTO Write (AuthorID, PaperID) VALUES (2497, 3362);
INSERT INTO Author (AuthorID, Name) VALUES (2498, 'Andreea-Loredana Andresan');
INSERT INTO Write (AuthorID, PaperID) VALUES (2498, 1593);
INSERT INTO Author (AuthorID, Name) VALUES (2499, 'Neil R. Smalheiser');
INSERT INTO Paper (PaperID, Title, Year, MDate, Key, DOI) VALUES (1527, 'OHSU CLEF 2018 Task 2 Diagnostic Test Accuracy Ranking using Publication Type Cluster Similarity Measures.', 2018, '2018-08-09', 'conf/clef/CohenS18', 'http://ceur-ws.org/Vol-2125/paper_174.pdf');
INSERT INTO Write (AuthorID, PaperID) VALUES (2499, 1527);
INSERT INTO Author (AuthorID, Name) VALUES (2500, 'Nestor Mariyasagayam');
INSERT INTO Write (AuthorID, PaperID) VALUES (2500, 1737);
INSERT INTO Author (AuthorID, Name) VALUES (2501, 'Yang Liu 0088');
INSERT INTO Write (AuthorID, PaperID) VALUES (2501, 2222);
INSERT INTO Author (AuthorID, Name) VALUES (2502, 'Byron C. Wallace');
INSERT INTO Write (AuthorID, PaperID) VALUES (2502, 3365);
INSERT INTO Author (AuthorID, Name) VALUES (2503, 'Sanda M. Harabagiu');
INSERT INTO Paper (PaperID, Title, Year, MDate, Key, DOI) VALUES (700, 'The Impact of Belief Values on the Identification of Patient Cohorts.', 2013, '2017-06-02', 'conf/clef/GoodwinH13', 'https://doi.org/10.1007/978-3-642-40802-1_20');
INSERT INTO Write (AuthorID, PaperID) VALUES (2503, 700);
INSERT INTO Author (AuthorID, Name) VALUES (2504, 'Denis Savenkov');
INSERT INTO Write (AuthorID, PaperID) VALUES (2504, 29);
INSERT INTO Author (AuthorID, Name) VALUES (2505, 'Chul-Kyu Kim');
INSERT INTO Write (AuthorID, PaperID) VALUES (2505, 2337);
INSERT INTO Author (AuthorID, Name) VALUES (2506, 'Jian-Lin Jin');
INSERT INTO Write (AuthorID, PaperID) VALUES (2506, 1127);
INSERT INTO Author (AuthorID, Name) VALUES (2507, 'Andrea Buzzelli');
INSERT INTO Write (AuthorID, PaperID) VALUES (2507, 2962);
INSERT INTO Author (AuthorID, Name) VALUES (2508, 'Mike Wu');
INSERT INTO Write (AuthorID, PaperID) VALUES (2508, 2492);
INSERT INTO Author (AuthorID, Name) VALUES (2509, 'J&aacute;n Grman');
INSERT INTO Paper (PaperID, Title, Year, MDate, Key, DOI) VALUES (150, 'Improved Implementation for Finding Text Similarities in Large Sets of Data - Notebook for PAN at CLEF 2011.', 2011, '2014-09-24', 'conf/clef/GrmanR11', 'http://www.clef-initiative.eu/documents/71612/86377/CLEF2011wn-PAN-GrmanEt2011.pdf');
INSERT INTO Write (AuthorID, PaperID) VALUES (2509, 150);
INSERT INTO Author (AuthorID, Name) VALUES (2510, 'John David Osborne');
INSERT INTO Write (AuthorID, PaperID) VALUES (2510, 1777);
INSERT INTO Author (AuthorID, Name) VALUES (2511, 'Sujoy Roy');
INSERT INTO Paper (PaperID, Title, Year, MDate, Key, DOI) VALUES (977, 'I2R At ImageCLEF Wikipedia Retrieval 2010.', 2010, '2014-09-24', 'conf/clef/WanZR10', 'http://www.clef-initiative.eu/documents/71612/86374/CLEF2010wn-ImageCLEF-WanEt2010.pdf');
INSERT INTO Write (AuthorID, PaperID) VALUES (2511, 977);
INSERT INTO Author (AuthorID, Name) VALUES (2512, 'Steven Bethard');
INSERT INTO Paper (PaperID, Title, Year, MDate, Key, DOI) VALUES (2981, 'UArizona at the CLEF eRisk 2017 Pilot Task: Linear and Recurrent Models for Early Depression Detection.', 2017, '2017-08-15', 'conf/clef/SadequeXB17', 'http://ceur-ws.org/Vol-1866/paper_58.pdf');
INSERT INTO Write (AuthorID, PaperID) VALUES (2512, 2981);
INSERT INTO Author (AuthorID, Name) VALUES (2513, '&Ouml;zlem Uzuner');
INSERT INTO Write (AuthorID, PaperID) VALUES (2513, 773);
INSERT INTO Author (AuthorID, Name) VALUES (2514, 'Sasa Milic');
INSERT INTO Write (AuthorID, PaperID) VALUES (2514, 1182);
INSERT INTO Author (AuthorID, Name) VALUES (2515, 'Liangliang Cao');
INSERT INTO Paper (PaperID, Title, Year, MDate, Key, DOI) VALUES (2815, 'IBM T.J. Watson Research Center, Multimedia Analytics: Modality Classification and Case-Based Retrieval Tasks of ImageCLEF2012.', 2012, '2014-09-24', 'conf/clef/CaoCCMNS12', 'http://www.clef-initiative.eu/documents/71612/421f7233-c817-40f4-84e7-de375f1a915a');
INSERT INTO Write (AuthorID, PaperID) VALUES (2515, 2815);
INSERT INTO Author (AuthorID, Name) VALUES (2516, 'Mandy Neumann');
INSERT INTO Write (AuthorID, PaperID) VALUES (2516, 2512);
INSERT INTO Author (AuthorID, Name) VALUES (2517, 'Sreekanth Madisetty');
INSERT INTO Paper (PaperID, Title, Year, MDate, Key, DOI) VALUES (133, 'IITH at CLEF 2017: Finding Relevant Tweets for Cultural Events.', 2017, '2017-08-15', 'conf/clef/MadisettyD17', 'http://ceur-ws.org/Vol-1866/paper_94.pdf');
INSERT INTO Write (AuthorID, PaperID) VALUES (2517, 133);
INSERT INTO Author (AuthorID, Name) VALUES (2518, 'Vadim Stankevitch');
INSERT INTO Paper (PaperID, Title, Year, MDate, Key, DOI) VALUES (1142, 'IHS-RD-BELARUS: Clinical Named Entities Identification in French Medical Texts.', 2015, '2015-09-03', 'conf/clef/ChernyshevichS15', 'http://ceur-ws.org/Vol-1391/158-CR.pdf');
INSERT INTO Write (AuthorID, PaperID) VALUES (2518, 1142);
INSERT INTO Author (AuthorID, Name) VALUES (2519, 'Valeriu Cornea');
INSERT INTO Write (AuthorID, PaperID) VALUES (2519, 1673);
INSERT INTO Author (AuthorID, Name) VALUES (2520, 'Du Zou');
INSERT INTO Paper (PaperID, Title, Year, MDate, Key, DOI) VALUES (1048, 'A Cluster-Based Plagiarism Detection Method - Lab Report for PAN at CLEF 2010.', 2010, '2014-09-24', 'conf/clef/ZouLL10', 'http://www.clef-initiative.eu/documents/71612/86374/CLEF2010wn-PAN-ZouEt2010.pdf');
INSERT INTO Write (AuthorID, PaperID) VALUES (2520, 1048);
INSERT INTO Author (AuthorID, Name) VALUES (2521, 'Ilya Markov');
INSERT INTO Write (AuthorID, PaperID) VALUES (2521, 1491);
INSERT INTO Author (AuthorID, Name) VALUES (2522, 'Zhang Ling');
INSERT INTO Write (AuthorID, PaperID) VALUES (2522, 1048);
INSERT INTO Author (AuthorID, Name) VALUES (2523, 'Taylor Cassidy');
INSERT INTO Write (AuthorID, PaperID) VALUES (2523, 2900);
INSERT INTO Author (AuthorID, Name) VALUES (2524, 'Aditya Pavan');
INSERT INTO Write (AuthorID, PaperID) VALUES (2524, 1745);
INSERT INTO Author (AuthorID, Name) VALUES (2525, 'Carlos Soares');
INSERT INTO Write (AuthorID, PaperID) VALUES (2525, 3118);
INSERT INTO Author (AuthorID, Name) VALUES (2526, 'Ramon de Graaff');
INSERT INTO Write (AuthorID, PaperID) VALUES (2526, 731);
INSERT INTO Author (AuthorID, Name) VALUES (2527, 'Kerem Yildirir');
INSERT INTO Write (AuthorID, PaperID) VALUES (2527, 322);
INSERT INTO Author (AuthorID, Name) VALUES (2528, 'Ollivier Haemmerl&eacute;');
INSERT INTO Write (AuthorID, PaperID) VALUES (2528, 753);
INSERT INTO Author (AuthorID, Name) VALUES (2529, 'Shuang Wang');
INSERT INTO Write (AuthorID, PaperID) VALUES (2529, 1323);
INSERT INTO Author (AuthorID, Name) VALUES (2530, 'Kelwin Fernandes');
INSERT INTO Write (AuthorID, PaperID) VALUES (2530, 3491);
INSERT INTO Author (AuthorID, Name) VALUES (2531, 'Paul Kalmar');
INSERT INTO Paper (PaperID, Title, Year, MDate, Key, DOI) VALUES (741, 'Bootstrapping Websites for Classification of Organization Names on Twitter.', 2010, '2014-09-24', 'conf/clef/Kalmar10', 'http://www.clef-initiative.eu/documents/71612/86374/CLEF2010wn-WePS-Kalmar2010.pdf');
INSERT INTO Write (AuthorID, PaperID) VALUES (2531, 741);
INSERT INTO Author (AuthorID, Name) VALUES (2532, 'Moritz Schubotz');
INSERT INTO Paper (PaperID, Title, Year, MDate, Key, DOI) VALUES (2598, 'Evaluating and Improving the Extraction of Mathematical Identifier Definitions.', 2017, '2018-11-14', 'conf/clef/SchubotzKMHG17', 'https://www.wikidata.org/entity/Q51230137');
INSERT INTO Write (AuthorID, PaperID) VALUES (2532, 2598);
INSERT INTO Author (AuthorID, Name) VALUES (2533, 'Veronika Laippala');
INSERT INTO Write (AuthorID, PaperID) VALUES (2533, 1557);
INSERT INTO Author (AuthorID, Name) VALUES (2534, 'Manon Cassier');
INSERT INTO Write (AuthorID, PaperID) VALUES (2534, 1900);
INSERT INTO Author (AuthorID, Name) VALUES (2535, 'Rosalvo Ferreira Oliveira Neto');
INSERT INTO Paper (PaperID, Title, Year, MDate, Key, DOI) VALUES (1575, 'Using Character n-grams and Style Features for Gender and Language Variety Classification.', 2017, '2017-08-15', 'conf/clef/OliveiraN17', 'http://ceur-ws.org/Vol-1866/paper_118.pdf');
INSERT INTO Write (AuthorID, PaperID) VALUES (2535, 1575);
INSERT INTO Author (AuthorID, Name) VALUES (2536, 'Heshaam Feili');
INSERT INTO Write (AuthorID, PaperID) VALUES (2536, 2912);
INSERT INTO Author (AuthorID, Name) VALUES (2537, 'Yujia Huo');
INSERT INTO Write (AuthorID, PaperID) VALUES (2537, 279);
INSERT INTO Author (AuthorID, Name) VALUES (2538, 'Abdulkadir Yazici');
INSERT INTO Write (AuthorID, PaperID) VALUES (2538, 479);
INSERT INTO Author (AuthorID, Name) VALUES (2539, 'Cristhian Mayor');
INSERT INTO Write (AuthorID, PaperID) VALUES (2539, 2938);
INSERT INTO Author (AuthorID, Name) VALUES (2540, 'Claudio Andr&eacute; Alves');
INSERT INTO Write (AuthorID, PaperID) VALUES (2540, 1266);
INSERT INTO Author (AuthorID, Name) VALUES (2541, 'Claudio Cifarelli');
INSERT INTO Write (AuthorID, PaperID) VALUES (2541, 1213);
INSERT INTO Author (AuthorID, Name) VALUES (2542, 'Zhenyuan Hao');
INSERT INTO Write (AuthorID, PaperID) VALUES (2542, 1109);
INSERT INTO Author (AuthorID, Name) VALUES (2543, 'Roi Blanco');
INSERT INTO Write (AuthorID, PaperID) VALUES (2543, 1025);
INSERT INTO Author (AuthorID, Name) VALUES (2544, 'Angel Toledo');
INSERT INTO Write (AuthorID, PaperID) VALUES (2544, 1286);
INSERT INTO Author (AuthorID, Name) VALUES (2545, 'Neil Newbold');
INSERT INTO Write (AuthorID, PaperID) VALUES (2545, 2017);
INSERT INTO Author (AuthorID, Name) VALUES (2546, 'Thi Thanh-Nhan Nguyen');
INSERT INTO Write (AuthorID, PaperID) VALUES (2546, 687);
INSERT INTO Author (AuthorID, Name) VALUES (2547, 'Pentti Kanerva');
INSERT INTO Write (AuthorID, PaperID) VALUES (2547, 2663);
INSERT INTO Author (AuthorID, Name) VALUES (2548, 'Harvey S. Hyman');
INSERT INTO Paper (PaperID, Title, Year, MDate, Key, DOI) VALUES (3017, 'An eHealth Process Model of Visualization and Exploration to Support Improved Patient Discharge Record Understanding and Medical Knowledge Enhancement.', 2014, '2014-09-10', 'conf/clef/HymanF14', 'http://ceur-ws.org/Vol-1180/CLEF2014wn-eHealth-HymanEt2014.pdf');
INSERT INTO Write (AuthorID, PaperID) VALUES (2548, 3017);
INSERT INTO Author (AuthorID, Name) VALUES (2549, 'Georgios Georgiadis');
INSERT INTO Write (AuthorID, PaperID) VALUES (2549, 1743);
INSERT INTO Author (AuthorID, Name) VALUES (2550, 'Bogdan Luca');
INSERT INTO Write (AuthorID, PaperID) VALUES (2550, 1647);
INSERT INTO Author (AuthorID, Name) VALUES (2551, 'Miguel Penalver');
INSERT INTO Write (AuthorID, PaperID) VALUES (2551, 783);
INSERT INTO Author (AuthorID, Name) VALUES (2552, 'Kong-Wah Wan');
INSERT INTO Write (AuthorID, PaperID) VALUES (2552, 977);
INSERT INTO Author (AuthorID, Name) VALUES (2553, 'Hui Wu');
INSERT INTO Write (AuthorID, PaperID) VALUES (2553, 3305);
INSERT INTO Author (AuthorID, Name) VALUES (2554, 'Xiaolong Wang 0001');
INSERT INTO Write (AuthorID, PaperID) VALUES (2554, 466);
INSERT INTO Author (AuthorID, Name) VALUES (2555, 'Talvany Carlotto');
INSERT INTO Write (AuthorID, PaperID) VALUES (2555, 294);
INSERT INTO Author (AuthorID, Name) VALUES (2556, 'Surya Ganesh');
INSERT INTO Write (AuthorID, PaperID) VALUES (2556, 1503);
INSERT INTO Author (AuthorID, Name) VALUES (2557, 'Juan Ram&oacute;n Rico-Juan');
INSERT INTO Write (AuthorID, PaperID) VALUES (2557, 3515);
INSERT INTO Author (AuthorID, Name) VALUES (2558, 'Ra&uacute;l Ramos-Poll&aacute;n');
INSERT INTO Write (AuthorID, PaperID) VALUES (2558, 1357);
INSERT INTO Author (AuthorID, Name) VALUES (2559, 'Martina Taylor');
INSERT INTO Write (AuthorID, PaperID) VALUES (2559, 1761);
INSERT INTO Author (AuthorID, Name) VALUES (2560, 'Thoai Man Luu');
INSERT INTO Write (AuthorID, PaperID) VALUES (2560, 766);
INSERT INTO Author (AuthorID, Name) VALUES (2561, 'Lucie Flekova');
INSERT INTO Write (AuthorID, PaperID) VALUES (2561, 1355);
INSERT INTO Author (AuthorID, Name) VALUES (2562, 'Mohamed Dermouche');
INSERT INTO Write (AuthorID, PaperID) VALUES (2562, 936);
INSERT INTO Author (AuthorID, Name) VALUES (2563, 'Jens Grivolla');
INSERT INTO Paper (PaperID, Title, Year, MDate, Key, DOI) VALUES (2405, 'Plagiarism Detection Using Information Retrieval and Similarity Measures Based on Image Processing Techniques - Lab Report for PAN at CLEF 2010.', 2010, '2019-04-03', 'conf/clef/Costa-JussaBGC10', 'http://www.clef-initiative.eu/documents/71612/86374/CLEF2010wn-PAN-Costa-juss%C3%A0Et2010.pdf');
INSERT INTO Write (AuthorID, PaperID) VALUES (2563, 2405);
INSERT INTO Author (AuthorID, Name) VALUES (2564, 'Josef Haupt');
INSERT INTO Write (AuthorID, PaperID) VALUES (2564, 1856);
INSERT INTO Author (AuthorID, Name) VALUES (2565, 'Ramakrishna Akella');
INSERT INTO Write (AuthorID, PaperID) VALUES (2565, 2999);
INSERT INTO Author (AuthorID, Name) VALUES (2566, 'Aleh Tarasau');
INSERT INTO Write (AuthorID, PaperID) VALUES (2566, 3502);
INSERT INTO Author (AuthorID, Name) VALUES (2567, 'Hussein Hussein');
INSERT INTO Write (AuthorID, PaperID) VALUES (2567, 90);
INSERT INTO Author (AuthorID, Name) VALUES (2568, 'Olivier Stern');
INSERT INTO Write (AuthorID, PaperID) VALUES (2568, 2936);
INSERT INTO Author (AuthorID, Name) VALUES (2569, 'Friedrich Fraundorfer');
INSERT INTO Paper (PaperID, Title, Year, MDate, Key, DOI) VALUES (2079, 'Visual Localization Using Global Visual Features and Vanishing Points.', 2010, '2014-09-24', 'conf/clef/SaurerFP10', 'http://www.clef-initiative.eu/documents/71612/86374/CLEF2010wn-ImageCLEF-SaurerEt2010.pdf');
INSERT INTO Write (AuthorID, PaperID) VALUES (2569, 2079);
INSERT INTO Author (AuthorID, Name) VALUES (2570, 'Ot&aacute;vio Costa Acosta');
INSERT INTO Write (AuthorID, PaperID) VALUES (2570, 2717);
INSERT INTO Author (AuthorID, Name) VALUES (2571, 'AmirHossein Habibian');
INSERT INTO Write (AuthorID, PaperID) VALUES (2571, 108);
INSERT INTO Author (AuthorID, Name) VALUES (2572, 'Klaus Fricke-Neuderth');
INSERT INTO Write (AuthorID, PaperID) VALUES (2572, 1172);
INSERT INTO Author (AuthorID, Name) VALUES (2573, 'Baden Hughes');
INSERT INTO Paper (PaperID, Title, Year, MDate, Key, DOI) VALUES (10, 'NICTA i2d2 in GeoCLEF 2005.', 2005, '2014-08-15', 'conf/clef/Hughes05', 'http://ceur-ws.org/Vol-1171/CLEF2005wn-GeoCLEF-HughesEt2005.pdf');
INSERT INTO Write (AuthorID, PaperID) VALUES (2573, 10);
INSERT INTO Author (AuthorID, Name) VALUES (2574, 'Ghislain Auguste Atemezing');
INSERT INTO Paper (PaperID, Title, Year, MDate, Key, DOI) VALUES (630, 'NoNLP: Annotating Medical Domain by using Semantic Technologies.', 2017, '2017-08-15', 'conf/clef/Atemezing17', 'http://ceur-ws.org/Vol-1866/paper_112.pdf');
INSERT INTO Write (AuthorID, PaperID) VALUES (2574, 630);
INSERT INTO Author (AuthorID, Name) VALUES (2575, 'Xiaohong W. Gao');
INSERT INTO Paper (PaperID, Title, Year, MDate, Key, DOI) VALUES (1701, 'Application of Deep Learning Neural Network for Classification of TB lung CT Images based on Patches.', 2017, '2017-08-15', 'conf/clef/GaoQ17', 'http://ceur-ws.org/Vol-1866/paper_87.pdf');
INSERT INTO Write (AuthorID, PaperID) VALUES (2575, 1701);
INSERT INTO Author (AuthorID, Name) VALUES (2576, 'Ludmila Himmelspach');
INSERT INTO Write (AuthorID, PaperID) VALUES (2576, 2117);
INSERT INTO Author (AuthorID, Name) VALUES (2577, 'Idriss Abdou Malam');
INSERT INTO Write (AuthorID, PaperID) VALUES (2577, 3140);
INSERT INTO Author (AuthorID, Name) VALUES (2578, 'Girija Chetty');
INSERT INTO Write (AuthorID, PaperID) VALUES (2578, 766);
INSERT INTO Author (AuthorID, Name) VALUES (2579, 'Dongyang Bao');
INSERT INTO Write (AuthorID, PaperID) VALUES (2579, 1884);
INSERT INTO Author (AuthorID, Name) VALUES (2580, 'Mihaela Breaban');
INSERT INTO Write (AuthorID, PaperID) VALUES (2580, 1987);
INSERT INTO Author (AuthorID, Name) VALUES (2581, 'Charles-Edmond Bichot');
INSERT INTO Write (AuthorID, PaperID) VALUES (2581, 1252);
INSERT INTO Author (AuthorID, Name) VALUES (2582, 'Shashwat Mishra');
INSERT INTO Write (AuthorID, PaperID) VALUES (2582, 649);
INSERT INTO Author (AuthorID, Name) VALUES (2583, 'Dimosthenis Karatzas');
INSERT INTO Write (AuthorID, PaperID) VALUES (2583, 1589);
INSERT INTO Author (AuthorID, Name) VALUES (2584, 'Zhaolong He');
INSERT INTO Write (AuthorID, PaperID) VALUES (2584, 3140);
INSERT INTO Author (AuthorID, Name) VALUES (2585, 'Dmitry Katsubo');
INSERT INTO Write (AuthorID, PaperID) VALUES (2585, 2881);
INSERT INTO Author (AuthorID, Name) VALUES (2586, 'Yi Xiang Marcus Tan');
INSERT INTO Write (AuthorID, PaperID) VALUES (2586, 561);
INSERT INTO Author (AuthorID, Name) VALUES (2587, 'Kevyn Collins-Thompson');
INSERT INTO Write (AuthorID, PaperID) VALUES (2587, 964);
INSERT INTO Author (AuthorID, Name) VALUES (2588, 'Lydia Mennes');
INSERT INTO Write (AuthorID, PaperID) VALUES (2588, 1514);
INSERT INTO Author (AuthorID, Name) VALUES (2589, 'Alexey Romanov');
INSERT INTO Paper (PaperID, Title, Year, MDate, Key, DOI) VALUES (3067, 'Language Variety and Gender Classification for Author Profiling in PAN 2017.', 2017, '2017-08-15', 'conf/clef/OgaltsovR17', 'http://ceur-ws.org/Vol-1866/paper_65.pdf');
INSERT INTO Write (AuthorID, PaperID) VALUES (2589, 3067);
INSERT INTO Author (AuthorID, Name) VALUES (2590, 'Xiaoyong Du');
INSERT INTO Write (AuthorID, PaperID) VALUES (2590, 3292);
INSERT INTO Author (AuthorID, Name) VALUES (2591, 'Xiaohong Gao');
INSERT INTO Write (AuthorID, PaperID) VALUES (2591, 1333);
INSERT INTO Author (AuthorID, Name) VALUES (2592, 'Andrei Rusu');
INSERT INTO Write (AuthorID, PaperID) VALUES (2592, 2159);
INSERT INTO Author (AuthorID, Name) VALUES (2593, 'Luis G. de Figueiredo');
INSERT INTO Write (AuthorID, PaperID) VALUES (2593, 1266);
INSERT INTO Author (AuthorID, Name) VALUES (2594, 'Parth Mehta 0001');
INSERT INTO Write (AuthorID, PaperID) VALUES (2594, 1347);
INSERT INTO Author (AuthorID, Name) VALUES (2595, 'Hristo Georgiev');
INSERT INTO Write (AuthorID, PaperID) VALUES (2595, 1520);
INSERT INTO Author (AuthorID, Name) VALUES (2596, 'Michael Singhof');
INSERT INTO Write (AuthorID, PaperID) VALUES (2596, 2790);
INSERT INTO Author (AuthorID, Name) VALUES (2597, 'Conrad Sanderson');
INSERT INTO Write (AuthorID, PaperID) VALUES (2597, 950);
INSERT INTO Author (AuthorID, Name) VALUES (2598, 'Mihaela Bobeica');
INSERT INTO Write (AuthorID, PaperID) VALUES (2598, 1621);
INSERT INTO Author (AuthorID, Name) VALUES (2599, 'Sobha Lalitha Devi');
INSERT INTO Paper (PaperID, Title, Year, MDate, Key, DOI) VALUES (3083, 'External Plagiarism Detection - Lab Report for PAN at CLEF 2010.', 2010, '2014-09-24', 'conf/clef/DeviRRA10', 'http://www.clef-initiative.eu/documents/71612/86374/CLEF2010wn-PAN-DeviEt2010.pdf');
INSERT INTO Write (AuthorID, PaperID) VALUES (2599, 3083);
INSERT INTO Author (AuthorID, Name) VALUES (2600, 'Chengxiang Zhai');
INSERT INTO Write (AuthorID, PaperID) VALUES (2600, 3249);
INSERT INTO Author (AuthorID, Name) VALUES (2601, 'Yashwant Keswani');
INSERT INTO Write (AuthorID, PaperID) VALUES (2601, 1347);
INSERT INTO Author (AuthorID, Name) VALUES (2602, 'Scott Sorensen');
INSERT INTO Write (AuthorID, PaperID) VALUES (2602, 69);
INSERT INTO Author (AuthorID, Name) VALUES (2603, 'Piotr Sobecki');
INSERT INTO Write (AuthorID, PaperID) VALUES (2603, 3465);
INSERT INTO Author (AuthorID, Name) VALUES (2604, 'Lionel Valet');
INSERT INTO Write (AuthorID, PaperID) VALUES (2604, 2024);
INSERT INTO Author (AuthorID, Name) VALUES (2605, 'Bahjat Safadi');
INSERT INTO Write (AuthorID, PaperID) VALUES (2605, 2716);
INSERT INTO Author (AuthorID, Name) VALUES (2606, 'Andreas N&uuml;rnberger');
INSERT INTO Write (AuthorID, PaperID) VALUES (2606, 758);
INSERT INTO Author (AuthorID, Name) VALUES (2607, 'Vassil Kalphov');
INSERT INTO Write (AuthorID, PaperID) VALUES (2607, 1743);
INSERT INTO Author (AuthorID, Name) VALUES (2608, 'Metti Zakaria Wanagiri');
INSERT INTO Write (AuthorID, PaperID) VALUES (2608, 1708);
INSERT INTO Author (AuthorID, Name) VALUES (2609, 'Philippe Beaune');
INSERT INTO Write (AuthorID, PaperID) VALUES (2609, 1961);
INSERT INTO Author (AuthorID, Name) VALUES (2610, 'Benjamin Deneu');
INSERT INTO Write (AuthorID, PaperID) VALUES (2610, 2949);
INSERT INTO Author (AuthorID, Name) VALUES (2611, 'Bin Geng');
INSERT INTO Write (AuthorID, PaperID) VALUES (2611, 728);
INSERT INTO Author (AuthorID, Name) VALUES (2612, 'Alan Alexis Farias-Anzaldua');
INSERT INTO Write (AuthorID, PaperID) VALUES (2612, 2941);
INSERT INTO Author (AuthorID, Name) VALUES (2613, 'Binayak Goswami');
INSERT INTO Write (AuthorID, PaperID) VALUES (2613, 3119);
INSERT INTO Author (AuthorID, Name) VALUES (2614, 'Bas Boom');
INSERT INTO Write (AuthorID, PaperID) VALUES (2614, 1269);
INSERT INTO Author (AuthorID, Name) VALUES (2615, 'Shin Matsushima');
INSERT INTO Write (AuthorID, PaperID) VALUES (2615, 2313);
INSERT INTO Author (AuthorID, Name) VALUES (2616, 'Julian Brooke');
INSERT INTO Write (AuthorID, PaperID) VALUES (2616, 1444);
INSERT INTO Author (AuthorID, Name) VALUES (2617, '&Ouml;zlem &Ouml;zg&ouml;bek');
INSERT INTO Write (AuthorID, PaperID) VALUES (2617, 1609);
INSERT INTO Author (AuthorID, Name) VALUES (2618, 'Erhard Rahm');
INSERT INTO Write (AuthorID, PaperID) VALUES (2618, 2055);
INSERT INTO Author (AuthorID, Name) VALUES (2619, 'Ricardo da Silva Torres');
INSERT INTO Paper (PaperID, Title, Year, MDate, Key, DOI) VALUES (3164, 'RECOD at ImageCLEF 2011: Medical Modality Classification using Genetic Programming.', 2011, '2014-09-24', 'conf/clef/FariaCT11', 'http://www.clef-initiative.eu/documents/71612/86377/CLEF2011wn-ImageCLEF-FariaEt2011.pdf');
INSERT INTO Write (AuthorID, PaperID) VALUES (2619, 3164);
INSERT INTO Author (AuthorID, Name) VALUES (2620, 'Grace Eunkyung Lee');
INSERT INTO Paper (PaperID, Title, Year, MDate, Key, DOI) VALUES (2897, 'A Study of Convolutional Neural Networks for Clinical Document Classification in Systematic Reviews: SysReview at CLEF eHealth 2017.', 2017, '2017-08-15', 'conf/clef/Lee17', 'http://ceur-ws.org/Vol-1866/paper_88.pdf');
INSERT INTO Write (AuthorID, PaperID) VALUES (2620, 2897);
INSERT INTO Author (AuthorID, Name) VALUES (2621, 'Siddhartha Jonnalagadda');
INSERT INTO Write (AuthorID, PaperID) VALUES (2621, 276);
INSERT INTO Author (AuthorID, Name) VALUES (2622, 'Meriem Hafsi');
INSERT INTO Write (AuthorID, PaperID) VALUES (2622, 2479);
INSERT INTO Author (AuthorID, Name) VALUES (2623, 'Martin Jaggi');
INSERT INTO Write (AuthorID, PaperID) VALUES (2623, 2203);
INSERT INTO Author (AuthorID, Name) VALUES (2624, 'Rudolf Berend Trieschnigg');
INSERT INTO Write (AuthorID, PaperID) VALUES (2624, 2605);
INSERT INTO Author (AuthorID, Name) VALUES (2625, 'Mohan Jayatilake');
INSERT INTO Write (AuthorID, PaperID) VALUES (2625, 2846);
INSERT INTO Author (AuthorID, Name) VALUES (2626, 'Kirill Bogomasov');
INSERT INTO Write (AuthorID, PaperID) VALUES (2626, 2117);
INSERT INTO Author (AuthorID, Name) VALUES (2627, 'Julien Ricard');
INSERT INTO Write (AuthorID, PaperID) VALUES (2627, 1594);
INSERT INTO Author (AuthorID, Name) VALUES (2628, 'Yassine Rkha Chaham');
INSERT INTO Write (AuthorID, PaperID) VALUES (2628, 2712);
INSERT INTO Author (AuthorID, Name) VALUES (2629, 'Teruko Mitamura');
INSERT INTO Write (AuthorID, PaperID) VALUES (2629, 718);
INSERT INTO Author (AuthorID, Name) VALUES (2630, 'Chantal Gratton');
INSERT INTO Write (AuthorID, PaperID) VALUES (2630, 2663);
INSERT INTO Author (AuthorID, Name) VALUES (2631, 'Stan Snijders');
INSERT INTO Write (AuthorID, PaperID) VALUES (2631, 962);
INSERT INTO Author (AuthorID, Name) VALUES (2632, 'Caitlin McCollister');
INSERT INTO Paper (PaperID, Title, Year, MDate, Key, DOI) VALUES (3036, 'Building Topic Models to Predict Author Attributes from Twitter Messages.', 2015, '2015-09-03', 'conf/clef/McCollisterLH15', 'http://ceur-ws.org/Vol-1391/119-CR.pdf');
INSERT INTO Write (AuthorID, PaperID) VALUES (2632, 3036);
INSERT INTO Author (AuthorID, Name) VALUES (2633, 'Siwar Zayani');
INSERT INTO Write (AuthorID, PaperID) VALUES (2633, 384);
INSERT INTO Author (AuthorID, Name) VALUES (2634, 'Paula Goodale');
INSERT INTO Write (AuthorID, PaperID) VALUES (2634, 1078);
INSERT INTO Author (AuthorID, Name) VALUES (2635, 'Ronald Cornet');
INSERT INTO Paper (PaperID, Title, Year, MDate, Key, DOI) VALUES (186, 'A Dutch Treat for Healthcare Terminology.', 2013, '2014-09-10', 'conf/clef/Cornet13', 'http://ceur-ws.org/Vol-1179/CLEF2013wn-CLEFER-Cornet2013.pdf');
INSERT INTO Write (AuthorID, PaperID) VALUES (2635, 186);
INSERT INTO Author (AuthorID, Name) VALUES (2636, 'Natalia Shepeleva');
INSERT INTO Write (AuthorID, PaperID) VALUES (2636, 2144);
INSERT INTO Author (AuthorID, Name) VALUES (2637, 'Mart Busger Op Vollenbroek');
INSERT INTO Write (AuthorID, PaperID) VALUES (2637, 294);
INSERT INTO Author (AuthorID, Name) VALUES (2638, 'Francisco J. N&oacute;voa');
INSERT INTO Paper (PaperID, Title, Year, MDate, Key, DOI) VALUES (1822, 'Analysis and Experiments on Early Detection of Depression.', 2018, '2018-08-08', 'conf/clef/CachedaINC18', 'http://ceur-ws.org/Vol-2125/paper_69.pdf');
INSERT INTO Write (AuthorID, PaperID) VALUES (2638, 1822);
INSERT INTO Author (AuthorID, Name) VALUES (2639, 'Ruihan Xu');
INSERT INTO Write (AuthorID, PaperID) VALUES (2639, 1323);
INSERT INTO Author (AuthorID, Name) VALUES (2640, 'Scott Notley');
INSERT INTO Write (AuthorID, PaperID) VALUES (2640, 1561);
INSERT INTO Author (AuthorID, Name) VALUES (2641, 'Yi Xie');
INSERT INTO Write (AuthorID, PaperID) VALUES (2641, 1323);
INSERT INTO Author (AuthorID, Name) VALUES (2642, 'Vincent Bouvier');
INSERT INTO Write (AuthorID, PaperID) VALUES (2642, 2602);
INSERT INTO Author (AuthorID, Name) VALUES (2643, 'Bo Lang');
INSERT INTO Write (AuthorID, PaperID) VALUES (2643, 824);
INSERT INTO Author (AuthorID, Name) VALUES (2644, 'Marine Carpuat');
INSERT INTO Write (AuthorID, PaperID) VALUES (2644, 1308);
INSERT INTO Author (AuthorID, Name) VALUES (2645, 'Zouheyr Bouafia');
INSERT INTO Write (AuthorID, PaperID) VALUES (2645, 3294);
INSERT INTO Author (AuthorID, Name) VALUES (2646, 'Daniel Abril');
INSERT INTO Write (AuthorID, PaperID) VALUES (2646, 1106);
INSERT INTO Author (AuthorID, Name) VALUES (2647, 'Junwei Liang');
INSERT INTO Write (AuthorID, PaperID) VALUES (2647, 279);
INSERT INTO Author (AuthorID, Name) VALUES (2648, 'Harish Yenala');
INSERT INTO Write (AuthorID, PaperID) VALUES (2648, 2951);
INSERT INTO Author (AuthorID, Name) VALUES (2649, 'Viviane Wolff');
INSERT INTO Write (AuthorID, PaperID) VALUES (2649, 1172);
INSERT INTO Author (AuthorID, Name) VALUES (2650, 'Francesco Corsini');
INSERT INTO Write (AuthorID, PaperID) VALUES (2650, 3267);
INSERT INTO Author (AuthorID, Name) VALUES (2651, 'Gibran Fuentes Pineda');
INSERT INTO Write (AuthorID, PaperID) VALUES (2651, 1110);
INSERT INTO Author (AuthorID, Name) VALUES (2652, 'Darnes Vilari&ntilde;o');
INSERT INTO Write (AuthorID, PaperID) VALUES (2652, 2538);
INSERT INTO Author (AuthorID, Name) VALUES (2653, 'Giuseppe Serra');
INSERT INTO Write (AuthorID, PaperID) VALUES (2653, 504);
INSERT INTO Author (AuthorID, Name) VALUES (2654, 'Prabaharan Poornachandran');
INSERT INTO Write (AuthorID, PaperID) VALUES (2654, 993);
INSERT INTO Author (AuthorID, Name) VALUES (2655, 'Youssef Iraqi');
INSERT INTO Write (AuthorID, PaperID) VALUES (2655, 1139);
INSERT INTO Author (AuthorID, Name) VALUES (2656, 'Cristian Padurariu');
INSERT INTO Write (AuthorID, PaperID) VALUES (2656, 3302);
INSERT INTO Author (AuthorID, Name) VALUES (2657, 'Mohamed Zarka');
INSERT INTO Write (AuthorID, PaperID) VALUES (2657, 2656);
INSERT INTO Author (AuthorID, Name) VALUES (2658, 'Shu Huang');
INSERT INTO Write (AuthorID, PaperID) VALUES (2658, 3036);
INSERT INTO Author (AuthorID, Name) VALUES (2659, 'Fabian P&aacute;ez');
INSERT INTO Write (AuthorID, PaperID) VALUES (2659, 100);
INSERT INTO Author (AuthorID, Name) VALUES (2660, 'Edmundo-Pavel Soriano-Morales');
INSERT INTO Write (AuthorID, PaperID) VALUES (2660, 2230);
INSERT INTO Author (AuthorID, Name) VALUES (2661, 'Viktor Tr&oacute;n');
INSERT INTO Write (AuthorID, PaperID) VALUES (2661, 2380);
INSERT INTO Author (AuthorID, Name) VALUES (2662, 'Swen Ribeiro');
INSERT INTO Write (AuthorID, PaperID) VALUES (2662, 360);
INSERT INTO Author (AuthorID, Name) VALUES (2663, 'Joe Carthy');
INSERT INTO Write (AuthorID, PaperID) VALUES (2663, 1124);
INSERT INTO Author (AuthorID, Name) VALUES (2664, 'Motoki Taniguchi');
INSERT INTO Write (AuthorID, PaperID) VALUES (2664, 802);
INSERT INTO Author (AuthorID, Name) VALUES (2665, 'Rodrigo Ribeiro Oliveira');
INSERT INTO Write (AuthorID, PaperID) VALUES (2665, 1575);
INSERT INTO Author (AuthorID, Name) VALUES (2666, 'Shane Dyer');
INSERT INTO Write (AuthorID, PaperID) VALUES (2666, 614);
INSERT INTO Author (AuthorID, Name) VALUES (2667, 'Edson Roberto Duarte Weren');
INSERT INTO Paper (PaperID, Title, Year, MDate, Key, DOI) VALUES (3484, 'Information Retrieval Features for Personality Traits.', 2015, '2015-09-03', 'conf/clef/Weren15', 'http://ceur-ws.org/Vol-1391/169-CR.pdf');
INSERT INTO Write (AuthorID, PaperID) VALUES (2667, 3484);
INSERT INTO Author (AuthorID, Name) VALUES (2668, 'Affifa Arbab');
INSERT INTO Write (AuthorID, PaperID) VALUES (2668, 3005);
INSERT INTO Author (AuthorID, Name) VALUES (2669, 'Vide Karlsson');
INSERT INTO Write (AuthorID, PaperID) VALUES (2669, 2971);
INSERT INTO Author (AuthorID, Name) VALUES (2670, 'James Thomas');
INSERT INTO Write (AuthorID, PaperID) VALUES (2670, 3365);
INSERT INTO Author (AuthorID, Name) VALUES (2671, 'Alaa Alhamzeh');
INSERT INTO Write (AuthorID, PaperID) VALUES (2671, 1258);
INSERT INTO Author (AuthorID, Name) VALUES (2672, 'Pedro Strecht');
INSERT INTO Write (AuthorID, PaperID) VALUES (2672, 3118);
INSERT INTO Author (AuthorID, Name) VALUES (2673, 'Sandra Eliza Fontes de Avila');
INSERT INTO Write (AuthorID, PaperID) VALUES (2673, 3393);
INSERT INTO Author (AuthorID, Name) VALUES (2674, 'Johann Poignant');
INSERT INTO Write (AuthorID, PaperID) VALUES (2674, 710);
INSERT INTO Author (AuthorID, Name) VALUES (2675, 'Xavier Binefa');
INSERT INTO Paper (PaperID, Title, Year, MDate, Key, DOI) VALUES (1011, 'Medical Image Classification via 2D color feature based Covariance Descriptors.', 2015, '2015-09-03', 'conf/clef/CirujedaB15', 'http://ceur-ws.org/Vol-1391/44-CR.pdf');
INSERT INTO Write (AuthorID, PaperID) VALUES (2675, 1011);
INSERT INTO Author (AuthorID, Name) VALUES (2676, 'John R. Smith');
INSERT INTO Write (AuthorID, PaperID) VALUES (2676, 2815);
INSERT INTO Author (AuthorID, Name) VALUES (2677, 'John Osborne');
INSERT INTO Paper (PaperID, Title, Year, MDate, Key, DOI) VALUES (2868, 'Disease Template Filling using the CTAKES YTEX Branch for ShareClef 2014 Task 2a.', 2014, '2014-09-10', 'conf/clef/Osborne14', 'http://ceur-ws.org/Vol-1180/CLEF2014wn-eHealth-Osborne2014.pdf');
INSERT INTO Write (AuthorID, PaperID) VALUES (2677, 2868);
INSERT INTO Author (AuthorID, Name) VALUES (2678, 'Rabia Bounaama');
INSERT INTO Paper (PaperID, Title, Year, MDate, Key, DOI) VALUES (2322, 'Tlemcen University at CELF eHealth 2018 Team Techno: Multilingual Information Extraction - ICD10 coding.', 2018, '2018-08-08', 'conf/clef/BounaamaA18', 'http://ceur-ws.org/Vol-2125/paper_88.pdf');
INSERT INTO Write (AuthorID, PaperID) VALUES (2678, 2322);
INSERT INTO Author (AuthorID, Name) VALUES (2679, 'Enrico Motta');
INSERT INTO Write (AuthorID, PaperID) VALUES (2679, 2426);
INSERT INTO Author (AuthorID, Name) VALUES (2680, 'Salim Chikhi');
INSERT INTO Write (AuthorID, PaperID) VALUES (2680, 1482);
INSERT INTO Author (AuthorID, Name) VALUES (2681, 'Wladek Zacharski');
INSERT INTO Write (AuthorID, PaperID) VALUES (2681, 1266);
INSERT INTO Author (AuthorID, Name) VALUES (2682, 'Salud Mar&iacute;a Jim&eacute;nez Zafra');
INSERT INTO Write (AuthorID, PaperID) VALUES (2682, 2445);
INSERT INTO Author (AuthorID, Name) VALUES (2683, 'Hang Song');
INSERT INTO Write (AuthorID, PaperID) VALUES (2683, 3305);
INSERT INTO Author (AuthorID, Name) VALUES (2684, 'Piyush Arora');
INSERT INTO Write (AuthorID, PaperID) VALUES (2684, 1656);
INSERT INTO Author (AuthorID, Name) VALUES (2685, 'Daniel Braun 0002');
INSERT INTO Write (AuthorID, PaperID) VALUES (2685, 2790);
INSERT INTO Author (AuthorID, Name) VALUES (2686, 'Norbert Fuhr');
INSERT INTO Paper (PaperID, Title, Year, MDate, Key, DOI) VALUES (1067, 'IR between Science and Engineering, and the Role of Experimentation.', 2010, '2018-06-26', 'conf/clef/Fuhr10', 'https://doi.org/10.1007/978-3-642-15998-5_1');
INSERT INTO Write (AuthorID, PaperID) VALUES (2686, 1067);
INSERT INTO Author (AuthorID, Name) VALUES (2687, 'Nassir Navab');
INSERT INTO Paper (PaperID, Title, Year, MDate, Key, DOI) VALUES (1083, 'ImageCLEF 2010 Working Notes on the Modality Classification Subtask.', 2010, '2014-09-24', 'conf/clef/PaulyMN10', 'http://www.clef-initiative.eu/documents/71612/86374/CLEF2010wn-ImageCLEF-PaulyEt2010.pdf');
INSERT INTO Write (AuthorID, PaperID) VALUES (2687, 1083);
INSERT INTO Author (AuthorID, Name) VALUES (2688, 'Viviana Patti');
INSERT INTO Write (AuthorID, PaperID) VALUES (2688, 2516);
INSERT INTO Author (AuthorID, Name) VALUES (2689, 'Moshe Aboud');
INSERT INTO Write (AuthorID, PaperID) VALUES (2689, 2810);
INSERT INTO Author (AuthorID, Name) VALUES (2690, 'David Nicolay');
INSERT INTO Write (AuthorID, PaperID) VALUES (2690, 352);
INSERT INTO Author (AuthorID, Name) VALUES (2691, 'Rebecca Maessen');
INSERT INTO Paper (PaperID, Title, Year, MDate, Key, DOI) VALUES (3390, 'ZOT! to Wikipedia Vandalism - Lab Report for PAN at CLEF 2010.', 2010, '2014-09-24', 'conf/clef/WhiteM10', 'http://www.clef-initiative.eu/documents/71612/86374/CLEF2010wn-PAN-WhiteEt2010.pdf');
INSERT INTO Write (AuthorID, PaperID) VALUES (2691, 3390);
INSERT INTO Author (AuthorID, Name) VALUES (2692, 'Okky Hendriansyah');
INSERT INTO Write (AuthorID, PaperID) VALUES (2692, 293);
INSERT INTO Author (AuthorID, Name) VALUES (2693, 'Bouchra Es-Saghir');
INSERT INTO Write (AuthorID, PaperID) VALUES (2693, 3140);
INSERT INTO Author (AuthorID, Name) VALUES (2694, 'Mostafa Rahgouy');
INSERT INTO Write (AuthorID, PaperID) VALUES (2694, 1590);
INSERT INTO Author (AuthorID, Name) VALUES (2695, 'Ehsan Ullah Munir');
INSERT INTO Write (AuthorID, PaperID) VALUES (2695, 3005);
INSERT INTO Author (AuthorID, Name) VALUES (2696, 'Carl James-Reynolds');
INSERT INTO Write (AuthorID, PaperID) VALUES (2696, 1333);
INSERT INTO Author (AuthorID, Name) VALUES (2697, 'Xanadu Halkias');
INSERT INTO Write (AuthorID, PaperID) VALUES (2697, 1229);
INSERT INTO Author (AuthorID, Name) VALUES (2698, 'Zhimao Lu');
INSERT INTO Write (AuthorID, PaperID) VALUES (2698, 1109);
INSERT INTO Author (AuthorID, Name) VALUES (2699, 'F. Gediz Aksit');
INSERT INTO Paper (PaperID, Title, Year, MDate, Key, DOI) VALUES (719, 'An Empirical Research: "Wikipedia Vandalism Detection using VandalSense 2.0" - Notebook for PAN at CLEF 2011.', 2011, '2014-09-24', 'conf/clef/Aksit11', 'http://www.clef-initiative.eu/documents/71612/86377/CLEF2011wn-PAN-Aksit2011.pdf');
INSERT INTO Write (AuthorID, PaperID) VALUES (2699, 719);
INSERT INTO Author (AuthorID, Name) VALUES (2700, 'K&eacute;vin Deturck');
INSERT INTO Paper (PaperID, Title, Year, MDate, Key, DOI) VALUES (2539, 'ERTIM@MC2: Diversified Argumentative Tweets Retrieval.', 2018, '2018-08-08', 'conf/clef/DeturckNS18', 'http://ceur-ws.org/Vol-2125/paper_190.pdf');
INSERT INTO Write (AuthorID, PaperID) VALUES (2700, 2539);
INSERT INTO Author (AuthorID, Name) VALUES (2701, 'Ferenc Mogyor&oacute;si');
INSERT INTO Write (AuthorID, PaperID) VALUES (2701, 3257);
INSERT INTO Author (AuthorID, Name) VALUES (2702, 'Jarana Manotumruksa');
INSERT INTO Write (AuthorID, PaperID) VALUES (2702, 409);
INSERT INTO Author (AuthorID, Name) VALUES (2703, 'Xavier Bost');
INSERT INTO Write (AuthorID, PaperID) VALUES (2703, 2602);
INSERT INTO Author (AuthorID, Name) VALUES (2704, 'Beno&icirc;t Mathieu');
INSERT INTO Write (AuthorID, PaperID) VALUES (2704, 1940);
INSERT INTO Author (AuthorID, Name) VALUES (2705, 'Petre Lameski');
INSERT INTO Write (AuthorID, PaperID) VALUES (2705, 3169);
INSERT INTO Author (AuthorID, Name) VALUES (2706, 'Nicola Montecchio');
INSERT INTO Write (AuthorID, PaperID) VALUES (2706, 1138);
INSERT INTO Author (AuthorID, Name) VALUES (2707, 'Lotta Kauhanen');
INSERT INTO Write (AuthorID, PaperID) VALUES (2707, 1556);
INSERT INTO Author (AuthorID, Name) VALUES (2708, 'Mattias Kanhov');
INSERT INTO Paper (PaperID, Title, Year, MDate, Key, DOI) VALUES (1660, 'Natural Language Generation from SNOMED Specifications.', 2012, '2014-09-24', 'conf/clef/KanhovFD12', 'http://www.clef-initiative.eu/documents/71612/34212713-afeb-4b12-8bde-d09e00e8be87');
INSERT INTO Write (AuthorID, PaperID) VALUES (2708, 1660);
INSERT INTO Author (AuthorID, Name) VALUES (2709, 'Mateusz Wilk');
INSERT INTO Write (AuthorID, PaperID) VALUES (2709, 473);
INSERT INTO Author (AuthorID, Name) VALUES (2710, 'Jesse Davis');
INSERT INTO Write (AuthorID, PaperID) VALUES (2710, 1481);
INSERT INTO Author (AuthorID, Name) VALUES (2711, 'Andrey Filchenkov');
INSERT INTO Paper (PaperID, Title, Year, MDate, Key, DOI) VALUES (2457, 'Multi-view Personality Profiling Based on Longitudinal Data.', 2018, '2018-08-20', 'conf/clef/BurayaFF18', 'https://doi.org/10.1007/978-3-319-98932-7_2');
INSERT INTO Write (AuthorID, PaperID) VALUES (2711, 2457);
INSERT INTO Author (AuthorID, Name) VALUES (2712, 'Khaled Alrifai');
INSERT INTO Write (AuthorID, PaperID) VALUES (2712, 3052);
INSERT INTO Author (AuthorID, Name) VALUES (2713, 'Nahun Loya');
INSERT INTO Write (AuthorID, PaperID) VALUES (2713, 1348);
INSERT INTO Author (AuthorID, Name) VALUES (2714, 'Cristina Mota');
INSERT INTO Write (AuthorID, PaperID) VALUES (2714, 221);
INSERT INTO Author (AuthorID, Name) VALUES (2715, 'Nausheen Fatma');
INSERT INTO Write (AuthorID, PaperID) VALUES (2715, 3025);
INSERT INTO Author (AuthorID, Name) VALUES (2716, 'E. Mark Haacke');
INSERT INTO Write (AuthorID, PaperID) VALUES (2716, 2984);
INSERT INTO Author (AuthorID, Name) VALUES (2717, 'Chandrabose Aravindan');
INSERT INTO Write (AuthorID, PaperID) VALUES (2717, 2694);
INSERT INTO Author (AuthorID, Name) VALUES (2718, 'Haakon Lund');
INSERT INTO Write (AuthorID, PaperID) VALUES (2718, 2781);
INSERT INTO Author (AuthorID, Name) VALUES (2719, 'Nkauj Hnub Aurore Heu Mby');
INSERT INTO Write (AuthorID, PaperID) VALUES (2719, 2686);
INSERT INTO Author (AuthorID, Name) VALUES (2720, 'K. C. Santosh');
INSERT INTO Write (AuthorID, PaperID) VALUES (2720, 2000);
INSERT INTO Author (AuthorID, Name) VALUES (2721, 'Xuefeng Feng');
INSERT INTO Write (AuthorID, PaperID) VALUES (2721, 1660);
INSERT INTO Author (AuthorID, Name) VALUES (2722, 'Danchen Zhang');
INSERT INTO Write (AuthorID, PaperID) VALUES (2722, 3326);
INSERT INTO Author (AuthorID, Name) VALUES (2723, 'Fernando Giner');
INSERT INTO Write (AuthorID, PaperID) VALUES (2723, 3039);
INSERT INTO Author (AuthorID, Name) VALUES (2724, 'Valentina Bellomaria');
INSERT INTO Write (AuthorID, PaperID) VALUES (2724, 1902);
INSERT INTO Author (AuthorID, Name) VALUES (2725, 'Vamshi Krishna Thotempudi');
INSERT INTO Write (AuthorID, PaperID) VALUES (2725, 2454);
INSERT INTO Author (AuthorID, Name) VALUES (2726, 'Jan Schl&uuml;ter');
INSERT INTO Paper (PaperID, Title, Year, MDate, Key, DOI) VALUES (2296, 'Bird Identification from Timestamped, Geotagged Audio Recordings.', 2018, '2018-08-08', 'conf/clef/Schluter18', 'http://ceur-ws.org/Vol-2125/paper_181.pdf');
INSERT INTO Write (AuthorID, PaperID) VALUES (2726, 2296);
INSERT INTO Author (AuthorID, Name) VALUES (2727, 'Xiangyu Wang');
INSERT INTO Paper (PaperID, Title, Year, MDate, Key, DOI) VALUES (895, 'Automatic Image Annotation using Weakly Labelled Web Data.', 2015, '2015-09-03', 'conf/clef/KakarWC15', 'http://ceur-ws.org/Vol-1391/5-CR.pdf');
INSERT INTO Write (AuthorID, PaperID) VALUES (2727, 895);
INSERT INTO Author (AuthorID, Name) VALUES (2728, 'Dongsheng Wang');
INSERT INTO Write (AuthorID, PaperID) VALUES (2728, 1618);
INSERT INTO Author (AuthorID, Name) VALUES (2729, 'Doychin Doychev');
INSERT INTO Paper (PaperID, Title, Year, MDate, Key, DOI) VALUES (1827, 'An Analysis of Recommender Algorithms for Online News.', 2014, '2014-09-10', 'conf/clef/DoychevLR14', 'http://ceur-ws.org/Vol-1180/CLEF2014wn-Newsreel-DoychevEt2014.pdf');
INSERT INTO Write (AuthorID, PaperID) VALUES (2729, 1827);
INSERT INTO Author (AuthorID, Name) VALUES (2730, 'Ke Ren');
INSERT INTO Paper (PaperID, Title, Year, MDate, Key, DOI) VALUES (769, 'WHUIRGroup at the CLEF 2016 eHealth Lab Task 3.', 2016, '2016-08-11', 'conf/clef/WangLR16', 'http://ceur-ws.org/Vol-1609/16090193.pdf');
INSERT INTO Write (AuthorID, PaperID) VALUES (2730, 769);
INSERT INTO Author (AuthorID, Name) VALUES (2731, 'Kuan-Ta Chen');
INSERT INTO Write (AuthorID, PaperID) VALUES (2731, 1246);
INSERT INTO Author (AuthorID, Name) VALUES (2732, 'Yasuo Kuniyoshi');
INSERT INTO Write (AuthorID, PaperID) VALUES (2732, 1569);
INSERT INTO Author (AuthorID, Name) VALUES (2733, 'Jie Zhou');
INSERT INTO Write (AuthorID, PaperID) VALUES (2733, 1405);
INSERT INTO Author (AuthorID, Name) VALUES (2734, 'Ekaterina Ryzhkova');
INSERT INTO Write (AuthorID, PaperID) VALUES (2734, 38);
INSERT INTO Author (AuthorID, Name) VALUES (2735, 'Arnaud Grappy');
INSERT INTO Write (AuthorID, PaperID) VALUES (2735, 3358);
INSERT INTO Author (AuthorID, Name) VALUES (2736, 'Rachel Davey');
INSERT INTO Write (AuthorID, PaperID) VALUES (2736, 766);
INSERT INTO Author (AuthorID, Name) VALUES (2737, 'Khadim Dram&eacute;');
INSERT INTO Write (AuthorID, PaperID) VALUES (2737, 2766);
INSERT INTO Author (AuthorID, Name) VALUES (2738, 'Ritu Khare');
INSERT INTO Write (AuthorID, PaperID) VALUES (2738, 2251);
INSERT INTO Author (AuthorID, Name) VALUES (2739, 'Masao Takaku');
INSERT INTO Write (AuthorID, PaperID) VALUES (2739, 1242);
INSERT INTO Author (AuthorID, Name) VALUES (2740, 'Peter Kastner');
INSERT INTO Write (AuthorID, PaperID) VALUES (2740, 2379);
INSERT INTO Author (AuthorID, Name) VALUES (2741, 'Xiong Wei');
INSERT INTO Write (AuthorID, PaperID) VALUES (2741, 45);
INSERT INTO Author (AuthorID, Name) VALUES (2742, 'Zhongda Xie');
INSERT INTO Write (AuthorID, PaperID) VALUES (2742, 1903);
INSERT INTO Author (AuthorID, Name) VALUES (2743, 'Obdulia Pichardo-Lagunas');
INSERT INTO Write (AuthorID, PaperID) VALUES (2743, 2303);
INSERT INTO Author (AuthorID, Name) VALUES (2744, 'Victor Carneiro');
INSERT INTO Write (AuthorID, PaperID) VALUES (2744, 1822);
INSERT INTO Author (AuthorID, Name) VALUES (2745, 'Guillaume Cabanac');
INSERT INTO Write (AuthorID, PaperID) VALUES (2745, 1152);
INSERT INTO Author (AuthorID, Name) VALUES (2746, 'Jo&atilde;o Filgueiras');
INSERT INTO Write (AuthorID, PaperID) VALUES (2746, 901);
INSERT INTO Author (AuthorID, Name) VALUES (2747, 'Iryna Muzyka');
INSERT INTO Write (AuthorID, PaperID) VALUES (2747, 2597);
INSERT INTO Author (AuthorID, Name) VALUES (2748, 'Richard Dazeley');
INSERT INTO Write (AuthorID, PaperID) VALUES (2748, 1135);
INSERT INTO Author (AuthorID, Name) VALUES (2749, 'Jorge Azor&iacute;n L&oacute;pez');
INSERT INTO Write (AuthorID, PaperID) VALUES (2749, 3515);
INSERT INTO Author (AuthorID, Name) VALUES (2750, 'Ozan Polatbilek');
INSERT INTO Paper (PaperID, Title, Year, MDate, Key, DOI) VALUES (3177, 'Gender Prediction From Tweets With Convolutional Neural Networks: Notebook for PAN at CLEF 2018.', 2018, '2018-08-08', 'conf/clef/SezererPST18', 'http://ceur-ws.org/Vol-2125/paper_116.pdf');
INSERT INTO Write (AuthorID, PaperID) VALUES (2750, 3177);
INSERT INTO Author (AuthorID, Name) VALUES (2751, 'Chlo&eacute; Pou-Prom');
INSERT INTO Write (AuthorID, PaperID) VALUES (2751, 1182);
INSERT INTO Author (AuthorID, Name) VALUES (2752, 'Afshin Rahimi');
INSERT INTO Write (AuthorID, PaperID) VALUES (2752, 2385);
INSERT INTO Author (AuthorID, Name) VALUES (2753, 'Dieter Hayn');
INSERT INTO Write (AuthorID, PaperID) VALUES (2753, 2379);
INSERT INTO Author (AuthorID, Name) VALUES (2754, 'Kripabandhu Ghosh');
INSERT INTO Write (AuthorID, PaperID) VALUES (2754, 3056);
INSERT INTO Author (AuthorID, Name) VALUES (2755, 'Aldo Porco');
INSERT INTO Write (AuthorID, PaperID) VALUES (2755, 3491);
INSERT INTO Author (AuthorID, Name) VALUES (2756, 'Srinivas Phadnis');
INSERT INTO Write (AuthorID, PaperID) VALUES (2756, 2301);
INSERT INTO Author (AuthorID, Name) VALUES (2757, 'Javier Alonso');
INSERT INTO Write (AuthorID, PaperID) VALUES (2757, 784);
INSERT INTO Author (AuthorID, Name) VALUES (2758, 'Iraz&uacute; Hernandez-Farias');
INSERT INTO Write (AuthorID, PaperID) VALUES (2758, 3362);
INSERT INTO Author (AuthorID, Name) VALUES (2759, 'M&aacute;rk Jelasity');
INSERT INTO Write (AuthorID, PaperID) VALUES (2759, 1130);
INSERT INTO Author (AuthorID, Name) VALUES (2760, 'Mohammed Nezar Bellazrak');
INSERT INTO Write (AuthorID, PaperID) VALUES (2760, 3140);
INSERT INTO Author (AuthorID, Name) VALUES (2761, 'Fidel Cacheda');
INSERT INTO Write (AuthorID, PaperID) VALUES (2761, 1822);
INSERT INTO Author (AuthorID, Name) VALUES (2762, 'Guillermo Ayala');
INSERT INTO Write (AuthorID, PaperID) VALUES (2762, 1820);
INSERT INTO Author (AuthorID, Name) VALUES (2763, 'Andrew G. West');
INSERT INTO Paper (PaperID, Title, Year, MDate, Key, DOI) VALUES (2531, 'Multilingual Vandalism Detection using Language-Independent 800Aamp; Ex Post Facto Evidence - Notebook for PAN at CLEF 2011.', 2011, '2014-09-24', 'conf/clef/WestL11', 'http://www.clef-initiative.eu/documents/71612/86377/CLEF2011wn-PAN-WestEt2011.pdf');
INSERT INTO Write (AuthorID, PaperID) VALUES (2763, 2531);
INSERT INTO Author (AuthorID, Name) VALUES (2764, 'Saeed Mehrabi 0003');
INSERT INTO Write (AuthorID, PaperID) VALUES (2764, 2341);
INSERT INTO Author (AuthorID, Name) VALUES (2765, 'Mario Ezra Arag&oacute;n');
INSERT INTO Write (AuthorID, PaperID) VALUES (2765, 2464);
INSERT INTO Author (AuthorID, Name) VALUES (2766, 'Jiangping Chen');
INSERT INTO Write (AuthorID, PaperID) VALUES (2766, 422);
INSERT INTO Author (AuthorID, Name) VALUES (2767, 'Arjun Mukherjee');
INSERT INTO Paper (PaperID, Title, Year, MDate, Key, DOI) VALUES (2634, 'A Parallel Hierarchical Attention Network for Style Change Detection: Notebook for PAN at CLEF 2018.', 2018, '2018-08-08', 'conf/clef/HosseiniaM18', 'http://ceur-ws.org/Vol-2125/paper_91.pdf');
INSERT INTO Write (AuthorID, PaperID) VALUES (2767, 2634);
INSERT INTO Author (AuthorID, Name) VALUES (2768, 'Yubo Chen 0001');
INSERT INTO Write (AuthorID, PaperID) VALUES (2768, 1413);
INSERT INTO Author (AuthorID, Name) VALUES (2769, 'Eleni Mantziou');
INSERT INTO Paper (PaperID, Title, Year, MDate, Key, DOI) VALUES (1781, 'CERTH''s Participation at the Photo Annotation Task of ImageCLEF 2012.', 2012, '2014-09-24', 'conf/clef/MantziouPPSK12', 'http://www.clef-initiative.eu/documents/71612/cf7e342a-40d9-4f63-90f8-c7d169a78a24');
INSERT INTO Write (AuthorID, PaperID) VALUES (2769, 1781);
INSERT INTO Author (AuthorID, Name) VALUES (2770, 'C&eacute;line Sacca');
INSERT INTO Write (AuthorID, PaperID) VALUES (2770, 3262);
INSERT INTO Author (AuthorID, Name) VALUES (2771, 'Imane Boudraa');
INSERT INTO Write (AuthorID, PaperID) VALUES (2771, 1900);
INSERT INTO Author (AuthorID, Name) VALUES (2772, 'Aleksandr Farseev');
INSERT INTO Write (AuthorID, PaperID) VALUES (2772, 2457);
INSERT INTO Author (AuthorID, Name) VALUES (2773, 'Akhil Arora 0001');
INSERT INTO Write (AuthorID, PaperID) VALUES (2773, 649);
INSERT INTO Author (AuthorID, Name) VALUES (2774, 'Hanqing Lu');
INSERT INTO Write (AuthorID, PaperID) VALUES (2774, 3305);
INSERT INTO Author (AuthorID, Name) VALUES (2775, 'Fabrizio Silvestri');
INSERT INTO Write (AuthorID, PaperID) VALUES (2775, 2266);
INSERT INTO Author (AuthorID, Name) VALUES (2776, 'Yu-Zheng Liu');
INSERT INTO Write (AuthorID, PaperID) VALUES (2776, 1962);
INSERT INTO Author (AuthorID, Name) VALUES (2777, 'Diego Moll&aacute; Aliod');
INSERT INTO Write (AuthorID, PaperID) VALUES (2777, 3474);
INSERT INTO Author (AuthorID, Name) VALUES (2778, 'Claire Morgand');
INSERT INTO Write (AuthorID, PaperID) VALUES (2778, 190);
INSERT INTO Author (AuthorID, Name) VALUES (2779, 'William Byrne');
INSERT INTO Write (AuthorID, PaperID) VALUES (2779, 258);
INSERT INTO Author (AuthorID, Name) VALUES (2780, 'Angie K. Reyes');
INSERT INTO Write (AuthorID, PaperID) VALUES (2780, 885);
INSERT INTO Author (AuthorID, Name) VALUES (2781, 'Andrey Khazov');
INSERT INTO Paper (PaperID, Title, Year, MDate, Key, DOI) VALUES (1338, 'Author Masking using Sequence-to-Sequence Models.', 2017, '2017-08-15', 'conf/clef/BakhteevK17', 'http://ceur-ws.org/Vol-1866/paper_68.pdf');
INSERT INTO Write (AuthorID, PaperID) VALUES (2781, 1338);
INSERT INTO Author (AuthorID, Name) VALUES (2782, 'Andrew Thean');
INSERT INTO Write (AuthorID, PaperID) VALUES (2782, 2950);
INSERT INTO Author (AuthorID, Name) VALUES (2783, 'F. Peters');
INSERT INTO Write (AuthorID, PaperID) VALUES (2783, 3437);
INSERT INTO Author (AuthorID, Name) VALUES (2784, 'Jihen Majdoubi');
INSERT INTO Write (AuthorID, PaperID) VALUES (2784, 2748);
INSERT INTO Author (AuthorID, Name) VALUES (2785, 'Mario Almagro');
INSERT INTO Write (AuthorID, PaperID) VALUES (2785, 2400);
INSERT INTO Author (AuthorID, Name) VALUES (2786, 'Niko S&uuml;nderhauf');
INSERT INTO Write (AuthorID, PaperID) VALUES (2786, 1059);
INSERT INTO Author (AuthorID, Name) VALUES (2787, 'Amit Prakash');
INSERT INTO Write (AuthorID, PaperID) VALUES (2787, 1805);
INSERT INTO Author (AuthorID, Name) VALUES (2788, 'Ramon Ziai');
INSERT INTO Paper (PaperID, Title, Year, MDate, Key, DOI) VALUES (3435, 'CoMiC: Exploring Text Segmentation and Similarity in the English Entrance Exams Task.', 2015, '2015-09-03', 'conf/clef/ZiaiR15', 'http://ceur-ws.org/Vol-1391/105-CR.pdf');
INSERT INTO Write (AuthorID, PaperID) VALUES (2788, 3435);
INSERT INTO Author (AuthorID, Name) VALUES (2789, 'Max P. Rosen');
INSERT INTO Write (AuthorID, PaperID) VALUES (2789, 3253);
INSERT INTO Author (AuthorID, Name) VALUES (2790, 'Michal Stanek');
INSERT INTO Write (AuthorID, PaperID) VALUES (2790, 785);
INSERT INTO Author (AuthorID, Name) VALUES (2791, 'Anna Korhonen');
INSERT INTO Write (AuthorID, PaperID) VALUES (2791, 964);
INSERT INTO Author (AuthorID, Name) VALUES (2792, 'Sayanta Paul');
INSERT INTO Write (AuthorID, PaperID) VALUES (2792, 644);
INSERT INTO Author (AuthorID, Name) VALUES (2793, 'Mingxing Wang');
INSERT INTO Write (AuthorID, PaperID) VALUES (2793, 267);
INSERT INTO Author (AuthorID, Name) VALUES (2794, 'Hercules Dalianis');
INSERT INTO Write (AuthorID, PaperID) VALUES (2794, 1660);
INSERT INTO Author (AuthorID, Name) VALUES (2795, 'Ahmed Magdy Ezzeldin');
INSERT INTO Paper (PaperID, Title, Year, MDate, Key, DOI) VALUES (3104, 'ALQASIM: Arabic Language Question Answer Selection in Machines.', 2013, '2017-05-24', 'conf/clef/EzzeldinKE13', 'https://doi.org/10.1007/978-3-642-40802-1_12');
INSERT INTO Write (AuthorID, PaperID) VALUES (2795, 3104);
INSERT INTO Author (AuthorID, Name) VALUES (2796, 'Damien Nouvel');
INSERT INTO Write (AuthorID, PaperID) VALUES (2796, 2539);
INSERT INTO Author (AuthorID, Name) VALUES (2797, 'Elibeth Mirasol-Mel&eacute;ndez');
INSERT INTO Write (AuthorID, PaperID) VALUES (2797, 2599);
INSERT INTO Author (AuthorID, Name) VALUES (2798, 'Julien Perez');
INSERT INTO Write (AuthorID, PaperID) VALUES (2798, 737);
INSERT INTO Author (AuthorID, Name) VALUES (2799, 'Duy-Dinh Le');
INSERT INTO Write (AuthorID, PaperID) VALUES (2799, 1381);
INSERT INTO Author (AuthorID, Name) VALUES (2800, 'Timo van Kessel');
INSERT INTO Write (AuthorID, PaperID) VALUES (2800, 724);
INSERT INTO Author (AuthorID, Name) VALUES (2801, 'Yan-Tao Zheng');
INSERT INTO Write (AuthorID, PaperID) VALUES (2801, 977);
INSERT INTO Author (AuthorID, Name) VALUES (2802, 'Robin K&uuml;ppers');
INSERT INTO Write (AuthorID, PaperID) VALUES (2802, 451);
INSERT INTO Author (AuthorID, Name) VALUES (2803, 'Nicolas Fiorini');
INSERT INTO Write (AuthorID, PaperID) VALUES (2803, 1960);
INSERT INTO Author (AuthorID, Name) VALUES (2804, 'Haiwei Wu');
INSERT INTO Paper (PaperID, Title, Year, MDate, Key, DOI) VALUES (2534, 'Construction and Improvements of Bird Songs'' Classification System.', 2018, '2018-08-08', 'conf/clef/WuL18', 'http://ceur-ws.org/Vol-2125/paper_77.pdf');
INSERT INTO Write (AuthorID, PaperID) VALUES (2804, 2534);
INSERT INTO Author (AuthorID, Name) VALUES (2805, 'Linus Ericsson');
INSERT INTO Write (AuthorID, PaperID) VALUES (2805, 3255);
INSERT INTO Author (AuthorID, Name) VALUES (2806, 'Yiannis Kompatsiaris');
INSERT INTO Write (AuthorID, PaperID) VALUES (2806, 1781);
INSERT INTO Author (AuthorID, Name) VALUES (2807, 'Yuko Hara');
INSERT INTO Write (AuthorID, PaperID) VALUES (2807, 1569);
INSERT INTO Author (AuthorID, Name) VALUES (2808, 'Koki Yasumoto');
INSERT INTO Write (AuthorID, PaperID) VALUES (2808, 1569);
INSERT INTO Author (AuthorID, Name) VALUES (2809, 'Diana Ram&iacute;rez-Cifuentes');
INSERT INTO Paper (PaperID, Title, Year, MDate, Key, DOI) VALUES (114, 'UPF''s Participation at the CLEF eRisk 2018: Early Risk Prediction on the Internet.', 2018, '2018-08-08', 'conf/clef/Ramirez-Cifuentes18', 'http://ceur-ws.org/Vol-2125/paper_120.pdf');
INSERT INTO Write (AuthorID, PaperID) VALUES (2809, 114);
INSERT INTO Author (AuthorID, Name) VALUES (2810, 'Mohammed El Amine Abderrahim');
INSERT INTO Write (AuthorID, PaperID) VALUES (2810, 2322);
INSERT INTO Author (AuthorID, Name) VALUES (2811, 'Jeongmin Chae');
INSERT INTO Write (AuthorID, PaperID) VALUES (2811, 615);
INSERT INTO Author (AuthorID, Name) VALUES (2812, 'Justin van Wees');
INSERT INTO Write (AuthorID, PaperID) VALUES (2812, 232);
INSERT INTO Author (AuthorID, Name) VALUES (2813, 'Joachim Fugleberg');
INSERT INTO Write (AuthorID, PaperID) VALUES (2813, 1468);
INSERT INTO Author (AuthorID, Name) VALUES (2814, 'Jeff Z. Pan');
INSERT INTO Write (AuthorID, PaperID) VALUES (2814, 2592);
INSERT INTO Author (AuthorID, Name) VALUES (2815, 'Ming Hao');
INSERT INTO Write (AuthorID, PaperID) VALUES (2815, 343);
INSERT INTO Author (AuthorID, Name) VALUES (2816, 'Javier S&aacute;nchez-Junquera');
INSERT INTO Write (AuthorID, PaperID) VALUES (2816, 594);
INSERT INTO Author (AuthorID, Name) VALUES (2817, 'Thara S');
INSERT INTO Write (AuthorID, PaperID) VALUES (2817, 993);
INSERT INTO Author (AuthorID, Name) VALUES (2818, 'Katja Zupan');
INSERT INTO Write (AuthorID, PaperID) VALUES (2818, 1724);
INSERT INTO Author (AuthorID, Name) VALUES (2819, 'Jos&eacute; Lu&iacute;s Devezas');
INSERT INTO Write (AuthorID, PaperID) VALUES (2819, 3234);
INSERT INTO Author (AuthorID, Name) VALUES (2820, 'Daniel S&aacute;nchez-Cisneros');
INSERT INTO Write (AuthorID, PaperID) VALUES (2820, 469);
INSERT INTO Author (AuthorID, Name) VALUES (2821, 'Diana Mateus');
INSERT INTO Write (AuthorID, PaperID) VALUES (2821, 1083);
INSERT INTO Author (AuthorID, Name) VALUES (2822, 'Joana Barros');
INSERT INTO Write (AuthorID, PaperID) VALUES (2822, 1504);
INSERT INTO Author (AuthorID, Name) VALUES (2823, 'Marta Gonz&aacute;lez Rodr&iacute;guez');
INSERT INTO Write (AuthorID, PaperID) VALUES (2823, 1458);
INSERT INTO Author (AuthorID, Name) VALUES (2824, 'Belhassen Akrout');
INSERT INTO Write (AuthorID, PaperID) VALUES (2824, 1426);
INSERT INTO Author (AuthorID, Name) VALUES (2825, 'Svitlana Babych');
INSERT INTO Write (AuthorID, PaperID) VALUES (2825, 2236);
INSERT INTO Author (AuthorID, Name) VALUES (2826, 'Andreas R. Ludwig');
INSERT INTO Write (AuthorID, PaperID) VALUES (2826, 1404);
INSERT INTO Author (AuthorID, Name) VALUES (2827, 'Ismail Badache');
INSERT INTO Write (AuthorID, PaperID) VALUES (2827, 1778);
INSERT INTO Author (AuthorID, Name) VALUES (2828, 'Xing Xu');
INSERT INTO Write (AuthorID, PaperID) VALUES (2828, 3442);
INSERT INTO Author (AuthorID, Name) VALUES (2829, 'Eriks Sneiders');
INSERT INTO Write (AuthorID, PaperID) VALUES (2829, 248);
INSERT INTO Author (AuthorID, Name) VALUES (2830, 'Koki Nagatani');
INSERT INTO Write (AuthorID, PaperID) VALUES (2830, 771);
INSERT INTO Author (AuthorID, Name) VALUES (2831, 'Anh Tuan Tran 0002');
INSERT INTO Write (AuthorID, PaperID) VALUES (2831, 2624);
INSERT INTO Author (AuthorID, Name) VALUES (2832, 'Cristina G&acirc;rbacea');
INSERT INTO Write (AuthorID, PaperID) VALUES (2832, 1955);
INSERT INTO Author (AuthorID, Name) VALUES (2833, 'Sikun Chen');
INSERT INTO Write (AuthorID, PaperID) VALUES (2833, 1019);
INSERT INTO Author (AuthorID, Name) VALUES (2834, 'Ritwik Banerjee');
INSERT INTO Write (AuthorID, PaperID) VALUES (2834, 1170);
INSERT INTO Author (AuthorID, Name) VALUES (2835, 'Jos&eacute; Eleandro Cust&oacute;dio');
INSERT INTO Write (AuthorID, PaperID) VALUES (2835, 282);
INSERT INTO Author (AuthorID, Name) VALUES (2836, 'Antonia Kyriakopoulou');
INSERT INTO Write (AuthorID, PaperID) VALUES (2836, 1430);
INSERT INTO Author (AuthorID, Name) VALUES (2837, 'Juho Heimonen');
INSERT INTO Write (AuthorID, PaperID) VALUES (2837, 2372);
INSERT INTO Author (AuthorID, Name) VALUES (2838, 'Marjan Hosseinia');
INSERT INTO Write (AuthorID, PaperID) VALUES (2838, 2634);
INSERT INTO Author (AuthorID, Name) VALUES (2839, 'Yunhong Wang');
INSERT INTO Write (AuthorID, PaperID) VALUES (2839, 354);
INSERT INTO Author (AuthorID, Name) VALUES (2840, 'Cl&eacute;ment Bosc');
INSERT INTO Write (AuthorID, PaperID) VALUES (2840, 1460);
INSERT INTO Author (AuthorID, Name) VALUES (2841, 'Devanshu Jain');
INSERT INTO Paper (PaperID, Title, Year, MDate, Key, DOI) VALUES (840, 'Supervised Named Entity Recognition for Clinical Data.', 2015, '2015-09-03', 'conf/clef/Jain15', 'http://ceur-ws.org/Vol-1391/9-CR.pdf');
INSERT INTO Write (AuthorID, PaperID) VALUES (2841, 840);
INSERT INTO Author (AuthorID, Name) VALUES (2842, 'Alex Rosenthal');
INSERT INTO Write (AuthorID, PaperID) VALUES (2842, 3502);
INSERT INTO Author (AuthorID, Name) VALUES (2843, 'Jo&atilde;o Sequeira');
INSERT INTO Write (AuthorID, PaperID) VALUES (2843, 458);
INSERT INTO Author (AuthorID, Name) VALUES (2844, 'Brahim Douar');
INSERT INTO Write (AuthorID, PaperID) VALUES (2844, 1806);
INSERT INTO Author (AuthorID, Name) VALUES (2845, 'Andrei-Dumitru Balmos');
INSERT INTO Write (AuthorID, PaperID) VALUES (2845, 3440);
INSERT INTO Author (AuthorID, Name) VALUES (2846, 'Seung-Hoon Na');
INSERT INTO Write (AuthorID, PaperID) VALUES (2846, 2337);
INSERT INTO Author (AuthorID, Name) VALUES (2847, 'Modesto Castrill&oacute;n Santana');
INSERT INTO Write (AuthorID, PaperID) VALUES (2847, 1642);
INSERT INTO Author (AuthorID, Name) VALUES (2848, 'Salha Alzahrani');
INSERT INTO Write (AuthorID, PaperID) VALUES (2848, 1854);
INSERT INTO Author (AuthorID, Name) VALUES (2849, 'Pattabhi R. K. Rao');
INSERT INTO Write (AuthorID, PaperID) VALUES (2849, 3083);
INSERT INTO Author (AuthorID, Name) VALUES (2850, 'Sergio Jim&eacute;nez 0001');
INSERT INTO Write (AuthorID, PaperID) VALUES (2850, 581);
INSERT INTO Author (AuthorID, Name) VALUES (2851, 'Eduardo Valle');
INSERT INTO Write (AuthorID, PaperID) VALUES (2851, 3393);
INSERT INTO Author (AuthorID, Name) VALUES (2852, 'Syed Husnain Bukhari');
INSERT INTO Write (AuthorID, PaperID) VALUES (2852, 1945);
INSERT INTO Author (AuthorID, Name) VALUES (2853, 'Till Plumbaum');
INSERT INTO Write (AuthorID, PaperID) VALUES (2853, 126);
INSERT INTO Author (AuthorID, Name) VALUES (2854, 'L&eacute;a Delvenne');
INSERT INTO Write (AuthorID, PaperID) VALUES (2854, 1900);
INSERT INTO Author (AuthorID, Name) VALUES (2855, 'Graham McDonald');
INSERT INTO Write (AuthorID, PaperID) VALUES (2855, 640);
INSERT INTO Author (AuthorID, Name) VALUES (2856, 'Georges Linar&egrave;s');
INSERT INTO Write (AuthorID, PaperID) VALUES (2856, 328);
INSERT INTO Author (AuthorID, Name) VALUES (2857, 'Robert Leaman');
INSERT INTO Write (AuthorID, PaperID) VALUES (2857, 2251);
INSERT INTO Author (AuthorID, Name) VALUES (2858, 'S&iacute;lvia Delgado Olabarriaga');
INSERT INTO Paper (PaperID, Title, Year, MDate, Key, DOI) VALUES (754, 'Predicting Publication Inclusion for Diagnostic Accuracy Test Reviews Using Random Forests and Topic Modelling.', 2017, '2017-12-18', 'conf/clef/AltenaO17', 'http://ceur-ws.org/Vol-1866/paper_115.pdf');
INSERT INTO Write (AuthorID, PaperID) VALUES (2858, 754);
INSERT INTO Author (AuthorID, Name) VALUES (2859, 'Lynne Edwards');
INSERT INTO Write (AuthorID, PaperID) VALUES (2859, 3316);
INSERT INTO Author (AuthorID, Name) VALUES (2860, 'Ting Liu');
INSERT INTO Write (AuthorID, PaperID) VALUES (2860, 1699);
INSERT INTO Author (AuthorID, Name) VALUES (2861, 'R. Vijay Sundar Ram');
INSERT INTO Write (AuthorID, PaperID) VALUES (2861, 3083);
INSERT INTO Author (AuthorID, Name) VALUES (2862, 'Bj&ouml;rn Rudzewitz');
INSERT INTO Write (AuthorID, PaperID) VALUES (2862, 3435);
INSERT INTO Author (AuthorID, Name) VALUES (2863, 'Camille Rohrbacher');
INSERT INTO Write (AuthorID, PaperID) VALUES (2863, 1900);
INSERT INTO Author (AuthorID, Name) VALUES (2864, 'Yuanzhe Zhang');
INSERT INTO Write (AuthorID, PaperID) VALUES (2864, 897);
INSERT INTO Author (AuthorID, Name) VALUES (2865, 'Michael Kleineberg');
INSERT INTO Write (AuthorID, PaperID) VALUES (2865, 3295);
INSERT INTO Author (AuthorID, Name) VALUES (2866, 'Maxime Portaz');
INSERT INTO Write (AuthorID, PaperID) VALUES (2866, 710);
INSERT INTO Author (AuthorID, Name) VALUES (2867, 'Julio J. Castillo');
INSERT INTO Paper (PaperID, Title, Year, MDate, Key, DOI) VALUES (393, 'The Contribution of FaMAF at QA@CLEF 2008. Answer Validation Exercise.', 2008, '2014-09-29', 'conf/clef/Castillo08', 'http://ceur-ws.org/Vol-1174/CLEF2008wn-QACLEF-Castillo2008.pdf');
INSERT INTO Write (AuthorID, PaperID) VALUES (2867, 393);
INSERT INTO Author (AuthorID, Name) VALUES (2868, 'Toby P. Breckon');
INSERT INTO Write (AuthorID, PaperID) VALUES (2868, 2683);
INSERT INTO Author (AuthorID, Name) VALUES (2869, 'Francesco Grippo');
INSERT INTO Write (AuthorID, PaperID) VALUES (2869, 190);
INSERT INTO Author (AuthorID, Name) VALUES (2870, 'Jan Snajder');
INSERT INTO Paper (PaperID, Title, Year, MDate, Key, DOI) VALUES (1315, 'Evaluation of Manual Query Expansion Rules on a Domain Specific FAQ Collection.', 2015, '2018-11-02', 'conf/clef/KaranS15', 'https://doi.org/10.1007/978-3-319-24027-5_24');
INSERT INTO Write (AuthorID, PaperID) VALUES (2870, 1315);
INSERT INTO Author (AuthorID, Name) VALUES (2871, 'Ilya Sochenkov');
INSERT INTO Write (AuthorID, PaperID) VALUES (2871, 1433);
INSERT INTO Author (AuthorID, Name) VALUES (2872, 'Vladimir Salgado');
INSERT INTO Write (AuthorID, PaperID) VALUES (2872, 2393);
INSERT INTO Author (AuthorID, Name) VALUES (2873, 'Maseud Rahgozar');
INSERT INTO Write (AuthorID, PaperID) VALUES (2873, 546);
INSERT INTO Author (AuthorID, Name) VALUES (2874, 'Erik Wistrup');
INSERT INTO Write (AuthorID, PaperID) VALUES (2874, 2781);
INSERT INTO Author (AuthorID, Name) VALUES (2875, 'Barbara Kelly');
INSERT INTO Write (AuthorID, PaperID) VALUES (2875, 1156);
INSERT INTO Author (AuthorID, Name) VALUES (2876, 'Aurlie Baker');
INSERT INTO Write (AuthorID, PaperID) VALUES (2876, 783);
INSERT INTO Author (AuthorID, Name) VALUES (2877, 'Christos Sagonas');
INSERT INTO Write (AuthorID, PaperID) VALUES (2877, 1781);
INSERT INTO Author (AuthorID, Name) VALUES (2878, 'Ren&eacute; Schuster');
INSERT INTO Write (AuthorID, PaperID) VALUES (2878, 2609);
INSERT INTO Author (AuthorID, Name) VALUES (2879, 'Herman van Haagen');
INSERT INTO Write (AuthorID, PaperID) VALUES (2879, 1454);
INSERT INTO Author (AuthorID, Name) VALUES (2880, 'Vincent Ranwez');
INSERT INTO Write (AuthorID, PaperID) VALUES (2880, 1960);
INSERT INTO Author (AuthorID, Name) VALUES (2881, 'Mathias Quillot');
INSERT INTO Write (AuthorID, PaperID) VALUES (2881, 395);
INSERT INTO Author (AuthorID, Name) VALUES (2882, 'Giuseppe Tino');
INSERT INTO Write (AuthorID, PaperID) VALUES (2882, 1687);
INSERT INTO Author (AuthorID, Name) VALUES (2883, 'Marco Vanetti');
INSERT INTO Write (AuthorID, PaperID) VALUES (2883, 2013);
INSERT INTO Author (AuthorID, Name) VALUES (2884, 'Antal van den Bosch');
INSERT INTO Write (AuthorID, PaperID) VALUES (2884, 1657);
INSERT INTO Author (AuthorID, Name) VALUES (2885, 'Adeel Nawab');
INSERT INTO Write (AuthorID, PaperID) VALUES (2885, 3005);
INSERT INTO Author (AuthorID, Name) VALUES (2886, 'Shin-Jae Kang');
INSERT INTO Write (AuthorID, PaperID) VALUES (2886, 2337);
INSERT INTO Author (AuthorID, Name) VALUES (2887, 'Roberto Basili 0001');
INSERT INTO Write (AuthorID, PaperID) VALUES (2887, 1902);
INSERT INTO Author (AuthorID, Name) VALUES (2888, 'Olivier Saurer');
INSERT INTO Write (AuthorID, PaperID) VALUES (2888, 2079);
INSERT INTO Author (AuthorID, Name) VALUES (2889, 'Anita Keszler');
INSERT INTO Write (AuthorID, PaperID) VALUES (2889, 103);
INSERT INTO Author (AuthorID, Name) VALUES (2890, 'Sebastian Kastner');
INSERT INTO Write (AuthorID, PaperID) VALUES (2890, 152);
INSERT INTO Author (AuthorID, Name) VALUES (2891, 'Guangyou Zhou');
INSERT INTO Write (AuthorID, PaperID) VALUES (2891, 1413);
INSERT INTO Author (AuthorID, Name) VALUES (2892, 'Shalini Gangwar');
INSERT INTO Write (AuthorID, PaperID) VALUES (2892, 1087);
INSERT INTO Author (AuthorID, Name) VALUES (2893, 'Soonchoul Kwon');
INSERT INTO Write (AuthorID, PaperID) VALUES (2893, 2012);
INSERT INTO Author (AuthorID, Name) VALUES (2894, 'Bartosz Broda');
INSERT INTO Write (AuthorID, PaperID) VALUES (2894, 1096);
INSERT INTO Author (AuthorID, Name) VALUES (2895, 'Rim Faiz');
INSERT INTO Write (AuthorID, PaperID) VALUES (2895, 2374);
INSERT INTO Author (AuthorID, Name) VALUES (2896, 'Ivan Bilan');
INSERT INTO Paper (PaperID, Title, Year, MDate, Key, DOI) VALUES (3506, 'CAPS: A Cross-genre Author Profiling System.', 2016, '2016-08-11', 'conf/clef/BilanZ16', 'http://ceur-ws.org/Vol-1609/16090824.pdf');
INSERT INTO Write (AuthorID, PaperID) VALUES (2896, 3506);
INSERT INTO Author (AuthorID, Name) VALUES (2897, 'No&eacute;mie Petitcol');
INSERT INTO Write (AuthorID, PaperID) VALUES (2897, 1460);
INSERT INTO Author (AuthorID, Name) VALUES (2898, 'Israr Hanif');
INSERT INTO Write (AuthorID, PaperID) VALUES (2898, 3005);
INSERT INTO Author (AuthorID, Name) VALUES (2899, 'Christian Hansen');
INSERT INTO Write (AuthorID, PaperID) VALUES (2899, 2529);
INSERT INTO Author (AuthorID, Name) VALUES (2900, 'Epaminondas Kapetanios');
INSERT INTO Paper (PaperID, Title, Year, MDate, Key, DOI) VALUES (272, 'Evaluating the Impact of Personal Dictionaries for Cross-Language Information Retrieval of Socially Annotated Images.', 2008, '2014-09-29', 'conf/clef/TanaseK08', 'http://ceur-ws.org/Vol-1174/CLEF2008wn-iCLEF-TanaseEt2008.pdf');
INSERT INTO Write (AuthorID, PaperID) VALUES (2900, 272);
INSERT INTO Author (AuthorID, Name) VALUES (2901, 'Marco Turchi');
INSERT INTO Write (AuthorID, PaperID) VALUES (2901, 1074);
INSERT INTO Author (AuthorID, Name) VALUES (2902, 'Marius Kloft');
INSERT INTO Write (AuthorID, PaperID) VALUES (2902, 502);
INSERT INTO Author (AuthorID, Name) VALUES (2903, 'Fl&aacute;vio Martins');
INSERT INTO Write (AuthorID, PaperID) VALUES (2903, 1107);
INSERT INTO Author (AuthorID, Name) VALUES (2904, 'Warren Fridy III');
INSERT INTO Write (AuthorID, PaperID) VALUES (2904, 3017);
INSERT INTO Author (AuthorID, Name) VALUES (2905, 'Casper Hansen');
INSERT INTO Write (AuthorID, PaperID) VALUES (2905, 2529);
INSERT INTO Author (AuthorID, Name) VALUES (2906, 'Md Sajib Ahmed');
INSERT INTO Write (AuthorID, PaperID) VALUES (2906, 2846);
INSERT INTO Author (AuthorID, Name) VALUES (2907, 'Alexandru Calfa');
INSERT INTO Write (AuthorID, PaperID) VALUES (2907, 3302);
INSERT INTO Author (AuthorID, Name) VALUES (2908, 'Jon Dehdari');
INSERT INTO Write (AuthorID, PaperID) VALUES (2908, 1712);
INSERT INTO Author (AuthorID, Name) VALUES (2909, 'Lucas Correia Ribas');
INSERT INTO Write (AuthorID, PaperID) VALUES (2909, 1559);
INSERT INTO Author (AuthorID, Name) VALUES (2910, 'Arantza D&iacute;az de Ilarraza');
INSERT INTO Write (AuthorID, PaperID) VALUES (2910, 2400);
INSERT INTO Author (AuthorID, Name) VALUES (2911, 'Rafael E. Banchs');
INSERT INTO Write (AuthorID, PaperID) VALUES (2911, 2405);
INSERT INTO Author (AuthorID, Name) VALUES (2912, 'Sarah A. Goodman');
INSERT INTO Paper (PaperID, Title, Year, MDate, Key, DOI) VALUES (1970, 'Morphological Induction Through Linguistic Productivity.', 2008, '2014-09-29', 'conf/clef/Goodman08', 'http://ceur-ws.org/Vol-1174/CLEF2008wn-MorphoChallenge-Goodman2008.pdf');
INSERT INTO Write (AuthorID, PaperID) VALUES (2912, 1970);
INSERT INTO Author (AuthorID, Name) VALUES (2913, 'Santiago Mois&eacute;s Mola-Velasco');
INSERT INTO Paper (PaperID, Title, Year, MDate, Key, DOI) VALUES (2245, 'Wikipedia Vandalism Detection Through Machine Learning: Feature Review and New Proposals - Lab Report for PAN at CLEF 2010.', 2010, '2016-06-01', 'conf/clef/Velasco10', 'http://www.clef-initiative.eu/documents/71612/86374/CLEF2010wn-PAN-Mola%20Velasco2010.pdf');
INSERT INTO Write (AuthorID, PaperID) VALUES (2913, 2245);
INSERT INTO Author (AuthorID, Name) VALUES (2914, 'Guilherme de Oliveira da Costa Marques');
INSERT INTO Write (AuthorID, PaperID) VALUES (2914, 528);
INSERT INTO Author (AuthorID, Name) VALUES (2915, 'Daniela Grijincu');
INSERT INTO Write (AuthorID, PaperID) VALUES (2915, 40);
INSERT INTO Author (AuthorID, Name) VALUES (2916, 'Andrew D. Walker');
INSERT INTO Write (AuthorID, PaperID) VALUES (2916, 2592);
INSERT INTO Author (AuthorID, Name) VALUES (2917, 'Amal Htait');
INSERT INTO Write (AuthorID, PaperID) VALUES (2917, 3250);
INSERT INTO Author (AuthorID, Name) VALUES (2918, 'Florence Andreacola');
INSERT INTO Write (AuthorID, PaperID) VALUES (2918, 1649);
INSERT INTO Author (AuthorID, Name) VALUES (2919, 'Harry Hochheiser');
INSERT INTO Write (AuthorID, PaperID) VALUES (2919, 7);
INSERT INTO Author (AuthorID, Name) VALUES (2920, 'Marco Ferrante');
INSERT INTO Write (AuthorID, PaperID) VALUES (2920, 2540);
INSERT INTO Author (AuthorID, Name) VALUES (2921, 'Sarah H. Harvey');
INSERT INTO Paper (PaperID, Title, Year, MDate, Key, DOI) VALUES (388, 'Author Verification using PPM with Parts of Speech Tagging.', 2014, '2019-03-07', 'conf/clef/Harvey14', 'http://ceur-ws.org/Vol-1180/CLEF2014wn-Pan-Harvey2014.pdf');
INSERT INTO Write (AuthorID, PaperID) VALUES (2921, 388);
INSERT INTO Author (AuthorID, Name) VALUES (2922, 'A. Lamb');
INSERT INTO Write (AuthorID, PaperID) VALUES (2922, 3437);
INSERT INTO Author (AuthorID, Name) VALUES (2923, 'Georgios Barlas');
INSERT INTO Write (AuthorID, PaperID) VALUES (2923, 3447);
INSERT INTO Author (AuthorID, Name) VALUES (2924, 'Istv&aacute;n Heged&uuml;s');
INSERT INTO Write (AuthorID, PaperID) VALUES (2924, 1130);
INSERT INTO Author (AuthorID, Name) VALUES (2925, 'Anastasia Motrenko');
INSERT INTO Write (AuthorID, PaperID) VALUES (2925, 326);
INSERT INTO Author (AuthorID, Name) VALUES (2926, 'Tobias Strau&szlig;');
INSERT INTO Write (AuthorID, PaperID) VALUES (2926, 679);
INSERT INTO Author (AuthorID, Name) VALUES (2927, 'Mariusz Paradowski');
INSERT INTO Write (AuthorID, PaperID) VALUES (2927, 1096);
INSERT INTO Author (AuthorID, Name) VALUES (2928, 'Thi Quynh Nhi Tran');
INSERT INTO Write (AuthorID, PaperID) VALUES (2928, 447);
INSERT INTO Author (AuthorID, Name) VALUES (2929, 'Zolt&aacute;n Mikl&oacute;s 0001');
INSERT INTO Write (AuthorID, PaperID) VALUES (2929, 565);
INSERT INTO Author (AuthorID, Name) VALUES (2930, 'Cristina Serban');
INSERT INTO Write (AuthorID, PaperID) VALUES (2930, 1987);
INSERT INTO Author (AuthorID, Name) VALUES (2931, 'Helga Piorek');
INSERT INTO Write (AuthorID, PaperID) VALUES (2931, 1404);
INSERT INTO Author (AuthorID, Name) VALUES (2932, 'Yu-Cheng Liu');
INSERT INTO Paper (PaperID, Title, Year, MDate, Key, DOI) VALUES (214, 'CLEFeHealth 2014 Normalization of Information Extraction Challenge using Multi-model Method.', 2014, '2014-09-10', 'conf/clef/LiuK14', 'http://ceur-ws.org/Vol-1180/CLEF2014wn-eHealth-LiuEt2014a.pdf');
INSERT INTO Write (AuthorID, PaperID) VALUES (2932, 214);
INSERT INTO Author (AuthorID, Name) VALUES (2933, 'Manfred Gschwandtner');
INSERT INTO Write (AuthorID, PaperID) VALUES (2933, 3106);
INSERT INTO Author (AuthorID, Name) VALUES (2934, 'Nithish B. Moudhgalya');
INSERT INTO Write (AuthorID, PaperID) VALUES (2934, 2694);
INSERT INTO Author (AuthorID, Name) VALUES (2935, 'Ricardo A. Baeza-Yates');
INSERT INTO Paper (PaperID, Title, Year, MDate, Key, DOI) VALUES (884, 'Retrieval Evaluation in Practice.', 2010, '2018-06-26', 'conf/clef/Baeza-Yates10', 'https://doi.org/10.1007/978-3-642-15998-5_2');
INSERT INTO Write (AuthorID, PaperID) VALUES (2935, 884);
INSERT INTO Author (AuthorID, Name) VALUES (2936, 'Istv&aacute;n Nagy T.');
INSERT INTO Write (AuthorID, PaperID) VALUES (2936, 1397);
INSERT INTO Author (AuthorID, Name) VALUES (2937, 'Fran&ccedil;ois Munoz');
INSERT INTO Write (AuthorID, PaperID) VALUES (2937, 2700);
INSERT INTO Author (AuthorID, Name) VALUES (2938, 'Vincent Van Asch');
INSERT INTO Write (AuthorID, PaperID) VALUES (2938, 3382);
INSERT INTO Author (AuthorID, Name) VALUES (2939, 'Georgi Karadjov');
INSERT INTO Write (AuthorID, PaperID) VALUES (2939, 659);
INSERT INTO Author (AuthorID, Name) VALUES (2940, 'Pablo Su&aacute;rez');
INSERT INTO Write (AuthorID, PaperID) VALUES (2940, 1509);
INSERT INTO Author (AuthorID, Name) VALUES (2941, 'Max Pfingsthorn');
INSERT INTO Write (AuthorID, PaperID) VALUES (2941, 2226);
INSERT INTO Author (AuthorID, Name) VALUES (2942, 'Gregor Thurmair');
INSERT INTO Paper (PaperID, Title, Year, MDate, Key, DOI) VALUES (991, 'Issues When Building CLIR Applications: Outline of Invited Talk at CLEF 2004 Workshop.', 2004, '2014-08-15', 'conf/clef/Thurmair04', 'http://ceur-ws.org/Vol-1170/CLEF2004wn-other-Thurmair2004.pdf');
INSERT INTO Write (AuthorID, PaperID) VALUES (2942, 991);
INSERT INTO Author (AuthorID, Name) VALUES (2943, 'Stefan Klampfl');
INSERT INTO Write (AuthorID, PaperID) VALUES (2943, 3371);
INSERT INTO Author (AuthorID, Name) VALUES (2944, 'Maya Satratzemi');
INSERT INTO Write (AuthorID, PaperID) VALUES (2944, 1553);
INSERT INTO Author (AuthorID, Name) VALUES (2945, 'David Hern&aacute;ndez-Aranda');
INSERT INTO Write (AuthorID, PaperID) VALUES (2945, 996);
INSERT INTO Author (AuthorID, Name) VALUES (2946, 'Fr&eacute;d&eacute;rique Segond');
INSERT INTO Write (AuthorID, PaperID) VALUES (2946, 2539);
INSERT INTO Author (AuthorID, Name) VALUES (2947, 'Georgios Paltoglou');
INSERT INTO Write (AuthorID, PaperID) VALUES (2947, 1577);
INSERT INTO Author (AuthorID, Name) VALUES (2948, 'Feraena Bibyna');
INSERT INTO Write (AuthorID, PaperID) VALUES (2948, 3054);
INSERT INTO Author (AuthorID, Name) VALUES (2949, 'Navdeep Sood');
INSERT INTO Paper (PaperID, Title, Year, MDate, Key, DOI) VALUES (407, 'Disorder Concept Identification from Clinical Notes: an Experience with the ShARe/CLEF 2013 Challenge.', 2013, '2014-09-10', 'conf/clef/FanSH13', 'http://ceur-ws.org/Vol-1179/CLEF2013wn-CLEFeHealth-FanEt2013.pdf');
INSERT INTO Write (AuthorID, PaperID) VALUES (2949, 407);
INSERT INTO Author (AuthorID, Name) VALUES (2950, 'Ralf Zimmermann');
INSERT INTO Write (AuthorID, PaperID) VALUES (2950, 3211);
INSERT INTO Author (AuthorID, Name) VALUES (2951, 'Cynthia C. S. Liem');
INSERT INTO Write (AuthorID, PaperID) VALUES (2951, 490);
INSERT INTO Author (AuthorID, Name) VALUES (2952, 'Tsun-Hsien Tang');
INSERT INTO Write (AuthorID, PaperID) VALUES (2952, 1246);
INSERT INTO Author (AuthorID, Name) VALUES (2953, 'Xuanjing Huang');
INSERT INTO Write (AuthorID, PaperID) VALUES (2953, 3508);
INSERT INTO Author (AuthorID, Name) VALUES (2954, 'Rodrigo de Carvalho Gomes');
INSERT INTO Write (AuthorID, PaperID) VALUES (2954, 1559);
INSERT INTO Author (AuthorID, Name) VALUES (2955, 'Mohamed Ezzarka');
INSERT INTO Write (AuthorID, PaperID) VALUES (2955, 3176);
INSERT INTO Author (AuthorID, Name) VALUES (2956, 'Moshe Koppel');
INSERT INTO Write (AuthorID, PaperID) VALUES (2956, 3351);
INSERT INTO Author (AuthorID, Name) VALUES (2957, 'Ill&eacute;s Solt');
INSERT INTO Write (AuthorID, PaperID) VALUES (2957, 2195);
INSERT INTO Author (AuthorID, Name) VALUES (2958, 'Sergio Duarte');
INSERT INTO Write (AuthorID, PaperID) VALUES (2958, 522);
INSERT INTO Author (AuthorID, Name) VALUES (2959, 'Jos&eacute; Duarte');
INSERT INTO Write (AuthorID, PaperID) VALUES (2959, 942);
INSERT INTO Author (AuthorID, Name) VALUES (2960, 'Adrian Michalke');
INSERT INTO Write (AuthorID, PaperID) VALUES (2960, 1369);
INSERT INTO Author (AuthorID, Name) VALUES (2961, 'Anand');
INSERT INTO Write (AuthorID, PaperID) VALUES (2961, 1451);
INSERT INTO Author (AuthorID, Name) VALUES (2962, 'Sanna Kumpulainen');
INSERT INTO Write (AuthorID, PaperID) VALUES (2962, 2447);
INSERT INTO Author (AuthorID, Name) VALUES (2963, 'Mike Nachtegael');
INSERT INTO Write (AuthorID, PaperID) VALUES (2963, 2195);
INSERT INTO Author (AuthorID, Name) VALUES (2964, 'Eduard Snezhko');
INSERT INTO Write (AuthorID, PaperID) VALUES (2964, 3502);
INSERT INTO Author (AuthorID, Name) VALUES (2965, 'Jong-Hyeok Lee');
INSERT INTO Paper (PaperID, Title, Year, MDate, Key, DOI) VALUES (1307, 'Subtopic Mining Based on Head-Modifier Relation and Co-occurrence of Intents Using Web Documents.', 2013, '2017-05-24', 'conf/clef/KimL13', 'https://doi.org/10.1007/978-3-642-40802-1_22');
INSERT INTO Write (AuthorID, PaperID) VALUES (2965, 1307);
INSERT INTO Author (AuthorID, Name) VALUES (2966, 'Ingride-Paula Epure');
INSERT INTO Write (AuthorID, PaperID) VALUES (2966, 2863);
INSERT INTO Author (AuthorID, Name) VALUES (2967, 'Anjara Saloma');
INSERT INTO Write (AuthorID, PaperID) VALUES (2967, 2437);
INSERT INTO Author (AuthorID, Name) VALUES (2968, 'Juan Sebastian Ot&aacute;lora Montenegro');
INSERT INTO Write (AuthorID, PaperID) VALUES (2968, 100);
INSERT INTO Author (AuthorID, Name) VALUES (2969, 'Rodrigo Tripodi Calumby');
INSERT INTO Write (AuthorID, PaperID) VALUES (2969, 3164);
INSERT INTO Author (AuthorID, Name) VALUES (2970, 'Asem Kasem');
INSERT INTO Paper (PaperID, Title, Year, MDate, Key, DOI) VALUES (707, 'Leveraging Content and Context in Understanding Activities of Daily Living.', 2018, '2018-08-08', 'conf/clef/DaoKN18', 'http://ceur-ws.org/Vol-2125/paper_158.pdf');
INSERT INTO Write (AuthorID, PaperID) VALUES (2970, 707);
INSERT INTO Author (AuthorID, Name) VALUES (2971, 'Julia Baquero');
INSERT INTO Write (AuthorID, PaperID) VALUES (2971, 581);
INSERT INTO Author (AuthorID, Name) VALUES (2972, 'Pedro Saleiro');
INSERT INTO Write (AuthorID, PaperID) VALUES (2972, 3118);
INSERT INTO Author (AuthorID, Name) VALUES (2973, 'Eun-Bee Kang');
INSERT INTO Write (AuthorID, PaperID) VALUES (2973, 1900);
INSERT INTO Author (AuthorID, Name) VALUES (2974, 'Se-Jong Kim');
INSERT INTO Write (AuthorID, PaperID) VALUES (2974, 1307);
INSERT INTO Author (AuthorID, Name) VALUES (2975, 'Chih-Hsuan Wei');
INSERT INTO Write (AuthorID, PaperID) VALUES (2975, 1707);
INSERT INTO Author (AuthorID, Name) VALUES (2976, 'Lun-Wei Ku');
INSERT INTO Write (AuthorID, PaperID) VALUES (2976, 214);
INSERT INTO Author (AuthorID, Name) VALUES (2977, 'Charalampos Marantos');
INSERT INTO Write (AuthorID, PaperID) VALUES (2977, 783);
INSERT INTO Author (AuthorID, Name) VALUES (2978, 'V&iacute;ctor David M&eacute;ndez S&aacute;enz');
INSERT INTO Write (AuthorID, PaperID) VALUES (2978, 784);
INSERT INTO Author (AuthorID, Name) VALUES (2979, 'Claude Roux');
INSERT INTO Write (AuthorID, PaperID) VALUES (2979, 737);
INSERT INTO Author (AuthorID, Name) VALUES (2980, 'Ren&eacute; Arnulfo Garc&iacute;a-Hern&aacute;ndez');
INSERT INTO Paper (PaperID, Title, Year, MDate, Key, DOI) VALUES (1871, 'UAEMex at ImageCLEF 2016: Handwritten Retrieval.', 2016, '2016-08-11', 'conf/clef/CalderonGL16', 'http://ceur-ws.org/Vol-1609/16090299.pdf');
INSERT INTO Write (AuthorID, PaperID) VALUES (2980, 1871);
INSERT INTO Author (AuthorID, Name) VALUES (2981, 'Dawn J. Lawrie');
INSERT INTO Write (AuthorID, PaperID) VALUES (2981, 3115);
INSERT INTO Author (AuthorID, Name) VALUES (2982, 'Marco Bertini');
INSERT INTO Write (AuthorID, PaperID) VALUES (2982, 118);
INSERT INTO Author (AuthorID, Name) VALUES (2983, 'Jordan Fr&eacute;ry');
INSERT INTO Write (AuthorID, PaperID) VALUES (2983, 2439);
INSERT INTO Author (AuthorID, Name) VALUES (2984, 'Nathana&ecirc;la Andrianasolo');
INSERT INTO Write (AuthorID, PaperID) VALUES (2984, 925);
INSERT INTO Author (AuthorID, Name) VALUES (2985, 'Vincent Emonet');
INSERT INTO Write (AuthorID, PaperID) VALUES (2985, 1169);
INSERT INTO Author (AuthorID, Name) VALUES (2986, 'Xiangdong Su');
INSERT INTO Write (AuthorID, PaperID) VALUES (2986, 1050);
INSERT INTO Author (AuthorID, Name) VALUES (2987, 'Maximilian Michel');
INSERT INTO Write (AuthorID, PaperID) VALUES (2987, 2113);
INSERT INTO Author (AuthorID, Name) VALUES (2988, 'Mark A. Greenwood');
INSERT INTO Write (AuthorID, PaperID) VALUES (2988, 3032);
INSERT INTO Author (AuthorID, Name) VALUES (2989, 'Yan Liu');
INSERT INTO Write (AuthorID, PaperID) VALUES (2989, 3221);
INSERT INTO Author (AuthorID, Name) VALUES (2990, 'Marco Dussin');
INSERT INTO Write (AuthorID, PaperID) VALUES (2990, 1687);
INSERT INTO Author (AuthorID, Name) VALUES (2991, 'Binod Gyawali');
INSERT INTO Write (AuthorID, PaperID) VALUES (2991, 1777);
INSERT INTO Author (AuthorID, Name) VALUES (2992, 'Serguei A. Mokhov');
INSERT INTO Paper (PaperID, Title, Year, MDate, Key, DOI) VALUES (827, 'A MARFCLEF Approach to LifeCLEF 2015 Tasks.', 2015, '2015-09-03', 'conf/clef/Mokhov15', 'http://ceur-ws.org/Vol-1391/165-CR.pdf');
INSERT INTO Write (AuthorID, PaperID) VALUES (2992, 827);
INSERT INTO Author (AuthorID, Name) VALUES (2993, 'Bruno Tellez');
INSERT INTO Write (AuthorID, PaperID) VALUES (2993, 1252);
INSERT INTO Author (AuthorID, Name) VALUES (2994, 'Nada Ghneim');
INSERT INTO Write (AuthorID, PaperID) VALUES (2994, 3052);
INSERT INTO Author (AuthorID, Name) VALUES (2995, 'C&eacute;cile Fabre');
INSERT INTO Write (AuthorID, PaperID) VALUES (2995, 1900);
INSERT INTO Author (AuthorID, Name) VALUES (2996, 'Jorge Cabrera-G&aacute;mez');
INSERT INTO Write (AuthorID, PaperID) VALUES (2996, 1642);
INSERT INTO Author (AuthorID, Name) VALUES (2997, 'Maya Carrillo');
INSERT INTO Write (AuthorID, PaperID) VALUES (2997, 2075);
INSERT INTO Author (AuthorID, Name) VALUES (2998, 'Karolina Brodzinska');
INSERT INTO Write (AuthorID, PaperID) VALUES (2998, 473);
INSERT INTO Author (AuthorID, Name) VALUES (2999, 'Angel Israel Toledo Castro');
INSERT INTO Write (AuthorID, PaperID) VALUES (2999, 2938);
INSERT INTO Author (AuthorID, Name) VALUES (3000, 'Rhulani Maluleka');
INSERT INTO Paper (PaperID, Title, Year, MDate, Key, DOI) VALUES (153, 'Derivative Approach for Plagiarism Source Retrieval.', 2016, '2016-08-11', 'conf/clef/Maluleka16', 'http://ceur-ws.org/Vol-1609/16090929.pdf');
INSERT INTO Write (AuthorID, PaperID) VALUES (3000, 153);
INSERT INTO Author (AuthorID, Name) VALUES (3001, 'Robert Sorrentino');
INSERT INTO Write (AuthorID, PaperID) VALUES (3001, 1132);
INSERT INTO Author (AuthorID, Name) VALUES (3002, 'Xinjian Li');
INSERT INTO Write (AuthorID, PaperID) VALUES (3002, 2346);
INSERT INTO Author (AuthorID, Name) VALUES (3003, 'Ana&iuml;s Mottaz');
INSERT INTO Write (AuthorID, PaperID) VALUES (3003, 3198);
INSERT INTO Author (AuthorID, Name) VALUES (3004, 'J. Gomar');
INSERT INTO Write (AuthorID, PaperID) VALUES (3004, 1820);
INSERT INTO Author (AuthorID, Name) VALUES (3005, 'Salar Khayat Mirza Rasouli');
INSERT INTO Write (AuthorID, PaperID) VALUES (3005, 1590);
INSERT INTO Author (AuthorID, Name) VALUES (3006, 'Li Zhang');
INSERT INTO Write (AuthorID, PaperID) VALUES (3006, 354);
INSERT INTO Author (AuthorID, Name) VALUES (3007, 'Nicolas Thome');
INSERT INTO Write (AuthorID, PaperID) VALUES (3007, 3393);
INSERT INTO Author (AuthorID, Name) VALUES (3008, 'Alex Yong-Sang Chia');
INSERT INTO Write (AuthorID, PaperID) VALUES (3008, 895);
INSERT INTO Author (AuthorID, Name) VALUES (3009, 'Siddharth Divi');
INSERT INTO Write (AuthorID, PaperID) VALUES (3009, 2694);
INSERT INTO Author (AuthorID, Name) VALUES (3010, 'Tom Gedeon');
INSERT INTO Write (AuthorID, PaperID) VALUES (3010, 2195);
INSERT INTO Author (AuthorID, Name) VALUES (3011, 'Natalia Viani');
INSERT INTO Write (AuthorID, PaperID) VALUES (3011, 1259);
INSERT INTO Author (AuthorID, Name) VALUES (3012, 'Adolfo T. Camacho-Gonz&aacute;lez');
INSERT INTO Write (AuthorID, PaperID) VALUES (3012, 3362);
INSERT INTO Author (AuthorID, Name) VALUES (3013, 'April Kontostathis');
INSERT INTO Write (AuthorID, PaperID) VALUES (3013, 3316);
INSERT INTO Author (AuthorID, Name) VALUES (3014, 'Vlad Valea');
INSERT INTO Write (AuthorID, PaperID) VALUES (3014, 3374);
INSERT INTO Author (AuthorID, Name) VALUES (3015, 'Mohamed Hamed Kholief');
INSERT INTO Write (AuthorID, PaperID) VALUES (3015, 3104);
INSERT INTO Author (AuthorID, Name) VALUES (3016, 'Nikolaos Sakiotis');
INSERT INTO Write (AuthorID, PaperID) VALUES (3016, 1825);
INSERT INTO Author (AuthorID, Name) VALUES (3017, 'Wei-jiang Long');
INSERT INTO Write (AuthorID, PaperID) VALUES (3017, 1048);
INSERT INTO Author (AuthorID, Name) VALUES (3018, 'Marta R. Costa-juss&agrave;');
INSERT INTO Write (AuthorID, PaperID) VALUES (3018, 2405);
INSERT INTO Author (AuthorID, Name) VALUES (3019, 'Nikolina Koleva');
INSERT INTO Paper (PaperID, Title, Year, MDate, Key, DOI) VALUES (2110, 'CSGS: Adapting a Short Answer Scoring System for Multiple-choice Reading Comprehension Exercises.', 2014, '2014-12-03', 'conf/clef/OstermannKPH14', 'http://ceur-ws.org/Vol-1180/CLEF2014wn-QA-OstermannEt2014.pdf');
INSERT INTO Write (AuthorID, PaperID) VALUES (3019, 2110);
INSERT INTO Author (AuthorID, Name) VALUES (3020, 'Angelo Nodari');
INSERT INTO Write (AuthorID, PaperID) VALUES (3020, 2013);
INSERT INTO Author (AuthorID, Name) VALUES (3021, 'Andon Tchechmedjiev');
INSERT INTO Write (AuthorID, PaperID) VALUES (3021, 1169);
INSERT INTO Author (AuthorID, Name) VALUES (3022, 'Aadarsh Sampath');
INSERT INTO Write (AuthorID, PaperID) VALUES (3022, 215);
INSERT INTO Author (AuthorID, Name) VALUES (3023, 'Antoine Sevilla');
INSERT INTO Write (AuthorID, PaperID) VALUES (3023, 1467);
INSERT INTO Author (AuthorID, Name) VALUES (3024, 'Andreas Fritzler');
INSERT INTO Write (AuthorID, PaperID) VALUES (3024, 677);
INSERT INTO Author (AuthorID, Name) VALUES (3025, 'Yiqun Li');
INSERT INTO Write (AuthorID, PaperID) VALUES (3025, 365);
INSERT INTO Author (AuthorID, Name) VALUES (3026, 'Veronika Stefanov');
INSERT INTO Write (AuthorID, PaperID) VALUES (3026, 3106);
INSERT INTO Author (AuthorID, Name) VALUES (3027, 'Penny Chong');
INSERT INTO Write (AuthorID, PaperID) VALUES (3027, 561);
INSERT INTO Author (AuthorID, Name) VALUES (3028, 'Bashar Talafha');
INSERT INTO Write (AuthorID, PaperID) VALUES (3028, 1038);
INSERT INTO Author (AuthorID, Name) VALUES (3029, 'Karla L. Caballero Barajas');
INSERT INTO Paper (PaperID, Title, Year, MDate, Key, DOI) VALUES (1294, 'Incorporating Statistical Topic Models in the Retrieval of Healthcare Documents.', 2013, '2014-09-10', 'conf/clef/BarajasA13', 'http://ceur-ws.org/Vol-1179/CLEF2013wn-CLEFeHealth-CaballeroEt2013.pdf');
INSERT INTO Write (AuthorID, PaperID) VALUES (3029, 1294);
INSERT INTO Author (AuthorID, Name) VALUES (3030, 'Anastasia Giachanou');
INSERT INTO Write (AuthorID, PaperID) VALUES (3030, 1553);
INSERT INTO Author (AuthorID, Name) VALUES (3031, 'Carlos E. Gonz&aacute;lez-Gallardo');
INSERT INTO Write (AuthorID, PaperID) VALUES (3031, 2187);
INSERT INTO Author (AuthorID, Name) VALUES (3032, 'Ioannis Boutsis');
INSERT INTO Write (AuthorID, PaperID) VALUES (3032, 995);
INSERT INTO Author (AuthorID, Name) VALUES (3033, 'Arnd Oberl&auml;nder');
INSERT INTO Write (AuthorID, PaperID) VALUES (3033, 2113);
INSERT INTO Author (AuthorID, Name) VALUES (3034, 'Karin Verspoor');
INSERT INTO Write (AuthorID, PaperID) VALUES (3034, 3474);
INSERT INTO Author (AuthorID, Name) VALUES (3035, 'Chong Long');
INSERT INTO Write (AuthorID, PaperID) VALUES (3035, 620);
INSERT INTO Author (AuthorID, Name) VALUES (3036, 'Hai Vu');
INSERT INTO Write (AuthorID, PaperID) VALUES (3036, 687);
INSERT INTO Author (AuthorID, Name) VALUES (3037, 'Johan Oomen');
INSERT INTO Paper (PaperID, Title, Year, MDate, Key, DOI) VALUES (2501, 'User-centric Approaches to Annotating and Presenting the Audiovisual Memory of the Netherlands.', 2011, '2014-09-24', 'conf/clef/Oomen11', 'http://www.clef-initiative.eu/documents/71612/86377/CLEF2011wn-CHiC-Oomen2011.pdf');
INSERT INTO Write (AuthorID, PaperID) VALUES (3037, 2501);
INSERT INTO Author (AuthorID, Name) VALUES (3038, 'Sascha Saretz');
INSERT INTO Write (AuthorID, PaperID) VALUES (3038, 1515);
INSERT INTO Author (AuthorID, Name) VALUES (3039, 'Shahram Ebadollahi');
INSERT INTO Write (AuthorID, PaperID) VALUES (3039, 1132);
INSERT INTO Author (AuthorID, Name) VALUES (3040, 'Benno Weck');
INSERT INTO Write (AuthorID, PaperID) VALUES (3040, 2160);
INSERT INTO Author (AuthorID, Name) VALUES (3041, 'Noel C. F. Codella');
INSERT INTO Write (AuthorID, PaperID) VALUES (3041, 2815);
INSERT INTO Author (AuthorID, Name) VALUES (3042, 'Joan Mas');
INSERT INTO Write (AuthorID, PaperID) VALUES (3042, 1589);
INSERT INTO Author (AuthorID, Name) VALUES (3043, 'Beichen Wang');
INSERT INTO Write (AuthorID, PaperID) VALUES (3043, 81);
INSERT INTO Author (AuthorID, Name) VALUES (3044, 'Dani&euml;l van der Hall');
INSERT INTO Write (AuthorID, PaperID) VALUES (3044, 962);
INSERT INTO Author (AuthorID, Name) VALUES (3045, 'Shachar Seidman');
INSERT INTO Paper (PaperID, Title, Year, MDate, Key, DOI) VALUES (2142, 'Authorship Verification Using the Impostors Method Notebook for PAN at CLEF 2013.', 2013, '2014-09-10', 'conf/clef/Seidman13', 'http://ceur-ws.org/Vol-1179/CLEF2013wn-PAN-Seidman2013.pdf');
INSERT INTO Write (AuthorID, PaperID) VALUES (3045, 2142);
INSERT INTO Author (AuthorID, Name) VALUES (3046, 'Judith Liebetrau');
INSERT INTO Write (AuthorID, PaperID) VALUES (3046, 2899);
INSERT INTO Author (AuthorID, Name) VALUES (3047, 'Vania Lavielle-Castro');
INSERT INTO Write (AuthorID, PaperID) VALUES (3047, 1730);
INSERT INTO Author (AuthorID, Name) VALUES (3048, 'Anam Zahid');
INSERT INTO Write (AuthorID, PaperID) VALUES (3048, 215);
INSERT INTO Author (AuthorID, Name) VALUES (3049, 'David Feng');
INSERT INTO Write (AuthorID, PaperID) VALUES (3049, 1850);
INSERT INTO Author (AuthorID, Name) VALUES (3050, 'Iqra Ameer');
INSERT INTO Write (AuthorID, PaperID) VALUES (3050, 1885);
INSERT INTO Author (AuthorID, Name) VALUES (3051, 'Mucahid Kutlu');
INSERT INTO Write (AuthorID, PaperID) VALUES (3051, 2607);
INSERT INTO Author (AuthorID, Name) VALUES (3052, 'Aman Berhane Ghirmatsion');
INSERT INTO Write (AuthorID, PaperID) VALUES (3052, 1756);
INSERT INTO Author (AuthorID, Name) VALUES (3053, 'Hoang Thi Bich Ngoc');
INSERT INTO Write (AuthorID, PaperID) VALUES (3053, 1225);
INSERT INTO Author (AuthorID, Name) VALUES (3054, 'Wee-Yong Lim');
INSERT INTO Write (AuthorID, PaperID) VALUES (3054, 1610);
INSERT INTO Author (AuthorID, Name) VALUES (3055, 'Valentin Leveau');
INSERT INTO Write (AuthorID, PaperID) VALUES (3055, 3152);
INSERT INTO Author (AuthorID, Name) VALUES (3056, 'Rafa Haro R.');
INSERT INTO Write (AuthorID, PaperID) VALUES (3056, 686);
INSERT INTO Author (AuthorID, Name) VALUES (3057, 'Delphine Pois');
INSERT INTO Write (AuthorID, PaperID) VALUES (3057, 1621);
INSERT INTO Author (AuthorID, Name) VALUES (3058, 'Ankit Gupta');
INSERT INTO Write (AuthorID, PaperID) VALUES (3058, 649);
INSERT INTO Author (AuthorID, Name) VALUES (3059, 'Marc Pollefeys');
INSERT INTO Write (AuthorID, PaperID) VALUES (3059, 2079);
INSERT INTO Author (AuthorID, Name) VALUES (3060, 'Khyathi Raghavi Chandu');
INSERT INTO Write (AuthorID, PaperID) VALUES (3060, 2240);
INSERT INTO Author (AuthorID, Name) VALUES (3061, 'Manisha Verma');
INSERT INTO Write (AuthorID, PaperID) VALUES (3061, 3173);
INSERT INTO Author (AuthorID, Name) VALUES (3062, 'Kazunori Okada');
INSERT INTO Write (AuthorID, PaperID) VALUES (3062, 1349);
INSERT INTO Author (AuthorID, Name) VALUES (3063, 'Jo&atilde;o Loureiro');
INSERT INTO Write (AuthorID, PaperID) VALUES (3063, 1974);
INSERT INTO Author (AuthorID, Name) VALUES (3064, 'Mar&iacute;a Pel&aacute;ez Brioso');
INSERT INTO Write (AuthorID, PaperID) VALUES (3064, 1600);
INSERT INTO Author (AuthorID, Name) VALUES (3065, 'Allard J. van Altena');
INSERT INTO Write (AuthorID, PaperID) VALUES (3065, 754);
INSERT INTO Author (AuthorID, Name) VALUES (3066, 'Alonso Palomino Garibay');
INSERT INTO Write (AuthorID, PaperID) VALUES (3066, 3362);
INSERT INTO Author (AuthorID, Name) VALUES (3067, 'Harrisen Scells');
INSERT INTO Write (AuthorID, PaperID) VALUES (3067, 2952);
INSERT INTO Author (AuthorID, Name) VALUES (3068, 'Nomena Ny Hoavy');
INSERT INTO Write (AuthorID, PaperID) VALUES (3068, 1149);
INSERT INTO Author (AuthorID, Name) VALUES (3069, 'Alexander Henn');
INSERT INTO Write (AuthorID, PaperID) VALUES (3069, 2236);
INSERT INTO Author (AuthorID, Name) VALUES (3070, 'Jahna Otterbacher');
INSERT INTO Paper (PaperID, Title, Year, MDate, Key, DOI) VALUES (236, 'Addressing Social Bias in Information Retrieval.', 2018, '2018-09-13', 'conf/clef/Otterbacher18', 'https://doi.org/10.1007/978-3-319-98932-7_11');
INSERT INTO Write (AuthorID, PaperID) VALUES (3070, 236);
INSERT INTO Author (AuthorID, Name) VALUES (3071, 'Aline Bourriot');
INSERT INTO Write (AuthorID, PaperID) VALUES (3071, 1900);
INSERT INTO Author (AuthorID, Name) VALUES (3072, 'Kristiyan Mitov');
INSERT INTO Write (AuthorID, PaperID) VALUES (3072, 1568);
INSERT INTO Author (AuthorID, Name) VALUES (3073, 'Wei Song');
INSERT INTO Write (AuthorID, PaperID) VALUES (3073, 3326);
INSERT INTO Author (AuthorID, Name) VALUES (3074, 'Hyunjong Lee');
INSERT INTO Paper (PaperID, Title, Year, MDate, Key, DOI) VALUES (3415, 'Using Feature Selection Metrics for Polarity Analysis in RepLab 2012.', 2012, '2014-09-24', 'conf/clef/JeongL12', 'http://www.clef-initiative.eu/documents/71612/b3658c88-d185-4f02-bf01-f426207a3075');
INSERT INTO Write (AuthorID, PaperID) VALUES (3074, 3415);
INSERT INTO Author (AuthorID, Name) VALUES (3075, 'Bassem Bsir');
INSERT INTO Write (AuthorID, PaperID) VALUES (3075, 2374);
INSERT INTO Author (AuthorID, Name) VALUES (3076, 'Maryna Chernyshevich');
INSERT INTO Write (AuthorID, PaperID) VALUES (3076, 1142);
INSERT INTO Author (AuthorID, Name) VALUES (3077, 'William J. Byrne');
INSERT INTO Write (AuthorID, PaperID) VALUES (3077, 2387);
INSERT INTO Author (AuthorID, Name) VALUES (3078, 'Dorian Roques');
INSERT INTO Write (AuthorID, PaperID) VALUES (3078, 2326);
INSERT INTO Author (AuthorID, Name) VALUES (3079, 'Tim Kreutz');
INSERT INTO Write (AuthorID, PaperID) VALUES (3079, 294);
INSERT INTO Author (AuthorID, Name) VALUES (3080, 'Ana I. Torre-Bastida');
INSERT INTO Write (AuthorID, PaperID) VALUES (3080, 1458);
INSERT INTO Author (AuthorID, Name) VALUES (3081, 'Sivaramakrishnan Rajaraman');
INSERT INTO Write (AuthorID, PaperID) VALUES (3081, 3133);
INSERT INTO Author (AuthorID, Name) VALUES (3082, 'Dan Anton');
INSERT INTO Write (AuthorID, PaperID) VALUES (3082, 1593);
INSERT INTO Author (AuthorID, Name) VALUES (3083, 'Scott Nowson');
INSERT INTO Write (AuthorID, PaperID) VALUES (3083, 737);
INSERT INTO Author (AuthorID, Name) VALUES (3084, 'Yasmany Garc&iacute;a-Mondeja');
INSERT INTO Write (AuthorID, PaperID) VALUES (3084, 1730);
INSERT INTO Author (AuthorID, Name) VALUES (3085, 'Aftab Hassan');
INSERT INTO Write (AuthorID, PaperID) VALUES (3085, 1963);
INSERT INTO Author (AuthorID, Name) VALUES (3086, 'Lukasz Gagala');
INSERT INTO Paper (PaperID, Title, Year, MDate, Key, DOI) VALUES (1112, 'Authorship Attribution with Neural Networks and Multiple Features: Notebook for PAN at CLEF 2018.', 2018, '2018-08-08', 'conf/clef/Gagala18', 'http://ceur-ws.org/Vol-2125/paper_146.pdf');
INSERT INTO Write (AuthorID, PaperID) VALUES (3086, 1112);
INSERT INTO Author (AuthorID, Name) VALUES (3087, 'George Tsatsaronis');
INSERT INTO Write (AuthorID, PaperID) VALUES (3087, 2106);
INSERT INTO Author (AuthorID, Name) VALUES (3088, 'Merijn Vogel');
INSERT INTO Write (AuthorID, PaperID) VALUES (3088, 1442);
INSERT INTO Author (AuthorID, Name) VALUES (3089, 'Javid Dadashkarimi');
INSERT INTO Write (AuthorID, PaperID) VALUES (3089, 2887);
INSERT INTO Author (AuthorID, Name) VALUES (3090, 'Noemie Elhadad');
INSERT INTO Write (AuthorID, PaperID) VALUES (3090, 2189);
INSERT INTO Author (AuthorID, Name) VALUES (3091, 'Miaofei Han');
INSERT INTO Write (AuthorID, PaperID) VALUES (3091, 1084);
INSERT INTO Author (AuthorID, Name) VALUES (3092, 'Tri Firgantoro');
INSERT INTO Write (AuthorID, PaperID) VALUES (3092, 293);
INSERT INTO Author (AuthorID, Name) VALUES (3093, 'Marc-Andr&eacute; Weber');
INSERT INTO Write (AuthorID, PaperID) VALUES (3093, 246);
INSERT INTO Author (AuthorID, Name) VALUES (3094, 'Yulia Ledeneva');
INSERT INTO Write (AuthorID, PaperID) VALUES (3094, 1871);
INSERT INTO Author (AuthorID, Name) VALUES (3095, 'Rahayu A. Hamid');
INSERT INTO Paper (PaperID, Title, Year, MDate, Key, DOI) VALUES (3150, 'RMIT at ImageCLEF 2011 Plant Identification.', 2011, '2014-09-24', 'conf/clef/HamidT11', 'http://www.clef-initiative.eu/documents/71612/86377/CLEF2011wn-ImageCLEF-HamidEt2011.pdf');
INSERT INTO Write (AuthorID, PaperID) VALUES (3095, 3150);
INSERT INTO Author (AuthorID, Name) VALUES (3096, 'Wajih Ouertani');
INSERT INTO Write (AuthorID, PaperID) VALUES (3096, 1811);
INSERT INTO Author (AuthorID, Name) VALUES (3097, 'Jianwei Wu');
INSERT INTO Write (AuthorID, PaperID) VALUES (3097, 1127);
INSERT INTO Author (AuthorID, Name) VALUES (3098, 'James J. Masanz');
INSERT INTO Write (AuthorID, PaperID) VALUES (3098, 2573);
INSERT INTO Author (AuthorID, Name) VALUES (3099, 'Michal Meina');
INSERT INTO Write (AuthorID, PaperID) VALUES (3099, 473);
INSERT INTO Author (AuthorID, Name) VALUES (3100, 'Katy Blanc');
INSERT INTO Write (AuthorID, PaperID) VALUES (3100, 1638);
INSERT INTO Author (AuthorID, Name) VALUES (3101, 'Alexander Ogaltsov');
INSERT INTO Write (AuthorID, PaperID) VALUES (3101, 3067);
INSERT INTO Author (AuthorID, Name) VALUES (3102, 'Tinglei Zhang');
INSERT INTO Write (AuthorID, PaperID) VALUES (3102, 2514);
INSERT INTO Author (AuthorID, Name) VALUES (3103, 'Ran Tian');
INSERT INTO Write (AuthorID, PaperID) VALUES (3103, 2346);
INSERT INTO Author (AuthorID, Name) VALUES (3104, 'Peter I. Corke');
INSERT INTO Write (AuthorID, PaperID) VALUES (3104, 774);
INSERT INTO Author (AuthorID, Name) VALUES (3105, 'Ram Akella');
INSERT INTO Write (AuthorID, PaperID) VALUES (3105, 1294);
INSERT INTO Author (AuthorID, Name) VALUES (3106, 'Aymen Shabou');
INSERT INTO Write (AuthorID, PaperID) VALUES (3106, 2064);
INSERT INTO Author (AuthorID, Name) VALUES (3107, 'Markus Muhr');
INSERT INTO Write (AuthorID, PaperID) VALUES (3107, 3021);
INSERT INTO Author (AuthorID, Name) VALUES (3108, 'Luk&aacute;s Picek');
INSERT INTO Write (AuthorID, PaperID) VALUES (3108, 1204);
INSERT INTO Author (AuthorID, Name) VALUES (3109, 'Hao-Jie Pan');
INSERT INTO Write (AuthorID, PaperID) VALUES (3109, 1127);
INSERT INTO Author (AuthorID, Name) VALUES (3110, 'Konrad Herbst');
INSERT INTO Write (AuthorID, PaperID) VALUES (3110, 2571);
INSERT INTO Author (AuthorID, Name) VALUES (3111, 'David Rizo');
INSERT INTO Write (AuthorID, PaperID) VALUES (3111, 2432);
INSERT INTO Author (AuthorID, Name) VALUES (3112, 'Carlos R. del-Blanco');
INSERT INTO Write (AuthorID, PaperID) VALUES (3112, 860);
INSERT INTO Author (AuthorID, Name) VALUES (3113, 'Hichem Ben Amor');
INSERT INTO Write (AuthorID, PaperID) VALUES (3113, 3038);
INSERT INTO Author (AuthorID, Name) VALUES (3114, 'Yu Liang');
INSERT INTO Write (AuthorID, PaperID) VALUES (3114, 2483);
INSERT INTO Author (AuthorID, Name) VALUES (3115, 'Atsushi Tatsuma');
INSERT INTO Write (AuthorID, PaperID) VALUES (3115, 3236);
INSERT INTO Author (AuthorID, Name) VALUES (3116, 'Paula Sanchez');
INSERT INTO Write (AuthorID, PaperID) VALUES (3116, 1156);
INSERT INTO Author (AuthorID, Name) VALUES (3117, 'Manuel Blaser');
INSERT INTO Write (AuthorID, PaperID) VALUES (3117, 1369);
INSERT INTO Author (AuthorID, Name) VALUES (3118, 'Yong Li');
INSERT INTO Write (AuthorID, PaperID) VALUES (3118, 3305);
INSERT INTO Author (AuthorID, Name) VALUES (3119, 'Amaury Ant&ocirc;nio de Castro Junior');
INSERT INTO Write (AuthorID, PaperID) VALUES (3119, 1559);
INSERT INTO Author (AuthorID, Name) VALUES (3120, 'Jing Zheng');
INSERT INTO Write (AuthorID, PaperID) VALUES (3120, 2900);
INSERT INTO Author (AuthorID, Name) VALUES (3121, 'Konstantinos Bougiatiotis');
INSERT INTO Write (AuthorID, PaperID) VALUES (3121, 1073);
INSERT INTO Author (AuthorID, Name) VALUES (3122, 'Jonathan William Dennis');
INSERT INTO Write (AuthorID, PaperID) VALUES (3122, 3348);
INSERT INTO Author (AuthorID, Name) VALUES (3123, 'Hanen Karamti');
INSERT INTO Write (AuthorID, PaperID) VALUES (3123, 2772);
INSERT INTO Author (AuthorID, Name) VALUES (3124, 'Gjorgji Madjarov');
INSERT INTO Write (AuthorID, PaperID) VALUES (3124, 3169);
INSERT INTO Author (AuthorID, Name) VALUES (3125, 'Luciana S. Buriol');
INSERT INTO Write (AuthorID, PaperID) VALUES (3125, 259);
INSERT INTO Author (AuthorID, Name) VALUES (3126, 'Eduard Hoenkamp');
INSERT INTO Write (AuthorID, PaperID) VALUES (3126, 641);
INSERT INTO Author (AuthorID, Name) VALUES (3127, 'Yusuke Mukuta');
INSERT INTO Write (AuthorID, PaperID) VALUES (3127, 1306);
INSERT INTO Author (AuthorID, Name) VALUES (3128, 'Nicolas Vuillemenot');
INSERT INTO Write (AuthorID, PaperID) VALUES (3128, 3132);
INSERT INTO Author (AuthorID, Name) VALUES (3129, 'Arnav Kumar Dawn');
INSERT INTO Write (AuthorID, PaperID) VALUES (3129, 1451);
INSERT INTO Author (AuthorID, Name) VALUES (3130, 'Ruli Manurung');
INSERT INTO Write (AuthorID, PaperID) VALUES (3130, 278);
INSERT INTO Author (AuthorID, Name) VALUES (3131, 'Ahmed Al Zohairy');
INSERT INTO Write (AuthorID, PaperID) VALUES (3131, 1275);
INSERT INTO Author (AuthorID, Name) VALUES (3132, 'Bing Liu 0001');
INSERT INTO Write (AuthorID, PaperID) VALUES (3132, 3096);
INSERT INTO Author (AuthorID, Name) VALUES (3133, 'Aki Loponen');
INSERT INTO Write (AuthorID, PaperID) VALUES (3133, 3160);
INSERT INTO Author (AuthorID, Name) VALUES (3134, 'Sylvie Calabretto');
INSERT INTO Write (AuthorID, PaperID) VALUES (3134, 3343);
INSERT INTO Author (AuthorID, Name) VALUES (3135, 'Promita Maitra');
INSERT INTO Write (AuthorID, PaperID) VALUES (3135, 1810);
INSERT INTO Author (AuthorID, Name) VALUES (3136, 'Konstantinos Sechidis');
INSERT INTO Write (AuthorID, PaperID) VALUES (3136, 2673);
INSERT INTO Author (AuthorID, Name) VALUES (3137, 'Surendran K');
INSERT INTO Write (AuthorID, PaperID) VALUES (3137, 993);
INSERT INTO Author (AuthorID, Name) VALUES (3138, 'Tawan Sierek');
INSERT INTO Write (AuthorID, PaperID) VALUES (3138, 211);
INSERT INTO Author (AuthorID, Name) VALUES (3139, 'Yanxiong Lu');
INSERT INTO Write (AuthorID, PaperID) VALUES (3139, 279);
INSERT INTO Author (AuthorID, Name) VALUES (3140, 'Daniela Epure');
INSERT INTO Write (AuthorID, PaperID) VALUES (3140, 1593);
INSERT INTO Author (AuthorID, Name) VALUES (3141, 'Min-Huan Fu');
INSERT INTO Write (AuthorID, PaperID) VALUES (3141, 1246);
INSERT INTO Author (AuthorID, Name) VALUES (3142, 'Vijay Chandrasekhar');
INSERT INTO Write (AuthorID, PaperID) VALUES (3142, 1380);
INSERT INTO Author (AuthorID, Name) VALUES (3143, 'Oscar Alfonso Jim&iacute;nez del Toro');
INSERT INTO Write (AuthorID, PaperID) VALUES (3143, 1166);
INSERT INTO Author (AuthorID, Name) VALUES (3144, 'James A. Thom');
INSERT INTO Write (AuthorID, PaperID) VALUES (3144, 3150);
INSERT INTO Author (AuthorID, Name) VALUES (3145, 'Jiyun Luo');
INSERT INTO Write (AuthorID, PaperID) VALUES (3145, 3037);
INSERT INTO Author (AuthorID, Name) VALUES (3146, 'Matthijs Douze');
INSERT INTO Write (AuthorID, PaperID) VALUES (3146, 1899);
INSERT INTO Author (AuthorID, Name) VALUES (3147, 'Ricardo Usbeck');
INSERT INTO Write (AuthorID, PaperID) VALUES (3147, 1973);
INSERT INTO Author (AuthorID, Name) VALUES (3148, 'Jorge Z&uacute;&ntilde;iga');
INSERT INTO Write (AuthorID, PaperID) VALUES (3148, 3217);
INSERT INTO Author (AuthorID, Name) VALUES (3149, 'Gundram Leifert');
INSERT INTO Write (AuthorID, PaperID) VALUES (3149, 679);
INSERT INTO Author (AuthorID, Name) VALUES (3150, 'Sagnik Ray Choudhury');
INSERT INTO Write (AuthorID, PaperID) VALUES (3150, 368);
INSERT INTO Author (AuthorID, Name) VALUES (3151, 'Chang Liu');
INSERT INTO Write (AuthorID, PaperID) VALUES (3151, 2959);
INSERT INTO Author (AuthorID, Name) VALUES (3152, 'Xin Kang');
INSERT INTO Write (AuthorID, PaperID) VALUES (3152, 2681);
INSERT INTO Author (AuthorID, Name) VALUES (3153, 'K. P. Soman');
INSERT INTO Paper (PaperID, Title, Year, MDate, Key, DOI) VALUES (635, 'Statistical Semantics in Context Space : Amrita_CEN@Author Profiling.', 2016, '2016-08-11', 'conf/clef/BKS16', 'http://ceur-ws.org/Vol-1609/16090881.pdf');
INSERT INTO Write (AuthorID, PaperID) VALUES (3153, 635);
INSERT INTO Author (AuthorID, Name) VALUES (3154, 'Florin-Tudor Cristea');
INSERT INTO Write (AuthorID, PaperID) VALUES (3154, 2940);
INSERT INTO Author (AuthorID, Name) VALUES (3155, 'Pieter Bons');
INSERT INTO Write (AuthorID, PaperID) VALUES (3155, 724);
INSERT INTO Author (AuthorID, Name) VALUES (3156, 'Rafael Forcada');
INSERT INTO Write (AuthorID, PaperID) VALUES (3156, 102);
INSERT INTO Author (AuthorID, Name) VALUES (3157, 'Manuela H&uuml;rlimann');
INSERT INTO Write (AuthorID, PaperID) VALUES (3157, 2160);
INSERT INTO Author (AuthorID, Name) VALUES (3158, 'Bernardo Cabaleiro');
INSERT INTO Write (AuthorID, PaperID) VALUES (3158, 1385);
INSERT INTO Author (AuthorID, Name) VALUES (3159, 'Pravin Kakar');
INSERT INTO Write (AuthorID, PaperID) VALUES (3159, 895);
INSERT INTO Author (AuthorID, Name) VALUES (3160, 'Tom&aacute;s Folt&yacute;nek');
INSERT INTO Write (AuthorID, PaperID) VALUES (3160, 3392);
INSERT INTO Author (AuthorID, Name) VALUES (3161, 'Alexandra Leahu');
INSERT INTO Write (AuthorID, PaperID) VALUES (3161, 2159);
INSERT INTO Author (AuthorID, Name) VALUES (3162, 'Tiansi Dong');
INSERT INTO Write (AuthorID, PaperID) VALUES (3162, 2088);
INSERT INTO Author (AuthorID, Name) VALUES (3163, 'Amy Vogel');
INSERT INTO Write (AuthorID, PaperID) VALUES (3163, 1740);
INSERT INTO Author (AuthorID, Name) VALUES (3164, 'Ruixue Wang');
INSERT INTO Write (AuthorID, PaperID) VALUES (3164, 769);
INSERT INTO Author (AuthorID, Name) VALUES (3165, 'Luis M. de Campos');
INSERT INTO Write (AuthorID, PaperID) VALUES (3165, 2193);
INSERT INTO Author (AuthorID, Name) VALUES (3166, 'Romain Agez');
INSERT INTO Write (AuthorID, PaperID) VALUES (3166, 1460);
INSERT INTO Author (AuthorID, Name) VALUES (3167, 'Yanchun Zhang');
INSERT INTO Write (AuthorID, PaperID) VALUES (3167, 81);
INSERT INTO Author (AuthorID, Name) VALUES (3168, 'Alexis Palmer');
INSERT INTO Write (AuthorID, PaperID) VALUES (3168, 2110);
INSERT INTO Author (AuthorID, Name) VALUES (3169, 'V&iacute;tor Beires Nogueira');
INSERT INTO Write (AuthorID, PaperID) VALUES (3169, 111);
INSERT INTO Author (AuthorID, Name) VALUES (3170, 'Tingting Wang');
INSERT INTO Write (AuthorID, PaperID) VALUES (3170, 412);
INSERT INTO Author (AuthorID, Name) VALUES (3171, 'Federica Mandreoli');
INSERT INTO Write (AuthorID, PaperID) VALUES (3171, 504);
INSERT INTO Author (AuthorID, Name) VALUES (3172, 'Jie Lin');
INSERT INTO Write (AuthorID, PaperID) VALUES (3172, 1380);
INSERT INTO Author (AuthorID, Name) VALUES (3173, 'Kostas Perifanos');
INSERT INTO Paper (PaperID, Title, Year, MDate, Key, DOI) VALUES (2743, 'Authorship Identification in Large Email Collections: Experiments Using Features that Belong to Different Linguistic Levels - Notebook for PAN at CLEF 2011.', 2011, '2014-09-24', 'conf/clef/MikrosP11', 'http://www.clef-initiative.eu/documents/71612/86377/CLEF2011wn-PAN-MikrosEt2011.pdf');
INSERT INTO Write (AuthorID, PaperID) VALUES (3173, 2743);
INSERT INTO Author (AuthorID, Name) VALUES (3174, 'Gilles Hubert');
INSERT INTO Write (AuthorID, PaperID) VALUES (3174, 1152);
INSERT INTO Author (AuthorID, Name) VALUES (3175, 'Robert Musters');
INSERT INTO Write (AuthorID, PaperID) VALUES (3175, 240);
INSERT INTO Author (AuthorID, Name) VALUES (3176, 'Ren-Dar Yang');
INSERT INTO Write (AuthorID, PaperID) VALUES (3176, 22);
INSERT INTO Author (AuthorID, Name) VALUES (3177, 'Maunendra Sankar Desarkar');
INSERT INTO Write (AuthorID, PaperID) VALUES (3177, 133);
INSERT INTO Author (AuthorID, Name) VALUES (3178, 'Linjie Xing');
INSERT INTO Write (AuthorID, PaperID) VALUES (3178, 698);
INSERT INTO Author (AuthorID, Name) VALUES (3179, 'Linda Cappellato');
INSERT INTO Write (AuthorID, PaperID) VALUES (3179, 699);
INSERT INTO Author (AuthorID, Name) VALUES (3180, 'Taemin Lee');
INSERT INTO Write (AuthorID, PaperID) VALUES (3180, 615);
INSERT INTO Author (AuthorID, Name) VALUES (3181, 'Anouk Birski');
INSERT INTO Write (AuthorID, PaperID) VALUES (3181, 1900);
INSERT INTO Author (AuthorID, Name) VALUES (3182, 'Xiaoning He');
INSERT INTO Write (AuthorID, PaperID) VALUES (3182, 1738);
INSERT INTO Author (AuthorID, Name) VALUES (3183, 'Cornelius A. Ludmann');
INSERT INTO Paper (PaperID, Title, Year, MDate, Key, DOI) VALUES (3235, 'Recommending News Articles in the CLEF News Recommendation Evaluation Lab with the Data Stream Management System Odysseus.', 2017, '2017-08-15', 'conf/clef/Ludmann17', 'http://ceur-ws.org/Vol-1866/paper_111.pdf');
INSERT INTO Write (AuthorID, PaperID) VALUES (3183, 3235);
INSERT INTO Author (AuthorID, Name) VALUES (3184, 'Razvan Iulian Lupu');
INSERT INTO Write (AuthorID, PaperID) VALUES (3184, 3302);
INSERT INTO Author (AuthorID, Name) VALUES (3185, 'Kelly Reynolds');
INSERT INTO Write (AuthorID, PaperID) VALUES (3185, 3316);
INSERT INTO Author (AuthorID, Name) VALUES (3186, 'Gerard Lynch');
INSERT INTO Write (AuthorID, PaperID) VALUES (3186, 3084);
INSERT INTO Author (AuthorID, Name) VALUES (3187, 'Geoffroy Peeters');
INSERT INTO Write (AuthorID, PaperID) VALUES (3187, 490);
INSERT INTO Author (AuthorID, Name) VALUES (3188, 'Fabio Celli');
INSERT INTO Write (AuthorID, PaperID) VALUES (3188, 3172);
INSERT INTO Author (AuthorID, Name) VALUES (3189, 'Kuangkai Sun');
INSERT INTO Write (AuthorID, PaperID) VALUES (3189, 1981);
INSERT INTO Author (AuthorID, Name) VALUES (3190, 'Iv&aacute;n Meza');
INSERT INTO Write (AuthorID, PaperID) VALUES (3190, 1286);
INSERT INTO Author (AuthorID, Name) VALUES (3191, 'Fabrizio Sebastiani 0001');
INSERT INTO Write (AuthorID, PaperID) VALUES (3191, 2448);
INSERT INTO Author (AuthorID, Name) VALUES (3192, 'Junqiu Wu');
INSERT INTO Write (AuthorID, PaperID) VALUES (3192, 3249);
INSERT INTO Author (AuthorID, Name) VALUES (3193, 'B&aacute;lint Czeba');
INSERT INTO Write (AuthorID, PaperID) VALUES (3193, 2661);
INSERT INTO Author (AuthorID, Name) VALUES (3194, 'Mayte Gim&eacute;nez');
INSERT INTO Write (AuthorID, PaperID) VALUES (3194, 876);
INSERT INTO Author (AuthorID, Name) VALUES (3195, 'Alexander Sachs');
INSERT INTO Write (AuthorID, PaperID) VALUES (3195, 3106);
INSERT INTO Author (AuthorID, Name) VALUES (3196, 'Ragia Ibrahim Waleed Arafa');
INSERT INTO Paper (PaperID, Title, Year, MDate, Key, DOI) VALUES (983, 'Medical Image Retrieval: ISSR at CLEF 2010.', 2010, '2014-09-24', 'conf/clef/Arafa10', 'http://www.clef-initiative.eu/documents/71612/86374/CLEF2010wn-ImageCLEF-IbrahimEt2010.pdf');
INSERT INTO Write (AuthorID, PaperID) VALUES (3196, 983);
INSERT INTO Author (AuthorID, Name) VALUES (3197, 'Ilektra Skepetari');
INSERT INTO Write (AuthorID, PaperID) VALUES (3197, 2693);
INSERT INTO Author (AuthorID, Name) VALUES (3198, 'Antonio Carlos Dom&iacute;nguez-Brito');
INSERT INTO Write (AuthorID, PaperID) VALUES (3198, 1642);
INSERT INTO Author (AuthorID, Name) VALUES (3199, 'Yoshitaka Ushiku');
INSERT INTO Write (AuthorID, PaperID) VALUES (3199, 1569);
INSERT INTO Author (AuthorID, Name) VALUES (3200, 'Maj Lauge Ward Jensen');
INSERT INTO Write (AuthorID, PaperID) VALUES (3200, 2781);
INSERT INTO Author (AuthorID, Name) VALUES (3201, 'Harsh Trivedi');
INSERT INTO Write (AuthorID, PaperID) VALUES (3201, 1347);
INSERT INTO Author (AuthorID, Name) VALUES (3202, 'Roberto L&oacute;pez-Santill&aacute;n');
INSERT INTO Write (AuthorID, PaperID) VALUES (3202, 2307);
INSERT INTO Author (AuthorID, Name) VALUES (3203, 'Miki Eto');
INSERT INTO Write (AuthorID, PaperID) VALUES (3203, 981);
INSERT INTO Author (AuthorID, Name) VALUES (3204, 'Daniel Hern&aacute;ndez-Sosa');
INSERT INTO Write (AuthorID, PaperID) VALUES (3204, 1642);
INSERT INTO Author (AuthorID, Name) VALUES (3205, 'Sylvie Ranwez');
INSERT INTO Write (AuthorID, PaperID) VALUES (3205, 1960);
INSERT INTO Author (AuthorID, Name) VALUES (3206, 'Christian Winter 0001');
INSERT INTO Write (AuthorID, PaperID) VALUES (3206, 1636);
INSERT INTO Author (AuthorID, Name) VALUES (3207, 'Georgios Petkos');
INSERT INTO Write (AuthorID, PaperID) VALUES (3207, 1781);
INSERT INTO Author (AuthorID, Name) VALUES (3208, 'Ignazio Gallo');
INSERT INTO Write (AuthorID, PaperID) VALUES (3208, 2013);
INSERT INTO Author (AuthorID, Name) VALUES (3209, 'Ling Cao');
INSERT INTO Write (AuthorID, PaperID) VALUES (3209, 3508);
INSERT INTO Author (AuthorID, Name) VALUES (3210, 'Andreas H. Kelch');
INSERT INTO Write (AuthorID, PaperID) VALUES (3210, 1404);
INSERT INTO Author (AuthorID, Name) VALUES (3211, 'Uwe K&uuml;hhirt');
INSERT INTO Write (AuthorID, PaperID) VALUES (3211, 2463);
INSERT INTO Author (AuthorID, Name) VALUES (3212, 'Anca Marginean');
INSERT INTO Paper (PaperID, Title, Year, MDate, Key, DOI) VALUES (1728, 'GFMed: Question Answering over BioMedical Linked Data with Grammatical Framework.', 2014, '2014-09-10', 'conf/clef/Marginean14', 'http://ceur-ws.org/Vol-1180/CLEF2014wn-QA-Marginean2014.pdf');
INSERT INTO Write (AuthorID, PaperID) VALUES (3212, 1728);
INSERT INTO Author (AuthorID, Name) VALUES (3213, 'C. de Pablo');
INSERT INTO Write (AuthorID, PaperID) VALUES (3213, 1996);
INSERT INTO Author (AuthorID, Name) VALUES (3214, 'Jaana Kek&auml;l&auml;inen');
INSERT INTO Write (AuthorID, PaperID) VALUES (3214, 2014);
INSERT INTO Author (AuthorID, Name) VALUES (3215, 'Rodrigo Agerri');
INSERT INTO Write (AuthorID, PaperID) VALUES (3215, 1820);
INSERT INTO Author (AuthorID, Name) VALUES (3216, 'Jiajin Wu');
INSERT INTO Paper (PaperID, Title, Year, MDate, Key, DOI) VALUES (2091, 'Task 3a: Team YORKU.', 2014, '2014-09-10', 'conf/clef/WuH14', 'http://ceur-ws.org/Vol-1180/CLEF2014wn-eHealth-WuEt2014.pdf');
INSERT INTO Write (AuthorID, PaperID) VALUES (3216, 2091);
INSERT INTO Author (AuthorID, Name) VALUES (3217, 'Binbin Liu');
INSERT INTO Write (AuthorID, PaperID) VALUES (3217, 3292);
INSERT INTO Author (AuthorID, Name) VALUES (3218, 'Sisi Liang');
INSERT INTO Write (AuthorID, PaperID) VALUES (3218, 764);
INSERT INTO Author (AuthorID, Name) VALUES (3219, 'Yong Xue');
INSERT INTO Write (AuthorID, PaperID) VALUES (3219, 1738);
INSERT INTO Author (AuthorID, Name) VALUES (3220, 'Md. Faisal Mahbub Chowdhury');
INSERT INTO Write (AuthorID, PaperID) VALUES (3220, 2546);
INSERT INTO Author (AuthorID, Name) VALUES (3221, 'Kazi Rifat Ahmed');
INSERT INTO Write (AuthorID, PaperID) VALUES (3221, 266);
INSERT INTO Author (AuthorID, Name) VALUES (3222, 'Jim Basilakis');
INSERT INTO Write (AuthorID, PaperID) VALUES (3222, 1156);
INSERT INTO Author (AuthorID, Name) VALUES (3223, 'Vlad Alexa');
INSERT INTO Write (AuthorID, PaperID) VALUES (3223, 2940);
INSERT INTO Author (AuthorID, Name) VALUES (3224, 'Kiran Bushireddy');
INSERT INTO Write (AuthorID, PaperID) VALUES (3224, 1373);
INSERT INTO Author (AuthorID, Name) VALUES (3225, 'Sijia Liu 0002');
INSERT INTO Write (AuthorID, PaperID) VALUES (3225, 2341);
INSERT INTO Author (AuthorID, Name) VALUES (3226, 'Marie Picard');
INSERT INTO Write (AuthorID, PaperID) VALUES (3226, 3072);
INSERT INTO Author (AuthorID, Name) VALUES (3227, 'Peter Corke');
INSERT INTO Write (AuthorID, PaperID) VALUES (3227, 950);
INSERT INTO Author (AuthorID, Name) VALUES (3228, 'Masaru Mizuochi');
INSERT INTO Write (AuthorID, PaperID) VALUES (3228, 1257);
INSERT INTO Author (AuthorID, Name) VALUES (3229, 'Carmen Pel&aacute;ez-Moreno');
INSERT INTO Write (AuthorID, PaperID) VALUES (3229, 1389);
INSERT INTO Author (AuthorID, Name) VALUES (3230, 'Le-Le Zhang');
INSERT INTO Write (AuthorID, PaperID) VALUES (3230, 1127);
INSERT INTO Author (AuthorID, Name) VALUES (3231, 'V&eacute;ronique Gaildrat');
INSERT INTO Write (AuthorID, PaperID) VALUES (3231, 783);
INSERT INTO Author (AuthorID, Name) VALUES (3232, 'Norman Meuschke');
INSERT INTO Write (AuthorID, PaperID) VALUES (3232, 2598);
INSERT INTO Author (AuthorID, Name) VALUES (3233, 'Don Kodiyan');
INSERT INTO Write (AuthorID, PaperID) VALUES (3233, 1097);
INSERT INTO Author (AuthorID, Name) VALUES (3234, 'Holger Kundisch');
INSERT INTO Write (AuthorID, PaperID) VALUES (3234, 3180);
INSERT INTO Author (AuthorID, Name) VALUES (3235, 'Peter Szolovits');
INSERT INTO Write (AuthorID, PaperID) VALUES (3235, 773);
INSERT INTO Author (AuthorID, Name) VALUES (3236, 'Marcelo de Bairros P. Filho');
INSERT INTO Write (AuthorID, PaperID) VALUES (3236, 2281);
INSERT INTO Author (AuthorID, Name) VALUES (3237, 'J. Antonio Nu&ntilde;ez-Ju&aacute;rez');
INSERT INTO Write (AuthorID, PaperID) VALUES (3237, 2187);
INSERT INTO Author (AuthorID, Name) VALUES (3238, 'Nuno Miranda');
INSERT INTO Write (AuthorID, PaperID) VALUES (3238, 458);
INSERT INTO Author (AuthorID, Name) VALUES (3239, 'Joris Guyonvarch');
INSERT INTO Write (AuthorID, PaperID) VALUES (3239, 1780);
INSERT INTO Author (AuthorID, Name) VALUES (3240, 'Xiangyu Sun');
INSERT INTO Write (AuthorID, PaperID) VALUES (3240, 3403);
INSERT INTO Author (AuthorID, Name) VALUES (3241, 'Satoshi Sekine');
INSERT INTO Write (AuthorID, PaperID) VALUES (3241, 1754);
INSERT INTO Author (AuthorID, Name) VALUES (3242, 'Takumi Takahashi');
INSERT INTO Write (AuthorID, PaperID) VALUES (3242, 771);
INSERT INTO Author (AuthorID, Name) VALUES (3243, 'Ralph Koelle');
INSERT INTO Write (AuthorID, PaperID) VALUES (3243, 2146);
INSERT INTO Author (AuthorID, Name) VALUES (3244, 'Laura Rivi&egrave;re');
INSERT INTO Write (AuthorID, PaperID) VALUES (3244, 2686);
INSERT INTO Author (AuthorID, Name) VALUES (3245, 'Hristina Taneva');
INSERT INTO Paper (PaperID, Title, Year, MDate, Key, DOI) VALUES (841, 'Multilingual Expert Search using Linked Open Data as Interlingual Representation.', 2010, '2014-09-24', 'conf/clef/HerzigT10', 'http://www.clef-initiative.eu/documents/71612/86374/CLEF2010wn-CriES-HerzigEt2010.pdf');
INSERT INTO Write (AuthorID, PaperID) VALUES (3245, 841);
INSERT INTO Author (AuthorID, Name) VALUES (3246, 'Raquel Mart&iacute;nez');
INSERT INTO Write (AuthorID, PaperID) VALUES (3246, 2786);
INSERT INTO Author (AuthorID, Name) VALUES (3247, 'Martin Davtyan');
INSERT INTO Write (AuthorID, PaperID) VALUES (3247, 2906);
INSERT INTO Author (AuthorID, Name) VALUES (3248, 'Adil Alpko&ccedil;ak');
INSERT INTO Write (AuthorID, PaperID) VALUES (3248, 1403);
INSERT INTO Author (AuthorID, Name) VALUES (3249, 'Aline Villavicencio');
INSERT INTO Write (AuthorID, PaperID) VALUES (3249, 2717);
INSERT INTO Author (AuthorID, Name) VALUES (3250, 'Symeon Papadopoulos');
INSERT INTO Write (AuthorID, PaperID) VALUES (3250, 1781);
INSERT INTO Author (AuthorID, Name) VALUES (3251, 'Tiberio Uricchio');
INSERT INTO Write (AuthorID, PaperID) VALUES (3251, 118);
INSERT INTO Author (AuthorID, Name) VALUES (3252, 'Miguel &Aacute;ngel &Aacute;lvarez Carmona');
INSERT INTO Write (AuthorID, PaperID) VALUES (3252, 1344);
INSERT INTO Author (AuthorID, Name) VALUES (3253, 'Lahsen Abouenour');
INSERT INTO Write (AuthorID, PaperID) VALUES (3253, 2842);
INSERT INTO Author (AuthorID, Name) VALUES (3254, 'Claudia Peersman');
INSERT INTO Write (AuthorID, PaperID) VALUES (3254, 3382);
INSERT INTO Author (AuthorID, Name) VALUES (3255, 'George K. Mikros');
INSERT INTO Write (AuthorID, PaperID) VALUES (3255, 2743);
INSERT INTO Author (AuthorID, Name) VALUES (3256, 'Anjan Dutta 0001');
INSERT INTO Write (AuthorID, PaperID) VALUES (3256, 1589);
INSERT INTO Author (AuthorID, Name) VALUES (3257, 'Pere R. Comas');
INSERT INTO Write (AuthorID, PaperID) VALUES (3257, 2543);
INSERT INTO Author (AuthorID, Name) VALUES (3258, 'Yangyang Zhou');
INSERT INTO Write (AuthorID, PaperID) VALUES (3258, 2681);
INSERT INTO Author (AuthorID, Name) VALUES (3259, 'N. Kiran Kumar');
INSERT INTO Write (AuthorID, PaperID) VALUES (3259, 1691);
INSERT INTO Author (AuthorID, Name) VALUES (3260, 'Karthikeyan Pasupathy');
INSERT INTO Write (AuthorID, PaperID) VALUES (3260, 422);
INSERT INTO Author (AuthorID, Name) VALUES (3261, 'Faza Elkateb');
INSERT INTO Write (AuthorID, PaperID) VALUES (3261, 601);
INSERT INTO Author (AuthorID, Name) VALUES (3262, 'Marlon Braun');
INSERT INTO Write (AuthorID, PaperID) VALUES (3262, 352);
INSERT INTO Author (AuthorID, Name) VALUES (3263, 'Harald Eckmann');
INSERT INTO Write (AuthorID, PaperID) VALUES (3263, 2379);
INSERT INTO Author (AuthorID, Name) VALUES (3264, 'Niraj Aswani');
INSERT INTO Write (AuthorID, PaperID) VALUES (3264, 3032);
INSERT INTO Author (AuthorID, Name) VALUES (3265, 'Anthony Yeo');
INSERT INTO Write (AuthorID, PaperID) VALUES (3265, 1156);
INSERT INTO Author (AuthorID, Name) VALUES (3266, 'Hamed Babaei Giglou');
INSERT INTO Write (AuthorID, PaperID) VALUES (3266, 1590);
INSERT INTO Author (AuthorID, Name) VALUES (3267, 'Andr&eacute;s Fuster Guill&oacute;');
INSERT INTO Write (AuthorID, PaperID) VALUES (3267, 3515);
INSERT INTO Author (AuthorID, Name) VALUES (3268, 'Martin Trenkmann');
INSERT INTO Write (AuthorID, PaperID) VALUES (3268, 3074);
INSERT INTO Author (AuthorID, Name) VALUES (3269, 'F&aacute;bio Pinto');
INSERT INTO Write (AuthorID, PaperID) VALUES (3269, 3118);
INSERT INTO Author (AuthorID, Name) VALUES (3270, 'Dimitrios Dimitriadis');
INSERT INTO Write (AuthorID, PaperID) VALUES (3270, 380);
INSERT INTO Author (AuthorID, Name) VALUES (3271, 'Hong-Wei Hao');
INSERT INTO Write (AuthorID, PaperID) VALUES (3271, 728);
INSERT INTO Author (AuthorID, Name) VALUES (3272, 'Mario S&auml;nger');
INSERT INTO Write (AuthorID, PaperID) VALUES (3272, 113);
INSERT INTO Author (AuthorID, Name) VALUES (3273, 'Quoc-Bao Nguyen');
INSERT INTO Write (AuthorID, PaperID) VALUES (3273, 2815);
INSERT INTO Author (AuthorID, Name) VALUES (3274, 'Akshay Budhkar');
INSERT INTO Write (AuthorID, PaperID) VALUES (3274, 1182);
INSERT INTO Author (AuthorID, Name) VALUES (3275, 'Tanik Saikh');
INSERT INTO Write (AuthorID, PaperID) VALUES (3275, 555);
INSERT INTO Author (AuthorID, Name) VALUES (3276, 'Alex Dagri');
INSERT INTO Write (AuthorID, PaperID) VALUES (3276, 2848);
INSERT INTO Author (AuthorID, Name) VALUES (3277, 'Caroline Brun');
INSERT INTO Write (AuthorID, PaperID) VALUES (3277, 737);
INSERT INTO Author (AuthorID, Name) VALUES (3278, 'Bo Luo');
INSERT INTO Write (AuthorID, PaperID) VALUES (3278, 3036);
INSERT INTO Author (AuthorID, Name) VALUES (3279, 'Martyna Patera');
INSERT INTO Write (AuthorID, PaperID) VALUES (3279, 473);
INSERT INTO Author (AuthorID, Name) VALUES (3280, 'Wendel Scardua');
INSERT INTO Write (AuthorID, PaperID) VALUES (3280, 1358);
INSERT INTO Author (AuthorID, Name) VALUES (3281, 'Alexandru Moldovan');
INSERT INTO Write (AuthorID, PaperID) VALUES (3281, 3154);
INSERT INTO Author (AuthorID, Name) VALUES (3282, 'Shakil Ahmed');
INSERT INTO Write (AuthorID, PaperID) VALUES (3282, 1945);
INSERT INTO Author (AuthorID, Name) VALUES (3283, 'Volker Sorge');
INSERT INTO Write (AuthorID, PaperID) VALUES (3283, 715);
INSERT INTO Author (AuthorID, Name) VALUES (3284, 'Khushboo Singhal');
INSERT INTO Write (AuthorID, PaperID) VALUES (3284, 1564);
INSERT INTO Author (AuthorID, Name) VALUES (3285, 'Iain James Marshall');
INSERT INTO Write (AuthorID, PaperID) VALUES (3285, 3365);
INSERT INTO Author (AuthorID, Name) VALUES (3286, 'Ludovic Denoyer');
INSERT INTO Write (AuthorID, PaperID) VALUES (3286, 256);
INSERT INTO Author (AuthorID, Name) VALUES (3287, 'Athanasios Staikopoulos');
INSERT INTO Write (AuthorID, PaperID) VALUES (3287, 1465);
INSERT INTO Author (AuthorID, Name) VALUES (3288, 'M. MacFarlane');
INSERT INTO Paper (PaperID, Title, Year, MDate, Key, DOI) VALUES (1251, 'Pliers and Snowball at CLEF 2002.', 2002, '2017-05-24', 'conf/clef/MacFarlane02', 'https://doi.org/10.1007/978-3-540-45237-9_27');
INSERT INTO Write (AuthorID, PaperID) VALUES (3288, 1251);
INSERT INTO Author (AuthorID, Name) VALUES (3289, 'Insup Lee');
INSERT INTO Write (AuthorID, PaperID) VALUES (3289, 2531);
INSERT INTO Author (AuthorID, Name) VALUES (3290, 'Peng Zheng');
INSERT INTO Write (AuthorID, PaperID) VALUES (3290, 1622);
INSERT INTO Author (AuthorID, Name) VALUES (3291, 'Lukas M&uuml;ller');
INSERT INTO Paper (PaperID, Title, Year, MDate, Key, DOI) VALUES (362, 'Bird Sound Classification using a Bidirectional LSTM.', 2018, '2018-08-08', 'conf/clef/MullerM18', 'http://ceur-ws.org/Vol-2125/paper_134.pdf');
INSERT INTO Write (AuthorID, PaperID) VALUES (3291, 362);
INSERT INTO Author (AuthorID, Name) VALUES (3292, 'Andias Wira-Alam');
INSERT INTO Write (AuthorID, PaperID) VALUES (3292, 2149);
INSERT INTO Author (AuthorID, Name) VALUES (3293, 'M-Dyaa Albakour');
INSERT INTO Write (AuthorID, PaperID) VALUES (3293, 234);
INSERT INTO Author (AuthorID, Name) VALUES (3294, 'Anne R. Diekema');
INSERT INTO Write (AuthorID, PaperID) VALUES (3294, 2026);
INSERT INTO Author (AuthorID, Name) VALUES (3295, 'Emmanouil Archontakis');
INSERT INTO Write (AuthorID, PaperID) VALUES (3295, 683);
INSERT INTO Author (AuthorID, Name) VALUES (3296, 'Steve Cassidy');
INSERT INTO Write (AuthorID, PaperID) VALUES (3296, 1760);
INSERT INTO Author (AuthorID, Name) VALUES (3297, 'Yupeng Su');
INSERT INTO Write (AuthorID, PaperID) VALUES (3297, 3253);
INSERT INTO Author (AuthorID, Name) VALUES (3298, 'Luca de Alfaro');
INSERT INTO Paper (PaperID, Title, Year, MDate, Key, DOI) VALUES (41, 'Detecting Wikipedia Vandalism using WikiTrust - Lab Report for PAN at CLEF 2010.', 2010, '2014-09-24', 'conf/clef/AdlerAP10', 'http://www.clef-initiative.eu/documents/71612/86374/CLEF2010wn-PAN-AdlerEt2010.pdf');
INSERT INTO Write (AuthorID, PaperID) VALUES (3298, 41);
INSERT INTO Author (AuthorID, Name) VALUES (3299, 'Suhong Wang');
INSERT INTO Write (AuthorID, PaperID) VALUES (3299, 1918);
INSERT INTO Author (AuthorID, Name) VALUES (3300, 'Vittorio Di Tomaso');
INSERT INTO Write (AuthorID, PaperID) VALUES (3300, 2105);
INSERT INTO Author (AuthorID, Name) VALUES (3301, 'Andreea Cristina Bursuc');
INSERT INTO Write (AuthorID, PaperID) VALUES (3301, 3302);
INSERT INTO Author (AuthorID, Name) VALUES (3302, 'Fr&eacute;d&eacute;ric Gianetti');
INSERT INTO Write (AuthorID, PaperID) VALUES (3302, 1988);
INSERT INTO Author (AuthorID, Name) VALUES (3303, 'Eugen Ignat');
INSERT INTO Write (AuthorID, PaperID) VALUES (3303, 2038);
INSERT INTO Author (AuthorID, Name) VALUES (3304, 'Nektaria Potha');
INSERT INTO Write (AuthorID, PaperID) VALUES (3304, 971);
INSERT INTO Author (AuthorID, Name) VALUES (3305, 'Michelle Ananda-Rajah');
INSERT INTO Write (AuthorID, PaperID) VALUES (3305, 3421);
INSERT INTO Author (AuthorID, Name) VALUES (3306, 'Changjun Hu');
INSERT INTO Write (AuthorID, PaperID) VALUES (3306, 1019);
INSERT INTO Author (AuthorID, Name) VALUES (3307, 'Jung-Wei Fan');
INSERT INTO Write (AuthorID, PaperID) VALUES (3307, 407);
INSERT INTO Author (AuthorID, Name) VALUES (3308, 'Lakshmi Lavanya Singampalli');
INSERT INTO Write (AuthorID, PaperID) VALUES (3308, 2454);
INSERT INTO Author (AuthorID, Name) VALUES (3309, 'Chiara Orsi');
INSERT INTO Write (AuthorID, PaperID) VALUES (3309, 190);
INSERT INTO Author (AuthorID, Name) VALUES (3310, 'Barathi Ganesh H. B.');
INSERT INTO Write (AuthorID, PaperID) VALUES (3310, 635);
INSERT INTO Author (AuthorID, Name) VALUES (3311, 'Giancarlo Ruffo');
INSERT INTO Write (AuthorID, PaperID) VALUES (3311, 2516);
INSERT INTO Author (AuthorID, Name) VALUES (3312, 'John Cardiff');
INSERT INTO Write (AuthorID, PaperID) VALUES (3312, 2665);
INSERT INTO Author (AuthorID, Name) VALUES (3313, 'Weiyu Lan');
INSERT INTO Write (AuthorID, PaperID) VALUES (3313, 279);
INSERT INTO Author (AuthorID, Name) VALUES (3314, 'Yuan-Chi Chang');
INSERT INTO Write (AuthorID, PaperID) VALUES (3314, 2815);
INSERT INTO Author (AuthorID, Name) VALUES (3315, 'Karol J. Piczak');
INSERT INTO Paper (PaperID, Title, Year, MDate, Key, DOI) VALUES (1271, 'Recognizing Bird Species in Audio Recordings using Deep Convolutional Neural Networks.', 2016, '2016-08-11', 'conf/clef/Piczak16', 'http://ceur-ws.org/Vol-1609/16090534.pdf');
INSERT INTO Write (AuthorID, PaperID) VALUES (3315, 1271);
INSERT INTO Author (AuthorID, Name) VALUES (3316, 'Oleg Bakhteev');
INSERT INTO Write (AuthorID, PaperID) VALUES (3316, 1338);
INSERT INTO Author (AuthorID, Name) VALUES (3317, 'Desislava Zhekova');
INSERT INTO Write (AuthorID, PaperID) VALUES (3317, 3506);
INSERT INTO Author (AuthorID, Name) VALUES (3318, 'Eugen Barbu');
INSERT INTO Write (AuthorID, PaperID) VALUES (3318, 582);
INSERT INTO Author (AuthorID, Name) VALUES (3319, 'Alejandro Mosquera L&oacute;pez');
INSERT INTO Write (AuthorID, PaperID) VALUES (3319, 752);
INSERT INTO Author (AuthorID, Name) VALUES (3320, 'Konstantin Avrachenkov');
INSERT INTO Write (AuthorID, PaperID) VALUES (3320, 2050);
INSERT INTO Author (AuthorID, Name) VALUES (3321, 'Manish Gupta 0001');
INSERT INTO Write (AuthorID, PaperID) VALUES (3321, 2737);
INSERT INTO Author (AuthorID, Name) VALUES (3322, 'Huaying Wu');
INSERT INTO Write (AuthorID, PaperID) VALUES (3322, 412);
INSERT INTO Author (AuthorID, Name) VALUES (3323, 'Jacinto Jes&uacute;s Mena Lome&ntilde;a');
INSERT INTO Write (AuthorID, PaperID) VALUES (3323, 2054);
INSERT INTO Author (AuthorID, Name) VALUES (3324, 'Hatem Loukil');
INSERT INTO Write (AuthorID, PaperID) VALUES (3324, 2748);
INSERT INTO Author (AuthorID, Name) VALUES (3325, 'Pepa Gencheva');
INSERT INTO Write (AuthorID, PaperID) VALUES (3325, 2704);
INSERT INTO Author (AuthorID, Name) VALUES (3326, 'Nut Limsopatham');
INSERT INTO Write (AuthorID, PaperID) VALUES (3326, 2965);
INSERT INTO Author (AuthorID, Name) VALUES (3327, 'Khaled Yasser');
INSERT INTO Write (AuthorID, PaperID) VALUES (3327, 2607);
INSERT INTO Author (AuthorID, Name) VALUES (3328, 'Wei Wu');
INSERT INTO Write (AuthorID, PaperID) VALUES (3328, 288);
INSERT INTO Author (AuthorID, Name) VALUES (3329, 'Halil Kilicoglu');
INSERT INTO Write (AuthorID, PaperID) VALUES (3329, 1954);
INSERT INTO Author (AuthorID, Name) VALUES (3330, 'Ping-Che Yang');
INSERT INTO Write (AuthorID, PaperID) VALUES (3330, 1230);
INSERT INTO Author (AuthorID, Name) VALUES (3331, 'Vincent Looten');
INSERT INTO Write (AuthorID, PaperID) VALUES (3331, 936);
INSERT INTO Author (AuthorID, Name) VALUES (3332, 'Olivier Pauly');
INSERT INTO Write (AuthorID, PaperID) VALUES (3332, 1083);
INSERT INTO Author (AuthorID, Name) VALUES (3333, 'Xiao-Ping Cui');
INSERT INTO Write (AuthorID, PaperID) VALUES (3333, 728);
INSERT INTO Author (AuthorID, Name) VALUES (3334, 'Andreas Kerren');
INSERT INTO Write (AuthorID, PaperID) VALUES (3334, 2385);
INSERT INTO Author (AuthorID, Name) VALUES (3335, 'R&uuml;st&uuml; T&uuml;rkay');
INSERT INTO Write (AuthorID, PaperID) VALUES (3335, 479);
INSERT INTO Author (AuthorID, Name) VALUES (3336, 'Iuliana Draghici');
INSERT INTO Write (AuthorID, PaperID) VALUES (3336, 3073);
INSERT INTO Author (AuthorID, Name) VALUES (3337, 'Gayathri Vasudevan');
INSERT INTO Write (AuthorID, PaperID) VALUES (3337, 1598);
INSERT INTO Author (AuthorID, Name) VALUES (3338, 'Karl Aberer');
INSERT INTO Write (AuthorID, PaperID) VALUES (3338, 565);
INSERT INTO Author (AuthorID, Name) VALUES (3339, 'Guohua Lei');
INSERT INTO Write (AuthorID, PaperID) VALUES (3339, 1738);
INSERT INTO Author (AuthorID, Name) VALUES (3340, 'M. R. Ghaeini');
INSERT INTO Paper (PaperID, Title, Year, MDate, Key, DOI) VALUES (1524, 'Intrinsic Author Identification Using Modified Weighted KNN Notebook for PAN at CLEF 2013.', 2013, '2014-09-10', 'conf/clef/Ghaeini13', 'http://ceur-ws.org/Vol-1179/CLEF2013wn-PAN-Ghaeini2013.pdf');
INSERT INTO Write (AuthorID, PaperID) VALUES (3340, 1524);
INSERT INTO Author (AuthorID, Name) VALUES (3341, 'Hasan Zeynali');
INSERT INTO Write (AuthorID, PaperID) VALUES (3341, 1590);
INSERT INTO Author (AuthorID, Name) VALUES (3342, 'Ankur Teredesai');
INSERT INTO Write (AuthorID, PaperID) VALUES (3342, 1598);
INSERT INTO Author (AuthorID, Name) VALUES (3343, 'Jinglin Kang');
INSERT INTO Write (AuthorID, PaperID) VALUES (3343, 1455);
INSERT INTO Author (AuthorID, Name) VALUES (3344, 'Wojciech Samek');
INSERT INTO Write (AuthorID, PaperID) VALUES (3344, 502);
INSERT INTO Author (AuthorID, Name) VALUES (3345, 'Jaean Lee');
INSERT INTO Write (AuthorID, PaperID) VALUES (3345, 989);
INSERT INTO Author (AuthorID, Name) VALUES (3346, 'Atsushi Kanehira');
INSERT INTO Write (AuthorID, PaperID) VALUES (3346, 1306);
INSERT INTO Author (AuthorID, Name) VALUES (3347, 'Pascal Monestiez');
INSERT INTO Write (AuthorID, PaperID) VALUES (3347, 2700);
INSERT INTO Author (AuthorID, Name) VALUES (3348, 'Arantza Casillas');
INSERT INTO Write (AuthorID, PaperID) VALUES (3348, 2786);
INSERT INTO Author (AuthorID, Name) VALUES (3349, 'Bingyuan Liu');
INSERT INTO Write (AuthorID, PaperID) VALUES (3349, 3305);
INSERT INTO Author (AuthorID, Name) VALUES (3350, 'Michael Ryan');
INSERT INTO Paper (PaperID, Title, Year, MDate, Key, DOI) VALUES (1226, 'Mixture of Experts Authorship Attribution.', 2012, '2014-09-24', 'conf/clef/RyanN12', 'http://www.clef-initiative.eu/documents/71612/df6cc42b-3873-4af8-93d5-8221a3f5b1a4');
INSERT INTO Write (AuthorID, PaperID) VALUES (3350, 1226);
INSERT INTO Author (AuthorID, Name) VALUES (3351, 'Fan Fang');
INSERT INTO Write (AuthorID, PaperID) VALUES (3351, 1127);
INSERT INTO Author (AuthorID, Name) VALUES (3352, 'Peter Kampstra');
INSERT INTO Write (AuthorID, PaperID) VALUES (3352, 724);
INSERT INTO Author (AuthorID, Name) VALUES (3353, 'Walid Mahdi');
INSERT INTO Write (AuthorID, PaperID) VALUES (3353, 1426);
INSERT INTO Author (AuthorID, Name) VALUES (3354, 'F&aacute;bio Augusto Faria');
INSERT INTO Write (AuthorID, PaperID) VALUES (3354, 3164);
INSERT INTO Author (AuthorID, Name) VALUES (3355, 'Yanli Song');
INSERT INTO Write (AuthorID, PaperID) VALUES (3355, 1084);
INSERT INTO Author (AuthorID, Name) VALUES (3356, 'G. S. K. Santosh');
INSERT INTO Write (AuthorID, PaperID) VALUES (3356, 1691);
INSERT INTO Author (AuthorID, Name) VALUES (3357, 'Ehsan Sherkat');
INSERT INTO Write (AuthorID, PaperID) VALUES (3357, 2992);
INSERT INTO Author (AuthorID, Name) VALUES (3358, 'Fl&aacute;via Bernardini');
INSERT INTO Write (AuthorID, PaperID) VALUES (3358, 1266);
INSERT INTO Author (AuthorID, Name) VALUES (3359, 'Kumar Gourav Das');
INSERT INTO Write (AuthorID, PaperID) VALUES (3359, 3375);
INSERT INTO Author (AuthorID, Name) VALUES (3360, 'Ayan Bandyopadhyay');
INSERT INTO Write (AuthorID, PaperID) VALUES (3360, 3056);
INSERT INTO Author (AuthorID, Name) VALUES (3361, 'Fanglin Chen');
INSERT INTO Write (AuthorID, PaperID) VALUES (3361, 2334);
INSERT INTO Author (AuthorID, Name) VALUES (3362, 'Olatz Perez-de-Vi&ntilde;aspre');
INSERT INTO Write (AuthorID, PaperID) VALUES (3362, 2786);
INSERT INTO Author (AuthorID, Name) VALUES (3363, 'Jessie Lim');
INSERT INTO Write (AuthorID, PaperID) VALUES (3363, 2886);
INSERT INTO Author (AuthorID, Name) VALUES (3364, 'Jitendra Jonnagaddala');
INSERT INTO Write (AuthorID, PaperID) VALUES (3364, 2348);
INSERT INTO Author (AuthorID, Name) VALUES (3365, 'Marcos Zampieri');
INSERT INTO Write (AuthorID, PaperID) VALUES (3365, 1765);
INSERT INTO Author (AuthorID, Name) VALUES (3366, 'Felix Hamborg');
INSERT INTO Write (AuthorID, PaperID) VALUES (3366, 2598);
INSERT INTO Author (AuthorID, Name) VALUES (3367, 'Jir&iacute; Rybicka');
INSERT INTO Write (AuthorID, PaperID) VALUES (3367, 3392);
INSERT INTO Author (AuthorID, Name) VALUES (3368, 'Chengbo Tian');
INSERT INTO Write (AuthorID, PaperID) VALUES (3368, 1186);
INSERT INTO Author (AuthorID, Name) VALUES (3369, 'Dang Vo');
INSERT INTO Write (AuthorID, PaperID) VALUES (3369, 242);
INSERT INTO Author (AuthorID, Name) VALUES (3370, 'Pius von D&auml;niken');
INSERT INTO Write (AuthorID, PaperID) VALUES (3370, 625);
INSERT INTO Author (AuthorID, Name) VALUES (3371, 'Zhen Guo');
INSERT INTO Write (AuthorID, PaperID) VALUES (3371, 939);
INSERT INTO Author (AuthorID, Name) VALUES (3372, 'Alan W. Black');
INSERT INTO Write (AuthorID, PaperID) VALUES (3372, 2240);
INSERT INTO Author (AuthorID, Name) VALUES (3373, 'Francisco J. Valverde-Albacete');
INSERT INTO Write (AuthorID, PaperID) VALUES (3373, 1389);
INSERT INTO Author (AuthorID, Name) VALUES (3374, 'Antonio Reyes');
INSERT INTO Write (AuthorID, PaperID) VALUES (3374, 2654);
INSERT INTO Author (AuthorID, Name) VALUES (3375, 'Jimmy Huang');
INSERT INTO Write (AuthorID, PaperID) VALUES (3375, 2091);
INSERT INTO Author (AuthorID, Name) VALUES (3376, 'Weip&eacute;ng Hu&aacute;ng');
INSERT INTO Write (AuthorID, PaperID) VALUES (3376, 2072);
INSERT INTO Author (AuthorID, Name) VALUES (3377, 'Jos&eacute; Ortiz-Bejar');
INSERT INTO Write (AuthorID, PaperID) VALUES (3377, 2393);
INSERT INTO Author (AuthorID, Name) VALUES (3378, 'Lamberto Ballan');
INSERT INTO Write (AuthorID, PaperID) VALUES (3378, 118);
INSERT INTO Author (AuthorID, Name) VALUES (3379, 'Marc Bron');
INSERT INTO Write (AuthorID, PaperID) VALUES (3379, 1615);
INSERT INTO Author (AuthorID, Name) VALUES (3380, 'Moniek Nieuwenhuis');
INSERT INTO Write (AuthorID, PaperID) VALUES (3380, 767);
INSERT INTO Author (AuthorID, Name) VALUES (3381, 'Walter Lucetti');
INSERT INTO Paper (PaperID, Title, Year, MDate, Key, DOI) VALUES (1484, 'Combination of Classifiers for Indoor Room Recognition CGS participation at ImageCLEF2010 Robot Vision Task.', 2010, '2014-09-24', 'conf/clef/LucettiL10', 'http://www.clef-initiative.eu/documents/71612/86374/CLEF2010wn-ImageCLEF-LucettiEt2010.pdf');
INSERT INTO Write (AuthorID, PaperID) VALUES (3381, 1484);
INSERT INTO Author (AuthorID, Name) VALUES (3382, 'Paraic Sheridan');
INSERT INTO Write (AuthorID, PaperID) VALUES (3382, 2165);
INSERT INTO Author (AuthorID, Name) VALUES (3383, 'Christi&aacute;n Golian');
INSERT INTO Write (AuthorID, PaperID) VALUES (3383, 3186);
INSERT INTO Author (AuthorID, Name) VALUES (3384, 'Elisa Piccinini');
INSERT INTO Write (AuthorID, PaperID) VALUES (3384, 1900);
INSERT INTO Author (AuthorID, Name) VALUES (3385, 'Maarten van der Heijden');
INSERT INTO Write (AuthorID, PaperID) VALUES (3385, 641);
INSERT INTO Author (AuthorID, Name) VALUES (3386, 'Kelvin Weng Chiong Foong');
INSERT INTO Write (AuthorID, PaperID) VALUES (3386, 275);
INSERT INTO Author (AuthorID, Name) VALUES (3387, 'Patrick Bordes');
INSERT INTO Write (AuthorID, PaperID) VALUES (3387, 893);
INSERT INTO Author (AuthorID, Name) VALUES (3388, 'Levente Kov&aacute;cs');
INSERT INTO Write (AuthorID, PaperID) VALUES (3388, 103);
INSERT INTO Author (AuthorID, Name) VALUES (3389, 'Mohamed Saleem Haja Nazmudeen');
INSERT INTO Write (AuthorID, PaperID) VALUES (3389, 707);
INSERT INTO Author (AuthorID, Name) VALUES (3390, 'Rianne Kaptein');
INSERT INTO Paper (PaperID, Title, Year, MDate, Key, DOI) VALUES (2023, 'Learning to Analyze Relevancy and Polarity of Tweets.', 2012, '2014-09-24', 'conf/clef/Kaptein12', 'http://www.clef-initiative.eu/documents/71612/ea6f75b3-2ed3-4fd3-a39f-683b6007ede4');
INSERT INTO Write (AuthorID, PaperID) VALUES (3390, 2023);
INSERT INTO Author (AuthorID, Name) VALUES (3391, 'Kavishwar B. Wagholikar');
INSERT INTO Write (AuthorID, PaperID) VALUES (3391, 276);
INSERT INTO Author (AuthorID, Name) VALUES (3392, 'Bob Fisher');
INSERT INTO Write (AuthorID, PaperID) VALUES (3392, 1876);
INSERT INTO Author (AuthorID, Name) VALUES (3393, 'Xianzhi Deng');
INSERT INTO Write (AuthorID, PaperID) VALUES (3393, 1981);
INSERT INTO Author (AuthorID, Name) VALUES (3394, 'Jun Fu');
INSERT INTO Write (AuthorID, PaperID) VALUES (3394, 3305);
INSERT INTO Author (AuthorID, Name) VALUES (3395, 'Xian-Hua Han');
INSERT INTO Write (AuthorID, PaperID) VALUES (3395, 3225);
INSERT INTO Author (AuthorID, Name) VALUES (3396, 'Fernando Llopis Pascual');
INSERT INTO Write (AuthorID, PaperID) VALUES (3396, 3515);
INSERT INTO Author (AuthorID, Name) VALUES (3397, 'L&aacute;szl&oacute; Ny&uacute;l');
INSERT INTO Write (AuthorID, PaperID) VALUES (3397, 3322);
INSERT INTO Author (AuthorID, Name) VALUES (3398, 'Will Edman');
INSERT INTO Write (AuthorID, PaperID) VALUES (3398, 3425);
INSERT INTO Author (AuthorID, Name) VALUES (3399, 'Ofelia Cervantes');
INSERT INTO Write (AuthorID, PaperID) VALUES (3399, 3501);
INSERT INTO Author (AuthorID, Name) VALUES (3400, 'Michael Tepper');
INSERT INTO Paper (PaperID, Title, Year, MDate, Key, DOI) VALUES (2518, 'Using Hand-Written Rewrite Rules to Induce Underlying Morphology.', 2007, '2014-09-23', 'conf/clef/Tepper07', 'http://ceur-ws.org/Vol-1173/CLEF2007wn-MorphoChallenge-Tepper2007.pdf');
INSERT INTO Write (AuthorID, PaperID) VALUES (3400, 2518);
INSERT INTO Author (AuthorID, Name) VALUES (3401, 'Leonard Kr&auml;mer');
INSERT INTO Write (AuthorID, PaperID) VALUES (3401, 2598);
INSERT INTO Author (AuthorID, Name) VALUES (3402, 'Henrik I. Christensen');
INSERT INTO Write (AuthorID, PaperID) VALUES (3402, 2925);
INSERT INTO Author (AuthorID, Name) VALUES (3403, 'Assafa El Kaidi');
INSERT INTO Write (AuthorID, PaperID) VALUES (3403, 3140);
INSERT INTO Author (AuthorID, Name) VALUES (3404, 'Daniel M. Herzig');
INSERT INTO Write (AuthorID, PaperID) VALUES (3404, 841);
INSERT INTO Author (AuthorID, Name) VALUES (3405, 'Luis A. Leiva');
INSERT INTO Write (AuthorID, PaperID) VALUES (3405, 2527);
INSERT INTO Author (AuthorID, Name) VALUES (3406, 'Qiang Zhang');
INSERT INTO Write (AuthorID, PaperID) VALUES (3406, 80);
INSERT INTO Author (AuthorID, Name) VALUES (3407, 'Cindy F&auml;hnrich');
INSERT INTO Write (AuthorID, PaperID) VALUES (3407, 2571);
INSERT INTO Author (AuthorID, Name) VALUES (3408, 'Jimeng Sun');
INSERT INTO Write (AuthorID, PaperID) VALUES (3408, 1132);
INSERT INTO Author (AuthorID, Name) VALUES (3409, 'Hiroshi Muraoka');
INSERT INTO Write (AuthorID, PaperID) VALUES (3409, 1569);
INSERT INTO Author (AuthorID, Name) VALUES (3410, 'Hyosup Shim');
INSERT INTO Write (AuthorID, PaperID) VALUES (3410, 551);
INSERT INTO Author (AuthorID, Name) VALUES (3411, 'Timo Petmanson');
INSERT INTO Paper (PaperID, Title, Year, MDate, Key, DOI) VALUES (2918, 'Authorship Identification Using Correlations of Frequent Features Notebook for PAN at CLEF 2013.', 2013, '2014-09-10', 'conf/clef/Petmanson13', 'http://ceur-ws.org/Vol-1179/CLEF2013wn-PAN-Petmanson2013.pdf');
INSERT INTO Write (AuthorID, PaperID) VALUES (3411, 2918);
INSERT INTO Author (AuthorID, Name) VALUES (3412, 'Joyce Y. Chai');
INSERT INTO Write (AuthorID, PaperID) VALUES (3412, 226);
INSERT INTO Author (AuthorID, Name) VALUES (3413, 'Karin Friberg');
INSERT INTO Write (AuthorID, PaperID) VALUES (3413, 1958);
INSERT INTO Author (AuthorID, Name) VALUES (3414, 'Souvick Ghosh');
INSERT INTO Write (AuthorID, PaperID) VALUES (3414, 1810);
INSERT INTO Author (AuthorID, Name) VALUES (3415, 'Jing Yang');
INSERT INTO Write (AuthorID, PaperID) VALUES (3415, 1884);
INSERT INTO Author (AuthorID, Name) VALUES (3416, 'Aonghus Lawlor');
INSERT INTO Write (AuthorID, PaperID) VALUES (3416, 1827);
INSERT INTO Author (AuthorID, Name) VALUES (3417, 'Rim Fakhfakh');
INSERT INTO Write (AuthorID, PaperID) VALUES (3417, 1510);
INSERT INTO Author (AuthorID, Name) VALUES (3418, 'Ines Chami');
INSERT INTO Write (AuthorID, PaperID) VALUES (3418, 447);
INSERT INTO Author (AuthorID, Name) VALUES (3419, 'Rick Kosse');
INSERT INTO Write (AuthorID, PaperID) VALUES (3419, 1816);
INSERT INTO Author (AuthorID, Name) VALUES (3420, 'Daniel A. Keim');
INSERT INTO Write (AuthorID, PaperID) VALUES (3420, 7);
INSERT INTO Author (AuthorID, Name) VALUES (3421, 'B. Thomas Adler');
INSERT INTO Write (AuthorID, PaperID) VALUES (3421, 41);
INSERT INTO Author (AuthorID, Name) VALUES (3422, 'Youssef Tamaazousti');
INSERT INTO Write (AuthorID, PaperID) VALUES (3422, 447);
INSERT INTO Author (AuthorID, Name) VALUES (3423, 'Farig Sadeque');
INSERT INTO Write (AuthorID, PaperID) VALUES (3423, 2981);
INSERT INTO Author (AuthorID, Name) VALUES (3424, 'Gr&eacute;gory Senay');
INSERT INTO Write (AuthorID, PaperID) VALUES (3424, 2602);
INSERT INTO Author (AuthorID, Name) VALUES (3425, 'Rik van Noord');
INSERT INTO Write (AuthorID, PaperID) VALUES (3425, 962);
INSERT INTO Author (AuthorID, Name) VALUES (3426, 'Dobrinka Tabakova');
INSERT INTO Write (AuthorID, PaperID) VALUES (3426, 3263);
INSERT INTO Author (AuthorID, Name) VALUES (3427, 'Xuchen Yao');
INSERT INTO Write (AuthorID, PaperID) VALUES (3427, 2045);
INSERT INTO Author (AuthorID, Name) VALUES (3428, 'Chao Zhu');
INSERT INTO Write (AuthorID, PaperID) VALUES (3428, 1252);
INSERT INTO Author (AuthorID, Name) VALUES (3429, 'Ana Garcia del Molino');
INSERT INTO Write (AuthorID, PaperID) VALUES (3429, 1380);
INSERT INTO Author (AuthorID, Name) VALUES (3430, 'Vladislav Blinov');
INSERT INTO Write (AuthorID, PaperID) VALUES (3430, 2089);
INSERT INTO Author (AuthorID, Name) VALUES (3431, 'Amilcare Gentili');
INSERT INTO Paper (PaperID, Title, Year, MDate, Key, DOI) VALUES (2747, 'ImageCLEF2018: Transfer Learning for Deep Learning with CNN for Tuberculosis Classification.', 2018, '2018-08-08', 'conf/clef/Gentili18', 'http://ceur-ws.org/Vol-2125/paper_145.pdf');
INSERT INTO Write (AuthorID, PaperID) VALUES (3431, 2747);
INSERT INTO Author (AuthorID, Name) VALUES (3432, 'Alina-Elena Mih&aring;il&aring;');
INSERT INTO Write (AuthorID, PaperID) VALUES (3432, 2863);
INSERT INTO Author (AuthorID, Name) VALUES (3433, 'Sho Inaba');
INSERT INTO Write (AuthorID, PaperID) VALUES (3433, 1569);
INSERT INTO Author (AuthorID, Name) VALUES (3434, 'A. Akilandeswari');
INSERT INTO Write (AuthorID, PaperID) VALUES (3434, 3083);
INSERT INTO Author (AuthorID, Name) VALUES (3435, 'Mark J. Huiskes');
INSERT INTO Write (AuthorID, PaperID) VALUES (3435, 3337);
INSERT INTO Author (AuthorID, Name) VALUES (3436, 'Thomas Gottron');
INSERT INTO Paper (PaperID, Title, Year, MDate, Key, DOI) VALUES (2060, 'External Plagiarism Detection Based on Standard IR Technology and Fast Recognition of Common Subsequences - Lab Report for PAN at CLEF 2010.', 2010, '2014-09-24', 'conf/clef/Gottron10', 'http://www.clef-initiative.eu/documents/71612/86374/CLEF2010wn-PAN-Gottron2010.pdf');
INSERT INTO Write (AuthorID, PaperID) VALUES (3436, 2060);
INSERT INTO Author (AuthorID, Name) VALUES (3437, 'Tristan Perez');
INSERT INTO Write (AuthorID, PaperID) VALUES (3437, 1059);
INSERT INTO Author (AuthorID, Name) VALUES (3438, 'Jan Pawellek');
INSERT INTO Write (AuthorID, PaperID) VALUES (3438, 2236);
INSERT INTO Author (AuthorID, Name) VALUES (3439, 'Ferron Saan');
INSERT INTO Write (AuthorID, PaperID) VALUES (3439, 1470);
INSERT INTO Author (AuthorID, Name) VALUES (3440, 'Jian Qin');
INSERT INTO Write (AuthorID, PaperID) VALUES (3440, 2334);
INSERT INTO Author (AuthorID, Name) VALUES (3441, 'Oskar Maier');
INSERT INTO Write (AuthorID, PaperID) VALUES (3441, 785);
INSERT INTO Author (AuthorID, Name) VALUES (3442, 'Vianney Jouhet');
INSERT INTO Write (AuthorID, PaperID) VALUES (3442, 1694);
INSERT INTO Author (AuthorID, Name) VALUES (3443, 'Ismini Lourentzou');
INSERT INTO Write (AuthorID, PaperID) VALUES (3443, 1430);
INSERT INTO Author (AuthorID, Name) VALUES (3444, 'Beyza Ermis');
INSERT INTO Write (AuthorID, PaperID) VALUES (3444, 1640);
INSERT INTO Author (AuthorID, Name) VALUES (3445, 'Soonyoung Jung');
INSERT INTO Write (AuthorID, PaperID) VALUES (3445, 615);
INSERT INTO Author (AuthorID, Name) VALUES (3446, 'Hitoshi Terai');
INSERT INTO Write (AuthorID, PaperID) VALUES (3446, 1242);
INSERT INTO Author (AuthorID, Name) VALUES (3447, 'Alkesh Patel');
INSERT INTO Write (AuthorID, PaperID) VALUES (3447, 718);
INSERT INTO Author (AuthorID, Name) VALUES (3448, 'Shereen Broido');
INSERT INTO Write (AuthorID, PaperID) VALUES (3448, 3059);
INSERT INTO Author (AuthorID, Name) VALUES (3449, 'David Rex');
INSERT INTO Write (AuthorID, PaperID) VALUES (3449, 1404);
INSERT INTO Author (AuthorID, Name) VALUES (3450, 'Quoc Ho');
INSERT INTO Write (AuthorID, PaperID) VALUES (3450, 1248);
INSERT INTO Author (AuthorID, Name) VALUES (3451, 'Raul Moreno');
INSERT INTO Write (AuthorID, PaperID) VALUES (3451, 2072);
INSERT INTO Author (AuthorID, Name) VALUES (3452, 'Beatrice Alex');
INSERT INTO Write (AuthorID, PaperID) VALUES (3452, 1114);
INSERT INTO Author (AuthorID, Name) VALUES (3453, 'Pol Cirujeda');
INSERT INTO Write (AuthorID, PaperID) VALUES (3453, 1011);
INSERT INTO Author (AuthorID, Name) VALUES (3454, 'Wen-Juan Hou');
INSERT INTO Write (AuthorID, PaperID) VALUES (3454, 1962);
INSERT INTO Author (AuthorID, Name) VALUES (3455, 'Ilya S. Geller');
INSERT INTO Paper (PaperID, Title, Year, MDate, Key, DOI) VALUES (1480, 'LexiClone Inc. at CLEF WiQA.', 2006, '2014-08-15', 'conf/clef/Geller06', 'http://ceur-ws.org/Vol-1172/CLEF2006wn-QACLEF-Geller2006.pdf');
INSERT INTO Write (AuthorID, PaperID) VALUES (3455, 1480);
INSERT INTO Author (AuthorID, Name) VALUES (3456, 'Polyxeni Katsiouli');
INSERT INTO Write (AuthorID, PaperID) VALUES (3456, 2109);
INSERT INTO Author (AuthorID, Name) VALUES (3457, 'Mengting Li');
INSERT INTO Write (AuthorID, PaperID) VALUES (3457, 1884);
INSERT INTO Author (AuthorID, Name) VALUES (3458, 'Ifrah Pervaz');
INSERT INTO Write (AuthorID, PaperID) VALUES (3458, 1885);
INSERT INTO Author (AuthorID, Name) VALUES (3459, 'Jolanta Mizera-Pietraszko');
INSERT INTO Paper (PaperID, Title, Year, MDate, Key, DOI) VALUES (3162, 'Accuracy of the AID System''s Information Retrieval in Processing Huge Data Collections.', 2006, '2014-08-15', 'conf/clef/Mizera-Pietraszko06', 'http://ceur-ws.org/Vol-1172/CLEF2006wn-QACLEF-MizeraPietraszko2006.pdf');
INSERT INTO Write (AuthorID, PaperID) VALUES (3459, 3162);
INSERT INTO Author (AuthorID, Name) VALUES (3460, 'Romain Beaumont');
INSERT INTO Write (AuthorID, PaperID) VALUES (3460, 1022);
INSERT INTO Author (AuthorID, Name) VALUES (3461, 'Jonathan Goh');
INSERT INTO Write (AuthorID, PaperID) VALUES (3461, 1610);
INSERT INTO Author (AuthorID, Name) VALUES (3462, 'Stefan Schulz 0001');
INSERT INTO Write (AuthorID, PaperID) VALUES (3462, 2644);
INSERT INTO Author (AuthorID, Name) VALUES (3463, 'Sergio Mancera');
INSERT INTO Write (AuthorID, PaperID) VALUES (3463, 581);
INSERT INTO Author (AuthorID, Name) VALUES (3464, 'Pierre-Olivier Mazagol');
INSERT INTO Write (AuthorID, PaperID) VALUES (3464, 3262);
INSERT INTO Author (AuthorID, Name) VALUES (3465, 'Masathosi Hidaka');
INSERT INTO Write (AuthorID, PaperID) VALUES (3465, 1306);
INSERT INTO Author (AuthorID, Name) VALUES (3466, 'Ilia Kaufman');
INSERT INTO Write (AuthorID, PaperID) VALUES (3466, 2729);
INSERT INTO Author (AuthorID, Name) VALUES (3467, 'Viktor Hangya');
INSERT INTO Write (AuthorID, PaperID) VALUES (3467, 982);
INSERT INTO Author (AuthorID, Name) VALUES (3468, 'Marine Wauquier');
INSERT INTO Write (AuthorID, PaperID) VALUES (3468, 2686);
INSERT INTO Author (AuthorID, Name) VALUES (3469, 'Christine D. Piatko');
INSERT INTO Write (AuthorID, PaperID) VALUES (3469, 349);
INSERT INTO Author (AuthorID, Name) VALUES (3470, 'Yang Huang');
INSERT INTO Write (AuthorID, PaperID) VALUES (3470, 407);
INSERT INTO Author (AuthorID, Name) VALUES (3471, 'Jiao Qu');
INSERT INTO Write (AuthorID, PaperID) VALUES (3471, 728);
INSERT INTO Author (AuthorID, Name) VALUES (3472, 'Julia Ive');
INSERT INTO Write (AuthorID, PaperID) VALUES (3472, 1259);
INSERT INTO Author (AuthorID, Name) VALUES (3473, 'S&eacute;bastien D&eacute;jean');
INSERT INTO Write (AuthorID, PaperID) VALUES (3473, 2712);
INSERT INTO Author (AuthorID, Name) VALUES (3474, 'Simon Ostermann 0002');
INSERT INTO Write (AuthorID, PaperID) VALUES (3474, 2110);
INSERT INTO Author (AuthorID, Name) VALUES (3475, 'Rachael Rafter');
INSERT INTO Write (AuthorID, PaperID) VALUES (3475, 1827);
INSERT INTO Author (AuthorID, Name) VALUES (3476, 'Antoine Isaac');
INSERT INTO Write (AuthorID, PaperID) VALUES (3476, 3295);
INSERT INTO Author (AuthorID, Name) VALUES (3477, 'Venkataravikiran Ravva');
INSERT INTO Write (AuthorID, PaperID) VALUES (3477, 2454);
INSERT INTO Author (AuthorID, Name) VALUES (3478, 'David Paul Dupplaw');
INSERT INTO Write (AuthorID, PaperID) VALUES (3478, 1362);
INSERT INTO Author (AuthorID, Name) VALUES (3479, 'Simon Wakeling');
INSERT INTO Write (AuthorID, PaperID) VALUES (3479, 1599);
INSERT INTO Author (AuthorID, Name) VALUES (3480, 'Giannis Tsakonas');
INSERT INTO Write (AuthorID, PaperID) VALUES (3480, 1428);
INSERT INTO Author (AuthorID, Name) VALUES (3481, 'Marco Jungwirth');
INSERT INTO Write (AuthorID, PaperID) VALUES (3481, 712);
INSERT INTO Author (AuthorID, Name) VALUES (3482, 'Joe Reisetter');
INSERT INTO Write (AuthorID, PaperID) VALUES (3482, 631);
INSERT INTO Author (AuthorID, Name) VALUES (3483, 'Ningjie Lu');
INSERT INTO Write (AuthorID, PaperID) VALUES (3483, 1884);
INSERT INTO Author (AuthorID, Name) VALUES (3484, 'Shashank Gupta 0001');
INSERT INTO Write (AuthorID, PaperID) VALUES (3484, 2737);
INSERT INTO Author (AuthorID, Name) VALUES (3485, 'Miguel &Aacute;ngel Garc&iacute;a Calder&oacute;n');
INSERT INTO Write (AuthorID, PaperID) VALUES (3485, 1871);
INSERT INTO Author (AuthorID, Name) VALUES (3486, 'Bela Gipp');
INSERT INTO Write (AuthorID, PaperID) VALUES (3486, 2598);
INSERT INTO Author (AuthorID, Name) VALUES (3487, 'Wei Lu');
INSERT INTO Write (AuthorID, PaperID) VALUES (3487, 769);
INSERT INTO Author (AuthorID, Name) VALUES (3488, 'Martin Boyanov');
INSERT INTO Write (AuthorID, PaperID) VALUES (3488, 2704);
INSERT INTO Author (AuthorID, Name) VALUES (3489, 'Rohit G. Bharadwaj');
INSERT INTO Write (AuthorID, PaperID) VALUES (3489, 1503);
INSERT INTO Author (AuthorID, Name) VALUES (3490, 'Imane Nedjar');
INSERT INTO Write (AuthorID, PaperID) VALUES (3490, 3294);
INSERT INTO Author (AuthorID, Name) VALUES (3491, 'Martyna Spiewak');
INSERT INTO Write (AuthorID, PaperID) VALUES (3491, 3465);
INSERT INTO Author (AuthorID, Name) VALUES (3492, 'Mario Marti');
INSERT INTO Write (AuthorID, PaperID) VALUES (3492, 362);
INSERT INTO Author (AuthorID, Name) VALUES (3493, 'Valeria Bolotova');
INSERT INTO Write (AuthorID, PaperID) VALUES (3493, 2089);
INSERT INTO Author (AuthorID, Name) VALUES (3494, 'Alessandro Zamberletti');
INSERT INTO Write (AuthorID, PaperID) VALUES (3494, 2013);
INSERT INTO Author (AuthorID, Name) VALUES (3495, 'Ferm&iacute;n L. Cruz');
INSERT INTO Write (AuthorID, PaperID) VALUES (3495, 686);
INSERT INTO Author (AuthorID, Name) VALUES (3496, 'Robert Anderson');
INSERT INTO Write (AuthorID, PaperID) VALUES (3496, 1422);
INSERT INTO Author (AuthorID, Name) VALUES (3497, 'Ipek Ganiyusufoglu');
INSERT INTO Write (AuthorID, PaperID) VALUES (3497, 322);
INSERT INTO Author (AuthorID, Name) VALUES (3498, 'Alexander Kalinovsky');
INSERT INTO Write (AuthorID, PaperID) VALUES (3498, 743);
INSERT INTO Author (AuthorID, Name) VALUES (3499, 'Matthieu Guillaumin');
INSERT INTO Write (AuthorID, PaperID) VALUES (3499, 1899);
INSERT INTO Author (AuthorID, Name) VALUES (3500, 'Lily Fitria');
INSERT INTO Write (AuthorID, PaperID) VALUES (3500, 890);
INSERT INTO Author (AuthorID, Name) VALUES (3501, 'Arnaldo de Albuquerque Ara&uacute;jo');
INSERT INTO Write (AuthorID, PaperID) VALUES (3501, 3393);
INSERT INTO Author (AuthorID, Name) VALUES (3502, 'Wilfred Blom');
INSERT INTO Write (AuthorID, PaperID) VALUES (3502, 2891);
INSERT INTO Author (AuthorID, Name) VALUES (3503, 'Vinh-Tiep Nguyen');
INSERT INTO Write (AuthorID, PaperID) VALUES (3503, 1058);
INSERT INTO Author (AuthorID, Name) VALUES (3504, 'Matthias Samwald');
INSERT INTO Write (AuthorID, PaperID) VALUES (3504, 3106);
INSERT INTO Author (AuthorID, Name) VALUES (3505, 'Damien Malinas');
INSERT INTO Write (AuthorID, PaperID) VALUES (3505, 2289);
INSERT INTO Author (AuthorID, Name) VALUES (3506, 'Aniruddha Ghosh');
INSERT INTO Write (AuthorID, PaperID) VALUES (3506, 2666);
INSERT INTO Author (AuthorID, Name) VALUES (3507, 'David Semedo');
INSERT INTO Write (AuthorID, PaperID) VALUES (3507, 976);
INSERT INTO Author (AuthorID, Name) VALUES (3508, 'Liyuan Zhou');
INSERT INTO Write (AuthorID, PaperID) VALUES (3508, 2472);
INSERT INTO Author (AuthorID, Name) VALUES (3509, 'Costantino Grana');
INSERT INTO Write (AuthorID, PaperID) VALUES (3509, 504);
INSERT INTO Author (AuthorID, Name) VALUES (3510, 'Zheng Zhou');
INSERT INTO Write (AuthorID, PaperID) VALUES (3510, 1265);
INSERT INTO Author (AuthorID, Name) VALUES (3511, 'Minoru Yoshida');
INSERT INTO Write (AuthorID, PaperID) VALUES (3511, 2313);
INSERT INTO Author (AuthorID, Name) VALUES (3512, 'Joan Codina');
INSERT INTO Write (AuthorID, PaperID) VALUES (3512, 2405);
INSERT INTO Author (AuthorID, Name) VALUES (3513, 'Khadijeh Khoshnavataher');
INSERT INTO Write (AuthorID, PaperID) VALUES (3513, 1144);
INSERT INTO Author (AuthorID, Name) VALUES (3514, 'George Due&ntilde;as');
INSERT INTO Write (AuthorID, PaperID) VALUES (3514, 581);
INSERT INTO Author (AuthorID, Name) VALUES (3515, 'Paolo Quaresma');
INSERT INTO Write (AuthorID, PaperID) VALUES (3515, 2074);
INSERT INTO Author (AuthorID, Name) VALUES (3516, 'Cl&eacute;ment Jonquet');
INSERT INTO Write (AuthorID, PaperID) VALUES (3516, 1169);
INSERT INTO Author (AuthorID, Name) VALUES (3517, 'Aras Yildiz');
INSERT INTO Write (AuthorID, PaperID) VALUES (3517, 322);
INSERT INTO Author (AuthorID, Name) VALUES (3518, 'Valentin Zmiycharov');
INSERT INTO Write (AuthorID, PaperID) VALUES (3518, 1520);
INSERT INTO Author (AuthorID, Name) VALUES (3519, 'Minh-Son Dao');
INSERT INTO Write (AuthorID, PaperID) VALUES (3519, 707);
INSERT INTO Author (AuthorID, Name) VALUES (3520, 'Georgi Karadzhov');
INSERT INTO Write (AuthorID, PaperID) VALUES (3520, 1105);
INSERT INTO Author (AuthorID, Name) VALUES (3521, 'Ian Pye');
INSERT INTO Write (AuthorID, PaperID) VALUES (3521, 41);
INSERT INTO Author (AuthorID, Name) VALUES (3522, 'Rafael Felipe Sandroni Dias');
INSERT INTO Write (AuthorID, PaperID) VALUES (3522, 381);
INSERT INTO Author (AuthorID, Name) VALUES (3523, 'Enrique Flores');
INSERT INTO Write (AuthorID, PaperID) VALUES (3523, 1847);
INSERT INTO Author (AuthorID, Name) VALUES (3524, 'Rudolf Ravas');
INSERT INTO Write (AuthorID, PaperID) VALUES (3524, 150);
INSERT INTO Author (AuthorID, Name) VALUES (3525, 'Marco Manfredi');
INSERT INTO Write (AuthorID, PaperID) VALUES (3525, 504);
INSERT INTO Author (AuthorID, Name) VALUES (3526, 'Changyang Li');
INSERT INTO Write (AuthorID, PaperID) VALUES (3526, 614);
INSERT INTO Author (AuthorID, Name) VALUES (3527, 'Khadidja Abi-Yad');
INSERT INTO Write (AuthorID, PaperID) VALUES (3527, 3294);
INSERT INTO Author (AuthorID, Name) VALUES (3528, 'Thomas L&uuml;ke');
INSERT INTO Write (AuthorID, PaperID) VALUES (3528, 2149);
INSERT INTO Author (AuthorID, Name) VALUES (3529, 'Anestis Gkanogiannis');
INSERT INTO Write (AuthorID, PaperID) VALUES (3529, 2980);
INSERT INTO Author (AuthorID, Name) VALUES (3530, 'Andrea Horbach');
INSERT INTO Write (AuthorID, PaperID) VALUES (3530, 2110);
INSERT INTO Author (AuthorID, Name) VALUES (3531, 'R&oacute;bert Orm&aacute;ndi');
INSERT INTO Write (AuthorID, PaperID) VALUES (3531, 1130);
INSERT INTO Author (AuthorID, Name) VALUES (3532, 'Ming Li');
INSERT INTO Write (AuthorID, PaperID) VALUES (3532, 2534);
INSERT INTO Author (AuthorID, Name) VALUES (3533, 'Noah Hollmann');
INSERT INTO Write (AuthorID, PaperID) VALUES (3533, 932);
INSERT INTO Author (AuthorID, Name) VALUES (3534, 'Baris Sevilmis');
INSERT INTO Write (AuthorID, PaperID) VALUES (3534, 322);
INSERT INTO Author (AuthorID, Name) VALUES (3535, 'Christopher Baker');
INSERT INTO Paper (PaperID, Title, Year, MDate, Key, DOI) VALUES (2384, 'Proof of Concept Framework for Prediction.', 2014, '2014-09-10', 'conf/clef/Baker14', 'http://ceur-ws.org/Vol-1180/CLEF2014wn-Pan-Baker2014.pdf');
INSERT INTO Write (AuthorID, PaperID) VALUES (3535, 2384);
INSERT INTO Author (AuthorID, Name) VALUES (3536, 'Juli&aacute;n Sol&oacute;rzano-Soto');
INSERT INTO Write (AuthorID, PaperID) VALUES (3536, 3208);
INSERT INTO Author (AuthorID, Name) VALUES (3537, 'Jiao Li');
INSERT INTO Write (AuthorID, PaperID) VALUES (3537, 939);
INSERT INTO Author (AuthorID, Name) VALUES (3538, 'K. Santosh');
INSERT INTO Write (AuthorID, PaperID) VALUES (3538, 1066);
INSERT INTO Author (AuthorID, Name) VALUES (3539, 'Alejandro Molina-Villegas');
INSERT INTO Write (AuthorID, PaperID) VALUES (3539, 2477);
INSERT INTO Author (AuthorID, Name) VALUES (3540, 'Joachim Denzler');
INSERT INTO Write (AuthorID, PaperID) VALUES (3540, 1172);
INSERT INTO Author (AuthorID, Name) VALUES (3541, 'Steve Goering');
INSERT INTO Write (AuthorID, PaperID) VALUES (3541, 307);
INSERT INTO Author (AuthorID, Name) VALUES (3542, 'Ryan Knudson');
INSERT INTO Write (AuthorID, PaperID) VALUES (3542, 422);
INSERT INTO Author (AuthorID, Name) VALUES (3543, 'Max Hinne');
INSERT INTO Write (AuthorID, PaperID) VALUES (3543, 641);
INSERT INTO Author (AuthorID, Name) VALUES (3544, 'D&eacute;nes Paczolay');
INSERT INTO Write (AuthorID, PaperID) VALUES (3544, 3322);
INSERT INTO Author (AuthorID, Name) VALUES (3545, 'Ana Freire');
INSERT INTO Write (AuthorID, PaperID) VALUES (3545, 114);
INSERT INTO Author (AuthorID, Name) VALUES (3546, 'Yanlin Liu');
INSERT INTO Write (AuthorID, PaperID) VALUES (3546, 698);
INSERT INTO Author (AuthorID, Name) VALUES (3547, 'Kian Lam Tan');
INSERT INTO Write (AuthorID, PaperID) VALUES (3547, 3103);
INSERT INTO Author (AuthorID, Name) VALUES (3548, 'Erwin Marsi');
INSERT INTO Write (AuthorID, PaperID) VALUES (3548, 1057);
INSERT INTO Author (AuthorID, Name) VALUES (3549, 'Wei-Lun Xiao');
INSERT INTO Write (AuthorID, PaperID) VALUES (3549, 22);
INSERT INTO Author (AuthorID, Name) VALUES (3550, 'Alexandra Siriteanu');
INSERT INTO Write (AuthorID, PaperID) VALUES (3550, 1987);
INSERT INTO Author (AuthorID, Name) VALUES (3551, 'James White');
INSERT INTO Write (AuthorID, PaperID) VALUES (3551, 3390);
INSERT INTO Author (AuthorID, Name) VALUES (3552, 'Sara Stymne');
INSERT INTO Write (AuthorID, PaperID) VALUES (3552, 1901);
INSERT INTO Author (AuthorID, Name) VALUES (3553, 'Grace Hui Yang');
INSERT INTO Write (AuthorID, PaperID) VALUES (3553, 2944);
INSERT INTO Author (AuthorID, Name) VALUES (3554, 'Diana Cotelea');
INSERT INTO Write (AuthorID, PaperID) VALUES (3554, 3073);
INSERT INTO Author (AuthorID, Name) VALUES (3555, 'Peter Wrobel');
INSERT INTO Write (AuthorID, PaperID) VALUES (3555, 972);
INSERT INTO Author (AuthorID, Name) VALUES (3556, 'Jordi Atserias');
INSERT INTO Write (AuthorID, PaperID) VALUES (3556, 1025);
INSERT INTO Author (AuthorID, Name) VALUES (3557, 'Simon Suster');
INSERT INTO Write (AuthorID, PaperID) VALUES (3557, 2160);
INSERT INTO Author (AuthorID, Name) VALUES (3558, 'El&ouml;d Egyed-Zsigmond');
INSERT INTO Write (AuthorID, PaperID) VALUES (3558, 1258);
INSERT INTO Author (AuthorID, Name) VALUES (3559, 'Luca Atzori');
INSERT INTO Write (AuthorID, PaperID) VALUES (3559, 1141);
INSERT INTO Author (AuthorID, Name) VALUES (3560, 'Michael Hess 0001');
INSERT INTO Write (AuthorID, PaperID) VALUES (3560, 2165);
INSERT INTO Author (AuthorID, Name) VALUES (3561, 'Mattia Nicchio');
INSERT INTO Write (AuthorID, PaperID) VALUES (3561, 3295);
INSERT INTO Author (AuthorID, Name) VALUES (3562, 'Neil Dhruva');
INSERT INTO Write (AuthorID, PaperID) VALUES (3562, 2932);
INSERT INTO Author (AuthorID, Name) VALUES (3563, 'Eloi Zablocki');
INSERT INTO Write (AuthorID, PaperID) VALUES (3563, 893);
INSERT INTO Author (AuthorID, Name) VALUES (3564, 'Claude de Loupy');
INSERT INTO Write (AuthorID, PaperID) VALUES (3564, 1070);
INSERT INTO Author (AuthorID, Name) VALUES (3565, '&Ouml;zge Sevgili');
INSERT INTO Write (AuthorID, PaperID) VALUES (3565, 3177);
INSERT INTO Author (AuthorID, Name) VALUES (3566, 'Xianglong Liu');
INSERT INTO Write (AuthorID, PaperID) VALUES (3566, 824);
INSERT INTO Author (AuthorID, Name) VALUES (3567, 'C&aring;lin Turliuc');
INSERT INTO Write (AuthorID, PaperID) VALUES (3567, 525);
INSERT INTO Author (AuthorID, Name) VALUES (3568, 'Chirag Shah');
INSERT INTO Write (AuthorID, PaperID) VALUES (3568, 2381);
INSERT INTO Author (AuthorID, Name) VALUES (3569, 'Vadim V. Strijov');
INSERT INTO Write (AuthorID, PaperID) VALUES (3569, 326);
INSERT INTO Author (AuthorID, Name) VALUES (3570, 'Abdelkader Hamadi');
INSERT INTO Paper (PaperID, Title, Year, MDate, Key, DOI) VALUES (2228, 'ImageCLEF 2018: Semantic Descriptors for Tuberculosis CT Image Classification.', 2018, '2018-08-08', 'conf/clef/HamadiY18', 'http://ceur-ws.org/Vol-2125/paper_82.pdf');
INSERT INTO Write (AuthorID, PaperID) VALUES (3570, 2228);
INSERT INTO Author (AuthorID, Name) VALUES (3571, 'Koldo Gojenola');
INSERT INTO Write (AuthorID, PaperID) VALUES (3571, 2786);
INSERT INTO Author (AuthorID, Name) VALUES (3572, 'Serena Jeblee');
INSERT INTO Write (AuthorID, PaperID) VALUES (3572, 1182);
INSERT INTO Author (AuthorID, Name) VALUES (3573, 'Hitomi Saito');
INSERT INTO Write (AuthorID, PaperID) VALUES (3573, 1242);
INSERT INTO Author (AuthorID, Name) VALUES (3574, 'Seif Sendi');
INSERT INTO Write (AuthorID, PaperID) VALUES (3574, 3218);
INSERT INTO Author (AuthorID, Name) VALUES (3575, 'Shulin Liu');
INSERT INTO Write (AuthorID, PaperID) VALUES (3575, 1413);
INSERT INTO Author (AuthorID, Name) VALUES (3576, 'Willem Robert van Hage');
INSERT INTO Write (AuthorID, PaperID) VALUES (3576, 2500);
INSERT INTO Author (AuthorID, Name) VALUES (3577, 'Xi Li 0001');
INSERT INTO Write (AuthorID, PaperID) VALUES (3577, 443);
INSERT INTO Author (AuthorID, Name) VALUES (3578, 'Finde Xumara');
INSERT INTO Write (AuthorID, PaperID) VALUES (3578, 1491);
INSERT INTO Author (AuthorID, Name) VALUES (3579, 'Tatiana Litvinova');
INSERT INTO Write (AuthorID, PaperID) VALUES (3579, 38);
INSERT INTO Author (AuthorID, Name) VALUES (3580, 'Tingyu Wei');
INSERT INTO Write (AuthorID, PaperID) VALUES (3580, 1884);
INSERT INTO Author (AuthorID, Name) VALUES (3581, 'David Vilares');
INSERT INTO Write (AuthorID, PaperID) VALUES (3581, 3317);
INSERT INTO Author (AuthorID, Name) VALUES (3582, 'Gabriela Jasso');
INSERT INTO Write (AuthorID, PaperID) VALUES (3582, 1286);
INSERT INTO Author (AuthorID, Name) VALUES (3583, 'Theo P. van der Weide');
INSERT INTO Write (AuthorID, PaperID) VALUES (3583, 641);
INSERT INTO Author (AuthorID, Name) VALUES (3584, 'Dhouha Bouamor');
INSERT INTO Write (AuthorID, PaperID) VALUES (3584, 360);
INSERT INTO Author (AuthorID, Name) VALUES (3585, 'Emilia Apostolova');
INSERT INTO Write (AuthorID, PaperID) VALUES (3585, 2301);
INSERT INTO Author (AuthorID, Name) VALUES (3586, 'Ioannis Kanellos');
INSERT INTO Write (AuthorID, PaperID) VALUES (3586, 3086);
INSERT INTO Author (AuthorID, Name) VALUES (3587, 'Yuichiro Tsuchiya');
INSERT INTO Write (AuthorID, PaperID) VALUES (3587, 1306);
INSERT INTO Author (AuthorID, Name) VALUES (3588, 'Michele Merler');
INSERT INTO Write (AuthorID, PaperID) VALUES (3588, 2815);
INSERT INTO Author (AuthorID, Name) VALUES (3589, 'Hongbo Deng');
INSERT INTO Write (AuthorID, PaperID) VALUES (3589, 2900);
INSERT INTO Author (AuthorID, Name) VALUES (3590, 'Jason J. Lau');
INSERT INTO Write (AuthorID, PaperID) VALUES (3590, 3133);
INSERT INTO Author (AuthorID, Name) VALUES (3591, 'Stanimir Nikolov');
INSERT INTO Write (AuthorID, PaperID) VALUES (3591, 3263);
INSERT INTO Author (AuthorID, Name) VALUES (3592, 'Megha Bassi');
INSERT INTO Write (AuthorID, PaperID) VALUES (3592, 1897);
INSERT INTO Author (AuthorID, Name) VALUES (3593, 'Niels Johannes');
INSERT INTO Write (AuthorID, PaperID) VALUES (3593, 1334);
INSERT INTO Author (AuthorID, Name) VALUES (3594, 'Philip Harrison');
INSERT INTO Write (AuthorID, PaperID) VALUES (3594, 2045);
INSERT INTO Author (AuthorID, Name) VALUES (3595, 'Ronny Paduschek');
INSERT INTO Write (AuthorID, PaperID) VALUES (3595, 1877);
INSERT INTO Author (AuthorID, Name) VALUES (3596, 'Youri Schuur');
INSERT INTO Write (AuthorID, PaperID) VALUES (3596, 1816);
INSERT INTO Author (AuthorID, Name) VALUES (3597, 'Titouan Lorieul');
INSERT INTO Write (AuthorID, PaperID) VALUES (3597, 1547);
INSERT INTO Author (AuthorID, Name) VALUES (3598, 'Juan Ek');
INSERT INTO Write (AuthorID, PaperID) VALUES (3598, 2187);
INSERT INTO Author (AuthorID, Name) VALUES (3599, 'Lenuta Alboaie');
INSERT INTO Write (AuthorID, PaperID) VALUES (3599, 1987);
INSERT INTO Author (AuthorID, Name) VALUES (3600, 'Luc Mottin');
INSERT INTO Write (AuthorID, PaperID) VALUES (3600, 3198);
INSERT INTO Author (AuthorID, Name) VALUES (3601, 'Peiqin Zhuang');
INSERT INTO Write (AuthorID, PaperID) VALUES (3601, 698);
INSERT INTO Author (AuthorID, Name) VALUES (3602, 'Christoph Schmidt');
INSERT INTO Write (AuthorID, PaperID) VALUES (3602, 2831);
INSERT INTO Author (AuthorID, Name) VALUES (3603, 'Han Wang');
INSERT INTO Write (AuthorID, PaperID) VALUES (3603, 824);
INSERT INTO Author (AuthorID, Name) VALUES (3604, 'Lautaro Quiroz');
INSERT INTO Write (AuthorID, PaperID) VALUES (3604, 1514);
INSERT INTO Author (AuthorID, Name) VALUES (3605, 'Cordelia Schmid');
INSERT INTO Write (AuthorID, PaperID) VALUES (3605, 1899);
INSERT INTO Author (AuthorID, Name) VALUES (3606, 'Diana Irina Tanase');
INSERT INTO Write (AuthorID, PaperID) VALUES (3606, 272);
INSERT INTO Author (AuthorID, Name) VALUES (3607, 'Charles L. A. Clarke');
INSERT INTO Paper (PaperID, Title, Year, MDate, Key, DOI) VALUES (1488, 'Waterloo Experiments for the CLEF05 SDR Track.', 2005, '2014-08-15', 'conf/clef/Clarke05', 'http://ceur-ws.org/Vol-1171/CLEF2005wn-CLSR-Clarke2005.pdf');
INSERT INTO Write (AuthorID, PaperID) VALUES (3607, 1488);
INSERT INTO Author (AuthorID, Name) VALUES (3608, 'Iosif S. Paraskevas');
INSERT INTO Write (AuthorID, PaperID) VALUES (3608, 783);
INSERT INTO Author (AuthorID, Name) VALUES (3609, 'Henry Anaya-S&aacute;nchez');
INSERT INTO Write (AuthorID, PaperID) VALUES (3609, 1385);
INSERT INTO Author (AuthorID, Name) VALUES (3610, 'Mounia Lalmas');
INSERT INTO Write (AuthorID, PaperID) VALUES (3610, 1654);
INSERT INTO Author (AuthorID, Name) VALUES (3611, 'Lini Thomas');
INSERT INTO Write (AuthorID, PaperID) VALUES (3611, 2121);
INSERT INTO Author (AuthorID, Name) VALUES (3612, 'Marina Cufliuc');
INSERT INTO Write (AuthorID, PaperID) VALUES (3612, 1920);
INSERT INTO Author (AuthorID, Name) VALUES (3613, 'Jimmy Xiangji Huang');
INSERT INTO Write (AuthorID, PaperID) VALUES (3613, 2473);
INSERT INTO Author (AuthorID, Name) VALUES (3614, 'John Noecker Jr.');
INSERT INTO Write (AuthorID, PaperID) VALUES (3614, 1226);
INSERT INTO Author (AuthorID, Name) VALUES (3615, 'Aldo Lipani');
INSERT INTO Write (AuthorID, PaperID) VALUES (3615, 882);
INSERT INTO Author (AuthorID, Name) VALUES (3616, 'Saloua Litayem');
INSERT INTO Write (AuthorID, PaperID) VALUES (3616, 1811);
INSERT INTO Author (AuthorID, Name) VALUES (3617, 'Gabriela Ferraro');
INSERT INTO Write (AuthorID, PaperID) VALUES (3617, 7);
INSERT INTO Author (AuthorID, Name) VALUES (3618, 'J&eacute;r&ocirc;me Az&eacute;');
INSERT INTO Write (AuthorID, PaperID) VALUES (3618, 1216);
INSERT INTO Author (AuthorID, Name) VALUES (3619, 'Claudio Greco 0002');
INSERT INTO Write (AuthorID, PaperID) VALUES (3619, 3499);
INSERT INTO Author (AuthorID, Name) VALUES (3620, 'Roc&iacute;o L&oacute;pez-Anguita');
INSERT INTO Write (AuthorID, PaperID) VALUES (3620, 1726);
INSERT INTO Author (AuthorID, Name) VALUES (3621, 'Marko Tadic');
INSERT INTO Write (AuthorID, PaperID) VALUES (3621, 1813);
INSERT INTO Author (AuthorID, Name) VALUES (3622, 'Tom Burton-West');
INSERT INTO Paper (PaperID, Title, Year, MDate, Key, DOI) VALUES (62, 'Practical Relevance Ranking for 10 Million Books.', 2012, '2014-09-24', 'conf/clef/Burton-West12', 'http://www.clef-initiative.eu/documents/71612/943abea5-6e48-48dd-ba89-72c174d001ef');
INSERT INTO Write (AuthorID, PaperID) VALUES (3622, 62);
INSERT INTO Author (AuthorID, Name) VALUES (3623, 'Felix Schremmer');
INSERT INTO Write (AuthorID, PaperID) VALUES (3623, 1227);
INSERT INTO Author (AuthorID, Name) VALUES (3624, 'Marcelo G. Manzato');
INSERT INTO Paper (PaperID, Title, Year, MDate, Key, DOI) VALUES (855, 'The participation of IntermidiaLab at the ImageCLEF 2012 Photo Annotation Task.', 2012, '2014-09-24', 'conf/clef/Manzato12', 'http://www.clef-initiative.eu/documents/71612/7fa067d3-359e-4c04-9e46-313ae4144650');
INSERT INTO Write (AuthorID, PaperID) VALUES (3624, 855);
INSERT INTO Author (AuthorID, Name) VALUES (3625, 'Ilya Verbitskiy');
INSERT INTO Write (AuthorID, PaperID) VALUES (3625, 559);
INSERT INTO Author (AuthorID, Name) VALUES (3626, 'Eleftherios Spyromitros Xioufis');
INSERT INTO Write (AuthorID, PaperID) VALUES (3626, 2673);
INSERT INTO Author (AuthorID, Name) VALUES (3627, 'Deepa Gupta');
INSERT INTO Write (AuthorID, PaperID) VALUES (3627, 2785);
INSERT INTO Author (AuthorID, Name) VALUES (3628, 'Carlos Cuevas');
INSERT INTO Write (AuthorID, PaperID) VALUES (3628, 860);
INSERT INTO Author (AuthorID, Name) VALUES (3629, 'Bhanodai Guggilla');
INSERT INTO Write (AuthorID, PaperID) VALUES (3629, 179);
INSERT INTO Author (AuthorID, Name) VALUES (3630, 'James Northcott');
INSERT INTO Paper (PaperID, Title, Year, MDate, Key, DOI) VALUES (1031, 'Participation of Group SCS to LifeCLEF Bird Identification Challenge 2014.', 2014, '2014-09-10', 'conf/clef/Northcott14', 'http://ceur-ws.org/Vol-1180/CLEF2014wn-Life-Northcott2014.pdf');
INSERT INTO Write (AuthorID, PaperID) VALUES (3630, 1031);
INSERT INTO Author (AuthorID, Name) VALUES (3631, 'Fang Wang');
INSERT INTO Write (AuthorID, PaperID) VALUES (3631, 1323);
INSERT INTO Author (AuthorID, Name) VALUES (3632, 'Thanadit Phumprao');
INSERT INTO Write (AuthorID, PaperID) VALUES (3632, 1897);
INSERT INTO Author (AuthorID, Name) VALUES (3633, 'Dirk Lewandowski');
INSERT INTO Write (AuthorID, PaperID) VALUES (3633, 2616);
INSERT INTO Author (AuthorID, Name) VALUES (3634, 'Alyaa Alfalahi');
INSERT INTO Write (AuthorID, PaperID) VALUES (3634, 248);
INSERT INTO Author (AuthorID, Name) VALUES (3635, 'Christina Lohr');
INSERT INTO Write (AuthorID, PaperID) VALUES (3635, 665);
INSERT INTO Author (AuthorID, Name) VALUES (3636, 'Dimitrios Soudris');
INSERT INTO Write (AuthorID, PaperID) VALUES (3636, 783);
INSERT INTO Author (AuthorID, Name) VALUES (3637, 'Tim Menzies');
INSERT INTO Paper (PaperID, Title, Year, MDate, Key, DOI) VALUES (1675, 'Data Balancing for Technologically Assisted Reviews: Undersampling or Reweighting.', 2017, '2017-08-15', 'conf/clef/YuM17', 'http://ceur-ws.org/Vol-1866/paper_120.pdf');
INSERT INTO Write (AuthorID, PaperID) VALUES (3637, 1675);
INSERT INTO Author (AuthorID, Name) VALUES (3638, 'Heng Ji');
INSERT INTO Write (AuthorID, PaperID) VALUES (3638, 2900);
INSERT INTO Author (AuthorID, Name) VALUES (3639, 'Robert Phan');
INSERT INTO Write (AuthorID, PaperID) VALUES (3639, 766);
INSERT INTO Author (AuthorID, Name) VALUES (3640, 'Arian Pasquali');
INSERT INTO Write (AuthorID, PaperID) VALUES (3640, 3118);
INSERT INTO Author (AuthorID, Name) VALUES (3641, 'Houda Alberts');
INSERT INTO Paper (PaperID, Title, Year, MDate, Key, DOI) VALUES (3299, 'Author clustering with the Aid of a Simple Distance Measure.', 2017, '2017-08-15', 'conf/clef/Alberts17', 'http://ceur-ws.org/Vol-1866/paper_95.pdf');
INSERT INTO Write (AuthorID, PaperID) VALUES (3641, 3299);
INSERT INTO Author (AuthorID, Name) VALUES (3642, 'Teemu P&auml;&auml;kk&ouml;nen');
INSERT INTO Write (AuthorID, PaperID) VALUES (3642, 2014);
INSERT INTO Author (AuthorID, Name) VALUES (3643, 'Sunghwan Sohn');
INSERT INTO Write (AuthorID, PaperID) VALUES (3643, 276);
INSERT INTO Author (AuthorID, Name) VALUES (3644, 'Mikhail Lebedev');
INSERT INTO Write (AuthorID, PaperID) VALUES (3644, 29);
INSERT INTO Author (AuthorID, Name) VALUES (3645, 'Harris Papageorgiou');
INSERT INTO Write (AuthorID, PaperID) VALUES (3645, 683);
INSERT INTO Author (AuthorID, Name) VALUES (3646, 'Xueliang Zhang');
INSERT INTO Write (AuthorID, PaperID) VALUES (3646, 1050);
INSERT INTO Author (AuthorID, Name) VALUES (3647, 'Aravind Ashok');
INSERT INTO Write (AuthorID, PaperID) VALUES (3647, 993);
INSERT INTO Author (AuthorID, Name) VALUES (3648, 'Qiang Li');
INSERT INTO Write (AuthorID, PaperID) VALUES (3648, 1084);
INSERT INTO Author (AuthorID, Name) VALUES (3649, 'K&eacute;vin R&eacute;by');
INSERT INTO Write (AuthorID, PaperID) VALUES (3649, 1316);
INSERT INTO Author (AuthorID, Name) VALUES (3650, 'Aliaksandr Trus');
INSERT INTO Write (AuthorID, PaperID) VALUES (3650, 1252);
INSERT INTO Author (AuthorID, Name) VALUES (3651, 'Vladimir Nedovic');
INSERT INTO Write (AuthorID, PaperID) VALUES (3651, 2226);
INSERT INTO Author (AuthorID, Name) VALUES (3652, 'Diana Tanase');
INSERT INTO Paper (PaperID, Title, Year, MDate, Key, DOI) VALUES (464, 'Using the Divergence Framework for Randomness: CHiC 2013 Lab Report.', 2013, '2014-09-10', 'conf/clef/Tanase13', 'http://ceur-ws.org/Vol-1179/CLEF2013wn-CHiC-Tanase2013.pdf');
INSERT INTO Write (AuthorID, PaperID) VALUES (3652, 464);
INSERT INTO Author (AuthorID, Name) VALUES (3653, 'Mateusz Budnik');
INSERT INTO Write (AuthorID, PaperID) VALUES (3653, 710);
INSERT INTO Author (AuthorID, Name) VALUES (3654, 'Manoj Harpalani');
INSERT INTO Write (AuthorID, PaperID) VALUES (3654, 1897);
INSERT INTO Author (AuthorID, Name) VALUES (3655, 'Nam Khanh Tran');
INSERT INTO Write (AuthorID, PaperID) VALUES (3655, 2624);
INSERT INTO Author (AuthorID, Name) VALUES (3656, 'Alexandru Mirea');
INSERT INTO Write (AuthorID, PaperID) VALUES (3656, 804);
INSERT INTO Author (AuthorID, Name) VALUES (3657, 'Thanh-Dat Truong');
INSERT INTO Write (AuthorID, PaperID) VALUES (3657, 1058);
INSERT INTO Author (AuthorID, Name) VALUES (3658, 'Marc Rittberger');
INSERT INTO Write (AuthorID, PaperID) VALUES (3658, 2708);
INSERT INTO Author (AuthorID, Name) VALUES (3659, 'David Aleandri');
INSERT INTO Paper (PaperID, Title, Year, MDate, Key, DOI) VALUES (509, 'Convolutional Expectation Maximization for Population Estimation.', 2017, '2017-08-15', 'conf/clef/PomenteA17', 'http://ceur-ws.org/Vol-1866/paper_138.pdf');
INSERT INTO Write (AuthorID, PaperID) VALUES (3659, 509);
INSERT INTO Author (AuthorID, Name) VALUES (3660, 'Lo&iuml;c Lahondes');
INSERT INTO Write (AuthorID, PaperID) VALUES (3660, 1988);
INSERT INTO Author (AuthorID, Name) VALUES (3661, 'Fai&iuml;za Elkateb-Gara');
INSERT INTO Write (AuthorID, PaperID) VALUES (3661, 1940);
INSERT INTO Author (AuthorID, Name) VALUES (3662, 'Alexander Dmitruk');
INSERT INTO Write (AuthorID, PaperID) VALUES (3662, 2282);
INSERT INTO Author (AuthorID, Name) VALUES (3663, 'Roger Labahn');
INSERT INTO Write (AuthorID, PaperID) VALUES (3663, 679);
INSERT INTO Author (AuthorID, Name) VALUES (3664, 'Sascha Heising');
INSERT INTO Write (AuthorID, PaperID) VALUES (3664, 783);
INSERT INTO Author (AuthorID, Name) VALUES (3665, 'Vanessa Wei Feng');
INSERT INTO Write (AuthorID, PaperID) VALUES (3665, 2565);
INSERT INTO Author (AuthorID, Name) VALUES (3666, 'Naeem Bhatti');
INSERT INTO Write (AuthorID, PaperID) VALUES (3666, 3420);
INSERT INTO Author (AuthorID, Name) VALUES (3667, 'Mihai Sterpu');
INSERT INTO Write (AuthorID, PaperID) VALUES (3667, 525);
INSERT INTO Author (AuthorID, Name) VALUES (3668, 'Mladen Karan');
INSERT INTO Write (AuthorID, PaperID) VALUES (3668, 1315);
INSERT INTO Author (AuthorID, Name) VALUES (3669, 'Sachin Singhal');
INSERT INTO Write (AuthorID, PaperID) VALUES (3669, 1012);
INSERT INTO Author (AuthorID, Name) VALUES (3670, 'Mounica Arroju');
INSERT INTO Write (AuthorID, PaperID) VALUES (3670, 1963);
INSERT INTO Author (AuthorID, Name) VALUES (3671, 'Jon Brassey');
INSERT INTO Write (AuthorID, PaperID) VALUES (3671, 1351);
INSERT INTO Author (AuthorID, Name) VALUES (3672, 'Boudour Ammar');
INSERT INTO Write (AuthorID, PaperID) VALUES (3672, 3251);
INSERT INTO Author (AuthorID, Name) VALUES (3673, 'Mickael Rouvier');
INSERT INTO Write (AuthorID, PaperID) VALUES (3673, 2289);
INSERT INTO Author (AuthorID, Name) VALUES (3674, 'Fangmei Lu');
INSERT INTO Paper (PaperID, Title, Year, MDate, Key, DOI) VALUES (626, 'Employing Query Expansion Models to help Patients Diagnose Themselves.', 2015, '2015-09-03', 'conf/clef/Lu15', 'http://ceur-ws.org/Vol-1391/10-CR.pdf');
INSERT INTO Write (AuthorID, PaperID) VALUES (3674, 626);
INSERT INTO Author (AuthorID, Name) VALUES (3675, 'Linda Dawson');
INSERT INTO Write (AuthorID, PaperID) VALUES (3675, 1156);
INSERT INTO Author (AuthorID, Name) VALUES (3676, 'Alexandru Toma');
INSERT INTO Write (AuthorID, PaperID) VALUES (3676, 1905);
INSERT INTO Author (AuthorID, Name) VALUES (3677, 'Liliya Akhtyamova');
INSERT INTO Write (AuthorID, PaperID) VALUES (3677, 2665);
INSERT INTO Author (AuthorID, Name) VALUES (3678, 'Magdalena Rischka');
INSERT INTO Write (AuthorID, PaperID) VALUES (3678, 3149);
INSERT INTO Author (AuthorID, Name) VALUES (3679, 'Juan Manuel Cordoba Malagon');
INSERT INTO Write (AuthorID, PaperID) VALUES (3679, 2823);
INSERT INTO Author (AuthorID, Name) VALUES (3680, 'Kseniya Buraya');
INSERT INTO Write (AuthorID, PaperID) VALUES (3680, 2457);
INSERT INTO Author (AuthorID, Name) VALUES (3681, 'Daniel Kopev');
INSERT INTO Write (AuthorID, PaperID) VALUES (3681, 1568);
INSERT INTO Author (AuthorID, Name) VALUES (3682, 'Suman Sedai');
INSERT INTO Write (AuthorID, PaperID) VALUES (3682, 2892);
INSERT INTO Author (AuthorID, Name) VALUES (3683, 'Kang Xin');
INSERT INTO Write (AuthorID, PaperID) VALUES (3683, 1265);
INSERT INTO Author (AuthorID, Name) VALUES (3684, 'Djamel Eddine Yagoub');
INSERT INTO Write (AuthorID, PaperID) VALUES (3684, 2228);
INSERT INTO Author (AuthorID, Name) VALUES (3685, 'Dragos Silion');
INSERT INTO Write (AuthorID, PaperID) VALUES (3685, 3302);
INSERT INTO Author (AuthorID, Name) VALUES (3686, 'Ferran Pl&agrave;');
INSERT INTO Write (AuthorID, PaperID) VALUES (3686, 876);
INSERT INTO Author (AuthorID, Name) VALUES (3687, 'Maram Barifah');
INSERT INTO Write (AuthorID, PaperID) VALUES (3687, 2188);
INSERT INTO Author (AuthorID, Name) VALUES (3688, 'Gustavo Lacerda de Melo');
INSERT INTO Write (AuthorID, PaperID) VALUES (3688, 2500);
INSERT INTO Author (AuthorID, Name) VALUES (3689, 'Alvaro Barreiro');
INSERT INTO Write (AuthorID, PaperID) VALUES (3689, 729);
INSERT INTO Author (AuthorID, Name) VALUES (3690, 'Dimitrina Zlatkova');
INSERT INTO Write (AuthorID, PaperID) VALUES (3690, 1568);
INSERT INTO Author (AuthorID, Name) VALUES (3691, 'Zhe Yu');
INSERT INTO Write (AuthorID, PaperID) VALUES (3691, 1675);
INSERT INTO Author (AuthorID, Name) VALUES (3692, 'Anna Morou');
INSERT INTO Write (AuthorID, PaperID) VALUES (3692, 2419);
INSERT INTO Author (AuthorID, Name) VALUES (3693, 'Ralf Bierig');
INSERT INTO Write (AuthorID, PaperID) VALUES (3693, 1359);
INSERT INTO Author (AuthorID, Name) VALUES (3694, 'Thierry Joliveau');
INSERT INTO Write (AuthorID, PaperID) VALUES (3694, 3262);
INSERT INTO Author (AuthorID, Name) VALUES (3695, 'Osama Haggag');
INSERT INTO Paper (PaperID, Title, Year, MDate, Key, DOI) VALUES (3261, 'Plagiarism Candidate Retrieval Using Selective Query Formulation and Discriminative Query Scoring Notebook for PAN at CLEF 2013.', 2013, '2015-06-22', 'conf/clef/HaggagE13', 'http://ceur-ws.org/Vol-1179/CLEF2013wn-PAN-HaggagEt2013.pdf');
INSERT INTO Write (AuthorID, PaperID) VALUES (3695, 3261);
INSERT INTO Author (AuthorID, Name) VALUES (3696, 'Erhan Sezerer');
INSERT INTO Write (AuthorID, PaperID) VALUES (3696, 3177);
INSERT INTO Author (AuthorID, Name) VALUES (3697, 'Haihao Yu');
INSERT INTO Write (AuthorID, PaperID) VALUES (3697, 2514);
INSERT INTO Author (AuthorID, Name) VALUES (3698, 'Mouad Housni');
INSERT INTO Write (AuthorID, PaperID) VALUES (3698, 3140);
INSERT INTO Author (AuthorID, Name) VALUES (3699, 'Blaz Skrlj');
INSERT INTO Write (AuthorID, PaperID) VALUES (3699, 2214);
INSERT INTO Author (AuthorID, Name) VALUES (3700, 'Vineet Bansal');
INSERT INTO Write (AuthorID, PaperID) VALUES (3700, 226);
INSERT INTO Author (AuthorID, Name) VALUES (3701, 'Parikshit Sondhi');
INSERT INTO Write (AuthorID, PaperID) VALUES (3701, 1132);
INSERT INTO Author (AuthorID, Name) VALUES (3702, 'Muyun Yang');
INSERT INTO Write (AuthorID, PaperID) VALUES (3702, 1738);
INSERT INTO Author (AuthorID, Name) VALUES (3703, 'S&eacute;amus Lawless');
INSERT INTO Write (AuthorID, PaperID) VALUES (3703, 1465);
INSERT INTO Author (AuthorID, Name) VALUES (3704, 'Serge Molina');
INSERT INTO Write (AuthorID, PaperID) VALUES (3704, 2326);
INSERT INTO Author (AuthorID, Name) VALUES (3705, 'Esther van den Berg');
INSERT INTO Write (AuthorID, PaperID) VALUES (3705, 2160);
INSERT INTO Author (AuthorID, Name) VALUES (3706, 'M. Anand Kumar');
INSERT INTO Write (AuthorID, PaperID) VALUES (3706, 635);
INSERT INTO Author (AuthorID, Name) VALUES (3707, 'George Giannakopoulos');
INSERT INTO Write (AuthorID, PaperID) VALUES (3707, 1545);
INSERT INTO Author (AuthorID, Name) VALUES (3708, 'Josep Isern-Gonzalez');
INSERT INTO Write (AuthorID, PaperID) VALUES (3708, 1642);
INSERT INTO Author (AuthorID, Name) VALUES (3709, 'Klaus-Robert M&uuml;ller');
INSERT INTO Write (AuthorID, PaperID) VALUES (3709, 502);
INSERT INTO Author (AuthorID, Name) VALUES (3710, 'Sergio Burdisso');
INSERT INTO Write (AuthorID, PaperID) VALUES (3710, 1367);
INSERT INTO Author (AuthorID, Name) VALUES (3711, 'Aaron M. Cohen');
INSERT INTO Write (AuthorID, PaperID) VALUES (3711, 1527);
INSERT INTO Author (AuthorID, Name) VALUES (3712, 'Nsikan-George Emana');
INSERT INTO Write (AuthorID, PaperID) VALUES (3712, 266);
INSERT INTO Author (AuthorID, Name) VALUES (3713, 'Leila Weitzel');
INSERT INTO Write (AuthorID, PaperID) VALUES (3713, 1266);
INSERT INTO Author (AuthorID, Name) VALUES (3714, 'Diego Fern&aacute;ndez Iglesias');
INSERT INTO Write (AuthorID, PaperID) VALUES (3714, 1822);
INSERT INTO Author (AuthorID, Name) VALUES (3715, 'Selma Tekir');
INSERT INTO Write (AuthorID, PaperID) VALUES (3715, 3177);
INSERT INTO Author (AuthorID, Name) VALUES (3716, 'Mihir Shekhar');
INSERT INTO Write (AuthorID, PaperID) VALUES (3716, 1066);
INSERT INTO Author (AuthorID, Name) VALUES (3717, 'Pierre Jourlin');
INSERT INTO Paper (PaperID, Title, Year, MDate, Key, DOI) VALUES (3459, 'Entity Recognition and Language Identification with FELTS.', 2017, '2017-08-15', 'conf/clef/Jourlin17', 'http://ceur-ws.org/Vol-1866/paper_53.pdf');
INSERT INTO Write (AuthorID, PaperID) VALUES (3717, 3459);
INSERT INTO Author (AuthorID, Name) VALUES (3718, 'Fran&ccedil;ois-Marie Giraud');
INSERT INTO Write (AuthorID, PaperID) VALUES (3718, 3022);
INSERT INTO Author (AuthorID, Name) VALUES (3719, 'Jacky Montmain');
INSERT INTO Write (AuthorID, PaperID) VALUES (3719, 1960);
INSERT INTO Author (AuthorID, Name) VALUES (3720, 'Fatma Ben Abdallah');
INSERT INTO Write (AuthorID, PaperID) VALUES (3720, 3176);
INSERT INTO Author (AuthorID, Name) VALUES (3721, 'Frederik Vaassen');
INSERT INTO Write (AuthorID, PaperID) VALUES (3721, 3382);
INSERT INTO Author (AuthorID, Name) VALUES (3722, 'Travis Goodwin');
INSERT INTO Write (AuthorID, PaperID) VALUES (3722, 700);
INSERT INTO Author (AuthorID, Name) VALUES (3723, 'Md Obaidullah Sk');
INSERT INTO Write (AuthorID, PaperID) VALUES (3723, 2846);
INSERT INTO Author (AuthorID, Name) VALUES (3724, 'Christophe Marsala');
INSERT INTO Write (AuthorID, PaperID) VALUES (3724, 722);
INSERT INTO Author (AuthorID, Name) VALUES (3725, 'Andrea Pomente');
INSERT INTO Write (AuthorID, PaperID) VALUES (3725, 509);
INSERT INTO Author (AuthorID, Name) VALUES (3726, 'Stuart Mackie');
INSERT INTO Write (AuthorID, PaperID) VALUES (3726, 2924);
INSERT INTO Author (AuthorID, Name) VALUES (3727, 'Pawel Teisseyre');
INSERT INTO Write (AuthorID, PaperID) VALUES (3727, 3336);
INSERT INTO Author (AuthorID, Name) VALUES (3728, 'Stefan Taubert');
INSERT INTO Write (AuthorID, PaperID) VALUES (3728, 2629);
INSERT INTO Author (AuthorID, Name) VALUES (3729, 'Irina Rancea');
INSERT INTO Write (AuthorID, PaperID) VALUES (3729, 961);
INSERT INTO Author (AuthorID, Name) VALUES (3730, 'Pengyi Zhang');
INSERT INTO Write (AuthorID, PaperID) VALUES (3730, 2959);
INSERT INTO Author (AuthorID, Name) VALUES (3731, 'Aure S&eacute;guier');
INSERT INTO Write (AuthorID, PaperID) VALUES (3731, 1900);
INSERT INTO Author (AuthorID, Name) VALUES (3732, 'Christina M&uuml;ller');
INSERT INTO Write (AuthorID, PaperID) VALUES (3732, 502);
INSERT INTO Author (AuthorID, Name) VALUES (3733, 'James Marquardt');
INSERT INTO Write (AuthorID, PaperID) VALUES (3733, 1598);
INSERT INTO Author (AuthorID, Name) VALUES (3734, 'Yasser El-Sonbaty');
INSERT INTO Write (AuthorID, PaperID) VALUES (3734, 3104);
INSERT INTO Author (AuthorID, Name) VALUES (3735, 'Kirill Mishchenko');
INSERT INTO Write (AuthorID, PaperID) VALUES (3735, 2089);
INSERT INTO Author (AuthorID, Name) VALUES (3736, 'S&eacute;bastien Le Maguer');
INSERT INTO Write (AuthorID, PaperID) VALUES (3736, 3189);
INSERT INTO Author (AuthorID, Name) VALUES (3737, 'Yu Qiao');
INSERT INTO Write (AuthorID, PaperID) VALUES (3737, 698);
INSERT INTO Author (AuthorID, Name) VALUES (3738, 'Timothy Gollins');
INSERT INTO Write (AuthorID, PaperID) VALUES (3738, 640);
INSERT INTO Author (AuthorID, Name) VALUES (3739, 'Yu Qian');
INSERT INTO Write (AuthorID, PaperID) VALUES (3739, 1701);
INSERT INTO Author (AuthorID, Name) VALUES (3740, 'Waleed Ragheb');
INSERT INTO Write (AuthorID, PaperID) VALUES (3740, 1216);
INSERT INTO Author (AuthorID, Name) VALUES (3741, 'ChengXiang Zhai');
INSERT INTO Write (AuthorID, PaperID) VALUES (3741, 1132);
INSERT INTO Author (AuthorID, Name) VALUES (3742, 'Babak Loni');
INSERT INTO Write (AuthorID, PaperID) VALUES (3742, 2483);
INSERT INTO Author (AuthorID, Name) VALUES (3743, 'Luis Jim&eacute;nez-Cuadrado');
INSERT INTO Write (AuthorID, PaperID) VALUES (3743, 3091);
INSERT INTO Author (AuthorID, Name) VALUES (3744, 'Riitta Danielsson-Ojala');
INSERT INTO Write (AuthorID, PaperID) VALUES (3744, 1557);
INSERT INTO Author (AuthorID, Name) VALUES (3745, 'Hogyeong Jeong');
INSERT INTO Write (AuthorID, PaperID) VALUES (3745, 3415);
INSERT INTO Author (AuthorID, Name) VALUES (3746, 'Neil J. Hurley');
INSERT INTO Write (AuthorID, PaperID) VALUES (3746, 2072);
INSERT INTO Author (AuthorID, Name) VALUES (3747, 'Niklas Isenius');
INSERT INTO Write (AuthorID, PaperID) VALUES (3747, 777);
INSERT INTO Author (AuthorID, Name) VALUES (3748, 'Alexey Buslavyev');
INSERT INTO Write (AuthorID, PaperID) VALUES (3748, 1499);
INSERT INTO Author (AuthorID, Name) VALUES (3749, 'Carlos Rodriguez');
INSERT INTO Write (AuthorID, PaperID) VALUES (3749, 1025);
INSERT INTO Author (AuthorID, Name) VALUES (3750, 'Irina Muzika');
INSERT INTO Write (AuthorID, PaperID) VALUES (3750, 1592);
INSERT INTO Author (AuthorID, Name) VALUES (3751, 'Christin Seifert');
INSERT INTO Write (AuthorID, PaperID) VALUES (3751, 1668);
INSERT INTO Author (AuthorID, Name) VALUES (3752, 'P. Hrudya');
INSERT INTO Write (AuthorID, PaperID) VALUES (3752, 993);
INSERT INTO Author (AuthorID, Name) VALUES (3753, 'Framadhan Arnely');
INSERT INTO Write (AuthorID, PaperID) VALUES (3753, 1976);
INSERT INTO Author (AuthorID, Name) VALUES (3754, 'Sylvie Chevret');
INSERT INTO Write (AuthorID, PaperID) VALUES (3754, 936);
INSERT INTO Author (AuthorID, Name) VALUES (3755, 'Antoine Briand');
INSERT INTO Write (AuthorID, PaperID) VALUES (3755, 3105);
INSERT INTO Author (AuthorID, Name) VALUES (3756, 'Alina Maria Ciobanu');
INSERT INTO Write (AuthorID, PaperID) VALUES (3756, 1765);
INSERT INTO Author (AuthorID, Name) VALUES (3757, 'Beatrix Alex');
INSERT INTO Write (AuthorID, PaperID) VALUES (3757, 1188);
INSERT INTO Author (AuthorID, Name) VALUES (3758, 'Santiago A. P&eacute;rez-Rubiano');
INSERT INTO Write (AuthorID, PaperID) VALUES (3758, 100);
INSERT INTO Author (AuthorID, Name) VALUES (3759, 'Magdalena Parks');
INSERT INTO Write (AuthorID, PaperID) VALUES (3759, 1901);
INSERT INTO Author (AuthorID, Name) VALUES (3760, 'Zan-Xia Jin');
INSERT INTO Write (AuthorID, PaperID) VALUES (3760, 1127);
INSERT INTO Author (AuthorID, Name) VALUES (3761, 'Di Xu');
INSERT INTO Write (AuthorID, PaperID) VALUES (3761, 3403);
INSERT INTO Author (AuthorID, Name) VALUES (3762, 'A. Jagannathan');
INSERT INTO Write (AuthorID, PaperID) VALUES (3762, 3437);
INSERT INTO Author (AuthorID, Name) VALUES (3763, 'Emanuel Luchetti');
INSERT INTO Write (AuthorID, PaperID) VALUES (3763, 1484);
INSERT INTO Author (AuthorID, Name) VALUES (3764, 'Gemma S&aacute;nchez');
INSERT INTO Write (AuthorID, PaperID) VALUES (3764, 1589);
INSERT INTO Author (AuthorID, Name) VALUES (3765, 'Sri Hartati Wijono');
INSERT INTO Write (AuthorID, PaperID) VALUES (3765, 890);
INSERT INTO Author (AuthorID, Name) VALUES (3766, 'Sergio Davalos');
INSERT INTO Write (AuthorID, PaperID) VALUES (3766, 1598);
INSERT INTO Author (AuthorID, Name) VALUES (3767, 'Elena Deneva');
INSERT INTO Write (AuthorID, PaperID) VALUES (3767, 2704);
INSERT INTO Author (AuthorID, Name) VALUES (3768, 'Oriol Ramos Terrades');
INSERT INTO Write (AuthorID, PaperID) VALUES (3768, 1589);
INSERT INTO Author (AuthorID, Name) VALUES (3769, 'Rong Jin');
INSERT INTO Write (AuthorID, PaperID) VALUES (3769, 226);
INSERT INTO Author (AuthorID, Name) VALUES (3770, 'Luis Rom&atilde;o');
INSERT INTO Write (AuthorID, PaperID) VALUES (3770, 1974);
INSERT INTO Author (AuthorID, Name) VALUES (3771, 'Xiong Lv');
INSERT INTO Write (AuthorID, PaperID) VALUES (3771, 1323);
INSERT INTO Author (AuthorID, Name) VALUES (3772, 'Stefan Savov');
INSERT INTO Write (AuthorID, PaperID) VALUES (3772, 3263);
INSERT INTO Author (AuthorID, Name) VALUES (3773, 'Samhaa R. El-Beltagy');
INSERT INTO Write (AuthorID, PaperID) VALUES (3773, 3261);
INSERT INTO Author (AuthorID, Name) VALUES (3774, 'Martha-Alicia Rocha');
INSERT INTO Write (AuthorID, PaperID) VALUES (3774, 2654);
INSERT INTO Author (AuthorID, Name) VALUES (3775, 'Adam Ishay');
INSERT INTO Write (AuthorID, PaperID) VALUES (3775, 606);
INSERT INTO Author (AuthorID, Name) VALUES (3776, 'Dongfang Xu');
INSERT INTO Write (AuthorID, PaperID) VALUES (3776, 2981);
INSERT INTO Author (AuthorID, Name) VALUES (3777, 'Ngan L. T. Nguyen');
INSERT INTO Write (AuthorID, PaperID) VALUES (3777, 2346);
INSERT INTO ClefUser (Email, Password) VALUES ('cesco@gmail.com','ciao');
INSERT INTO ClefUser (Email, Password) VALUES ('lorenzo@gmail.com','ferrosindaco');
INSERT INTO ClefUser (Email, Password) VALUES ('boet@gmail.com','ninja');
INSERT INTO ClefUser (Email, Password) VALUES ('ale@gmail.com','lord');
INSERT INTO ClefUser (Email, Password) VALUES ('gio@gmail.com','hamsik');