INSERT INTO Paper (PaperID, Title, Year, MDate, Key, DOI) VALUES (3367, 'Multi-lingual Question Answering using OpenEphyra.', 2008, '2014-09-29', 'conf/clef/Zaanen08', 'http://ceur-ws.org/Vol-1174/CLEF2008wn-QACLEF-Zaanen2008.pdf');
INSERT INTO Write (AuthorID, PaperID) VALUES (576, 3367);
INSERT INTO Author (AuthorID, Name) VALUES (577, 'Vincent Wade');
INSERT INTO Write (AuthorID, PaperID) VALUES (577, 487);
INSERT INTO Write (AuthorID, PaperID) VALUES (577, 999);
INSERT INTO Write (AuthorID, PaperID) VALUES (577, 2622);
INSERT INTO Write (AuthorID, PaperID) VALUES (577, 2834);
INSERT INTO Write (AuthorID, PaperID) VALUES (577, 3053);
INSERT INTO Author (AuthorID, Name) VALUES (578, 'Christine Largeron');
INSERT INTO Write (AuthorID, PaperID) VALUES (578, 793);
INSERT INTO Write (AuthorID, PaperID) VALUES (578, 1228);
INSERT INTO Write (AuthorID, PaperID) VALUES (578, 1849);
INSERT INTO Paper (PaperID, Title, Year, MDate, Key, DOI) VALUES (2439, 'UJM at CLEF in Author Identification Notebook for PAN at CLEF 2014.', 2014, '2015-04-24', 'conf/clef/FreryLM14', 'http://ceur-ws.org/Vol-1180/CLEF2014wn-Pan-FreryEt2014.pdf');
INSERT INTO Write (AuthorID, PaperID) VALUES (578, 2439);
INSERT INTO Write (AuthorID, PaperID) VALUES (578, 2650);
INSERT INTO Author (AuthorID, Name) VALUES (579, 'Taher Rahgooy');
INSERT INTO Paper (PaperID, Title, Year, MDate, Key, DOI) VALUES (742, 'CLEF 2017: Multimodal Spatial Role Labeling Task Working Notes.', 2017, '2017-08-15', 'conf/clef/KordjamshidiRMP17', 'http://ceur-ws.org/Vol-1866/invited_paper_19.pdf');
INSERT INTO Write (AuthorID, PaperID) VALUES (579, 742);
INSERT INTO Paper (PaperID, Title, Year, MDate, Key, DOI) VALUES (1435, 'Multi Feature Space Combination for Authorship Clustering.', 2016, '2016-08-11', 'conf/clef/MansoorizadehAR16', 'http://ceur-ws.org/Vol-1609/16090932.pdf');
INSERT INTO Write (AuthorID, PaperID) VALUES (579, 1435);
INSERT INTO Paper (PaperID, Title, Year, MDate, Key, DOI) VALUES (1590, 'Author Masking Directed by Author''s Style: Notebook for PAN at CLEF 2018.', 2018, '2018-08-08', 'conf/clef/RahgouyGRZR18', 'http://ceur-ws.org/Vol-2125/paper_172.pdf');
INSERT INTO Write (AuthorID, PaperID) VALUES (579, 1590);
INSERT INTO Paper (PaperID, Title, Year, MDate, Key, DOI) VALUES (1944, 'CLEF 2017: Multimodal Spatial Role Labeling (mSpRL) Task Overview.', 2017, '2017-08-31', 'conf/clef/KordjamshidiRMP17a', 'https://doi.org/10.1007/978-3-319-65813-1_32');
INSERT INTO Write (AuthorID, PaperID) VALUES (579, 1944);
INSERT INTO Paper (PaperID, Title, Year, MDate, Key, DOI) VALUES (2359, 'Author Obfuscation using WordNet and Language Models.', 2016, '2016-08-11', 'conf/clef/MansoorizadehRA16', 'http://ceur-ws.org/Vol-1609/16090939.pdf');
INSERT INTO Write (AuthorID, PaperID) VALUES (579, 2359);
INSERT INTO Author (AuthorID, Name) VALUES (580, 'Gilles S&eacute;rasset');
INSERT INTO Write (AuthorID, PaperID) VALUES (580, 1145);
INSERT INTO Write (AuthorID, PaperID) VALUES (580, 1758);
INSERT INTO Write (AuthorID, PaperID) VALUES (580, 2824);
INSERT INTO Write (AuthorID, PaperID) VALUES (580, 3066);
INSERT INTO Write (AuthorID, PaperID) VALUES (580, 3519);
INSERT INTO Author (AuthorID, Name) VALUES (581, 'Khalid Choukri');
INSERT INTO Write (AuthorID, PaperID) VALUES (581, 566);
INSERT INTO Write (AuthorID, PaperID) VALUES (581, 1998);
INSERT INTO Write (AuthorID, PaperID) VALUES (581, 2103);
INSERT INTO Write (AuthorID, PaperID) VALUES (581, 2955);
INSERT INTO Write (AuthorID, PaperID) VALUES (581, 3296);
INSERT INTO Author (AuthorID, Name) VALUES (582, 'Jinman Kim');
INSERT INTO Write (AuthorID, PaperID) VALUES (582, 262);
INSERT INTO Write (AuthorID, PaperID) VALUES (582, 614);
INSERT INTO Write (AuthorID, PaperID) VALUES (582, 650);
INSERT INTO Write (AuthorID, PaperID) VALUES (582, 1850);
INSERT INTO Write (AuthorID, PaperID) VALUES (582, 2858);
INSERT INTO Author (AuthorID, Name) VALUES (583, 'Yassine Benajiba');
INSERT INTO Write (AuthorID, PaperID) VALUES (583, 554);
INSERT INTO Write (AuthorID, PaperID) VALUES (583, 1572);
INSERT INTO Write (AuthorID, PaperID) VALUES (583, 2272);
INSERT INTO Paper (PaperID, Title, Year, MDate, Key, DOI) VALUES (2486, 'Subword-based Deep Averaging Networks for Author Profiling in Social Media.', 2017, '2017-08-15', 'conf/clef/Franco-Salvador17', 'http://ceur-ws.org/Vol-1866/paper_192.pdf');
INSERT INTO Write (AuthorID, PaperID) VALUES (583, 2486);
INSERT INTO Write (AuthorID, PaperID) VALUES (583, 3190);
INSERT INTO Author (AuthorID, Name) VALUES (584, 'Miguel A. Alonso');
INSERT INTO Write (AuthorID, PaperID) VALUES (584, 1533);
INSERT INTO Write (AuthorID, PaperID) VALUES (584, 1558);
INSERT INTO Write (AuthorID, PaperID) VALUES (584, 1924);
INSERT INTO Write (AuthorID, PaperID) VALUES (584, 3317);
INSERT INTO Write (AuthorID, PaperID) VALUES (584, 3364);
INSERT INTO Author (AuthorID, Name) VALUES (585, 'Joan Benavent');
INSERT INTO Write (AuthorID, PaperID) VALUES (585, 209);
INSERT INTO Write (AuthorID, PaperID) VALUES (585, 2198);
INSERT INTO Write (AuthorID, PaperID) VALUES (585, 2390);
INSERT INTO Write (AuthorID, PaperID) VALUES (585, 2621);
INSERT INTO Write (AuthorID, PaperID) VALUES (585, 3035);
INSERT INTO Author (AuthorID, Name) VALUES (586, 'Christine Jacquin');
INSERT INTO Write (AuthorID, PaperID) VALUES (586, 220);
INSERT INTO Write (AuthorID, PaperID) VALUES (586, 1982);
INSERT INTO Write (AuthorID, PaperID) VALUES (586, 2591);
INSERT INTO Write (AuthorID, PaperID) VALUES (586, 2866);
INSERT INTO Write (AuthorID, PaperID) VALUES (586, 3178);
INSERT INTO Author (AuthorID, Name) VALUES (587, 'Okan Ozturkmenoglu');
INSERT INTO Write (AuthorID, PaperID) VALUES (587, 800);
INSERT INTO Write (AuthorID, PaperID) VALUES (587, 1540);
INSERT INTO Write (AuthorID, PaperID) VALUES (587, 2172);
INSERT INTO Write (AuthorID, PaperID) VALUES (587, 3062);
INSERT INTO Write (AuthorID, PaperID) VALUES (587, 3436);
INSERT INTO Author (AuthorID, Name) VALUES (588, 'Danielle L. Mowery');
INSERT INTO Write (AuthorID, PaperID) VALUES (588, 7);
INSERT INTO Write (AuthorID, PaperID) VALUES (588, 928);
INSERT INTO Write (AuthorID, PaperID) VALUES (588, 1126);
INSERT INTO Write (AuthorID, PaperID) VALUES (588, 1586);
INSERT INTO Write (AuthorID, PaperID) VALUES (588, 2189);
INSERT INTO Author (AuthorID, Name) VALUES (589, 'Burak Acar');
INSERT INTO Paper (PaperID, Title, Year, MDate, Key, DOI) VALUES (54, 'Overview of the ImageCLEF 2015 liver CT annotation task.', 2015, '2016-08-31', 'conf/clef/MarvastiGUMA15', 'http://ceur-ws.org/Vol-1391/inv-pap2-CR.pdf');
INSERT INTO Write (AuthorID, PaperID) VALUES (589, 54);
INSERT INTO Paper (PaperID, Title, Year, MDate, Key, DOI) VALUES (479, 'ImageCLEF Liver CT Image Annotation Task 2014.', 2014, '2014-09-10', 'conf/clef/MarvastiKTYYUA14', 'http://ceur-ws.org/Vol-1180/CLEF2014wn-Image-MarvastiEt2014.pdf');
INSERT INTO Write (AuthorID, PaperID) VALUES (589, 479);
INSERT INTO Write (AuthorID, PaperID) VALUES (589, 1068);
INSERT INTO Paper (PaperID, Title, Year, MDate, Key, DOI) VALUES (1640, 'Liver CT Annotation via Generalized Coupled Tensor Factorization.', 2014, '2014-09-10', 'conf/clef/ErmisCMA14', 'http://ceur-ws.org/Vol-1180/CLEF2014wn-Image-ErmisEt2014.pdf');
INSERT INTO Write (AuthorID, PaperID) VALUES (589, 1640);
INSERT INTO Write (AuthorID, PaperID) VALUES (589, 2308);
INSERT INTO Author (AuthorID, Name) VALUES (590, 'Neda Barzegar Marvasti');
INSERT INTO Write (AuthorID, PaperID) VALUES (590, 54);
INSERT INTO Write (AuthorID, PaperID) VALUES (590, 479);
INSERT INTO Write (AuthorID, PaperID) VALUES (590, 1068);
INSERT INTO Write (AuthorID, PaperID) VALUES (590, 1640);
INSERT INTO Write (AuthorID, PaperID) VALUES (590, 2308);
INSERT INTO Author (AuthorID, Name) VALUES (591, 'Emmanuel Dellandr&eacute;a');
INSERT INTO Write (AuthorID, PaperID) VALUES (591, 33);
INSERT INTO Paper (PaperID, Title, Year, MDate, Key, DOI) VALUES (702, 'LIRIS-Imagine at ImageCLEF 2011 Photo Annotation Task.', 2011, '2019-04-10', 'conf/clef/LiuZDBC11', 'http://www.clef-initiative.eu/documents/71612/86377/CLEF2011wn-ImageCLEF-LiuEt2011.pdf');
INSERT INTO Write (AuthorID, PaperID) VALUES (591, 702);
INSERT INTO Write (AuthorID, PaperID) VALUES (591, 948);
INSERT INTO Paper (PaperID, Title, Year, MDate, Key, DOI) VALUES (1252, 'LIRIS-Imagine at ImageCLEF 2012 Photo Annotation Task.', 2012, '2019-04-10', 'conf/clef/LiuDCTZZBBT12', 'http://www.clef-initiative.eu/documents/71612/60637cac-7c0e-4f59-a45d-37637f0f37cd');
INSERT INTO Write (AuthorID, PaperID) VALUES (591, 1252);
INSERT INTO Write (AuthorID, PaperID) VALUES (591, 3423);
INSERT INTO Author (AuthorID, Name) VALUES (592, 'Ana Gonz&aacute;lez-Ledesma');
INSERT INTO Write (AuthorID, PaperID) VALUES (592, 448);
INSERT INTO Write (AuthorID, PaperID) VALUES (592, 1278);
INSERT INTO Write (AuthorID, PaperID) VALUES (592, 1669);
INSERT INTO Write (AuthorID, PaperID) VALUES (592, 2212);
INSERT INTO Write (AuthorID, PaperID) VALUES (592, 3046);
INSERT INTO Author (AuthorID, Name) VALUES (593, 'Kula Kekeba Tune');
INSERT INTO Write (AuthorID, PaperID) VALUES (593, 0);
INSERT INTO Write (AuthorID, PaperID) VALUES (593, 1299);
INSERT INTO Write (AuthorID, PaperID) VALUES (593, 1749);
INSERT INTO Write (AuthorID, PaperID) VALUES (593, 1858);
INSERT INTO Author (AuthorID, Name) VALUES (594, 'Kerstin Bischoff');
INSERT INTO Write (AuthorID, PaperID) VALUES (594, 300);
INSERT INTO Write (AuthorID, PaperID) VALUES (594, 446);
INSERT INTO Write (AuthorID, PaperID) VALUES (594, 848);
INSERT INTO Write (AuthorID, PaperID) VALUES (594, 1543);
INSERT INTO Author (AuthorID, Name) VALUES (595, 'Massimo Melucci');
INSERT INTO Write (AuthorID, PaperID) VALUES (595, 277);
INSERT INTO Write (AuthorID, PaperID) VALUES (595, 875);
INSERT INTO Write (AuthorID, PaperID) VALUES (595, 2176);
INSERT INTO Write (AuthorID, PaperID) VALUES (595, 3287);
INSERT INTO Author (AuthorID, Name) VALUES (596, 'Philipp Daumke');
INSERT INTO Paper (PaperID, Title, Year, MDate, Key, DOI) VALUES (642, 'MorphoSaurus in ImageCLEF 2006: The Effect of Subwords On Biomedical IR.', 2006, '2017-05-24', 'conf/clef/DaumkePM06', 'https://doi.org/10.1007/978-3-540-74999-8_80');
INSERT INTO Write (AuthorID, PaperID) VALUES (596, 642);
INSERT INTO Paper (PaperID, Title, Year, MDate, Key, DOI) VALUES (2449, 'A Semi-Automatically Enriched Multi-Lingual Terminology in Commercial Products.', 2013, '2014-09-10', 'conf/clef/DaumkePML13', 'http://ceur-ws.org/Vol-1179/CLEF2013wn-CLEFER-DaumkeEt2013.pdf');
INSERT INTO Write (AuthorID, PaperID) VALUES (596, 2449);
INSERT INTO Paper (PaperID, Title, Year, MDate, Key, DOI) VALUES (2510, 'Morphosaurus in ImageCLEF 2006: The Effect of Subwords on Biomedical IR.', 2006, '2014-08-15', 'conf/clef/DaumkePM06a', 'http://ceur-ws.org/Vol-1172/CLEF2006wn-ImageCLEF-DaumkeEt2006.pdf');
INSERT INTO Write (AuthorID, PaperID) VALUES (596, 2510);
INSERT INTO Paper (PaperID, Title, Year, MDate, Key, DOI) VALUES (2644, 'German-Language Content in Biomedical Vocabularies.', 2013, '2018-03-29', 'conf/clef/SchulzITD13', 'http://ceur-ws.org/Vol-1179/CLEF2013wn-CLEFER-SchulzEt2013.pdf');
INSERT INTO Write (AuthorID, PaperID) VALUES (596, 2644);
INSERT INTO Author (AuthorID, Name) VALUES (597, 'Brian Bakke');
INSERT INTO Write (AuthorID, PaperID) VALUES (597, 1168);
INSERT INTO Write (AuthorID, PaperID) VALUES (597, 1505);
INSERT INTO Write (AuthorID, PaperID) VALUES (597, 1566);
INSERT INTO Write (AuthorID, PaperID) VALUES (597, 2469);
INSERT INTO Author (AuthorID, Name) VALUES (598, 'Dirk Veiel');
INSERT INTO Write (AuthorID, PaperID) VALUES (598, 604);
INSERT INTO Write (AuthorID, PaperID) VALUES (598, 879);
INSERT INTO Write (AuthorID, PaperID) VALUES (598, 2574);
INSERT INTO Write (AuthorID, PaperID) VALUES (598, 2933);
INSERT INTO Author (AuthorID, Name) VALUES (599, 'Sadid A. Hasan');
INSERT INTO Write (AuthorID, PaperID) VALUES (599, 383);
INSERT INTO Paper (PaperID, Title, Year, MDate, Key, DOI) VALUES (905, 'PRNA at ImageCLEF 2017 Caption Prediction and Concept Detection Tasks.', 2017, '2017-08-15', 'conf/clef/HasanLLSAADLQSF17', 'http://ceur-ws.org/Vol-1866/paper_142.pdf');
INSERT INTO Write (AuthorID, PaperID) VALUES (599, 905);
INSERT INTO Write (AuthorID, PaperID) VALUES (599, 1179);
INSERT INTO Paper (PaperID, Title, Year, MDate, Key, DOI) VALUES (1995, 'Attention-Based Medical Caption Generation with Image Modality Classification and Clinical Concept Mapping.', 2017, '2018-08-20', 'conf/clef/HasanLLSAADLQSF17a', 'https://doi.org/10.1007/978-3-319-98932-7_21');
INSERT INTO Write (AuthorID, PaperID) VALUES (599, 1995);
INSERT INTO Author (AuthorID, Name) VALUES (600, 'Andrzej Pronobis');
INSERT INTO Paper (PaperID, Title, Year, MDate, Key, DOI) VALUES (1183, 'Multi-cue Discriminative Place Recognition.', 2009, '2017-05-24', 'conf/clef/XingP09', 'https://doi.org/10.1007/978-3-642-15751-6_41');
INSERT INTO Write (AuthorID, PaperID) VALUES (600, 1183);
INSERT INTO Write (AuthorID, PaperID) VALUES (600, 2217);
INSERT INTO Write (AuthorID, PaperID) VALUES (600, 2925);
INSERT INTO Write (AuthorID, PaperID) VALUES (600, 3290);
INSERT INTO Author (AuthorID, Name) VALUES (601, 'Katia Vila');
INSERT INTO Write (AuthorID, PaperID) VALUES (601, 122);
INSERT INTO Write (AuthorID, PaperID) VALUES (601, 1415);
INSERT INTO Write (AuthorID, PaperID) VALUES (601, 3462);
INSERT INTO Write (AuthorID, PaperID) VALUES (601, 3485);
INSERT INTO Author (AuthorID, Name) VALUES (602, 'Edwin Thuma');
INSERT INTO Paper (PaperID, Title, Year, MDate, Key, DOI) VALUES (401, 'Merging Search Results Generated by Multiple Query Variants Using Data Fusion.', 2018, '2018-08-08', 'conf/clef/MotlogelwaTL18', 'http://ceur-ws.org/Vol-2125/paper_194.pdf');
INSERT INTO Write (AuthorID, PaperID) VALUES (602, 401);
INSERT INTO Paper (PaperID, Title, Year, MDate, Key, DOI) VALUES (706, 'UB-Botswana Participation to CLEF eHealth IR Challenge 2017: Task 3 (IRTask1 : Ad-hoc Search).', 2017, '2017-08-15', 'conf/clef/ThumaML17', 'http://ceur-ws.org/Vol-1866/paper_73.pdf');
INSERT INTO Write (AuthorID, PaperID) VALUES (602, 706);
INSERT INTO Paper (PaperID, Title, Year, MDate, Key, DOI) VALUES (1177, 'Task 3: Patient-Centered Information Retrieval, IRTask 1: ad-hoc search - TEAM ub-botswana.', 2016, '2016-08-11', 'conf/clef/ThumaML16', 'http://ceur-ws.org/Vol-1609/16090162.pdf');
INSERT INTO Write (AuthorID, PaperID) VALUES (602, 1177);
INSERT INTO Paper (PaperID, Title, Year, MDate, Key, DOI) VALUES (1912, 'UBML participation to CLEF eHealth IR challenge 2015: Task 2.', 2015, '2015-09-03', 'conf/clef/ThumaAM15', 'http://ceur-ws.org/Vol-1391/77-CR.pdf');
INSERT INTO Write (AuthorID, PaperID) VALUES (602, 1912);
INSERT INTO Author (AuthorID, Name) VALUES (603, 'Fleur Mougin');
INSERT INTO Write (AuthorID, PaperID) VALUES (603, 527);
INSERT INTO Paper (PaperID, Title, Year, MDate, Key, DOI) VALUES (1694, 'IAM at CLEF eHealth 2018 : Concept Annotation and Coding in French Death Certificates.', 2018, '2018-08-08', 'conf/clef/CossinJMDT18', 'http://ceur-ws.org/Vol-2125/paper_94.pdf');
INSERT INTO Write (AuthorID, PaperID) VALUES (603, 1694);
INSERT INTO Write (AuthorID, PaperID) VALUES (603, 2721);
INSERT INTO Paper (PaperID, Title, Year, MDate, Key, DOI) VALUES (2766, 'Query Expansion using External Resources for Improving Information Retrieval in the Biomedical Domain.', 2014, '2014-09-10', 'conf/clef/DrameMD14', 'http://ceur-ws.org/Vol-1180/CLEF2014wn-eHealth-DrameEt2014.pdf');
INSERT INTO Write (AuthorID, PaperID) VALUES (603, 2766);
INSERT INTO Author (AuthorID, Name) VALUES (604, 'Simone Palazzo');
INSERT INTO Write (AuthorID, PaperID) VALUES (604, 2);
INSERT INTO Write (AuthorID, PaperID) VALUES (604, 1140);
INSERT INTO Write (AuthorID, PaperID) VALUES (604, 1269);
INSERT INTO Write (AuthorID, PaperID) VALUES (604, 1876);
INSERT INTO Author (AuthorID, Name) VALUES (605, 'Qiuyue Wang');
INSERT INTO Write (AuthorID, PaperID) VALUES (605, 378);
INSERT INTO Write (AuthorID, PaperID) VALUES (605, 946);
INSERT INTO Write (AuthorID, PaperID) VALUES (605, 1034);
INSERT INTO Paper (PaperID, Title, Year, MDate, Key, DOI) VALUES (1455, 'Integrated Retrieval over Structured and Unstructured Data.', 2012, '2014-09-24', 'conf/clef/WangK12', 'http://www.clef-initiative.eu/documents/71612/9f5d49ca-e60a-4ac2-8250-a192a10ddd26');
INSERT INTO Write (AuthorID, PaperID) VALUES (605, 1455);
INSERT INTO Author (AuthorID, Name) VALUES (606, 'Xu-Cheng Yin');
INSERT INTO Paper (PaperID, Title, Year, MDate, Key, DOI) VALUES (343, 'USTB at Social Book Search 2015 Suggestion Task: Metadata Expansion and Reranking.', 2015, '2015-09-03', 'conf/clef/ZhaoZZYHZL15', 'http://ceur-ws.org/Vol-1391/2-CR.pdf');
INSERT INTO Write (AuthorID, PaperID) VALUES (606, 343);
INSERT INTO Paper (PaperID, Title, Year, MDate, Key, DOI) VALUES (728, 'USTB at INEX2014: Social Book Search Track.', 2014, '2014-09-10', 'conf/clef/ZhangYCQGZH14', 'http://ceur-ws.org/Vol-1180/CLEF2014wn-Inex-ZhangEt2014.pdf');
INSERT INTO Write (AuthorID, PaperID) VALUES (606, 728);
INSERT INTO Paper (PaperID, Title, Year, MDate, Key, DOI) VALUES (1127, 'USTB at Social Book Search 2016 Suggestion Task: Active Books Set and Re-ranking.', 2016, '2017-11-02', 'conf/clef/FengZYJJWZPFZ16', 'http://ceur-ws.org/Vol-1609/16091089.pdf');
INSERT INTO Write (AuthorID, PaperID) VALUES (606, 1127);
INSERT INTO Paper (PaperID, Title, Year, MDate, Key, DOI) VALUES (1565, 'A generic retrieval system for biomedical literatures: USTB at BioASQ2015 Question Answering Task.', 2015, '2015-09-03', 'conf/clef/ZhangLZLZFYZ15', 'http://ceur-ws.org/Vol-1391/3-CR.pdf');
INSERT INTO Write (AuthorID, PaperID) VALUES (606, 1565);
INSERT INTO Author (AuthorID, Name) VALUES (607, 'Juliane Stiller');
INSERT INTO Write (AuthorID, PaperID) VALUES (607, 83);
INSERT INTO Write (AuthorID, PaperID) VALUES (607, 2157);
INSERT INTO Write (AuthorID, PaperID) VALUES (607, 2812);
INSERT INTO Write (AuthorID, PaperID) VALUES (607, 3295);
INSERT INTO Author (AuthorID, Name) VALUES (608, 'Miguel Cazorla');
INSERT INTO Write (AuthorID, PaperID) VALUES (608, 77);
INSERT INTO Write (AuthorID, PaperID) VALUES (608, 537);
INSERT INTO Write (AuthorID, PaperID) VALUES (608, 1068);
INSERT INTO Write (AuthorID, PaperID) VALUES (608, 2046);
INSERT INTO Author (AuthorID, Name) VALUES (609, 'Jorge Fombella');
INSERT INTO Write (AuthorID, PaperID) VALUES (609, 39);
INSERT INTO Write (AuthorID, PaperID) VALUES (609, 1925);
INSERT INTO Write (AuthorID, PaperID) VALUES (609, 2633);
INSERT INTO Write (AuthorID, PaperID) VALUES (609, 3372);
INSERT INTO Author (AuthorID, Name) VALUES (610, 'Chuleerat Jaruskulchai');
INSERT INTO Paper (PaperID, Title, Year, MDate, Key, DOI) VALUES (703, 'CSKU GPRF-QE for Medical Topic Web Retrieval.', 2014, '2014-09-10', 'conf/clef/ThesprasithJ14', 'http://ceur-ws.org/Vol-1180/CLEF2014wn-eHealth-ThesprasithtEt2014.pdf');
INSERT INTO Write (AuthorID, PaperID) VALUES (610, 703);
INSERT INTO Paper (PaperID, Title, Year, MDate, Key, DOI) VALUES (1037, 'Dictionary-based Thai CLIR: Experimental Survey of Thai CLIR.', 2001, '2014-08-15', 'conf/clef/Jaruskulchai01a', 'http://ceur-ws.org/Vol-1167/CLEF2001wn-adhoc-Chuleerat2001.pdf');
INSERT INTO Write (AuthorID, PaperID) VALUES (610, 1037);
INSERT INTO Paper (PaperID, Title, Year, MDate, Key, DOI) VALUES (1302, 'Dictionary-Based Thai CLIR: An Experimental Survey of Thai CLIR.', 2001, '2017-05-24', 'conf/clef/Jaruskulchai01', 'https://doi.org/10.1007/3-540-45691-0_18');
INSERT INTO Write (AuthorID, PaperID) VALUES (610, 1302);
INSERT INTO Paper (PaperID, Title, Year, MDate, Key, DOI) VALUES (3144, 'Task 2a: Team KU-CS: Query Coherence Analysis for PRF and Genomics Expansion.', 2015, '2015-09-03', 'conf/clef/ThesprasithJ15', 'http://ceur-ws.org/Vol-1391/73-CR.pdf');
INSERT INTO Write (AuthorID, PaperID) VALUES (610, 3144);
INSERT INTO Author (AuthorID, Name) VALUES (611, 'Tatsuya Harada');
INSERT INTO Paper (PaperID, Title, Year, MDate, Key, DOI) VALUES (1257, 'MIL at ImageCLEF 2013: Personal Photo Retrieval.', 2013, '2014-09-10', 'conf/clef/MizuochiHKH13', 'http://ceur-ws.org/Vol-1179/CLEF2013wn-ImageCLEF-MizuochiEt2013.pdf');
INSERT INTO Write (AuthorID, PaperID) VALUES (611, 1257);
INSERT INTO Paper (PaperID, Title, Year, MDate, Key, DOI) VALUES (1306, 'MIL at ImageCLEF 2014: Scalable System for Image Annotation.', 2014, '2017-01-03', 'conf/clef/KanehiraHMTMH14', 'http://ceur-ws.org/Vol-1180/CLEF2014wn-Image-KanehiraEt2014.pdf');
INSERT INTO Write (AuthorID, PaperID) VALUES (611, 1306);
INSERT INTO Paper (PaperID, Title, Year, MDate, Key, DOI) VALUES (1569, 'ISI at ImageCLEF 2012: Scalable System for Image Annotation.', 2012, '2014-09-24', 'conf/clef/UshikuMIFYGHHHK12', 'http://www.clef-initiative.eu/documents/71612/f7eba73d-2ea9-4218-9295-1ea92747d24d');
INSERT INTO Write (AuthorID, PaperID) VALUES (611, 1569);
INSERT INTO Paper (PaperID, Title, Year, MDate, Key, DOI) VALUES (3100, 'MIL at ImageCLEF 2013: Scalable System for Image Annotation.', 2013, '2014-09-10', 'conf/clef/HidakaGH13', 'http://ceur-ws.org/Vol-1179/CLEF2013wn-ImageCLEF-HidakaEt2013.pdf');
INSERT INTO Write (AuthorID, PaperID) VALUES (611, 3100);
INSERT INTO Author (AuthorID, Name) VALUES (612, 'Daniel Zeman');
INSERT INTO Paper (PaperID, Title, Year, MDate, Key, DOI) VALUES (238, 'Using Unsupervised Paradigm Acquisition for Prefixes.', 2008, '2014-09-29', 'conf/clef/Zeman08a', 'http://ceur-ws.org/Vol-1174/CLEF2008wn-MorphoChallenge-Zeman2008.pdf');
INSERT INTO Write (AuthorID, PaperID) VALUES (612, 238);
INSERT INTO Paper (PaperID, Title, Year, MDate, Key, DOI) VALUES (1819, 'Using Unsupervised Paradigm Acquisition for Prefixes.', 2008, '2017-06-15', 'conf/clef/Zeman08', 'https://doi.org/10.1007/978-3-642-04447-2_130');
INSERT INTO Write (AuthorID, PaperID) VALUES (612, 1819);
INSERT INTO Paper (PaperID, Title, Year, MDate, Key, DOI) VALUES (3002, 'Unsupervised Acquiring of Morphological Paradigms from Tokenized Text.', 2007, '2017-05-24', 'conf/clef/Zeman07', 'https://doi.org/10.1007/978-3-540-85760-0_114');
INSERT INTO Write (AuthorID, PaperID) VALUES (612, 3002);
INSERT INTO Paper (PaperID, Title, Year, MDate, Key, DOI) VALUES (3416, 'Unsupervised Acquiring of Morphological Paradigms from Tokenized Text.', 2007, '2014-09-23', 'conf/clef/Zeman07a', 'http://ceur-ws.org/Vol-1173/CLEF2007wn-MorphoChallenge-Zeman2007.pdf');
INSERT INTO Write (AuthorID, PaperID) VALUES (612, 3416);
INSERT INTO Author (AuthorID, Name) VALUES (613, 'Wouter Alink');
INSERT INTO Write (AuthorID, PaperID) VALUES (613, 1162);
INSERT INTO Write (AuthorID, PaperID) VALUES (613, 2593);
INSERT INTO Write (AuthorID, PaperID) VALUES (613, 2841);
INSERT INTO Write (AuthorID, PaperID) VALUES (613, 3001);
INSERT INTO Author (AuthorID, Name) VALUES (614, 'Alan F. Smeaton');
INSERT INTO Write (AuthorID, PaperID) VALUES (614, 1786);
INSERT INTO Write (AuthorID, PaperID) VALUES (614, 2111);
INSERT INTO Write (AuthorID, PaperID) VALUES (614, 2791);
INSERT INTO Write (AuthorID, PaperID) VALUES (614, 2958);
INSERT INTO Author (AuthorID, Name) VALUES (615, 'K&aacute;roly Csalog&aacute;ny');
INSERT INTO Write (AuthorID, PaperID) VALUES (615, 1054);
INSERT INTO Write (AuthorID, PaperID) VALUES (615, 1148);
INSERT INTO Write (AuthorID, PaperID) VALUES (615, 1401);
INSERT INTO Write (AuthorID, PaperID) VALUES (615, 2699);
INSERT INTO Author (AuthorID, Name) VALUES (616, 'William Hatt');
INSERT INTO Write (AuthorID, PaperID) VALUES (616, 1280);
INSERT INTO Write (AuthorID, PaperID) VALUES (616, 1341);
INSERT INTO Write (AuthorID, PaperID) VALUES (616, 1537);
INSERT INTO Write (AuthorID, PaperID) VALUES (616, 1959);
INSERT INTO Author (AuthorID, Name) VALUES (617, 'Lori S. Levin');
INSERT INTO Write (AuthorID, PaperID) VALUES (617, 335);
INSERT INTO Write (AuthorID, PaperID) VALUES (617, 1157);
INSERT INTO Write (AuthorID, PaperID) VALUES (617, 2096);
INSERT INTO Write (AuthorID, PaperID) VALUES (617, 2156);
INSERT INTO Author (AuthorID, Name) VALUES (618, 'Arnold Overwijk');
INSERT INTO Write (AuthorID, PaperID) VALUES (618, 169);
INSERT INTO Write (AuthorID, PaperID) VALUES (618, 994);
INSERT INTO Write (AuthorID, PaperID) VALUES (618, 2505);
INSERT INTO Write (AuthorID, PaperID) VALUES (618, 2605);
INSERT INTO Author (AuthorID, Name) VALUES (619, 'Andreas Juffinger');
INSERT INTO Write (AuthorID, PaperID) VALUES (619, 1268);
INSERT INTO Write (AuthorID, PaperID) VALUES (619, 2027);
INSERT INTO Write (AuthorID, PaperID) VALUES (619, 3224);
INSERT INTO Write (AuthorID, PaperID) VALUES (619, 3478);
INSERT INTO Author (AuthorID, Name) VALUES (620, 'Jakob Klok');
INSERT INTO Write (AuthorID, PaperID) VALUES (620, 88);
INSERT INTO Write (AuthorID, PaperID) VALUES (620, 603);
INSERT INTO Write (AuthorID, PaperID) VALUES (620, 609);
INSERT INTO Write (AuthorID, PaperID) VALUES (620, 3182);
INSERT INTO Author (AuthorID, Name) VALUES (621, 'Paloma Mart&iacute;nez Fern&aacute;ndez');
INSERT INTO Write (AuthorID, PaperID) VALUES (621, 469);
INSERT INTO Write (AuthorID, PaperID) VALUES (621, 2141);
INSERT INTO Write (AuthorID, PaperID) VALUES (621, 3488);
INSERT INTO Write (AuthorID, PaperID) VALUES (621, 3527);
INSERT INTO Author (AuthorID, Name) VALUES (622, 'Timo J&auml;rvinen');
INSERT INTO Write (AuthorID, PaperID) VALUES (622, 1202);
INSERT INTO Write (AuthorID, PaperID) VALUES (622, 1830);
INSERT INTO Write (AuthorID, PaperID) VALUES (622, 2161);
INSERT INTO Write (AuthorID, PaperID) VALUES (622, 2559);
INSERT INTO Author (AuthorID, Name) VALUES (623, 'Christian Spurk');
INSERT INTO Write (AuthorID, PaperID) VALUES (623, 402);
INSERT INTO Write (AuthorID, PaperID) VALUES (623, 1529);
INSERT INTO Write (AuthorID, PaperID) VALUES (623, 2767);
INSERT INTO Write (AuthorID, PaperID) VALUES (623, 3258);
INSERT INTO Author (AuthorID, Name) VALUES (624, 'Prasad Pingali');
INSERT INTO Write (AuthorID, PaperID) VALUES (624, 0);
INSERT INTO Write (AuthorID, PaperID) VALUES (624, 482);
INSERT INTO Write (AuthorID, PaperID) VALUES (624, 846);
INSERT INTO Write (AuthorID, PaperID) VALUES (624, 1299);
INSERT INTO Author (AuthorID, Name) VALUES (625, 'Mihai Surdeanu');
INSERT INTO Write (AuthorID, PaperID) VALUES (625, 216);
INSERT INTO Write (AuthorID, PaperID) VALUES (625, 726);
INSERT INTO Write (AuthorID, PaperID) VALUES (625, 1723);
INSERT INTO Write (AuthorID, PaperID) VALUES (625, 1908);
INSERT INTO Author (AuthorID, Name) VALUES (626, 'Istv&aacute;n B&iacute;r&oacute;');
INSERT INTO Write (AuthorID, PaperID) VALUES (626, 1054);
INSERT INTO Write (AuthorID, PaperID) VALUES (626, 1148);
INSERT INTO Write (AuthorID, PaperID) VALUES (626, 1401);
INSERT INTO Write (AuthorID, PaperID) VALUES (626, 2699);
INSERT INTO Author (AuthorID, Name) VALUES (627, 'Samir Kanaan');
INSERT INTO Write (AuthorID, PaperID) VALUES (627, 216);
INSERT INTO Write (AuthorID, PaperID) VALUES (627, 1908);
INSERT INTO Write (AuthorID, PaperID) VALUES (627, 1950);
INSERT INTO Write (AuthorID, PaperID) VALUES (627, 2352);
INSERT INTO Author (AuthorID, Name) VALUES (628, 'Pierre-Yves Berger');
INSERT INTO Write (AuthorID, PaperID) VALUES (628, 987);
INSERT INTO Write (AuthorID, PaperID) VALUES (628, 1027);
INSERT INTO Write (AuthorID, PaperID) VALUES (628, 2003);
INSERT INTO Write (AuthorID, PaperID) VALUES (628, 2171);
INSERT INTO Author (AuthorID, Name) VALUES (629, 'Matti Varjokallio');
INSERT INTO Write (AuthorID, PaperID) VALUES (629, 9);
INSERT INTO Write (AuthorID, PaperID) VALUES (629, 1608);
INSERT INTO Write (AuthorID, PaperID) VALUES (629, 2319);
INSERT INTO Write (AuthorID, PaperID) VALUES (629, 3142);
INSERT INTO Author (AuthorID, Name) VALUES (630, 'Federica Vezzani');
INSERT INTO Write (AuthorID, PaperID) VALUES (630, 206);
INSERT INTO Write (AuthorID, PaperID) VALUES (630, 1956);
INSERT INTO Write (AuthorID, PaperID) VALUES (630, 1966);
INSERT INTO Write (AuthorID, PaperID) VALUES (630, 2274);
INSERT INTO Author (AuthorID, Name) VALUES (631, 'Dipankar Das 0001');
INSERT INTO Write (AuthorID, PaperID) VALUES (631, 555);
INSERT INTO Paper (PaperID, Title, Year, MDate, Key, DOI) VALUES (1810, 'Authorship Verification: An Approach based on Random Forest: Notebook for PAN at CLEF 2015.', 2015, '2018-03-14', 'conf/clef/MaitraGD15', 'http://ceur-ws.org/Vol-1391/134-CR.pdf');
INSERT INTO Write (AuthorID, PaperID) VALUES (631, 1810);
INSERT INTO Write (AuthorID, PaperID) VALUES (631, 2150);
INSERT INTO Paper (PaperID, Title, Year, MDate, Key, DOI) VALUES (3375, 'Multimodal Author Profiling for Twitter: Notebook for PAN at CLEF 2018.', 2018, '2018-08-08', 'conf/clef/PatraD018', 'http://ceur-ws.org/Vol-2125/paper_115.pdf');
INSERT INTO Write (AuthorID, PaperID) VALUES (631, 3375);
INSERT INTO Author (AuthorID, Name) VALUES (632, 'S&iacute;lvia Barcellos Southwick');
INSERT INTO Write (AuthorID, PaperID) VALUES (632, 1327);
INSERT INTO Write (AuthorID, PaperID) VALUES (632, 1999);
INSERT INTO Write (AuthorID, PaperID) VALUES (632, 2556);
INSERT INTO Write (AuthorID, PaperID) VALUES (632, 2838);
INSERT INTO Author (AuthorID, Name) VALUES (633, 'Mingjing Li');
INSERT INTO Write (AuthorID, PaperID) VALUES (633, 71);
INSERT INTO Write (AuthorID, PaperID) VALUES (633, 1044);
INSERT INTO Write (AuthorID, PaperID) VALUES (633, 2739);
INSERT INTO Write (AuthorID, PaperID) VALUES (633, 3356);
INSERT INTO Author (AuthorID, Name) VALUES (634, 'Robert Herms');
INSERT INTO Write (AuthorID, PaperID) VALUES (634, 665);
INSERT INTO Write (AuthorID, PaperID) VALUES (634, 1838);
INSERT INTO Write (AuthorID, PaperID) VALUES (634, 2258);
INSERT INTO Write (AuthorID, PaperID) VALUES (634, 2934);
INSERT INTO Author (AuthorID, Name) VALUES (635, 'Geoffrey Andogah');
INSERT INTO Write (AuthorID, PaperID) VALUES (635, 472);
INSERT INTO Paper (PaperID, Title, Year, MDate, Key, DOI) VALUES (2219, 'GIR Experimentation.', 2006, '2017-05-24', 'conf/clef/Geoffrey06', 'https://doi.org/10.1007/978-3-540-74999-8_111');
INSERT INTO Write (AuthorID, PaperID) VALUES (635, 2219);
INSERT INTO Write (AuthorID, PaperID) VALUES (635, 2725);
INSERT INTO Paper (PaperID, Title, Year, MDate, Key, DOI) VALUES (2903, 'GIR Experimentation.', 2006, '2014-08-15', 'conf/clef/Andogah06', 'http://ceur-ws.org/Vol-1172/CLEF2006wn-GeoCLEF-Andogah2006.pdf');
INSERT INTO Write (AuthorID, PaperID) VALUES (635, 2903);
INSERT INTO Author (AuthorID, Name) VALUES (636, 'Dagobert Soergel');
INSERT INTO Write (AuthorID, PaperID) VALUES (636, 1232);
INSERT INTO Write (AuthorID, PaperID) VALUES (636, 2250);
INSERT INTO Write (AuthorID, PaperID) VALUES (636, 2612);
INSERT INTO Write (AuthorID, PaperID) VALUES (636, 2898);
INSERT INTO Author (AuthorID, Name) VALUES (637, 'Edward W. D. Whittaker');
INSERT INTO Paper (PaperID, Title, Year, MDate, Key, DOI) VALUES (1530, 'CLEF 2009 Question Answering Experiments at Tokyo Institute of Technology.', 2009, '2014-09-29', 'conf/clef/HeieNWF09', 'http://ceur-ws.org/Vol-1175/CLEF2009wn-QACLEF-HeieEt2009.pdf');
INSERT INTO Write (AuthorID, PaperID) VALUES (637, 1530);
INSERT INTO Paper (PaperID, Title, Year, MDate, Key, DOI) VALUES (1997, 'CLEF2007 Question Answering Experiments at Tokyo Institute of Technology.', 2007, '2014-09-23', 'conf/clef/WhittakerNHF07', 'http://ceur-ws.org/Vol-1173/CLEF2007wn-QACLEF-WhittakerEt2007.pdf');
INSERT INTO Write (AuthorID, PaperID) VALUES (637, 1997);
INSERT INTO Paper (PaperID, Title, Year, MDate, Key, DOI) VALUES (2277, 'CLEF2006 Question Answering Experiments at Tokyo Institute of Technology.', 2006, '2017-05-24', 'conf/clef/WhittakerNCDHF06', 'https://doi.org/10.1007/978-3-540-74999-8_42');
INSERT INTO Write (AuthorID, PaperID) VALUES (637, 2277);
INSERT INTO Paper (PaperID, Title, Year, MDate, Key, DOI) VALUES (3289, 'CLEF2006 Question Answering Experiments at Tokyo Institute of Technology.', 2006, '2014-08-15', 'conf/clef/WhittakerNCDHF06a', 'http://ceur-ws.org/Vol-1172/CLEF2006wn-QACLEF-WhittakerEt2006.pdf');
INSERT INTO Write (AuthorID, PaperID) VALUES (637, 3289);
INSERT INTO Author (AuthorID, Name) VALUES (638, 'Vanessa L&oacute;pez');
INSERT INTO Write (AuthorID, PaperID) VALUES (638, 518);
INSERT INTO Write (AuthorID, PaperID) VALUES (638, 694);
INSERT INTO Write (AuthorID, PaperID) VALUES (638, 809);
INSERT INTO Write (AuthorID, PaperID) VALUES (638, 3051);
INSERT INTO Author (AuthorID, Name) VALUES (639, 'Evangelos E. Milios');
INSERT INTO Paper (PaperID, Title, Year, MDate, Key, DOI) VALUES (2039, 'Proximity Based One-class Classification with Common N-Gram Dissimilarity for Authorship Verification Task Notebook for PAN at CLEF 2013.', 2013, '2014-09-10', 'conf/clef/JankowskaKM13', 'http://ceur-ws.org/Vol-1179/CLEF2013wn-PAN-JankowskaEt2013.pdf');
INSERT INTO Write (AuthorID, PaperID) VALUES (639, 2039);
INSERT INTO Paper (PaperID, Title, Year, MDate, Key, DOI) VALUES (2459, 'Ensembles of Proximity-Based One-Class Classifiers for Author Verification Notebook for PAN at CLEF 2014.', 2014, '2014-09-10', 'conf/clef/JankowskaKM14', 'http://ceur-ws.org/Vol-1180/CLEF2014wn-Pan-JankowskaEt2014.pdf');
INSERT INTO Write (AuthorID, PaperID) VALUES (639, 2459);
INSERT INTO Paper (PaperID, Title, Year, MDate, Key, DOI) VALUES (2825, 'CNG Text Classification for Authorship Profiling Task Notebook for PAN at CLEF 2013.', 2013, '2014-09-10', 'conf/clef/JankowskaKM13a', 'http://ceur-ws.org/Vol-1179/CLEF2013wn-PAN-JankowskaEt2013b.pdf');
INSERT INTO Write (AuthorID, PaperID) VALUES (639, 2825);
INSERT INTO Paper (PaperID, Title, Year, MDate, Key, DOI) VALUES (2992, 'Fast and Simple Deterministic Seeding of KMeans for Text Document Clustering.', 2018, '2018-08-20', 'conf/clef/SherkatVM18', 'https://doi.org/10.1007/978-3-319-98932-7_7');
INSERT INTO Write (AuthorID, PaperID) VALUES (639, 2992);
INSERT INTO Author (AuthorID, Name) VALUES (640, 'Tolga Berber');
INSERT INTO Write (AuthorID, PaperID) VALUES (640, 330);
INSERT INTO Write (AuthorID, PaperID) VALUES (640, 1866);
INSERT INTO Write (AuthorID, PaperID) VALUES (640, 2172);
INSERT INTO Write (AuthorID, PaperID) VALUES (640, 3436);
INSERT INTO Author (AuthorID, Name) VALUES (641, 'Maarten Marx');
INSERT INTO Write (AuthorID, PaperID) VALUES (641, 154);
INSERT INTO Write (AuthorID, PaperID) VALUES (641, 946);
INSERT INTO Write (AuthorID, PaperID) VALUES (641, 1470);
INSERT INTO Write (AuthorID, PaperID) VALUES (641, 1682);
INSERT INTO Author (AuthorID, Name) VALUES (642, 'Tim Gollub');
INSERT INTO Write (AuthorID, PaperID) VALUES (642, 1720);
INSERT INTO Write (AuthorID, PaperID) VALUES (642, 2113);
INSERT INTO Write (AuthorID, PaperID) VALUES (642, 2511);
INSERT INTO Write (AuthorID, PaperID) VALUES (642, 3276);
INSERT INTO Author (AuthorID, Name) VALUES (643, 'Dong Nguyen');
INSERT INTO Write (AuthorID, PaperID) VALUES (643, 169);
INSERT INTO Write (AuthorID, PaperID) VALUES (643, 994);
INSERT INTO Write (AuthorID, PaperID) VALUES (643, 2505);
INSERT INTO Write (AuthorID, PaperID) VALUES (643, 2605);
INSERT INTO Author (AuthorID, Name) VALUES (644, 'Zsolt Fekete');
INSERT INTO Write (AuthorID, PaperID) VALUES (644, 1746);
INSERT INTO Write (AuthorID, PaperID) VALUES (644, 2056);
INSERT INTO Write (AuthorID, PaperID) VALUES (644, 2259);
INSERT INTO Write (AuthorID, PaperID) VALUES (644, 3378);
INSERT INTO Author (AuthorID, Name) VALUES (645, 'Samir Abdou');
INSERT INTO Write (AuthorID, PaperID) VALUES (645, 2086);
INSERT INTO Write (AuthorID, PaperID) VALUES (645, 2557);
INSERT INTO Write (AuthorID, PaperID) VALUES (645, 3522);
INSERT INTO Write (AuthorID, PaperID) VALUES (645, 3525);
INSERT INTO Author (AuthorID, Name) VALUES (646, 'Yan Qu');
INSERT INTO Paper (PaperID, Title, Year, MDate, Key, DOI) VALUES (120, 'Resolving Translation Ambiguity Using Monolingual Corpora.', 2002, '2018-11-14', 'conf/clef/QuGE02', 'https://www.wikidata.org/entity/Q57570155');
INSERT INTO Write (AuthorID, PaperID) VALUES (646, 120);
INSERT INTO Paper (PaperID, Title, Year, MDate, Key, DOI) VALUES (2678, 'Clairvoyance CLEF-2003 Experiments.', 2003, '2018-03-13', 'conf/clef/QuGE03a', 'http://ceur-ws.org/Vol-1169/CLEF2003wn-adhoc-QuEt2003.pdf');
INSERT INTO Write (AuthorID, PaperID) VALUES (646, 2678);
INSERT INTO Paper (PaperID, Title, Year, MDate, Key, DOI) VALUES (3418, 'Resolving Translation Ambiguity using Monolingual Corpora. A Report on Clairvoyance CLEF-2002 Experiments.', 2002, '2018-03-13', 'conf/clef/QuGE02a', 'http://ceur-ws.org/Vol-1168/CLEF2002wn-adhoc-QuEt2002.pdf');
INSERT INTO Write (AuthorID, PaperID) VALUES (646, 3418);
INSERT INTO Paper (PaperID, Title, Year, MDate, Key, DOI) VALUES (3472, 'Clairvoyance CLEF-2003 Experiments.', 2003, '2018-11-14', 'conf/clef/QuGE03', 'https://www.wikidata.org/entity/Q57570144');
INSERT INTO Write (AuthorID, PaperID) VALUES (646, 3472);
INSERT INTO Author (AuthorID, Name) VALUES (647, 'Alexander Binder');
INSERT INTO Paper (PaperID, Title, Year, MDate, Key, DOI) VALUES (502, 'The Joint Submission of the TU Berlin and Fraunhofer FIRST (TUBFI) to the ImageCLEF2011 Photo Annotation Task.', 2011, '2014-09-24', 'conf/clef/BinderSKMMK11', 'http://www.clef-initiative.eu/documents/71612/86377/CLEF2011wn-ImageCLEF-BinderEt2011.pdf');
INSERT INTO Write (AuthorID, PaperID) VALUES (647, 502);
INSERT INTO Paper (PaperID, Title, Year, MDate, Key, DOI) VALUES (561, 'ImageCLEF 2017: ImageCLEF Tuberculosis Task - the SGEast Submission.', 2017, '2017-08-15', 'conf/clef/SunCTB17', 'http://ceur-ws.org/Vol-1866/paper_130.pdf');
INSERT INTO Write (AuthorID, PaperID) VALUES (647, 561);
INSERT INTO Paper (PaperID, Title, Year, MDate, Key, DOI) VALUES (1371, 'Fraunhofer FIRST''s Submission to ImageCLEF2009 Photo Annotation Task: Non-sparse Multiple Kernel Learning.', 2009, '2014-09-29', 'conf/clef/BinderK09a', 'http://ceur-ws.org/Vol-1175/CLEF2009wn-ImageCLEF-BinderEt2009.pdf');
INSERT INTO Write (AuthorID, PaperID) VALUES (647, 1371);
INSERT INTO Paper (PaperID, Title, Year, MDate, Key, DOI) VALUES (2145, 'Enhancing Recognition of Visual Concepts with Primitive Color Histograms via Non-sparse Multiple Kernel Learning.', 2009, '2017-06-02', 'conf/clef/BinderK09', 'https://doi.org/10.1007/978-3-642-15751-6_33');
INSERT INTO Write (AuthorID, PaperID) VALUES (647, 2145);
INSERT INTO Author (AuthorID, Name) VALUES (648, 'Gilad Mishne');
INSERT INTO Write (AuthorID, PaperID) VALUES (648, 356);
INSERT INTO Write (AuthorID, PaperID) VALUES (648, 667);
INSERT INTO Write (AuthorID, PaperID) VALUES (648, 1713);
INSERT INTO Write (AuthorID, PaperID) VALUES (648, 2076);
INSERT INTO Author (AuthorID, Name) VALUES (649, 'Gabriela Ram&iacute;rez-de-la-Rosa');
INSERT INTO Write (AuthorID, PaperID) VALUES (649, 454);
INSERT INTO Write (AuthorID, PaperID) VALUES (649, 512);
INSERT INTO Write (AuthorID, PaperID) VALUES (649, 1627);
INSERT INTO Write (AuthorID, PaperID) VALUES (649, 1844);
INSERT INTO Author (AuthorID, Name) VALUES (650, 'Ryen W. White');
INSERT INTO Write (AuthorID, PaperID) VALUES (650, 1232);
INSERT INTO Write (AuthorID, PaperID) VALUES (650, 2250);
INSERT INTO Write (AuthorID, PaperID) VALUES (650, 2612);
INSERT INTO Write (AuthorID, PaperID) VALUES (650, 2898);
INSERT INTO Author (AuthorID, Name) VALUES (651, 'Nuno J. Mamede');
INSERT INTO Write (AuthorID, PaperID) VALUES (651, 255);
INSERT INTO Write (AuthorID, PaperID) VALUES (651, 506);
INSERT INTO Write (AuthorID, PaperID) VALUES (651, 951);
INSERT INTO Write (AuthorID, PaperID) VALUES (651, 1974);
INSERT INTO Author (AuthorID, Name) VALUES (652, 'Fredrik Olsson');
INSERT INTO Write (AuthorID, PaperID) VALUES (652, 403);
INSERT INTO Write (AuthorID, PaperID) VALUES (652, 964);
INSERT INTO Write (AuthorID, PaperID) VALUES (652, 1535);
INSERT INTO Write (AuthorID, PaperID) VALUES (652, 2586);
INSERT INTO Author (AuthorID, Name) VALUES (653, 'Carla Teixeira Lopes');
INSERT INTO Paper (PaperID, Title, Year, MDate, Key, DOI) VALUES (1587, 'Health Suggestions: A Chrome Extension to Help Laypersons Search for Health Information.', 2016, '2018-11-02', 'conf/clef/LopesF15', 'https://doi.org/10.1007/978-3-319-44564-9_22');
INSERT INTO Write (AuthorID, PaperID) VALUES (653, 1587);
INSERT INTO Paper (PaperID, Title, Year, MDate, Key, DOI) VALUES (2063, 'Effects of Language and Terminology on the Usage of Health Query Suggestions.', 2016, '2018-11-02', 'conf/clef/Lopes016', 'https://doi.org/10.1007/978-3-319-44564-9_7');
INSERT INTO Write (AuthorID, PaperID) VALUES (653, 2063);
INSERT INTO Paper (PaperID, Title, Year, MDate, Key, DOI) VALUES (2115, 'Effects of Language and Terminology of Query Suggestions on the Precision of Health Searches.', 2018, '2018-08-20', 'conf/clef/Lopes018', 'https://doi.org/10.1007/978-3-319-98932-7_9');
INSERT INTO Write (AuthorID, PaperID) VALUES (653, 2115);
INSERT INTO Paper (PaperID, Title, Year, MDate, Key, DOI) VALUES (2336, 'The Effectiveness of Query Expansion when searching for Health related Content: InfoLab at CLEF eHealth 2016.', 2016, '2017-12-13', 'conf/clef/SilvaL16', 'http://ceur-ws.org/Vol-1609/16090130.pdf');
INSERT INTO Write (AuthorID, PaperID) VALUES (653, 2336);
INSERT INTO Author (AuthorID, Name) VALUES (654, 'Sameer Pradhan');
INSERT INTO Write (AuthorID, PaperID) VALUES (654, 928);
INSERT INTO Write (AuthorID, PaperID) VALUES (654, 1126);
INSERT INTO Write (AuthorID, PaperID) VALUES (654, 1740);
INSERT INTO Write (AuthorID, PaperID) VALUES (654, 2189);
INSERT INTO Author (AuthorID, Name) VALUES (655, 'Marie-Francine Moens');
INSERT INTO Paper (PaperID, Title, Year, MDate, Key, DOI) VALUES (1, 'Generating Text from Images in a Smooth Representation Space.', 2018, '2018-08-08', 'conf/clef/SpinksM18', 'http://ceur-ws.org/Vol-2125/paper_80.pdf');
INSERT INTO Write (AuthorID, PaperID) VALUES (655, 1);
INSERT INTO Write (AuthorID, PaperID) VALUES (655, 742);
INSERT INTO Paper (PaperID, Title, Year, MDate, Key, DOI) VALUES (1598, 'Age and Gender Identification in Social Media.', 2014, '2014-09-10', 'conf/clef/MarquardtFVMDTC14', 'http://ceur-ws.org/Vol-1180/CLEF2014wn-Pan-MarquardtEt2014.pdf');
INSERT INTO Write (AuthorID, PaperID) VALUES (655, 1598);
INSERT INTO Write (AuthorID, PaperID) VALUES (655, 1944);
INSERT INTO Author (AuthorID, Name) VALUES (656, 'Sebastian Spiegler');
INSERT INTO Paper (PaperID, Title, Year, MDate, Key, DOI) VALUES (131, 'PROMODES: A Probabilistic Generative Model for Word Decomposition.', 2009, '2014-09-29', 'conf/clef/SpieglerGF09a', 'http://ceur-ws.org/Vol-1175/CLEF2009wn-MorphoChallenge-SpieglerEt2009.pdf');
INSERT INTO Write (AuthorID, PaperID) VALUES (656, 131);
INSERT INTO Paper (PaperID, Title, Year, MDate, Key, DOI) VALUES (495, 'Unsupervised Morpheme Discovery with Ungrade.', 2009, '2018-11-24', 'conf/clef/GoleniaSF09', 'https://www.wikidata.org/entity/Q58642749');
INSERT INTO Write (AuthorID, PaperID) VALUES (656, 495);
INSERT INTO Paper (PaperID, Title, Year, MDate, Key, DOI) VALUES (1456, 'Unsupervised Word Decomposition with the Promodes Algorithm.', 2009, '2018-11-24', 'conf/clef/SpieglerGF09', 'https://www.wikidata.org/entity/Q58642751');
INSERT INTO Write (AuthorID, PaperID) VALUES (656, 1456);
INSERT INTO Paper (PaperID, Title, Year, MDate, Key, DOI) VALUES (3524, 'UNGRADE: UNsupervised GRAph DEcomposition.', 2009, '2014-09-29', 'conf/clef/GoleniaSF09a', 'http://ceur-ws.org/Vol-1175/CLEF2009wn-MorphoChallenge-GoleniaEt2009.pdf');
INSERT INTO Write (AuthorID, PaperID) VALUES (656, 3524);
INSERT INTO Author (AuthorID, Name) VALUES (657, 'Francesco Orabona');
INSERT INTO Write (AuthorID, PaperID) VALUES (657, 2237);
INSERT INTO Write (AuthorID, PaperID) VALUES (657, 2581);
INSERT INTO Write (AuthorID, PaperID) VALUES (657, 2703);
INSERT INTO Write (AuthorID, PaperID) VALUES (657, 3081);
INSERT INTO Author (AuthorID, Name) VALUES (658, 'Maria Jos&eacute; Garciarena Ucelay');
INSERT INTO Paper (PaperID, Title, Year, MDate, Key, DOI) VALUES (1102, 'Temporal Variation of Terms as Concept Space for Early Risk Prediction.', 2017, '2017-08-15', 'conf/clef/ErrecaldeVFUC17', 'http://ceur-ws.org/Vol-1866/paper_103.pdf');
INSERT INTO Write (AuthorID, PaperID) VALUES (658, 1102);
INSERT INTO Write (AuthorID, PaperID) VALUES (658, 1367);
INSERT INTO Write (AuthorID, PaperID) VALUES (658, 1627);
INSERT INTO Paper (PaperID, Title, Year, MDate, Key, DOI) VALUES (3513, 'LIDIC - UNSL''s Participation at eRisk 2017: Pilot Task on Early Detection of Depression.', 2017, '2017-08-15', 'conf/clef/VillegasFUCE17', 'http://ceur-ws.org/Vol-1866/paper_107.pdf');
INSERT INTO Write (AuthorID, PaperID) VALUES (658, 3513);
INSERT INTO Author (AuthorID, Name) VALUES (659, 'Sadaoki Furui');
INSERT INTO Write (AuthorID, PaperID) VALUES (659, 1530);
INSERT INTO Write (AuthorID, PaperID) VALUES (659, 1997);
INSERT INTO Write (AuthorID, PaperID) VALUES (659, 2277);
INSERT INTO Write (AuthorID, PaperID) VALUES (659, 3289);
INSERT INTO Author (AuthorID, Name) VALUES (660, 'Tamara Mart&iacute;n-Wanton');
INSERT INTO Write (AuthorID, PaperID) VALUES (660, 299);
INSERT INTO Write (AuthorID, PaperID) VALUES (660, 1081);
INSERT INTO Write (AuthorID, PaperID) VALUES (660, 2931);
INSERT INTO Write (AuthorID, PaperID) VALUES (660, 3039);
INSERT INTO Author (AuthorID, Name) VALUES (661, 'Md Bayzidul Islam');
INSERT INTO Paper (PaperID, Title, Year, MDate, Key, DOI) VALUES (266, 'Sentinel-2 Satellite Imagery based Population Estimation Strategies at FabSpace 2.0 Lab Darmstadt.', 2017, '2018-01-09', 'conf/clef/IslamBBADE17', 'http://ceur-ws.org/Vol-1866/paper_140.pdf');
INSERT INTO Write (AuthorID, PaperID) VALUES (661, 266);
INSERT INTO Write (AuthorID, PaperID) VALUES (661, 783);
INSERT INTO Write (AuthorID, PaperID) VALUES (661, 870);
INSERT INTO Write (AuthorID, PaperID) VALUES (661, 1747);
INSERT INTO Author (AuthorID, Name) VALUES (662, 'Ren&eacute; Spijker');
INSERT INTO Write (AuthorID, PaperID) VALUES (662, 439);
INSERT INTO Write (AuthorID, PaperID) VALUES (662, 531);
INSERT INTO Write (AuthorID, PaperID) VALUES (662, 822);
INSERT INTO Write (AuthorID, PaperID) VALUES (662, 3468);
INSERT INTO Author (AuthorID, Name) VALUES (663, 'Marcin Detyniecki');
INSERT INTO Write (AuthorID, PaperID) VALUES (663, 27);
INSERT INTO Write (AuthorID, PaperID) VALUES (663, 722);
INSERT INTO Write (AuthorID, PaperID) VALUES (663, 1013);
INSERT INTO Write (AuthorID, PaperID) VALUES (663, 1833);
INSERT INTO Author (AuthorID, Name) VALUES (664, 'Procheta Sen');
INSERT INTO Write (AuthorID, PaperID) VALUES (664, 1328);
INSERT INTO Write (AuthorID, PaperID) VALUES (664, 1382);
INSERT INTO Write (AuthorID, PaperID) VALUES (664, 1519);
INSERT INTO Write (AuthorID, PaperID) VALUES (664, 2008);
INSERT INTO Author (AuthorID, Name) VALUES (665, 'Yuichi Kojima');
INSERT INTO Paper (PaperID, Title, Year, MDate, Key, DOI) VALUES (449, 'Ricoh at CLEF 2003.', 2003, '2017-05-24', 'conf/clef/KojimaIMO03', 'https://doi.org/10.1007/978-3-540-30222-3_35');
INSERT INTO Write (AuthorID, PaperID) VALUES (665, 449);
INSERT INTO Paper (PaperID, Title, Year, MDate, Key, DOI) VALUES (1321, 'Ricoh at CLEF 2004.', 2004, '2017-05-24', 'conf/clef/Kojima05', 'https://doi.org/10.1007/11519645_30');
INSERT INTO Write (AuthorID, PaperID) VALUES (665, 1321);
INSERT INTO Paper (PaperID, Title, Year, MDate, Key, DOI) VALUES (1325, 'Ricoh at CLEF 2003.', 2003, '2014-08-15', 'conf/clef/KojimaIMO03a', 'http://ceur-ws.org/Vol-1169/CLEF2003wn-adhoc-KojimaEt2003.pdf');
INSERT INTO Write (AuthorID, PaperID) VALUES (665, 1325);
INSERT INTO Paper (PaperID, Title, Year, MDate, Key, DOI) VALUES (1953, 'Ricoh at CLEF 2004.', 2004, '2014-08-15', 'conf/clef/Kojima04', 'http://ceur-ws.org/Vol-1170/CLEF2004wn-DomainSpecific-Kojima2004.pdf');
INSERT INTO Write (AuthorID, PaperID) VALUES (665, 1953);
INSERT INTO Author (AuthorID, Name) VALUES (666, 'Tomohiro Takagi');
INSERT INTO Paper (PaperID, Title, Year, MDate, Key, DOI) VALUES (981, 'Meiji University at ImageCLEF2008 Photo Retrieval Task: Evaluation of Image Retrieval Methods Integrating Different Media.', 2008, '2014-09-29', 'conf/clef/YamauchiNUKET08', 'http://ceur-ws.org/Vol-1174/CLEF2008wn-ImageCLEF-YamauchiEt2008.pdf');
INSERT INTO Write (AuthorID, PaperID) VALUES (666, 981);
INSERT INTO Paper (PaperID, Title, Year, MDate, Key, DOI) VALUES (986, 'Annotation and Retrieval System Using Confabulation Model for ImageCLEF2011 Photo Annotation.', 2011, '2014-09-24', 'conf/clef/IzawaMT11', 'http://www.clef-initiative.eu/documents/71612/86377/CLEF2011wn-ImageCLEF-IzawaEt2011.pdf');
INSERT INTO Write (AuthorID, PaperID) VALUES (666, 986);
INSERT INTO Paper (PaperID, Title, Year, MDate, Key, DOI) VALUES (2153, 'Meiji University at ImageCLEF2010 Visual Concept Detection and Annotation Task.', 2010, '2014-09-24', 'conf/clef/MotohashiIT10', 'http://www.clef-initiative.eu/documents/71612/86374/CLEF2010wn-ImageCLEF-MotohashiEt2010.pdf');
INSERT INTO Write (AuthorID, PaperID) VALUES (666, 2153);
INSERT INTO Paper (PaperID, Title, Year, MDate, Key, DOI) VALUES (2926, 'Meiji University at ImageCLEF2008 Photo Retrieval Task: Evaluation of Image Retrieval Methods Integrating Different Media.', 2008, '2017-05-24', 'conf/clef/YamauchiNUKT08', 'https://doi.org/10.1007/978-3-642-04447-2_67');
INSERT INTO Write (AuthorID, PaperID) VALUES (666, 2926);
INSERT INTO Author (AuthorID, Name) VALUES (667, 'Marius Popescu');
INSERT INTO Write (AuthorID, PaperID) VALUES (667, 67);
INSERT INTO Write (AuthorID, PaperID) VALUES (667, 212);
INSERT INTO Write (AuthorID, PaperID) VALUES (667, 3064);
INSERT INTO Write (AuthorID, PaperID) VALUES (667, 3381);
INSERT INTO Author (AuthorID, Name) VALUES (668, 'Roeland Ordelman');
INSERT INTO Write (AuthorID, PaperID) VALUES (668, 1191);
INSERT INTO Write (AuthorID, PaperID) VALUES (668, 2041);
INSERT INTO Write (AuthorID, PaperID) VALUES (668, 2987);
INSERT INTO Write (AuthorID, PaperID) VALUES (668, 3199);
INSERT INTO Author (AuthorID, Name) VALUES (669, 'Jun Luo');
INSERT INTO Write (AuthorID, PaperID) VALUES (669, 342);
INSERT INTO Write (AuthorID, PaperID) VALUES (669, 1946);
INSERT INTO Write (AuthorID, PaperID) VALUES (669, 2970);
INSERT INTO Write (AuthorID, PaperID) VALUES (669, 3200);
INSERT INTO Author (AuthorID, Name) VALUES (670, 'Bruno Gol&eacute;nia');
INSERT INTO Write (AuthorID, PaperID) VALUES (670, 131);
INSERT INTO Write (AuthorID, PaperID) VALUES (670, 495);
INSERT INTO Write (AuthorID, PaperID) VALUES (670, 1456);
INSERT INTO Write (AuthorID, PaperID) VALUES (670, 3524);
INSERT INTO Author (AuthorID, Name) VALUES (671, 'Karin M&uuml;ller 0002');
INSERT INTO Write (AuthorID, PaperID) VALUES (671, 1082);
INSERT INTO Write (AuthorID, PaperID) VALUES (671, 1713);
INSERT INTO Write (AuthorID, PaperID) VALUES (671, 1898);
INSERT INTO Write (AuthorID, PaperID) VALUES (671, 2076);
INSERT INTO Author (AuthorID, Name) VALUES (672, 'Qi Tian 0002');
INSERT INTO Write (AuthorID, PaperID) VALUES (672, 275);
INSERT INTO Write (AuthorID, PaperID) VALUES (672, 1607);
INSERT INTO Write (AuthorID, PaperID) VALUES (672, 2409);
INSERT INTO Write (AuthorID, PaperID) VALUES (672, 2862);
INSERT INTO Author (AuthorID, Name) VALUES (673, 'Anna Khasin');
INSERT INTO Write (AuthorID, PaperID) VALUES (673, 1045);
INSERT INTO Write (AuthorID, PaperID) VALUES (673, 1174);
INSERT INTO Write (AuthorID, PaperID) VALUES (673, 1635);
INSERT INTO Write (AuthorID, PaperID) VALUES (673, 1651);
INSERT INTO Author (AuthorID, Name) VALUES (674, 'Kieran McDonald');
INSERT INTO Write (AuthorID, PaperID) VALUES (674, 467);
INSERT INTO Write (AuthorID, PaperID) VALUES (674, 595);
INSERT INTO Write (AuthorID, PaperID) VALUES (674, 1192);
INSERT INTO Write (AuthorID, PaperID) VALUES (674, 3029);
INSERT INTO Author (AuthorID, Name) VALUES (675, 'Sa&uacute;l Le&oacute;n');
INSERT INTO Write (AuthorID, PaperID) VALUES (675, 1267);
INSERT INTO Write (AuthorID, PaperID) VALUES (675, 2083);
INSERT INTO Write (AuthorID, PaperID) VALUES (675, 2427);
INSERT INTO Write (AuthorID, PaperID) VALUES (675, 3501);
INSERT INTO Author (AuthorID, Name) VALUES (676, 'Gil Francopoulo');
INSERT INTO Paper (PaperID, Title, Year, MDate, Key, DOI) VALUES (1573, 'Experiments with a Chunker and Lucene.', 2002, '2014-08-15', 'conf/clef/Francopoulo02a', 'http://ceur-ws.org/Vol-1168/CLEF2002wn-adhoc-Francopoulo2002.pdf');
INSERT INTO Write (AuthorID, PaperID) VALUES (676, 1573);
INSERT INTO Paper (PaperID, Title, Year, MDate, Key, DOI) VALUES (1698, 'Pruning Texts with NLP and Expanding Queries with an Ontology: TagSearch.', 2003, '2017-05-24', 'conf/clef/Francopoulo03', 'https://doi.org/10.1007/978-3-540-30222-3_30');
INSERT INTO Write (AuthorID, PaperID) VALUES (676, 1698);
INSERT INTO Paper (PaperID, Title, Year, MDate, Key, DOI) VALUES (2294, 'Experiments with a Chunker and Lucene.', 2002, '2017-05-24', 'conf/clef/Francopoulo02', 'https://doi.org/10.1007/978-3-540-45237-9_28');
INSERT INTO Write (AuthorID, PaperID) VALUES (676, 2294);
INSERT INTO Paper (PaperID, Title, Year, MDate, Key, DOI) VALUES (2919, 'Pruning Texts with NLP and Expanding Queries with an Ontology: TagSearch.', 2003, '2014-08-15', 'conf/clef/Francopoulo03a', 'http://ceur-ws.org/Vol-1169/CLEF2003wn-adhoc-Francopoulo2003.pdf');
INSERT INTO Write (AuthorID, PaperID) VALUES (676, 2919);
INSERT INTO Author (AuthorID, Name) VALUES (677, 'John Tait');
INSERT INTO Write (AuthorID, PaperID) VALUES (677, 128);
INSERT INTO Write (AuthorID, PaperID) VALUES (677, 1664);
INSERT INTO Write (AuthorID, PaperID) VALUES (677, 2158);
INSERT INTO Write (AuthorID, PaperID) VALUES (677, 3412);
INSERT INTO Author (AuthorID, Name) VALUES (678, 'Yiming Yang');
INSERT INTO Write (AuthorID, PaperID) VALUES (678, 852);
INSERT INTO Write (AuthorID, PaperID) VALUES (678, 2184);
INSERT INTO Write (AuthorID, PaperID) VALUES (678, 2682);
INSERT INTO Write (AuthorID, PaperID) VALUES (678, 3006);
INSERT INTO Author (AuthorID, Name) VALUES (679, 'Hugo Molina-Salgado');
INSERT INTO Write (AuthorID, PaperID) VALUES (679, 87);
INSERT INTO Write (AuthorID, PaperID) VALUES (679, 782);
INSERT INTO Write (AuthorID, PaperID) VALUES (679, 1254);
INSERT INTO Write (AuthorID, PaperID) VALUES (679, 1634);
INSERT INTO Author (AuthorID, Name) VALUES (680, 'Estela Saquete');
INSERT INTO Write (AuthorID, PaperID) VALUES (680, 95);
INSERT INTO Write (AuthorID, PaperID) VALUES (680, 1098);
INSERT INTO Write (AuthorID, PaperID) VALUES (680, 2207);
INSERT INTO Write (AuthorID, PaperID) VALUES (680, 2733);
INSERT INTO Author (AuthorID, Name) VALUES (681, 'Oladimeji Farri');
INSERT INTO Write (AuthorID, PaperID) VALUES (681, 383);
INSERT INTO Write (AuthorID, PaperID) VALUES (681, 905);
INSERT INTO Write (AuthorID, PaperID) VALUES (681, 1179);
INSERT INTO Write (AuthorID, PaperID) VALUES (681, 1995);
INSERT INTO Author (AuthorID, Name) VALUES (682, 'Munirathnam Srikanth');
INSERT INTO Write (AuthorID, PaperID) VALUES (682, 547);
INSERT INTO Write (AuthorID, PaperID) VALUES (682, 670);
INSERT INTO Write (AuthorID, PaperID) VALUES (682, 717);
INSERT INTO Write (AuthorID, PaperID) VALUES (682, 3093);
INSERT INTO Author (AuthorID, Name) VALUES (683, 'Miguel A. Sanchez-Perez');
INSERT INTO Write (AuthorID, PaperID) VALUES (683, 106);
INSERT INTO Write (AuthorID, PaperID) VALUES (683, 878);
INSERT INTO Write (AuthorID, PaperID) VALUES (683, 1039);
INSERT INTO Write (AuthorID, PaperID) VALUES (683, 3503);
INSERT INTO Author (AuthorID, Name) VALUES (684, 'Saber A. Akhondi');
INSERT INTO Write (AuthorID, PaperID) VALUES (684, 242);
INSERT INTO Write (AuthorID, PaperID) VALUES (684, 891);
INSERT INTO Write (AuthorID, PaperID) VALUES (684, 1454);
INSERT INTO Write (AuthorID, PaperID) VALUES (684, 2350);
INSERT INTO Author (AuthorID, Name) VALUES (685, 'Amel Ksibi');
INSERT INTO Write (AuthorID, PaperID) VALUES (685, 1510);
INSERT INTO Write (AuthorID, PaperID) VALUES (685, 2275);
INSERT INTO Write (AuthorID, PaperID) VALUES (685, 3251);
INSERT INTO Write (AuthorID, PaperID) VALUES (685, 3313);
INSERT INTO Author (AuthorID, Name) VALUES (686, 'Ludovic Tanguy');
INSERT INTO Paper (PaperID, Title, Year, MDate, Key, DOI) VALUES (830, 'Authorship Attribution: Using Rich Linguistic Features when Training Data is Scarce.', 2012, '2014-09-24', 'conf/clef/TanguySCH12', 'http://www.clef-initiative.eu/documents/71612/740a894f-01ce-49ee-ab0b-04cefe6dae0d');
INSERT INTO Write (AuthorID, PaperID) VALUES (686, 830);
INSERT INTO Paper (PaperID, Title, Year, MDate, Key, DOI) VALUES (838, 'A Multitude of Linguistically-rich Features for Authorship Attribution - Notebook for PAN at CLEF 2011.', 2011, '2014-09-24', 'conf/clef/TanguyUCHS11', 'http://www.clef-initiative.eu/documents/71612/86377/CLEF2011wn-PAN-TanguyEt2011.pdf');
INSERT INTO Write (AuthorID, PaperID) VALUES (686, 838);
INSERT INTO Write (AuthorID, PaperID) VALUES (686, 2326);
INSERT INTO Paper (PaperID, Title, Year, MDate, Key, DOI) VALUES (2686, 'LITL at CLEF eHealth2016: recognizing Entities in French Biomedical Documents.', 2016, '2016-08-11', 'conf/clef/Ho-DacTGMMRVW16', 'http://ceur-ws.org/Vol-1609/16090081.pdf');
INSERT INTO Write (AuthorID, PaperID) VALUES (686, 2686);
INSERT INTO Author (AuthorID, Name) VALUES (687, 'Gianni Amati');
INSERT INTO Paper (PaperID, Title, Year, MDate, Key, DOI) VALUES (842, 'Italian Monolingual Information Retrieval with PROSIT.', 2002, '2014-08-15', 'conf/clef/AmatiC002', 'http://ceur-ws.org/Vol-1168/CLEF2002wn-adhoc-AmatiEt2002.pdf');
INSERT INTO Write (AuthorID, PaperID) VALUES (687, 842);
INSERT INTO Paper (PaperID, Title, Year, MDate, Key, DOI) VALUES (1539, 'Comparing Weighting Models for Monolingual Information Retrieval.', 2003, '2017-05-24', 'conf/clef/AmatiCR03', 'https://doi.org/10.1007/978-3-540-30222-3_29');
INSERT INTO Write (AuthorID, PaperID) VALUES (687, 1539);
INSERT INTO Paper (PaperID, Title, Year, MDate, Key, DOI) VALUES (1969, 'Italian Monolingual Information Retrieval with PROSIT.', 2002, '2017-05-24', 'conf/clef/AmatiCR02', 'https://doi.org/10.1007/978-3-540-45237-9_21');
INSERT INTO Write (AuthorID, PaperID) VALUES (687, 1969);
INSERT INTO Paper (PaperID, Title, Year, MDate, Key, DOI) VALUES (3347, 'Comparing Weighting Models for Monolingual Information Retrieval.', 2003, '2014-08-15', 'conf/clef/AmatiC003', 'http://ceur-ws.org/Vol-1169/CLEF2003wn-adhoc-AmatiEt2003.pdf');
INSERT INTO Write (AuthorID, PaperID) VALUES (687, 3347);
INSERT INTO Author (AuthorID, Name) VALUES (688, 'Josiah Wang');
INSERT INTO Write (AuthorID, PaperID) VALUES (688, 33);
INSERT INTO Write (AuthorID, PaperID) VALUES (688, 948);
INSERT INTO Write (AuthorID, PaperID) VALUES (688, 2308);
INSERT INTO Write (AuthorID, PaperID) VALUES (688, 3423);
INSERT INTO Author (AuthorID, Name) VALUES (689, 'Salar Mohtaj');
INSERT INTO Write (AuthorID, PaperID) VALUES (689, 459);
INSERT INTO Write (AuthorID, PaperID) VALUES (689, 540);
INSERT INTO Write (AuthorID, PaperID) VALUES (689, 1144);
INSERT INTO Write (AuthorID, PaperID) VALUES (689, 2255);
INSERT INTO Author (AuthorID, Name) VALUES (690, 'David Lyndon');
INSERT INTO Write (AuthorID, PaperID) VALUES (690, 262);
INSERT INTO Write (AuthorID, PaperID) VALUES (690, 650);
INSERT INTO Write (AuthorID, PaperID) VALUES (690, 1850);
INSERT INTO Write (AuthorID, PaperID) VALUES (690, 2858);
INSERT INTO Author (AuthorID, Name) VALUES (691, 'Dennis Reidsma');
INSERT INTO Write (AuthorID, PaperID) VALUES (691, 313);
INSERT INTO Paper (PaperID, Title, Year, MDate, Key, DOI) VALUES (1262, 'MediaLab @ CLEF-2002: Comparing Search Strategies.', 2002, '2014-08-15', 'conf/clef/ReidsmaW02', 'http://ceur-ws.org/Vol-1168/CLEF2002wn-adhoc-ReidsmaEt2002b.pdf');
INSERT INTO Write (AuthorID, PaperID) VALUES (691, 1262);
INSERT INTO Write (AuthorID, PaperID) VALUES (691, 2186);
INSERT INTO Write (AuthorID, PaperID) VALUES (691, 2913);
INSERT INTO Author (AuthorID, Name) VALUES (692, 'Pavel Braslavski');
INSERT INTO Paper (PaperID, Title, Year, MDate, Key, DOI) VALUES (29, 'Search Snippet Evaluation at Yandex: Lessons Learned and Future Directions.', 2011, '2018-11-02', 'conf/clef/SavenkovBL11', 'https://doi.org/10.1007/978-3-642-23708-9_4');
INSERT INTO Write (AuthorID, PaperID) VALUES (692, 29);
INSERT INTO Write (AuthorID, PaperID) VALUES (692, 940);
INSERT INTO Paper (PaperID, Title, Year, MDate, Key, DOI) VALUES (2089, 'A Pinch of Humor for Short-Text Conversation: An Information Retrieval Approach.', 2017, '2018-11-02', 'conf/clef/BlinovMBB17', 'https://doi.org/10.1007/978-3-319-65813-1_1');
INSERT INTO Write (AuthorID, PaperID) VALUES (692, 2089);
INSERT INTO Paper (PaperID, Title, Year, MDate, Key, DOI) VALUES (3280, 'Towards Automatic Evaluation of Health-Related CQA Data.', 2014, '2018-11-02', 'conf/clef/BeloborodovBD14', 'https://doi.org/10.1007/978-3-319-11382-1_2');
INSERT INTO Write (AuthorID, PaperID) VALUES (692, 3280);
INSERT INTO Author (AuthorID, Name) VALUES (693, 'Shih-Hung Wu');
INSERT INTO Paper (PaperID, Title, Year, MDate, Key, DOI) VALUES (22, 'Social Feature Re-ranking in INEX 2013 Social Book Search Track.', 2013, '2014-09-10', 'conf/clef/XiaoWCCY13', 'http://ceur-ws.org/Vol-1179/CLEF2013wn-INEX-XiaoEt2013.pdf');
INSERT INTO Write (AuthorID, PaperID) VALUES (693, 22);
INSERT INTO Paper (PaperID, Title, Year, MDate, Key, DOI) VALUES (664, 'Integrating Social Features and Query Type Recognition in the Suggestion Track of CLEF 2015 Social Book Search Lab.', 2015, '2015-09-03', 'conf/clef/WuHCK15', 'http://ceur-ws.org/Vol-1391/35-CR.pdf');
INSERT INTO Write (AuthorID, PaperID) VALUES (693, 664);
INSERT INTO Paper (PaperID, Title, Year, MDate, Key, DOI) VALUES (1230, 'Query Expansion by Word Embedding in the Suggestion Track of CLEF 2016 Social Book Search Lab.', 2016, '2016-08-11', 'conf/clef/WuHCY16', 'http://ceur-ws.org/Vol-1609/16091155.pdf');
INSERT INTO Write (AuthorID, PaperID) VALUES (693, 1230);
INSERT INTO Paper (PaperID, Title, Year, MDate, Key, DOI) VALUES (2383, 'Query Type Recognition and Result Filtering in INEX 2014 Social Book Search Track.', 2014, '2014-09-10', 'conf/clef/Wu14', 'http://ceur-ws.org/Vol-1180/CLEF2014wn-Inex-WuEt2014.pdf');
INSERT INTO Write (AuthorID, PaperID) VALUES (693, 2383);
INSERT INTO Author (AuthorID, Name) VALUES (694, 'Paula Carvalho');
INSERT INTO Write (AuthorID, PaperID) VALUES (694, 850);
INSERT INTO Write (AuthorID, PaperID) VALUES (694, 1255);
INSERT INTO Write (AuthorID, PaperID) VALUES (694, 1650);
INSERT INTO Write (AuthorID, PaperID) VALUES (694, 1934);
INSERT INTO Author (AuthorID, Name) VALUES (695, 'Xiaoli Huang');
INSERT INTO Write (AuthorID, PaperID) VALUES (695, 1232);
INSERT INTO Write (AuthorID, PaperID) VALUES (695, 2250);
INSERT INTO Write (AuthorID, PaperID) VALUES (695, 2612);
INSERT INTO Write (AuthorID, PaperID) VALUES (695, 2898);
INSERT INTO Author (AuthorID, Name) VALUES (696, 'Hessel Haagsma');
INSERT INTO Write (AuthorID, PaperID) VALUES (696, 294);
INSERT INTO Write (AuthorID, PaperID) VALUES (696, 947);
INSERT INTO Write (AuthorID, PaperID) VALUES (696, 1826);
INSERT INTO Write (AuthorID, PaperID) VALUES (696, 2163);
INSERT INTO Author (AuthorID, Name) VALUES (697, 'Daniel Keysers');
INSERT INTO Write (AuthorID, PaperID) VALUES (697, 963);
INSERT INTO Write (AuthorID, PaperID) VALUES (697, 1562);
INSERT INTO Write (AuthorID, PaperID) VALUES (697, 2306);
INSERT INTO Write (AuthorID, PaperID) VALUES (697, 3308);
INSERT INTO Author (AuthorID, Name) VALUES (698, 'Guergana K. Savova');
INSERT INTO Write (AuthorID, PaperID) VALUES (698, 928);
INSERT INTO Write (AuthorID, PaperID) VALUES (698, 1126);
INSERT INTO Write (AuthorID, PaperID) VALUES (698, 1740);
INSERT INTO Write (AuthorID, PaperID) VALUES (698, 2189);
INSERT INTO Author (AuthorID, Name) VALUES (699, 'Dragi Kocev');
INSERT INTO Write (AuthorID, PaperID) VALUES (699, 1211);
INSERT INTO Write (AuthorID, PaperID) VALUES (699, 2029);
INSERT INTO Write (AuthorID, PaperID) VALUES (699, 2126);
INSERT INTO Write (AuthorID, PaperID) VALUES (699, 3169);
INSERT INTO Author (AuthorID, Name) VALUES (700, 'Lorenza Moreno-Monteagudo');
INSERT INTO Write (AuthorID, PaperID) VALUES (700, 112);
INSERT INTO Write (AuthorID, PaperID) VALUES (700, 788);
INSERT INTO Write (AuthorID, PaperID) VALUES (700, 1154);
INSERT INTO Write (AuthorID, PaperID) VALUES (700, 1239);
INSERT INTO Author (AuthorID, Name) VALUES (701, 'Nathalie Aussenac-Gilles');
INSERT INTO Write (AuthorID, PaperID) VALUES (701, 637);
INSERT INTO Write (AuthorID, PaperID) VALUES (701, 1625);
INSERT INTO Write (AuthorID, PaperID) VALUES (701, 1808);
INSERT INTO Write (AuthorID, PaperID) VALUES (701, 2563);
INSERT INTO Author (AuthorID, Name) VALUES (702, 'Stefano Bromuri');
INSERT INTO Write (AuthorID, PaperID) VALUES (702, 33);
INSERT INTO Write (AuthorID, PaperID) VALUES (702, 331);
INSERT INTO Write (AuthorID, PaperID) VALUES (702, 2308);
INSERT INTO Write (AuthorID, PaperID) VALUES (702, 2750);
INSERT INTO Author (AuthorID, Name) VALUES (703, 'Patrice Lopez');
INSERT INTO Paper (PaperID, Title, Year, MDate, Key, DOI) VALUES (1261, 'Experiments with Citation Mining and Key-Term Extraction for Prior Art Search.', 2010, '2014-09-24', 'conf/clef/LopezR10', 'http://www.clef-initiative.eu/documents/71612/86374/CLEF2010wn-CLEF-IP-LopezEt2010.pdf');
INSERT INTO Write (AuthorID, PaperID) VALUES (703, 1261);
INSERT INTO Paper (PaperID, Title, Year, MDate, Key, DOI) VALUES (2243, 'PATATRAS: Retrieval Model Combination and Regression Models for Prior Art Search.', 2009, '2018-11-14', 'conf/clef/LopezR09', 'https://www.wikidata.org/entity/Q57634905');
INSERT INTO Write (AuthorID, PaperID) VALUES (703, 2243);
INSERT INTO Paper (PaperID, Title, Year, MDate, Key, DOI) VALUES (2433, 'Multiple Retrieval Models and Regression Models for Prior Art Search.', 2009, '2014-09-29', 'conf/clef/LopezR09a', 'http://ceur-ws.org/Vol-1175/CLEF2009wn-CLEFIP-LopezEt2009.pdf');
INSERT INTO Write (AuthorID, PaperID) VALUES (703, 2433);
INSERT INTO Paper (PaperID, Title, Year, MDate, Key, DOI) VALUES (2950, 'Textual Summarisation of Flowcharts in Patent Drawings for CLEF-IP 2012.', 2012, '2014-09-24', 'conf/clef/TheanDLR12', 'http://www.clef-initiative.eu/documents/71612/e4773114-428b-4ac2-b1d6-a111049e1bd3');
INSERT INTO Write (AuthorID, PaperID) VALUES (703, 2950);
INSERT INTO Author (AuthorID, Name) VALUES (704, 'Carl Vogel');
INSERT INTO Paper (PaperID, Title, Year, MDate, Key, DOI) VALUES (1026, 'Author Verification: Exploring a Large set of Parameters using a Genetic Algorithm - Notebook for PAN at CLEF 2014.', 2014, '2014-09-10', 'conf/clef/MoreauJV14', 'http://ceur-ws.org/Vol-1180/CLEF2014wn-Pan-MoreauEt2014.pdf');
INSERT INTO Write (AuthorID, PaperID) VALUES (704, 1026);
INSERT INTO Paper (PaperID, Title, Year, MDate, Key, DOI) VALUES (1151, 'Style-based Distance Features for Author Verification Notebook for PAN at CLEF 2013.', 2013, '2014-09-10', 'conf/clef/MoreauV13', 'http://ceur-ws.org/Vol-1179/CLEF2013wn-PAN-MoreauEt2013.pdf');
INSERT INTO Write (AuthorID, PaperID) VALUES (704, 1151);
INSERT INTO Paper (PaperID, Title, Year, MDate, Key, DOI) VALUES (1880, 'Style-based Distance Features for Author Profiling Notebook for PAN at CLEF 2013.', 2013, '2014-09-10', 'conf/clef/MoreauV13a', 'http://ceur-ws.org/Vol-1179/CLEF2013wn-PAN-MoreauEt2013b.pdf');
INSERT INTO Write (AuthorID, PaperID) VALUES (704, 1880);
INSERT INTO Paper (PaperID, Title, Year, MDate, Key, DOI) VALUES (3084, 'Author Verification: Basic Stacked Generalization Applied To Predictions from a Set of Heterogeneous Learners - Notebook for PAN at CLEF 2015.', 2015, '2015-09-03', 'conf/clef/MoreauJLV15', 'http://ceur-ws.org/Vol-1391/132-CR.pdf');
INSERT INTO Write (AuthorID, PaperID) VALUES (704, 3084);
INSERT INTO Author (AuthorID, Name) VALUES (705, 'Emilie Dumont');
INSERT INTO Write (AuthorID, PaperID) VALUES (705, 592);
INSERT INTO Write (AuthorID, PaperID) VALUES (705, 1223);
INSERT INTO Write (AuthorID, PaperID) VALUES (705, 1741);
INSERT INTO Write (AuthorID, PaperID) VALUES (705, 2263);
INSERT INTO Author (AuthorID, Name) VALUES (706, 'Yusuke Miyao');
INSERT INTO Write (AuthorID, PaperID) VALUES (706, 656);
INSERT INTO Paper (PaperID, Title, Year, MDate, Key, DOI) VALUES (2346, 'Question Answering System for Entrance Exams in QA4MRE.', 2013, '2014-09-10', 'conf/clef/LiTNMA13', 'http://ceur-ws.org/Vol-1179/CLEF2013wn-QA4MRE-LiEt2013.pdf');
INSERT INTO Write (AuthorID, PaperID) VALUES (706, 2346);
INSERT INTO Write (AuthorID, PaperID) VALUES (706, 2954);
INSERT INTO Write (AuthorID, PaperID) VALUES (706, 3417);
INSERT INTO Author (AuthorID, Name) VALUES (707, 'St&eacute;phane Chaudiron');
INSERT INTO Write (AuthorID, PaperID) VALUES (707, 566);
INSERT INTO Write (AuthorID, PaperID) VALUES (707, 1998);
INSERT INTO Write (AuthorID, PaperID) VALUES (707, 2103);
INSERT INTO Write (AuthorID, PaperID) VALUES (707, 3296);
INSERT INTO Author (AuthorID, Name) VALUES (708, 'Christian S&aacute;nchez-S&aacute;nchez');
INSERT INTO Write (AuthorID, PaperID) VALUES (708, 28);
INSERT INTO Write (AuthorID, PaperID) VALUES (708, 454);
INSERT INTO Write (AuthorID, PaperID) VALUES (708, 862);
INSERT INTO Write (AuthorID, PaperID) VALUES (708, 2257);
INSERT INTO Author (AuthorID, Name) VALUES (709, 'Christophe Moulin');
INSERT INTO Write (AuthorID, PaperID) VALUES (709, 793);
INSERT INTO Write (AuthorID, PaperID) VALUES (709, 1228);
INSERT INTO Write (AuthorID, PaperID) VALUES (709, 1849);
INSERT INTO Write (AuthorID, PaperID) VALUES (709, 2650);
INSERT INTO Author (AuthorID, Name) VALUES (710, 'Jinming Min');
INSERT INTO Write (AuthorID, PaperID) VALUES (710, 863);
INSERT INTO Write (AuthorID, PaperID) VALUES (710, 1024);
INSERT INTO Write (AuthorID, PaperID) VALUES (710, 1195);
INSERT INTO Write (AuthorID, PaperID) VALUES (710, 2279);
INSERT INTO Author (AuthorID, Name) VALUES (711, 'Bo-Wen Zhang');
INSERT INTO Write (AuthorID, PaperID) VALUES (711, 343);
INSERT INTO Write (AuthorID, PaperID) VALUES (711, 728);
INSERT INTO Write (AuthorID, PaperID) VALUES (711, 1127);
INSERT INTO Write (AuthorID, PaperID) VALUES (711, 1565);
INSERT INTO Author (AuthorID, Name) VALUES (712, 'Edgar Gonz&aacute;lez');
INSERT INTO Write (AuthorID, PaperID) VALUES (712, 216);
INSERT INTO Write (AuthorID, PaperID) VALUES (712, 1908);
INSERT INTO Write (AuthorID, PaperID) VALUES (712, 1950);
INSERT INTO Write (AuthorID, PaperID) VALUES (712, 2352);
INSERT INTO Author (AuthorID, Name) VALUES (713, 'Brian Roark');
INSERT INTO Write (AuthorID, PaperID) VALUES (713, 2254);
INSERT INTO Write (AuthorID, PaperID) VALUES (713, 2351);
INSERT INTO Write (AuthorID, PaperID) VALUES (713, 3135);
INSERT INTO Write (AuthorID, PaperID) VALUES (713, 3391);
INSERT INTO Author (AuthorID, Name) VALUES (714, 'Mustapha Baziz');
INSERT INTO Write (AuthorID, PaperID) VALUES (714, 637);
INSERT INTO Write (AuthorID, PaperID) VALUES (714, 1625);
INSERT INTO Write (AuthorID, PaperID) VALUES (714, 1808);
INSERT INTO Write (AuthorID, PaperID) VALUES (714, 2563);
INSERT INTO Author (AuthorID, Name) VALUES (715, 'Claudio Carpineto');
INSERT INTO Write (AuthorID, PaperID) VALUES (715, 842);
INSERT INTO Write (AuthorID, PaperID) VALUES (715, 1539);
INSERT INTO Write (AuthorID, PaperID) VALUES (715, 1969);
INSERT INTO Write (AuthorID, PaperID) VALUES (715, 3347);
INSERT INTO Author (AuthorID, Name) VALUES (716, 'Roel Brand');
INSERT INTO Write (AuthorID, PaperID) VALUES (716, 88);
INSERT INTO Write (AuthorID, PaperID) VALUES (716, 609);
INSERT INTO Write (AuthorID, PaperID) VALUES (716, 1938);
INSERT INTO Write (AuthorID, PaperID) VALUES (716, 2204);
INSERT INTO Author (AuthorID, Name) VALUES (717, 'David A. Evans 0001');
INSERT INTO Write (AuthorID, PaperID) VALUES (717, 120);
INSERT INTO Write (AuthorID, PaperID) VALUES (717, 2678);
INSERT INTO Write (AuthorID, PaperID) VALUES (717, 3418);
INSERT INTO Write (AuthorID, PaperID) VALUES (717, 3472);
INSERT INTO Author (AuthorID, Name) VALUES (718, 'G&uuml;nther Specht');
INSERT INTO Write (AuthorID, PaperID) VALUES (718, 109);
INSERT INTO Write (AuthorID, PaperID) VALUES (718, 1957);
INSERT INTO Write (AuthorID, PaperID) VALUES (718, 2544);
INSERT INTO Write (AuthorID, PaperID) VALUES (718, 3404);
INSERT INTO Author (AuthorID, Name) VALUES (719, 'Changsheng Xu');
INSERT INTO Write (AuthorID, PaperID) VALUES (719, 275);
INSERT INTO Write (AuthorID, PaperID) VALUES (719, 1607);
INSERT INTO Write (AuthorID, PaperID) VALUES (719, 2409);
INSERT INTO Write (AuthorID, PaperID) VALUES (719, 2862);
INSERT INTO Author (AuthorID, Name) VALUES (720, 'Alon Lavie');
INSERT INTO Write (AuthorID, PaperID) VALUES (720, 335);
INSERT INTO Write (AuthorID, PaperID) VALUES (720, 1157);
INSERT INTO Write (AuthorID, PaperID) VALUES (720, 2096);
INSERT INTO Write (AuthorID, PaperID) VALUES (720, 2156);
INSERT INTO Author (AuthorID, Name) VALUES (721, 'Miguel Angel Var&oacute;');
INSERT INTO Write (AuthorID, PaperID) VALUES (721, 873);
INSERT INTO Write (AuthorID, PaperID) VALUES (721, 997);
INSERT INTO Write (AuthorID, PaperID) VALUES (721, 1314);
INSERT INTO Write (AuthorID, PaperID) VALUES (721, 2641);
INSERT INTO Author (AuthorID, Name) VALUES (722, 'Josef R. Novak');
INSERT INTO Write (AuthorID, PaperID) VALUES (722, 1530);
INSERT INTO Write (AuthorID, PaperID) VALUES (722, 1997);
INSERT INTO Write (AuthorID, PaperID) VALUES (722, 2277);
INSERT INTO Write (AuthorID, PaperID) VALUES (722, 3289);
INSERT INTO Author (AuthorID, Name) VALUES (723, 'Danny Kowerko');
INSERT INTO Write (AuthorID, PaperID) VALUES (723, 90);
INSERT INTO Write (AuthorID, PaperID) VALUES (723, 1776);
INSERT INTO Write (AuthorID, PaperID) VALUES (723, 1856);
INSERT INTO Write (AuthorID, PaperID) VALUES (723, 2629);
INSERT INTO Author (AuthorID, Name) VALUES (724, 'V&iacute;ctor Fresno');
INSERT INTO Write (AuthorID, PaperID) VALUES (724, 1932);
INSERT INTO Paper (PaperID, Title, Year, MDate, Key, DOI) VALUES (2744, 'URJCyUNED at ImageCLEF 2012 Photo Annotation Task.', 2012, '2016-11-24', 'conf/clef/Sanchez-OroMMCMPDFM12', 'http://www.clef-initiative.eu/documents/71612/ab7931aa-0ed4-4c13-ba5d-db2c3f31ca51');
INSERT INTO Write (AuthorID, PaperID) VALUES (724, 2744);
INSERT INTO Paper (PaperID, Title, Year, MDate, Key, DOI) VALUES (2786, 'IxaMed at CLEF eHealth 2018 Task 1: ICD10 Coding with a Sequence-to-Sequence Approach.', 2018, '2018-08-08', 'conf/clef/AtutxaCEFGGMAP18', 'http://ceur-ws.org/Vol-2125/paper_167.pdf');
INSERT INTO Write (AuthorID, PaperID) VALUES (724, 2786);
INSERT INTO Paper (PaperID, Title, Year, MDate, Key, DOI) VALUES (2904, 'URJC800Aamp;UNED at ImageCLEF 2013 Photo Annotation Task.', 2013, '2016-09-09', 'conf/clef/Sanchez-OroMMPDFM13', 'http://ceur-ws.org/Vol-1179/CLEF2013wn-ImageCLEF-SanchezOroEt2013.pdf');
INSERT INTO Write (AuthorID, PaperID) VALUES (724, 2904);
INSERT INTO Author (AuthorID, Name) VALUES (725, 'Pashutan Modaresi');
INSERT INTO Paper (PaperID, Title, Year, MDate, Key, DOI) VALUES (292, 'A Language Independent Author Verifier Using Fuzzy C-Means Clustering.', 2014, '2014-09-10', 'conf/clef/ModaresiG14', 'http://ceur-ws.org/Vol-1180/CLEF2014wn-Pan-ModaresiEt2014.pdf');
INSERT INTO Write (AuthorID, PaperID) VALUES (725, 292);
INSERT INTO Write (AuthorID, PaperID) VALUES (725, 688);
INSERT INTO Paper (PaperID, Title, Year, MDate, Key, DOI) VALUES (1056, 'Plagiarism Alignment Detection by Merging Context Seeds.', 2014, '2014-09-10', 'conf/clef/GrossM14', 'http://ceur-ws.org/Vol-1180/CLEF2014wn-Pan-GrossEt2014.pdf');
INSERT INTO Write (AuthorID, PaperID) VALUES (725, 1056);
INSERT INTO Write (AuthorID, PaperID) VALUES (725, 2290);
INSERT INTO Author (AuthorID, Name) VALUES (726, 'Elizabeth Lund');
INSERT INTO Write (AuthorID, PaperID) VALUES (726, 87);
INSERT INTO Write (AuthorID, PaperID) VALUES (726, 130);
INSERT INTO Write (AuthorID, PaperID) VALUES (726, 782);
INSERT INTO Write (AuthorID, PaperID) VALUES (726, 1069);
INSERT INTO Author (AuthorID, Name) VALUES (727, 'Olivier Hamon');
INSERT INTO Write (AuthorID, PaperID) VALUES (727, 84);
INSERT INTO Write (AuthorID, PaperID) VALUES (727, 566);
INSERT INTO Paper (PaperID, Title, Year, MDate, Key, DOI) VALUES (1070, 'Syllabs Team at CLEF MC2 Task 1: Content Analysis.', 2017, '2017-08-15', 'conf/clef/HamonML17', 'http://ceur-ws.org/Vol-1866/paper_117.pdf');
INSERT INTO Write (AuthorID, PaperID) VALUES (727, 1070);
INSERT INTO Write (AuthorID, PaperID) VALUES (727, 1998);
INSERT INTO Author (AuthorID, Name) VALUES (728, 'Nawel Nassr');
INSERT INTO Write (AuthorID, PaperID) VALUES (728, 645);
INSERT INTO Write (AuthorID, PaperID) VALUES (728, 853);
INSERT INTO Write (AuthorID, PaperID) VALUES (728, 2456);
INSERT INTO Write (AuthorID, PaperID) VALUES (728, 3441);
INSERT INTO Author (AuthorID, Name) VALUES (729, 'Giovanni Romano 0002');
INSERT INTO Write (AuthorID, PaperID) VALUES (729, 842);
INSERT INTO Write (AuthorID, PaperID) VALUES (729, 1539);
INSERT INTO Write (AuthorID, PaperID) VALUES (729, 1969);
INSERT INTO Write (AuthorID, PaperID) VALUES (729, 3347);
INSERT INTO Author (AuthorID, Name) VALUES (730, 'Wendy W. Chapman');
INSERT INTO Write (AuthorID, PaperID) VALUES (730, 928);
INSERT INTO Write (AuthorID, PaperID) VALUES (730, 1126);
INSERT INTO Write (AuthorID, PaperID) VALUES (730, 1586);
INSERT INTO Write (AuthorID, PaperID) VALUES (730, 1740);
INSERT INTO Author (AuthorID, Name) VALUES (731, 'Johan Bos');
INSERT INTO Write (AuthorID, PaperID) VALUES (731, 11);
INSERT INTO Paper (PaperID, Title, Year, MDate, Key, DOI) VALUES (1114, 'Cross-Lingual Question Answering Using Off-the-Shelf Machine Translation.', 2004, '2017-05-24', 'conf/clef/AhnABDLS05', 'https://doi.org/10.1007/11519645_44');
INSERT INTO Write (AuthorID, PaperID) VALUES (731, 1114);
INSERT INTO Paper (PaperID, Title, Year, MDate, Key, DOI) VALUES (1188, 'Cross-lingual Question Answering with QED.', 2004, '2014-08-15', 'conf/clef/AhnABDLS04', 'http://ceur-ws.org/Vol-1170/CLEF2004wn-QACLEF-AhnEt2004.pdf');
INSERT INTO Write (AuthorID, PaperID) VALUES (731, 1188);
INSERT INTO Write (AuthorID, PaperID) VALUES (731, 1513);
INSERT INTO Author (AuthorID, Name) VALUES (732, 'Graeme Hirst');
INSERT INTO Paper (PaperID, Title, Year, MDate, Key, DOI) VALUES (1182, 'Toronto CL CLEF 2018 eHealth Task 1: Multi-lingual ICD-10 Coding using an Ensemble of Recurrent and Convolutional Neural Networks.', 2018, '2018-08-08', 'conf/clef/JebleeBMPPVHR18', 'http://ceur-ws.org/Vol-2125/paper_153.pdf');
INSERT INTO Write (AuthorID, PaperID) VALUES (732, 1182);
INSERT INTO Paper (PaperID, Title, Year, MDate, Key, DOI) VALUES (1444, 'Paragraph Clustering for Intrinsic Plagiarism Detection using a Stylistic Vector Space Model with Extrinsic Features.', 2012, '2014-09-24', 'conf/clef/BrookeH12', 'http://www.clef-initiative.eu/documents/71612/70cdf0b2-2164-49e3-81f2-65bd81f217aa');
INSERT INTO Write (AuthorID, PaperID) VALUES (732, 1444);
INSERT INTO Paper (PaperID, Title, Year, MDate, Key, DOI) VALUES (1709, 'Identifying Sexual Predators by SVM Classification with Lexical and Behavioral Features.', 2012, '2014-09-24', 'conf/clef/MorrisH12', 'http://www.clef-initiative.eu/documents/71612/6446aa17-a2e0-47be-939b-0bcb7da4acdc');
INSERT INTO Write (AuthorID, PaperID) VALUES (732, 1709);
INSERT INTO Paper (PaperID, Title, Year, MDate, Key, DOI) VALUES (2565, 'Authorship Verification with Entity Coherence and Other Rich Linguistic Features Notebook for PAN at CLEF 2013.', 2013, '2014-09-10', 'conf/clef/FengH13', 'http://ceur-ws.org/Vol-1179/CLEF2013wn-PAN-FengEt2013.pdf');
INSERT INTO Write (AuthorID, PaperID) VALUES (732, 2565);
INSERT INTO Author (AuthorID, Name) VALUES (733, 'Giuseppe Santucci');
INSERT INTO Write (AuthorID, PaperID) VALUES (733, 1687);
INSERT INTO Write (AuthorID, PaperID) VALUES (733, 2268);
INSERT INTO Write (AuthorID, PaperID) VALUES (733, 2955);
INSERT INTO Write (AuthorID, PaperID) VALUES (733, 3411);
INSERT INTO Author (AuthorID, Name) VALUES (734, 'Lamia Hadrich Belguith');
INSERT INTO Paper (PaperID, Title, Year, MDate, Key, DOI) VALUES (6, 'Machine Learning for Classifying Authors of Anonymous Tweets, Blogs and Reviews.', 2014, '2014-09-10', 'conf/clef/MechtiJB14', 'http://ceur-ws.org/Vol-1180/CLEF2014wn-Pan-MechtiEt2014.pdf');
INSERT INTO Write (AuthorID, PaperID) VALUES (734, 6);
INSERT INTO Paper (PaperID, Title, Year, MDate, Key, DOI) VALUES (1377, 'Author Profiling Using Style-based Features Notebook for PAN at CLEF 2013.', 2013, '2014-09-10', 'conf/clef/MechtiJB13', 'http://ceur-ws.org/Vol-1179/CLEF2013wn-PAN-MechtiEt2013.pdf');
INSERT INTO Write (AuthorID, PaperID) VALUES (734, 1377);
INSERT INTO Paper (PaperID, Title, Year, MDate, Key, DOI) VALUES (2374, 'On the Empirical Evaluation of Hybrid Author Identification Method.', 2015, '2015-09-03', 'conf/clef/MechtiJFBB15', 'http://ceur-ws.org/Vol-1391/126-CR.pdf');
INSERT INTO Write (AuthorID, PaperID) VALUES (734, 2374);
INSERT INTO Write (AuthorID, PaperID) VALUES (734, 3038);
INSERT INTO Author (AuthorID, Name) VALUES (735, 'Jorge Vivaldi');
INSERT INTO Write (AuthorID, PaperID) VALUES (735, 624);
INSERT INTO Write (AuthorID, PaperID) VALUES (735, 1089);
INSERT INTO Paper (PaperID, Title, Year, MDate, Key, DOI) VALUES (1739, 'Tweet Contextualization: a Strategy Based on Document Retrieval Using Query Enrichment and Automatic Summarization.', 2013, '2014-09-10', 'conf/clef/VivaldiC13', 'http://ceur-ws.org/Vol-1179/CLEF2013wn-INEX-VivaldiEt2013.pdf');
INSERT INTO Write (AuthorID, PaperID) VALUES (735, 1739);
INSERT INTO Paper (PaperID, Title, Year, MDate, Key, DOI) VALUES (2069, 'INEX Tweet Contextualization Track at CLEF 2012: Query Reformulation using Terminological Patterns and Automatic Summarization.', 2012, '2014-09-24', 'conf/clef/VivaldiC12', 'http://www.clef-initiative.eu/documents/71612/3188457a-b3fa-4c0c-ab56-005134d88684');
INSERT INTO Write (AuthorID, PaperID) VALUES (735, 2069);
INSERT INTO Author (AuthorID, Name) VALUES (736, 'Marian Olteanu');
INSERT INTO Write (AuthorID, PaperID) VALUES (736, 253);
INSERT INTO Write (AuthorID, PaperID) VALUES (736, 1120);
INSERT INTO Write (AuthorID, PaperID) VALUES (736, 3464);
INSERT INTO Write (AuthorID, PaperID) VALUES (736, 3520);
INSERT INTO Author (AuthorID, Name) VALUES (737, 'Daniel Vidal');
INSERT INTO Write (AuthorID, PaperID) VALUES (737, 189);
INSERT INTO Write (AuthorID, PaperID) VALUES (737, 1639);
INSERT INTO Write (AuthorID, PaperID) VALUES (737, 1684);
INSERT INTO Write (AuthorID, PaperID) VALUES (737, 2923);
INSERT INTO Author (AuthorID, Name) VALUES (738, 'Leilei Kong');
INSERT INTO Write (AuthorID, PaperID) VALUES (738, 267);
INSERT INTO Write (AuthorID, PaperID) VALUES (738, 1109);
INSERT INTO Write (AuthorID, PaperID) VALUES (738, 1918);
INSERT INTO Write (AuthorID, PaperID) VALUES (738, 2514);
INSERT INTO Author (AuthorID, Name) VALUES (739, 'Andr&eacute; Pinto Geraldo');
INSERT INTO Write (AuthorID, PaperID) VALUES (739, 1079);
INSERT INTO Write (AuthorID, PaperID) VALUES (739, 1504);
INSERT INTO Write (AuthorID, PaperID) VALUES (739, 2717);
INSERT INTO Write (AuthorID, PaperID) VALUES (739, 2874);
INSERT INTO Author (AuthorID, Name) VALUES (740, 'Georges Qu&eacute;not');
INSERT INTO Write (AuthorID, PaperID) VALUES (740, 1579);
INSERT INTO Write (AuthorID, PaperID) VALUES (740, 2263);
INSERT INTO Write (AuthorID, PaperID) VALUES (740, 2716);
INSERT INTO Write (AuthorID, PaperID) VALUES (740, 2754);
INSERT INTO Author (AuthorID, Name) VALUES (741, 'Romain Deveaud');
INSERT INTO Write (AuthorID, PaperID) VALUES (741, 640);
INSERT INTO Paper (PaperID, Title, Year, MDate, Key, DOI) VALUES (836, 'LIA/LINA at the INEX 2012 Tweet Contextualization track.', 2012, '2014-09-24', 'conf/clef/DeveaudB12', 'http://www.clef-initiative.eu/documents/71612/ec86aaa1-6b27-473d-93e7-901117a16f0b');
INSERT INTO Write (AuthorID, PaperID) VALUES (741, 836);
INSERT INTO Write (AuthorID, PaperID) VALUES (741, 1270);
INSERT INTO Paper (PaperID, Title, Year, MDate, Key, DOI) VALUES (1832, 'Effective Tweet Contextualization with Hashtags Performance Prediction and Multi-Document Summarization.', 2013, '2014-09-10', 'conf/clef/DeveaudB13', 'http://ceur-ws.org/Vol-1179/CLEF2013wn-INEX-DeveaudEt2013.pdf');
INSERT INTO Write (AuthorID, PaperID) VALUES (741, 1832);
INSERT INTO Author (AuthorID, Name) VALUES (742, 'Ke Zhang');
INSERT INTO Write (AuthorID, PaperID) VALUES (742, 450);
INSERT INTO Write (AuthorID, PaperID) VALUES (742, 1949);
INSERT INTO Write (AuthorID, PaperID) VALUES (742, 2653);
INSERT INTO Write (AuthorID, PaperID) VALUES (742, 3108);
INSERT INTO Author (AuthorID, Name) VALUES (743, 'Laure Soulier');
INSERT INTO Write (AuthorID, PaperID) VALUES (743, 228);
INSERT INTO Write (AuthorID, PaperID) VALUES (743, 893);
INSERT INTO Write (AuthorID, PaperID) VALUES (743, 1933);
INSERT INTO Write (AuthorID, PaperID) VALUES (743, 2945);
INSERT INTO Author (AuthorID, Name) VALUES (744, 'Diem Thi Hoang Le');
INSERT INTO Write (AuthorID, PaperID) VALUES (744, 45);
INSERT INTO Write (AuthorID, PaperID) VALUES (744, 676);
INSERT INTO Write (AuthorID, PaperID) VALUES (744, 1292);
INSERT INTO Write (AuthorID, PaperID) VALUES (744, 3132);
INSERT INTO Author (AuthorID, Name) VALUES (745, 'Reeta Kuuskoski');
INSERT INTO Write (AuthorID, PaperID) VALUES (745, 1136);
INSERT INTO Write (AuthorID, PaperID) VALUES (745, 1363);
INSERT INTO Write (AuthorID, PaperID) VALUES (745, 1612);
INSERT INTO Write (AuthorID, PaperID) VALUES (745, 1916);
INSERT INTO Author (AuthorID, Name) VALUES (746, 'Ali Mustafa Qamar');
INSERT INTO Write (AuthorID, PaperID) VALUES (746, 440);
INSERT INTO Write (AuthorID, PaperID) VALUES (746, 1755);
INSERT INTO Write (AuthorID, PaperID) VALUES (746, 2742);
INSERT INTO Write (AuthorID, PaperID) VALUES (746, 2922);
INSERT INTO Author (AuthorID, Name) VALUES (747, 'Ainhoa Llorente');
