INSERT INTO Write (AuthorID, PaperID) VALUES (747, 648);
INSERT INTO Write (AuthorID, PaperID) VALUES (747, 1173);
INSERT INTO Write (AuthorID, PaperID) VALUES (747, 1971);
INSERT INTO Write (AuthorID, PaperID) VALUES (747, 2426);
INSERT INTO Author (AuthorID, Name) VALUES (748, 'Mehdi Embarek');
INSERT INTO Write (AuthorID, PaperID) VALUES (748, 1220);
INSERT INTO Write (AuthorID, PaperID) VALUES (748, 1674);
INSERT INTO Write (AuthorID, PaperID) VALUES (748, 1812);
INSERT INTO Write (AuthorID, PaperID) VALUES (748, 2371);
INSERT INTO Author (AuthorID, Name) VALUES (749, 'Lori Lamel');
INSERT INTO Write (AuthorID, PaperID) VALUES (749, 65);
INSERT INTO Write (AuthorID, PaperID) VALUES (749, 1685);
INSERT INTO Write (AuthorID, PaperID) VALUES (749, 2316);
INSERT INTO Write (AuthorID, PaperID) VALUES (749, 2329);
INSERT INTO Author (AuthorID, Name) VALUES (750, 'Irene Rodrigues 0001');
INSERT INTO Write (AuthorID, PaperID) VALUES (750, 639);
INSERT INTO Write (AuthorID, PaperID) VALUES (750, 966);
INSERT INTO Write (AuthorID, PaperID) VALUES (750, 2408);
INSERT INTO Write (AuthorID, PaperID) VALUES (750, 2905);
INSERT INTO Author (AuthorID, Name) VALUES (751, 'Peter A. Flach');
INSERT INTO Write (AuthorID, PaperID) VALUES (751, 131);
INSERT INTO Write (AuthorID, PaperID) VALUES (751, 495);
INSERT INTO Write (AuthorID, PaperID) VALUES (751, 1456);
INSERT INTO Write (AuthorID, PaperID) VALUES (751, 3524);
INSERT INTO Author (AuthorID, Name) VALUES (752, 'Jorge A. Vanegas');
INSERT INTO Write (AuthorID, PaperID) VALUES (752, 100);
INSERT INTO Write (AuthorID, PaperID) VALUES (752, 129);
INSERT INTO Write (AuthorID, PaperID) VALUES (752, 1357);
INSERT INTO Write (AuthorID, PaperID) VALUES (752, 3019);
INSERT INTO Author (AuthorID, Name) VALUES (753, 'Eugene Kim');
INSERT INTO Write (AuthorID, PaperID) VALUES (753, 437);
INSERT INTO Write (AuthorID, PaperID) VALUES (753, 1374);
INSERT INTO Write (AuthorID, PaperID) VALUES (753, 2590);
INSERT INTO Write (AuthorID, PaperID) VALUES (753, 3288);
INSERT INTO Author (AuthorID, Name) VALUES (754, 'Fang Zhou');
INSERT INTO Write (AuthorID, PaperID) VALUES (754, 343);
INSERT INTO Write (AuthorID, PaperID) VALUES (754, 728);
INSERT INTO Write (AuthorID, PaperID) VALUES (754, 1127);
INSERT INTO Write (AuthorID, PaperID) VALUES (754, 1565);
INSERT INTO Author (AuthorID, Name) VALUES (755, 'Ying Zhang');
INSERT INTO Write (AuthorID, PaperID) VALUES (755, 44);
INSERT INTO Write (AuthorID, PaperID) VALUES (755, 1652);
INSERT INTO Write (AuthorID, PaperID) VALUES (755, 1949);
INSERT INTO Write (AuthorID, PaperID) VALUES (755, 3108);
INSERT INTO Author (AuthorID, Name) VALUES (756, 'Erwan Moreau');
INSERT INTO Write (AuthorID, PaperID) VALUES (756, 1026);
INSERT INTO Write (AuthorID, PaperID) VALUES (756, 1151);
INSERT INTO Write (AuthorID, PaperID) VALUES (756, 1880);
INSERT INTO Write (AuthorID, PaperID) VALUES (756, 3084);
INSERT INTO Author (AuthorID, Name) VALUES (757, 'D&aacute;vid M&aacute;rk Nemeskey');
INSERT INTO Write (AuthorID, PaperID) VALUES (757, 1001);
INSERT INTO Write (AuthorID, PaperID) VALUES (757, 1746);
INSERT INTO Write (AuthorID, PaperID) VALUES (757, 2259);
INSERT INTO Paper (PaperID, Title, Year, MDate, Key, DOI) VALUES (3033, 'SZTAKI @ ResPubliQA 2010.', 2010, '2014-09-24', 'conf/clef/Nemeskey10', 'http://www.clef-initiative.eu/documents/71612/86374/CLEF2010wn-MLQA10-Nemeskey2010.pdf');
INSERT INTO Write (AuthorID, PaperID) VALUES (757, 3033);
INSERT INTO Author (AuthorID, Name) VALUES (758, 'Mouna Torjmen Khemakhem');
INSERT INTO Paper (PaperID, Title, Year, MDate, Key, DOI) VALUES (985, 'Word Indexing Versus Conceptual Indexing in Medical Image Retrieval.', 2012, '2014-09-24', 'conf/clef/GasmiKJ12', 'http://www.clef-initiative.eu/documents/71612/0ea3af2e-7214-4e71-bf7c-df9f3cc6b81c');
INSERT INTO Write (AuthorID, PaperID) VALUES (758, 985);
INSERT INTO Paper (PaperID, Title, Year, MDate, Key, DOI) VALUES (1406, 'Evaluating Some Contextual Factors for Image Retrieval - ReDCAD Participation at ImageCLEF Wikipedia 2011.', 2011, '2014-09-24', 'conf/clef/AwadiKJ11', 'http://www.clef-initiative.eu/documents/71612/86377/CLEF2011wn-ImageCLEF-AwadiEt2011.pdf');
INSERT INTO Write (AuthorID, PaperID) VALUES (758, 1406);
INSERT INTO Paper (PaperID, Title, Year, MDate, Key, DOI) VALUES (3061, 'Applying LDA in Contextual Image Retrieval - ReDCAD participation at ImageCLEF Flickr Photo Retrieval 2012.', 2012, '2014-09-24', 'conf/clef/AwadiKJ12', 'http://www.clef-initiative.eu/documents/71612/4a0c0375-95fb-4b7e-8871-7f24e29ed8b4');
INSERT INTO Write (AuthorID, PaperID) VALUES (758, 3061);
INSERT INTO Write (AuthorID, PaperID) VALUES (758, 3327);
INSERT INTO Author (AuthorID, Name) VALUES (759, 'Thomas B&ouml;ttcher');
INSERT INTO Write (AuthorID, PaperID) VALUES (759, 1494);
INSERT INTO Paper (PaperID, Title, Year, MDate, Key, DOI) VALUES (1515, 'BTU DBIS at ImageCLEF2013 Plant Identification Task.', 2013, '2014-09-10', 'conf/clef/SaretzB13', 'http://ceur-ws.org/Vol-1179/CLEF2013wn-ImageCLEF-SaretzEt2013.pdf');
INSERT INTO Write (AuthorID, PaperID) VALUES (759, 1515);
INSERT INTO Write (AuthorID, PaperID) VALUES (759, 1879);
INSERT INTO Write (AuthorID, PaperID) VALUES (759, 2831);
INSERT INTO Author (AuthorID, Name) VALUES (760, 'Frances C. Johnson');
INSERT INTO Paper (PaperID, Title, Year, MDate, Key, DOI) VALUES (1309, 'A Study of Users'' Image Seeking Behaviour in FlickLing.', 2008, '2017-05-24', 'conf/clef/VassilakakiJHR08', 'https://doi.org/10.1007/978-3-642-04447-2_32');
INSERT INTO Write (AuthorID, PaperID) VALUES (760, 1309);
INSERT INTO Paper (PaperID, Title, Year, MDate, Key, DOI) VALUES (2215, 'Users'' Perceptions of Searching in FlickLing.', 2009, '2014-09-29', 'conf/clef/VassilakakiJHR09', 'http://ceur-ws.org/Vol-1175/CLEF2009wn-iCLEF-VassilakakiEt2009.pdf');
INSERT INTO Write (AuthorID, PaperID) VALUES (760, 2215);
INSERT INTO Paper (PaperID, Title, Year, MDate, Key, DOI) VALUES (3187, 'A Study of Users Image Seeking Behaviour in Flickling.', 2008, '2014-09-29', 'conf/clef/VassilakakiJHR08a', 'http://ceur-ws.org/Vol-1174/CLEF2008wn-iCLEF-VassilakakiEt2008.pdf');
INSERT INTO Write (AuthorID, PaperID) VALUES (760, 3187);
INSERT INTO Paper (PaperID, Title, Year, MDate, Key, DOI) VALUES (3377, 'Evaluation of the User Experience of Engagement in the Stages of Search.', 2015, '2015-09-03', 'conf/clef/Johnson15', 'http://ceur-ws.org/Vol-1391/66-CR.pdf');
INSERT INTO Write (AuthorID, PaperID) VALUES (760, 3377);
INSERT INTO Author (AuthorID, Name) VALUES (761, 'Matthias H. Heie');
INSERT INTO Write (AuthorID, PaperID) VALUES (761, 1530);
INSERT INTO Write (AuthorID, PaperID) VALUES (761, 1997);
INSERT INTO Write (AuthorID, PaperID) VALUES (761, 2277);
INSERT INTO Write (AuthorID, PaperID) VALUES (761, 3289);
INSERT INTO Author (AuthorID, Name) VALUES (762, 'Maria Medvedeva');
INSERT INTO Write (AuthorID, PaperID) VALUES (762, 294);
INSERT INTO Write (AuthorID, PaperID) VALUES (762, 947);
INSERT INTO Write (AuthorID, PaperID) VALUES (762, 1826);
INSERT INTO Write (AuthorID, PaperID) VALUES (762, 2163);
INSERT INTO Author (AuthorID, Name) VALUES (763, 'Jos&eacute; C. Gonz&aacute;lez-Crist&oacute;bal');
INSERT INTO Write (AuthorID, PaperID) VALUES (763, 2355);
INSERT INTO Write (AuthorID, PaperID) VALUES (763, 2638);
INSERT INTO Write (AuthorID, PaperID) VALUES (763, 3191);
INSERT INTO Write (AuthorID, PaperID) VALUES (763, 3339);
INSERT INTO Author (AuthorID, Name) VALUES (764, 'Peter van der Weerd');
INSERT INTO Paper (PaperID, Title, Year, MDate, Key, DOI) VALUES (636, 'MediaLab at CLEF-2003: Using Keyword Disambiguation.', 2003, '2014-08-15', 'conf/clef/Weerd03a', 'http://ceur-ws.org/Vol-1169/CLEF2003wn-adhoc-vanderWeerd2003.pdf');
INSERT INTO Write (AuthorID, PaperID) VALUES (764, 636);
INSERT INTO Paper (PaperID, Title, Year, MDate, Key, DOI) VALUES (930, 'MediaLab at CLEF-2003: Using Keyword Disambiguation.', 2003, '2017-05-24', 'conf/clef/Weerd03', 'https://doi.org/10.1007/978-3-540-30222-3_36');
INSERT INTO Write (AuthorID, PaperID) VALUES (764, 930);
INSERT INTO Write (AuthorID, PaperID) VALUES (764, 1262);
INSERT INTO Paper (PaperID, Title, Year, MDate, Key, DOI) VALUES (2891, 'First Experiments with CLEF.', 2001, '2014-08-15', 'conf/clef/WeerdB01', 'http://ceur-ws.org/Vol-1167/CLEF2001wn-adhoc-vanderWeerdEt2001.pdf');
INSERT INTO Write (AuthorID, PaperID) VALUES (764, 2891);
INSERT INTO Author (AuthorID, Name) VALUES (765, 'Herika Hayurani');
INSERT INTO Write (AuthorID, PaperID) VALUES (765, 1005);
INSERT INTO Write (AuthorID, PaperID) VALUES (765, 1040);
INSERT INTO Write (AuthorID, PaperID) VALUES (765, 1560);
INSERT INTO Write (AuthorID, PaperID) VALUES (765, 2133);
INSERT INTO Author (AuthorID, Name) VALUES (766, 'Borja Navarro-Colorado');
INSERT INTO Write (AuthorID, PaperID) VALUES (766, 1951);
INSERT INTO Write (AuthorID, PaperID) VALUES (766, 2207);
INSERT INTO Write (AuthorID, PaperID) VALUES (766, 2493);
INSERT INTO Write (AuthorID, PaperID) VALUES (766, 2733);
INSERT INTO Author (AuthorID, Name) VALUES (767, 'Hailing Jiang');
INSERT INTO Write (AuthorID, PaperID) VALUES (767, 1080);
INSERT INTO Write (AuthorID, PaperID) VALUES (767, 1972);
INSERT INTO Write (AuthorID, PaperID) VALUES (767, 2519);
INSERT INTO Write (AuthorID, PaperID) VALUES (767, 3498);
INSERT INTO Author (AuthorID, Name) VALUES (768, 'Juan C. Caicedo');
INSERT INTO Write (AuthorID, PaperID) VALUES (768, 260);
INSERT INTO Paper (PaperID, Title, Year, MDate, Key, DOI) VALUES (885, 'Fine-tuning Deep Convolutional Networks for Plant Recognition.', 2015, '2015-09-03', 'conf/clef/ReyesCC15', 'http://ceur-ws.org/Vol-1391/121-CR.pdf');
INSERT INTO Write (AuthorID, PaperID) VALUES (768, 885);
INSERT INTO Write (AuthorID, PaperID) VALUES (768, 1116);
INSERT INTO Write (AuthorID, PaperID) VALUES (768, 1357);
INSERT INTO Author (AuthorID, Name) VALUES (769, 'Nils Schaetti');
INSERT INTO Paper (PaperID, Title, Year, MDate, Key, DOI) VALUES (1584, 'Character-based Convolutional Neural Network for Style Change Detection: Notebook for PAN at CLEF 2018.', 2018, '2018-08-08', 'conf/clef/Schaetti18a', 'http://ceur-ws.org/Vol-2125/paper_101.pdf');
INSERT INTO Write (AuthorID, PaperID) VALUES (769, 1584);
INSERT INTO Paper (PaperID, Title, Year, MDate, Key, DOI) VALUES (2972, 'UniNE at CLEF 2017: TF-IDF and Deep-Learning for Author Profiling.', 2017, '2017-08-15', 'conf/clef/Schaetti17', 'http://ceur-ws.org/Vol-1866/paper_80.pdf');
INSERT INTO Write (AuthorID, PaperID) VALUES (769, 2972);
INSERT INTO Paper (PaperID, Title, Year, MDate, Key, DOI) VALUES (3266, 'Bidirectional Echo State Network-based Reservoir Computing for Cross-domain Authorship Attribution: Notebook for PAN at CLEF 2018.', 2018, '2018-08-08', 'conf/clef/Schaetti18b', 'http://ceur-ws.org/Vol-2125/paper_103.pdf');
INSERT INTO Write (AuthorID, PaperID) VALUES (769, 3266);
INSERT INTO Paper (PaperID, Title, Year, MDate, Key, DOI) VALUES (3354, 'Character-based Convolutional Neural Network and ResNet18 for Twitter Author Profiling: Notebook for PAN at CLEF 2018.', 2018, '2018-08-08', 'conf/clef/Schaetti18', 'http://ceur-ws.org/Vol-2125/paper_100.pdf');
INSERT INTO Write (AuthorID, PaperID) VALUES (769, 3354);
INSERT INTO Author (AuthorID, Name) VALUES (770, 'Mitchell Bowden');
INSERT INTO Write (AuthorID, PaperID) VALUES (770, 253);
INSERT INTO Write (AuthorID, PaperID) VALUES (770, 1120);
INSERT INTO Write (AuthorID, PaperID) VALUES (770, 3464);
INSERT INTO Write (AuthorID, PaperID) VALUES (770, 3520);
INSERT INTO Author (AuthorID, Name) VALUES (771, 'Annabelle Mercier');
INSERT INTO Write (AuthorID, PaperID) VALUES (771, 147);
INSERT INTO Write (AuthorID, PaperID) VALUES (771, 441);
INSERT INTO Write (AuthorID, PaperID) VALUES (771, 1983);
INSERT INTO Write (AuthorID, PaperID) VALUES (771, 2049);
INSERT INTO Author (AuthorID, Name) VALUES (772, 'Francisco J. Ribadas');
INSERT INTO Write (AuthorID, PaperID) VALUES (772, 1533);
INSERT INTO Write (AuthorID, PaperID) VALUES (772, 1558);
INSERT INTO Write (AuthorID, PaperID) VALUES (772, 1924);
INSERT INTO Write (AuthorID, PaperID) VALUES (772, 3364);
INSERT INTO Author (AuthorID, Name) VALUES (773, 'Anastasia Krithara');
INSERT INTO Paper (PaperID, Title, Year, MDate, Key, DOI) VALUES (589, 'Results of the BioASQ Tasks of the Question Answering Lab at CLEF 2015.', 2015, '2015-09-03', 'conf/clef/BalikasKKPK15', 'http://ceur-ws.org/Vol-1391/inv-pap7-CR.pdf');
INSERT INTO Write (AuthorID, PaperID) VALUES (773, 589);
INSERT INTO Paper (PaperID, Title, Year, MDate, Key, DOI) VALUES (1073, 'Author Profiling using Complementary Second Order Attributes and Stylometric Features.', 2016, '2016-08-11', 'conf/clef/BougiatiotisK16', 'http://ceur-ws.org/Vol-1609/16090836.pdf');
INSERT INTO Write (AuthorID, PaperID) VALUES (773, 1073);
INSERT INTO Paper (PaperID, Title, Year, MDate, Key, DOI) VALUES (1545, 'Author Profiling using Stylometric and Structural Feature Groupings.', 2015, '2015-09-03', 'conf/clef/GrivasKG15', 'http://ceur-ws.org/Vol-1391/68-CR.pdf');
INSERT INTO Write (AuthorID, PaperID) VALUES (773, 1545);
INSERT INTO Write (AuthorID, PaperID) VALUES (773, 1633);
INSERT INTO Author (AuthorID, Name) VALUES (774, 'Tobias Gass');
INSERT INTO Write (AuthorID, PaperID) VALUES (774, 611);
INSERT INTO Write (AuthorID, PaperID) VALUES (774, 816);
INSERT INTO Write (AuthorID, PaperID) VALUES (774, 2850);
INSERT INTO Write (AuthorID, PaperID) VALUES (774, 3210);
INSERT INTO Author (AuthorID, Name) VALUES (775, 'Ian Lewin');
INSERT INTO Write (AuthorID, PaperID) VALUES (775, 672);
INSERT INTO Write (AuthorID, PaperID) VALUES (775, 808);
INSERT INTO Write (AuthorID, PaperID) VALUES (775, 1412);
INSERT INTO Write (AuthorID, PaperID) VALUES (775, 2449);
INSERT INTO Author (AuthorID, Name) VALUES (776, 'Ildar Z. Batyrshin');
INSERT INTO Write (AuthorID, PaperID) VALUES (776, 2303);
INSERT INTO Write (AuthorID, PaperID) VALUES (776, 2599);
INSERT INTO Write (AuthorID, PaperID) VALUES (776, 2894);
INSERT INTO Write (AuthorID, PaperID) VALUES (776, 3217);
INSERT INTO Author (AuthorID, Name) VALUES (777, 'Georgios Paliouras');
INSERT INTO Write (AuthorID, PaperID) VALUES (777, 589);
INSERT INTO Paper (PaperID, Title, Year, MDate, Key, DOI) VALUES (1279, 'The Effect of Dimensionality Reduction on Large Scale Hierarchical Classification.', 2014, '2017-05-24', 'conf/clef/KosmopoulosPA14', 'https://doi.org/10.1007/978-3-319-11382-1_16');
INSERT INTO Write (AuthorID, PaperID) VALUES (777, 1279);
INSERT INTO Write (AuthorID, PaperID) VALUES (777, 1633);
INSERT INTO Write (AuthorID, PaperID) VALUES (777, 1891);
INSERT INTO Author (AuthorID, Name) VALUES (778, 'Jochen L. Leidner');
INSERT INTO Write (AuthorID, PaperID) VALUES (778, 1114);
INSERT INTO Write (AuthorID, PaperID) VALUES (778, 1188);
INSERT INTO Paper (PaperID, Title, Year, MDate, Key, DOI) VALUES (2043, 'Experiments with Geo-Filtering Predicates for IR.', 2005, '2018-11-14', 'conf/clef/Leidner05', 'https://www.wikidata.org/entity/Q57722081');
INSERT INTO Write (AuthorID, PaperID) VALUES (778, 2043);
INSERT INTO Paper (PaperID, Title, Year, MDate, Key, DOI) VALUES (3315, 'Preliminary Experiments with Geo-Filtering Predicates for Geographic IR.', 2005, '2014-08-15', 'conf/clef/Leidner05a', 'http://ceur-ws.org/Vol-1171/CLEF2005wn-GeoCLEF-Leidner2005.pdf');
INSERT INTO Write (AuthorID, PaperID) VALUES (778, 3315);
INSERT INTO Author (AuthorID, Name) VALUES (779, 'Adam Rae');
INSERT INTO Write (AuthorID, PaperID) VALUES (779, 405);
INSERT INTO Write (AuthorID, PaperID) VALUES (779, 648);
INSERT INTO Write (AuthorID, PaperID) VALUES (779, 1173);
INSERT INTO Write (AuthorID, PaperID) VALUES (779, 3243);
INSERT INTO Author (AuthorID, Name) VALUES (780, 'Jorge Machado');
INSERT INTO Write (AuthorID, PaperID) VALUES (780, 319);
INSERT INTO Write (AuthorID, PaperID) VALUES (780, 1757);
INSERT INTO Write (AuthorID, PaperID) VALUES (780, 3011);
INSERT INTO Write (AuthorID, PaperID) VALUES (780, 3496);
INSERT INTO Author (AuthorID, Name) VALUES (781, 'Colm O''Riordan');
INSERT INTO Write (AuthorID, PaperID) VALUES (781, 922);
INSERT INTO Write (AuthorID, PaperID) VALUES (781, 1106);
INSERT INTO Write (AuthorID, PaperID) VALUES (781, 3252);
INSERT INTO Write (AuthorID, PaperID) VALUES (781, 3334);
INSERT INTO Author (AuthorID, Name) VALUES (782, 'Roberto Cornacchia');
INSERT INTO Write (AuthorID, PaperID) VALUES (782, 1162);
INSERT INTO Write (AuthorID, PaperID) VALUES (782, 2593);
INSERT INTO Write (AuthorID, PaperID) VALUES (782, 2841);
INSERT INTO Write (AuthorID, PaperID) VALUES (782, 3001);
INSERT INTO Author (AuthorID, Name) VALUES (783, 'Lu&iacute;s Miguel Cabral');
INSERT INTO Write (AuthorID, PaperID) VALUES (783, 424);
INSERT INTO Write (AuthorID, PaperID) VALUES (783, 1383);
INSERT INTO Write (AuthorID, PaperID) VALUES (783, 1429);
INSERT INTO Write (AuthorID, PaperID) VALUES (783, 3426);
INSERT INTO Author (AuthorID, Name) VALUES (784, 'Ken Williams');
INSERT INTO Write (AuthorID, PaperID) VALUES (784, 776);
INSERT INTO Write (AuthorID, PaperID) VALUES (784, 1671);
INSERT INTO Write (AuthorID, PaperID) VALUES (784, 2143);
INSERT INTO Write (AuthorID, PaperID) VALUES (784, 3446);
INSERT INTO Author (AuthorID, Name) VALUES (785, 'Andr&aacute;s Ser&eacute;ny');
INSERT INTO Write (AuthorID, PaperID) VALUES (785, 829);
INSERT INTO Write (AuthorID, PaperID) VALUES (785, 1093);
INSERT INTO Write (AuthorID, PaperID) VALUES (785, 1104);
INSERT INTO Write (AuthorID, PaperID) VALUES (785, 1320);
INSERT INTO Author (AuthorID, Name) VALUES (786, 'Pasin Suriyentrakorn');
INSERT INTO Write (AuthorID, PaperID) VALUES (786, 253);
INSERT INTO Write (AuthorID, PaperID) VALUES (786, 1120);
INSERT INTO Write (AuthorID, PaperID) VALUES (786, 3464);
INSERT INTO Write (AuthorID, PaperID) VALUES (786, 3520);
INSERT INTO Author (AuthorID, Name) VALUES (787, 'Joris van Rantwijk');
INSERT INTO Write (AuthorID, PaperID) VALUES (787, 386);
INSERT INTO Write (AuthorID, PaperID) VALUES (787, 2418);
INSERT INTO Write (AuthorID, PaperID) VALUES (787, 2506);
INSERT INTO Write (AuthorID, PaperID) VALUES (787, 2776);
INSERT INTO Author (AuthorID, Name) VALUES (788, 'Vahid Zarrabi');
INSERT INTO Write (AuthorID, PaperID) VALUES (788, 459);
INSERT INTO Write (AuthorID, PaperID) VALUES (788, 540);
INSERT INTO Write (AuthorID, PaperID) VALUES (788, 1144);
INSERT INTO Write (AuthorID, PaperID) VALUES (788, 2255);
INSERT INTO Author (AuthorID, Name) VALUES (789, 'Manuel C. D&iacute;az');
INSERT INTO Write (AuthorID, PaperID) VALUES (789, 391);
INSERT INTO Write (AuthorID, PaperID) VALUES (789, 1368);
INSERT INTO Write (AuthorID, PaperID) VALUES (789, 2429);
INSERT INTO Write (AuthorID, PaperID) VALUES (789, 2882);
INSERT INTO Author (AuthorID, Name) VALUES (790, 'Joey Liu');
INSERT INTO Write (AuthorID, PaperID) VALUES (790, 383);
INSERT INTO Write (AuthorID, PaperID) VALUES (790, 905);
INSERT INTO Write (AuthorID, PaperID) VALUES (790, 1179);
INSERT INTO Write (AuthorID, PaperID) VALUES (790, 1995);
INSERT INTO Author (AuthorID, Name) VALUES (791, 'Jos&eacute; Luis Borbinha');
INSERT INTO Write (AuthorID, PaperID) VALUES (791, 319);
INSERT INTO Write (AuthorID, PaperID) VALUES (791, 1757);
INSERT INTO Write (AuthorID, PaperID) VALUES (791, 3011);
INSERT INTO Write (AuthorID, PaperID) VALUES (791, 3496);
INSERT INTO Author (AuthorID, Name) VALUES (792, 'Manuel Vilares Ferro');
INSERT INTO Write (AuthorID, PaperID) VALUES (792, 1617);
INSERT INTO Write (AuthorID, PaperID) VALUES (792, 1924);
INSERT INTO Write (AuthorID, PaperID) VALUES (792, 2771);
INSERT INTO Write (AuthorID, PaperID) VALUES (792, 3364);
INSERT INTO Author (AuthorID, Name) VALUES (793, 'Daniel Richter');
INSERT INTO Write (AuthorID, PaperID) VALUES (793, 1626);
INSERT INTO Write (AuthorID, PaperID) VALUES (793, 1913);
INSERT INTO Write (AuthorID, PaperID) VALUES (793, 2934);
INSERT INTO Write (AuthorID, PaperID) VALUES (793, 3079);
INSERT INTO Author (AuthorID, Name) VALUES (794, 'Katja Hofmann');
INSERT INTO Write (AuthorID, PaperID) VALUES (794, 386);
INSERT INTO Write (AuthorID, PaperID) VALUES (794, 956);
INSERT INTO Write (AuthorID, PaperID) VALUES (794, 1615);
INSERT INTO Write (AuthorID, PaperID) VALUES (794, 2418);
INSERT INTO Author (AuthorID, Name) VALUES (795, 'Daniela Becks');
INSERT INTO Write (AuthorID, PaperID) VALUES (795, 2793);
INSERT INTO Write (AuthorID, PaperID) VALUES (795, 2808);
INSERT INTO Write (AuthorID, PaperID) VALUES (795, 2994);
INSERT INTO Write (AuthorID, PaperID) VALUES (795, 3355);
INSERT INTO Author (AuthorID, Name) VALUES (796, 'Arjumand Younus');
INSERT INTO Write (AuthorID, PaperID) VALUES (796, 1106);
INSERT INTO Paper (PaperID, Title, Year, MDate, Key, DOI) VALUES (2072, 'Evaluation of Hierarchical Clustering via Markov Decision Processes for Efficient Navigation and Search.', 2017, '2018-11-02', 'conf/clef/MorenoHYOH17', 'https://doi.org/10.1007/978-3-319-65813-1_12');
INSERT INTO Write (AuthorID, PaperID) VALUES (796, 2072);
INSERT INTO Write (AuthorID, PaperID) VALUES (796, 3252);
INSERT INTO Write (AuthorID, PaperID) VALUES (796, 3334);
INSERT INTO Author (AuthorID, Name) VALUES (797, 'Yang Song');
INSERT INTO Write (AuthorID, PaperID) VALUES (797, 608);
INSERT INTO Write (AuthorID, PaperID) VALUES (797, 1512);
INSERT INTO Write (AuthorID, PaperID) VALUES (797, 2100);
INSERT INTO Write (AuthorID, PaperID) VALUES (797, 2984);
INSERT INTO Author (AuthorID, Name) VALUES (798, 'Christophe Ducottet');
INSERT INTO Write (AuthorID, PaperID) VALUES (798, 793);
INSERT INTO Write (AuthorID, PaperID) VALUES (798, 1228);
INSERT INTO Write (AuthorID, PaperID) VALUES (798, 1849);
INSERT INTO Write (AuthorID, PaperID) VALUES (798, 2650);
INSERT INTO Author (AuthorID, Name) VALUES (799, 'Ellen M. Voorhees');
INSERT INTO Paper (PaperID, Title, Year, MDate, Key, DOI) VALUES (177, 'The Philosophy of Information Retrieval Evaluation.', 2001, '2017-05-24', 'conf/clef/Voorhees01', 'https://doi.org/10.1007/3-540-45691-0_34');
INSERT INTO Write (AuthorID, PaperID) VALUES (799, 177);
INSERT INTO Paper (PaperID, Title, Year, MDate, Key, DOI) VALUES (3071, 'Philosophy of IR Evaluation.', 2001, '2014-08-15', 'conf/clef/Voorhees01a', 'http://ceur-ws.org/Vol-1167/CLEF2001wn-other-Voorhees2001.pdf');
INSERT INTO Write (AuthorID, PaperID) VALUES (799, 3071);
INSERT INTO Paper (PaperID, Title, Year, MDate, Key, DOI) VALUES (3227, 'Reflections on TREC QA.', 2010, '2014-09-24', 'conf/clef/Voorhees10', 'http://www.clef-initiative.eu/documents/71612/86374/CLEF2010wn-MLQA10-Voorhees2010.pdf');
INSERT INTO Write (AuthorID, PaperID) VALUES (799, 3227);
INSERT INTO Write (AuthorID, PaperID) VALUES (799, 3453);
INSERT INTO Author (AuthorID, Name) VALUES (800, 'Wei Xiong 0001');
INSERT INTO Write (AuthorID, PaperID) VALUES (800, 275);
INSERT INTO Write (AuthorID, PaperID) VALUES (800, 1607);
INSERT INTO Write (AuthorID, PaperID) VALUES (800, 2862);
INSERT INTO Write (AuthorID, PaperID) VALUES (800, 3132);
INSERT INTO Author (AuthorID, Name) VALUES (801, 'Yuan Ling');
INSERT INTO Write (AuthorID, PaperID) VALUES (801, 383);
INSERT INTO Write (AuthorID, PaperID) VALUES (801, 905);
INSERT INTO Write (AuthorID, PaperID) VALUES (801, 1179);
INSERT INTO Write (AuthorID, PaperID) VALUES (801, 1995);
INSERT INTO Author (AuthorID, Name) VALUES (802, 'Maria das Gra&ccedil;as Volpe Nunes');
INSERT INTO Paper (PaperID, Title, Year, MDate, Key, DOI) VALUES (145, 'NLP-Driven Constructive Learning for Filtering an IR Document Stream.', 2006, '2017-05-24', 'conf/clef/ArcoverdeN06', 'https://doi.org/10.1007/978-3-540-74999-8_10');
INSERT INTO Write (AuthorID, PaperID) VALUES (802, 145);
INSERT INTO Paper (PaperID, Title, Year, MDate, Key, DOI) VALUES (748, 'Experiments on Applying a Text Summarization System for Question Answering.', 2006, '2017-05-24', 'conf/clef/FilhoUPN06', 'https://doi.org/10.1007/978-3-540-74999-8_44');
INSERT INTO Write (AuthorID, PaperID) VALUES (802, 748);
INSERT INTO Paper (PaperID, Title, Year, MDate, Key, DOI) VALUES (1358, 'Using Noun Phrases for Local Analysis in Automatic Query Expansion.', 2006, '2014-08-15', 'conf/clef/ArcoverdeNS06', 'http://ceur-ws.org/Vol-1172/CLEF2006wn-adhoc-AzevedoArcoverdeEt2006.pdf');
INSERT INTO Write (AuthorID, PaperID) VALUES (802, 1358);
INSERT INTO Paper (PaperID, Title, Year, MDate, Key, DOI) VALUES (2070, 'Using a Text Summarization System for Monolingual Question Answering.', 2006, '2014-08-15', 'conf/clef/FilhoUPN06a', 'http://ceur-ws.org/Vol-1172/CLEF2006wn-QACLEF-FilhoEt2006.pdf');
INSERT INTO Write (AuthorID, PaperID) VALUES (802, 2070);
INSERT INTO Author (AuthorID, Name) VALUES (803, 'Rami Albatal');
INSERT INTO Write (AuthorID, PaperID) VALUES (803, 284);
INSERT INTO Write (AuthorID, PaperID) VALUES (803, 1579);
INSERT INTO Write (AuthorID, PaperID) VALUES (803, 2716);
INSERT INTO Write (AuthorID, PaperID) VALUES (803, 2754);
INSERT INTO Author (AuthorID, Name) VALUES (804, 'S&eacute;bastien Paris');
INSERT INTO Write (AuthorID, PaperID) VALUES (804, 297);
INSERT INTO Write (AuthorID, PaperID) VALUES (804, 592);
INSERT INTO Write (AuthorID, PaperID) VALUES (804, 1229);
INSERT INTO Write (AuthorID, PaperID) VALUES (804, 1272);
INSERT INTO Author (AuthorID, Name) VALUES (805, 'Maria Paula Villegas');
INSERT INTO Write (AuthorID, PaperID) VALUES (805, 1102);
INSERT INTO Write (AuthorID, PaperID) VALUES (805, 1367);
INSERT INTO Write (AuthorID, PaperID) VALUES (805, 1627);
INSERT INTO Write (AuthorID, PaperID) VALUES (805, 3513);
INSERT INTO Author (AuthorID, Name) VALUES (806, 'Gregory Grefenstette');
INSERT INTO Write (AuthorID, PaperID) VALUES (806, 120);
INSERT INTO Write (AuthorID, PaperID) VALUES (806, 2678);
INSERT INTO Write (AuthorID, PaperID) VALUES (806, 3418);
INSERT INTO Write (AuthorID, PaperID) VALUES (806, 3472);
INSERT INTO Author (AuthorID, Name) VALUES (807, 'Andrew Gilbert');
INSERT INTO Write (AuthorID, PaperID) VALUES (807, 33);
INSERT INTO Write (AuthorID, PaperID) VALUES (807, 948);
INSERT INTO Write (AuthorID, PaperID) VALUES (807, 2308);
INSERT INTO Write (AuthorID, PaperID) VALUES (807, 3423);
INSERT INTO Author (AuthorID, Name) VALUES (808, 'Michel Simard');
INSERT INTO Write (AuthorID, PaperID) VALUES (808, 218);
INSERT INTO Write (AuthorID, PaperID) VALUES (808, 367);
INSERT INTO Write (AuthorID, PaperID) VALUES (808, 1283);
INSERT INTO Write (AuthorID, PaperID) VALUES (808, 2579);
INSERT INTO Author (AuthorID, Name) VALUES (809, 'Amir Hossein Jadidinejad');
INSERT INTO Write (AuthorID, PaperID) VALUES (809, 329);
INSERT INTO Paper (PaperID, Title, Year, MDate, Key, DOI) VALUES (1100, 'Query Wikification: Mining Structured Queries From Unstructured Information Needs using Wikipedia-based Semantic Analysis.', 2009, '2014-09-29', 'conf/clef/JadidinejadM09a', 'http://ceur-ws.org/Vol-1175/CLEF2009wn-adhoc-HosseinEt2009.pdf');
INSERT INTO Write (AuthorID, PaperID) VALUES (809, 1100);
INSERT INTO Paper (PaperID, Title, Year, MDate, Key, DOI) VALUES (1365, 'Cross-Language Information Retrieval Using Meta-language Index Construction and Structural Queries.', 2009, '2017-05-24', 'conf/clef/JadidinejadM09', 'https://doi.org/10.1007/978-3-642-15754-7_7');
INSERT INTO Write (AuthorID, PaperID) VALUES (809, 1365);
INSERT INTO Paper (PaperID, Title, Year, MDate, Key, DOI) VALUES (1712, 'Evaluation of Perstem: A Simple and Efficient Stemming Algorithm for Persian.', 2009, '2017-05-24', 'conf/clef/JadidinejadMD09', 'https://doi.org/10.1007/978-3-642-15754-7_11');
INSERT INTO Write (AuthorID, PaperID) VALUES (809, 1712);
INSERT INTO Author (AuthorID, Name) VALUES (810, 'Rub&eacute;n Izquierdo-Bevi&aacute;');
INSERT INTO Write (AuthorID, PaperID) VALUES (810, 112);
INSERT INTO Write (AuthorID, PaperID) VALUES (810, 1239);
INSERT INTO Write (AuthorID, PaperID) VALUES (810, 2406);
INSERT INTO Write (AuthorID, PaperID) VALUES (810, 2583);
INSERT INTO Author (AuthorID, Name) VALUES (811, 'Isma&iuml;l Timimi');
INSERT INTO Write (AuthorID, PaperID) VALUES (811, 566);
INSERT INTO Write (AuthorID, PaperID) VALUES (811, 1998);
INSERT INTO Write (AuthorID, PaperID) VALUES (811, 2103);
INSERT INTO Write (AuthorID, PaperID) VALUES (811, 3296);
INSERT INTO Author (AuthorID, Name) VALUES (812, 'Laurent Romary');
INSERT INTO Write (AuthorID, PaperID) VALUES (812, 1261);
INSERT INTO Write (AuthorID, PaperID) VALUES (812, 2243);
INSERT INTO Write (AuthorID, PaperID) VALUES (812, 2433);
INSERT INTO Write (AuthorID, PaperID) VALUES (812, 2950);
INSERT INTO Author (AuthorID, Name) VALUES (813, 'Krystian Mikolajczyk');
INSERT INTO Write (AuthorID, PaperID) VALUES (813, 33);
INSERT INTO Write (AuthorID, PaperID) VALUES (813, 948);
INSERT INTO Write (AuthorID, PaperID) VALUES (813, 2308);
INSERT INTO Write (AuthorID, PaperID) VALUES (813, 3423);
INSERT INTO Author (AuthorID, Name) VALUES (814, 'Claudia Denicia-Carral');
INSERT INTO Write (AuthorID, PaperID) VALUES (814, 261);
INSERT INTO Write (AuthorID, PaperID) VALUES (814, 538);
INSERT INTO Write (AuthorID, PaperID) VALUES (814, 2522);
INSERT INTO Write (AuthorID, PaperID) VALUES (814, 3009);
INSERT INTO Author (AuthorID, Name) VALUES (815, 'Daniela Petrelli');
INSERT INTO Write (AuthorID, PaperID) VALUES (815, 387);
INSERT INTO Write (AuthorID, PaperID) VALUES (815, 1646);
INSERT INTO Write (AuthorID, PaperID) VALUES (815, 2422);
INSERT INTO Write (AuthorID, PaperID) VALUES (815, 2491);
INSERT INTO Author (AuthorID, Name) VALUES (816, 'Oskar Kohonen');
INSERT INTO Write (AuthorID, PaperID) VALUES (816, 175);
INSERT INTO Write (AuthorID, PaperID) VALUES (816, 701);
INSERT INTO Write (AuthorID, PaperID) VALUES (816, 1563);
INSERT INTO Write (AuthorID, PaperID) VALUES (816, 2659);
INSERT INTO Author (AuthorID, Name) VALUES (817, 'Lu&iacute;s Costa');
INSERT INTO Paper (PaperID, Title, Year, MDate, Key, DOI) VALUES (14, 'First Evaluation of Esfinge - a Question Answering System for Portuguese.', 2004, '2014-08-15', 'conf/clef/Costa04', 'http://ceur-ws.org/Vol-1170/CLEF2004wn-QACLEF-Costa2004.pdf');
INSERT INTO Write (AuthorID, PaperID) VALUES (817, 14);
INSERT INTO Paper (PaperID, Title, Year, MDate, Key, DOI) VALUES (336, '20th Century Esfinge (Sphinx) Solving the Riddles at CLEF 2005.', 2005, '2014-08-15', 'conf/clef/Costa05b', 'http://ceur-ws.org/Vol-1171/CLEF2005wn-QACLEF-Costa2005.pdf');
INSERT INTO Write (AuthorID, PaperID) VALUES (817, 336);
INSERT INTO Paper (PaperID, Title, Year, MDate, Key, DOI) VALUES (475, 'Esfinge - a Modular Question Answering System for Portuguese.', 2006, '2014-08-15', 'conf/clef/Costa06a', 'http://ceur-ws.org/Vol-1172/CLEF2006wn-QACLEF-Costa2006.pdf');
INSERT INTO Write (AuthorID, PaperID) VALUES (817, 475);
INSERT INTO Paper (PaperID, Title, Year, MDate, Key, DOI) VALUES (2536, 'Esfinge at CLEF 2008: Experimenting with Answer Retrieval Patterns. Can they help?', 2008, '2014-09-29', 'conf/clef/Costa08a', 'http://ceur-ws.org/Vol-1174/CLEF2008wn-QACLEF-Costa2008.pdf');
INSERT INTO Write (AuthorID, PaperID) VALUES (817, 2536);
INSERT INTO Author (AuthorID, Name) VALUES (818, 'Jinwook Choi');
INSERT INTO Write (AuthorID, PaperID) VALUES (818, 716);
INSERT INTO Write (AuthorID, PaperID) VALUES (818, 1814);
INSERT INTO Write (AuthorID, PaperID) VALUES (818, 2718);
INSERT INTO Write (AuthorID, PaperID) VALUES (818, 3509);
INSERT INTO Author (AuthorID, Name) VALUES (819, 'Daniel Castro-Castro');
INSERT INTO Write (AuthorID, PaperID) VALUES (819, 217);
INSERT INTO Write (AuthorID, PaperID) VALUES (819, 1600);
INSERT INTO Write (AuthorID, PaperID) VALUES (819, 1730);
INSERT INTO Write (AuthorID, PaperID) VALUES (819, 2345);
INSERT INTO Author (AuthorID, Name) VALUES (820, 'Brett R. South');
INSERT INTO Write (AuthorID, PaperID) VALUES (820, 928);
INSERT INTO Write (AuthorID, PaperID) VALUES (820, 1126);
INSERT INTO Write (AuthorID, PaperID) VALUES (820, 1740);
INSERT INTO Write (AuthorID, PaperID) VALUES (820, 2189);
INSERT INTO Author (AuthorID, Name) VALUES (821, 'Arun Jayapal');
INSERT INTO Write (AuthorID, PaperID) VALUES (821, 1026);
INSERT INTO Paper (PaperID, Title, Year, MDate, Key, DOI) VALUES (1218, 'Similarity Overlap Metric and Greedy String Tiling for Plagiarism Detection at PAN 2012.', 2012, '2014-09-24', 'conf/clef/Jayapal12', 'http://www.clef-initiative.eu/documents/71612/da184f72-1a8e-43a8-80e4-dd1b2b6fdb09');
INSERT INTO Write (AuthorID, PaperID) VALUES (821, 1218);
INSERT INTO Write (AuthorID, PaperID) VALUES (821, 3084);
INSERT INTO Paper (PaperID, Title, Year, MDate, Key, DOI) VALUES (3119, 'Vector Space Model and Overlap Metric for Author Identification Notebook for PAN at CLEF 2013.', 2013, '2014-09-10', 'conf/clef/JayapalG13', 'http://ceur-ws.org/Vol-1179/CLEF2013wn-PAN-JayapalEt2013.pdf');
INSERT INTO Write (AuthorID, PaperID) VALUES (821, 3119);
INSERT INTO Author (AuthorID, Name) VALUES (822, 'Elena Cabrio');
INSERT INTO Write (AuthorID, PaperID) VALUES (822, 518);
INSERT INTO Write (AuthorID, PaperID) VALUES (822, 694);
INSERT INTO Write (AuthorID, PaperID) VALUES (822, 809);
INSERT INTO Write (AuthorID, PaperID) VALUES (822, 3051);
INSERT INTO Author (AuthorID, Name) VALUES (823, 'Simone Romagnoli');
INSERT INTO Write (AuthorID, PaperID) VALUES (823, 399);
INSERT INTO Write (AuthorID, PaperID) VALUES (823, 1028);
INSERT INTO Write (AuthorID, PaperID) VALUES (823, 2349);
INSERT INTO Write (AuthorID, PaperID) VALUES (823, 3175);
INSERT INTO Author (AuthorID, Name) VALUES (824, 'Guillaume Bernard');
INSERT INTO Write (AuthorID, PaperID) VALUES (824, 1200);
INSERT INTO Write (AuthorID, PaperID) VALUES (824, 2223);
INSERT INTO Write (AuthorID, PaperID) VALUES (824, 3131);
INSERT INTO Write (AuthorID, PaperID) VALUES (824, 3300);
INSERT INTO Author (AuthorID, Name) VALUES (825, 'C&eacute;cile Barat');
INSERT INTO Write (AuthorID, PaperID) VALUES (825, 793);
INSERT INTO Write (AuthorID, PaperID) VALUES (825, 1228);
INSERT INTO Write (AuthorID, PaperID) VALUES (825, 1849);
INSERT INTO Write (AuthorID, PaperID) VALUES (825, 2650);
INSERT INTO Author (AuthorID, Name) VALUES (826, 'Lawrence Cavedon');
INSERT INTO Paper (PaperID, Title, Year, MDate, Key, DOI) VALUES (807, 'NICTA I2D2 Group at GeoCLEF 2006.', 2006, '2014-08-15', 'conf/clef/LiYiSCM06', 'http://ceur-ws.org/Vol-1172/CLEF2006wn-GeoCLEF-LiYiEt2006.pdf');
INSERT INTO Write (AuthorID, PaperID) VALUES (826, 807);
INSERT INTO Paper (PaperID, Title, Year, MDate, Key, DOI) VALUES (1680, 'NICTA I2D2 Group at GeoCLEF 2006.', 2006, '2017-05-24', 'conf/clef/LiSCM06', 'https://doi.org/10.1007/978-3-540-74999-8_120');
INSERT INTO Write (AuthorID, PaperID) VALUES (826, 1680);
INSERT INTO Write (AuthorID, PaperID) VALUES (826, 3421);
INSERT INTO Write (AuthorID, PaperID) VALUES (826, 3474);
INSERT INTO Author (AuthorID, Name) VALUES (827, 'Sergio Ferr&aacute;ndez');
INSERT INTO Write (AuthorID, PaperID) VALUES (827, 151);
INSERT INTO Write (AuthorID, PaperID) VALUES (827, 755);
INSERT INTO Write (AuthorID, PaperID) VALUES (827, 1291);
INSERT INTO Write (AuthorID, PaperID) VALUES (827, 2192);
INSERT INTO Author (AuthorID, Name) VALUES (828, 'Sebastian Walter');
INSERT INTO Write (AuthorID, PaperID) VALUES (828, 518);
INSERT INTO Write (AuthorID, PaperID) VALUES (828, 694);
INSERT INTO Write (AuthorID, PaperID) VALUES (828, 809);
INSERT INTO Write (AuthorID, PaperID) VALUES (828, 3051);
INSERT INTO Author (AuthorID, Name) VALUES (829, 'German Rigau');
INSERT INTO Write (AuthorID, PaperID) VALUES (829, 194);
INSERT INTO Write (AuthorID, PaperID) VALUES (829, 1146);
INSERT INTO Write (AuthorID, PaperID) VALUES (829, 2377);
INSERT INTO Write (AuthorID, PaperID) VALUES (829, 2580);
INSERT INTO Author (AuthorID, Name) VALUES (830, 'Ludek M&uuml;ller');
INSERT INTO Write (AuthorID, PaperID) VALUES (830, 481);
INSERT INTO Write (AuthorID, PaperID) VALUES (830, 2410);
INSERT INTO Write (AuthorID, PaperID) VALUES (830, 3219);
INSERT INTO Write (AuthorID, PaperID) VALUES (830, 3248);
INSERT INTO Author (AuthorID, Name) VALUES (831, 'Herv&eacute; D&eacute;jean');
INSERT INTO Write (AuthorID, PaperID) VALUES (831, 241);
INSERT INTO Write (AuthorID, PaperID) VALUES (831, 497);
INSERT INTO Write (AuthorID, PaperID) VALUES (831, 2814);
INSERT INTO Write (AuthorID, PaperID) VALUES (831, 3450);
INSERT INTO Author (AuthorID, Name) VALUES (832, 'Tamer Elsayed');
INSERT INTO Write (AuthorID, PaperID) VALUES (832, 233);
INSERT INTO Write (AuthorID, PaperID) VALUES (832, 524);
INSERT INTO Write (AuthorID, PaperID) VALUES (832, 953);
INSERT INTO Paper (PaperID, Title, Year, MDate, Key, DOI) VALUES (2607, 'bigIR at CLEF 2018: Detection and Verification of Check-Worthy Political Claims.', 2018, '2018-08-08', 'conf/clef/YasserKE18', 'http://ceur-ws.org/Vol-2125/paper_133.pdf');
INSERT INTO Write (AuthorID, PaperID) VALUES (832, 2607);
INSERT INTO Author (AuthorID, Name) VALUES (833, 'Samuel Driessen');
INSERT INTO Write (AuthorID, PaperID) VALUES (833, 88);
INSERT INTO Write (AuthorID, PaperID) VALUES (833, 603);
INSERT INTO Write (AuthorID, PaperID) VALUES (833, 609);
INSERT INTO Write (AuthorID, PaperID) VALUES (833, 3182);
INSERT INTO Author (AuthorID, Name) VALUES (834, 'Camilla Sanvitto');
INSERT INTO Write (AuthorID, PaperID) VALUES (834, 1328);
INSERT INTO Write (AuthorID, PaperID) VALUES (834, 1382);
INSERT INTO Write (AuthorID, PaperID) VALUES (834, 1519);
INSERT INTO Write (AuthorID, PaperID) VALUES (834, 2008);
INSERT INTO Author (AuthorID, Name) VALUES (835, 'Thomas Arni');
INSERT INTO Write (AuthorID, PaperID) VALUES (835, 57);
INSERT INTO Write (AuthorID, PaperID) VALUES (835, 663);
INSERT INTO Write (AuthorID, PaperID) VALUES (835, 1769);
INSERT INTO Write (AuthorID, PaperID) VALUES (835, 2695);
INSERT INTO Author (AuthorID, Name) VALUES (836, 'Emilie Pasche');
INSERT INTO Write (AuthorID, PaperID) VALUES (836, 93);
INSERT INTO Write (AuthorID, PaperID) VALUES (836, 2778);
INSERT INTO Write (AuthorID, PaperID) VALUES (836, 3120);
INSERT INTO Write (AuthorID, PaperID) VALUES (836, 3198);
INSERT INTO Author (AuthorID, Name) VALUES (837, 'Gebrekirstos G. Gebremeskel');
INSERT INTO Write (AuthorID, PaperID) VALUES (837, 321);
INSERT INTO Write (AuthorID, PaperID) VALUES (837, 984);
INSERT INTO Write (AuthorID, PaperID) VALUES (837, 1104);
INSERT INTO Write (AuthorID, PaperID) VALUES (837, 2636);
INSERT INTO Author (AuthorID, Name) VALUES (838, 'Stefania Marrara');
INSERT INTO Write (AuthorID, PaperID) VALUES (838, 1328);
INSERT INTO Write (AuthorID, PaperID) VALUES (838, 1382);
INSERT INTO Write (AuthorID, PaperID) VALUES (838, 1519);
INSERT INTO Write (AuthorID, PaperID) VALUES (838, 2008);
INSERT INTO Author (AuthorID, Name) VALUES (839, 'Suzan &Uuml;sk&uuml;darli');
INSERT INTO Write (AuthorID, PaperID) VALUES (839, 54);
INSERT INTO Write (AuthorID, PaperID) VALUES (839, 479);
INSERT INTO Write (AuthorID, PaperID) VALUES (839, 1068);
INSERT INTO Write (AuthorID, PaperID) VALUES (839, 2308);
INSERT INTO Author (AuthorID, Name) VALUES (840, 'Alberto Ruiz-Cristina');
INSERT INTO Write (AuthorID, PaperID) VALUES (840, 39);
INSERT INTO Write (AuthorID, PaperID) VALUES (840, 1925);
INSERT INTO Write (AuthorID, PaperID) VALUES (840, 3372);
INSERT INTO Author (AuthorID, Name) VALUES (841, 'Hermann Ziak');
INSERT INTO Write (AuthorID, PaperID) VALUES (841, 222);
INSERT INTO Write (AuthorID, PaperID) VALUES (841, 580);
INSERT INTO Write (AuthorID, PaperID) VALUES (841, 2366);
INSERT INTO Author (AuthorID, Name) VALUES (842, 'David Randall');
INSERT INTO Write (AuthorID, PaperID) VALUES (842, 1309);
INSERT INTO Write (AuthorID, PaperID) VALUES (842, 2215);
INSERT INTO Write (AuthorID, PaperID) VALUES (842, 3187);
INSERT INTO Author (AuthorID, Name) VALUES (843, 'Christoph Rasche');
INSERT INTO Paper (PaperID, Title, Year, MDate, Key, DOI) VALUES (622, 'A Novel Structural-Description Approach for Image Retrieval.', 2010, '2014-09-24', 'conf/clef/RascheV10', 'http://www.clef-initiative.eu/documents/71612/86374/CLEF2010wn-ImageCLEF-RascheEt2010.pdf');
INSERT INTO Write (AuthorID, PaperID) VALUES (843, 622);
INSERT INTO Paper (PaperID, Title, Year, MDate, Key, DOI) VALUES (2988, 'Has an Image Classification Approach any Chance at all (in Plant Classification)?...', 2013, '2014-09-10', 'conf/clef/RascheFV13', 'http://ceur-ws.org/Vol-1179/CLEF2013wn-ImageCLEF-RascheEt2013.pdf');
INSERT INTO Write (AuthorID, PaperID) VALUES (843, 2988);
INSERT INTO Paper (PaperID, Title, Year, MDate, Key, DOI) VALUES (3125, 'Testing a Method for Statistical Image Classification in Image Retrieval.', 2011, '2014-09-24', 'conf/clef/RascheV11', 'http://www.clef-initiative.eu/documents/71612/86377/CLEF2011wn-ImageCLEF-RascheEt2011.pdf');
INSERT INTO Write (AuthorID, PaperID) VALUES (843, 3125);
INSERT INTO Author (AuthorID, Name) VALUES (844, 'Nicola Stokes');
INSERT INTO Write (AuthorID, PaperID) VALUES (844, 807);
INSERT INTO Paper (PaperID, Title, Year, MDate, Key, DOI) VALUES (1124, 'Medical Disorder Recognition with Structural Support Vector Machines.', 2013, '2014-09-10', 'conf/clef/CogleySC13', 'http://ceur-ws.org/Vol-1179/CLEF2013wn-CLEFeHealth-CogleyEt2013.pdf');
INSERT INTO Write (AuthorID, PaperID) VALUES (844, 1124);
INSERT INTO Write (AuthorID, PaperID) VALUES (844, 1680);
INSERT INTO Author (AuthorID, Name) VALUES (845, 'Manos Tsagkias');
INSERT INTO Write (AuthorID, PaperID) VALUES (845, 1128);
INSERT INTO Write (AuthorID, PaperID) VALUES (845, 1672);
INSERT INTO Write (AuthorID, PaperID) VALUES (845, 1955);
INSERT INTO Author (AuthorID, Name) VALUES (846, 'Golnoosh Farnadi');
INSERT INTO Paper (PaperID, Title, Year, MDate, Key, DOI) VALUES (215, 'Cross-Genre Age and Gender Identification in Social Media.', 2016, '2016-08-11', 'conf/clef/ZahidSDF16', 'http://ceur-ws.org/Vol-1609/16091014.pdf');
INSERT INTO Write (AuthorID, PaperID) VALUES (846, 215);
INSERT INTO Write (AuthorID, PaperID) VALUES (846, 1598);
INSERT INTO Paper (PaperID, Title, Year, MDate, Key, DOI) VALUES (1963, 'Age, Gender and Personality Recognition using Tweets in a Multilingual setting: Notebook for PAN at CLEF 2015.', 2015, '2015-09-03', 'conf/clef/ArrojuHF15', 'http://ceur-ws.org/Vol-1391/57-CR.pdf');
INSERT INTO Write (AuthorID, PaperID) VALUES (846, 1963);
INSERT INTO Author (AuthorID, Name) VALUES (847, 'Wei Li 0054');
INSERT INTO Write (AuthorID, PaperID) VALUES (847, 736);
INSERT INTO Write (AuthorID, PaperID) VALUES (847, 1195);
INSERT INTO Write (AuthorID, PaperID) VALUES (847, 2524);
INSERT INTO Author (AuthorID, Name) VALUES (848, 'Maik Anderka');
INSERT INTO Write (AuthorID, PaperID) VALUES (848, 526);
INSERT INTO Write (AuthorID, PaperID) VALUES (848, 572);
INSERT INTO Write (AuthorID, PaperID) VALUES (848, 1427);
INSERT INTO Author (AuthorID, Name) VALUES (849, 'Christophe Millet');
INSERT INTO Write (AuthorID, PaperID) VALUES (849, 132);
INSERT INTO Write (AuthorID, PaperID) VALUES (849, 711);
INSERT INTO Write (AuthorID, PaperID) VALUES (849, 3090);
INSERT INTO Author (AuthorID, Name) VALUES (850, 'Hong Wu');
INSERT INTO Paper (PaperID, Title, Year, MDate, Key, DOI) VALUES (1019, 'UESTC at ImageCLEF 2010 Medical Retrieval Task.', 2010, '2014-09-24', 'conf/clef/WuHC10', 'http://www.clef-initiative.eu/documents/71612/86374/CLEF2010wn-ImageCLEF-WuEt2010.pdf');
INSERT INTO Write (AuthorID, PaperID) VALUES (850, 1019);
INSERT INTO Paper (PaperID, Title, Year, MDate, Key, DOI) VALUES (1186, 'UESTC at ImageCLEF 2011 Medical Retrieval Task.', 2011, '2014-09-24', 'conf/clef/WuT11', 'http://www.clef-initiative.eu/documents/71612/86377/CLEF2011wn-ImageCLEF-WuEt2011.pdf');
INSERT INTO Write (AuthorID, PaperID) VALUES (850, 1186);
INSERT INTO Paper (PaperID, Title, Year, MDate, Key, DOI) VALUES (1981, 'UESTC at ImageCLEF 2012 Medical Tasks.', 2012, '2014-09-24', 'conf/clef/WuSDZC12', 'http://www.clef-initiative.eu/documents/71612/09c1706c-04dc-4ce9-8d57-36cff06fac99');
INSERT INTO Write (AuthorID, PaperID) VALUES (850, 1981);
INSERT INTO Author (AuthorID, Name) VALUES (851, 'Sheng Gao');
INSERT INTO Write (AuthorID, PaperID) VALUES (851, 1292);
INSERT INTO Write (AuthorID, PaperID) VALUES (851, 3282);
INSERT INTO Write (AuthorID, PaperID) VALUES (851, 3330);
INSERT INTO Author (AuthorID, Name) VALUES (852, 'M. Rami Ghorab');
INSERT INTO Write (AuthorID, PaperID) VALUES (852, 999);
INSERT INTO Write (AuthorID, PaperID) VALUES (852, 2622);
INSERT INTO Write (AuthorID, PaperID) VALUES (852, 3018);
INSERT INTO Author (AuthorID, Name) VALUES (853, 'Abdul Sittar');
INSERT INTO Write (AuthorID, PaperID) VALUES (853, 1336);
INSERT INTO Write (AuthorID, PaperID) VALUES (853, 1885);
INSERT INTO Write (AuthorID, PaperID) VALUES (853, 1945);
INSERT INTO Author (AuthorID, Name) VALUES (854, 'Darina Slattery');
INSERT INTO Write (AuthorID, PaperID) VALUES (854, 732);
INSERT INTO Write (AuthorID, PaperID) VALUES (854, 969);
INSERT INTO Write (AuthorID, PaperID) VALUES (854, 2131);
INSERT INTO Author (AuthorID, Name) VALUES (855, 'Nikos Markantonatos');
INSERT INTO Write (AuthorID, PaperID) VALUES (855, 380);
INSERT INTO Write (AuthorID, PaperID) VALUES (855, 745);
INSERT INTO Write (AuthorID, PaperID) VALUES (855, 2822);
INSERT INTO Author (AuthorID, Name) VALUES (856, 'Kayhan Batmanghelich');
INSERT INTO Write (AuthorID, PaperID) VALUES (856, 37);
INSERT INTO Write (AuthorID, PaperID) VALUES (856, 577);
INSERT INTO Write (AuthorID, PaperID) VALUES (856, 1768);
INSERT INTO Author (AuthorID, Name) VALUES (857, 'Henning Rode');
INSERT INTO Write (AuthorID, PaperID) VALUES (857, 1090);
INSERT INTO Write (AuthorID, PaperID) VALUES (857, 1483);
INSERT INTO Write (AuthorID, PaperID) VALUES (857, 2568);
INSERT INTO Author (AuthorID, Name) VALUES (858, 'Juli&aacute;n Moreno Schneider');
INSERT INTO Write (AuthorID, PaperID) VALUES (858, 1704);
INSERT INTO Write (AuthorID, PaperID) VALUES (858, 2036);
INSERT INTO Write (AuthorID, PaperID) VALUES (858, 2305);
INSERT INTO Author (AuthorID, Name) VALUES (859, 'Xiaojie Liu');
INSERT INTO Write (AuthorID, PaperID) VALUES (859, 225);
INSERT INTO Write (AuthorID, PaperID) VALUES (859, 2378);
INSERT INTO Write (AuthorID, PaperID) VALUES (859, 3216);
INSERT INTO Author (AuthorID, Name) VALUES (860, 'Vera Bakic');
INSERT INTO Write (AuthorID, PaperID) VALUES (860, 1811);
INSERT INTO Write (AuthorID, PaperID) VALUES (860, 2015);
INSERT INTO Write (AuthorID, PaperID) VALUES (860, 2830);
INSERT INTO Author (AuthorID, Name) VALUES (861, 'Marcel Trotzek');
INSERT INTO Write (AuthorID, PaperID) VALUES (861, 1190);
INSERT INTO Write (AuthorID, PaperID) VALUES (861, 1710);
INSERT INTO Write (AuthorID, PaperID) VALUES (861, 3424);
INSERT INTO Author (AuthorID, Name) VALUES (862, 'Giulia Boato');
INSERT INTO Write (AuthorID, PaperID) VALUES (862, 870);
INSERT INTO Write (AuthorID, PaperID) VALUES (862, 920);
INSERT INTO Write (AuthorID, PaperID) VALUES (862, 1837);
INSERT INTO Author (AuthorID, Name) VALUES (863, 'Johannes Kiesel');
INSERT INTO Write (AuthorID, PaperID) VALUES (863, 1580);
INSERT INTO Write (AuthorID, PaperID) VALUES (863, 2113);
INSERT INTO Write (AuthorID, PaperID) VALUES (863, 3276);
INSERT INTO Author (AuthorID, Name) VALUES (864, 'Elena Irimia');
INSERT INTO Write (AuthorID, PaperID) VALUES (864, 445);
INSERT INTO Write (AuthorID, PaperID) VALUES (864, 1020);
INSERT INTO Write (AuthorID, PaperID) VALUES (864, 2845);
INSERT INTO Author (AuthorID, Name) VALUES (865, 'Wajdi Zaghouani');
INSERT INTO Write (AuthorID, PaperID) VALUES (865, 233);
INSERT INTO Write (AuthorID, PaperID) VALUES (865, 524);
INSERT INTO Write (AuthorID, PaperID) VALUES (865, 953);
INSERT INTO Author (AuthorID, Name) VALUES (866, 'Peter Dunker');
INSERT INTO Write (AuthorID, PaperID) VALUES (866, 1877);
INSERT INTO Write (AuthorID, PaperID) VALUES (866, 2869);
INSERT INTO Write (AuthorID, PaperID) VALUES (866, 2937);
INSERT INTO Author (AuthorID, Name) VALUES (867, 'Michael Poprat');
INSERT INTO Write (AuthorID, PaperID) VALUES (867, 672);
INSERT INTO Write (AuthorID, PaperID) VALUES (867, 1412);
INSERT INTO Write (AuthorID, PaperID) VALUES (867, 2449);
INSERT INTO Author (AuthorID, Name) VALUES (868, 'Yueyao Wang');
INSERT INTO Write (AuthorID, PaperID) VALUES (868, 608);
INSERT INTO Write (AuthorID, PaperID) VALUES (868, 1512);
INSERT INTO Write (AuthorID, PaperID) VALUES (868, 2100);
INSERT INTO Author (AuthorID, Name) VALUES (869, 'Nesrine Ksentini');
INSERT INTO Write (AuthorID, PaperID) VALUES (869, 384);
INSERT INTO Write (AuthorID, PaperID) VALUES (869, 2480);
INSERT INTO Write (AuthorID, PaperID) VALUES (869, 3283);
INSERT INTO Author (AuthorID, Name) VALUES (870, 'Julia Maria Schulz');
INSERT INTO Write (AuthorID, PaperID) VALUES (870, 1984);
INSERT INTO Write (AuthorID, PaperID) VALUES (870, 3179);
INSERT INTO Write (AuthorID, PaperID) VALUES (870, 3245);
INSERT INTO Author (AuthorID, Name) VALUES (871, 'Soto Montalvo');
INSERT INTO Paper (PaperID, Title, Year, MDate, Key, DOI) VALUES (2400, 'MAMTRA-MED at CLEF eHealth 2018: A Combination of Information Retrieval Techniques and Neural Networks for ICD-10 Coding of Death Certificates.', 2018, '2018-08-08', 'conf/clef/AlmagroMIP18', 'http://ceur-ws.org/Vol-2125/paper_110.pdf');
INSERT INTO Write (AuthorID, PaperID) VALUES (871, 2400);
INSERT INTO Write (AuthorID, PaperID) VALUES (871, 2744);
INSERT INTO Write (AuthorID, PaperID) VALUES (871, 2904);
INSERT INTO Author (AuthorID, Name) VALUES (872, 'Philip Arthur');
INSERT INTO Paper (PaperID, Title, Year, MDate, Key, DOI) VALUES (281, 'Inter-Sentence Features and Thresholded Minimum Error Rate Training: NAIST at CLEF 2013 QA4MRE.', 2013, '2017-08-24', 'conf/clef/ArthurNSTN13', 'http://ceur-ws.org/Vol-1179/CLEF2013wn-QA4MRE-ArthurEt2013.pdf');
INSERT INTO Write (AuthorID, PaperID) VALUES (872, 281);
INSERT INTO Paper (PaperID, Title, Year, MDate, Key, DOI) VALUES (1274, 'NAIST at the CLEF 2013 QA4MRE Pilot Task.', 2013, '2017-08-24', 'conf/clef/ArthurNSTN13a', 'http://ceur-ws.org/Vol-1179/CLEF2013wn-QA4MRE-ArthurEt2013b.pdf');
INSERT INTO Write (AuthorID, PaperID) VALUES (872, 1274);
INSERT INTO Write (AuthorID, PaperID) VALUES (872, 1376);
INSERT INTO Author (AuthorID, Name) VALUES (873, 'Eug&eacute;nio C. Oliveira');
INSERT INTO Write (AuthorID, PaperID) VALUES (873, 339);
INSERT INTO Write (AuthorID, PaperID) VALUES (873, 1721);
INSERT INTO Write (AuthorID, PaperID) VALUES (873, 2169);
INSERT INTO Author (AuthorID, Name) VALUES (874, 'Elvys Linhares Pontes');
INSERT INTO Write (AuthorID, PaperID) VALUES (874, 1322);
INSERT INTO Write (AuthorID, PaperID) VALUES (874, 2751);
INSERT INTO Write (AuthorID, PaperID) VALUES (874, 3511);
INSERT INTO Author (AuthorID, Name) VALUES (875, 'Bart Thomee');
INSERT INTO Write (AuthorID, PaperID) VALUES (875, 537);
INSERT INTO Write (AuthorID, PaperID) VALUES (875, 695);
INSERT INTO Write (AuthorID, PaperID) VALUES (875, 3402);
INSERT INTO Author (AuthorID, Name) VALUES (876, 'Helbert Arenas');
INSERT INTO Write (AuthorID, PaperID) VALUES (876, 783);
INSERT INTO Write (AuthorID, PaperID) VALUES (876, 870);
INSERT INTO Write (AuthorID, PaperID) VALUES (876, 1747);
INSERT INTO Author (AuthorID, Name) VALUES (877, 'Athanasios Lagopoulos');
INSERT INTO Write (AuthorID, PaperID) VALUES (877, 1006);
INSERT INTO Write (AuthorID, PaperID) VALUES (877, 2318);
INSERT INTO Write (AuthorID, PaperID) VALUES (877, 2809);
INSERT INTO Author (AuthorID, Name) VALUES (878, 'Shuqiang Jiang');
INSERT INTO Paper (PaperID, Title, Year, MDate, Key, DOI) VALUES (764, 'ISIA at the ImageCLEF 2017 Image Caption Task.', 2017, '2018-10-31', 'conf/clef/LiangLZLJ17', 'http://ceur-ws.org/Vol-1866/paper_100.pdf');
INSERT INTO Write (AuthorID, PaperID) VALUES (878, 764);
INSERT INTO Paper (PaperID, Title, Year, MDate, Key, DOI) VALUES (1323, 'MIAR ICT Participation at Robot Vision 2013.', 2013, '2014-09-10', 'conf/clef/XuJSWXWL13', 'http://ceur-ws.org/Vol-1179/CLEF2013wn-ImageCLEF-XuEt2013.pdf');
INSERT INTO Write (AuthorID, PaperID) VALUES (878, 1323);
INSERT INTO Paper (PaperID, Title, Year, MDate, Key, DOI) VALUES (2177, 'Joint Learning of CNN and LSTM for Image Captioning.', 2016, '2018-10-31', 'conf/clef/ZhuLLSSJ16', 'http://ceur-ws.org/Vol-1609/16090421.pdf');
INSERT INTO Write (AuthorID, PaperID) VALUES (878, 2177);
INSERT INTO Author (AuthorID, Name) VALUES (879, 'Jieping Xu');
INSERT INTO Paper (PaperID, Title, Year, MDate, Key, DOI) VALUES (269, 'Renmin University of China at ImageCLEF 2014 Scalable Concept Image Annotation.', 2014, '2018-06-12', 'conf/clef/LiHYJX14', 'http://ceur-ws.org/Vol-1180/CLEF2014wn-Image-LiEt2014.pdf');
INSERT INTO Write (AuthorID, PaperID) VALUES (879, 269);
INSERT INTO Paper (PaperID, Title, Year, MDate, Key, DOI) VALUES (279, 'RUC-Tencent at ImageCLEF 2015: Concept Detection, Localization and Sentence Generation.', 2015, '2015-09-03', 'conf/clef/LiJLLHHLXLX15', 'http://ceur-ws.org/Vol-1391/38-CR.pdf');
INSERT INTO Write (AuthorID, PaperID) VALUES (879, 279);
INSERT INTO Paper (PaperID, Title, Year, MDate, Key, DOI) VALUES (3292, 'Renmin University of China at ImageCLEF 2013 Scalable Concept Image Annotation.', 2013, '2018-06-12', 'conf/clef/LiLLYJXD13', 'http://ceur-ws.org/Vol-1179/CLEF2013wn-ImageCLEF-LiEt2013.pdf');
INSERT INTO Write (AuthorID, PaperID) VALUES (879, 3292);
INSERT INTO Author (AuthorID, Name) VALUES (880, 'Daniel Micol');
INSERT INTO Write (AuthorID, PaperID) VALUES (880, 254);
INSERT INTO Write (AuthorID, PaperID) VALUES (880, 2265);
INSERT INTO Write (AuthorID, PaperID) VALUES (880, 3466);
INSERT INTO Author (AuthorID, Name) VALUES (881, 'Mike Kestemont');
INSERT INTO Write (AuthorID, PaperID) VALUES (881, 372);
INSERT INTO Write (AuthorID, PaperID) VALUES (881, 2278);
INSERT INTO Write (AuthorID, PaperID) VALUES (881, 3404);
INSERT INTO Author (AuthorID, Name) VALUES (882, 'Heshaam Faili');
INSERT INTO Write (AuthorID, PaperID) VALUES (882, 91);
INSERT INTO Write (AuthorID, PaperID) VALUES (882, 903);
INSERT INTO Write (AuthorID, PaperID) VALUES (882, 2887);
INSERT INTO Author (AuthorID, Name) VALUES (883, 'Richard McCreadie');
INSERT INTO Write (AuthorID, PaperID) VALUES (883, 640);
INSERT INTO Write (AuthorID, PaperID) VALUES (883, 1351);
INSERT INTO Write (AuthorID, PaperID) VALUES (883, 2924);
INSERT INTO Author (AuthorID, Name) VALUES (884, 'Hafiz Rizwan Iqbal');
INSERT INTO Write (AuthorID, PaperID) VALUES (884, 308);
INSERT INTO Write (AuthorID, PaperID) VALUES (884, 1336);
INSERT INTO Write (AuthorID, PaperID) VALUES (884, 2854);
INSERT INTO Author (AuthorID, Name) VALUES (885, 'Uri Avni');
INSERT INTO Paper (PaperID, Title, Year, MDate, Key, DOI) VALUES (787, 'Addressing the ImageClef 2009 Challenge Using a Patch-based Visual Words Representation.', 2009, '2014-09-29', 'conf/clef/AvniGG09a', 'http://ceur-ws.org/Vol-1175/CLEF2009wn-ImageCLEF-AvniEt2009.pdf');
INSERT INTO Write (AuthorID, PaperID) VALUES (885, 787);
INSERT INTO Paper (PaperID, Title, Year, MDate, Key, DOI) VALUES (2603, 'Dense Simple Features for Fast and Accurate Medical X-Ray Annotation.', 2009, '2017-05-24', 'conf/clef/AvniGG09', 'https://doi.org/10.1007/978-3-642-15751-6_29');
INSERT INTO Write (AuthorID, PaperID) VALUES (885, 2603);
INSERT INTO Paper (PaperID, Title, Year, MDate, Key, DOI) VALUES (2895, 'TAU MIPLAB at ImageClef 2008.', 2008, '2014-09-29', 'conf/clef/AvniGG08', 'http://ceur-ws.org/Vol-1174/CLEF2008wn-ImageCLEF-AvniEt2008.pdf');
INSERT INTO Write (AuthorID, PaperID) VALUES (885, 2895);
INSERT INTO Author (AuthorID, Name) VALUES (886, 'Zhongyuan Han');
INSERT INTO Write (AuthorID, PaperID) VALUES (886, 267);
INSERT INTO Write (AuthorID, PaperID) VALUES (886, 1109);
INSERT INTO Write (AuthorID, PaperID) VALUES (886, 2514);
INSERT INTO Author (AuthorID, Name) VALUES (887, 'Jorge Teixeira');
INSERT INTO Write (AuthorID, PaperID) VALUES (887, 339);
INSERT INTO Write (AuthorID, PaperID) VALUES (887, 2169);
INSERT INTO Paper (PaperID, Title, Year, MDate, Key, DOI) VALUES (3118, 'POPSTAR at RepLab 2013: Name Ambiguity Resolution on Twitter.', 2013, '2015-10-07', 'conf/clef/SaleiroRPSTPNFS13', 'http://ceur-ws.org/Vol-1179/CLEF2013wn-RepLab-SaleiroEt2013.pdf');
INSERT INTO Write (AuthorID, PaperID) VALUES (887, 3118);
INSERT INTO Author (AuthorID, Name) VALUES (888, 'Mar&iacute;a P&eacute;rez Catal&aacute;n');
INSERT INTO Paper (PaperID, Title, Year, MDate, Key, DOI) VALUES (102, 'Semantic Discovery of Resources in Cloud-Based PACS/RIS Systems.', 2013, '2017-05-24', 'conf/clef/LlavoriPCF13', 'https://doi.org/10.1007/978-3-642-40802-1_21');
INSERT INTO Write (AuthorID, PaperID) VALUES (888, 102);
INSERT INTO Write (AuthorID, PaperID) VALUES (888, 2102);
INSERT INTO Write (AuthorID, PaperID) VALUES (888, 2343);
INSERT INTO Author (AuthorID, Name) VALUES (889, 'Amel Znaidia');
INSERT INTO Write (AuthorID, PaperID) VALUES (889, 332);
INSERT INTO Write (AuthorID, PaperID) VALUES (889, 1576);
INSERT INTO Write (AuthorID, PaperID) VALUES (889, 2064);
INSERT INTO Author (AuthorID, Name) VALUES (890, 'Arnaud Gaudinat');
INSERT INTO Write (AuthorID, PaperID) VALUES (890, 198);
INSERT INTO Write (AuthorID, PaperID) VALUES (890, 1799);
INSERT INTO Write (AuthorID, PaperID) VALUES (890, 3198);
INSERT INTO Author (AuthorID, Name) VALUES (891, 'Monica Lestari Paramita');
INSERT INTO Write (AuthorID, PaperID) VALUES (891, 146);
INSERT INTO Write (AuthorID, PaperID) VALUES (891, 2137);
INSERT INTO Write (AuthorID, PaperID) VALUES (891, 3363);
INSERT INTO Author (AuthorID, Name) VALUES (892, 'Robert J. Gaizauskas');
INSERT INTO Write (AuthorID, PaperID) VALUES (892, 33);
INSERT INTO Write (AuthorID, PaperID) VALUES (892, 948);
INSERT INTO Write (AuthorID, PaperID) VALUES (892, 3423);
INSERT INTO Author (AuthorID, Name) VALUES (893, 'Pok Chin');
INSERT INTO Write (AuthorID, PaperID) VALUES (893, 422);
INSERT INTO Write (AuthorID, PaperID) VALUES (893, 1862);
INSERT INTO Write (AuthorID, PaperID) VALUES (893, 2315);
INSERT INTO Author (AuthorID, Name) VALUES (894, 'Constantin Vertan');
INSERT INTO Write (AuthorID, PaperID) VALUES (894, 622);
INSERT INTO Write (AuthorID, PaperID) VALUES (894, 2988);
INSERT INTO Write (AuthorID, PaperID) VALUES (894, 3125);
INSERT INTO Author (AuthorID, Name) VALUES (895, 'Martin Gleize');
INSERT INTO Write (AuthorID, PaperID) VALUES (895, 1637);
INSERT INTO Write (AuthorID, PaperID) VALUES (895, 1681);
INSERT INTO Write (AuthorID, PaperID) VALUES (895, 1988);
INSERT INTO Author (AuthorID, Name) VALUES (896, 'Xiaoguang Rui');
INSERT INTO Write (AuthorID, PaperID) VALUES (896, 71);
INSERT INTO Write (AuthorID, PaperID) VALUES (896, 1044);
INSERT INTO Paper (PaperID, Title, Year, MDate, Key, DOI) VALUES (1926, 'Feature Annotation for Visual Concept Detection in ImageCLEF 2008.', 2008, '2014-09-29', 'conf/clef/JiangRY08', 'http://ceur-ws.org/Vol-1174/CLEF2008wn-ImageCLEF-JiangEt2008.pdf');
INSERT INTO Write (AuthorID, PaperID) VALUES (896, 1926);
INSERT INTO Author (AuthorID, Name) VALUES (897, 'Messaoud Chaa');
INSERT INTO Write (AuthorID, PaperID) VALUES (897, 833);
INSERT INTO Paper (PaperID, Title, Year, MDate, Key, DOI) VALUES (2549, 'CERIST at INEX 2015: Social Book Search Track.', 2015, '2015-09-03', 'conf/clef/ChaaN15', 'http://ceur-ws.org/Vol-1391/18-CR.pdf');
INSERT INTO Write (AuthorID, PaperID) VALUES (897, 2549);
INSERT INTO Write (AuthorID, PaperID) VALUES (897, 2639);
INSERT INTO Author (AuthorID, Name) VALUES (898, 'Tebo Leburu-Dingalo');
INSERT INTO Write (AuthorID, PaperID) VALUES (898, 401);
INSERT INTO Write (AuthorID, PaperID) VALUES (898, 706);
INSERT INTO Write (AuthorID, PaperID) VALUES (898, 1177);
INSERT INTO Author (AuthorID, Name) VALUES (899, 'Xirong Li');
INSERT INTO Write (AuthorID, PaperID) VALUES (899, 269);
INSERT INTO Write (AuthorID, PaperID) VALUES (899, 279);
INSERT INTO Write (AuthorID, PaperID) VALUES (899, 3292);
INSERT INTO Author (AuthorID, Name) VALUES (900, 'Mitra Mohtarami');
INSERT INTO Write (AuthorID, PaperID) VALUES (900, 329);
INSERT INTO Write (AuthorID, PaperID) VALUES (900, 1909);
INSERT INTO Write (AuthorID, PaperID) VALUES (900, 3361);
INSERT INTO Author (AuthorID, Name) VALUES (901, 'Linda Andersson');
INSERT INTO Write (AuthorID, PaperID) VALUES (901, 882);
INSERT INTO Write (AuthorID, PaperID) VALUES (901, 1240);
INSERT INTO Write (AuthorID, PaperID) VALUES (901, 1402);
INSERT INTO Author (AuthorID, Name) VALUES (902, 'Maite Mart&iacute;n-Valdivia');
INSERT INTO Write (AuthorID, PaperID) VALUES (902, 671);
INSERT INTO Write (AuthorID, PaperID) VALUES (902, 2757);
INSERT INTO Write (AuthorID, PaperID) VALUES (902, 3206);
INSERT INTO Author (AuthorID, Name) VALUES (903, 'Diana Zaiu Inkpen');
INSERT INTO Write (AuthorID, PaperID) VALUES (903, 21);
INSERT INTO Write (AuthorID, PaperID) VALUES (903, 1921);
INSERT INTO Write (AuthorID, PaperID) VALUES (903, 2676);
INSERT INTO Author (AuthorID, Name) VALUES (904, 'Javi Fern&aacute;ndez');
INSERT INTO Write (AuthorID, PaperID) VALUES (904, 752);
INSERT INTO Write (AuthorID, PaperID) VALUES (904, 1206);
INSERT INTO Write (AuthorID, PaperID) VALUES (904, 1802);
INSERT INTO Author (AuthorID, Name) VALUES (905, 'Maddalen Lopez de Lacalle');
INSERT INTO Write (AuthorID, PaperID) VALUES (905, 820);
INSERT INTO Write (AuthorID, PaperID) VALUES (905, 2388);
INSERT INTO Write (AuthorID, PaperID) VALUES (905, 3475);
INSERT INTO Author (AuthorID, Name) VALUES (906, 'Marcelo Luis Errecalde');
INSERT INTO Write (AuthorID, PaperID) VALUES (906, 1102);
INSERT INTO Write (AuthorID, PaperID) VALUES (906, 1627);
INSERT INTO Write (AuthorID, PaperID) VALUES (906, 3513);
INSERT INTO Author (AuthorID, Name) VALUES (907, 'No&eacute;mie Elhadad');
INSERT INTO Write (AuthorID, PaperID) VALUES (907, 928);
INSERT INTO Write (AuthorID, PaperID) VALUES (907, 1126);
INSERT INTO Write (AuthorID, PaperID) VALUES (907, 1740);
INSERT INTO Author (AuthorID, Name) VALUES (908, 'James G. Mork');
INSERT INTO Write (AuthorID, PaperID) VALUES (908, 453);
INSERT INTO Write (AuthorID, PaperID) VALUES (908, 909);
INSERT INTO Write (AuthorID, PaperID) VALUES (908, 3413);
INSERT INTO Author (AuthorID, Name) VALUES (909, 'Nkwebi Peace Motlogelwa');
INSERT INTO Write (AuthorID, PaperID) VALUES (909, 401);
INSERT INTO Write (AuthorID, PaperID) VALUES (909, 706);
INSERT INTO Write (AuthorID, PaperID) VALUES (909, 1177);
INSERT INTO Author (AuthorID, Name) VALUES (910, 'Mathias Lux');
INSERT INTO Write (AuthorID, PaperID) VALUES (910, 249);
INSERT INTO Write (AuthorID, PaperID) VALUES (910, 383);
INSERT INTO Write (AuthorID, PaperID) VALUES (910, 2562);
INSERT INTO Author (AuthorID, Name) VALUES (911, 'Jaschar Domann');
INSERT INTO Write (AuthorID, PaperID) VALUES (911, 1334);
INSERT INTO Write (AuthorID, PaperID) VALUES (911, 2758);
INSERT INTO Write (AuthorID, PaperID) VALUES (911, 3272);
INSERT INTO Author (AuthorID, Name) VALUES (912, 'Quoc-Chinh Bui');
INSERT INTO Write (AuthorID, PaperID) VALUES (912, 672);
INSERT INTO Write (AuthorID, PaperID) VALUES (912, 1412);
INSERT INTO Write (AuthorID, PaperID) VALUES (912, 3034);
INSERT INTO Author (AuthorID, Name) VALUES (913, 'Marc Ritter');
INSERT INTO Write (AuthorID, PaperID) VALUES (913, 90);
INSERT INTO Write (AuthorID, PaperID) VALUES (913, 1838);
INSERT INTO Write (AuthorID, PaperID) VALUES (913, 2934);
INSERT INTO Author (AuthorID, Name) VALUES (914, 'Magdalena Jankowska');
INSERT INTO Write (AuthorID, PaperID) VALUES (914, 2039);
INSERT INTO Write (AuthorID, PaperID) VALUES (914, 2459);
INSERT INTO Write (AuthorID, PaperID) VALUES (914, 2825);
INSERT INTO Author (AuthorID, Name) VALUES (915, 'Roy Khristopher Bayot');
INSERT INTO Write (AuthorID, PaperID) VALUES (915, 968);
INSERT INTO Write (AuthorID, PaperID) VALUES (915, 1857);
INSERT INTO Write (AuthorID, PaperID) VALUES (915, 2074);
INSERT INTO Author (AuthorID, Name) VALUES (916, 'Hua Yang');
INSERT INTO Write (AuthorID, PaperID) VALUES (916, 413);
INSERT INTO Write (AuthorID, PaperID) VALUES (916, 2123);
INSERT INTO Write (AuthorID, PaperID) VALUES (916, 2354);
INSERT INTO Author (AuthorID, Name) VALUES (917, 'Carlos Rodr&iacute;guez-Lucatero');
INSERT INTO Write (AuthorID, PaperID) VALUES (917, 28);
INSERT INTO Write (AuthorID, PaperID) VALUES (917, 454);
INSERT INTO Write (AuthorID, PaperID) VALUES (917, 862);
INSERT INTO Author (AuthorID, Name) VALUES (918, 'Buzhou Tang');
INSERT INTO Paper (PaperID, Title, Year, MDate, Key, DOI) VALUES (347, 'Recognizing and Encoding Discorder Concepts in Clinical Text using Machine Learning and Vector Space Model.', 2013, '2018-03-08', 'conf/clef/TangWJDX13', 'http://ceur-ws.org/Vol-1179/CLEF2013wn-CLEFeHealth-TangEt2013.pdf');
INSERT INTO Write (AuthorID, PaperID) VALUES (918, 347);
INSERT INTO Paper (PaperID, Title, Year, MDate, Key, DOI) VALUES (1018, 'Clinical Acronym/Abbreviation Normalization using a Hybrid Approach.', 2013, '2018-03-08', 'conf/clef/WuTJMDX13', 'http://ceur-ws.org/Vol-1179/CLEF2013wn-CLEFeHealth-WuEt2013.pdf');
INSERT INTO Write (AuthorID, PaperID) VALUES (918, 1018);
INSERT INTO Paper (PaperID, Title, Year, MDate, Key, DOI) VALUES (2185, 'Evaluation of Vector Space Models for Medical Disorders Information Retrieval.', 2013, '2018-03-20', 'conf/clef/ZhangCJTX13', 'http://ceur-ws.org/Vol-1179/CLEF2013wn-CLEFeHealth-ZhangEt2013.pdf');
INSERT INTO Write (AuthorID, PaperID) VALUES (918, 2185);
INSERT INTO Author (AuthorID, Name) VALUES (919, 'Wulfrano Arturo Luna-Ram&iacute;rez');
INSERT INTO Write (AuthorID, PaperID) VALUES (919, 454);
INSERT INTO Write (AuthorID, PaperID) VALUES (919, 862);
INSERT INTO Write (AuthorID, PaperID) VALUES (919, 2257);
INSERT INTO Author (AuthorID, Name) VALUES (920, 'John Edison Arevalo Ovalle');
INSERT INTO Write (AuthorID, PaperID) VALUES (920, 100);
INSERT INTO Write (AuthorID, PaperID) VALUES (920, 129);
INSERT INTO Write (AuthorID, PaperID) VALUES (920, 3019);
INSERT INTO Author (AuthorID, Name) VALUES (921, 'Yang Loong Chang');
INSERT INTO Paper (PaperID, Title, Year, MDate, Key, DOI) VALUES (655, 'Plant Identification System based on a Convolutional Neural Network for the LifeClef 2016 Plant Classification Task.', 2016, '2016-08-11', 'conf/clef/LeeCCR16', 'http://ceur-ws.org/Vol-1609/16090502.pdf');
INSERT INTO Write (AuthorID, PaperID) VALUES (921, 655);
INSERT INTO Paper (PaperID, Title, Year, MDate, Key, DOI) VALUES (757, 'LifeClef 2017 Plant Identification Challenge: Classifying Plants using Generic-Organ Correlation Features.', 2017, '2017-08-15', 'conf/clef/LeeCC17', 'http://ceur-ws.org/Vol-1866/paper_162.pdf');
INSERT INTO Write (AuthorID, PaperID) VALUES (921, 757);
INSERT INTO Write (AuthorID, PaperID) VALUES (921, 2099);
INSERT INTO Author (AuthorID, Name) VALUES (922, 'Zubair Afzal');
INSERT INTO Write (AuthorID, PaperID) VALUES (922, 242);
INSERT INTO Write (AuthorID, PaperID) VALUES (922, 891);
INSERT INTO Write (AuthorID, PaperID) VALUES (922, 1454);
INSERT INTO Author (AuthorID, Name) VALUES (923, 'Giovanni Da San Martino');
INSERT INTO Write (AuthorID, PaperID) VALUES (923, 233);
INSERT INTO Write (AuthorID, PaperID) VALUES (923, 524);
INSERT INTO Write (AuthorID, PaperID) VALUES (923, 953);
INSERT INTO Author (AuthorID, Name) VALUES (924, 'Diane Lingrand');
INSERT INTO Paper (PaperID, Title, Year, MDate, Key, DOI) VALUES (1555, 'SIFT, BoW Architecture and one-against-all Support Vector Machine.', 2013, '2014-09-10', 'conf/clef/IssolahLP13', 'http://ceur-ws.org/Vol-1179/CLEF2013wn-ImageCLEF-IssolahEt2013.pdf');
INSERT INTO Write (AuthorID, PaperID) VALUES (924, 1555);
INSERT INTO Paper (PaperID, Title, Year, MDate, Key, DOI) VALUES (1638, 'Fish Species Recognition from Video using SVM Classifier.', 2014, '2014-09-10', 'conf/clef/BlancLP14', 'http://ceur-ws.org/Vol-1180/CLEF2014wn-Life-BlancEt2014.pdf');
INSERT INTO Write (AuthorID, PaperID) VALUES (924, 1638);
INSERT INTO Paper (PaperID, Title, Year, MDate, Key, DOI) VALUES (2963, 'Plant Species Recognition using Bag-Of-Word with SVM Classifier in the Context of the LifeCLEF Challenge.', 2014, '2014-09-10', 'conf/clef/IssolahLP14', 'http://ceur-ws.org/Vol-1180/CLEF2014wn-Life-IssolahEt2014.pdf');
INSERT INTO Write (AuthorID, PaperID) VALUES (924, 2963);
INSERT INTO Author (AuthorID, Name) VALUES (925, 'Eduardo Pinho');
INSERT INTO Paper (PaperID, Title, Year, MDate, Key, DOI) VALUES (2028, 'Feature Learning with Adversarial Networks for Concept Detection in Medical Images: UA.PT Bioinformatics at ImageCLEF 2018.', 2018, '2018-08-08', 'conf/clef/Pinho018', 'http://ceur-ws.org/Vol-2125/paper_139.pdf');
INSERT INTO Write (AuthorID, PaperID) VALUES (925, 2028);
INSERT INTO Paper (PaperID, Title, Year, MDate, Key, DOI) VALUES (2314, 'Towards Representation Learning for Biomedical Concept Detection in Medical Images: UA.PT Bioinformatics in ImageCLEF 2017.', 2017, '2017-08-15', 'conf/clef/PinhoSS017', 'http://ceur-ws.org/Vol-1866/paper_149.pdf');
INSERT INTO Write (AuthorID, PaperID) VALUES (925, 2314);
INSERT INTO Paper (PaperID, Title, Year, MDate, Key, DOI) VALUES (2855, '3D-CNN in Drug Resistance Detection and Tuberculosis Classification.', 2017, '2017-08-15', 'conf/clef/SilvaSP017', 'http://ceur-ws.org/Vol-1866/paper_151.pdf');
INSERT INTO Write (AuthorID, PaperID) VALUES (925, 2855);
INSERT INTO Author (AuthorID, Name) VALUES (926, 'Pavel Zezula');
INSERT INTO Paper (PaperID, Title, Year, MDate, Key, DOI) VALUES (1092, 'MUFIN at ImageCLEF 2011: Success or Failure?', 2011, '2014-09-24', 'conf/clef/BudikovaBZ11', 'http://www.clef-initiative.eu/documents/71612/86377/CLEF2011wn-ImageCLEF-BudikovaEt2011.pdf');
INSERT INTO Write (AuthorID, PaperID) VALUES (926, 1092);
INSERT INTO Paper (PaperID, Title, Year, MDate, Key, DOI) VALUES (2560, 'DISA at ImageCLEF 2014: The Search-based Solution for Scalable Image Annotation.', 2014, '2014-09-10', 'conf/clef/BudikovaBBZ14', 'http://ceur-ws.org/Vol-1180/CLEF2014wn-Image-BudikovaEt2014.pdf');
INSERT INTO Write (AuthorID, PaperID) VALUES (926, 2560);
INSERT INTO Paper (PaperID, Title, Year, MDate, Key, DOI) VALUES (2761, 'Search-Based Image Annotation: Extracting Semantics from Similar Images.', 2015, '2017-06-02', 'conf/clef/BudikovaBBZ15', 'https://doi.org/10.1007/978-3-319-24027-5_36');
INSERT INTO Write (AuthorID, PaperID) VALUES (926, 2761);
INSERT INTO Author (AuthorID, Name) VALUES (927, 'Alexandra Balahur');
INSERT INTO Write (AuthorID, PaperID) VALUES (927, 385);
INSERT INTO Write (AuthorID, PaperID) VALUES (927, 3073);
INSERT INTO Write (AuthorID, PaperID) VALUES (927, 3319);
INSERT INTO Author (AuthorID, Name) VALUES (928, 'Catherine Berrut');
INSERT INTO Write (AuthorID, PaperID) VALUES (928, 476);
INSERT INTO Write (AuthorID, PaperID) VALUES (928, 2964);
INSERT INTO Write (AuthorID, PaperID) VALUES (928, 3103);
INSERT INTO Author (AuthorID, Name) VALUES (929, 'Evgenia Vassilakaki');
INSERT INTO Write (AuthorID, PaperID) VALUES (929, 1309);
INSERT INTO Write (AuthorID, PaperID) VALUES (929, 2215);
INSERT INTO Write (AuthorID, PaperID) VALUES (929, 3187);
INSERT INTO Author (AuthorID, Name) VALUES (930, 'Marc Franco-Salvador');
INSERT INTO Write (AuthorID, PaperID) VALUES (930, 423);
INSERT INTO Write (AuthorID, PaperID) VALUES (930, 1847);
INSERT INTO Write (AuthorID, PaperID) VALUES (930, 2486);
INSERT INTO Author (AuthorID, Name) VALUES (931, 'Hagit Shatkay');
INSERT INTO Paper (PaperID, Title, Year, MDate, Key, DOI) VALUES (69, 'UDEL CIS Working Notes in ImageCLEF 2016.', 2016, '2018-09-06', 'conf/clef/LiSKJWKS16', 'http://ceur-ws.org/Vol-1609/16090334.pdf');
INSERT INTO Write (AuthorID, PaperID) VALUES (931, 69);
INSERT INTO Paper (PaperID, Title, Year, MDate, Key, DOI) VALUES (3069, 'Segmenting Compound Biomedical Figures into Their Constituent Panels.', 2017, '2017-08-31', 'conf/clef/LiJKS17', 'https://doi.org/10.1007/978-3-319-65813-1_20');
INSERT INTO Write (AuthorID, PaperID) VALUES (931, 3069);
INSERT INTO Paper (PaperID, Title, Year, MDate, Key, DOI) VALUES (3427, 'CIS UDEL Working Notes on ImageCLEF 2015: Compound Figure Detection Task.', 2015, '2018-09-06', 'conf/clef/WangJKSK15', 'http://ceur-ws.org/Vol-1391/65-CR.pdf');
INSERT INTO Write (AuthorID, PaperID) VALUES (931, 3427);
INSERT INTO Author (AuthorID, Name) VALUES (932, 'Hayit Greenspan');
INSERT INTO Write (AuthorID, PaperID) VALUES (932, 787);
INSERT INTO Write (AuthorID, PaperID) VALUES (932, 2603);
INSERT INTO Write (AuthorID, PaperID) VALUES (932, 2895);
INSERT INTO Author (AuthorID, Name) VALUES (933, 'Josef Steinberger');
INSERT INTO Paper (PaperID, Title, Year, MDate, Key, DOI) VALUES (1074, 'Using Parallel Corpora for Multilingual (Multi-document) Summarisation Evaluation.', 2010, '2017-06-02', 'conf/clef/TurchiSKS10', 'https://doi.org/10.1007/978-3-642-15998-5_7');
INSERT INTO Write (AuthorID, PaperID) VALUES (933, 1074);
INSERT INTO Write (AuthorID, PaperID) VALUES (933, 1372);
INSERT INTO Write (AuthorID, PaperID) VALUES (933, 1452);
INSERT INTO Author (AuthorID, Name) VALUES (934, 'Chlo&eacute; Cabot');
INSERT INTO Write (AuthorID, PaperID) VALUES (934, 400);
INSERT INTO Write (AuthorID, PaperID) VALUES (934, 602);
INSERT INTO Write (AuthorID, PaperID) VALUES (934, 1478);
INSERT INTO Author (AuthorID, Name) VALUES (935, 'Valentin Zhikov');
INSERT INTO Write (AuthorID, PaperID) VALUES (935, 1773);
INSERT INTO Write (AuthorID, PaperID) VALUES (935, 2998);
INSERT INTO Write (AuthorID, PaperID) VALUES (935, 3117);
INSERT INTO Author (AuthorID, Name) VALUES (936, 'Vincent Andrearczyk');
INSERT INTO Write (AuthorID, PaperID) VALUES (936, 383);
INSERT INTO Write (AuthorID, PaperID) VALUES (936, 557);
INSERT INTO Write (AuthorID, PaperID) VALUES (936, 2327);
INSERT INTO Author (AuthorID, Name) VALUES (937, 'David Milward');
INSERT INTO Write (AuthorID, PaperID) VALUES (937, 672);
INSERT INTO Write (AuthorID, PaperID) VALUES (937, 1412);
INSERT INTO Write (AuthorID, PaperID) VALUES (937, 2449);
INSERT INTO Author (AuthorID, Name) VALUES (938, 'Yaohai Huang');
INSERT INTO Paper (PaperID, Title, Year, MDate, Key, DOI) VALUES (1486, 'Combining MetaMap and cTAKES in Disorder Recognition: THCIB at CLEF eHealth Lab 2013 Task 1.', 2013, '2014-09-10', 'conf/clef/XiaZLTNHH13', 'http://ceur-ws.org/Vol-1179/CLEF2013wn-CLEFeHealth-XiaEt2013.pdf');
INSERT INTO Write (AuthorID, PaperID) VALUES (938, 1486);
INSERT INTO Paper (PaperID, Title, Year, MDate, Key, DOI) VALUES (1793, 'Normalization of Abbreviations/Acronyms: THCIB at CLEF eHealth 2013 Task 2.', 2013, '2014-09-10', 'conf/clef/XiaZLTNHH13a', 'http://ceur-ws.org/Vol-1179/CLEF2013wn-CLEFeHealth-XiaEt2013b.pdf');
INSERT INTO Write (AuthorID, PaperID) VALUES (938, 1793);
INSERT INTO Paper (PaperID, Title, Year, MDate, Key, DOI) VALUES (1903, 'Concept-based Medical Document Retrieval: THCIB at CLEF eHealth Lab 2013 Task 3.', 2013, '2014-09-10', 'conf/clef/ZhongXXNHH13', 'http://ceur-ws.org/Vol-1179/CLEF2013wn-CLEFeHealth-ZhongEt2013.pdf');
INSERT INTO Write (AuthorID, PaperID) VALUES (938, 1903);
INSERT INTO Author (AuthorID, Name) VALUES (939, 'Parvaz Mahdabi');
INSERT INTO Write (AuthorID, PaperID) VALUES (939, 1240);
INSERT INTO Write (AuthorID, PaperID) VALUES (939, 1402);
INSERT INTO Write (AuthorID, PaperID) VALUES (939, 1571);
INSERT INTO Author (AuthorID, Name) VALUES (940, 'Manos Laliotis');
INSERT INTO Write (AuthorID, PaperID) VALUES (940, 380);
INSERT INTO Write (AuthorID, PaperID) VALUES (940, 745);
INSERT INTO Write (AuthorID, PaperID) VALUES (940, 2822);
INSERT INTO Author (AuthorID, Name) VALUES (941, 'Dan Li');
INSERT INTO Write (AuthorID, PaperID) VALUES (941, 439);
INSERT INTO Write (AuthorID, PaperID) VALUES (941, 531);
INSERT INTO Write (AuthorID, PaperID) VALUES (941, 3468);
INSERT INTO Author (AuthorID, Name) VALUES (942, 'Melanie Imhof');
INSERT INTO Paper (PaperID, Title, Year, MDate, Key, DOI) VALUES (1665, 'BM25 for Non-Textual Modalities in Social Book Search.', 2016, '2016-08-11', 'conf/clef/Imhof16', 'http://ceur-ws.org/Vol-1609/16091123.pdf');
INSERT INTO Write (AuthorID, PaperID) VALUES (942, 1665);
INSERT INTO Write (AuthorID, PaperID) VALUES (942, 1778);
INSERT INTO Write (AuthorID, PaperID) VALUES (942, 3197);
INSERT INTO Author (AuthorID, Name) VALUES (943, 'Didier Coquin');
INSERT INTO Paper (PaperID, Title, Year, MDate, Key, DOI) VALUES (1534, 'Guiding Active Contours for Tree Leaf Segmentation and Identification.', 2011, '2014-09-24', 'conf/clef/CeruttiTMVC11', 'http://www.clef-initiative.eu/documents/71612/86377/CLEF2011wn-ImageCLEF-CeruttiEt2011.pdf');
INSERT INTO Write (AuthorID, PaperID) VALUES (943, 1534);
INSERT INTO Paper (PaperID, Title, Year, MDate, Key, DOI) VALUES (2024, 'ReVeS Participation - Tree Species Classification Using Random Forests and Botanical Features.', 2012, '2014-09-24', 'conf/clef/CeruttiATMVCV12', 'http://www.clef-initiative.eu/documents/71612/3476c901-f89f-4cac-b04e-3c80f9fa0a05');
INSERT INTO Write (AuthorID, PaperID) VALUES (943, 2024);
INSERT INTO Paper (PaperID, Title, Year, MDate, Key, DOI) VALUES (3262, 'Late Information Fusion for Multi-modality Plant Species Identification.', 2013, '2014-09-10', 'conf/clef/CeruttiTSJMCV13', 'http://ceur-ws.org/Vol-1179/CLEF2013wn-ImageCLEF-CeruttiEt2013.pdf');
INSERT INTO Write (AuthorID, PaperID) VALUES (943, 3262);
INSERT INTO Author (AuthorID, Name) VALUES (944, 'Johannes Hellrich');
INSERT INTO Write (AuthorID, PaperID) VALUES (944, 672);
INSERT INTO Write (AuthorID, PaperID) VALUES (944, 1412);
INSERT INTO Paper (PaperID, Title, Year, MDate, Key, DOI) VALUES (3357, 'The JULIE LAB MANTRA System for the CLEF-ER 2013 Challenge.', 2013, '2014-09-10', 'conf/clef/HellrichH13', 'http://ceur-ws.org/Vol-1179/CLEF2013wn-CLEFER-HellrichEt2013.pdf');
INSERT INTO Write (AuthorID, PaperID) VALUES (944, 3357);
INSERT INTO Author (AuthorID, Name) VALUES (945, 'Pavel Ceska');
INSERT INTO Write (AuthorID, PaperID) VALUES (945, 373);
INSERT INTO Write (AuthorID, PaperID) VALUES (945, 1222);
INSERT INTO Write (AuthorID, PaperID) VALUES (945, 2774);
INSERT INTO Author (AuthorID, Name) VALUES (946, 'Rich&aacute;rd Farkas');
INSERT INTO Paper (PaperID, Title, Year, MDate, Key, DOI) VALUES (982, 'Filtering and Polarity Detection for Reputation Management on Tweets.', 2013, '2014-09-10', 'conf/clef/HangyaF13', 'http://ceur-ws.org/Vol-1179/CLEF2013wn-RepLab-HangyaEt2013.pdf');
INSERT INTO Write (AuthorID, PaperID) VALUES (946, 982);
INSERT INTO Paper (PaperID, Title, Year, MDate, Key, DOI) VALUES (1130, 'Novel Balanced Feature Representation for Wikipedia Vandalism Detection Task - Lab Report for PAN at CLEF 2010.', 2010, '2014-09-24', 'conf/clef/HegedusOFJ10', 'http://www.clef-initiative.eu/documents/71612/86374/CLEF2010wn-PAN-HegedusEt2010.pdf');
INSERT INTO Write (AuthorID, PaperID) VALUES (946, 1130);
INSERT INTO Paper (PaperID, Title, Year, MDate, Key, DOI) VALUES (1397, 'Person Attribute Extraction from the Textual Parts of Web Pages.', 2010, '2014-09-24', 'conf/clef/NagyF10', 'http://www.clef-initiative.eu/documents/71612/86374/CLEF2010wn-WePS-NagyEt2010.pdf');
INSERT INTO Write (AuthorID, PaperID) VALUES (946, 1397);
INSERT INTO Author (AuthorID, Name) VALUES (947, 'Ralf Schenkel');
INSERT INTO Write (AuthorID, PaperID) VALUES (947, 378);
INSERT INTO Write (AuthorID, PaperID) VALUES (947, 1034);
INSERT INTO Write (AuthorID, PaperID) VALUES (947, 2460);
INSERT INTO Author (AuthorID, Name) VALUES (948, 'Omar Nouali');
INSERT INTO Write (AuthorID, PaperID) VALUES (948, 833);
INSERT INTO Write (AuthorID, PaperID) VALUES (948, 2549);
INSERT INTO Write (AuthorID, PaperID) VALUES (948, 2639);
INSERT INTO Author (AuthorID, Name) VALUES (949, 'Hosein Azarbonyad');
INSERT INTO Write (AuthorID, PaperID) VALUES (949, 91);
INSERT INTO Write (AuthorID, PaperID) VALUES (949, 154);
