INSERT INTO Write (AuthorID, PaperID) VALUES (244, 306);
INSERT INTO Write (AuthorID, PaperID) VALUES (244, 1328);
INSERT INTO Write (AuthorID, PaperID) VALUES (244, 1382);
INSERT INTO Write (AuthorID, PaperID) VALUES (244, 1519);
INSERT INTO Write (AuthorID, PaperID) VALUES (244, 1606);
INSERT INTO Write (AuthorID, PaperID) VALUES (244, 1853);
INSERT INTO Write (AuthorID, PaperID) VALUES (244, 2008);
INSERT INTO Write (AuthorID, PaperID) VALUES (244, 2421);
INSERT INTO Write (AuthorID, PaperID) VALUES (244, 2875);
INSERT INTO Author (AuthorID, Name) VALUES (245, 'Benjamin Kille');
INSERT INTO Write (AuthorID, PaperID) VALUES (245, 126);
INSERT INTO Write (AuthorID, PaperID) VALUES (245, 829);
INSERT INTO Write (AuthorID, PaperID) VALUES (245, 1065);
INSERT INTO Write (AuthorID, PaperID) VALUES (245, 1093);
INSERT INTO Write (AuthorID, PaperID) VALUES (245, 1104);
INSERT INTO Write (AuthorID, PaperID) VALUES (245, 1320);
INSERT INTO Write (AuthorID, PaperID) VALUES (245, 1609);
INSERT INTO Paper (PaperID, Title, Year, MDate, Key, DOI) VALUES (1991, 'NEWSREEL 2014: Summary of the News Recommendation Evaluation Lab.', 2014, '2014-09-10', 'conf/clef/Kille14', 'http://ceur-ws.org/Vol-1180/CLEF2014wn-Newsreel-Kille2014.pdf');
INSERT INTO Write (AuthorID, PaperID) VALUES (245, 1991);
INSERT INTO Write (AuthorID, PaperID) VALUES (245, 2909);
INSERT INTO Author (AuthorID, Name) VALUES (246, 'Ralph K&ouml;lle');
INSERT INTO Write (AuthorID, PaperID) VALUES (246, 96);
INSERT INTO Write (AuthorID, PaperID) VALUES (246, 227);
INSERT INTO Write (AuthorID, PaperID) VALUES (246, 597);
INSERT INTO Write (AuthorID, PaperID) VALUES (246, 1099);
INSERT INTO Write (AuthorID, PaperID) VALUES (246, 2092);
INSERT INTO Write (AuthorID, PaperID) VALUES (246, 2793);
INSERT INTO Write (AuthorID, PaperID) VALUES (246, 2801);
INSERT INTO Write (AuthorID, PaperID) VALUES (246, 2853);
INSERT INTO Write (AuthorID, PaperID) VALUES (246, 3355);
INSERT INTO Author (AuthorID, Name) VALUES (247, 'Simon E. Overell');
INSERT INTO Write (AuthorID, PaperID) VALUES (247, 296);
INSERT INTO Write (AuthorID, PaperID) VALUES (247, 405);
INSERT INTO Write (AuthorID, PaperID) VALUES (247, 648);
INSERT INTO Write (AuthorID, PaperID) VALUES (247, 1173);
INSERT INTO Write (AuthorID, PaperID) VALUES (247, 2420);
INSERT INTO Write (AuthorID, PaperID) VALUES (247, 2914);
INSERT INTO Write (AuthorID, PaperID) VALUES (247, 3114);
INSERT INTO Write (AuthorID, PaperID) VALUES (247, 3241);
INSERT INTO Write (AuthorID, PaperID) VALUES (247, 3243);
INSERT INTO Author (AuthorID, Name) VALUES (248, 'Yashin Dicente Cid');
INSERT INTO Write (AuthorID, PaperID) VALUES (248, 37);
INSERT INTO Write (AuthorID, PaperID) VALUES (248, 366);
INSERT INTO Write (AuthorID, PaperID) VALUES (248, 383);
INSERT INTO Write (AuthorID, PaperID) VALUES (248, 577);
INSERT INTO Write (AuthorID, PaperID) VALUES (248, 743);
INSERT INTO Write (AuthorID, PaperID) VALUES (248, 870);
INSERT INTO Write (AuthorID, PaperID) VALUES (248, 1166);
INSERT INTO Write (AuthorID, PaperID) VALUES (248, 1768);
INSERT INTO Write (AuthorID, PaperID) VALUES (248, 2242);
INSERT INTO Author (AuthorID, Name) VALUES (249, 'Been-Chian Chien');
INSERT INTO Paper (PaperID, Title, Year, MDate, Key, DOI) VALUES (184, 'KIDS''s Evaluation in the Medical Image Retrieval Task at ImageCLEF 2004.', 2004, '2014-08-15', 'conf/clef/ChengCKY04', 'http://ceur-ws.org/Vol-1170/CLEF2004wn-ImageCLEF-ChengEt2004.pdf');
INSERT INTO Write (AuthorID, PaperID) VALUES (249, 184);
INSERT INTO Paper (PaperID, Title, Year, MDate, Key, DOI) VALUES (1150, 'NCTU-ISU''s Evaluation for the User-Centered Search Task at ImageCLEF 2004.', 2004, '2014-08-15', 'conf/clef/ChengYCKY04', 'http://ceur-ws.org/Vol-1170/CLEF2004wn-ImageCLEF-ChengEt2004b.pdf');
INSERT INTO Write (AuthorID, PaperID) VALUES (249, 1150);
INSERT INTO Paper (PaperID, Title, Year, MDate, Key, DOI) VALUES (1440, 'NCTU_DBLAB@ImageCLEF 2005: Automatic Annotation Task.', 2005, '2014-08-15', 'conf/clef/ChengCKY05c', 'http://ceur-ws.org/Vol-1171/CLEF2005wn-ImageCLEF-ChengEt2005b.pdf');
INSERT INTO Write (AuthorID, PaperID) VALUES (249, 1440);
INSERT INTO Paper (PaperID, Title, Year, MDate, Key, DOI) VALUES (1449, 'NCTU_DBLAB@ImageCLEFmed 2005: Medical Image Retrieval Task.', 2005, '2014-08-15', 'conf/clef/ChengCKY05b', 'http://ceur-ws.org/Vol-1171/CLEF2005wn-ImageCLEF-ChengEt2005.pdf');
INSERT INTO Write (AuthorID, PaperID) VALUES (249, 1449);
INSERT INTO Paper (PaperID, Title, Year, MDate, Key, DOI) VALUES (1872, 'Comparison and Combination of Textual and Visual Features for Interactive Cross-Language Image Retrieval.', 2004, '2017-05-24', 'conf/clef/ChengYKCY05', 'https://doi.org/10.1007/11519645_77');
INSERT INTO Write (AuthorID, PaperID) VALUES (249, 1872);
INSERT INTO Paper (PaperID, Title, Year, MDate, Key, DOI) VALUES (2231, 'SMIRE: Similar Medical Image Retrieval Engine.', 2004, '2017-05-24', 'conf/clef/ChengCKY05', 'https://doi.org/10.1007/11519645_73');
INSERT INTO Write (AuthorID, PaperID) VALUES (249, 2231);
INSERT INTO Paper (PaperID, Title, Year, MDate, Key, DOI) VALUES (3171, 'KIDS-NUTN at ImageCLEF 2012 Photo Annotation and Retrieval Task.', 2012, '2014-09-24', 'conf/clef/ChienCGKHW12', 'http://www.clef-initiative.eu/documents/71612/0c634750-113b-4aa9-8ecb-42edd22407c9');
INSERT INTO Write (AuthorID, PaperID) VALUES (249, 3171);
INSERT INTO Paper (PaperID, Title, Year, MDate, Key, DOI) VALUES (3350, 'KIDS Lab at ImageCLEF 2012 Personal Photo Retrieval.', 2012, '2014-09-24', 'conf/clef/KuCCGHW12', 'http://www.clef-initiative.eu/documents/71612/cdad57c1-2902-49fb-acb0-dfcc80676329');
INSERT INTO Write (AuthorID, PaperID) VALUES (249, 3350);
INSERT INTO Paper (PaperID, Title, Year, MDate, Key, DOI) VALUES (3395, 'Combining Textual and Visual Features for Cross-Language Medical Image Retrieval.', 2005, '2017-05-24', 'conf/clef/ChengCKY05a', 'https://doi.org/10.1007/11878773_78');
INSERT INTO Write (AuthorID, PaperID) VALUES (249, 3395);
INSERT INTO Author (AuthorID, Name) VALUES (250, 'Darnes Vilari&ntilde;o Ayala');
INSERT INTO Write (AuthorID, PaperID) VALUES (250, 106);
INSERT INTO Write (AuthorID, PaperID) VALUES (250, 943);
INSERT INTO Write (AuthorID, PaperID) VALUES (250, 1267);
INSERT INTO Write (AuthorID, PaperID) VALUES (250, 1348);
INSERT INTO Write (AuthorID, PaperID) VALUES (250, 2075);
INSERT INTO Write (AuthorID, PaperID) VALUES (250, 2083);
INSERT INTO Write (AuthorID, PaperID) VALUES (250, 2427);
INSERT INTO Write (AuthorID, PaperID) VALUES (250, 3501);
INSERT INTO Author (AuthorID, Name) VALUES (251, 'Eduard H. Hovy');
INSERT INTO Write (AuthorID, PaperID) VALUES (251, 554);
INSERT INTO Write (AuthorID, PaperID) VALUES (251, 656);
INSERT INTO Write (AuthorID, PaperID) VALUES (251, 896);
INSERT INTO Write (AuthorID, PaperID) VALUES (251, 2849);
INSERT INTO Write (AuthorID, PaperID) VALUES (251, 2954);
INSERT INTO Write (AuthorID, PaperID) VALUES (251, 3190);
INSERT INTO Write (AuthorID, PaperID) VALUES (251, 3417);
INSERT INTO Write (AuthorID, PaperID) VALUES (251, 3431);
INSERT INTO Author (AuthorID, Name) VALUES (252, 'David Tom&aacute;s');
INSERT INTO Write (AuthorID, PaperID) VALUES (252, 63);
INSERT INTO Write (AuthorID, PaperID) VALUES (252, 151);
INSERT INTO Write (AuthorID, PaperID) VALUES (252, 629);
INSERT INTO Write (AuthorID, PaperID) VALUES (252, 1291);
INSERT INTO Write (AuthorID, PaperID) VALUES (252, 2225);
INSERT INTO Write (AuthorID, PaperID) VALUES (252, 2406);
INSERT INTO Write (AuthorID, PaperID) VALUES (252, 2583);
INSERT INTO Write (AuthorID, PaperID) VALUES (252, 3265);
INSERT INTO Author (AuthorID, Name) VALUES (253, 'Jacques Guyot');
INSERT INTO Write (AuthorID, PaperID) VALUES (253, 192);
INSERT INTO Write (AuthorID, PaperID) VALUES (253, 970);
INSERT INTO Write (AuthorID, PaperID) VALUES (253, 2608);
INSERT INTO Paper (PaperID, Title, Year, MDate, Key, DOI) VALUES (2727, 'myClass: A Mature Tool for Patent Classification.', 2010, '2014-09-24', 'conf/clef/GuyotBF10', 'http://www.clef-initiative.eu/documents/71612/86374/CLEF2010wn-CLEF-IP-GuyotEt2010.pdf');
INSERT INTO Write (AuthorID, PaperID) VALUES (253, 2727);
INSERT INTO Write (AuthorID, PaperID) VALUES (253, 3049);
INSERT INTO Write (AuthorID, PaperID) VALUES (253, 3325);
INSERT INTO Paper (PaperID, Title, Year, MDate, Key, DOI) VALUES (3422, 'The UniGe Experiments on the Search for Earlier Patents (Abstract only).', 2009, '2014-09-29', 'conf/clef/GuyotFB09a', 'http://ceur-ws.org/Vol-1175/CLEF2009wn-CLEFIP-GuyotEt2009.pdf');
INSERT INTO Write (AuthorID, PaperID) VALUES (253, 3422);
INSERT INTO Paper (PaperID, Title, Year, MDate, Key, DOI) VALUES (3500, 'UniGE Experiments on Prior Art Search in the Field of Patents.', 2009, '2017-05-24', 'conf/clef/GuyotFB09', 'https://doi.org/10.1007/978-3-642-15754-7_61');
INSERT INTO Write (AuthorID, PaperID) VALUES (253, 3500);
INSERT INTO Author (AuthorID, Name) VALUES (254, 'Dominique Laurent');
INSERT INTO Paper (PaperID, Title, Year, MDate, Key, DOI) VALUES (168, 'Cross Lingual Question Answering using QRISTAL for CLEF 2006.', 2006, '2014-08-15', 'conf/clef/LaurentSN06a', 'http://ceur-ws.org/Vol-1172/CLEF2006wn-QACLEF-LaurentEt2006.pdf');
INSERT INTO Write (AuthorID, PaperID) VALUES (254, 168);
INSERT INTO Paper (PaperID, Title, Year, MDate, Key, DOI) VALUES (465, 'French Run of Synapse D800Aeacute;veloppement at Entrance Exams 2014.', 2014, '2014-09-11', 'conf/clef/LaurentCN14', 'http://ceur-ws.org/Vol-1180/CLEF2014wn-QA-LaurentEt2014b.pdf');
INSERT INTO Write (AuthorID, PaperID) VALUES (254, 465);
INSERT INTO Paper (PaperID, Title, Year, MDate, Key, DOI) VALUES (468, 'Cross Lingual Question Answering using QRISTAL for CLEF 2008.', 2008, '2014-09-29', 'conf/clef/LaurentSN08', 'http://ceur-ws.org/Vol-1174/CLEF2008wn-QACLEF-LaurentEt2008.pdf');
INSERT INTO Write (AuthorID, PaperID) VALUES (254, 468);
INSERT INTO Paper (PaperID, Title, Year, MDate, Key, DOI) VALUES (761, 'Cross Lingual Question Answering using QRISTAL for CLEF 2005.', 2005, '2014-08-15', 'conf/clef/LaurentSN05', 'http://ceur-ws.org/Vol-1171/CLEF2005wn-QACLEF-LaurentEt2005.pdf');
INSERT INTO Write (AuthorID, PaperID) VALUES (254, 761);
INSERT INTO Paper (PaperID, Title, Year, MDate, Key, DOI) VALUES (1787, 'Cross Lingual Question Answering using QRISTAL for CLEF 2007.', 2007, '2014-09-23', 'conf/clef/LaurentSN07', 'http://ceur-ws.org/Vol-1173/CLEF2007wn-QACLEF-LaurentEt2007.pdf');
INSERT INTO Write (AuthorID, PaperID) VALUES (254, 1787);
INSERT INTO Paper (PaperID, Title, Year, MDate, Key, DOI) VALUES (2731, 'Reading Comprehension at Entrance Exams 2015.', 2015, '2015-09-03', 'conf/clef/LaurentCNPS15', 'http://ceur-ws.org/Vol-1391/34-CR.pdf');
INSERT INTO Write (AuthorID, PaperID) VALUES (254, 2731);
INSERT INTO Paper (PaperID, Title, Year, MDate, Key, DOI) VALUES (2976, 'Cross Lingual Question Answering Using QRISTAL for CLEF 2006.', 2006, '2017-05-24', 'conf/clef/LaurentSN06', 'https://doi.org/10.1007/978-3-540-74999-8_41');
INSERT INTO Write (AuthorID, PaperID) VALUES (254, 2976);
INSERT INTO Paper (PaperID, Title, Year, MDate, Key, DOI) VALUES (3184, 'English Run of Synapse D800Aeacute;veloppement at Entrance Exams 2014.', 2014, '2014-09-11', 'conf/clef/LaurentCNS14', 'http://ceur-ws.org/Vol-1180/CLEF2014wn-QA-LaurentEt2014a.pdf');
INSERT INTO Write (AuthorID, PaperID) VALUES (254, 3184);
INSERT INTO Author (AuthorID, Name) VALUES (255, 'Qinmin Hu');
INSERT INTO Paper (PaperID, Title, Year, MDate, Key, DOI) VALUES (412, 'ECNU at 2018 eHealth Task 2: Technologically Assisted Reviews in Empirical Medicine.', 2018, '2018-09-03', 'conf/clef/WuWCCHH18', 'http://ceur-ws.org/Vol-2125/paper_177.pdf');
INSERT INTO Write (AuthorID, PaperID) VALUES (255, 412);
INSERT INTO Paper (PaperID, Title, Year, MDate, Key, DOI) VALUES (608, 'ECNU at 2016 eHealth Task 1: Handover Information Extraction.', 2016, '2018-09-03', 'conf/clef/SongHLHHW16', 'http://ceur-ws.org/Vol-1609/16090147.pdf');
INSERT INTO Write (AuthorID, PaperID) VALUES (255, 608);
INSERT INTO Paper (PaperID, Title, Year, MDate, Key, DOI) VALUES (1405, 'ECNU at MC2 2018 Task 2: Mining Opinion Argumentation.', 2018, '2018-09-03', 'conf/clef/ZhouZHH18', 'http://ceur-ws.org/Vol-2125/paper_71.pdf');
INSERT INTO Write (AuthorID, PaperID) VALUES (255, 1405);
INSERT INTO Paper (PaperID, Title, Year, MDate, Key, DOI) VALUES (1512, 'ECNU at 2017 eHealth Task 2: Technologically Assisted Reviews in Empirical Medicine.', 2017, '2018-09-03', 'conf/clef/ChenCSLWHH17', 'http://ceur-ws.org/Vol-1866/paper_99.pdf');
INSERT INTO Write (AuthorID, PaperID) VALUES (255, 1512);
INSERT INTO Paper (PaperID, Title, Year, MDate, Key, DOI) VALUES (2100, 'ECNU at 2016 eHealth Task 3: Patient-centred Information Retrieval.', 2016, '2018-09-03', 'conf/clef/SongHLWHH16', 'http://ceur-ws.org/Vol-1609/16090157.pdf');
INSERT INTO Write (AuthorID, PaperID) VALUES (255, 2100);
INSERT INTO Paper (PaperID, Title, Year, MDate, Key, DOI) VALUES (2386, 'ECNU at CLEF PIR 2018 : Evaluation of Personalized Information Retrieval.', 2018, '2018-09-03', 'conf/clef/BaiZHH18', 'http://ceur-ws.org/Vol-2125/paper_72.pdf');
INSERT INTO Write (AuthorID, PaperID) VALUES (255, 2386);
INSERT INTO Paper (PaperID, Title, Year, MDate, Key, DOI) VALUES (2604, 'An Integrated Approach for Medical Image Retrieval through Combining Textual and Visual Features.', 2009, '2017-05-24', 'conf/clef/YeHHL09', 'https://doi.org/10.1007/978-3-642-15751-6_23');
INSERT INTO Write (AuthorID, PaperID) VALUES (255, 2604);
INSERT INTO Paper (PaperID, Title, Year, MDate, Key, DOI) VALUES (2984, 'ECNU at 2015 eHealth Task 2: User-centred Health Information Retrieval.', 2015, '2018-09-03', 'conf/clef/SongHHHH15', 'http://ceur-ws.org/Vol-1391/80-CR.pdf');
INSERT INTO Write (AuthorID, PaperID) VALUES (255, 2984);
INSERT INTO Author (AuthorID, Name) VALUES (256, 'Christian Fluhr');
INSERT INTO Paper (PaperID, Title, Year, MDate, Key, DOI) VALUES (224, 'Hossur''Tech''s Participation in CLEF 2009 INFILE Interactive Filtering.', 2009, '2017-05-24', 'conf/clef/RonaldRF09', 'https://doi.org/10.1007/978-3-642-15754-7_45');
INSERT INTO Write (AuthorID, PaperID) VALUES (256, 224);
INSERT INTO Write (AuthorID, PaperID) VALUES (256, 881);
INSERT INTO Write (AuthorID, PaperID) VALUES (256, 957);
INSERT INTO Paper (PaperID, Title, Year, MDate, Key, DOI) VALUES (1544, 'Hosur''Tech Participation in Interactive INFILE.', 2009, '2014-09-29', 'conf/clef/RonaldRF09a', 'http://ceur-ws.org/Vol-1175/CLEF2009wn-INFILE-RonaldEt2009.pdf');
INSERT INTO Write (AuthorID, PaperID) VALUES (256, 1544);
INSERT INTO Write (AuthorID, PaperID) VALUES (256, 1939);
INSERT INTO Write (AuthorID, PaperID) VALUES (256, 2066);
INSERT INTO Write (AuthorID, PaperID) VALUES (256, 2632);
INSERT INTO Write (AuthorID, PaperID) VALUES (256, 3077);
INSERT INTO Author (AuthorID, Name) VALUES (257, 'Sophie N&egrave;gre');
INSERT INTO Write (AuthorID, PaperID) VALUES (257, 168);
INSERT INTO Write (AuthorID, PaperID) VALUES (257, 465);
INSERT INTO Write (AuthorID, PaperID) VALUES (257, 468);
INSERT INTO Write (AuthorID, PaperID) VALUES (257, 761);
INSERT INTO Write (AuthorID, PaperID) VALUES (257, 1787);
INSERT INTO Write (AuthorID, PaperID) VALUES (257, 2731);
INSERT INTO Write (AuthorID, PaperID) VALUES (257, 2976);
INSERT INTO Write (AuthorID, PaperID) VALUES (257, 3184);
INSERT INTO Author (AuthorID, Name) VALUES (258, 'Atelach Alemu Argaw');
INSERT INTO Write (AuthorID, PaperID) VALUES (258, 203);
INSERT INTO Write (AuthorID, PaperID) VALUES (258, 251);
INSERT INTO Paper (PaperID, Title, Year, MDate, Key, DOI) VALUES (709, 'Amharic-English Information Retrieval.', 2006, '2017-05-24', 'conf/clef/ArgawA06', 'https://doi.org/10.1007/978-3-540-74999-8_5');
INSERT INTO Write (AuthorID, PaperID) VALUES (258, 709);
INSERT INTO Write (AuthorID, PaperID) VALUES (258, 796);
INSERT INTO Paper (PaperID, Title, Year, MDate, Key, DOI) VALUES (2404, 'Amharic-English Information Retrieval with Pseudo Relevance Feedback.', 2007, '2017-05-24', 'conf/clef/Argaw07', 'https://doi.org/10.1007/978-3-540-85760-0_15');
INSERT INTO Write (AuthorID, PaperID) VALUES (258, 2404);
INSERT INTO Write (AuthorID, PaperID) VALUES (258, 3094);
INSERT INTO Paper (PaperID, Title, Year, MDate, Key, DOI) VALUES (3183, 'Amharic-English Information Retrieval with Pseudo Relevance Feedback.', 2007, '2014-09-23', 'conf/clef/Argaw07a', 'http://ceur-ws.org/Vol-1173/CLEF2007wn-adhoc-AlemuArgawEt2007.pdf');
INSERT INTO Write (AuthorID, PaperID) VALUES (258, 3183);
INSERT INTO Paper (PaperID, Title, Year, MDate, Key, DOI) VALUES (3512, 'Amharic-English Information Retrieval.', 2006, '2014-08-15', 'conf/clef/ArgawA06a', 'http://ceur-ws.org/Vol-1172/CLEF2006wn-adhoc-ArgawEt2006.pdf');
INSERT INTO Write (AuthorID, PaperID) VALUES (258, 3512);
INSERT INTO Author (AuthorID, Name) VALUES (259, 'Nicolas Moreau');
INSERT INTO Write (AuthorID, PaperID) VALUES (259, 65);
INSERT INTO Write (AuthorID, PaperID) VALUES (259, 265);
INSERT INTO Write (AuthorID, PaperID) VALUES (259, 907);
INSERT INTO Write (AuthorID, PaperID) VALUES (259, 1205);
INSERT INTO Write (AuthorID, PaperID) VALUES (259, 1685);
INSERT INTO Write (AuthorID, PaperID) VALUES (259, 2190);
INSERT INTO Write (AuthorID, PaperID) VALUES (259, 2446);
INSERT INTO Write (AuthorID, PaperID) VALUES (259, 2789);
INSERT INTO Author (AuthorID, Name) VALUES (260, 'B&ouml;rkur Sigurbj&ouml;rnsson');
INSERT INTO Write (AuthorID, PaperID) VALUES (260, 31);
INSERT INTO Write (AuthorID, PaperID) VALUES (260, 48);
INSERT INTO Write (AuthorID, PaperID) VALUES (260, 270);
INSERT INTO Write (AuthorID, PaperID) VALUES (260, 1848);
INSERT INTO Write (AuthorID, PaperID) VALUES (260, 2090);
INSERT INTO Write (AuthorID, PaperID) VALUES (260, 2635);
INSERT INTO Write (AuthorID, PaperID) VALUES (260, 3304);
INSERT INTO Write (AuthorID, PaperID) VALUES (260, 3457);
INSERT INTO Author (AuthorID, Name) VALUES (261, 'Sungbin Choi');
INSERT INTO Paper (PaperID, Title, Year, MDate, Key, DOI) VALUES (716, 'SNUMedinfo at ImageCLEF 2013: Medical Retrieval Task.', 2013, '2014-09-10', 'conf/clef/ChoiLC13', 'http://ceur-ws.org/Vol-1179/CLEF2013wn-ImageCLEF-ChoiEt2013.pdf');
INSERT INTO Write (AuthorID, PaperID) VALUES (261, 716);
INSERT INTO Paper (PaperID, Title, Year, MDate, Key, DOI) VALUES (967, 'SNUMedinfo at CLEF BioASQ 2015.', 2015, '2015-09-03', 'conf/clef/Choi15c', 'http://ceur-ws.org/Vol-1391/118-CR.pdf');
INSERT INTO Write (AuthorID, PaperID) VALUES (261, 967);
INSERT INTO Paper (PaperID, Title, Year, MDate, Key, DOI) VALUES (1814, 'Exploring Effective Information Retrieval Technique for the Medical Web Documents: SNUMedinfo at CLEFeHealth2014 Task 3.', 2014, '2014-09-10', 'conf/clef/ChoiC14', 'http://ceur-ws.org/Vol-1180/CLEF2014wn-eHealth-ChoiEt2014.pdf');
INSERT INTO Write (AuthorID, PaperID) VALUES (261, 1814);
INSERT INTO Paper (PaperID, Title, Year, MDate, Key, DOI) VALUES (2128, 'X-ray Image Body Part Clustering using Deep Convolutional Neural Network: SNUMedinfo at ImageCLEF 2015 Medical Clustering Task.', 2015, '2015-09-03', 'conf/clef/Choi15', 'http://ceur-ws.org/Vol-1391/117-CR.pdf');
INSERT INTO Write (AuthorID, PaperID) VALUES (261, 2128);
INSERT INTO Paper (PaperID, Title, Year, MDate, Key, DOI) VALUES (2173, 'Plant Identification with Deep Convolutional Neural Network: SNUMedinfo at LifeCLEF Plant Identification Task 2015.', 2015, '2015-09-03', 'conf/clef/Choi15a', 'http://ceur-ws.org/Vol-1391/82-CR.pdf');
INSERT INTO Write (AuthorID, PaperID) VALUES (261, 2173);
INSERT INTO Paper (PaperID, Title, Year, MDate, Key, DOI) VALUES (2428, 'Fish Identification in Underwater Video with Deep Convolutional Neural Network: SNUMedinfo at LifeCLEF Fish task 2015.', 2015, '2015-09-03', 'conf/clef/Choi15b', 'http://ceur-ws.org/Vol-1391/110-CR.pdf');
INSERT INTO Write (AuthorID, PaperID) VALUES (261, 2428);
INSERT INTO Paper (PaperID, Title, Year, MDate, Key, DOI) VALUES (2718, 'SNUMedinfo at CLEFeHealth2013 Task 3.', 2013, '2014-09-10', 'conf/clef/ChoiC13', 'http://ceur-ws.org/Vol-1179/CLEF2013wn-CLEFeHealth-ChoiEt2013.pdf');
INSERT INTO Write (AuthorID, PaperID) VALUES (261, 2718);
INSERT INTO Paper (PaperID, Title, Year, MDate, Key, DOI) VALUES (3509, 'Classification and Retrieval of Biomedical Literatures: SNUMedinfo at CLEF QA track BioASQ 2014.', 2014, '2014-09-10', 'conf/clef/ChoiC14a', 'http://ceur-ws.org/Vol-1180/CLEF2014wn-QA-ChoiEt2014.pdf');
INSERT INTO Write (AuthorID, PaperID) VALUES (261, 3509);
INSERT INTO Author (AuthorID, Name) VALUES (262, 'Abolfazl AleAhmad');
INSERT INTO Paper (PaperID, Title, Year, MDate, Key, DOI) VALUES (108, 'Ad Hoc Information Retrieval for Persian.', 2009, '2017-05-24', 'conf/clef/HabibianAS09', 'https://doi.org/10.1007/978-3-642-15754-7_13');
INSERT INTO Write (AuthorID, PaperID) VALUES (262, 108);
INSERT INTO Write (AuthorID, PaperID) VALUES (262, 523);
INSERT INTO Write (AuthorID, PaperID) VALUES (262, 1021);
INSERT INTO Write (AuthorID, PaperID) VALUES (262, 1523);
INSERT INTO Write (AuthorID, PaperID) VALUES (262, 1909);
INSERT INTO Write (AuthorID, PaperID) VALUES (262, 2684);
INSERT INTO Write (AuthorID, PaperID) VALUES (262, 3344);
INSERT INTO Write (AuthorID, PaperID) VALUES (262, 3361);
INSERT INTO Author (AuthorID, Name) VALUES (263, 'Erik F. Tjong Kim Sang');
INSERT INTO Write (AuthorID, PaperID) VALUES (263, 386);
INSERT INTO Write (AuthorID, PaperID) VALUES (263, 907);
INSERT INTO Write (AuthorID, PaperID) VALUES (263, 1082);
INSERT INTO Write (AuthorID, PaperID) VALUES (263, 1205);
INSERT INTO Write (AuthorID, PaperID) VALUES (263, 1898);
INSERT INTO Write (AuthorID, PaperID) VALUES (263, 2418);
INSERT INTO Write (AuthorID, PaperID) VALUES (263, 2506);
INSERT INTO Write (AuthorID, PaperID) VALUES (263, 2776);
INSERT INTO Author (AuthorID, Name) VALUES (264, 'Rui Wang 0005');
INSERT INTO Write (AuthorID, PaperID) VALUES (264, 149);
INSERT INTO Write (AuthorID, PaperID) VALUES (264, 421);
INSERT INTO Write (AuthorID, PaperID) VALUES (264, 915);
INSERT INTO Write (AuthorID, PaperID) VALUES (264, 2532);
INSERT INTO Write (AuthorID, PaperID) VALUES (264, 2726);
INSERT INTO Write (AuthorID, PaperID) VALUES (264, 3222);
INSERT INTO Write (AuthorID, PaperID) VALUES (264, 3324);
INSERT INTO Write (AuthorID, PaperID) VALUES (264, 3352);
INSERT INTO Author (AuthorID, Name) VALUES (265, 'Emilio Sanchis');
INSERT INTO Write (AuthorID, PaperID) VALUES (265, 1531);
INSERT INTO Write (AuthorID, PaperID) VALUES (265, 1572);
INSERT INTO Write (AuthorID, PaperID) VALUES (265, 2199);
INSERT INTO Write (AuthorID, PaperID) VALUES (265, 2272);
INSERT INTO Write (AuthorID, PaperID) VALUES (265, 2554);
INSERT INTO Write (AuthorID, PaperID) VALUES (265, 2927);
INSERT INTO Write (AuthorID, PaperID) VALUES (265, 2942);
INSERT INTO Write (AuthorID, PaperID) VALUES (265, 3260);
INSERT INTO Author (AuthorID, Name) VALUES (266, 'Cl&aacute;udia Pinto');
INSERT INTO Paper (PaperID, Title, Year, MDate, Key, DOI) VALUES (136, 'Priberam''s Question Answering system in QA@CLEF 2008.', 2008, '2014-09-29', 'conf/clef/AmaralCFMMMPP08a', 'http://ceur-ws.org/Vol-1174/CLEF2008wn-QACLEF-AmaralEt2008.pdf');
INSERT INTO Write (AuthorID, PaperID) VALUES (266, 136);
INSERT INTO Paper (PaperID, Title, Year, MDate, Key, DOI) VALUES (189, 'Priberam''s Question Answering System in QA@CLEF 2007.', 2007, '2017-05-24', 'conf/clef/AmaralCFMMMPV07', 'https://doi.org/10.1007/978-3-540-85760-0_46');
INSERT INTO Write (AuthorID, PaperID) VALUES (266, 189);
INSERT INTO Paper (PaperID, Title, Year, MDate, Key, DOI) VALUES (435, 'Priberam''s Question Answering System for Portuguese.', 2005, '2014-08-15', 'conf/clef/AmaralFMMMP05a', 'http://ceur-ws.org/Vol-1171/CLEF2005wn-QACLEF-AmaralEt2005.pdf');
INSERT INTO Write (AuthorID, PaperID) VALUES (266, 435);
INSERT INTO Paper (PaperID, Title, Year, MDate, Key, DOI) VALUES (789, 'Priberam''s Question Answering System for Portuguese.', 2005, '2017-05-24', 'conf/clef/AmaralFMMMP05', 'https://doi.org/10.1007/11878773_46');
INSERT INTO Write (AuthorID, PaperID) VALUES (266, 789);
INSERT INTO Paper (PaperID, Title, Year, MDate, Key, DOI) VALUES (1639, 'Priberam''s Question Answering System in QA@CLEF 2007.', 2007, '2014-09-23', 'conf/clef/AmaralCFMMMPV07a', 'http://ceur-ws.org/Vol-1173/CLEF2007wn-QACLEF-AmaralEt2007.pdf');
INSERT INTO Write (AuthorID, PaperID) VALUES (266, 1639);
INSERT INTO Paper (PaperID, Title, Year, MDate, Key, DOI) VALUES (1684, 'Priberam''s Question Answering System in a Cross-Language Environment.', 2006, '2014-08-15', 'conf/clef/CassanFMMMPV06a', 'http://ceur-ws.org/Vol-1172/CLEF2006wn-QACLEF-CassanEt2006.pdf');
INSERT INTO Write (AuthorID, PaperID) VALUES (266, 1684);
INSERT INTO Paper (PaperID, Title, Year, MDate, Key, DOI) VALUES (2923, 'Priberam''s Question Answering System in a Cross-Language Environment.', 2006, '2017-05-24', 'conf/clef/CassanFMMMPV06', 'https://doi.org/10.1007/978-3-540-74999-8_37');
INSERT INTO Write (AuthorID, PaperID) VALUES (266, 2923);
INSERT INTO Paper (PaperID, Title, Year, MDate, Key, DOI) VALUES (3232, 'Priberam''s Question Answering System in QA@CLEF 2008.', 2008, '2017-05-24', 'conf/clef/AmaralCFMMMPP08', 'https://doi.org/10.1007/978-3-642-04447-2_39');
INSERT INTO Write (AuthorID, PaperID) VALUES (266, 3232);
INSERT INTO Author (AuthorID, Name) VALUES (267, 'Antoine Geissb&uuml;hler');
INSERT INTO Write (AuthorID, PaperID) VALUES (267, 239);
INSERT INTO Write (AuthorID, PaperID) VALUES (267, 762);
INSERT INTO Write (AuthorID, PaperID) VALUES (267, 816);
INSERT INTO Write (AuthorID, PaperID) VALUES (267, 821);
INSERT INTO Write (AuthorID, PaperID) VALUES (267, 2002);
INSERT INTO Write (AuthorID, PaperID) VALUES (267, 2740);
INSERT INTO Write (AuthorID, PaperID) VALUES (267, 3210);
INSERT INTO Write (AuthorID, PaperID) VALUES (267, 3333);
INSERT INTO Author (AuthorID, Name) VALUES (268, 'Craig Macdonald');
INSERT INTO Write (AuthorID, PaperID) VALUES (268, 640);
INSERT INTO Write (AuthorID, PaperID) VALUES (268, 1049);
INSERT INTO Write (AuthorID, PaperID) VALUES (268, 1351);
INSERT INTO Write (AuthorID, PaperID) VALUES (268, 2619);
INSERT INTO Write (AuthorID, PaperID) VALUES (268, 2924);
INSERT INTO Write (AuthorID, PaperID) VALUES (268, 2965);
INSERT INTO Write (AuthorID, PaperID) VALUES (268, 3004);
INSERT INTO Write (AuthorID, PaperID) VALUES (268, 3095);
INSERT INTO Author (AuthorID, Name) VALUES (269, 'Muath Alzghool');
INSERT INTO Paper (PaperID, Title, Year, MDate, Key, DOI) VALUES (21, 'Using Various Indexing Schemes and Multiple Translations in the CL-SR Task at CLEF 2005.', 2005, '2017-05-24', 'conf/clef/InkpenAI05', 'https://doi.org/10.1007/11878773_83');
INSERT INTO Write (AuthorID, PaperID) VALUES (269, 21);
INSERT INTO Paper (PaperID, Title, Year, MDate, Key, DOI) VALUES (792, 'Model Fusion Experiments for the Cross Language Speech Retrieval Task at CLEF 2007.', 2007, '2014-09-23', 'conf/clef/AlzghoolI07a', 'http://ceur-ws.org/Vol-1173/CLEF2007wn-CLSR-AlzghoolEt2007.pdf');
INSERT INTO Write (AuthorID, PaperID) VALUES (269, 792);
INSERT INTO Paper (PaperID, Title, Year, MDate, Key, DOI) VALUES (1921, 'Model Fusion Experiments for the CLSR Task at CLEF 2007.', 2007, '2017-05-24', 'conf/clef/AlzghoolI07', 'https://doi.org/10.1007/978-3-540-85760-0_88');
INSERT INTO Write (AuthorID, PaperID) VALUES (269, 1921);
INSERT INTO Paper (PaperID, Title, Year, MDate, Key, DOI) VALUES (2048, 'University of Ottawa''s Participation in the CL-SR Task at CLEF 2006.', 2006, '2014-08-15', 'conf/clef/AlzghoolI06a', 'http://ceur-ws.org/Vol-1172/CLEF2006wn-CLSR-AlzghoolEt2006.pdf');
INSERT INTO Write (AuthorID, PaperID) VALUES (269, 2048);
INSERT INTO Paper (PaperID, Title, Year, MDate, Key, DOI) VALUES (2293, 'University of Ottawa''s Contribution to CLEF 2005, the CL-SR Track.', 2005, '2014-08-15', 'conf/clef/InkpenAI05a', 'http://ceur-ws.org/Vol-1171/CLEF2005wn-CLSR-InkpenEt2005.pdf');
INSERT INTO Write (AuthorID, PaperID) VALUES (269, 2293);
INSERT INTO Paper (PaperID, Title, Year, MDate, Key, DOI) VALUES (2470, 'Clustering for Photo Retrieval at Image CLEF 2008.', 2008, '2014-09-29', 'conf/clef/InkpenSDA08a', 'http://ceur-ws.org/Vol-1174/CLEF2008wn-ImageCLEF-InkpenEt2008.pdf');
INSERT INTO Write (AuthorID, PaperID) VALUES (269, 2470);
INSERT INTO Paper (PaperID, Title, Year, MDate, Key, DOI) VALUES (2676, 'Experiments for the Cross Language Speech Retrieval Task at CLEF 2006.', 2006, '2017-05-24', 'conf/clef/AlzghoolI06', 'https://doi.org/10.1007/978-3-540-74999-8_98');
INSERT INTO Write (AuthorID, PaperID) VALUES (269, 2676);
INSERT INTO Paper (PaperID, Title, Year, MDate, Key, DOI) VALUES (2946, 'Clustering for Photo Retrieval at Image CLEF 2008.', 2008, '2017-05-24', 'conf/clef/InkpenSDA08', 'https://doi.org/10.1007/978-3-642-04447-2_86');
INSERT INTO Write (AuthorID, PaperID) VALUES (269, 2946);
INSERT INTO Author (AuthorID, Name) VALUES (270, 'Gabriella Pasi');
INSERT INTO Paper (PaperID, Title, Year, MDate, Key, DOI) VALUES (922, 'Concept Term Expansion Approach for Monitoring Reputation of Companies on Twitter.', 2012, '2014-09-24', 'conf/clef/QureshiOP12', 'http://www.clef-initiative.eu/documents/71612/82b9a7d9-ac2b-4084-8f62-2b400092420f');
INSERT INTO Write (AuthorID, PaperID) VALUES (270, 922);
INSERT INTO Paper (PaperID, Title, Year, MDate, Key, DOI) VALUES (1106, 'CIRG IRGDISCO at RepLab2013 Filtering Task: Use of Wikipedia''s Graph Structure for Entity Name Disambiguation in Tweets.', 2013, '2014-09-10', 'conf/clef/0001YAOP13', 'http://ceur-ws.org/Vol-1179/CLEF2013wn-RepLab-QureshiEt2013.pdf');
INSERT INTO Write (AuthorID, PaperID) VALUES (270, 1106);
INSERT INTO Write (AuthorID, PaperID) VALUES (270, 1328);
INSERT INTO Write (AuthorID, PaperID) VALUES (270, 1382);
INSERT INTO Write (AuthorID, PaperID) VALUES (270, 1519);
INSERT INTO Write (AuthorID, PaperID) VALUES (270, 2008);
INSERT INTO Paper (PaperID, Title, Year, MDate, Key, DOI) VALUES (3252, 'CIRGIRGDISCO at RepLab2014 Reputation Dimension Task: Using Wikipedia Graph Structure for Classifying the Reputation Dimension of a Tweet.', 2014, '2014-09-10', 'conf/clef/0001YOP14', 'http://ceur-ws.org/Vol-1180/CLEF2014wn-Rep-QureshiEt2014.pdf');
INSERT INTO Write (AuthorID, PaperID) VALUES (270, 3252);
INSERT INTO Paper (PaperID, Title, Year, MDate, Key, DOI) VALUES (3334, 'CIRGDISCO at RepLab2012 Filtering Task: A Two-Pass Approach for Company Name Disambiguation in Tweets.', 2012, '2014-09-24', 'conf/clef/YounusOP12', 'http://www.clef-initiative.eu/documents/71612/c0290d7f-55ad-44da-b9e6-41397216c419');
INSERT INTO Write (AuthorID, PaperID) VALUES (270, 3334);
INSERT INTO Author (AuthorID, Name) VALUES (271, 'Dong Zhou');
INSERT INTO Paper (PaperID, Title, Year, MDate, Key, DOI) VALUES (487, 'Smoothing Methods and Cross-Language Document Re-ranking.', 2009, '2017-05-24', 'conf/clef/ZhouW09', 'https://doi.org/10.1007/978-3-642-15754-7_6');
INSERT INTO Write (AuthorID, PaperID) VALUES (271, 487);
INSERT INTO Paper (PaperID, Title, Year, MDate, Key, DOI) VALUES (579, 'Ambiguity and Unknown Term Translation in CLIR.', 2007, '2014-09-23', 'conf/clef/ZhouTB07a', 'http://ceur-ws.org/Vol-1173/CLEF2007wn-adhoc-ZhouEt2007.pdf');
INSERT INTO Write (AuthorID, PaperID) VALUES (271, 579);
INSERT INTO Write (AuthorID, PaperID) VALUES (271, 999);
INSERT INTO Paper (PaperID, Title, Year, MDate, Key, DOI) VALUES (1502, 'Disambiguation and Unknown Term Translation in Cross Language Information Retrieval.', 2007, '2017-05-24', 'conf/clef/ZhouTB07', 'https://doi.org/10.1007/978-3-540-85760-0_8');
INSERT INTO Write (AuthorID, PaperID) VALUES (271, 1502);
INSERT INTO Paper (PaperID, Title, Year, MDate, Key, DOI) VALUES (2834, 'TCD-DCU at TEL@CLEF 2009: Document Expansion, Query Translation and Language Modeling.', 2009, '2014-09-29', 'conf/clef/ZhouW09b', 'http://ceur-ws.org/Vol-1175/CLEF2009wn-adhoc-LevelingEt2009.pdf');
INSERT INTO Write (AuthorID, PaperID) VALUES (271, 2834);
INSERT INTO Write (AuthorID, PaperID) VALUES (271, 3018);
INSERT INTO Write (AuthorID, PaperID) VALUES (271, 3053);
INSERT INTO Paper (PaperID, Title, Year, MDate, Key, DOI) VALUES (3170, 'Language Modeling and Document Re-Ranking: Trinity Experiments at TEL@CLEF-2009.', 2009, '2014-09-29', 'conf/clef/ZhouW09a', 'http://ceur-ws.org/Vol-1175/CLEF2009wn-adhoc-ZhouEt2009.pdf');
INSERT INTO Write (AuthorID, PaperID) VALUES (271, 3170);
INSERT INTO Author (AuthorID, Name) VALUES (272, 'David Walsh 0001');
INSERT INTO Write (AuthorID, PaperID) VALUES (272, 429);
INSERT INTO Write (AuthorID, PaperID) VALUES (272, 1245);
INSERT INTO Write (AuthorID, PaperID) VALUES (272, 1546);
INSERT INTO Write (AuthorID, PaperID) VALUES (272, 2460);
INSERT INTO Write (AuthorID, PaperID) VALUES (272, 2939);
INSERT INTO Paper (PaperID, Title, Year, MDate, Key, DOI) VALUES (2975, 'Edge Hill Computing @ Interactive Social Book Search 2015.', 2015, '2017-09-07', 'conf/clef/CampbellHW15', 'http://ceur-ws.org/Vol-1391/108-CR.pdf');
INSERT INTO Write (AuthorID, PaperID) VALUES (272, 2975);
INSERT INTO Write (AuthorID, PaperID) VALUES (272, 3370);
INSERT INTO Paper (PaperID, Title, Year, MDate, Key, DOI) VALUES (3456, 'The Edge Hill Contribution to the INEX Interactive Social Book Search Task.', 2014, '2017-09-07', 'conf/clef/WalshH14', 'http://ceur-ws.org/Vol-1180/CLEF2014wn-Inex-WalshEt2014.pdf');
INSERT INTO Write (AuthorID, PaperID) VALUES (272, 3456);
INSERT INTO Author (AuthorID, Name) VALUES (273, 'Afonso Mendes');
INSERT INTO Write (AuthorID, PaperID) VALUES (273, 136);
INSERT INTO Write (AuthorID, PaperID) VALUES (273, 189);
INSERT INTO Write (AuthorID, PaperID) VALUES (273, 435);
INSERT INTO Write (AuthorID, PaperID) VALUES (273, 789);
INSERT INTO Write (AuthorID, PaperID) VALUES (273, 1639);
INSERT INTO Write (AuthorID, PaperID) VALUES (273, 1684);
INSERT INTO Write (AuthorID, PaperID) VALUES (273, 2923);
INSERT INTO Write (AuthorID, PaperID) VALUES (273, 3232);
INSERT INTO Author (AuthorID, Name) VALUES (274, 'Sonia V&aacute;zquez');
INSERT INTO Write (AuthorID, PaperID) VALUES (274, 788);
INSERT INTO Write (AuthorID, PaperID) VALUES (274, 873);
INSERT INTO Write (AuthorID, PaperID) VALUES (274, 1154);
INSERT INTO Write (AuthorID, PaperID) VALUES (274, 1951);
INSERT INTO Write (AuthorID, PaperID) VALUES (274, 2493);
INSERT INTO Write (AuthorID, PaperID) VALUES (274, 2641);
INSERT INTO Write (AuthorID, PaperID) VALUES (274, 3359);
INSERT INTO Write (AuthorID, PaperID) VALUES (274, 3444);
INSERT INTO Author (AuthorID, Name) VALUES (275, 'Jes&uacute;s Peral');
INSERT INTO Write (AuthorID, PaperID) VALUES (275, 122);
INSERT INTO Write (AuthorID, PaperID) VALUES (275, 151);
INSERT INTO Write (AuthorID, PaperID) VALUES (275, 755);
INSERT INTO Write (AuthorID, PaperID) VALUES (275, 1291);
INSERT INTO Write (AuthorID, PaperID) VALUES (275, 1415);
INSERT INTO Write (AuthorID, PaperID) VALUES (275, 2192);
INSERT INTO Write (AuthorID, PaperID) VALUES (275, 3462);
INSERT INTO Write (AuthorID, PaperID) VALUES (275, 3485);
INSERT INTO Author (AuthorID, Name) VALUES (276, 'Danilo Giampiccolo');
INSERT INTO Write (AuthorID, PaperID) VALUES (276, 142);
INSERT INTO Write (AuthorID, PaperID) VALUES (276, 265);
INSERT INTO Write (AuthorID, PaperID) VALUES (276, 633);
INSERT INTO Write (AuthorID, PaperID) VALUES (276, 1163);
INSERT INTO Write (AuthorID, PaperID) VALUES (276, 2789);
INSERT INTO Write (AuthorID, PaperID) VALUES (276, 2836);
INSERT INTO Write (AuthorID, PaperID) VALUES (276, 3147);
INSERT INTO Write (AuthorID, PaperID) VALUES (276, 3286);
INSERT INTO Author (AuthorID, Name) VALUES (277, 'Michael P. Oakes');
INSERT INTO Write (AuthorID, PaperID) VALUES (277, 128);
INSERT INTO Paper (PaperID, Title, Year, MDate, Key, DOI) VALUES (1490, 'A Search Engine Based on Query Logs, and Search Log Analysis by Automatic Language Identification.', 2009, '2017-05-24', 'conf/clef/OakesX09', 'https://doi.org/10.1007/978-3-642-15754-7_64');
INSERT INTO Write (AuthorID, PaperID) VALUES (277, 1490);
INSERT INTO Write (AuthorID, PaperID) VALUES (277, 1617);
INSERT INTO Paper (PaperID, Title, Year, MDate, Key, DOI) VALUES (1742, 'Regular Sound Changes for Cross-language Information Retrieval.', 2003, '2014-08-15', 'conf/clef/OakesB03a', 'http://ceur-ws.org/Vol-1169/CLEF2003wn-adhoc-OakesEt2003.pdf');
INSERT INTO Write (AuthorID, PaperID) VALUES (277, 1742);
INSERT INTO Write (AuthorID, PaperID) VALUES (277, 2158);
INSERT INTO Paper (PaperID, Title, Year, MDate, Key, DOI) VALUES (2504, 'A Search Engine based on Query Logs and Search Log Analysis at the University of Sunderland.', 2009, '2014-09-29', 'conf/clef/OakesX09a', 'http://ceur-ws.org/Vol-1175/CLEF2009wn-LogCLEF-OakesEt2009.pdf');
INSERT INTO Write (AuthorID, PaperID) VALUES (277, 2504);
INSERT INTO Write (AuthorID, PaperID) VALUES (277, 2771);
INSERT INTO Paper (PaperID, Title, Year, MDate, Key, DOI) VALUES (2805, 'Regular Sound Changes for Cross-Language Information Retrieval.', 2003, '2017-05-24', 'conf/clef/OakesB03', 'https://doi.org/10.1007/978-3-540-30222-3_25');
INSERT INTO Write (AuthorID, PaperID) VALUES (277, 2805);
INSERT INTO Author (AuthorID, Name) VALUES (278, 'Erchan Aptoula');
INSERT INTO Paper (PaperID, Title, Year, MDate, Key, DOI) VALUES (322, 'Plant Identification with Deep Learning Ensembles.', 2018, '2018-08-08', 'conf/clef/AtitoYAGYYSS18', 'http://ceur-ws.org/Vol-2125/paper_176.pdf');
INSERT INTO Write (AuthorID, PaperID) VALUES (278, 322);
INSERT INTO Paper (PaperID, Title, Year, MDate, Key, DOI) VALUES (500, 'Sabanci-Okan System in LifeCLEF 2015 Plant Identification Competition.', 2015, '2015-09-03', 'conf/clef/Mehdipour-Ghazi15', 'http://ceur-ws.org/Vol-1391/43-CR.pdf');
INSERT INTO Write (AuthorID, PaperID) VALUES (278, 500);
INSERT INTO Paper (PaperID, Title, Year, MDate, Key, DOI) VALUES (1041, 'Sabanci-Okan System at ImageClef 2011: Plant Identification Task.', 2011, '2014-09-24', 'conf/clef/YanikogluAT11', 'http://www.clef-initiative.eu/documents/71612/86377/CLEF2011wn-ImageCLEF-YanikogluEt2011.pdf');
INSERT INTO Write (AuthorID, PaperID) VALUES (278, 1041);
INSERT INTO Paper (PaperID, Title, Year, MDate, Key, DOI) VALUES (1497, 'Open-set Plant Identification Using an Ensemble of Deep Convolutional Neural Networks.', 2016, '2016-08-11', 'conf/clef/Mehdipour-Ghazi16', 'http://ceur-ws.org/Vol-1609/16090518.pdf');
INSERT INTO Write (AuthorID, PaperID) VALUES (278, 1497);
INSERT INTO Paper (PaperID, Title, Year, MDate, Key, DOI) VALUES (1541, 'Sabanci-Okan System at ImageClef 2013 Plant Identification Competition.', 2013, '2014-09-10', 'conf/clef/YanikogluAY13', 'http://ceur-ws.org/Vol-1179/CLEF2013wn-ImageCLEF-YanikogluEt2013.pdf');
INSERT INTO Write (AuthorID, PaperID) VALUES (278, 1541);
INSERT INTO Paper (PaperID, Title, Year, MDate, Key, DOI) VALUES (1714, 'Plant Identification with Large Number of Classes: SabanciU-GebzeTU System in PlantCLEF 2017.', 2017, '2017-08-15', 'conf/clef/AtitoYA17', 'http://ceur-ws.org/Vol-1866/paper_175.pdf');
INSERT INTO Write (AuthorID, PaperID) VALUES (278, 1714);
INSERT INTO Paper (PaperID, Title, Year, MDate, Key, DOI) VALUES (2210, 'Sabanci-Okan System at LifeCLEF 2014 Plant Identication Competition.', 2014, '2014-09-10', 'conf/clef/YanikogluYTA14', 'http://ceur-ws.org/Vol-1180/CLEF2014wn-Life-YanicogluEt2014.pdf');
INSERT INTO Write (AuthorID, PaperID) VALUES (278, 2210);
INSERT INTO Paper (PaperID, Title, Year, MDate, Key, DOI) VALUES (2978, 'Sabanci-Okan System at ImageClef 2012: Combining Features and Classifiers for Plant Identification.', 2012, '2014-09-24', 'conf/clef/YanikogluAT12', 'http://www.clef-initiative.eu/documents/71612/febfd3a8-9474-49a6-9e20-50285f1c8b11');
INSERT INTO Write (AuthorID, PaperID) VALUES (278, 2978);
INSERT INTO Author (AuthorID, Name) VALUES (279, 'Pedro Mendes');
INSERT INTO Write (AuthorID, PaperID) VALUES (279, 136);
INSERT INTO Write (AuthorID, PaperID) VALUES (279, 189);
INSERT INTO Write (AuthorID, PaperID) VALUES (279, 435);
INSERT INTO Write (AuthorID, PaperID) VALUES (279, 789);
INSERT INTO Write (AuthorID, PaperID) VALUES (279, 1639);
INSERT INTO Write (AuthorID, PaperID) VALUES (279, 1684);
INSERT INTO Write (AuthorID, PaperID) VALUES (279, 2923);
INSERT INTO Write (AuthorID, PaperID) VALUES (279, 3232);
INSERT INTO Author (AuthorID, Name) VALUES (280, 'Fabio Crestani');
INSERT INTO Paper (PaperID, Title, Year, MDate, Key, DOI) VALUES (58, 'eRISK 2017: CLEF Lab on Early Risk Prediction on the Internet: Experimental Foundations.', 2017, '2018-11-02', 'conf/clef/LosadaCP17a', 'https://doi.org/10.1007/978-3-319-65813-1_30');
INSERT INTO Write (AuthorID, PaperID) VALUES (280, 58);
INSERT INTO Write (AuthorID, PaperID) VALUES (280, 1240);
INSERT INTO Paper (PaperID, Title, Year, MDate, Key, DOI) VALUES (1548, 'A Test Collection for Research on Depression and Language Use.', 2016, '2018-11-02', 'conf/clef/LosadaC16', 'https://doi.org/10.1007/978-3-319-44564-9_3');
INSERT INTO Write (AuthorID, PaperID) VALUES (280, 1548);
INSERT INTO Paper (PaperID, Title, Year, MDate, Key, DOI) VALUES (2170, 'Overview of the International Sexual Predator Identification Competition at PAN-2012.', 2012, '2014-09-24', 'conf/clef/InchesC12', 'http://www.clef-initiative.eu/documents/71612/1b156cda-c20f-4af2-8b6b-d2f914696c8a');
INSERT INTO Write (AuthorID, PaperID) VALUES (280, 2170);
INSERT INTO Paper (PaperID, Title, Year, MDate, Key, DOI) VALUES (2188, 'A Realistic Approach Towards Users'' Simulation.', 2017, '2017-08-15', 'conf/clef/BarifahLC17', 'http://ceur-ws.org/Vol-1866/paper_191.pdf');
INSERT INTO Write (AuthorID, PaperID) VALUES (280, 2188);
INSERT INTO Paper (PaperID, Title, Year, MDate, Key, DOI) VALUES (2312, 'Overview of eRisk: Early Risk Prediction on the Internet (Extended Lab Overview).', 2018, '2018-08-08', 'conf/clef/LosadaCP18', 'http://ceur-ws.org/Vol-2125/invited_paper_1.pdf');
INSERT INTO Write (AuthorID, PaperID) VALUES (280, 2312);
INSERT INTO Paper (PaperID, Title, Year, MDate, Key, DOI) VALUES (3060, 'CLEF 2017 eRisk Overview: Early Risk Prediction on the Internet: Experimental Foundations.', 2017, '2017-08-15', 'conf/clef/LosadaCP17', 'http://ceur-ws.org/Vol-1866/invited_paper_5.pdf');
INSERT INTO Write (AuthorID, PaperID) VALUES (280, 3060);
INSERT INTO Paper (PaperID, Title, Year, MDate, Key, DOI) VALUES (3303, 'Overview of eRisk: Early Risk Prediction on the Internet.', 2018, '2018-11-02', 'conf/clef/LosadaCP18a', 'https://doi.org/10.1007/978-3-319-98932-7_30');
INSERT INTO Write (AuthorID, PaperID) VALUES (280, 3303);
INSERT INTO Author (AuthorID, Name) VALUES (281, 'Andreas Rauber');
INSERT INTO Write (AuthorID, PaperID) VALUES (281, 596);
INSERT INTO Paper (PaperID, Title, Year, MDate, Key, DOI) VALUES (1359, 'A Hybrid Approach for Multi-faceted IR in Multimodal Domain.', 2014, '2017-05-24', 'conf/clef/SabetghadamBR14', 'https://doi.org/10.1007/978-3-319-11382-1_9');
INSERT INTO Write (AuthorID, PaperID) VALUES (281, 1359);
INSERT INTO Write (AuthorID, PaperID) VALUES (281, 1402);
INSERT INTO Write (AuthorID, PaperID) VALUES (281, 1408);
INSERT INTO Paper (PaperID, Title, Year, MDate, Key, DOI) VALUES (1498, 'Mining Query Logs of USPTO Patent Examiners.', 2013, '2017-05-24', 'conf/clef/TannebaumR13', 'https://doi.org/10.1007/978-3-642-40802-1_17');
INSERT INTO Write (AuthorID, PaperID) VALUES (281, 1498);
INSERT INTO Paper (PaperID, Title, Year, MDate, Key, DOI) VALUES (1571, 'Effect of Log-Based Query Term Expansion on Retrieval Effectiveness in Patent Searching.', 2015, '2017-05-24', 'conf/clef/TannebaumMR15', 'https://doi.org/10.1007/978-3-319-24027-5_32');
INSERT INTO Write (AuthorID, PaperID) VALUES (281, 1571);
INSERT INTO Write (AuthorID, PaperID) VALUES (281, 1876);
INSERT INTO Write (AuthorID, PaperID) VALUES (281, 2402);
INSERT INTO Author (AuthorID, Name) VALUES (282, 'Christina Lioma');
INSERT INTO Write (AuthorID, PaperID) VALUES (282, 1049);
INSERT INTO Paper (PaperID, Title, Year, MDate, Key, DOI) VALUES (1618, 'The Copenhagen Team Participation in the Factuality Task of the Competition of Automatic Identification and Verification of Claims in Political Debates of the CLEF-2018 Fact Checking Lab.', 2018, '2018-08-08', 'conf/clef/WangSLL18', 'http://ceur-ws.org/Vol-2125/paper_98.pdf');
INSERT INTO Write (AuthorID, PaperID) VALUES (282, 1618);
INSERT INTO Write (AuthorID, PaperID) VALUES (282, 1883);
INSERT INTO Write (AuthorID, PaperID) VALUES (282, 2367);
INSERT INTO Paper (PaperID, Title, Year, MDate, Key, DOI) VALUES (2529, 'The Copenhagen Team Participation in the Check-Worthiness Task of the Competition of Automatic Identification and Verification of Claims in Political Debates of the CLEF-2018 CheckThat! Lab.', 2018, '2018-08-08', 'conf/clef/HansenHSL18', 'http://ceur-ws.org/Vol-2125/paper_81.pdf');
INSERT INTO Write (AuthorID, PaperID) VALUES (282, 2529);
INSERT INTO Write (AuthorID, PaperID) VALUES (282, 2619);
INSERT INTO Write (AuthorID, PaperID) VALUES (282, 3004);
INSERT INTO Write (AuthorID, PaperID) VALUES (282, 3095);
INSERT INTO Author (AuthorID, Name) VALUES (283, 'Zhong-Qiu Zhao');
INSERT INTO Write (AuthorID, PaperID) VALUES (283, 592);
INSERT INTO Write (AuthorID, PaperID) VALUES (283, 750);
INSERT INTO Write (AuthorID, PaperID) VALUES (283, 1013);
INSERT INTO Write (AuthorID, PaperID) VALUES (283, 1223);
INSERT INTO Write (AuthorID, PaperID) VALUES (283, 1622);
INSERT INTO Write (AuthorID, PaperID) VALUES (283, 1741);
INSERT INTO Write (AuthorID, PaperID) VALUES (283, 1833);
INSERT INTO Write (AuthorID, PaperID) VALUES (283, 3148);
INSERT INTO Author (AuthorID, Name) VALUES (284, 'Wei-Pang Yang');
INSERT INTO Write (AuthorID, PaperID) VALUES (284, 184);
INSERT INTO Write (AuthorID, PaperID) VALUES (284, 1150);
INSERT INTO Write (AuthorID, PaperID) VALUES (284, 1440);
INSERT INTO Write (AuthorID, PaperID) VALUES (284, 1449);
INSERT INTO Write (AuthorID, PaperID) VALUES (284, 1872);
INSERT INTO Write (AuthorID, PaperID) VALUES (284, 2231);
INSERT INTO Paper (PaperID, Title, Year, MDate, Key, DOI) VALUES (3107, 'CYU_IM@ImageCLEF 2007: Medical Image Annotation Task.', 2007, '2014-09-23', 'conf/clef/ChengY07', 'http://ceur-ws.org/Vol-1173/CLEF2007wn-ImageCLEF-ChengEt2007.pdf');
INSERT INTO Write (AuthorID, PaperID) VALUES (284, 3107);
INSERT INTO Write (AuthorID, PaperID) VALUES (284, 3395);
INSERT INTO Author (AuthorID, Name) VALUES (285, 'Rao Muhammad Adeel Nawab');
INSERT INTO Paper (PaperID, Title, Year, MDate, Key, DOI) VALUES (308, 'Cross-Genre Author Profile Prediction Using Stylometry-Based Approach.', 2016, '2016-08-11', 'conf/clef/AshrafIN16', 'http://ceur-ws.org/Vol-1609/16090992.pdf');
INSERT INTO Write (AuthorID, PaperID) VALUES (285, 308);
INSERT INTO Write (AuthorID, PaperID) VALUES (285, 834);
INSERT INTO Write (AuthorID, PaperID) VALUES (285, 938);
INSERT INTO Paper (PaperID, Title, Year, MDate, Key, DOI) VALUES (1176, 'Author''s Traits Prediction on Twitter Data using Content Based Approach.', 2015, '2015-09-03', 'conf/clef/NajibCN15', 'http://ceur-ws.org/Vol-1391/96-CR.pdf');
INSERT INTO Write (AuthorID, PaperID) VALUES (285, 1176);
INSERT INTO Paper (PaperID, Title, Year, MDate, Key, DOI) VALUES (1336, 'Author Diarization Using Cluster-Distance Approach.', 2016, '2016-08-11', 'conf/clef/SittarIN16', 'http://ceur-ws.org/Vol-1609/16091000.pdf');
INSERT INTO Write (AuthorID, PaperID) VALUES (285, 1336);
INSERT INTO Paper (PaperID, Title, Year, MDate, Key, DOI) VALUES (1885, 'Identification of Author Personality Traits using Stylistic Features: Notebook for PAN at CLEF 2015.', 2015, '2015-09-03', 'conf/clef/PervazASN15', 'http://ceur-ws.org/Vol-1391/64-CR.pdf');
INSERT INTO Write (AuthorID, PaperID) VALUES (285, 1885);
INSERT INTO Paper (PaperID, Title, Year, MDate, Key, DOI) VALUES (1945, 'A Corpus for Analyzing Text Reuse by People of Different Groups.', 2015, '2015-09-07', 'conf/clef/CheemaNABSN15', 'http://ceur-ws.org/Vol-1391/95-CR.pdf');
INSERT INTO Write (AuthorID, PaperID) VALUES (285, 1945);
INSERT INTO Paper (PaperID, Title, Year, MDate, Key, DOI) VALUES (2854, 'Predicting an Author''s Demographics from Text using Topic Modeling Approach.', 2015, '2015-09-03', 'conf/clef/IqbalAN15', 'http://ceur-ws.org/Vol-1391/75-CR.pdf');
INSERT INTO Write (AuthorID, PaperID) VALUES (285, 2854);
INSERT INTO Author (AuthorID, Name) VALUES (286, 'Juan-Manuel Torres-Moreno');
INSERT INTO Paper (PaperID, Title, Year, MDate, Key, DOI) VALUES (23, 'Three Statistical Summarizers at CLEF-INEX 2013 Tweet Contextualization Track.', 2014, '2014-09-10', 'conf/clef/Torres-Moreno14', 'http://ceur-ws.org/Vol-1180/CLEF2014wn-Inex-TorresMoreno2014.pdf');
INSERT INTO Write (AuthorID, PaperID) VALUES (286, 23);
INSERT INTO Paper (PaperID, Title, Year, MDate, Key, DOI) VALUES (1322, 'Microblog Contextualization: Advantages and Limitations of a Multi-sentence Compression Approach.', 2017, '2018-08-20', 'conf/clef/PontesHT17', 'https://doi.org/10.1007/978-3-319-98932-7_17');
INSERT INTO Write (AuthorID, PaperID) VALUES (286, 1322);
INSERT INTO Paper (PaperID, Title, Year, MDate, Key, DOI) VALUES (1582, 'Two Statistical Summarizers at INEX 2012 Tweet Contextualization Track.', 2012, '2014-09-24', 'conf/clef/MorenoV12', 'http://www.clef-initiative.eu/documents/71612/85b6d0d9-0736-4f33-b58b-c30ce671ecd5');
INSERT INTO Write (AuthorID, PaperID) VALUES (286, 1582);
INSERT INTO Write (AuthorID, PaperID) VALUES (286, 2477);
INSERT INTO Paper (PaperID, Title, Year, MDate, Key, DOI) VALUES (2602, 'LIA@RepLab 2013.', 2013, '2014-09-10', 'conf/clef/CossuBBMBSDBTE13', 'http://ceur-ws.org/Vol-1179/CLEF2013wn-RepLab-CossuEt2013.pdf');
INSERT INTO Write (AuthorID, PaperID) VALUES (286, 2602);
INSERT INTO Paper (PaperID, Title, Year, MDate, Key, DOI) VALUES (2751, 'Microblog Contextualization using Continuous Space Vectors: Multi-Sentence Compression of Cultural Documents.', 2017, '2017-08-15', 'conf/clef/PontesHTL17', 'http://ceur-ws.org/Vol-1866/paper_79.pdf');
INSERT INTO Write (AuthorID, PaperID) VALUES (286, 2751);
INSERT INTO Paper (PaperID, Title, Year, MDate, Key, DOI) VALUES (3207, 'Ultra-stemming and Statistical Summarization at INEX 2013 Tweet Contextualization Track.', 2013, '2014-10-09', 'conf/clef/Torres-MorenoV13', 'http://ceur-ws.org/Vol-1179/CLEF2013wn-INEX-TorresMorenoEt2013.pdf');
INSERT INTO Write (AuthorID, PaperID) VALUES (286, 3207);
INSERT INTO Paper (PaperID, Title, Year, MDate, Key, DOI) VALUES (3511, 'Tweet Contextualization using Continuous Space Vectors: Automatic Summarization of Cultural Documents.', 2016, '2016-08-11', 'conf/clef/PontesTHL16', 'http://ceur-ws.org/Vol-1609/16091238.pdf');
INSERT INTO Write (AuthorID, PaperID) VALUES (286, 3511);
INSERT INTO Author (AuthorID, Name) VALUES (287, 'Mathias G&eacute;ry');
INSERT INTO Write (AuthorID, PaperID) VALUES (287, 59);
INSERT INTO Paper (PaperID, Title, Year, MDate, Key, DOI) VALUES (793, 'Combining Text/Image in WikipediaMM Task 2009.', 2009, '2014-09-29', 'conf/clef/MoulinBLGDL09a', 'http://ceur-ws.org/Vol-1175/CLEF2009wn-ImageCLEF-MoulinEt2009.pdf');
INSERT INTO Write (AuthorID, PaperID) VALUES (287, 793);
INSERT INTO Paper (PaperID, Title, Year, MDate, Key, DOI) VALUES (1228, 'UJM at ImageCLEFwiki 2008.', 2008, '2014-09-29', 'conf/clef/MoulinBGDL08a', 'http://ceur-ws.org/Vol-1174/CLEF2008wn-ImageCLEF-MoulinEt2008.pdf');
INSERT INTO Write (AuthorID, PaperID) VALUES (287, 1228);
INSERT INTO Paper (PaperID, Title, Year, MDate, Key, DOI) VALUES (1623, 'LaHC at CLEF 2015 SBS Lab.', 2015, '2015-09-03', 'conf/clef/AmerG15', 'http://ceur-ws.org/Vol-1391/11-CR.pdf');
INSERT INTO Write (AuthorID, PaperID) VALUES (287, 1623);
INSERT INTO Write (AuthorID, PaperID) VALUES (287, 1762);
INSERT INTO Paper (PaperID, Title, Year, MDate, Key, DOI) VALUES (1849, 'Combining Text/Image in WikipediaMM Task 2009.', 2009, '2017-05-24', 'conf/clef/MoulinBLGDL09', 'https://doi.org/10.1007/978-3-642-15751-6_18');
INSERT INTO Write (AuthorID, PaperID) VALUES (287, 1849);
INSERT INTO Paper (PaperID, Title, Year, MDate, Key, DOI) VALUES (2479, 'LaHC at INEX 2014: Social Book Search Track.', 2014, '2014-09-10', 'conf/clef/HafsiGB14', 'http://ceur-ws.org/Vol-1180/CLEF2014wn-Inex-HafsiEt2014.pdf');
INSERT INTO Write (AuthorID, PaperID) VALUES (287, 2479);
INSERT INTO Paper (PaperID, Title, Year, MDate, Key, DOI) VALUES (2650, 'UJM at ImageCLEFwiki 2008.', 2008, '2017-05-24', 'conf/clef/MoulinBGDL08', 'https://doi.org/10.1007/978-3-642-04447-2_101');
INSERT INTO Write (AuthorID, PaperID) VALUES (287, 2650);
INSERT INTO Author (AuthorID, Name) VALUES (288, 'Bipin C. Desai');
INSERT INTO Write (AuthorID, PaperID) VALUES (288, 680);
INSERT INTO Write (AuthorID, PaperID) VALUES (288, 1196);
INSERT INTO Write (AuthorID, PaperID) VALUES (288, 1346);
INSERT INTO Write (AuthorID, PaperID) VALUES (288, 2392);
INSERT INTO Paper (PaperID, Title, Year, MDate, Key, DOI) VALUES (2865, 'Cross Lingual Question Answering using CINDI_QA for QA@CLEF 2007.', 2007, '2014-09-23', 'conf/clef/HaddadD07a', 'http://ceur-ws.org/Vol-1173/CLEF2007wn-QACLEF-HaddadEt2007.pdf');
INSERT INTO Write (AuthorID, PaperID) VALUES (288, 2865);
INSERT INTO Paper (PaperID, Title, Year, MDate, Key, DOI) VALUES (3048, 'Bilingual Question Answering Using CINDI QA at QA@CLEF 2007.', 2007, '2017-05-24', 'conf/clef/HaddadD07', 'https://doi.org/10.1007/978-3-540-85760-0_37');
INSERT INTO Write (AuthorID, PaperID) VALUES (288, 3048);
INSERT INTO Write (AuthorID, PaperID) VALUES (288, 3097);
INSERT INTO Write (AuthorID, PaperID) VALUES (288, 3399);
INSERT INTO Author (AuthorID, Name) VALUES (289, 'H&eacute;ctor Jim&eacute;nez-Salazar');
INSERT INTO Write (AuthorID, PaperID) VALUES (289, 454);
INSERT INTO Write (AuthorID, PaperID) VALUES (289, 862);
INSERT INTO Write (AuthorID, PaperID) VALUES (289, 904);
INSERT INTO Write (AuthorID, PaperID) VALUES (289, 1129);
INSERT INTO Write (AuthorID, PaperID) VALUES (289, 1844);
INSERT INTO Write (AuthorID, PaperID) VALUES (289, 2199);
INSERT INTO Paper (PaperID, Title, Year, MDate, Key, DOI) VALUES (2257, 'UAMCLyR at Replab2013: Monitoring Task.', 2013, '2014-09-11', 'conf/clef/Sanchez-SanchezJL13', 'http://ceur-ws.org/Vol-1179/CLEF2013wn-RepLab-SanchezSanchezEt2013.pdf');
INSERT INTO Write (AuthorID, PaperID) VALUES (289, 2257);
INSERT INTO Write (AuthorID, PaperID) VALUES (289, 3260);
INSERT INTO Author (AuthorID, Name) VALUES (290, 'David E. Losada');
INSERT INTO Write (AuthorID, PaperID) VALUES (290, 58);
INSERT INTO Paper (PaperID, Title, Year, MDate, Key, DOI) VALUES (729, 'A Learning-Based Approach for the Identification of Sexual Predators in Chat Logs.', 2012, '2014-09-24', 'conf/clef/ParaparLB12', 'http://www.clef-initiative.eu/documents/71612/e8f42c49-0dbc-4651-88d9-9d2d6347d3d9');
INSERT INTO Write (AuthorID, PaperID) VALUES (290, 729);
INSERT INTO Write (AuthorID, PaperID) VALUES (290, 1548);
INSERT INTO Write (AuthorID, PaperID) VALUES (290, 2312);
INSERT INTO Paper (PaperID, Title, Year, MDate, Key, DOI) VALUES (2442, 'Formulating Good Queries for Prior Art Search.', 2009, '2018-11-02', 'conf/clef/ToucedoL09', 'https://doi.org/10.1007/978-3-642-15754-7_49');
INSERT INTO Write (AuthorID, PaperID) VALUES (290, 2442);
INSERT INTO Paper (PaperID, Title, Year, MDate, Key, DOI) VALUES (2462, 'University of Santiago de Compostela at CLEF-IP09.', 2009, '2014-09-29', 'conf/clef/ToucedoL09a', 'http://ceur-ws.org/Vol-1175/CLEF2009wn-CLEFIP-ToucedoEt2009.pdf');
INSERT INTO Write (AuthorID, PaperID) VALUES (290, 2462);
INSERT INTO Write (AuthorID, PaperID) VALUES (290, 3060);
INSERT INTO Write (AuthorID, PaperID) VALUES (290, 3303);
INSERT INTO Author (AuthorID, Name) VALUES (291, 'Rocio Guill&eacute;n');
INSERT INTO Paper (PaperID, Title, Year, MDate, Key, DOI) VALUES (892, 'CSUSM Experiments in GeoCLEF2005: Monolingual and Bilingual Tasks.', 2005, '2017-05-24', 'conf/clef/Guillen05', 'https://doi.org/10.1007/11878773_107');
INSERT INTO Write (AuthorID, PaperID) VALUES (291, 892);
INSERT INTO Paper (PaperID, Title, Year, MDate, Key, DOI) VALUES (1423, 'GeoCLEF2007 Experiments in Query Parsing and Cross-language GIR.', 2007, '2014-09-23', 'conf/clef/Guillen07a', 'http://ceur-ws.org/Vol-1173/CLEF2007wn-GeoCLEF-GuillenEt2007.pdf');
INSERT INTO Write (AuthorID, PaperID) VALUES (291, 1423);
INSERT INTO Paper (PaperID, Title, Year, MDate, Key, DOI) VALUES (1507, 'Multi-lingual Geographical Information Retrieval.', 2008, '2014-09-29', 'conf/clef/Guillen08a', 'http://ceur-ws.org/Vol-1174/CLEF2008wn-GeoCLEF-Guillen2008.pdf');
INSERT INTO Write (AuthorID, PaperID) VALUES (291, 1507);
INSERT INTO Paper (PaperID, Title, Year, MDate, Key, DOI) VALUES (1782, 'CSUSM Experiments in GeoCLEF2005: Monolingual and Bilingual Tasks.', 2005, '2014-08-15', 'conf/clef/Guillen05a', 'http://ceur-ws.org/Vol-1171/CLEF2005wn-GeoCLEF-Guillen2005.pdf');
INSERT INTO Write (AuthorID, PaperID) VALUES (291, 1782);
INSERT INTO Paper (PaperID, Title, Year, MDate, Key, DOI) VALUES (1845, 'Monolingual and Bilingual Experiments in GeoCLEF2006.', 2006, '2017-05-24', 'conf/clef/Guillen06', 'https://doi.org/10.1007/978-3-540-74999-8_113');
INSERT INTO Write (AuthorID, PaperID) VALUES (291, 1845);
INSERT INTO Paper (PaperID, Title, Year, MDate, Key, DOI) VALUES (2298, 'GeoParsing Web Queries.', 2007, '2017-05-24', 'conf/clef/Guillen07', 'https://doi.org/10.1007/978-3-540-85760-0_98');
INSERT INTO Write (AuthorID, PaperID) VALUES (291, 2298);
INSERT INTO Paper (PaperID, Title, Year, MDate, Key, DOI) VALUES (3124, 'Monolingual and Bilingual Experiments in GeoCLEF2006.', 2006, '2014-08-15', 'conf/clef/Guillen06a', 'http://ceur-ws.org/Vol-1172/CLEF2006wn-GeoCLEF-GuillenEt2006.pdf');
INSERT INTO Write (AuthorID, PaperID) VALUES (291, 3124);
INSERT INTO Paper (PaperID, Title, Year, MDate, Key, DOI) VALUES (3314, 'GIR with Language Modeling and DFR Using Terrier.', 2008, '2017-05-24', 'conf/clef/Guillen08', 'https://doi.org/10.1007/978-3-642-04447-2_107');
INSERT INTO Write (AuthorID, PaperID) VALUES (291, 3314);
INSERT INTO Author (AuthorID, Name) VALUES (292, 'Olivier Galibert');
INSERT INTO Write (AuthorID, PaperID) VALUES (292, 1200);
INSERT INTO Write (AuthorID, PaperID) VALUES (292, 1532);
INSERT INTO Write (AuthorID, PaperID) VALUES (292, 2190);
INSERT INTO Write (AuthorID, PaperID) VALUES (292, 2223);
INSERT INTO Write (AuthorID, PaperID) VALUES (292, 2446);
INSERT INTO Write (AuthorID, PaperID) VALUES (292, 3131);
INSERT INTO Write (AuthorID, PaperID) VALUES (292, 3300);
INSERT INTO Write (AuthorID, PaperID) VALUES (292, 3439);
INSERT INTO Author (AuthorID, Name) VALUES (293, 'Andr&eacute; F. T. Martins');
INSERT INTO Write (AuthorID, PaperID) VALUES (293, 136);
INSERT INTO Write (AuthorID, PaperID) VALUES (293, 189);
INSERT INTO Write (AuthorID, PaperID) VALUES (293, 435);
INSERT INTO Write (AuthorID, PaperID) VALUES (293, 789);
INSERT INTO Write (AuthorID, PaperID) VALUES (293, 1639);
INSERT INTO Write (AuthorID, PaperID) VALUES (293, 1684);
INSERT INTO Write (AuthorID, PaperID) VALUES (293, 2923);
INSERT INTO Write (AuthorID, PaperID) VALUES (293, 3232);
INSERT INTO Author (AuthorID, Name) VALUES (294, 'Gilles Falquet');
INSERT INTO Write (AuthorID, PaperID) VALUES (294, 192);
INSERT INTO Write (AuthorID, PaperID) VALUES (294, 970);
INSERT INTO Write (AuthorID, PaperID) VALUES (294, 2608);
INSERT INTO Write (AuthorID, PaperID) VALUES (294, 2727);
INSERT INTO Write (AuthorID, PaperID) VALUES (294, 3049);
INSERT INTO Write (AuthorID, PaperID) VALUES (294, 3325);
INSERT INTO Write (AuthorID, PaperID) VALUES (294, 3422);
INSERT INTO Write (AuthorID, PaperID) VALUES (294, 3500);
INSERT INTO Author (AuthorID, Name) VALUES (295, 'Sandra Roger 0001');
INSERT INTO Write (AuthorID, PaperID) VALUES (295, 122);
INSERT INTO Write (AuthorID, PaperID) VALUES (295, 151);
INSERT INTO Write (AuthorID, PaperID) VALUES (295, 755);
INSERT INTO Write (AuthorID, PaperID) VALUES (295, 1291);
INSERT INTO Write (AuthorID, PaperID) VALUES (295, 1415);
INSERT INTO Write (AuthorID, PaperID) VALUES (295, 2192);
INSERT INTO Write (AuthorID, PaperID) VALUES (295, 3462);
INSERT INTO Write (AuthorID, PaperID) VALUES (295, 3485);
INSERT INTO Author (AuthorID, Name) VALUES (296, 'Mette Skov');
INSERT INTO Write (AuthorID, PaperID) VALUES (296, 429);
INSERT INTO Write (AuthorID, PaperID) VALUES (296, 1245);
INSERT INTO Write (AuthorID, PaperID) VALUES (296, 1546);
INSERT INTO Write (AuthorID, PaperID) VALUES (296, 2340);
INSERT INTO Write (AuthorID, PaperID) VALUES (296, 2460);
INSERT INTO Write (AuthorID, PaperID) VALUES (296, 2781);
INSERT INTO Write (AuthorID, PaperID) VALUES (296, 2939);
INSERT INTO Write (AuthorID, PaperID) VALUES (296, 3370);
INSERT INTO Author (AuthorID, Name) VALUES (297, 'Michael Granitzer');
INSERT INTO Paper (PaperID, Title, Year, MDate, Key, DOI) VALUES (1258, 'Stacked Gender Prediction from Tweet Texts and Images: Notebook for PAN at CLEF 2018.', 2018, '2018-08-08', 'conf/clef/CicconeSLEAG18', 'http://ceur-ws.org/Vol-2125/paper_111.pdf');
INSERT INTO Write (AuthorID, PaperID) VALUES (297, 1258);
INSERT INTO Write (AuthorID, PaperID) VALUES (297, 1268);
INSERT INTO Paper (PaperID, Title, Year, MDate, Key, DOI) VALUES (1542, 'INSA LYON and UNI PASSAU''s Participation at PAN@CLEF''17: Author Profiling task.', 2017, '2017-08-15', 'conf/clef/KhengLG17', 'http://ceur-ws.org/Vol-1866/paper_61.pdf');
INSERT INTO Write (AuthorID, PaperID) VALUES (297, 1542);
INSERT INTO Write (AuthorID, PaperID) VALUES (297, 1668);
INSERT INTO Write (AuthorID, PaperID) VALUES (297, 2027);
INSERT INTO Write (AuthorID, PaperID) VALUES (297, 3021);
INSERT INTO Write (AuthorID, PaperID) VALUES (297, 3224);
INSERT INTO Write (AuthorID, PaperID) VALUES (297, 3478);
INSERT INTO Author (AuthorID, Name) VALUES (298, 'Evangelos Kanoulas');
INSERT INTO Write (AuthorID, PaperID) VALUES (298, 439);
INSERT INTO Write (AuthorID, PaperID) VALUES (298, 531);
INSERT INTO Write (AuthorID, PaperID) VALUES (298, 768);
INSERT INTO Write (AuthorID, PaperID) VALUES (298, 822);
INSERT INTO Write (AuthorID, PaperID) VALUES (298, 1360);
INSERT INTO Paper (PaperID, Title, Year, MDate, Key, DOI) VALUES (1514, 'Distributional Semantics for Medical Information Extraction.', 2016, '2018-03-06', 'conf/clef/QuirozMDK16', 'http://ceur-ws.org/Vol-1609/16090109.pdf');
INSERT INTO Write (AuthorID, PaperID) VALUES (298, 1514);
INSERT INTO Write (AuthorID, PaperID) VALUES (298, 2944);
INSERT INTO Write (AuthorID, PaperID) VALUES (298, 3468);
INSERT INTO Author (AuthorID, Name) VALUES (299, 'Fabio A. Gonz&aacute;lez');
INSERT INTO Paper (PaperID, Title, Year, MDate, Key, DOI) VALUES (100, 'MindLab at ImageCLEF 2014: Scalable Concept Image Annotation.', 2014, '2016-04-04', 'conf/clef/VanegasAMPPG14', 'http://ceur-ws.org/Vol-1180/CLEF2014wn-Image-VanegasEt2014.pdf');
INSERT INTO Write (AuthorID, PaperID) VALUES (299, 100);
INSERT INTO Write (AuthorID, PaperID) VALUES (299, 129);
INSERT INTO Paper (PaperID, Title, Year, MDate, Key, DOI) VALUES (260, 'Bioingenium at ImageClefmed 2010: A Latent Semantic Approach.', 2010, '2014-09-24', 'conf/clef/MorenoCG10', 'http://www.clef-initiative.eu/documents/71612/86374/CLEF2010wn-ImageCLEF-MorenoEt2010.pdf');
INSERT INTO Write (AuthorID, PaperID) VALUES (299, 260);
INSERT INTO Paper (PaperID, Title, Year, MDate, Key, DOI) VALUES (973, 'Combining Textual and Visual Representations for Multimodal Author Profiling: Notebook for PAN at CLEF 2018.', 2018, '2018-08-08', 'conf/clef/SierraG18', 'http://ceur-ws.org/Vol-2125/paper_219.pdf');
INSERT INTO Write (AuthorID, PaperID) VALUES (299, 973);
INSERT INTO Paper (PaperID, Title, Year, MDate, Key, DOI) VALUES (1116, 'Content-Based Medical Image Retrieval Using Low-Level Visual Features and Modality Identification.', 2007, '2019-03-28', 'conf/clef/CaicedoGR07', 'https://doi.org/10.1007/978-3-540-85760-0_78');
INSERT INTO Write (AuthorID, PaperID) VALUES (299, 1116);
INSERT INTO Write (AuthorID, PaperID) VALUES (299, 1260);
INSERT INTO Paper (PaperID, Title, Year, MDate, Key, DOI) VALUES (1357, 'Bioingenium at ImageCLEF 2012: Text and Visual Indexing for Medical Images.', 2012, '2014-09-24', 'conf/clef/VanegasCCRG12', 'http://www.clef-initiative.eu/documents/71612/dcaf0216-6d06-47c8-9efa-04f9ba3328c8');
INSERT INTO Write (AuthorID, PaperID) VALUES (299, 1357);
INSERT INTO Write (AuthorID, PaperID) VALUES (299, 3019);
INSERT INTO Author (AuthorID, Name) VALUES (300, 'Grigorios Tsoumakas');
INSERT INTO Paper (PaperID, Title, Year, MDate, Key, DOI) VALUES (380, 'Ensemble Approaches for Large-Scale Multi-Label Classification and Question Answering in Biomedicine.', 2014, '2014-09-10', 'conf/clef/PapanikolaouDTLMV14', 'http://ceur-ws.org/Vol-1180/CLEF2014wn-QA-PapanikolaouEt2014.pdf');
INSERT INTO Write (AuthorID, PaperID) VALUES (300, 380);
INSERT INTO Paper (PaperID, Title, Year, MDate, Key, DOI) VALUES (612, 'Evaluating Feature Selection Methods for Multi-Label Text Classication.', 2013, '2014-08-15', 'conf/clef/SpolaorT13', 'http://ceur-ws.org/Vol-1094/bioasq2013_submission_8.pdf');
INSERT INTO Write (AuthorID, PaperID) VALUES (300, 612);
INSERT INTO Paper (PaperID, Title, Year, MDate, Key, DOI) VALUES (745, 'Large-Scale Semantic Indexing of Biomedical Publications.', 2013, '2014-08-15', 'conf/clef/TsoumakasLMV13', 'http://ceur-ws.org/Vol-1094/bioasq2013_submission_6.pdf');
INSERT INTO Write (AuthorID, PaperID) VALUES (300, 745);
INSERT INTO Paper (PaperID, Title, Year, MDate, Key, DOI) VALUES (1006, 'Combining Inter-Review Learning-to-Rank and Intra-Review Incremental Training for Title and Abstract Screening in Systematic Reviews.', 2017, '2017-08-15', 'conf/clef/AnagnostouLTV17', 'http://ceur-ws.org/Vol-1866/paper_89.pdf');
INSERT INTO Write (AuthorID, PaperID) VALUES (300, 1006);
INSERT INTO Paper (PaperID, Title, Year, MDate, Key, DOI) VALUES (2318, 'Learning-to-Rank and Relevance Feedback for Literature Appraisal in Empirical Medicine.', 2018, '2018-09-13', 'conf/clef/LagopoulosAMT18', 'https://doi.org/10.1007/978-3-319-98932-7_5');
INSERT INTO Write (AuthorID, PaperID) VALUES (300, 2318);
INSERT INTO Paper (PaperID, Title, Year, MDate, Key, DOI) VALUES (2673, 'MLKD''s Participation at the CLEF 2011 Photo Annotation and Concept-Based Retrieval Tasks.', 2011, '2014-09-24', 'conf/clef/XioufisSTV11', 'http://www.clef-initiative.eu/documents/71612/86377/CLEF2011wn-ImageCLEF-Spyromitros-XioufisEt2011.pdf');
INSERT INTO Write (AuthorID, PaperID) VALUES (300, 2673);
INSERT INTO Paper (PaperID, Title, Year, MDate, Key, DOI) VALUES (2809, 'Aristotle University''s Approach to the Technologically Assisted Reviews in Empirical Medicine Task of the 2018 CLEF eHealth Lab.', 2018, '2018-08-08', 'conf/clef/MinasLT18', 'http://ceur-ws.org/Vol-2125/paper_179.pdf');
INSERT INTO Write (AuthorID, PaperID) VALUES (300, 2809);
INSERT INTO Paper (PaperID, Title, Year, MDate, Key, DOI) VALUES (2822, 'AUTH-Atypon at BioASQ 3: Large-Scale Semantic Indexing in Biomedicine.', 2015, '2015-09-03', 'conf/clef/PapanikolaouTLM15', 'http://ceur-ws.org/Vol-1391/29-CR.pdf');
INSERT INTO Write (AuthorID, PaperID) VALUES (300, 2822);
INSERT INTO Author (AuthorID, Name) VALUES (301, 'Alberto T&eacute;llez-Valero');
INSERT INTO Write (AuthorID, PaperID) VALUES (301, 261);
INSERT INTO Write (AuthorID, PaperID) VALUES (301, 538);
INSERT INTO Write (AuthorID, PaperID) VALUES (301, 1764);
INSERT INTO Write (AuthorID, PaperID) VALUES (301, 1875);
INSERT INTO Write (AuthorID, PaperID) VALUES (301, 1895);
INSERT INTO Write (AuthorID, PaperID) VALUES (301, 2522);
INSERT INTO Write (AuthorID, PaperID) VALUES (301, 2611);
INSERT INTO Write (AuthorID, PaperID) VALUES (301, 3009);
INSERT INTO Author (AuthorID, Name) VALUES (302, 'Somnath Banerjee');
INSERT INTO Write (AuthorID, PaperID) VALUES (302, 25);
INSERT INTO Write (AuthorID, PaperID) VALUES (302, 125);
INSERT INTO Write (AuthorID, PaperID) VALUES (302, 411);
INSERT INTO Write (AuthorID, PaperID) VALUES (302, 555);
INSERT INTO Write (AuthorID, PaperID) VALUES (302, 941);
INSERT INTO Write (AuthorID, PaperID) VALUES (302, 2227);
INSERT INTO Write (AuthorID, PaperID) VALUES (302, 3311);
INSERT INTO Write (AuthorID, PaperID) VALUES (302, 3379);
INSERT INTO Author (AuthorID, Name) VALUES (303, 'Jesus Mart&iacute;nez-G&oacute;mez');
INSERT INTO Write (AuthorID, PaperID) VALUES (303, 77);
INSERT INTO Paper (PaperID, Title, Year, MDate, Key, DOI) VALUES (138, 'A Particle-Filter Based Self-Localization Method using Invariant Features as Visual Information.', 2009, '2014-09-30', 'conf/clef/Martinez-GomezJG09', 'http://ceur-ws.org/Vol-1175/CLEF2009wn-ImageCLEF-MartinezGomezEt2009.pdf');
INSERT INTO Write (AuthorID, PaperID) VALUES (303, 138);
INSERT INTO Write (AuthorID, PaperID) VALUES (303, 430);
INSERT INTO Write (AuthorID, PaperID) VALUES (303, 493);
INSERT INTO Write (AuthorID, PaperID) VALUES (303, 537);
INSERT INTO Write (AuthorID, PaperID) VALUES (303, 874);
INSERT INTO Write (AuthorID, PaperID) VALUES (303, 1068);
INSERT INTO Paper (PaperID, Title, Year, MDate, Key, DOI) VALUES (2046, 'Overview of the ImageCLEF 2014 Robot Vision Task.', 2014, '2014-09-11', 'conf/clef/Martinez-GomezGCM14', 'http://ceur-ws.org/Vol-1180/CLEF2014wn-Image-MartinezGomezEt2014.pdf');
INSERT INTO Write (AuthorID, PaperID) VALUES (303, 2046);
INSERT INTO Author (AuthorID, Name) VALUES (304, 'Alberto Barr&oacute;n-Cede&ntilde;o');
INSERT INTO Write (AuthorID, PaperID) VALUES (304, 233);
INSERT INTO Write (AuthorID, PaperID) VALUES (304, 524);
INSERT INTO Write (AuthorID, PaperID) VALUES (304, 532);
INSERT INTO Write (AuthorID, PaperID) VALUES (304, 953);
INSERT INTO Write (AuthorID, PaperID) VALUES (304, 1137);
INSERT INTO Write (AuthorID, PaperID) VALUES (304, 1386);
INSERT INTO Write (AuthorID, PaperID) VALUES (304, 1979);
INSERT INTO Write (AuthorID, PaperID) VALUES (304, 2113);
INSERT INTO Author (AuthorID, Name) VALUES (305, 'Pei-Cheng Cheng');
INSERT INTO Write (AuthorID, PaperID) VALUES (305, 184);
INSERT INTO Write (AuthorID, PaperID) VALUES (305, 1150);
INSERT INTO Write (AuthorID, PaperID) VALUES (305, 1440);
INSERT INTO Write (AuthorID, PaperID) VALUES (305, 1449);
INSERT INTO Write (AuthorID, PaperID) VALUES (305, 1872);
INSERT INTO Write (AuthorID, PaperID) VALUES (305, 2231);
INSERT INTO Write (AuthorID, PaperID) VALUES (305, 3107);
INSERT INTO Write (AuthorID, PaperID) VALUES (305, 3395);
INSERT INTO Author (AuthorID, Name) VALUES (306, 'Zornitsa Kozareva');
INSERT INTO Write (AuthorID, PaperID) VALUES (306, 548);
INSERT INTO Write (AuthorID, PaperID) VALUES (306, 682);
INSERT INTO Write (AuthorID, PaperID) VALUES (306, 1199);
INSERT INTO Write (AuthorID, PaperID) VALUES (306, 2302);
INSERT INTO Write (AuthorID, PaperID) VALUES (306, 2792);
INSERT INTO Write (AuthorID, PaperID) VALUES (306, 2930);
INSERT INTO Write (AuthorID, PaperID) VALUES (306, 3359);
INSERT INTO Write (AuthorID, PaperID) VALUES (306, 3444);
INSERT INTO Author (AuthorID, Name) VALUES (307, 'Axel-Cyrille Ngonga Ngomo');
INSERT INTO Paper (PaperID, Title, Year, MDate, Key, DOI) VALUES (518, 'Multilingual Question Answering over Linked Data (QALD-3): Lab Overview.', 2013, '2017-05-24', 'conf/clef/CimianoLUCNW13', 'https://doi.org/10.1007/978-3-642-40802-1_30');
INSERT INTO Write (AuthorID, PaperID) VALUES (307, 518);
INSERT INTO Write (AuthorID, PaperID) VALUES (307, 662);
INSERT INTO Paper (PaperID, Title, Year, MDate, Key, DOI) VALUES (694, 'QALD-3: Multilingual Question Answering over Linked Data.', 2013, '2016-10-14', 'conf/clef/CabrioCLNUW13', 'http://ceur-ws.org/Vol-1179/CLEF2013wn-QALD3-CabrioEt2013.pdf');
INSERT INTO Write (AuthorID, PaperID) VALUES (307, 694);
INSERT INTO Write (AuthorID, PaperID) VALUES (307, 749);
INSERT INTO Write (AuthorID, PaperID) VALUES (307, 809);
INSERT INTO Paper (PaperID, Title, Year, MDate, Key, DOI) VALUES (1633, 'Results of the BioASQ Track of the Question Answering Lab at CLEF 2014.', 2014, '2014-09-10', 'conf/clef/BalikasPNKP14', 'http://ceur-ws.org/Vol-1180/CLEF2014wn-QA-BalikasEt2014.pdf');
INSERT INTO Write (AuthorID, PaperID) VALUES (307, 1633);
INSERT INTO Paper (PaperID, Title, Year, MDate, Key, DOI) VALUES (1973, 'HAWK@QALD5 - Trying to Answer Hybrid Questions with Various Simple Ranking Techniques.', 2015, '2015-09-03', 'conf/clef/UsbeckN15', 'http://ceur-ws.org/Vol-1391/69-CR.pdf');
INSERT INTO Write (AuthorID, PaperID) VALUES (307, 1973);
INSERT INTO Write (AuthorID, PaperID) VALUES (307, 3051);
INSERT INTO Author (AuthorID, Name) VALUES (308, 'Diana Inkpen');
INSERT INTO Write (AuthorID, PaperID) VALUES (308, 792);
INSERT INTO Paper (PaperID, Title, Year, MDate, Key, DOI) VALUES (1095, 'Clustering for Text and Image-Based Photo Retrieval at CLEF 2009.', 2009, '2017-05-24', 'conf/clef/ZhuI09', 'https://doi.org/10.1007/978-3-642-15751-6_17');
INSERT INTO Write (AuthorID, PaperID) VALUES (308, 1095);
INSERT INTO Paper (PaperID, Title, Year, MDate, Key, DOI) VALUES (1711, 'Clustering for Text and Image-based Photo Retrieval at CLEF 2009.', 2009, '2014-09-29', 'conf/clef/ZhuI09a', 'http://ceur-ws.org/Vol-1175/CLEF2009wn-ImageCLEF-ZhuEt2009.pdf');
INSERT INTO Write (AuthorID, PaperID) VALUES (308, 1711);
INSERT INTO Write (AuthorID, PaperID) VALUES (308, 2048);
INSERT INTO Write (AuthorID, PaperID) VALUES (308, 2293);
INSERT INTO Write (AuthorID, PaperID) VALUES (308, 2470);
INSERT INTO Paper (PaperID, Title, Year, MDate, Key, DOI) VALUES (2494, 'Gender Identification in Twitter using N-grams and LSA: Notebook for PAN at CLEF 2018.', 2018, '2018-08-08', 'conf/clef/DaneshvarI18', 'http://ceur-ws.org/Vol-2125/paper_213.pdf');
INSERT INTO Write (AuthorID, PaperID) VALUES (308, 2494);
INSERT INTO Write (AuthorID, PaperID) VALUES (308, 2946);
INSERT INTO Author (AuthorID, Name) VALUES (309, 'David Ahn');
INSERT INTO Write (AuthorID, PaperID) VALUES (309, 386);
INSERT INTO Write (AuthorID, PaperID) VALUES (309, 1082);
INSERT INTO Write (AuthorID, PaperID) VALUES (309, 1713);
INSERT INTO Write (AuthorID, PaperID) VALUES (309, 1898);
INSERT INTO Write (AuthorID, PaperID) VALUES (309, 2076);
INSERT INTO Write (AuthorID, PaperID) VALUES (309, 2418);
INSERT INTO Write (AuthorID, PaperID) VALUES (309, 2506);
INSERT INTO Write (AuthorID, PaperID) VALUES (309, 2776);
INSERT INTO Author (AuthorID, Name) VALUES (310, 'Ali Fakeri-Tabrizi');
INSERT INTO Write (AuthorID, PaperID) VALUES (310, 27);
INSERT INTO Write (AuthorID, PaperID) VALUES (310, 172);
INSERT INTO Write (AuthorID, PaperID) VALUES (310, 256);
INSERT INTO Write (AuthorID, PaperID) VALUES (310, 722);
INSERT INTO Write (AuthorID, PaperID) VALUES (310, 1445);
INSERT INTO Write (AuthorID, PaperID) VALUES (310, 1833);
INSERT INTO Write (AuthorID, PaperID) VALUES (310, 2263);
INSERT INTO Write (AuthorID, PaperID) VALUES (310, 2734);
INSERT INTO Author (AuthorID, Name) VALUES (311, 'Cathal Gurrin');
INSERT INTO Write (AuthorID, PaperID) VALUES (311, 249);
INSERT INTO Write (AuthorID, PaperID) VALUES (311, 383);
INSERT INTO Write (AuthorID, PaperID) VALUES (311, 870);
INSERT INTO Write (AuthorID, PaperID) VALUES (311, 920);
INSERT INTO Write (AuthorID, PaperID) VALUES (311, 1786);
INSERT INTO Write (AuthorID, PaperID) VALUES (311, 1837);
INSERT INTO Write (AuthorID, PaperID) VALUES (311, 2111);
INSERT INTO Write (AuthorID, PaperID) VALUES (311, 2562);
INSERT INTO Author (AuthorID, Name) VALUES (312, 'Mirco Kocher');
INSERT INTO Write (AuthorID, PaperID) VALUES (312, 99);
INSERT INTO Paper (PaperID, Title, Year, MDate, Key, DOI) VALUES (273, 'UniNE at CLEF 2015 Author Profiling: Notebook for PAN at CLEF 2015.', 2015, '2015-09-03', 'conf/clef/Kocher15', 'http://ceur-ws.org/Vol-1391/27-CR.pdf');
INSERT INTO Write (AuthorID, PaperID) VALUES (312, 273);
INSERT INTO Write (AuthorID, PaperID) VALUES (312, 369);
INSERT INTO Paper (PaperID, Title, Year, MDate, Key, DOI) VALUES (1108, 'UniNE at CLEF 2016: Author Clustering.', 2016, '2016-08-11', 'conf/clef/Kocher16', 'http://ceur-ws.org/Vol-1609/16090895.pdf');
INSERT INTO Write (AuthorID, PaperID) VALUES (312, 1108);
INSERT INTO Write (AuthorID, PaperID) VALUES (312, 1375);
INSERT INTO Write (AuthorID, PaperID) VALUES (312, 1889);
INSERT INTO Write (AuthorID, PaperID) VALUES (312, 3163);
INSERT INTO Write (AuthorID, PaperID) VALUES (312, 3238);
INSERT INTO Author (AuthorID, Name) VALUES (313, 'Turid Hedlund');
INSERT INTO Write (AuthorID, PaperID) VALUES (313, 325);
INSERT INTO Write (AuthorID, PaperID) VALUES (313, 478);
INSERT INTO Write (AuthorID, PaperID) VALUES (313, 598);
INSERT INTO Write (AuthorID, PaperID) VALUES (313, 797);
INSERT INTO Write (AuthorID, PaperID) VALUES (313, 1161);
INSERT INTO Write (AuthorID, PaperID) VALUES (313, 2332);
INSERT INTO Write (AuthorID, PaperID) VALUES (313, 3271);
INSERT INTO Write (AuthorID, PaperID) VALUES (313, 3489);
INSERT INTO Author (AuthorID, Name) VALUES (314, 'Eamonn Newman');
INSERT INTO Write (AuthorID, PaperID) VALUES (314, 610);
INSERT INTO Write (AuthorID, PaperID) VALUES (314, 1111);
INSERT INTO Write (AuthorID, PaperID) VALUES (314, 1159);
INSERT INTO Write (AuthorID, PaperID) VALUES (314, 1767);
INSERT INTO Write (AuthorID, PaperID) VALUES (314, 1786);
INSERT INTO Write (AuthorID, PaperID) VALUES (314, 2111);
INSERT INTO Write (AuthorID, PaperID) VALUES (314, 2935);
INSERT INTO Write (AuthorID, PaperID) VALUES (314, 3386);
INSERT INTO Author (AuthorID, Name) VALUES (315, 'Christian Monson');
INSERT INTO Paper (PaperID, Title, Year, MDate, Key, DOI) VALUES (335, 'ParaMor and Morpho Challenge 2008.', 2008, '2014-09-29', 'conf/clef/MonsonCLL08a', 'http://ceur-ws.org/Vol-1174/CLEF2008wn-MorphoChallenge-MonsonEt2008.pdf');
INSERT INTO Write (AuthorID, PaperID) VALUES (315, 335);
INSERT INTO Paper (PaperID, Title, Year, MDate, Key, DOI) VALUES (1157, 'ParaMor: Finding Paradigms across Morphology.', 2007, '2017-05-24', 'conf/clef/MonsonCLL07', 'https://doi.org/10.1007/978-3-540-85760-0_115');
INSERT INTO Write (AuthorID, PaperID) VALUES (315, 1157);
INSERT INTO Paper (PaperID, Title, Year, MDate, Key, DOI) VALUES (2096, 'ParaMor: Finding Paradigms across Morphology.', 2007, '2014-09-23', 'conf/clef/MonsonCLL07a', 'http://ceur-ws.org/Vol-1173/CLEF2007wn-MorphoChallenge-MonsonEt2007.pdf');
INSERT INTO Write (AuthorID, PaperID) VALUES (315, 2096);
INSERT INTO Paper (PaperID, Title, Year, MDate, Key, DOI) VALUES (2156, 'ParaMor and Morpho Challenge 2008.', 2008, '2017-05-24', 'conf/clef/MonsonCLL08', 'https://doi.org/10.1007/978-3-642-04447-2_128');
INSERT INTO Write (AuthorID, PaperID) VALUES (315, 2156);
INSERT INTO Paper (PaperID, Title, Year, MDate, Key, DOI) VALUES (2254, 'Simulating Morphological Analyzers with Stochastic Taggers for Confidence Estimation.', 2009, '2017-05-24', 'conf/clef/MonsonHR09', 'https://doi.org/10.1007/978-3-642-15754-7_78');
INSERT INTO Write (AuthorID, PaperID) VALUES (315, 2254);
INSERT INTO Paper (PaperID, Title, Year, MDate, Key, DOI) VALUES (2351, 'Multiple Sequence Alignment for Morphology Induction.', 2009, '2014-09-29', 'conf/clef/TchoukalovRM09', 'http://ceur-ws.org/Vol-1175/CLEF2009wn-MorphoChallenge-TchoukalovEt2009.pdf');
INSERT INTO Write (AuthorID, PaperID) VALUES (315, 2351);
INSERT INTO Paper (PaperID, Title, Year, MDate, Key, DOI) VALUES (3135, 'Morphological Analysis by Multiple Sequence Alignment.', 2009, '2017-05-24', 'conf/clef/TchoukalovMR09', 'https://doi.org/10.1007/978-3-642-15754-7_80');
INSERT INTO Write (AuthorID, PaperID) VALUES (315, 3135);
INSERT INTO Paper (PaperID, Title, Year, MDate, Key, DOI) VALUES (3391, 'Probabilistic ParaMor.', 2009, '2014-09-29', 'conf/clef/MonsonHR09a', 'http://ceur-ws.org/Vol-1175/CLEF2009wn-MorphoChallenge-MonsonEt2009.pdf');
INSERT INTO Write (AuthorID, PaperID) VALUES (315, 3391);
INSERT INTO Author (AuthorID, Name) VALUES (316, 'Helena Figueira');
INSERT INTO Write (AuthorID, PaperID) VALUES (316, 136);
INSERT INTO Write (AuthorID, PaperID) VALUES (316, 189);
INSERT INTO Write (AuthorID, PaperID) VALUES (316, 435);
INSERT INTO Write (AuthorID, PaperID) VALUES (316, 789);
INSERT INTO Write (AuthorID, PaperID) VALUES (316, 1639);
INSERT INTO Write (AuthorID, PaperID) VALUES (316, 1684);
INSERT INTO Write (AuthorID, PaperID) VALUES (316, 2923);
INSERT INTO Write (AuthorID, PaperID) VALUES (316, 3232);
INSERT INTO Author (AuthorID, Name) VALUES (317, 'Berrin A. Yanikoglu');
INSERT INTO Write (AuthorID, PaperID) VALUES (317, 322);
INSERT INTO Write (AuthorID, PaperID) VALUES (317, 500);
INSERT INTO Write (AuthorID, PaperID) VALUES (317, 1041);
INSERT INTO Write (AuthorID, PaperID) VALUES (317, 1497);
INSERT INTO Write (AuthorID, PaperID) VALUES (317, 1541);
INSERT INTO Write (AuthorID, PaperID) VALUES (317, 1714);
INSERT INTO Write (AuthorID, PaperID) VALUES (317, 2210);
INSERT INTO Write (AuthorID, PaperID) VALUES (317, 2978);
INSERT INTO Author (AuthorID, Name) VALUES (318, 'Eija Airio');
INSERT INTO Write (AuthorID, PaperID) VALUES (318, 325);
INSERT INTO Write (AuthorID, PaperID) VALUES (318, 598);
INSERT INTO Write (AuthorID, PaperID) VALUES (318, 1161);
INSERT INTO Write (AuthorID, PaperID) VALUES (318, 2332);
INSERT INTO Write (AuthorID, PaperID) VALUES (318, 2791);
INSERT INTO Write (AuthorID, PaperID) VALUES (318, 2958);
INSERT INTO Write (AuthorID, PaperID) VALUES (318, 3271);
INSERT INTO Write (AuthorID, PaperID) VALUES (318, 3489);
INSERT INTO Author (AuthorID, Name) VALUES (319, 'Eva D''hondt');
INSERT INTO Paper (PaperID, Title, Year, MDate, Key, DOI) VALUES (360, 'LIMSI @ CLEF eHealth 2015 - Task 1b.', 2015, '2015-09-03', 'conf/clef/DhondtMLBRL15', 'http://ceur-ws.org/Vol-1391/86-CR.pdf');
INSERT INTO Write (AuthorID, PaperID) VALUES (319, 360);
INSERT INTO Write (AuthorID, PaperID) VALUES (319, 491);
INSERT INTO Write (AuthorID, PaperID) VALUES (319, 1442);
INSERT INTO Write (AuthorID, PaperID) VALUES (319, 1818);
INSERT INTO Write (AuthorID, PaperID) VALUES (319, 1861);
INSERT INTO Write (AuthorID, PaperID) VALUES (319, 2021);
INSERT INTO Write (AuthorID, PaperID) VALUES (319, 2455);
INSERT INTO Write (AuthorID, PaperID) VALUES (319, 3001);
INSERT INTO Author (AuthorID, Name) VALUES (320, 'Claire Fautsch');
INSERT INTO Write (AuthorID, PaperID) VALUES (320, 813);
INSERT INTO Write (AuthorID, PaperID) VALUES (320, 1929);
INSERT INTO Write (AuthorID, PaperID) VALUES (320, 2197);
INSERT INTO Write (AuthorID, PaperID) VALUES (320, 2365);
INSERT INTO Write (AuthorID, PaperID) VALUES (320, 2555);
INSERT INTO Write (AuthorID, PaperID) VALUES (320, 3088);
INSERT INTO Write (AuthorID, PaperID) VALUES (320, 3522);
INSERT INTO Write (AuthorID, PaperID) VALUES (320, 3525);
INSERT INTO Author (AuthorID, Name) VALUES (321, 'Wessel Kraaij');
INSERT INTO Write (AuthorID, PaperID) VALUES (321, 313);
INSERT INTO Write (AuthorID, PaperID) VALUES (321, 641);
INSERT INTO Write (AuthorID, PaperID) VALUES (321, 699);
INSERT INTO Paper (PaperID, Title, Year, MDate, Key, DOI) VALUES (1184, 'TNO at CLEF-2001: Comparing Translation Resources.', 2001, '2017-05-24', 'conf/clef/Kraaij01', 'https://doi.org/10.1007/3-540-45691-0_6');
INSERT INTO Write (AuthorID, PaperID) VALUES (321, 1184);
INSERT INTO Write (AuthorID, PaperID) VALUES (321, 1766);
INSERT INTO Write (AuthorID, PaperID) VALUES (321, 1815);
INSERT INTO Write (AuthorID, PaperID) VALUES (321, 2913);
INSERT INTO Paper (PaperID, Title, Year, MDate, Key, DOI) VALUES (3155, 'TNO at CLEF-2001: Comparing Translation Resources.', 2001, '2014-08-15', 'conf/clef/Kraaij01a', 'http://ceur-ws.org/Vol-1167/CLEF2001wn-adhoc-Kraaij2001.pdf');
INSERT INTO Write (AuthorID, PaperID) VALUES (321, 3155);
INSERT INTO Author (AuthorID, Name) VALUES (322, 'Aitao Chen');
INSERT INTO Paper (PaperID, Title, Year, MDate, Key, DOI) VALUES (593, 'Multilingual Information Retrieval using English and Chinese Queries.', 2001, '2014-08-15', 'conf/clef/Chen01a', 'http://ceur-ws.org/Vol-1167/CLEF2001wn-adhoc-Chen2001.pdf');
INSERT INTO Write (AuthorID, PaperID) VALUES (322, 593);
INSERT INTO Write (AuthorID, PaperID) VALUES (322, 1237);
INSERT INTO Paper (PaperID, Title, Year, MDate, Key, DOI) VALUES (1264, 'Cross-language Retrieval Experiments at CLEF 2002.', 2002, '2014-08-15', 'conf/clef/Chen02a', 'http://ceur-ws.org/Vol-1168/CLEF2002wn-adhoc-Chen2002.pdf');
INSERT INTO Write (AuthorID, PaperID) VALUES (322, 1264);
INSERT INTO Write (AuthorID, PaperID) VALUES (322, 1378);
INSERT INTO Write (AuthorID, PaperID) VALUES (322, 2519);
INSERT INTO Paper (PaperID, Title, Year, MDate, Key, DOI) VALUES (3113, 'Multilingual Information Retrieval Using English and Chinese Queries.', 2001, '2017-05-24', 'conf/clef/Chen01', 'https://doi.org/10.1007/3-540-45691-0_4');
INSERT INTO Write (AuthorID, PaperID) VALUES (322, 3113);
INSERT INTO Paper (PaperID, Title, Year, MDate, Key, DOI) VALUES (3145, 'Cross-Language Retrieval Experiments at CLEF 2002.', 2002, '2017-05-24', 'conf/clef/Chen02', 'https://doi.org/10.1007/978-3-540-45237-9_3');
INSERT INTO Write (AuthorID, PaperID) VALUES (322, 3145);
INSERT INTO Write (AuthorID, PaperID) VALUES (322, 3498);
INSERT INTO Author (AuthorID, Name) VALUES (323, 'Anne-Laure Ligozat');
INSERT INTO Write (AuthorID, PaperID) VALUES (323, 75);
INSERT INTO Write (AuthorID, PaperID) VALUES (323, 229);
INSERT INTO Write (AuthorID, PaperID) VALUES (323, 1022);
INSERT INTO Write (AuthorID, PaperID) VALUES (323, 1681);
INSERT INTO Write (AuthorID, PaperID) VALUES (323, 1763);
INSERT INTO Write (AuthorID, PaperID) VALUES (323, 1988);
INSERT INTO Write (AuthorID, PaperID) VALUES (323, 2546);
INSERT INTO Write (AuthorID, PaperID) VALUES (323, 3237);
INSERT INTO Author (AuthorID, Name) VALUES (324, 'Luca Dini');
INSERT INTO Paper (PaperID, Title, Year, MDate, Key, DOI) VALUES (1115, 'CELI participation at CLEF 2006: Cross Language Delegated Search.', 2006, '2014-08-15', 'conf/clef/CurtoniD06', 'http://ceur-ws.org/Vol-1172/CLEF2006wn-adhoc-CurtoniEt2006.pdf');
INSERT INTO Write (AuthorID, PaperID) VALUES (324, 1115);
INSERT INTO Paper (PaperID, Title, Year, MDate, Key, DOI) VALUES (1604, 'User Logs as a Means to Enrich and Refine Translation Dictionaries.', 2009, '2017-05-24', 'conf/clef/BoscaD09', 'https://doi.org/10.1007/978-3-642-15754-7_67');
INSERT INTO Write (AuthorID, PaperID) VALUES (324, 1604);
INSERT INTO Paper (PaperID, Title, Year, MDate, Key, DOI) VALUES (1686, 'CACAO Project at the LogCLEF Track.', 2009, '2014-09-29', 'conf/clef/BoscaD09a', 'http://ceur-ws.org/Vol-1175/CLEF2009wn-LogCLEF-BoscaEt2009.pdf');
INSERT INTO Write (AuthorID, PaperID) VALUES (324, 1686);
INSERT INTO Paper (PaperID, Title, Year, MDate, Key, DOI) VALUES (2105, 'CELI Participation at ImageCLEF 2006: Comparison with the Ad-hoc Track.', 2006, '2014-08-15', 'conf/clef/CurtoniDT06', 'http://ceur-ws.org/Vol-1172/CLEF2006wn-ImageCLEF-CurtoniEt2006.pdf');
INSERT INTO Write (AuthorID, PaperID) VALUES (324, 2105);
INSERT INTO Paper (PaperID, Title, Year, MDate, Key, DOI) VALUES (2256, 'CACAO Project at the TEL@CLEF 2008 Task.', 2008, '2014-09-29', 'conf/clef/BoscaD08a', 'http://ceur-ws.org/Vol-1174/CLEF2008wn-adhoc-BoscaEt2008.pdf');
INSERT INTO Write (AuthorID, PaperID) VALUES (324, 2256);
INSERT INTO Paper (PaperID, Title, Year, MDate, Key, DOI) VALUES (2475, 'Language Identification Strategies for Cross Language Information Retrieval.', 2010, '2014-09-24', 'conf/clef/BoscaD10', 'http://www.clef-initiative.eu/documents/71612/86374/CLEF2010wn-LogCLEF-BoscaEt2010.pdf');
INSERT INTO Write (AuthorID, PaperID) VALUES (324, 2475);
INSERT INTO Paper (PaperID, Title, Year, MDate, Key, DOI) VALUES (2870, 'CACAO Project at the TEL@CLEF 2009 Task.', 2009, '2014-09-29', 'conf/clef/BoscaD09b', 'http://ceur-ws.org/Vol-1175/CLEF2009wn-adhoc-BoscaEt2009.pdf');
INSERT INTO Write (AuthorID, PaperID) VALUES (324, 2870);
INSERT INTO Paper (PaperID, Title, Year, MDate, Key, DOI) VALUES (3516, 'Query Expansion via Library Classification System.', 2008, '2017-05-24', 'conf/clef/BoscaD08', 'https://doi.org/10.1007/978-3-642-04447-2_4');
INSERT INTO Write (AuthorID, PaperID) VALUES (324, 3516);
INSERT INTO Author (AuthorID, Name) VALUES (325, 'Manuel Alberto P&eacute;rez-Couti&ntilde;o');
INSERT INTO Write (AuthorID, PaperID) VALUES (325, 647);
INSERT INTO Write (AuthorID, PaperID) VALUES (325, 2010);
INSERT INTO Write (AuthorID, PaperID) VALUES (325, 2218);
INSERT INTO Write (AuthorID, PaperID) VALUES (325, 2521);
INSERT INTO Write (AuthorID, PaperID) VALUES (325, 2640);
INSERT INTO Write (AuthorID, PaperID) VALUES (325, 2728);
INSERT INTO Write (AuthorID, PaperID) VALUES (325, 2826);
INSERT INTO Write (AuthorID, PaperID) VALUES (325, 3122);
INSERT INTO Author (AuthorID, Name) VALUES (326, 'Jori Mur');
INSERT INTO Write (AuthorID, PaperID) VALUES (326, 115);
INSERT INTO Write (AuthorID, PaperID) VALUES (326, 155);
INSERT INTO Write (AuthorID, PaperID) VALUES (326, 348);
INSERT INTO Write (AuthorID, PaperID) VALUES (326, 425);
INSERT INTO Write (AuthorID, PaperID) VALUES (326, 1860);
INSERT INTO Write (AuthorID, PaperID) VALUES (326, 1915);
INSERT INTO Write (AuthorID, PaperID) VALUES (326, 3306);
INSERT INTO Author (AuthorID, Name) VALUES (327, 'Liana Ermakova');
INSERT INTO Paper (PaperID, Title, Year, MDate, Key, DOI) VALUES (375, 'A Method for Short Message Contextualization: Experiments at CLEF/INEX.', 2015, '2017-05-24', 'conf/clef/Ermakova15', 'https://doi.org/10.1007/978-3-319-24027-5_38');
INSERT INTO Write (AuthorID, PaperID) VALUES (327, 375);
INSERT INTO Write (AuthorID, PaperID) VALUES (327, 643);
INSERT INTO Write (AuthorID, PaperID) VALUES (327, 803);
INSERT INTO Write (AuthorID, PaperID) VALUES (327, 900);
INSERT INTO Write (AuthorID, PaperID) VALUES (327, 1878);
INSERT INTO Write (AuthorID, PaperID) VALUES (327, 2403);
INSERT INTO Write (AuthorID, PaperID) VALUES (327, 3116);
INSERT INTO Author (AuthorID, Name) VALUES (328, 'Hao-Ren Ke');
INSERT INTO Write (AuthorID, PaperID) VALUES (328, 184);
INSERT INTO Write (AuthorID, PaperID) VALUES (328, 1150);
INSERT INTO Write (AuthorID, PaperID) VALUES (328, 1440);
INSERT INTO Write (AuthorID, PaperID) VALUES (328, 1449);
INSERT INTO Write (AuthorID, PaperID) VALUES (328, 1872);
INSERT INTO Write (AuthorID, PaperID) VALUES (328, 2231);
INSERT INTO Write (AuthorID, PaperID) VALUES (328, 3395);
INSERT INTO Author (AuthorID, Name) VALUES (329, 'Wei-Ying Ma');
INSERT INTO Paper (PaperID, Title, Year, MDate, Key, DOI) VALUES (353, 'MSRA Columbus at GeoCLEF 2006.', 2006, '2017-07-06', 'conf/clef/LiWXWM06', 'https://doi.org/10.1007/978-3-540-74999-8_118');
INSERT INTO Write (AuthorID, PaperID) VALUES (329, 353);
INSERT INTO Paper (PaperID, Title, Year, MDate, Key, DOI) VALUES (564, 'Exploring LDA-Based Document Model for Geographic Information Retrieval.', 2007, '2017-07-06', 'conf/clef/LiWXWM07', 'https://doi.org/10.1007/978-3-540-85760-0_108');
INSERT INTO Write (AuthorID, PaperID) VALUES (329, 564);
INSERT INTO Paper (PaperID, Title, Year, MDate, Key, DOI) VALUES (1008, 'MSRA Columbus at GeoCLEF 2006.', 2006, '2017-07-06', 'conf/clef/Li0XM06', 'http://ceur-ws.org/Vol-1172/CLEF2006wn-GeoCLEF-LiEt2006.pdf');
INSERT INTO Write (AuthorID, PaperID) VALUES (329, 1008);
INSERT INTO Paper (PaperID, Title, Year, MDate, Key, DOI) VALUES (1298, 'MSRA Columbus at GeoCLEF2007.', 2007, '2017-07-06', 'conf/clef/Li0XM07a', 'http://ceur-ws.org/Vol-1173/CLEF2007wn-GeoCLEF-LiEt2007b.pdf');
INSERT INTO Write (AuthorID, PaperID) VALUES (329, 1298);
INSERT INTO Paper (PaperID, Title, Year, MDate, Key, DOI) VALUES (2739, 'Medical Image Annotation and Retrieval Using Visual Features.', 2006, '2017-09-12', 'conf/clef/LiuHLMM06', 'https://doi.org/10.1007/978-3-540-74999-8_83');
INSERT INTO Write (AuthorID, PaperID) VALUES (329, 2739);
INSERT INTO Paper (PaperID, Title, Year, MDate, Key, DOI) VALUES (2797, 'Query Parsing Task for GeoCLEF2007 Report.', 2007, '2017-07-06', 'conf/clef/Li0XM07', 'http://ceur-ws.org/Vol-1173/CLEF2007wn-GeoCLEF-LiEt2007a.pdf');
INSERT INTO Write (AuthorID, PaperID) VALUES (329, 2797);
INSERT INTO Paper (PaperID, Title, Year, MDate, Key, DOI) VALUES (3356, 'Medical Image Annotation and Retrieval Using Visual Features.', 2006, '2017-09-12', 'conf/clef/LiuHLM06', 'http://ceur-ws.org/Vol-1172/CLEF2006wn-ImageCLEF-LiuEt2006.pdf');
INSERT INTO Write (AuthorID, PaperID) VALUES (329, 3356);
INSERT INTO Author (AuthorID, Name) VALUES (330, 'Franciska de Jong');
INSERT INTO Write (AuthorID, PaperID) VALUES (330, 313);
INSERT INTO Write (AuthorID, PaperID) VALUES (330, 994);
INSERT INTO Write (AuthorID, PaperID) VALUES (330, 2041);
INSERT INTO Write (AuthorID, PaperID) VALUES (330, 2186);
INSERT INTO Write (AuthorID, PaperID) VALUES (330, 2505);
INSERT INTO Write (AuthorID, PaperID) VALUES (330, 2913);
INSERT INTO Write (AuthorID, PaperID) VALUES (330, 3199);
INSERT INTO Author (AuthorID, Name) VALUES (331, 'Ionut Pistol');
INSERT INTO Write (AuthorID, PaperID) VALUES (331, 327);
INSERT INTO Write (AuthorID, PaperID) VALUES (331, 525);
INSERT INTO Write (AuthorID, PaperID) VALUES (331, 1343);
INSERT INTO Write (AuthorID, PaperID) VALUES (331, 1424);
INSERT INTO Write (AuthorID, PaperID) VALUES (331, 2347);
INSERT INTO Write (AuthorID, PaperID) VALUES (331, 2545);
INSERT INTO Write (AuthorID, PaperID) VALUES (331, 3073);
INSERT INTO Author (AuthorID, Name) VALUES (332, 'Bogdan Ionescu');
INSERT INTO Write (AuthorID, PaperID) VALUES (332, 383);
INSERT INTO Paper (PaperID, Title, Year, MDate, Key, DOI) VALUES (775, 'Multimedia Lab @ ImageCLEF 2018 Lifelog Moment Retrieval Task.', 2018, '2018-08-08', 'conf/clef/DogariuI18', 'http://ceur-ws.org/Vol-2125/paper_148.pdf');
INSERT INTO Write (AuthorID, PaperID) VALUES (332, 775);
INSERT INTO Write (AuthorID, PaperID) VALUES (332, 870);
INSERT INTO Write (AuthorID, PaperID) VALUES (332, 1166);
INSERT INTO Write (AuthorID, PaperID) VALUES (332, 1614);
INSERT INTO Paper (PaperID, Title, Year, MDate, Key, DOI) VALUES (1905, 'UPB HES SO @ PlantCLEF 2017: Automatic Plant Image Identification using Transfer Learning via Convolutional Neural Networks.', 2017, '2017-09-05', 'conf/clef/TomaSI17', 'http://ceur-ws.org/Vol-1866/paper_165.pdf');
INSERT INTO Write (AuthorID, PaperID) VALUES (332, 1905);
INSERT INTO Paper (PaperID, Title, Year, MDate, Key, DOI) VALUES (3044, 'A Textual Filtering of HOG-Based Hierarchical Clustering of Lifelog Data.', 2017, '2017-08-15', 'conf/clef/DogariuI17', 'http://ceur-ws.org/Vol-1866/paper_157.pdf');
INSERT INTO Write (AuthorID, PaperID) VALUES (332, 3044);
INSERT INTO Author (AuthorID, Name) VALUES (333, 'Lu&iacute;s Fernando Costa');
INSERT INTO Paper (PaperID, Title, Year, MDate, Key, DOI) VALUES (185, 'First Evaluation of Esfinge - A Question Answering System for Portuguese.', 2004, '2017-05-24', 'conf/clef/Costa05', 'https://doi.org/10.1007/11519645_51');
INSERT INTO Write (AuthorID, PaperID) VALUES (333, 185);
INSERT INTO Paper (PaperID, Title, Year, MDate, Key, DOI) VALUES (651, '20th Century Esfinge (Sphinx) Solving the Riddles at CLEF 2005.', 2005, '2017-05-24', 'conf/clef/Costa05a', 'https://doi.org/10.1007/11878773_52');
INSERT INTO Write (AuthorID, PaperID) VALUES (333, 651);
INSERT INTO Write (AuthorID, PaperID) VALUES (333, 1383);
INSERT INTO Write (AuthorID, PaperID) VALUES (333, 1429);
INSERT INTO Write (AuthorID, PaperID) VALUES (333, 1788);
INSERT INTO Paper (PaperID, Title, Year, MDate, Key, DOI) VALUES (2784, 'Question Answering Beyond CLEF Document Collections.', 2006, '2017-05-24', 'conf/clef/Costa06', 'https://doi.org/10.1007/978-3-540-74999-8_48');
INSERT INTO Write (AuthorID, PaperID) VALUES (333, 2784);
