INSERT INTO Write (AuthorID, PaperID) VALUES (46, 788);
INSERT INTO Write (AuthorID, PaperID) VALUES (46, 810);
INSERT INTO Write (AuthorID, PaperID) VALUES (46, 1154);
INSERT INTO Write (AuthorID, PaperID) VALUES (46, 1199);
INSERT INTO Write (AuthorID, PaperID) VALUES (46, 1420);
INSERT INTO Write (AuthorID, PaperID) VALUES (46, 2058);
INSERT INTO Write (AuthorID, PaperID) VALUES (46, 2192);
INSERT INTO Write (AuthorID, PaperID) VALUES (46, 2302);
INSERT INTO Write (AuthorID, PaperID) VALUES (46, 2792);
INSERT INTO Write (AuthorID, PaperID) VALUES (46, 2917);
INSERT INTO Write (AuthorID, PaperID) VALUES (46, 2930);
INSERT INTO Write (AuthorID, PaperID) VALUES (46, 3040);
INSERT INTO Write (AuthorID, PaperID) VALUES (46, 3192);
INSERT INTO Write (AuthorID, PaperID) VALUES (46, 3328);
INSERT INTO Write (AuthorID, PaperID) VALUES (46, 3454);
INSERT INTO Write (AuthorID, PaperID) VALUES (46, 3476);
INSERT INTO Author (AuthorID, Name) VALUES (47, 'Mark Sanderson');
INSERT INTO Write (AuthorID, PaperID) VALUES (47, 57);
INSERT INTO Write (AuthorID, PaperID) VALUES (47, 146);
INSERT INTO Write (AuthorID, PaperID) VALUES (47, 223);
INSERT INTO Write (AuthorID, PaperID) VALUES (47, 300);
INSERT INTO Paper (PaperID, Title, Year, MDate, Key, DOI) VALUES (311, 'iCLEF at Sheffield.', 2001, '2017-05-24', 'conf/clef/SandersonB01', 'https://doi.org/10.1007/3-540-45691-0_32');
INSERT INTO Write (AuthorID, PaperID) VALUES (47, 311);
INSERT INTO Write (AuthorID, PaperID) VALUES (47, 517);
INSERT INTO Paper (PaperID, Title, Year, MDate, Key, DOI) VALUES (533, 'Sheffield University: CLEF 2000 Submission (Bilingual Track - German to English).', 2000, '2014-08-15', 'conf/clef/GollinsS00a', 'http://ceur-ws.org/Vol-1166/CLEF2000wn-adhoc-GollinsEt2000.pdf');
INSERT INTO Write (AuthorID, PaperID) VALUES (47, 533);
INSERT INTO Write (AuthorID, PaperID) VALUES (47, 663);
INSERT INTO Write (AuthorID, PaperID) VALUES (47, 693);
INSERT INTO Write (AuthorID, PaperID) VALUES (47, 937);
INSERT INTO Write (AuthorID, PaperID) VALUES (47, 1015);
INSERT INTO Paper (PaperID, Title, Year, MDate, Key, DOI) VALUES (1091, 'Sheffield University CLEF 2000 Submission - Bilingual Track: German to English.', 2000, '2017-05-24', 'conf/clef/GollinsS00', 'https://doi.org/10.1007/3-540-44645-1_24');
INSERT INTO Write (AuthorID, PaperID) VALUES (47, 1091);
INSERT INTO Write (AuthorID, PaperID) VALUES (47, 1158);
INSERT INTO Paper (PaperID, Title, Year, MDate, Key, DOI) VALUES (1324, 'Overview of the INEX 2012 Snippet Retrieval Track.', 2012, '2014-09-24', 'conf/clef/TrappettGTSS12', 'http://www.clef-initiative.eu/documents/71612/f737bdf9-560b-49f4-be3e-5423e6f7dc3d');
INSERT INTO Write (AuthorID, PaperID) VALUES (47, 1324);
INSERT INTO Write (AuthorID, PaperID) VALUES (47, 1543);
INSERT INTO Paper (PaperID, Title, Year, MDate, Key, DOI) VALUES (1646, 'Exploring the Effect of Query Translation when Searching Cross-Language.', 2002, '2017-05-24', 'conf/clef/PetrelliDHBS02', 'https://doi.org/10.1007/978-3-540-45237-9_38');
INSERT INTO Write (AuthorID, PaperID) VALUES (47, 1646);
INSERT INTO Write (AuthorID, PaperID) VALUES (47, 1769);
INSERT INTO Write (AuthorID, PaperID) VALUES (47, 2286);
INSERT INTO Paper (PaperID, Title, Year, MDate, Key, DOI) VALUES (2491, 'Is Query Translation a Distinct Task from Search?', 2002, '2014-08-15', 'conf/clef/PetrelliDHBS02a', 'http://ceur-ws.org/Vol-1168/CLEF2002wn-iCLEF-PetrelliEt2002.pdf');
INSERT INTO Write (AuthorID, PaperID) VALUES (47, 2491);
INSERT INTO Write (AuthorID, PaperID) VALUES (47, 2691);
INSERT INTO Write (AuthorID, PaperID) VALUES (47, 2695);
INSERT INTO Paper (PaperID, Title, Year, MDate, Key, DOI) VALUES (2709, 'Overview of the INEX 2013 Snippet Retrieval Track.', 2013, '2014-09-10', 'conf/clef/TrappettGTSS13', 'http://ceur-ws.org/Vol-1179/CLEF2013wn-INEX-TrappettEt2013.pdf');
INSERT INTO Write (AuthorID, PaperID) VALUES (47, 2709);
INSERT INTO Write (AuthorID, PaperID) VALUES (47, 2820);
INSERT INTO Paper (PaperID, Title, Year, MDate, Key, DOI) VALUES (2878, 'iCLEF at Sheffield.', 2001, '2014-08-15', 'conf/clef/BathieS01', 'http://ceur-ws.org/Vol-1167/CLEF2001wn-iCLEF-BathieEt2001.pdf');
INSERT INTO Write (AuthorID, PaperID) VALUES (47, 2878);
INSERT INTO Write (AuthorID, PaperID) VALUES (47, 3363);
INSERT INTO Write (AuthorID, PaperID) VALUES (47, 3521);
INSERT INTO Author (AuthorID, Name) VALUES (48, 'Ana Garc&iacute;a-Serrano');
INSERT INTO Write (AuthorID, PaperID) VALUES (48, 39);
INSERT INTO Paper (PaperID, Title, Year, MDate, Key, DOI) VALUES (209, 'Using Visual Concept Features in a Multimodal Retrieval System for the Medical Collection at ImageCLEF2012.', 2012, '2014-09-24', 'conf/clef/GonzalesBBGV12', 'http://www.clef-initiative.eu/documents/71612/4f29e9e5-1565-447c-a472-6eb295fb48c0');
INSERT INTO Write (AuthorID, PaperID) VALUES (48, 209);
INSERT INTO Write (AuthorID, PaperID) VALUES (48, 784);
INSERT INTO Write (AuthorID, PaperID) VALUES (48, 790);
INSERT INTO Paper (PaperID, Title, Year, MDate, Key, DOI) VALUES (851, 'Multimedia Retrieval by Means of Merge of Results from Textual and Content Based Retrieval Subsystems.', 2009, '2018-11-14', 'conf/clef/Garcia-SerranoBGVG09', 'https://www.wikidata.org/entity/Q58037794');
INSERT INTO Write (AuthorID, PaperID) VALUES (48, 851);
INSERT INTO Paper (PaperID, Title, Year, MDate, Key, DOI) VALUES (996, 'A Multimedia IR-based System for the Photo Annotation Task at ImageCLEF2013.', 2013, '2016-05-18', 'conf/clef/BenaventCVHGG13', 'http://ceur-ws.org/Vol-1179/CLEF2013wn-ImageCLEF-BenaventEt2013.pdf');
INSERT INTO Write (AuthorID, PaperID) VALUES (48, 996);
INSERT INTO Write (AuthorID, PaperID) VALUES (48, 1094);
INSERT INTO Paper (PaperID, Title, Year, MDate, Key, DOI) VALUES (1458, 'Using Linked Open Data Sources for Entity Disambiguation.', 2013, '2016-02-23', 'conf/clef/RodriguezTSR13', 'http://ceur-ws.org/Vol-1179/CLEF2013wn-RepLab-VillarRodriguezEt2013.pdf');
INSERT INTO Write (AuthorID, PaperID) VALUES (48, 1458);
INSERT INTO Write (AuthorID, PaperID) VALUES (48, 1469);
INSERT INTO Paper (PaperID, Title, Year, MDate, Key, DOI) VALUES (1477, 'Modelling Techniques for Twitter Contents: A Step beyond Classification based Approaches.', 2013, '2016-05-18', 'conf/clef/CastellanosCG13', 'http://ceur-ws.org/Vol-1179/CLEF2013wn-RepLab-CastellanosEt2013.pdf');
INSERT INTO Write (AuthorID, PaperID) VALUES (48, 1477);
INSERT INTO Write (AuthorID, PaperID) VALUES (48, 1596);
INSERT INTO Paper (PaperID, Title, Year, MDate, Key, DOI) VALUES (1820, 'MIRACLE (FI) at ImageCLEFphoto 2009.', 2009, '2018-10-05', 'conf/clef/GranadosBAGGGVDA09', 'http://ceur-ws.org/Vol-1175/CLEF2009wn-ImageCLEF-GranadosEt2009.pdf');
INSERT INTO Write (AuthorID, PaperID) VALUES (48, 1820);
INSERT INTO Write (AuthorID, PaperID) VALUES (48, 1925);
INSERT INTO Write (AuthorID, PaperID) VALUES (48, 1996);
INSERT INTO Paper (PaperID, Title, Year, MDate, Key, DOI) VALUES (2198, 'Multimodal Information Approaches for the Wikipedia Collection at ImageCLEF 2011.', 2011, '2014-09-24', 'conf/clef/GranadosBBVG11', 'http://www.clef-initiative.eu/documents/71612/86377/CLEF2011wn-ImageCLEF-GranadosEt2011.pdf');
INSERT INTO Write (AuthorID, PaperID) VALUES (48, 2198);
INSERT INTO Paper (PaperID, Title, Year, MDate, Key, DOI) VALUES (2330, 'Some Results Using Different Approaches to Merge Visual and Text-Based Features in CLEF''08 Photo Collection.', 2008, '2018-11-14', 'conf/clef/Garcia-SerranoBGG08', 'https://www.wikidata.org/entity/Q58037798');
INSERT INTO Write (AuthorID, PaperID) VALUES (48, 2330);
INSERT INTO Paper (PaperID, Title, Year, MDate, Key, DOI) VALUES (2390, 'UNED-UV at Medical Retrieval Task of ImageCLEF 2011.', 2011, '2014-09-24', 'conf/clef/GonzalesBBG11', 'http://www.clef-initiative.eu/documents/71612/86377/CLEF2011wn-ImageCLEF-CastellanosEt2011.pdf');
INSERT INTO Write (AuthorID, PaperID) VALUES (48, 2390);
INSERT INTO Paper (PaperID, Title, Year, MDate, Key, DOI) VALUES (2430, 'UNED @ CLEF-Newsreel 2014.', 2014, '2018-10-05', 'conf/clef/CastellanosGC14', 'http://ceur-ws.org/Vol-1180/CLEF2014wn-Newsreel-CastellanosEt2014.pdf');
INSERT INTO Write (AuthorID, PaperID) VALUES (48, 2430);
INSERT INTO Write (AuthorID, PaperID) VALUES (48, 2525);
INSERT INTO Paper (PaperID, Title, Year, MDate, Key, DOI) VALUES (2569, 'MIRACLE-FI at ImageCLEFphoto 2008: Experiences in merging Text-based and Content-based Retrievals.', 2008, '2014-09-29', 'conf/clef/GranadosBGG08', 'http://ceur-ws.org/Vol-1174/CLEF2008wn-ImageCLEF-GranadosEt2008.pdf');
INSERT INTO Write (AuthorID, PaperID) VALUES (48, 2569);
INSERT INTO Paper (PaperID, Title, Year, MDate, Key, DOI) VALUES (2621, 'Visual Concept Features and Textual Expansion in a Multimodal System for Concept Annotation and Retrieval with Flickr Photos at ImageCLEF2012.', 2012, '2014-09-24', 'conf/clef/BenaventGBVG12', 'http://www.clef-initiative.eu/documents/71612/92b592c0-8414-4908-ac76-36c4a8c10e90');
INSERT INTO Write (AuthorID, PaperID) VALUES (48, 2621);
INSERT INTO Write (AuthorID, PaperID) VALUES (48, 2633);
INSERT INTO Paper (PaperID, Title, Year, MDate, Key, DOI) VALUES (3035, 'Experiences at ImageCLEF 2010 using CBIR and TBIR Mixing Information Approaches.', 2010, '2014-09-24', 'conf/clef/BenaventBVGG10', 'http://www.clef-initiative.eu/documents/71612/86374/CLEF2010wn-ImageCLEF-BenaventEt2010.pdf');
INSERT INTO Write (AuthorID, PaperID) VALUES (48, 3035);
INSERT INTO Write (AuthorID, PaperID) VALUES (48, 3372);
INSERT INTO Write (AuthorID, PaperID) VALUES (48, 3488);
INSERT INTO Author (AuthorID, Name) VALUES (49, 'Fernando Mart&iacute;nez Santiago');
INSERT INTO Write (AuthorID, PaperID) VALUES (49, 47);
INSERT INTO Write (AuthorID, PaperID) VALUES (49, 98);
INSERT INTO Write (AuthorID, PaperID) VALUES (49, 391);
INSERT INTO Write (AuthorID, PaperID) VALUES (49, 634);
INSERT INTO Write (AuthorID, PaperID) VALUES (49, 671);
INSERT INTO Paper (PaperID, Title, Year, MDate, Key, DOI) VALUES (847, 'SINAI at Robust WSD Task @ CLEF 2008: When WSD is a Good Idea for Information Retrieval tasks?', 2008, '2014-09-30', 'conf/clef/Martinez-SantiagoPG08', 'http://ceur-ws.org/Vol-1174/CLEF2008wn-adhoc-MartinezSantiagoEt2008.pdf');
INSERT INTO Write (AuthorID, PaperID) VALUES (49, 847);
INSERT INTO Paper (PaperID, Title, Year, MDate, Key, DOI) VALUES (918, 'SINAI at CLEF 2005: Multi-8 Two-years-on and Multi-8 Merging-only Tasks.', 2005, '2014-08-15', 'conf/clef/SantiagoC05', 'http://ceur-ws.org/Vol-1171/CLEF2005wn-adhoc-MartinezSantiagoEt2005.pdf');
INSERT INTO Write (AuthorID, PaperID) VALUES (49, 918);
INSERT INTO Write (AuthorID, PaperID) VALUES (49, 1016);
INSERT INTO Write (AuthorID, PaperID) VALUES (49, 1164);
INSERT INTO Paper (PaperID, Title, Year, MDate, Key, DOI) VALUES (1241, 'Evaluating Word Sense Disambiguation Tools for Information Retrieval Task.', 2008, '2017-06-02', 'conf/clef/SantiagoPC08', 'https://doi.org/10.1007/978-3-642-04447-2_13');
INSERT INTO Write (AuthorID, PaperID) VALUES (49, 1241);
INSERT INTO Write (AuthorID, PaperID) VALUES (49, 1619);
INSERT INTO Write (AuthorID, PaperID) VALUES (49, 1696);
INSERT INTO Write (AuthorID, PaperID) VALUES (49, 2201);
INSERT INTO Write (AuthorID, PaperID) VALUES (49, 2202);
INSERT INTO Write (AuthorID, PaperID) VALUES (49, 2213);
INSERT INTO Write (AuthorID, PaperID) VALUES (49, 2395);
INSERT INTO Write (AuthorID, PaperID) VALUES (49, 2423);
INSERT INTO Write (AuthorID, PaperID) VALUES (49, 2577);
INSERT INTO Write (AuthorID, PaperID) VALUES (49, 2757);
INSERT INTO Write (AuthorID, PaperID) VALUES (49, 2818);
INSERT INTO Write (AuthorID, PaperID) VALUES (49, 2857);
INSERT INTO Write (AuthorID, PaperID) VALUES (49, 2882);
INSERT INTO Paper (PaperID, Title, Year, MDate, Key, DOI) VALUES (3089, 'SINAI at WePS-3: Online Reputation Management.', 2010, '2014-09-24', 'conf/clef/CumbrerasVSP10', 'http://www.clef-initiative.eu/documents/71612/86374/CLEF2010wn-WePS-Garcia-CumbrerasEt2010.pdf');
INSERT INTO Write (AuthorID, PaperID) VALUES (49, 3089);
INSERT INTO Write (AuthorID, PaperID) VALUES (49, 3206);
INSERT INTO Write (AuthorID, PaperID) VALUES (49, 3454);
INSERT INTO Author (AuthorID, Name) VALUES (50, 'Miguel Angel Garc&iacute;a Cumbreras');
INSERT INTO Write (AuthorID, PaperID) VALUES (50, 285);
INSERT INTO Write (AuthorID, PaperID) VALUES (50, 530);
INSERT INTO Write (AuthorID, PaperID) VALUES (50, 616);
INSERT INTO Write (AuthorID, PaperID) VALUES (50, 634);
INSERT INTO Write (AuthorID, PaperID) VALUES (50, 682);
INSERT INTO Write (AuthorID, PaperID) VALUES (50, 746);
INSERT INTO Write (AuthorID, PaperID) VALUES (50, 865);
INSERT INTO Write (AuthorID, PaperID) VALUES (50, 1076);
INSERT INTO Write (AuthorID, PaperID) VALUES (50, 1241);
INSERT INTO Write (AuthorID, PaperID) VALUES (50, 1443);
INSERT INTO Write (AuthorID, PaperID) VALUES (50, 1911);
INSERT INTO Write (AuthorID, PaperID) VALUES (50, 2006);
INSERT INTO Write (AuthorID, PaperID) VALUES (50, 2201);
INSERT INTO Write (AuthorID, PaperID) VALUES (50, 2202);
INSERT INTO Write (AuthorID, PaperID) VALUES (50, 2213);
INSERT INTO Write (AuthorID, PaperID) VALUES (50, 2364);
INSERT INTO Write (AuthorID, PaperID) VALUES (50, 2507);
INSERT INTO Write (AuthorID, PaperID) VALUES (50, 2577);
INSERT INTO Write (AuthorID, PaperID) VALUES (50, 2799);
INSERT INTO Write (AuthorID, PaperID) VALUES (50, 2888);
INSERT INTO Write (AuthorID, PaperID) VALUES (50, 2956);
INSERT INTO Write (AuthorID, PaperID) VALUES (50, 2995);
INSERT INTO Write (AuthorID, PaperID) VALUES (50, 3089);
INSERT INTO Write (AuthorID, PaperID) VALUES (50, 3273);
INSERT INTO Write (AuthorID, PaperID) VALUES (50, 3454);
INSERT INTO Author (AuthorID, Name) VALUES (51, 'Herv&eacute; Go&euml;au');
INSERT INTO Write (AuthorID, PaperID) VALUES (51, 2);
INSERT INTO Write (AuthorID, PaperID) VALUES (51, 486);
INSERT INTO Write (AuthorID, PaperID) VALUES (51, 537);
INSERT INTO Write (AuthorID, PaperID) VALUES (51, 569);
INSERT INTO Write (AuthorID, PaperID) VALUES (51, 596);
INSERT INTO Write (AuthorID, PaperID) VALUES (51, 837);
INSERT INTO Write (AuthorID, PaperID) VALUES (51, 867);
INSERT INTO Write (AuthorID, PaperID) VALUES (51, 1140);
INSERT INTO Write (AuthorID, PaperID) VALUES (51, 1147);
INSERT INTO Write (AuthorID, PaperID) VALUES (51, 1370);
INSERT INTO Write (AuthorID, PaperID) VALUES (51, 1408);
INSERT INTO Write (AuthorID, PaperID) VALUES (51, 1522);
INSERT INTO Write (AuthorID, PaperID) VALUES (51, 1601);
INSERT INTO Write (AuthorID, PaperID) VALUES (51, 1811);
INSERT INTO Write (AuthorID, PaperID) VALUES (51, 1876);
INSERT INTO Write (AuthorID, PaperID) VALUES (51, 2015);
INSERT INTO Write (AuthorID, PaperID) VALUES (51, 2047);
INSERT INTO Write (AuthorID, PaperID) VALUES (51, 2099);
INSERT INTO Write (AuthorID, PaperID) VALUES (51, 2118);
INSERT INTO Write (AuthorID, PaperID) VALUES (51, 2209);
INSERT INTO Write (AuthorID, PaperID) VALUES (51, 2356);
INSERT INTO Write (AuthorID, PaperID) VALUES (51, 2402);
INSERT INTO Write (AuthorID, PaperID) VALUES (51, 2830);
INSERT INTO Write (AuthorID, PaperID) VALUES (51, 3072);
INSERT INTO Write (AuthorID, PaperID) VALUES (51, 3284);
INSERT INTO Author (AuthorID, Name) VALUES (52, '&Aacute;ngel F. Zazo Rodr&iacute;guez');
INSERT INTO Paper (PaperID, Title, Year, MDate, Key, DOI) VALUES (181, 'REINA at RepLab2013 Topic Detection Task: Community Detection.', 2013, '2014-09-10', 'conf/clef/BerrocalFR13', 'http://ceur-ws.org/Vol-1179/CLEF2013wn-RepLab-AlonsoBerrocalEt2013.pdf');
INSERT INTO Write (AuthorID, PaperID) VALUES (52, 181);
INSERT INTO Paper (PaperID, Title, Year, MDate, Key, DOI) VALUES (374, 'REINA at the WebCLEF Task: Combining Evidences and Link Analysis.', 2005, '2014-08-15', 'conf/clef/FiguerolaBRR05', 'http://ceur-ws.org/Vol-1171/CLEF2005wn-WebCLEF-FiguerolaEt2005.pdf');
INSERT INTO Write (AuthorID, PaperID) VALUES (52, 374);
INSERT INTO Paper (PaperID, Title, Year, MDate, Key, DOI) VALUES (417, 'Local Query Expansion Using Terms Windows for Robust Retrieval.', 2006, '2017-05-24', 'conf/clef/RodriguezBF06', 'https://doi.org/10.1007/978-3-540-74999-8_20');
INSERT INTO Write (AuthorID, PaperID) VALUES (52, 417);
INSERT INTO Paper (PaperID, Title, Year, MDate, Key, DOI) VALUES (499, 'REINA at CLEF 2007 Robust Task.', 2007, '2014-09-23', 'conf/clef/RodriguezFB07', 'http://ceur-ws.org/Vol-1173/CLEF2007wn-adhoc-ZazoEt2007.pdf');
INSERT INTO Write (AuthorID, PaperID) VALUES (52, 499);
INSERT INTO Paper (PaperID, Title, Year, MDate, Key, DOI) VALUES (692, 'REINA at CLEF 2006 Robust Task: Local Query Expansion Using Term Windows for Robust Retrieval.', 2006, '2014-08-15', 'conf/clef/RodriguezFB06', 'http://ceur-ws.org/Vol-1172/CLEF2006wn-adhoc-ZazoEt2006.pdf');
INSERT INTO Write (AuthorID, PaperID) VALUES (52, 692);
INSERT INTO Paper (PaperID, Title, Year, MDate, Key, DOI) VALUES (1088, 'REINA at WebCLEF 2007. Selecting Useful Snippets.', 2007, '2014-09-23', 'conf/clef/FiguerolaBRR07', 'http://ceur-ws.org/Vol-1173/CLEF2007wn-WebCLEF-FiguerolaEt2007.pdf');
INSERT INTO Write (AuthorID, PaperID) VALUES (52, 1088);
INSERT INTO Paper (PaperID, Title, Year, MDate, Key, DOI) VALUES (1288, 'REINA at iCLEF 2004.', 2004, '2014-09-11', 'conf/clef/FiguerolaRBA04', 'http://ceur-ws.org/Vol-1170/CLEF2004wn-iCLEF-FiguerolaEt2004.pdf');
INSERT INTO Write (AuthorID, PaperID) VALUES (52, 1288);
INSERT INTO Paper (PaperID, Title, Year, MDate, Key, DOI) VALUES (1453, 'REINA at CLEF 2009 Robust-WSD Task: Partial Use of WSD Information for Retrieval.', 2009, '2014-09-30', 'conf/clef/RodriguezFBG09', 'http://ceur-ws.org/Vol-1175/CLEF2009wn-adhoc-ZazoEt2009.pdf');
INSERT INTO Write (AuthorID, PaperID) VALUES (52, 1453);
INSERT INTO Paper (PaperID, Title, Year, MDate, Key, DOI) VALUES (1602, 'Retrieval of Snippets of Web Pages Converted to Plain Text. More Questions Than Answers.', 2008, '2018-11-02', 'conf/clef/FiguerolaBRS08', 'https://doi.org/10.1007/978-3-642-04447-2_105');
INSERT INTO Write (AuthorID, PaperID) VALUES (52, 1602);
INSERT INTO Paper (PaperID, Title, Year, MDate, Key, DOI) VALUES (1733, 'Retrieval of Spanish-English Bilingual Information by Means of a Standard Automatic Translation System.', 2000, '2014-08-15', 'conf/clef/FiguerolaBRD00', 'http://ceur-ws.org/Vol-1166/CLEF2000wn-adhoc-FiguerolaEt2000.pdf');
INSERT INTO Write (AuthorID, PaperID) VALUES (52, 1733);
INSERT INTO Paper (PaperID, Title, Year, MDate, Key, DOI) VALUES (1736, 'iCLEF2005 at REINA-USAL: Use of Free On-line Machine Translation Programs for Interactive Cross-Language Question Answering.', 2005, '2014-08-15', 'conf/clef/RodriguezFBM05', 'http://ceur-ws.org/Vol-1171/CLEF2005wn-iCLEF-ZazoRodriguezEt2005.pdf');
INSERT INTO Write (AuthorID, PaperID) VALUES (52, 1736);
INSERT INTO Paper (PaperID, Title, Year, MDate, Key, DOI) VALUES (1910, 'Spanish Monolingual Track: The Impact of Stemming on Retrieval.', 2001, '2018-11-02', 'conf/clef/FiguerolaDRB01', 'https://doi.org/10.1007/3-540-45691-0_23');
INSERT INTO Write (AuthorID, PaperID) VALUES (52, 1910);
INSERT INTO Paper (PaperID, Title, Year, MDate, Key, DOI) VALUES (1994, 'Use of Free On-Line Machine Translation for Interactive Cross-Language Question Answering.', 2005, '2017-05-24', 'conf/clef/ZazoFBM05', 'https://doi.org/10.1007/11878773_31');
INSERT INTO Write (AuthorID, PaperID) VALUES (52, 1994);
INSERT INTO Paper (PaperID, Title, Year, MDate, Key, DOI) VALUES (2280, 'Experiments in Term Expansion Using Thesauri in Spanish.', 2002, '2018-11-02', 'conf/clef/RodriguezFBRG02', 'https://doi.org/10.1007/978-3-540-45237-9_25');
INSERT INTO Write (AuthorID, PaperID) VALUES (52, 2280);
INSERT INTO Paper (PaperID, Title, Year, MDate, Key, DOI) VALUES (2391, 'Improving Web Pages Retrieval Using Combined Fields.', 2006, '2018-11-02', 'conf/clef/FiguerolaBRR06', 'https://doi.org/10.1007/978-3-540-74999-8_102');
INSERT INTO Write (AuthorID, PaperID) VALUES (52, 2391);
INSERT INTO Paper (PaperID, Title, Year, MDate, Key, DOI) VALUES (2417, 'Stemming in Spanish: A First Approach to its Impact on Information Retrieval.', 2001, '2014-08-15', 'conf/clef/FiguerolaDRB01a', 'http://ceur-ws.org/Vol-1167/CLEF2001wn-adhoc-FiguerolaEt2001.pdf');
INSERT INTO Write (AuthorID, PaperID) VALUES (52, 2417);
INSERT INTO Paper (PaperID, Title, Year, MDate, Key, DOI) VALUES (2533, 'REINA at WebCLEF 2008.', 2008, '2014-09-29', 'conf/clef/FiguerolaBRS08a', 'http://ceur-ws.org/Vol-1174/CLEF2008wn-WebCLEF-FiguerolaEt2008.pdf');
INSERT INTO Write (AuthorID, PaperID) VALUES (52, 2533);
INSERT INTO Paper (PaperID, Title, Year, MDate, Key, DOI) VALUES (2722, 'Web Page Retrieval by Combining Evidence.', 2005, '2018-11-02', 'conf/clef/FiguerolaBRA05', 'https://doi.org/10.1007/11878773_97');
INSERT INTO Write (AuthorID, PaperID) VALUES (52, 2722);
INSERT INTO Paper (PaperID, Title, Year, MDate, Key, DOI) VALUES (2780, 'Term Expansion using Stemming and Thesauri in Spanish.', 2002, '2014-08-15', 'conf/clef/RodriguezFBR02', 'http://ceur-ws.org/Vol-1168/CLEF2002wn-adhoc-ZazoEt2002.pdf');
INSERT INTO Write (AuthorID, PaperID) VALUES (52, 2780);
INSERT INTO Paper (PaperID, Title, Year, MDate, Key, DOI) VALUES (3151, 'Improving Robustness Using Query Expansion.', 2007, '2017-05-24', 'conf/clef/RosriguezBF07', 'https://doi.org/10.1007/978-3-540-85760-0_19');
INSERT INTO Write (AuthorID, PaperID) VALUES (52, 3151);
INSERT INTO Paper (PaperID, Title, Year, MDate, Key, DOI) VALUES (3157, 'REINA at WebCLEF2006. Mixing Fields to Improve Retrieval.', 2006, '2014-08-15', 'conf/clef/FiguerolaBRR06a', 'http://ceur-ws.org/Vol-1172/CLEF2006wn-WebCLEF-FiguerolaEt2006.pdf');
INSERT INTO Write (AuthorID, PaperID) VALUES (52, 3157);
INSERT INTO Paper (PaperID, Title, Year, MDate, Key, DOI) VALUES (3230, 'Interactive and Bilingual Question Answering Using Term Suggestion and Passage Retrieval.', 2004, '2018-11-02', 'conf/clef/FiguerolaZBA05', 'https://doi.org/10.1007/11519645_37');
INSERT INTO Write (AuthorID, PaperID) VALUES (52, 3230);
INSERT INTO Paper (PaperID, Title, Year, MDate, Key, DOI) VALUES (3269, 'Segmentation of Web Documents and Retrieval of Useful Passages.', 2007, '2017-05-24', 'conf/clef/FiguerolaBR07', 'https://doi.org/10.1007/978-3-540-85760-0_93');
INSERT INTO Write (AuthorID, PaperID) VALUES (52, 3269);
INSERT INTO Paper (PaperID, Title, Year, MDate, Key, DOI) VALUES (3517, 'A Simple Approach to the Spanish-English Bilingual Retrieval Task.', 2000, '2017-06-02', 'conf/clef/FiguerolaBZD00', 'https://doi.org/10.1007/3-540-44645-1_21');
INSERT INTO Write (AuthorID, PaperID) VALUES (52, 3517);
INSERT INTO Author (AuthorID, Name) VALUES (53, 'Jos&eacute; Luis Alonso Berrocal');
INSERT INTO Write (AuthorID, PaperID) VALUES (53, 181);
INSERT INTO Write (AuthorID, PaperID) VALUES (53, 374);
INSERT INTO Write (AuthorID, PaperID) VALUES (53, 417);
INSERT INTO Write (AuthorID, PaperID) VALUES (53, 499);
INSERT INTO Write (AuthorID, PaperID) VALUES (53, 692);
INSERT INTO Write (AuthorID, PaperID) VALUES (53, 1088);
INSERT INTO Write (AuthorID, PaperID) VALUES (53, 1288);
INSERT INTO Write (AuthorID, PaperID) VALUES (53, 1453);
INSERT INTO Write (AuthorID, PaperID) VALUES (53, 1602);
INSERT INTO Write (AuthorID, PaperID) VALUES (53, 1733);
INSERT INTO Write (AuthorID, PaperID) VALUES (53, 1736);
INSERT INTO Write (AuthorID, PaperID) VALUES (53, 1910);
INSERT INTO Write (AuthorID, PaperID) VALUES (53, 1994);
INSERT INTO Write (AuthorID, PaperID) VALUES (53, 2280);
INSERT INTO Write (AuthorID, PaperID) VALUES (53, 2391);
INSERT INTO Write (AuthorID, PaperID) VALUES (53, 2417);
INSERT INTO Write (AuthorID, PaperID) VALUES (53, 2533);
INSERT INTO Write (AuthorID, PaperID) VALUES (53, 2722);
INSERT INTO Write (AuthorID, PaperID) VALUES (53, 2780);
INSERT INTO Write (AuthorID, PaperID) VALUES (53, 3151);
INSERT INTO Write (AuthorID, PaperID) VALUES (53, 3157);
INSERT INTO Write (AuthorID, PaperID) VALUES (53, 3230);
INSERT INTO Write (AuthorID, PaperID) VALUES (53, 3269);
INSERT INTO Write (AuthorID, PaperID) VALUES (53, 3517);
INSERT INTO Author (AuthorID, Name) VALUES (54, 'Carlos G. Figuerola');
INSERT INTO Write (AuthorID, PaperID) VALUES (54, 181);
INSERT INTO Write (AuthorID, PaperID) VALUES (54, 374);
INSERT INTO Write (AuthorID, PaperID) VALUES (54, 417);
INSERT INTO Write (AuthorID, PaperID) VALUES (54, 499);
INSERT INTO Write (AuthorID, PaperID) VALUES (54, 692);
INSERT INTO Write (AuthorID, PaperID) VALUES (54, 1088);
INSERT INTO Write (AuthorID, PaperID) VALUES (54, 1288);
INSERT INTO Write (AuthorID, PaperID) VALUES (54, 1453);
INSERT INTO Write (AuthorID, PaperID) VALUES (54, 1602);
INSERT INTO Write (AuthorID, PaperID) VALUES (54, 1733);
INSERT INTO Write (AuthorID, PaperID) VALUES (54, 1736);
INSERT INTO Write (AuthorID, PaperID) VALUES (54, 1910);
INSERT INTO Write (AuthorID, PaperID) VALUES (54, 1994);
INSERT INTO Write (AuthorID, PaperID) VALUES (54, 2280);
INSERT INTO Write (AuthorID, PaperID) VALUES (54, 2391);
INSERT INTO Write (AuthorID, PaperID) VALUES (54, 2417);
INSERT INTO Write (AuthorID, PaperID) VALUES (54, 2533);
INSERT INTO Write (AuthorID, PaperID) VALUES (54, 2722);
INSERT INTO Write (AuthorID, PaperID) VALUES (54, 2780);
INSERT INTO Write (AuthorID, PaperID) VALUES (54, 3151);
INSERT INTO Write (AuthorID, PaperID) VALUES (54, 3157);
INSERT INTO Write (AuthorID, PaperID) VALUES (54, 3230);
INSERT INTO Write (AuthorID, PaperID) VALUES (54, 3269);
INSERT INTO Write (AuthorID, PaperID) VALUES (54, 3517);
INSERT INTO Author (AuthorID, Name) VALUES (55, 'Fernando L&oacute;pez-Ostenero');
INSERT INTO Write (AuthorID, PaperID) VALUES (55, 196);
INSERT INTO Write (AuthorID, PaperID) VALUES (55, 357);
INSERT INTO Write (AuthorID, PaperID) VALUES (55, 361);
INSERT INTO Write (AuthorID, PaperID) VALUES (55, 432);
INSERT INTO Write (AuthorID, PaperID) VALUES (55, 485);
INSERT INTO Write (AuthorID, PaperID) VALUES (55, 508);
INSERT INTO Write (AuthorID, PaperID) VALUES (55, 627);
INSERT INTO Write (AuthorID, PaperID) VALUES (55, 801);
INSERT INTO Write (AuthorID, PaperID) VALUES (55, 1062);
INSERT INTO Write (AuthorID, PaperID) VALUES (55, 1495);
INSERT INTO Write (AuthorID, PaperID) VALUES (55, 1506);
INSERT INTO Write (AuthorID, PaperID) VALUES (55, 1620);
INSERT INTO Write (AuthorID, PaperID) VALUES (55, 2093);
INSERT INTO Write (AuthorID, PaperID) VALUES (55, 2344);
INSERT INTO Write (AuthorID, PaperID) VALUES (55, 2401);
INSERT INTO Write (AuthorID, PaperID) VALUES (55, 2467);
INSERT INTO Write (AuthorID, PaperID) VALUES (55, 2485);
INSERT INTO Write (AuthorID, PaperID) VALUES (55, 2705);
INSERT INTO Write (AuthorID, PaperID) VALUES (55, 2707);
INSERT INTO Write (AuthorID, PaperID) VALUES (55, 2993);
INSERT INTO Write (AuthorID, PaperID) VALUES (55, 3242);
INSERT INTO Paper (PaperID, Title, Year, MDate, Key, DOI) VALUES (3254, 'Automatic System for Extraction of Content-Based Characteristics from Digital Images.', 2008, '2014-09-30', 'conf/clef/LeonDRLS08', 'http://ceur-ws.org/Vol-1174/CLEF2008wn-ImageCLEF-LeonEt2008.pdf');
INSERT INTO Write (AuthorID, PaperID) VALUES (55, 3254);
INSERT INTO Write (AuthorID, PaperID) VALUES (55, 3259);
INSERT INTO Write (AuthorID, PaperID) VALUES (55, 3368);
INSERT INTO Author (AuthorID, Name) VALUES (56, 'Valentin Jijkoun');
INSERT INTO Write (AuthorID, PaperID) VALUES (56, 142);
INSERT INTO Write (AuthorID, PaperID) VALUES (56, 356);
INSERT INTO Write (AuthorID, PaperID) VALUES (56, 386);
INSERT INTO Write (AuthorID, PaperID) VALUES (56, 633);
INSERT INTO Write (AuthorID, PaperID) VALUES (56, 667);
INSERT INTO Write (AuthorID, PaperID) VALUES (56, 826);
INSERT INTO Write (AuthorID, PaperID) VALUES (56, 1082);
INSERT INTO Write (AuthorID, PaperID) VALUES (56, 1500);
INSERT INTO Write (AuthorID, PaperID) VALUES (56, 1713);
INSERT INTO Write (AuthorID, PaperID) VALUES (56, 1898);
INSERT INTO Write (AuthorID, PaperID) VALUES (56, 1919);
INSERT INTO Write (AuthorID, PaperID) VALUES (56, 1936);
INSERT INTO Write (AuthorID, PaperID) VALUES (56, 2031);
INSERT INTO Write (AuthorID, PaperID) VALUES (56, 2076);
INSERT INTO Write (AuthorID, PaperID) VALUES (56, 2418);
INSERT INTO Write (AuthorID, PaperID) VALUES (56, 2489);
INSERT INTO Write (AuthorID, PaperID) VALUES (56, 2506);
INSERT INTO Write (AuthorID, PaperID) VALUES (56, 2537);
INSERT INTO Write (AuthorID, PaperID) VALUES (56, 2596);
INSERT INTO Write (AuthorID, PaperID) VALUES (56, 2614);
INSERT INTO Write (AuthorID, PaperID) VALUES (56, 2687);
INSERT INTO Write (AuthorID, PaperID) VALUES (56, 2776);
INSERT INTO Write (AuthorID, PaperID) VALUES (56, 2836);
INSERT INTO Write (AuthorID, PaperID) VALUES (56, 3147);
INSERT INTO Author (AuthorID, Name) VALUES (57, 'Jean-Pierre Chevallet');
INSERT INTO Paper (PaperID, Title, Year, MDate, Key, DOI) VALUES (45, 'IPAL Knowledge-based Medical Image Retrieval in ImageCLEFmed 2006.', 2006, '2014-08-15', 'conf/clef/LacosteCLWRLTV06', 'http://ceur-ws.org/Vol-1172/CLEF2006wn-ImageCLEF-LacosteEt2006.pdf');
INSERT INTO Write (AuthorID, PaperID) VALUES (57, 45);
INSERT INTO Paper (PaperID, Title, Year, MDate, Key, DOI) VALUES (476, 'MRIM at ImageCLEF2012. From Words to Concepts: A New Counting Approach.', 2012, '2014-09-24', 'conf/clef/AbdulahhadCB12', 'http://www.clef-initiative.eu/documents/71612/5cb1ce78-92b8-48df-be6c-d16908bfe822');
INSERT INTO Write (AuthorID, PaperID) VALUES (57, 476);
INSERT INTO Paper (PaperID, Title, Year, MDate, Key, DOI) VALUES (567, 'Using Ontology Dimensions and Negative Expansion to solve Precise Queries in the ImageCLEF Medical Task.', 2005, '2014-08-15', 'conf/clef/ChevalletLR05a', 'http://ceur-ws.org/Vol-1171/CLEF2005wn-ImageCLEF-ChevalletEt2005.pdf');
INSERT INTO Write (AuthorID, PaperID) VALUES (57, 567);
INSERT INTO Paper (PaperID, Title, Year, MDate, Key, DOI) VALUES (676, 'Using Bayesian Network for Conceptual Indexing: Application to Medical Document Indexing with UMLS Metathesaurus.', 2007, '2017-05-24', 'conf/clef/LeCL07', 'https://doi.org/10.1007/978-3-540-85760-0_80');
INSERT INTO Write (AuthorID, PaperID) VALUES (57, 676);
INSERT INTO Paper (PaperID, Title, Year, MDate, Key, DOI) VALUES (734, 'Multi-Relation Modeling on Multi Concept Extraction LIG participation at ImageClefMed.', 2008, '2014-09-29', 'conf/clef/MaisonnasseGC08', 'http://ceur-ws.org/Vol-1174/CLEF2008wn-ImageCLEF-MaisonnasseEt2008.pdf');
INSERT INTO Write (AuthorID, PaperID) VALUES (57, 734);
INSERT INTO Paper (PaperID, Title, Year, MDate, Key, DOI) VALUES (1145, 'Simple Translations of Monolingual Queries Expanded Through an Association Thesaurus: X-IOTA IR System Used for CLIPS Bilingual Experiments.', 2003, '2017-05-24', 'conf/clef/SerassetC03', 'https://doi.org/10.1007/978-3-540-30222-3_23');
INSERT INTO Write (AuthorID, PaperID) VALUES (57, 1145);
INSERT INTO Paper (PaperID, Title, Year, MDate, Key, DOI) VALUES (1221, 'LIG at ImageCLEF 2008.', 2008, '2017-05-24', 'conf/clef/MaisonnasseMGC08', 'https://doi.org/10.1007/978-3-642-04447-2_89');
INSERT INTO Write (AuthorID, PaperID) VALUES (57, 1221);
INSERT INTO Paper (PaperID, Title, Year, MDate, Key, DOI) VALUES (1292, 'IPAL at ImageClef 2007 Mixing Features, Models and Knowledge.', 2007, '2014-09-23', 'conf/clef/GaoCLPL07', 'http://ceur-ws.org/Vol-1173/CLEF2007wn-ImageCLEF-GaoEt2007.pdf');
INSERT INTO Write (AuthorID, PaperID) VALUES (57, 1292);
INSERT INTO Paper (PaperID, Title, Year, MDate, Key, DOI) VALUES (1579, 'MRIM-LIG at ImageCLEF 2009: Robotvision, Image Annotation and Retrieval Tasks.', 2009, '2017-05-24', 'conf/clef/PhamMMCQA09', 'https://doi.org/10.1007/978-3-642-15751-6_42');
INSERT INTO Write (AuthorID, PaperID) VALUES (57, 1579);
INSERT INTO Paper (PaperID, Title, Year, MDate, Key, DOI) VALUES (1717, 'A Structured Learning Approach for Medical Image Indexing and Retrieval.', 2005, '2014-08-15', 'conf/clef/LimC05', 'http://ceur-ws.org/Vol-1171/CLEF2005wn-ImageCLEF-LimEt2005.pdf');
INSERT INTO Write (AuthorID, PaperID) VALUES (57, 1717);
INSERT INTO Paper (PaperID, Title, Year, MDate, Key, DOI) VALUES (1758, 'Using Syntactic Dependency and Language Model X-IOTA IR System for CLIPS Mono 800Aamp; Bilingual Experiments in CLEF 2005.', 2005, '2014-08-15', 'conf/clef/MaisonnasseSC05a', 'http://ceur-ws.org/Vol-1171/CLEF2005wn-adhoc-MaisonnasseEt2005.pdf');
INSERT INTO Write (AuthorID, PaperID) VALUES (57, 1758);
INSERT INTO Paper (PaperID, Title, Year, MDate, Key, DOI) VALUES (2067, 'Inter-media Pseudo-relevance Feedback Application to ImageCLEF 2006 Photo Retrieval.', 2006, '2017-05-24', 'conf/clef/MaillotCL06', 'https://doi.org/10.1007/978-3-540-74999-8_92');
INSERT INTO Write (AuthorID, PaperID) VALUES (57, 2067);
INSERT INTO Paper (PaperID, Title, Year, MDate, Key, DOI) VALUES (2283, 'Multiplying Concept Sources for Graph Modeling.', 2007, '2017-05-24', 'conf/clef/MaisonnasseGC07', 'https://doi.org/10.1007/978-3-540-85760-0_73');
INSERT INTO Write (AuthorID, PaperID) VALUES (57, 2283);
INSERT INTO Paper (PaperID, Title, Year, MDate, Key, DOI) VALUES (2647, 'A Structured Visual Learning Approach Mixed with Ontology Dimensions for Medical Queries.', 2005, '2017-05-24', 'conf/clef/ChevalletLR05', 'https://doi.org/10.1007/11878773_71');
INSERT INTO Write (AuthorID, PaperID) VALUES (57, 2647);
INSERT INTO Paper (PaperID, Title, Year, MDate, Key, DOI) VALUES (2754, 'MRIM-LIG at ImageCLEF 2009: Photo Retrieval and Photo Annotation Tasks.', 2009, '2014-09-29', 'conf/clef/MulhemCQA09', 'http://ceur-ws.org/Vol-1175/CLEF2009wn-ImageCLEF-MulhemEt2009.pdf');
INSERT INTO Write (AuthorID, PaperID) VALUES (57, 2754);
INSERT INTO Paper (PaperID, Title, Year, MDate, Key, DOI) VALUES (2824, 'Using the X-IOTA System in Mono- and Bilingual Experiments at CLEF 2005.', 2005, '2017-05-24', 'conf/clef/MaisonnasseSC05', 'https://doi.org/10.1007/11878773_7');
INSERT INTO Write (AuthorID, PaperID) VALUES (57, 2824);
INSERT INTO Paper (PaperID, Title, Year, MDate, Key, DOI) VALUES (2964, 'Multi-facet Document Representation and Retrieval.', 2011, '2014-09-24', 'conf/clef/AbdulahhadCB11', 'http://www.clef-initiative.eu/documents/71612/86377/CLEF2011wn-ImageCLEF-AbdulahhadEt2011.pdf');
INSERT INTO Write (AuthorID, PaperID) VALUES (57, 2964);
INSERT INTO Paper (PaperID, Title, Year, MDate, Key, DOI) VALUES (3066, 'Using Surface-Syntactic Parser and Deviation from Randomness.', 2004, '2017-05-24', 'conf/clef/ChevalletS05', 'https://doi.org/10.1007/11519645_4');
INSERT INTO Write (AuthorID, PaperID) VALUES (57, 3066);
INSERT INTO Paper (PaperID, Title, Year, MDate, Key, DOI) VALUES (3103, 'Multimedia Information Modeling and Retrieval (MRIM) /Laboratoire d''Informatique de Grenoble (LIG) at CHiC2013.', 2013, '2014-09-10', 'conf/clef/TanACMB13', 'http://ceur-ws.org/Vol-1179/CLEF2013wn-CHiC-TanEt2013.pdf');
INSERT INTO Write (AuthorID, PaperID) VALUES (57, 3103);
INSERT INTO Paper (PaperID, Title, Year, MDate, Key, DOI) VALUES (3132, 'Inter-media Concept-Based Medical Image Indexing and Retrieval with UMLS at IPAL.', 2006, '2018-01-31', 'conf/clef/LacosteCLLXRTV06', 'https://doi.org/10.1007/978-3-540-74999-8_86');
INSERT INTO Write (AuthorID, PaperID) VALUES (57, 3132);
INSERT INTO Paper (PaperID, Title, Year, MDate, Key, DOI) VALUES (3282, 'IPAL at CLEF 2008: Mixed-Modality based Image Search, Novelty based Re-ranking and Extended Matching.', 2008, '2014-09-29', 'conf/clef/GaoCL08', 'http://ceur-ws.org/Vol-1174/CLEF2008wn-ImageCLEF-GaoEt2008.pdf');
INSERT INTO Write (AuthorID, PaperID) VALUES (57, 3282);
INSERT INTO Paper (PaperID, Title, Year, MDate, Key, DOI) VALUES (3374, 'IPAL Inter-Media Pseudo-Relevance Feedback Approach to ImageCLEF 2006 Photo Retrieval.', 2006, '2014-08-15', 'conf/clef/MaillotCVL06', 'http://ceur-ws.org/Vol-1172/CLEF2006wn-ImageCLEF-MaillotEt2006.pdf');
INSERT INTO Write (AuthorID, PaperID) VALUES (57, 3374);
INSERT INTO Paper (PaperID, Title, Year, MDate, Key, DOI) VALUES (3514, 'Multiplying Concept Sources for Graph Modeling.', 2007, '2014-09-23', 'conf/clef/MaisonnasseGC07a', 'http://ceur-ws.org/Vol-1173/CLEF2007wn-ImageCLEF-MaisonnasseEt2007.pdf');
INSERT INTO Write (AuthorID, PaperID) VALUES (57, 3514);
INSERT INTO Paper (PaperID, Title, Year, MDate, Key, DOI) VALUES (3519, 'Using Surface-Syntactic Parser and Derivation from Randomness: X-IOTA IR System used for CLIPS Mono 800Aamp; Bilingual Experiments for CLEF 2004.', 2004, '2014-08-15', 'conf/clef/SerassetC04', 'http://ceur-ws.org/Vol-1170/CLEF2004wn-adhoc-SerassetEt2004.pdf');
INSERT INTO Write (AuthorID, PaperID) VALUES (57, 3519);
INSERT INTO Author (AuthorID, Name) VALUES (58, 'Jens K&uuml;rsten');
INSERT INTO Write (AuthorID, PaperID) VALUES (58, 79);
INSERT INTO Write (AuthorID, PaperID) VALUES (58, 204);
INSERT INTO Write (AuthorID, PaperID) VALUES (58, 536);
INSERT INTO Write (AuthorID, PaperID) VALUES (58, 806);
INSERT INTO Write (AuthorID, PaperID) VALUES (58, 955);
INSERT INTO Write (AuthorID, PaperID) VALUES (58, 1143);
INSERT INTO Paper (PaperID, Title, Year, MDate, Key, DOI) VALUES (1554, 'Chemnitz at CLEF 2009 Ad-Hoc TEL Task: Combining Different Retrieval Models and Addressing the Multilinguality.', 2009, '2014-09-29', 'conf/clef/Kursten09', 'http://ceur-ws.org/Vol-1175/CLEF2009wn-adhoc-Kursten2009.pdf');
INSERT INTO Write (AuthorID, PaperID) VALUES (58, 1554);
INSERT INTO Write (AuthorID, PaperID) VALUES (58, 1626);
INSERT INTO Write (AuthorID, PaperID) VALUES (58, 1689);
INSERT INTO Write (AuthorID, PaperID) VALUES (58, 1783);
INSERT INTO Write (AuthorID, PaperID) VALUES (58, 1789);
INSERT INTO Write (AuthorID, PaperID) VALUES (58, 1913);
INSERT INTO Write (AuthorID, PaperID) VALUES (58, 1965);
INSERT INTO Write (AuthorID, PaperID) VALUES (58, 2116);
INSERT INTO Write (AuthorID, PaperID) VALUES (58, 2127);
INSERT INTO Write (AuthorID, PaperID) VALUES (58, 2535);
INSERT INTO Write (AuthorID, PaperID) VALUES (58, 2655);
INSERT INTO Write (AuthorID, PaperID) VALUES (58, 2835);
INSERT INTO Write (AuthorID, PaperID) VALUES (58, 2876);
INSERT INTO Write (AuthorID, PaperID) VALUES (58, 2994);
INSERT INTO Write (AuthorID, PaperID) VALUES (58, 3079);
INSERT INTO Write (AuthorID, PaperID) VALUES (58, 3180);
INSERT INTO Write (AuthorID, PaperID) VALUES (58, 3181);
INSERT INTO Author (AuthorID, Name) VALUES (59, 'Sven Hartrumpf');
INSERT INTO Paper (PaperID, Title, Year, MDate, Key, DOI) VALUES (53, 'Question Answering Using Sentence Parsing and Semantic Network Matching.', 2004, '2017-05-24', 'conf/clef/Hartrumpf05', 'https://doi.org/10.1007/11519645_50');
INSERT INTO Write (AuthorID, PaperID) VALUES (59, 53);
INSERT INTO Write (AuthorID, PaperID) VALUES (59, 351);
INSERT INTO Write (AuthorID, PaperID) VALUES (59, 364);
INSERT INTO Write (AuthorID, PaperID) VALUES (59, 474);
INSERT INTO Write (AuthorID, PaperID) VALUES (59, 510);
INSERT INTO Write (AuthorID, PaperID) VALUES (59, 604);
INSERT INTO Paper (PaperID, Title, Year, MDate, Key, DOI) VALUES (621, 'University of Hagen at QA@CLEF 2005: Extending Knowledge and Deepening Linguistic Processing for Question Answering.', 2005, '2014-08-15', 'conf/clef/Hartrumpf05b', 'http://ceur-ws.org/Vol-1171/CLEF2005wn-QACLEF-Hartrumpf2005.pdf');
INSERT INTO Write (AuthorID, PaperID) VALUES (59, 621);
INSERT INTO Write (AuthorID, PaperID) VALUES (59, 823);
INSERT INTO Write (AuthorID, PaperID) VALUES (59, 850);
INSERT INTO Write (AuthorID, PaperID) VALUES (59, 879);
INSERT INTO Write (AuthorID, PaperID) VALUES (59, 1201);
INSERT INTO Write (AuthorID, PaperID) VALUES (59, 1255);
INSERT INTO Paper (PaperID, Title, Year, MDate, Key, DOI) VALUES (1595, 'Extending Knowledge and Deepening Linguistic Processing for the Question Answering System InSicht.', 2005, '2017-05-24', 'conf/clef/Hartrumpf05a', 'https://doi.org/10.1007/11878773_41');
INSERT INTO Write (AuthorID, PaperID) VALUES (59, 1595);
INSERT INTO Paper (PaperID, Title, Year, MDate, Key, DOI) VALUES (1801, 'Question Answering using Sentence Parsing and Semantic Network Matching.', 2004, '2014-08-15', 'conf/clef/Hartrumpf04', 'http://ceur-ws.org/Vol-1170/CLEF2004wn-QACLEF-Hartrumpf2004.pdf');
INSERT INTO Write (AuthorID, PaperID) VALUES (59, 1801);
INSERT INTO Write (AuthorID, PaperID) VALUES (59, 1943);
INSERT INTO Write (AuthorID, PaperID) VALUES (59, 1993);
INSERT INTO Write (AuthorID, PaperID) VALUES (59, 2120);
INSERT INTO Write (AuthorID, PaperID) VALUES (59, 2134);
INSERT INTO Write (AuthorID, PaperID) VALUES (59, 2196);
INSERT INTO Write (AuthorID, PaperID) VALUES (59, 2798);
INSERT INTO Write (AuthorID, PaperID) VALUES (59, 2947);
INSERT INTO Write (AuthorID, PaperID) VALUES (59, 3331);
INSERT INTO Write (AuthorID, PaperID) VALUES (59, 3494);
INSERT INTO Author (AuthorID, Name) VALUES (60, 'Liadh Kelly');
INSERT INTO Write (AuthorID, PaperID) VALUES (60, 7);
INSERT INTO Write (AuthorID, PaperID) VALUES (60, 531);
INSERT INTO Paper (PaperID, Title, Year, MDate, Key, DOI) VALUES (600, 'Extended Overview of the Living Labs for Information Retrieval Evaluation (LL4IR) CLEF Lab 2015.', 2015, '2015-09-03', 'conf/clef/SchuthBK15a', 'http://ceur-ws.org/Vol-1391/inv-pap8-CR.pdf');
INSERT INTO Write (AuthorID, PaperID) VALUES (60, 600);
INSERT INTO Write (AuthorID, PaperID) VALUES (60, 657);
INSERT INTO Write (AuthorID, PaperID) VALUES (60, 685);
INSERT INTO Write (AuthorID, PaperID) VALUES (60, 822);
INSERT INTO Write (AuthorID, PaperID) VALUES (60, 910);
INSERT INTO Write (AuthorID, PaperID) VALUES (60, 1046);
INSERT INTO Write (AuthorID, PaperID) VALUES (60, 1126);
INSERT INTO Paper (PaperID, Title, Year, MDate, Key, DOI) VALUES (1361, 'Overview of the Living Labs for Information Retrieval Evaluation (LL4IR) CLEF Lab 2015.', 2015, '2017-09-16', 'conf/clef/SchuthBK15', 'https://doi.org/10.1007/978-3-319-24027-5_47');
INSERT INTO Write (AuthorID, PaperID) VALUES (60, 1361);
INSERT INTO Paper (PaperID, Title, Year, MDate, Key, DOI) VALUES (1465, 'EvalUMAP: Towards Comparative Evaluation in User Modeling, Adaptation and Personalization.', 2017, '2017-08-15', 'conf/clef/ConlanKKLS17', 'http://ceur-ws.org/Vol-1866/paper_203.pdf');
INSERT INTO Write (AuthorID, PaperID) VALUES (60, 1465);
INSERT INTO Write (AuthorID, PaperID) VALUES (60, 1586);
INSERT INTO Write (AuthorID, PaperID) VALUES (60, 1729);
INSERT INTO Write (AuthorID, PaperID) VALUES (60, 1732);
INSERT INTO Write (AuthorID, PaperID) VALUES (60, 1774);
INSERT INTO Write (AuthorID, PaperID) VALUES (60, 2059);
INSERT INTO Write (AuthorID, PaperID) VALUES (60, 2189);
INSERT INTO Paper (PaperID, Title, Year, MDate, Key, DOI) VALUES (2253, 'Research-Centres Centred Living Labs.', 2016, '2016-08-11', 'conf/clef/Kelly16', 'http://ceur-ws.org/Vol-1609/16090589.pdf');
INSERT INTO Write (AuthorID, PaperID) VALUES (60, 2253);
INSERT INTO Write (AuthorID, PaperID) VALUES (60, 2398);
INSERT INTO Write (AuthorID, PaperID) VALUES (60, 2472);
INSERT INTO Write (AuthorID, PaperID) VALUES (60, 2524);
INSERT INTO Write (AuthorID, PaperID) VALUES (60, 2652);
INSERT INTO Write (AuthorID, PaperID) VALUES (60, 2997);
INSERT INTO Author (AuthorID, Name) VALUES (61, 'Jos&eacute; M. Perea-Ortega');
INSERT INTO Write (AuthorID, PaperID) VALUES (61, 283);
INSERT INTO Write (AuthorID, PaperID) VALUES (61, 613);
INSERT INTO Write (AuthorID, PaperID) VALUES (61, 682);
INSERT INTO Write (AuthorID, PaperID) VALUES (61, 746);
INSERT INTO Write (AuthorID, PaperID) VALUES (61, 817);
INSERT INTO Write (AuthorID, PaperID) VALUES (61, 847);
INSERT INTO Write (AuthorID, PaperID) VALUES (61, 1014);
INSERT INTO Write (AuthorID, PaperID) VALUES (61, 1076);
INSERT INTO Write (AuthorID, PaperID) VALUES (61, 1167);
INSERT INTO Write (AuthorID, PaperID) VALUES (61, 1241);
INSERT INTO Write (AuthorID, PaperID) VALUES (61, 1630);
INSERT INTO Write (AuthorID, PaperID) VALUES (61, 2006);
INSERT INTO Write (AuthorID, PaperID) VALUES (61, 2114);
INSERT INTO Write (AuthorID, PaperID) VALUES (61, 2213);
INSERT INTO Write (AuthorID, PaperID) VALUES (61, 2224);
INSERT INTO Write (AuthorID, PaperID) VALUES (61, 2249);
INSERT INTO Write (AuthorID, PaperID) VALUES (61, 2370);
INSERT INTO Write (AuthorID, PaperID) VALUES (61, 2706);
INSERT INTO Write (AuthorID, PaperID) VALUES (61, 2792);
INSERT INTO Write (AuthorID, PaperID) VALUES (61, 2799);
INSERT INTO Write (AuthorID, PaperID) VALUES (61, 2974);
INSERT INTO Write (AuthorID, PaperID) VALUES (61, 3089);
INSERT INTO Write (AuthorID, PaperID) VALUES (61, 3228);
INSERT INTO Author (AuthorID, Name) VALUES (62, 'Jos&eacute; Miguel Go&ntilde;i-Menoyo');
INSERT INTO Write (AuthorID, PaperID) VALUES (62, 30);
INSERT INTO Write (AuthorID, PaperID) VALUES (62, 68);
INSERT INTO Write (AuthorID, PaperID) VALUES (62, 135);
INSERT INTO Write (AuthorID, PaperID) VALUES (62, 317);
INSERT INTO Write (AuthorID, PaperID) VALUES (62, 410);
INSERT INTO Write (AuthorID, PaperID) VALUES (62, 433);
INSERT INTO Write (AuthorID, PaperID) VALUES (62, 498);
INSERT INTO Write (AuthorID, PaperID) VALUES (62, 721);
INSERT INTO Write (AuthorID, PaperID) VALUES (62, 851);
INSERT INTO Write (AuthorID, PaperID) VALUES (62, 868);
INSERT INTO Write (AuthorID, PaperID) VALUES (62, 1313);
INSERT INTO Write (AuthorID, PaperID) VALUES (62, 1820);
INSERT INTO Write (AuthorID, PaperID) VALUES (62, 1941);
INSERT INTO Write (AuthorID, PaperID) VALUES (62, 2130);
INSERT INTO Write (AuthorID, PaperID) VALUES (62, 2260);
INSERT INTO Write (AuthorID, PaperID) VALUES (62, 2300);
INSERT INTO Write (AuthorID, PaperID) VALUES (62, 2330);
INSERT INTO Write (AuthorID, PaperID) VALUES (62, 2415);
INSERT INTO Write (AuthorID, PaperID) VALUES (62, 2753);
INSERT INTO Write (AuthorID, PaperID) VALUES (62, 3342);
INSERT INTO Write (AuthorID, PaperID) VALUES (62, 3433);
INSERT INTO Write (AuthorID, PaperID) VALUES (62, 3488);
INSERT INTO Write (AuthorID, PaperID) VALUES (62, 3495);
INSERT INTO Author (AuthorID, Name) VALUES (63, 'Stephen Tomlinson');
INSERT INTO Paper (PaperID, Title, Year, MDate, Key, DOI) VALUES (97, 'Bulgarian and Hungarian Experiments with Hummingbird SearchServer<sup>TM</sup> at CLEF 2005.', 2005, '2017-05-24', 'conf/clef/Tomlinson05a', 'https://doi.org/10.1007/11878773_22');
INSERT INTO Write (AuthorID, PaperID) VALUES (63, 97);
INSERT INTO Paper (PaperID, Title, Year, MDate, Key, DOI) VALUES (338, 'German, French, English and Persian Retrieval Experiments at CLEF 2008.', 2008, '2014-09-29', 'conf/clef/Tomlinson08a', 'http://ceur-ws.org/Vol-1174/CLEF2008wn-adhoc-Tomlinson2008.pdf');
INSERT INTO Write (AuthorID, PaperID) VALUES (63, 338);
INSERT INTO Paper (PaperID, Title, Year, MDate, Key, DOI) VALUES (419, 'Comparing the Robustness of Expansion Techniques and Retrieval Measures.', 2006, '2017-05-24', 'conf/clef/Tomlinson06', 'https://doi.org/10.1007/978-3-540-74999-8_18');
INSERT INTO Write (AuthorID, PaperID) VALUES (63, 419);
INSERT INTO Paper (PaperID, Title, Year, MDate, Key, DOI) VALUES (529, 'Experiments with the 4 Query Sets of WebCLEF 2006.', 2006, '2017-05-24', 'conf/clef/Tomlinson06a', 'https://doi.org/10.1007/978-3-540-74999-8_107');
INSERT INTO Write (AuthorID, PaperID) VALUES (63, 529);
INSERT INTO Paper (PaperID, Title, Year, MDate, Key, DOI) VALUES (553, 'European Ad Hoc Retrieval Experiments with Hummingbird SearchServerTM at CLEF 2005.', 2005, '2014-08-15', 'conf/clef/Tomlinson05c', 'http://ceur-ws.org/Vol-1171/CLEF2005wn-adhoc-Tomlinson2005.pdf');
INSERT INTO Write (AuthorID, PaperID) VALUES (63, 553);
INSERT INTO Paper (PaperID, Title, Year, MDate, Key, DOI) VALUES (560, 'European Web Retrieval Experiments with Hummingbird SearchServer800A#8482; at CLEF 2005.', 2005, '2014-08-15', 'conf/clef/Tomlinson05d', 'http://ceur-ws.org/Vol-1171/CLEF2005wn-WebCLEF-Tomlinson2005.pdf');
INSERT INTO Write (AuthorID, PaperID) VALUES (63, 560);
INSERT INTO Paper (PaperID, Title, Year, MDate, Key, DOI) VALUES (617, 'German, French, English and Persian Retrieval Experiments at CLEF 2009.', 2009, '2014-09-29', 'conf/clef/Tomlinson09a', 'http://ceur-ws.org/Vol-1175/CLEF2009wn-adhoc-Tomlinson2009.pdf');
INSERT INTO Write (AuthorID, PaperID) VALUES (63, 617);
INSERT INTO Paper (PaperID, Title, Year, MDate, Key, DOI) VALUES (960, 'Stemming Evaluated in 6 Languages by Hummingbird SearchServer<sup>TM</sup> at CLEF 2001.', 2001, '2017-05-24', 'conf/clef/Tomlinson01', 'https://doi.org/10.1007/3-540-45691-0_25');
INSERT INTO Write (AuthorID, PaperID) VALUES (63, 960);
INSERT INTO Paper (PaperID, Title, Year, MDate, Key, DOI) VALUES (1077, 'Experiments in 8 European Languages with Hummingbird SearchServer<sup>TM</sup> at CLEF 2002.', 2002, '2017-05-24', 'conf/clef/Tomlinson02', 'https://doi.org/10.1007/978-3-540-45237-9_20');
INSERT INTO Write (AuthorID, PaperID) VALUES (63, 1077);
INSERT INTO Paper (PaperID, Title, Year, MDate, Key, DOI) VALUES (1187, 'Sampling Precision to Depth 10000 at CLEF 2008.', 2008, '2017-05-24', 'conf/clef/Tomlinson08', 'https://doi.org/10.1007/978-3-642-04447-2_20');
INSERT INTO Write (AuthorID, PaperID) VALUES (63, 1187);
INSERT INTO Paper (PaperID, Title, Year, MDate, Key, DOI) VALUES (1215, 'Finnish, Portuguese and Russian Retrieval with Hummingbird SearchServer800A#8482; at CLEF 2004.', 2004, '2014-08-15', 'conf/clef/Tomlinson04', 'http://ceur-ws.org/Vol-1170/CLEF2004wn-adhoc-Tomlinson2004.pdf');
INSERT INTO Write (AuthorID, PaperID) VALUES (63, 1215);
INSERT INTO Paper (PaperID, Title, Year, MDate, Key, DOI) VALUES (1390, 'European Web Retrieval Experiments at WebCLEF 2006.', 2006, '2014-08-15', 'conf/clef/Tomlinson06c', 'http://ceur-ws.org/Vol-1172/CLEF2006wn-WebCLEF-Tomlinson2006.pdf');
INSERT INTO Write (AuthorID, PaperID) VALUES (63, 1390);
INSERT INTO Paper (PaperID, Title, Year, MDate, Key, DOI) VALUES (1688, 'Sampling Precision to Depth 10000 at CLEF 2009.', 2009, '2017-05-24', 'conf/clef/Tomlinson09', 'https://doi.org/10.1007/978-3-642-15754-7_8');
INSERT INTO Write (AuthorID, PaperID) VALUES (63, 1688);
INSERT INTO Paper (PaperID, Title, Year, MDate, Key, DOI) VALUES (1690, 'Experiments in 8 European Languages with Hummingbird SearchServer800A#8482; at CLEF2002.', 2002, '2014-08-15', 'conf/clef/Tomlinson02a', 'http://ceur-ws.org/Vol-1168/CLEF2002wn-adhoc-Tomlinson2002.pdf');
INSERT INTO Write (AuthorID, PaperID) VALUES (63, 1690);
INSERT INTO Paper (PaperID, Title, Year, MDate, Key, DOI) VALUES (1700, 'Sampling Precision to Depth 10000: Evaluation Experiments at CLEF 2007.', 2007, '2014-09-23', 'conf/clef/Tomlinson07a', 'http://ceur-ws.org/Vol-1173/CLEF2007wn-adhoc-Tomlinson2007.pdf');
INSERT INTO Write (AuthorID, PaperID) VALUES (63, 1700);
INSERT INTO Paper (PaperID, Title, Year, MDate, Key, DOI) VALUES (1829, 'Danish and Greek Web Search Experiments with Hummingbird SearchServer<sup>TM</sup> at CLEF 2005.', 2005, '2017-05-24', 'conf/clef/Tomlinson05b', 'https://doi.org/10.1007/11878773_92');
INSERT INTO Write (AuthorID, PaperID) VALUES (63, 1829);
INSERT INTO Paper (PaperID, Title, Year, MDate, Key, DOI) VALUES (2520, 'Lexical and Algorithmic Stemming Compared for 9 European Languages with Hummingbird SearchServerTM at CLEF 2003.', 2003, '2014-08-15', 'conf/clef/Tomlinson03a', 'http://ceur-ws.org/Vol-1169/CLEF2003wn-adhoc-Tomlinson2003.pdf');
INSERT INTO Write (AuthorID, PaperID) VALUES (63, 2520);
INSERT INTO Paper (PaperID, Title, Year, MDate, Key, DOI) VALUES (2576, 'Finnish, Portuguese and Russian Retrieval with Hummingbird SearchServer<sup>TM</sup> at CLEF 2004.', 2004, '2017-05-24', 'conf/clef/Tomlinson05', 'https://doi.org/10.1007/11519645_23');
INSERT INTO Write (AuthorID, PaperID) VALUES (63, 2576);
INSERT INTO Paper (PaperID, Title, Year, MDate, Key, DOI) VALUES (2907, 'Hummingbird''s Fulcrum SearchServer at CLEF2001.', 2001, '2014-08-15', 'conf/clef/Tomlinson01a', 'http://ceur-ws.org/Vol-1167/CLEF2001wn-adhoc-Tomlinson2001.pdf');
INSERT INTO Write (AuthorID, PaperID) VALUES (63, 2907);
INSERT INTO Paper (PaperID, Title, Year, MDate, Key, DOI) VALUES (3129, 'Lexical and Algorithmic Stemming Compared for 9 European Languages with Hummingbird SearchServer800A#8482; at CLEF 2003.', 2003, '2017-05-24', 'conf/clef/Tomlinson03', 'https://doi.org/10.1007/978-3-540-30222-3_27');
INSERT INTO Write (AuthorID, PaperID) VALUES (63, 3129);
INSERT INTO Paper (PaperID, Title, Year, MDate, Key, DOI) VALUES (3401, 'Comparing the Robustness of Expansion Techniques and Retrieval Measures.', 2006, '2014-08-15', 'conf/clef/Tomlinson06b', 'http://ceur-ws.org/Vol-1172/CLEF2006wn-adhoc-Tomlinson2006.pdf');
INSERT INTO Write (AuthorID, PaperID) VALUES (63, 3401);
INSERT INTO Paper (PaperID, Title, Year, MDate, Key, DOI) VALUES (3480, 'Sampling Precision to Depth 10000 at CLEF 2007.', 2007, '2017-05-24', 'conf/clef/Tomlinson07', 'https://doi.org/10.1007/978-3-540-85760-0_7');
INSERT INTO Write (AuthorID, PaperID) VALUES (63, 3480);
INSERT INTO Author (AuthorID, Name) VALUES (64, 'Nuno Cardoso');
INSERT INTO Paper (PaperID, Title, Year, MDate, Key, DOI) VALUES (36, 'Using Geographic Signatures as Query and Document Scopes in Geographic IR.', 2007, '2017-05-24', 'conf/clef/CardosoCCS07', 'https://doi.org/10.1007/978-3-540-85760-0_101');
INSERT INTO Write (AuthorID, PaperID) VALUES (64, 36);
INSERT INTO Paper (PaperID, Title, Year, MDate, Key, DOI) VALUES (51, 'The University of Lisbon at GeoCLEF 2006.', 2006, '2018-02-28', 'conf/clef/MartinsCCAS06a', 'http://ceur-ws.org/Vol-1172/CLEF2006wn-GeoCLEF-MartinsEt2006.pdf');
INSERT INTO Write (AuthorID, PaperID) VALUES (64, 51);
INSERT INTO Paper (PaperID, Title, Year, MDate, Key, DOI) VALUES (315, 'Experiments with Geographic Evidence Extracted from Documents.', 2008, '2017-06-02', 'conf/clef/CardosoSS08', 'https://doi.org/10.1007/978-3-642-04447-2_117');
INSERT INTO Write (AuthorID, PaperID) VALUES (64, 315);
INSERT INTO Paper (PaperID, Title, Year, MDate, Key, DOI) VALUES (477, 'The University of Lisbon at GeoCLEF 2008.', 2008, '2014-09-29', 'conf/clef/CardosoSS08a', 'http://ceur-ws.org/Vol-1174/CLEF2008wn-GeoCLEF-CardosoEt2008.pdf');
INSERT INTO Write (AuthorID, PaperID) VALUES (64, 477);
INSERT INTO Paper (PaperID, Title, Year, MDate, Key, DOI) VALUES (562, 'The University of Lisbon at GeoCLEF 2007.', 2007, '2014-09-23', 'conf/clef/CardosoCCS07a', 'http://ceur-ws.org/Vol-1173/CLEF2007wn-GeoCLEF-CardosoEt2007.pdf');
INSERT INTO Write (AuthorID, PaperID) VALUES (64, 562);
INSERT INTO Paper (PaperID, Title, Year, MDate, Key, DOI) VALUES (619, 'The XLDB Group Participation in the CLEF 2005 Ad Hoc Task.', 2005, '2018-02-28', 'conf/clef/CardosoASS05a', 'http://ceur-ws.org/Vol-1171/CLEF2005wn-adhoc-CardosoEt2005.pdf');
INSERT INTO Write (AuthorID, PaperID) VALUES (64, 619);
INSERT INTO Write (AuthorID, PaperID) VALUES (64, 850);
INSERT INTO Paper (PaperID, Title, Year, MDate, Key, DOI) VALUES (880, 'The XLDB Group at CLEF 2004.', 2004, '2017-05-24', 'conf/clef/CardosoSC05', 'https://doi.org/10.1007/11519645_25');
INSERT INTO Write (AuthorID, PaperID) VALUES (64, 880);
INSERT INTO Write (AuthorID, PaperID) VALUES (64, 1255);
INSERT INTO Paper (PaperID, Title, Year, MDate, Key, DOI) VALUES (2561, 'The University of Lisbon at CLEF 2006 Ad-Hoc Task.', 2006, '2017-12-13', 'conf/clef/CardosoSM06', 'https://doi.org/10.1007/978-3-540-74999-8_6');
INSERT INTO Write (AuthorID, PaperID) VALUES (64, 2561);
INSERT INTO Paper (PaperID, Title, Year, MDate, Key, DOI) VALUES (2613, 'The XLDB Group at GeoCLEF 2005.', 2005, '2018-02-28', 'conf/clef/CardosoMCAS05', 'https://doi.org/10.1007/11878773_111');
INSERT INTO Write (AuthorID, PaperID) VALUES (64, 2613);
INSERT INTO Paper (PaperID, Title, Year, MDate, Key, DOI) VALUES (2692, 'The XLDB Group at GeoCLEF 2005.', 2005, '2018-02-28', 'conf/clef/CardosoMCAS05a', 'http://ceur-ws.org/Vol-1171/CLEF2005wn-GeoCLEF-CardosoEt2005.pdf');
INSERT INTO Write (AuthorID, PaperID) VALUES (64, 2692);
INSERT INTO Paper (PaperID, Title, Year, MDate, Key, DOI) VALUES (2696, 'The University of Lisbon at CLEF 2006 Ad-Hoc Task.', 2006, '2017-12-13', 'conf/clef/CardosoSM06a', 'http://ceur-ws.org/Vol-1172/CLEF2006wn-adhoc-CardosoEt2006.pdf');
INSERT INTO Write (AuthorID, PaperID) VALUES (64, 2696);
INSERT INTO Paper (PaperID, Title, Year, MDate, Key, DOI) VALUES (2777, 'Portuguese at CLEF 2005.', 2005, '2017-05-24', 'conf/clef/SantosC05', 'https://doi.org/10.1007/11878773_112');
INSERT INTO Write (AuthorID, PaperID) VALUES (64, 2777);
INSERT INTO Paper (PaperID, Title, Year, MDate, Key, DOI) VALUES (2847, 'Where in the Wikipedia Is That Answer? The XLDB at the GikiCLEF 2009 Task.', 2009, '2018-11-14', 'conf/clef/CardosoBLS09', 'https://www.wikidata.org/entity/Q57824257');
INSERT INTO Write (AuthorID, PaperID) VALUES (64, 2847);
INSERT INTO Paper (PaperID, Title, Year, MDate, Key, DOI) VALUES (2968, 'The XLDB Group at the CLEF 2005 Ad-Hoc Task.', 2005, '2018-02-28', 'conf/clef/CardosoASS05', 'https://doi.org/10.1007/11878773_5');
INSERT INTO Write (AuthorID, PaperID) VALUES (64, 2968);
INSERT INTO Paper (PaperID, Title, Year, MDate, Key, DOI) VALUES (2990, 'Portuguese at CLEF 2005: Reflections and Challenges.', 2005, '2014-08-15', 'conf/clef/SantosC05a', 'http://ceur-ws.org/Vol-1171/CLEF2005wn-adhoc-SantosEt2005.pdf');
INSERT INTO Write (AuthorID, PaperID) VALUES (64, 2990);
INSERT INTO Paper (PaperID, Title, Year, MDate, Key, DOI) VALUES (3092, 'The XLDB Group at CLEF 2004.', 2004, '2014-08-15', 'conf/clef/CardosoSC04', 'http://ceur-ws.org/Vol-1170/CLEF2004wn-adhoc-CardosoEt2004.pdf');
INSERT INTO Write (AuthorID, PaperID) VALUES (64, 3092);
INSERT INTO Paper (PaperID, Title, Year, MDate, Key, DOI) VALUES (3285, 'GikiCLEF Topics and Wikipedia Articles: Did They Blend?', 2009, '2017-05-24', 'conf/clef/Cardoso09', 'https://doi.org/10.1007/978-3-642-15754-7_37');
INSERT INTO Write (AuthorID, PaperID) VALUES (64, 3285);
INSERT INTO Write (AuthorID, PaperID) VALUES (64, 3331);
INSERT INTO Paper (PaperID, Title, Year, MDate, Key, DOI) VALUES (3461, 'The University of Lisbon at GeoCLEF 2006.', 2006, '2018-02-28', 'conf/clef/MartinsCCAS06', 'https://doi.org/10.1007/978-3-540-74999-8_127');
INSERT INTO Write (AuthorID, PaperID) VALUES (64, 3461);
INSERT INTO Paper (PaperID, Title, Year, MDate, Key, DOI) VALUES (3510, 'Where in Wikipedia is that Answer? XLDB at the GikiCLEF 2009 task.', 2009, '2014-09-29', 'conf/clef/CardosoBLS09a', 'http://ceur-ws.org/Vol-1175/CLEF2009wn-QACLEF-CardosoEt2009.pdf');
INSERT INTO Write (AuthorID, PaperID) VALUES (64, 3510);
INSERT INTO Author (AuthorID, Name) VALUES (65, 'Josiane Mothe');
INSERT INTO Paper (PaperID, Title, Year, MDate, Key, DOI) VALUES (66, 'Overview of INEX Tweet Contextualization 2014 track.', 2014, '2014-09-10', 'conf/clef/BellotMMST14', 'http://ceur-ws.org/Vol-1180/CLEF2014wn-Inex-BellotEt2014.pdf');
INSERT INTO Write (AuthorID, PaperID) VALUES (65, 66);
INSERT INTO Write (AuthorID, PaperID) VALUES (65, 378);
INSERT INTO Write (AuthorID, PaperID) VALUES (65, 643);
INSERT INTO Paper (PaperID, Title, Year, MDate, Key, DOI) VALUES (783, 'FabSpaces at ImageCLEF 2017 - Population Estimation (remote) Task.', 2017, '2018-01-09', 'conf/clef/ArenasBBBBCGHIL17', 'http://ceur-ws.org/Vol-1866/paper_161.pdf');
INSERT INTO Write (AuthorID, PaperID) VALUES (65, 783);
INSERT INTO Write (AuthorID, PaperID) VALUES (65, 803);
INSERT INTO Paper (PaperID, Title, Year, MDate, Key, DOI) VALUES (811, 'IRIT at e-Risk 2018.', 2018, '2018-08-08', 'conf/clef/RamiandrisoaMBM18', 'http://ceur-ws.org/Vol-2125/paper_102.pdf');
INSERT INTO Write (AuthorID, PaperID) VALUES (65, 811);
INSERT INTO Paper (PaperID, Title, Year, MDate, Key, DOI) VALUES (843, 'Overview of the INEX 2012 Tweet Contextualization Track.', 2012, '2014-09-24', 'conf/clef/SanJuanMTBM12', 'http://www.clef-initiative.eu/documents/71612/0daaae31-ae99-4fb4-8982-b5a3a2ebbb6b');
INSERT INTO Write (AuthorID, PaperID) VALUES (65, 843);
INSERT INTO Write (AuthorID, PaperID) VALUES (65, 870);
INSERT INTO Paper (PaperID, Title, Year, MDate, Key, DOI) VALUES (900, 'IRIT at INEX 2013: Tweet Contextualization Track.', 2013, '2014-09-10', 'conf/clef/ErmakovaM13', 'http://ceur-ws.org/Vol-1179/CLEF2013wn-INEX-ErmakovaEt2013.pdf');
INSERT INTO Write (AuthorID, PaperID) VALUES (65, 900);
INSERT INTO Paper (PaperID, Title, Year, MDate, Key, DOI) VALUES (1149, 'IRIT 800Aamp; MISA at Image CLEF 2017 - Multi Label Classification.', 2017, '2017-08-15', 'conf/clef/HoavyMR17', 'http://ceur-ws.org/Vol-1866/paper_148.pdf');
INSERT INTO Write (AuthorID, PaperID) VALUES (65, 1149);
INSERT INTO Paper (PaperID, Title, Year, MDate, Key, DOI) VALUES (1225, 'Building a Knowledge Base using Microblogs: the Case of Cultural MicroBlog Contextualization Collection.', 2016, '2016-08-11', 'conf/clef/NgocM16', 'http://ceur-ws.org/Vol-1609/16091226.pdf');
INSERT INTO Write (AuthorID, PaperID) VALUES (65, 1225);
INSERT INTO Paper (PaperID, Title, Year, MDate, Key, DOI) VALUES (1319, 'Overview of INEX Tweet Contextualization 2013 Track.', 2013, '2014-09-10', 'conf/clef/BellotMMST13', 'http://ceur-ws.org/Vol-1179/CLEF2013wn-INEX-BellotEt2013.pdf');
INSERT INTO Write (AuthorID, PaperID) VALUES (65, 1319);
INSERT INTO Write (AuthorID, PaperID) VALUES (65, 1436);
INSERT INTO Paper (PaperID, Title, Year, MDate, Key, DOI) VALUES (1460, 'IRIT at CheckThat! 2018.', 2018, '2018-08-08', 'conf/clef/AgezBLPM18', 'http://ceur-ws.org/Vol-2125/paper_132.pdf');
INSERT INTO Write (AuthorID, PaperID) VALUES (65, 1460);
INSERT INTO Paper (PaperID, Title, Year, MDate, Key, DOI) VALUES (1747, 'Overview of ImageCLEF 2017 Population Estimation (Remote) task.', 2017, '2017-08-15', 'conf/clef/ArenasIM17', 'http://ceur-ws.org/Vol-1866/invited_paper_2.pdf');
INSERT INTO Write (AuthorID, PaperID) VALUES (65, 1747);
INSERT INTO Paper (PaperID, Title, Year, MDate, Key, DOI) VALUES (1878, 'CLEF 2017 Microblog Cultural Contextualization Content Analysis task Overview.', 2017, '2017-08-15', 'conf/clef/ErmakovaMS17', 'http://ceur-ws.org/Vol-1866/invited_paper_14.pdf');
INSERT INTO Write (AuthorID, PaperID) VALUES (65, 1878);
INSERT INTO Paper (PaperID, Title, Year, MDate, Key, DOI) VALUES (2326, 'IRIT-QFR: IRIT Query Feature Resource.', 2017, '2017-08-31', 'conf/clef/MolinaMRTU17', 'https://doi.org/10.1007/978-3-319-65813-1_6');
INSERT INTO Write (AuthorID, PaperID) VALUES (65, 2326);
INSERT INTO Paper (PaperID, Title, Year, MDate, Key, DOI) VALUES (2403, 'IRIT at INEX 2014: Tweet Contextualization Trac.', 2014, '2014-09-10', 'conf/clef/ErmakovaM14', 'http://ceur-ws.org/Vol-1180/CLEF2014wn-Inex-ErmakovaEt2014.pdf');
INSERT INTO Write (AuthorID, PaperID) VALUES (65, 2403);
INSERT INTO Write (AuthorID, PaperID) VALUES (65, 2460);
INSERT INTO Paper (PaperID, Title, Year, MDate, Key, DOI) VALUES (2712, 'Tweet Data mining : the Cultural Microblog Contextualization Data Set.', 2016, '2016-08-11', 'conf/clef/ScohyCDM16', 'http://ceur-ws.org/Vol-1609/16091246.pdf');
INSERT INTO Write (AuthorID, PaperID) VALUES (65, 2712);
INSERT INTO Paper (PaperID, Title, Year, MDate, Key, DOI) VALUES (3116, 'IRIT at INEX 2012: Tweet Contextualization.', 2012, '2014-09-24', 'conf/clef/ErmakovaM12', 'http://www.clef-initiative.eu/documents/71612/3e9ecc64-fae6-4af3-93fd-1a6a6fabb5d6');
INSERT INTO Write (AuthorID, PaperID) VALUES (65, 3116);
INSERT INTO Paper (PaperID, Title, Year, MDate, Key, DOI) VALUES (3140, 'IRIT at e-Risk.', 2017, '2017-08-15', 'conf/clef/MalamABBKEHHMMR17', 'http://ceur-ws.org/Vol-1866/paper_135.pdf');
INSERT INTO Write (AuthorID, PaperID) VALUES (65, 3140);
INSERT INTO Author (AuthorID, Name) VALUES (66, 'Patrick Ruch');
INSERT INTO Paper (PaperID, Title, Year, MDate, Key, DOI) VALUES (93, 'Taking Benefit of Query and Document Expansion using MeSH Descriptors in Medical ImageCLEF 2009.', 2009, '2014-09-29', 'conf/clef/GobeillTPR09', 'http://ceur-ws.org/Vol-1175/CLEF2009wn-ImageCLEF-GobeillEt2009.pdf');
INSERT INTO Write (AuthorID, PaperID) VALUES (66, 93);
INSERT INTO Paper (PaperID, Title, Year, MDate, Key, DOI) VALUES (198, 'Instance-Based Learning for Tweet Monitoring and Categorization.', 2015, '2017-05-24', 'conf/clef/GobeillGR15', 'https://doi.org/10.1007/978-3-319-24027-5_22');
INSERT INTO Write (AuthorID, PaperID) VALUES (66, 198);
INSERT INTO Write (AuthorID, PaperID) VALUES (66, 239);
INSERT INTO Paper (PaperID, Title, Year, MDate, Key, DOI) VALUES (587, 'Text-only Cross-language Image Search at Medical ImageCLEF 2008.', 2008, '2014-09-29', 'conf/clef/GobeillRZ08a', 'http://ceur-ws.org/Vol-1174/CLEF2008wn-ImageCLEF-GobeillEt2008.pdf');
INSERT INTO Write (AuthorID, PaperID) VALUES (66, 587);
INSERT INTO Write (AuthorID, PaperID) VALUES (66, 762);
INSERT INTO Write (AuthorID, PaperID) VALUES (66, 821);
INSERT INTO Paper (PaperID, Title, Year, MDate, Key, DOI) VALUES (1628, 'Query and Document Expansion with Medical Subject Headings Terms at Medical Imageclef 2008.', 2008, '2017-05-24', 'conf/clef/GobeillRZ08', 'https://doi.org/10.1007/978-3-642-04447-2_95');
INSERT INTO Write (AuthorID, PaperID) VALUES (66, 1628);
INSERT INTO Paper (PaperID, Title, Year, MDate, Key, DOI) VALUES (1799, 'Instance-based Learning for Tweet Categorization in CLEF RepLab 2014.', 2014, '2014-09-10', 'conf/clef/GobeillGR14', 'http://ceur-ws.org/Vol-1180/CLEF2014wn-Rep-GobeilEt2014.pdf');
INSERT INTO Write (AuthorID, PaperID) VALUES (66, 1799);
INSERT INTO Write (AuthorID, PaperID) VALUES (66, 1803);
INSERT INTO Paper (PaperID, Title, Year, MDate, Key, DOI) VALUES (1821, 'Using a Question-Answering Approach in Machine Reading Task of Biomedical Texts about the Alzheimer Disease.', 2013, '2014-09-10', 'conf/clef/VishnyakovaGR13', 'http://ceur-ws.org/Vol-1179/CLEF2013wn-QA4MRE-VishnyakovaEt2013.pdf');
INSERT INTO Write (AuthorID, PaperID) VALUES (66, 1821);
INSERT INTO Write (AuthorID, PaperID) VALUES (66, 2002);
INSERT INTO Paper (PaperID, Title, Year, MDate, Key, DOI) VALUES (2269, 'Exploring a Wide Range of Simple Pre and Post Processing Strategies for Patent Searching in CLEF IP 2009.', 2009, '2014-09-29', 'conf/clef/GobeillTR09', 'http://ceur-ws.org/Vol-1175/CLEF2009wn-CLEFIP-GobeillEt2009.pdf');
INSERT INTO Write (AuthorID, PaperID) VALUES (66, 2269);
INSERT INTO Paper (PaperID, Title, Year, MDate, Key, DOI) VALUES (2324, 'BiTeM Site Report for the Claims to Passage Task in CLEF-IP 2012.', 2012, '2014-09-24', 'conf/clef/GobeillR12', 'http://www.clef-initiative.eu/documents/71612/8923eb76-a555-4a15-ab80-2abda1740011');
INSERT INTO Write (AuthorID, PaperID) VALUES (66, 2324);
INSERT INTO Paper (PaperID, Title, Year, MDate, Key, DOI) VALUES (2778, 'Simple Pre and Post Processing Strategies for Patent Searching in CLEF Intellectual Property Track 2009.', 2009, '2017-06-02', 'conf/clef/GobeillPTR09', 'https://doi.org/10.1007/978-3-642-15754-7_53');
INSERT INTO Write (AuthorID, PaperID) VALUES (66, 2778);
INSERT INTO Write (AuthorID, PaperID) VALUES (66, 2880);
INSERT INTO Paper (PaperID, Title, Year, MDate, Key, DOI) VALUES (2890, 'Instance-based Learning for ICD10 Categorization.', 2018, '2018-08-08', 'conf/clef/GobeillR18', 'http://ceur-ws.org/Vol-2125/paper_149.pdf');
INSERT INTO Write (AuthorID, PaperID) VALUES (66, 2890);
INSERT INTO Paper (PaperID, Title, Year, MDate, Key, DOI) VALUES (2928, 'First Participation of University and Hospitals of Geneva to Domain-Specific Track in CLEF 2008.', 2008, '2014-09-29', 'conf/clef/GobeillR08', 'http://ceur-ws.org/Vol-1174/CLEF2008wn-DomainSpecific-GobeillEt2008.pdf');
INSERT INTO Write (AuthorID, PaperID) VALUES (66, 2928);
INSERT INTO Paper (PaperID, Title, Year, MDate, Key, DOI) VALUES (3120, 'Automatic Prior Art Searching and Patent Encoding at CLEF-IP ''10.', 2010, '2014-09-24', 'conf/clef/TeodoroGPVRL10', 'http://www.clef-initiative.eu/documents/71612/86374/CLEF2010wn-CLEF-IP-TeodoroEt2010.pdf');
INSERT INTO Write (AuthorID, PaperID) VALUES (66, 3120);
INSERT INTO Paper (PaperID, Title, Year, MDate, Key, DOI) VALUES (3198, 'BiTeM at CLEF eHealth Evaluation Lab 2016 Task 2: Multilingual Information Extraction.', 2016, '2016-08-11', 'conf/clef/MottinGMPGR16', 'http://ceur-ws.org/Vol-1609/16090094.pdf');
INSERT INTO Write (AuthorID, PaperID) VALUES (66, 3198);
INSERT INTO Write (AuthorID, PaperID) VALUES (66, 3231);
INSERT INTO Write (AuthorID, PaperID) VALUES (66, 3333);
INSERT INTO Write (AuthorID, PaperID) VALUES (66, 3483);
INSERT INTO Author (AuthorID, Name) VALUES (67, 'Thomas Deselaers');
INSERT INTO Write (AuthorID, PaperID) VALUES (67, 71);
INSERT INTO Write (AuthorID, PaperID) VALUES (67, 437);
INSERT INTO Paper (PaperID, Title, Year, MDate, Key, DOI) VALUES (611, 'FIRE in ImageCLEF 2007: Support Vector Machines and Logistic Models to Fuse Image Descriptors for Photo Retrieval.', 2007, '2017-05-24', 'conf/clef/GassWDN07', 'https://doi.org/10.1007/978-3-540-85760-0_60');
INSERT INTO Write (AuthorID, PaperID) VALUES (67, 611);
INSERT INTO Paper (PaperID, Title, Year, MDate, Key, DOI) VALUES (963, 'FIRE - Flexible Image Retrieval Engine: ImageCLEF 2004 Evaluation.', 2004, '2014-08-15', 'conf/clef/DeselaersKN04', 'http://ceur-ws.org/Vol-1170/CLEF2004wn-ImageCLEF-DeselaersEt2004.pdf');
INSERT INTO Write (AuthorID, PaperID) VALUES (67, 963);
INSERT INTO Write (AuthorID, PaperID) VALUES (67, 975);
INSERT INTO Write (AuthorID, PaperID) VALUES (67, 1044);
INSERT INTO Paper (PaperID, Title, Year, MDate, Key, DOI) VALUES (1123, 'Medical Image Annotation in ImageCLEF 2008.', 2008, '2017-05-24', 'conf/clef/DeselaersD08', 'https://doi.org/10.1007/978-3-642-04447-2_64');
INSERT INTO Write (AuthorID, PaperID) VALUES (67, 1123);
INSERT INTO Write (AuthorID, PaperID) VALUES (67, 1153);
INSERT INTO Write (AuthorID, PaperID) VALUES (67, 1374);
INSERT INTO Write (AuthorID, PaperID) VALUES (67, 1551);
INSERT INTO Paper (PaperID, Title, Year, MDate, Key, DOI) VALUES (1562, 'FIRE in ImageCLEF 2005: Combining Content-based Image Retrieval with Textual Information Retrieval.', 2005, '2014-08-15', 'conf/clef/DeselaersWKMN05a', 'http://ceur-ws.org/Vol-1171/CLEF2005wn-ImageCLEF-DeselaersEt2005.pdf');
INSERT INTO Write (AuthorID, PaperID) VALUES (67, 1562);
INSERT INTO Paper (PaperID, Title, Year, MDate, Key, DOI) VALUES (1906, 'Image Retrieval and Annotation Using Maximum Entropy.', 2006, '2017-05-24', 'conf/clef/DeselaersWN06', 'https://doi.org/10.1007/978-3-540-74999-8_91');
INSERT INTO Write (AuthorID, PaperID) VALUES (67, 1906);
INSERT INTO Paper (PaperID, Title, Year, MDate, Key, DOI) VALUES (2068, 'Image Retrieval and Annotation Using Maximum Entropy.', 2006, '2014-08-15', 'conf/clef/DeselaersWN06a', 'http://ceur-ws.org/Vol-1172/CLEF2006wn-ImageCLEF-DeselaersEt2006.pdf');
INSERT INTO Write (AuthorID, PaperID) VALUES (67, 2068);
INSERT INTO Paper (PaperID, Title, Year, MDate, Key, DOI) VALUES (2306, 'FIRE in ImageCLEF 2005: Combining Content-Based Image Retrieval with Textual Information Retrieval.', 2005, '2017-05-24', 'conf/clef/DeselaersWKMN05', 'https://doi.org/10.1007/11878773_72');
INSERT INTO Write (AuthorID, PaperID) VALUES (67, 2306);
INSERT INTO Write (AuthorID, PaperID) VALUES (67, 2482);
INSERT INTO Write (AuthorID, PaperID) VALUES (67, 2590);
INSERT INTO Write (AuthorID, PaperID) VALUES (67, 2817);
INSERT INTO Paper (PaperID, Title, Year, MDate, Key, DOI) VALUES (2850, 'FIRE in ImageCLEF 2007.', 2007, '2014-09-23', 'conf/clef/DeselaersGWN07', 'http://ceur-ws.org/Vol-1173/CLEF2007wn-ImageCLEF-DeselaersEt2007b.pdf');
INSERT INTO Write (AuthorID, PaperID) VALUES (67, 2850);
INSERT INTO Write (AuthorID, PaperID) VALUES (67, 3076);
INSERT INTO Write (AuthorID, PaperID) VALUES (67, 3288);
INSERT INTO Paper (PaperID, Title, Year, MDate, Key, DOI) VALUES (3308, 'FIRE - Flexible Image Retrieval Engine: ImageCLEF 2004 Evaluation.', 2004, '2017-05-24', 'conf/clef/DeselaersKN05', 'https://doi.org/10.1007/11519645_67');
INSERT INTO Write (AuthorID, PaperID) VALUES (67, 3308);
INSERT INTO Paper (PaperID, Title, Year, MDate, Key, DOI) VALUES (3434, 'Medical Image Annotation in ImageCLEF 2008.', 2008, '2014-09-29', 'conf/clef/DeselaersD08a', 'http://ceur-ws.org/Vol-1174/CLEF2008wn-ImageCLEF-DeselaersEt2008a.pdf');
INSERT INTO Write (AuthorID, PaperID) VALUES (67, 3434);
INSERT INTO Author (AuthorID, Name) VALUES (68, 'William R. Hersh');
INSERT INTO Paper (PaperID, Title, Year, MDate, Key, DOI) VALUES (163, 'Medical Image Retrieval and Automatic Annotation: OHSU at ImageCLEF 2007.', 2007, '2017-05-24', 'conf/clef/Kalpathy-CramerH07', 'https://doi.org/10.1007/978-3-540-85760-0_79');
INSERT INTO Write (AuthorID, PaperID) VALUES (68, 163);
INSERT INTO Paper (PaperID, Title, Year, MDate, Key, DOI) VALUES (382, 'Medical Image Retrieval and Automated Annotation: OHSU at ImageCLEF 2006.', 2006, '2017-05-24', 'conf/clef/HershKJ06', 'https://doi.org/10.1007/978-3-540-74999-8_81');
INSERT INTO Write (AuthorID, PaperID) VALUES (68, 382);
INSERT INTO Write (AuthorID, PaperID) VALUES (68, 437);
INSERT INTO Paper (PaperID, Title, Year, MDate, Key, DOI) VALUES (452, 'Medical Image Retrieval and Automatic Annotation: OHSU at ImageCLEF 2007.', 2007, '2014-09-23', 'conf/clef/Kalpathy-CramerH07a', 'http://ceur-ws.org/Vol-1173/CLEF2007wn-ImageCLEF-KalpathyCramerEt2007.pdf');
INSERT INTO Write (AuthorID, PaperID) VALUES (68, 452);
INSERT INTO Write (AuthorID, PaperID) VALUES (68, 631);
INSERT INTO Write (AuthorID, PaperID) VALUES (68, 1168);
INSERT INTO Paper (PaperID, Title, Year, MDate, Key, DOI) VALUES (1247, 'Manual Query Modification and Automated Translation to Improve Cross-Language Medical Image Retrieval.', 2005, '2014-08-15', 'conf/clef/JensenH05a', 'http://ceur-ws.org/Vol-1171/CLEF2005wn-ImageCLEF-JensenEt2005.pdf');
INSERT INTO Write (AuthorID, PaperID) VALUES (68, 1247);
INSERT INTO Write (AuthorID, PaperID) VALUES (68, 1280);
INSERT INTO Paper (PaperID, Title, Year, MDate, Key, DOI) VALUES (1341, 'Multimodal Medical Image Retrieval: OHSU at ImageCLEF 2008.', 2008, '2014-09-29', 'conf/clef/Kalpathy-CramerBHH08a', 'http://ceur-ws.org/Vol-1174/CLEF2008wn-ImageCLEF-KalpathyCramerEt2008.pdf');
INSERT INTO Write (AuthorID, PaperID) VALUES (68, 1341);
INSERT INTO Write (AuthorID, PaperID) VALUES (68, 1374);
INSERT INTO Write (AuthorID, PaperID) VALUES (68, 1505);
INSERT INTO Write (AuthorID, PaperID) VALUES (68, 1537);
INSERT INTO Paper (PaperID, Title, Year, MDate, Key, DOI) VALUES (1566, 'Multimodal Medical Image Retrieval: Improving Precision at ImageCLEF 2009.', 2009, '2014-09-29', 'conf/clef/RadhouaniKBBH09a', 'http://ceur-ws.org/Vol-1175/CLEF2009wn-ImageCLEF-RadhouaniEt2009.pdf');
INSERT INTO Write (AuthorID, PaperID) VALUES (68, 1566);
INSERT INTO Paper (PaperID, Title, Year, MDate, Key, DOI) VALUES (1959, 'Multimodal Medical Image Retrieval OHSU at ImageCLEF 2008.', 2008, '2017-09-16', 'conf/clef/Kalpathy-CramerBHH08', 'https://doi.org/10.1007/978-3-642-04447-2_96');
INSERT INTO Write (AuthorID, PaperID) VALUES (68, 1959);
INSERT INTO Paper (PaperID, Title, Year, MDate, Key, DOI) VALUES (2444, 'Manual Query Modification and Data Fusion for Medical Image Retrieval.', 2005, '2017-05-24', 'conf/clef/JensenH05', 'https://doi.org/10.1007/11878773_74');
INSERT INTO Write (AuthorID, PaperID) VALUES (68, 2444);
INSERT INTO Paper (PaperID, Title, Year, MDate, Key, DOI) VALUES (2469, 'Using Media Fusion and Domain Dimensions to Improve Precision in Medical Image Retrieval.', 2009, '2017-09-16', 'conf/clef/RadhouaniKBBH09', 'https://doi.org/10.1007/978-3-642-15751-6_27');
INSERT INTO Write (AuthorID, PaperID) VALUES (68, 2469);
INSERT INTO Write (AuthorID, PaperID) VALUES (68, 2482);
INSERT INTO Write (AuthorID, PaperID) VALUES (68, 2590);
INSERT INTO Write (AuthorID, PaperID) VALUES (68, 2817);
INSERT INTO Paper (PaperID, Title, Year, MDate, Key, DOI) VALUES (3215, 'Medical Image Retrieval and Automated Annotation: OHSU at ImageCLEF 2006.', 2006, '2014-08-15', 'conf/clef/HershKJ06a', 'http://ceur-ws.org/Vol-1172/CLEF2006wn-ImageCLEF-HershEt2006.pdf');
INSERT INTO Write (AuthorID, PaperID) VALUES (68, 3215);
INSERT INTO Write (AuthorID, PaperID) VALUES (68, 3288);
INSERT INTO Author (AuthorID, Name) VALUES (69, 'Adenike M. Lam-Adesina');
INSERT INTO Write (AuthorID, PaperID) VALUES (69, 72);
INSERT INTO Write (AuthorID, PaperID) VALUES (69, 121);
INSERT INTO Write (AuthorID, PaperID) VALUES (69, 396);
INSERT INTO Write (AuthorID, PaperID) VALUES (69, 450);
INSERT INTO Write (AuthorID, PaperID) VALUES (69, 759);
INSERT INTO Write (AuthorID, PaperID) VALUES (69, 866);
INSERT INTO Write (AuthorID, PaperID) VALUES (69, 886);
INSERT INTO Write (AuthorID, PaperID) VALUES (69, 921);
INSERT INTO Write (AuthorID, PaperID) VALUES (69, 1045);
INSERT INTO Write (AuthorID, PaperID) VALUES (69, 1174);
INSERT INTO Write (AuthorID, PaperID) VALUES (69, 1189);
INSERT INTO Write (AuthorID, PaperID) VALUES (69, 1570);
INSERT INTO Write (AuthorID, PaperID) VALUES (69, 1629);
INSERT INTO Write (AuthorID, PaperID) VALUES (69, 1635);
INSERT INTO Write (AuthorID, PaperID) VALUES (69, 1651);
INSERT INTO Write (AuthorID, PaperID) VALUES (69, 2528);
INSERT INTO Write (AuthorID, PaperID) VALUES (69, 2653);
INSERT INTO Write (AuthorID, PaperID) VALUES (69, 3057);
INSERT INTO Write (AuthorID, PaperID) VALUES (69, 3203);
INSERT INTO Write (AuthorID, PaperID) VALUES (69, 3332);
INSERT INTO Write (AuthorID, PaperID) VALUES (69, 3341);
INSERT INTO Author (AuthorID, Name) VALUES (70, 'Jos&eacute; Luis Vicedo Gonz&aacute;lez');
INSERT INTO Paper (PaperID, Title, Year, MDate, Key, DOI) VALUES (63, 'Re-ranking Passages with LSA in a Question Answering System.', 2006, '2017-05-24', 'conf/clef/TomasG06', 'https://doi.org/10.1007/978-3-540-74999-8_34');
INSERT INTO Write (AuthorID, PaperID) VALUES (70, 63);
INSERT INTO Write (AuthorID, PaperID) VALUES (70, 95);
INSERT INTO Write (AuthorID, PaperID) VALUES (70, 159);
INSERT INTO Write (AuthorID, PaperID) VALUES (70, 171);
INSERT INTO Write (AuthorID, PaperID) VALUES (70, 391);
INSERT INTO Paper (PaperID, Title, Year, MDate, Key, DOI) VALUES (629, 'Building an XML Framework for Question Answering.', 2005, '2014-08-15', 'conf/clef/TomasGSI05', 'http://ceur-ws.org/Vol-1171/CLEF2005wn-QACLEF-TomasEt2005.pdf');
INSERT INTO Write (AuthorID, PaperID) VALUES (70, 629);
INSERT INTO Write (AuthorID, PaperID) VALUES (70, 653);
INSERT INTO Write (AuthorID, PaperID) VALUES (70, 1098);
INSERT INTO Paper (PaperID, Title, Year, MDate, Key, DOI) VALUES (1285, 'Does English help Question Answering in Spanish?', 2004, '2014-08-15', 'conf/clef/GonzalezSI04', 'http://ceur-ws.org/Vol-1170/CLEF2004wn-QACLEF-VicedoEt2004.pdf');
INSERT INTO Write (AuthorID, PaperID) VALUES (70, 1285);
INSERT INTO Write (AuthorID, PaperID) VALUES (70, 1695);
INSERT INTO Paper (PaperID, Title, Year, MDate, Key, DOI) VALUES (1796, 'Pattern-Based Image Retrieval with Constraints and Preferences on ImageCLEF 2004.', 2004, '2017-05-24', 'conf/clef/Saiz-NoedaGI05', 'https://doi.org/10.1007/11519645_61');
INSERT INTO Write (AuthorID, PaperID) VALUES (70, 1796);
INSERT INTO Write (AuthorID, PaperID) VALUES (70, 1809);
INSERT INTO Paper (PaperID, Title, Year, MDate, Key, DOI) VALUES (2147, 'Pattern-based Image Retrieval with Constraints and Preferences on ImageCLEF 2004.', 2004, '2014-08-15', 'conf/clef/Saiz-NoedaGI04', 'http://ceur-ws.org/Vol-1170/CLEF2004wn-ImageCLEF-SaizNoedaEt2004.pdf');
INSERT INTO Write (AuthorID, PaperID) VALUES (70, 2147);
INSERT INTO Paper (PaperID, Title, Year, MDate, Key, DOI) VALUES (2225, 'Experiments with LSA for Passage Re-Ranking in Question Answering.', 2006, '2014-08-15', 'conf/clef/TomasGBM06', 'http://ceur-ws.org/Vol-1172/CLEF2006wn-QACLEF-TomasEt2006.pdf');
INSERT INTO Write (AuthorID, PaperID) VALUES (70, 2225);
INSERT INTO Paper (PaperID, Title, Year, MDate, Key, DOI) VALUES (2406, 'A Probabilistic, Text and Knowledge-Based Image Retrieval System.', 2005, '2017-05-24', 'conf/clef/Izquierdo-BeviaTSG05', 'https://doi.org/10.1007/11878773_63');
INSERT INTO Write (AuthorID, PaperID) VALUES (70, 2406);
INSERT INTO Paper (PaperID, Title, Year, MDate, Key, DOI) VALUES (2583, 'University of Alicante in ImageCLEF2005.', 2005, '2014-08-15', 'conf/clef/Izquierdo-BeviaTSG05a', 'http://ceur-ws.org/Vol-1171/CLEF2005wn-ImageCLEF-IzquierdoBeviaEt2005.pdf');
INSERT INTO Write (AuthorID, PaperID) VALUES (70, 2583);
INSERT INTO Write (AuthorID, PaperID) VALUES (70, 2882);
INSERT INTO Write (AuthorID, PaperID) VALUES (70, 3161);
INSERT INTO Paper (PaperID, Title, Year, MDate, Key, DOI) VALUES (3265, 'An XML-Based System for Spanish Question Answering.', 2005, '2017-05-24', 'conf/clef/TomasVSI05', 'https://doi.org/10.1007/11878773_39');
INSERT INTO Write (AuthorID, PaperID) VALUES (70, 3265);
INSERT INTO Write (AuthorID, PaperID) VALUES (70, 3387);
INSERT INTO Author (AuthorID, Name) VALUES (71, 'Philippe Mulhem');
INSERT INTO Paper (PaperID, Title, Year, MDate, Key, DOI) VALUES (59, 'Word Embedding for Social Book Suggestion.', 2016, '2016-08-11', 'conf/clef/AmerMGA16', 'http://ceur-ws.org/Vol-1609/16091136.pdf');
INSERT INTO Write (AuthorID, PaperID) VALUES (71, 59);
INSERT INTO Write (AuthorID, PaperID) VALUES (71, 243);
INSERT INTO Paper (PaperID, Title, Year, MDate, Key, DOI) VALUES (284, 'MRIM-LIG at ImageCLEF 2010 Visual Concept Detection and Annotation task.', 2010, '2016-06-01', 'conf/clef/AlbatalM10', 'http://www.clef-initiative.eu/documents/71612/86374/CLEF2010wn-ImageCLEF-Al%20BatalEt2010.pdf');
INSERT INTO Write (AuthorID, PaperID) VALUES (71, 284);
INSERT INTO Write (AuthorID, PaperID) VALUES (71, 643);
INSERT INTO Paper (PaperID, Title, Year, MDate, Key, DOI) VALUES (710, 'MRIM-LIG at ImageCLEF 2016 Scalable Concept Image Annotation Task.', 2016, '2016-08-11', 'conf/clef/PortazBMP16', 'http://ceur-ws.org/Vol-1609/16090363.pdf');
INSERT INTO Write (AuthorID, PaperID) VALUES (71, 710);
INSERT INTO Write (AuthorID, PaperID) VALUES (71, 803);
INSERT INTO Write (AuthorID, PaperID) VALUES (71, 1013);
INSERT INTO Write (AuthorID, PaperID) VALUES (71, 1221);
INSERT INTO Write (AuthorID, PaperID) VALUES (71, 1398);
INSERT INTO Write (AuthorID, PaperID) VALUES (71, 1436);
INSERT INTO Write (AuthorID, PaperID) VALUES (71, 1579);
INSERT INTO Paper (PaperID, Title, Year, MDate, Key, DOI) VALUES (1644, 'Visual Language Modeling for Mobile Localization: LIG Participation in RobotVision''09.', 2009, '2014-09-29', 'conf/clef/PhamMM09', 'http://ceur-ws.org/Vol-1175/CLEF2009wn-ImageCLEF-PhamEt2009.pdf');
INSERT INTO Write (AuthorID, PaperID) VALUES (71, 1644);
INSERT INTO Paper (PaperID, Title, Year, MDate, Key, DOI) VALUES (1762, 'LIG at CLEF 2015 SBS Lab.', 2015, '2015-09-03', 'conf/clef/MulhemAG15', 'http://ceur-ws.org/Vol-1391/6-CR.pdf');
INSERT INTO Write (AuthorID, PaperID) VALUES (71, 1762);
INSERT INTO Write (AuthorID, PaperID) VALUES (71, 1833);
INSERT INTO Write (AuthorID, PaperID) VALUES (71, 1888);
INSERT INTO Write (AuthorID, PaperID) VALUES (71, 2263);
INSERT INTO Paper (PaperID, Title, Year, MDate, Key, DOI) VALUES (2716, 'LIG-MRIM at Image Photo Annotation Task in ImageCLEF 2011.', 2011, '2014-09-24', 'conf/clef/AlbatalSQM11', 'http://www.clef-initiative.eu/documents/71612/86377/CLEF2011wn-ImageCLEF-AlbatalEt2011.pdf');
INSERT INTO Write (AuthorID, PaperID) VALUES (71, 2716);
INSERT INTO Write (AuthorID, PaperID) VALUES (71, 2754);
INSERT INTO Write (AuthorID, PaperID) VALUES (71, 3103);
INSERT INTO Paper (PaperID, Title, Year, MDate, Key, DOI) VALUES (3166, 'LIG at ImageCLEFphoto 2008.', 2008, '2014-09-29', 'conf/clef/Mulhem08', 'http://ceur-ws.org/Vol-1174/CLEF2008wn-ImageCLEF-Mulhem2008.pdf');
INSERT INTO Write (AuthorID, PaperID) VALUES (71, 3166);
INSERT INTO Author (AuthorID, Name) VALUES (72, 'Guido Zuccon');
INSERT INTO Write (AuthorID, PaperID) VALUES (72, 531);
INSERT INTO Paper (PaperID, Title, Year, MDate, Key, DOI) VALUES (674, 'Identify Disorders in Health Records using Conditional Random Fields and Metamap AEHRC at ShARe/CLEF 2013 eHealth Evaluation Lab Task 1.', 2013, '2014-12-11', 'conf/clef/ZucconHKN13', 'http://ceur-ws.org/Vol-1179/CLEF2013wn-CLEFeHealth-ZucconEt2013.pdf');
INSERT INTO Write (AuthorID, PaperID) VALUES (72, 674);
INSERT INTO Write (AuthorID, PaperID) VALUES (72, 685);
INSERT INTO Paper (PaperID, Title, Year, MDate, Key, DOI) VALUES (795, 'QUT ielab at CLEF 2017 e-Health IR Task: Knowledge Base Retrieval for Consumer Health Search.', 2017, '2017-08-15', 'conf/clef/JimmyZK17', 'http://ceur-ws.org/Vol-1866/paper_91.pdf');
INSERT INTO Write (AuthorID, PaperID) VALUES (72, 795);
INSERT INTO Write (AuthorID, PaperID) VALUES (72, 822);
INSERT INTO Write (AuthorID, PaperID) VALUES (72, 910);
INSERT INTO Paper (PaperID, Title, Year, MDate, Key, DOI) VALUES (1326, 'Retrieval of Health Advice on the Web AEHRC at ShARe/CLEF eHealth Evaluation Lab Task 3.', 2013, '2014-12-11', 'conf/clef/ZucconKN13', 'http://ceur-ws.org/Vol-1179/CLEF2013wn-CLEFeHealth-ZucconEt2013b.pdf');
INSERT INTO Write (AuthorID, PaperID) VALUES (72, 1326);
INSERT INTO Write (AuthorID, PaperID) VALUES (72, 1586);
INSERT INTO Write (AuthorID, PaperID) VALUES (72, 1729);
INSERT INTO Write (AuthorID, PaperID) VALUES (72, 1774);
INSERT INTO Write (AuthorID, PaperID) VALUES (72, 2059);
INSERT INTO Write (AuthorID, PaperID) VALUES (72, 2189);
INSERT INTO Write (AuthorID, PaperID) VALUES (72, 2398);
INSERT INTO Paper (PaperID, Title, Year, MDate, Key, DOI) VALUES (2515, 'The University of Glasgow at ImageCLEFPhoto 2009.', 2009, '2014-09-29', 'conf/clef/ZucconLGHPJ09', 'http://ceur-ws.org/Vol-1175/CLEF2009wn-ImageCLEF-ZucconEt2009.pdf');
INSERT INTO Write (AuthorID, PaperID) VALUES (72, 2515);
INSERT INTO Write (AuthorID, PaperID) VALUES (72, 2524);
INSERT INTO Write (AuthorID, PaperID) VALUES (72, 2735);
INSERT INTO Paper (PaperID, Title, Year, MDate, Key, DOI) VALUES (2765, 'University of Glasgow at ImageCLEFPhoto 2009: Optimising Similarity and Diversity in Image Retrieval.', 2009, '2018-11-02', 'conf/clef/LeelanupabZGHPJ09', 'https://doi.org/10.1007/978-3-642-15751-6_14');
INSERT INTO Write (AuthorID, PaperID) VALUES (72, 2765);
INSERT INTO Paper (PaperID, Title, Year, MDate, Key, DOI) VALUES (2768, 'QUT IElab at CLEF 2018 Consumer Health Search Task: Knowledge Base Retrieval for Consumer Health Search.', 2018, '2018-08-08', 'conf/clef/JimmyZK18', 'http://ceur-ws.org/Vol-2125/paper_203.pdf');
INSERT INTO Write (AuthorID, PaperID) VALUES (72, 2768);
INSERT INTO Paper (PaperID, Title, Year, MDate, Key, DOI) VALUES (2952, 'QUT ielab at CLEF 2017 Technology Assisted Reviews Track: Initial Experiments with Learning To Rank.', 2017, '2017-08-15', 'conf/clef/ScellsZDK17', 'http://ceur-ws.org/Vol-1866/paper_98.pdf');
INSERT INTO Write (AuthorID, PaperID) VALUES (72, 2952);
INSERT INTO Write (AuthorID, PaperID) VALUES (72, 2997);
INSERT INTO Author (AuthorID, Name) VALUES (73, 'Hsin-Hsi Chen');
INSERT INTO Paper (PaperID, Title, Year, MDate, Key, DOI) VALUES (17, 'From Text to Image: Generating Visual Query for Image Retrieval.', 2004, '2014-08-15', 'conf/clef/LinCC04', 'http://ceur-ws.org/Vol-1170/CLEF2004wn-ImageCLEF-LinEt2004.pdf');
INSERT INTO Write (AuthorID, PaperID) VALUES (73, 17);
INSERT INTO Paper (PaperID, Title, Year, MDate, Key, DOI) VALUES (173, 'Foreign Name Backward Transliteration in Chinese-English Cross-Language Image Retrieval.', 2003, '2017-06-02', 'conf/clef/LinYC03', 'https://doi.org/10.1007/978-3-540-30222-3_58');
INSERT INTO Write (AuthorID, PaperID) VALUES (73, 173);
INSERT INTO Paper (PaperID, Title, Year, MDate, Key, DOI) VALUES (646, 'Merging Results by Predicted Retrieval Effectiveness.', 2003, '2017-06-02', 'conf/clef/LinC03', 'https://doi.org/10.1007/978-3-540-30222-3_19');
INSERT INTO Write (AuthorID, PaperID) VALUES (73, 646);
INSERT INTO Paper (PaperID, Title, Year, MDate, Key, DOI) VALUES (786, 'NTU at CLEF 2001: Chinese-English Cross-Lingual Information Retrieval.', 2001, '2014-08-15', 'conf/clef/ChenL01', 'http://ceur-ws.org/Vol-1167/CLEF2001wn-adhoc-ChenEt2001.pdf');
INSERT INTO Write (AuthorID, PaperID) VALUES (73, 786);
INSERT INTO Paper (PaperID, Title, Year, MDate, Key, DOI) VALUES (917, 'Foreign Name Backward Transliteration in Chinese-English Cross-Language Image Retrieval.', 2003, '2014-08-15', 'conf/clef/LinYC03a', 'http://ceur-ws.org/Vol-1169/CLEF2003wn-ImageCLEF-LinEt2003.pdf');
INSERT INTO Write (AuthorID, PaperID) VALUES (73, 917);
INSERT INTO Paper (PaperID, Title, Year, MDate, Key, DOI) VALUES (927, 'Approaches Using a Word-Image Ontology and an Annotated Image Corpus as Intermedia for Cross-Language Image Retrieval.', 2006, '2014-08-15', 'conf/clef/ChangC06a', 'http://ceur-ws.org/Vol-1172/CLEF2006wn-ImageCLEF-ChangEt2006.pdf');
INSERT INTO Write (AuthorID, PaperID) VALUES (73, 927);
INSERT INTO Paper (PaperID, Title, Year, MDate, Key, DOI) VALUES (949, 'Increasing Precision and Diversity in Photo Retrieval by Result Fusion.', 2008, '2017-06-02', 'conf/clef/ChangC08', 'https://doi.org/10.1007/978-3-642-04447-2_76');
INSERT INTO Write (AuthorID, PaperID) VALUES (73, 949);
INSERT INTO Paper (PaperID, Title, Year, MDate, Key, DOI) VALUES (1134, 'Combining Text and Image Queries at ImageCLEF2005.', 2005, '2014-08-15', 'conf/clef/ChangLC05a', 'http://ceur-ws.org/Vol-1171/CLEF2005wn-ImageCLEF-ChangEt2005.pdf');
INSERT INTO Write (AuthorID, PaperID) VALUES (73, 1134);
INSERT INTO Paper (PaperID, Title, Year, MDate, Key, DOI) VALUES (1246, 'Visual Concept Selection with Textual Knowledge for Understanding Activities of Daily Living and Life Moment Retrieval.', 2018, '2018-08-08', 'conf/clef/TangFHCC18', 'http://ceur-ws.org/Vol-2125/paper_124.pdf');
INSERT INTO Write (AuthorID, PaperID) VALUES (73, 1246);
INSERT INTO Paper (PaperID, Title, Year, MDate, Key, DOI) VALUES (1462, 'Merging Mechanisms in Multilingual Information Retrieval.', 2002, '2014-08-15', 'conf/clef/LinC02a', 'http://ceur-ws.org/Vol-1168/CLEF2002wn-adhoc-LinEt2002.pdf');
INSERT INTO Write (AuthorID, PaperID) VALUES (73, 1462);
INSERT INTO Paper (PaperID, Title, Year, MDate, Key, DOI) VALUES (1464, 'From Text to Image: Generating Visual Query for Image Retrieval.', 2004, '2017-06-02', 'conf/clef/LinCC05', 'https://doi.org/10.1007/11519645_65');
INSERT INTO Write (AuthorID, PaperID) VALUES (73, 1464);
INSERT INTO Paper (PaperID, Title, Year, MDate, Key, DOI) VALUES (1474, 'Using an Image-Text Parallel Corpus and the Web for Query Expansion in Cross-Language Image Retrieval.', 2007, '2017-06-02', 'conf/clef/ChangC07', 'https://doi.org/10.1007/978-3-540-85760-0_62');
INSERT INTO Write (AuthorID, PaperID) VALUES (73, 1474);
INSERT INTO Paper (PaperID, Title, Year, MDate, Key, DOI) VALUES (2164, 'A Corpus-Based Relevance Feedback Approach to Cross-Language Image Retrieval.', 2005, '2017-06-02', 'conf/clef/ChangLC05', 'https://doi.org/10.1007/11878773_66');
INSERT INTO Write (AuthorID, PaperID) VALUES (73, 2164);
INSERT INTO Paper (PaperID, Title, Year, MDate, Key, DOI) VALUES (2353, 'Merging Results by Using Predicted Retrieval Effectiveness.', 2003, '2014-08-15', 'conf/clef/LinC03a', 'http://ceur-ws.org/Vol-1169/CLEF2003wn-adhoc-LinEt2003.pdf');
INSERT INTO Write (AuthorID, PaperID) VALUES (73, 2353);
INSERT INTO Paper (PaperID, Title, Year, MDate, Key, DOI) VALUES (2901, 'Approaches of Using a Word-Image Ontology and an Annotated Image Corpus as Intermedia for Cross-Language Image Retrieval.', 2006, '2017-06-02', 'conf/clef/ChangC06', 'https://doi.org/10.1007/978-3-540-74999-8_76');
INSERT INTO Write (AuthorID, PaperID) VALUES (73, 2901);
INSERT INTO Paper (PaperID, Title, Year, MDate, Key, DOI) VALUES (3003, 'Increasing Relevance and Diversity in Photo Retrieval by Result Fusion.', 2008, '2014-09-29', 'conf/clef/ChangC08a', 'http://ceur-ws.org/Vol-1174/CLEF2008wn-ImageCLEF-ChangEt2008.pdf');
INSERT INTO Write (AuthorID, PaperID) VALUES (73, 3003);
INSERT INTO Paper (PaperID, Title, Year, MDate, Key, DOI) VALUES (3008, 'Using Co-occurrence, Augmented Restrictions, and C-E WordNet for Chinese-English Cross-Language Information Retrieval at CLEF 2001.', 2001, '2017-06-02', 'conf/clef/LinC01', 'https://doi.org/10.1007/3-540-45691-0_9');
INSERT INTO Write (AuthorID, PaperID) VALUES (73, 3008);
INSERT INTO Paper (PaperID, Title, Year, MDate, Key, DOI) VALUES (3188, 'A Neural Network Approach to Early Risk Detection of Depression and Anorexia on Social Media Text.', 2018, '2018-08-08', 'conf/clef/WangHC18', 'http://ceur-ws.org/Vol-2125/paper_126.pdf');
INSERT INTO Write (AuthorID, PaperID) VALUES (73, 3188);
INSERT INTO Paper (PaperID, Title, Year, MDate, Key, DOI) VALUES (3274, 'Experiment for Using Web Information to do Query and Document Expansion.', 2007, '2014-09-23', 'conf/clef/ChangC07a', 'http://ceur-ws.org/Vol-1173/CLEF2007wn-ImageCLEF-ChangEt2007.pdf');
INSERT INTO Write (AuthorID, PaperID) VALUES (73, 3274);
INSERT INTO Paper (PaperID, Title, Year, MDate, Key, DOI) VALUES (3523, 'Merging Mechanisms in Multilingual Information Retrieval.', 2002, '2017-06-02', 'conf/clef/LinC02', 'https://doi.org/10.1007/978-3-540-45237-9_14');
INSERT INTO Write (AuthorID, PaperID) VALUES (73, 3523);
INSERT INTO Author (AuthorID, Name) VALUES (74, 'Bogdan Sacaleanu');
INSERT INTO Write (AuthorID, PaperID) VALUES (74, 142);
INSERT INTO Paper (PaperID, Title, Year, MDate, Key, DOI) VALUES (191, 'DFKI-LT at the CLEF 2006 Multiple Language Question Answering Track.', 2006, '2014-08-15', 'conf/clef/SacaleanuN06a', 'http://ceur-ws.org/Vol-1172/CLEF2006wn-QACLEF-SacaleanuEt2006.pdf');
INSERT INTO Write (AuthorID, PaperID) VALUES (74, 191);
INSERT INTO Paper (PaperID, Title, Year, MDate, Key, DOI) VALUES (402, 'DFKI-LT at QA@CLEF 2008.', 2008, '2017-05-24', 'conf/clef/SacaleanuNS08', 'https://doi.org/10.1007/978-3-642-04447-2_50');
INSERT INTO Write (AuthorID, PaperID) VALUES (74, 402);
INSERT INTO Write (AuthorID, PaperID) VALUES (74, 633);
INSERT INTO Paper (PaperID, Title, Year, MDate, Key, DOI) VALUES (805, 'Experiments on Robust NL Question Interpretation and Multi-layered Document Annotation for a Cross-Language Question/Answering System.', 2004, '2017-05-24', 'conf/clef/NeumannS05', 'https://doi.org/10.1007/11519645_41');
INSERT INTO Write (AuthorID, PaperID) VALUES (74, 805);
INSERT INTO Write (AuthorID, PaperID) VALUES (74, 907);
INSERT INTO Write (AuthorID, PaperID) VALUES (74, 1163);
INSERT INTO Write (AuthorID, PaperID) VALUES (74, 1205);
INSERT INTO Paper (PaperID, Title, Year, MDate, Key, DOI) VALUES (1529, 'DFKI-LT at QA@CLEF 2007.', 2007, '2017-05-24', 'conf/clef/SacaleanuNS07', 'https://doi.org/10.1007/978-3-540-85760-0_35');
INSERT INTO Write (AuthorID, PaperID) VALUES (74, 1529);
INSERT INTO Paper (PaperID, Title, Year, MDate, Key, DOI) VALUES (1887, 'A Cross-Lingual German-English Framework for Open-Domain Question Answering.', 2006, '2017-05-24', 'conf/clef/SacaleanuN06', 'https://doi.org/10.1007/978-3-540-74999-8_40');
INSERT INTO Write (AuthorID, PaperID) VALUES (74, 1887);
INSERT INTO Paper (PaperID, Title, Year, MDate, Key, DOI) VALUES (2238, 'Experiments on Cross-Linguality and Question-Type Driven Strategy Selection for Open-Domain QA.', 2005, '2017-05-24', 'conf/clef/NeumannS05a', 'https://doi.org/10.1007/11878773_48');
INSERT INTO Write (AuthorID, PaperID) VALUES (74, 2238);
INSERT INTO Paper (PaperID, Title, Year, MDate, Key, DOI) VALUES (2331, 'Experiments on Robust NL Question Interpretation and Multi-layered Document Annotation for a Cross-Language Question/Answering-System.', 2004, '2014-08-15', 'conf/clef/NeumannS04', 'http://ceur-ws.org/Vol-1170/CLEF2004wn-QACLEF-NeumannEt2004.pdf');
INSERT INTO Write (AuthorID, PaperID) VALUES (74, 2331);
INSERT INTO Paper (PaperID, Title, Year, MDate, Key, DOI) VALUES (2767, 'DFKI at QA@CLEF 2008.', 2008, '2014-09-29', 'conf/clef/SacaleanuNS08a', 'http://ceur-ws.org/Vol-1174/CLEF2008wn-QACLEF-SacaleanuEt2008.pdf');
INSERT INTO Write (AuthorID, PaperID) VALUES (74, 2767);
INSERT INTO Write (AuthorID, PaperID) VALUES (74, 2836);
INSERT INTO Paper (PaperID, Title, Year, MDate, Key, DOI) VALUES (2979, 'DFKI''s LT-lab at the CLEF 2005 Multiple Language Question Answering Track.', 2005, '2014-08-15', 'conf/clef/NeumannS05b', 'http://ceur-ws.org/Vol-1171/CLEF2005wn-QACLEF-NeumanEt2005.pdf');
INSERT INTO Write (AuthorID, PaperID) VALUES (74, 2979);
INSERT INTO Write (AuthorID, PaperID) VALUES (74, 3147);
INSERT INTO Paper (PaperID, Title, Year, MDate, Key, DOI) VALUES (3204, 'A Cross-Language Question/Answering-System for German and English.', 2003, '2017-05-24', 'conf/clef/NeumannS03', 'https://doi.org/10.1007/978-3-540-30222-3_54');
INSERT INTO Write (AuthorID, PaperID) VALUES (74, 3204);
INSERT INTO Paper (PaperID, Title, Year, MDate, Key, DOI) VALUES (3226, 'A Cross-Language Question/Answering-System for German and English.', 2003, '2014-08-15', 'conf/clef/NeumannS03a', 'http://ceur-ws.org/Vol-1169/CLEF2003wn-QACLEF-NeumannEt2003.pdf');
INSERT INTO Write (AuthorID, PaperID) VALUES (74, 3226);
INSERT INTO Paper (PaperID, Title, Year, MDate, Key, DOI) VALUES (3258, 'DFKI-LT at QA@CLEF 2007.', 2007, '2014-09-23', 'conf/clef/SacaleanuNS07a', 'http://ceur-ws.org/Vol-1173/CLEF2007wn-QACLEF-SacaleanuEt2007.pdf');
INSERT INTO Write (AuthorID, PaperID) VALUES (74, 3258);
INSERT INTO Write (AuthorID, PaperID) VALUES (74, 3286);
INSERT INTO Author (AuthorID, Name) VALUES (75, 'Bernardo Magnini');
INSERT INTO Paper (PaperID, Title, Year, MDate, Key, DOI) VALUES (24, 'The DIOGENE Question Answering System at CLEF-2004.', 2004, '2014-08-15', 'conf/clef/TanevNMK04', 'http://ceur-ws.org/Vol-1170/CLEF2004wn-QACLEF-TanevEt2004.pdf');
INSERT INTO Write (AuthorID, PaperID) VALUES (75, 24);
INSERT INTO Write (AuthorID, PaperID) VALUES (75, 76);
INSERT INTO Paper (PaperID, Title, Year, MDate, Key, DOI) VALUES (139, 'Exploiting Linguistic Indices and Syntactic Structures for Multilingual Question Answering: ITC-irst at CLEF 2005.', 2005, '2016-08-30', 'conf/clef/TanevKMNS05a', 'http://ceur-ws.org/Vol-1171/CLEF2005wn-QACLEF-TanevEt2005.pdf');
INSERT INTO Write (AuthorID, PaperID) VALUES (75, 139);
INSERT INTO Write (AuthorID, PaperID) VALUES (75, 142);
INSERT INTO Paper (PaperID, Title, Year, MDate, Key, DOI) VALUES (194, 'SemEval-2007 Task 01: Evaluating WSD on Cross-Language Information Retrieval.', 2007, '2014-09-23', 'conf/clef/AgirreLMORV07a', 'http://ceur-ws.org/Vol-1173/CLEF2007wn-MorphoChallenge-AgirreEt2007.pdf');
INSERT INTO Write (AuthorID, PaperID) VALUES (75, 194);
INSERT INTO Paper (PaperID, Title, Year, MDate, Key, DOI) VALUES (195, 'The DIOGENE Question Answering System at CLEF-2004.', 2004, '2017-05-24', 'conf/clef/TanevNMK05', 'https://doi.org/10.1007/11519645_43');
INSERT INTO Write (AuthorID, PaperID) VALUES (75, 195);
INSERT INTO Paper (PaperID, Title, Year, MDate, Key, DOI) VALUES (397, 'Towards Entailment-based Question Answering: ITC-irst at CLEF 2006.', 2006, '2014-08-15', 'conf/clef/KouylekovNMC06a', 'http://ceur-ws.org/Vol-1172/CLEF2006wn-QACLEF-KouylekovEt2006.pdf');
INSERT INTO Write (AuthorID, PaperID) VALUES (75, 397);
INSERT INTO Write (AuthorID, PaperID) VALUES (75, 399);
INSERT INTO Paper (PaperID, Title, Year, MDate, Key, DOI) VALUES (515, 'FBK-irst at CLEF 2007.', 2007, '2014-09-23', 'conf/clef/KouylekovNMC07', 'http://ceur-ws.org/Vol-1173/CLEF2007wn-QACLEF-KouylekovEt2007.pdf');
INSERT INTO Write (AuthorID, PaperID) VALUES (75, 515);
INSERT INTO Paper (PaperID, Title, Year, MDate, Key, DOI) VALUES (541, 'Exploiting Linguistic Indices and Syntactic Structures for Multilingual Question Answering: ITC-irst at CLEF 2005.', 2005, '2017-05-24', 'conf/clef/TanevKMNS05', 'https://doi.org/10.1007/11878773_44');
INSERT INTO Write (AuthorID, PaperID) VALUES (75, 541);
INSERT INTO Paper (PaperID, Title, Year, MDate, Key, DOI) VALUES (570, 'Towards Entailment-Based Question Answering: ITC-irst at CLEF 2006.', 2006, '2017-05-24', 'conf/clef/KouylekovNMC06', 'https://doi.org/10.1007/978-3-540-74999-8_64');
INSERT INTO Write (AuthorID, PaperID) VALUES (75, 570);
INSERT INTO Write (AuthorID, PaperID) VALUES (75, 633);
INSERT INTO Write (AuthorID, PaperID) VALUES (75, 1028);
INSERT INTO Write (AuthorID, PaperID) VALUES (75, 1163);
INSERT INTO Paper (PaperID, Title, Year, MDate, Key, DOI) VALUES (1525, 'Bridging Languages for Question Answering: DIOGENE at CLEF 2003.', 2003, '2014-08-15', 'conf/clef/NegriTM03a', 'http://ceur-ws.org/Vol-1169/CLEF2003wn-QACLEF-NegriEt2003.pdf');
INSERT INTO Write (AuthorID, PaperID) VALUES (75, 1525);
INSERT INTO Paper (PaperID, Title, Year, MDate, Key, DOI) VALUES (2335, 'Bridging Languages for Question Answering: DIOGENE at CLEF 2003.', 2003, '2017-05-24', 'conf/clef/NegriTM03', 'https://doi.org/10.1007/978-3-540-30222-3_48');
INSERT INTO Write (AuthorID, PaperID) VALUES (75, 2335);
INSERT INTO Write (AuthorID, PaperID) VALUES (75, 2349);
INSERT INTO Paper (PaperID, Title, Year, MDate, Key, DOI) VALUES (2580, 'SemEval-2007 Task 01: Evaluating WSD on Cross-Language Information Retrieval.', 2007, '2017-05-24', 'conf/clef/AgirreLMORV07', 'https://doi.org/10.1007/978-3-540-85760-0_116');
INSERT INTO Write (AuthorID, PaperID) VALUES (75, 2580);
INSERT INTO Write (AuthorID, PaperID) VALUES (75, 2864);
INSERT INTO Write (AuthorID, PaperID) VALUES (75, 3175);
INSERT INTO Author (AuthorID, Name) VALUES (76, 'G&uuml;nter Neumann');
INSERT INTO Paper (PaperID, Title, Year, MDate, Key, DOI) VALUES (149, 'Using Recognizing Textual Entailment as a Core Engine for Answer Validation.', 2007, '2017-05-24', 'conf/clef/WangN07', 'https://doi.org/10.1007/978-3-540-85760-0_50');
INSERT INTO Write (AuthorID, PaperID) VALUES (76, 149);
INSERT INTO Write (AuthorID, PaperID) VALUES (76, 191);
INSERT INTO Write (AuthorID, PaperID) VALUES (76, 402);
INSERT INTO Paper (PaperID, Title, Year, MDate, Key, DOI) VALUES (421, 'Information Synthesis for Answer Validation.', 2008, '2015-07-31', 'conf/clef/WangN08c', 'http://ceur-ws.org/Vol-1174/CLEF2008wn-QACLEF-WangEt2008.pdf');
INSERT INTO Write (AuthorID, PaperID) VALUES (76, 421);
INSERT INTO Write (AuthorID, PaperID) VALUES (76, 805);
INSERT INTO Paper (PaperID, Title, Year, MDate, Key, DOI) VALUES (915, 'DFKI-LT at QAST 2007: Adapting QA Components to Mine Answers in Speech Transcripts.', 2007, '2015-07-31', 'conf/clef/NeumannW07a', 'http://ceur-ws.org/Vol-1173/CLEF2007wn-QACLEF-NeumannEt2007.pdf');
INSERT INTO Write (AuthorID, PaperID) VALUES (76, 915);
INSERT INTO Write (AuthorID, PaperID) VALUES (76, 1529);
INSERT INTO Write (AuthorID, PaperID) VALUES (76, 1887);
INSERT INTO Write (AuthorID, PaperID) VALUES (76, 2238);
INSERT INTO Write (AuthorID, PaperID) VALUES (76, 2331);
INSERT INTO Paper (PaperID, Title, Year, MDate, Key, DOI) VALUES (2532, 'Information Synthesis for Answer Validation.', 2008, '2017-05-24', 'conf/clef/WangN08', 'https://doi.org/10.1007/978-3-642-04447-2_57');
INSERT INTO Write (AuthorID, PaperID) VALUES (76, 2532);
INSERT INTO Paper (PaperID, Title, Year, MDate, Key, DOI) VALUES (2726, 'Adapting QA Components to Mine Answers in Speech Transcripts.', 2007, '2017-05-24', 'conf/clef/NeumannW07', 'https://doi.org/10.1007/978-3-540-85760-0_54');
INSERT INTO Write (AuthorID, PaperID) VALUES (76, 2726);
INSERT INTO Write (AuthorID, PaperID) VALUES (76, 2767);
INSERT INTO Write (AuthorID, PaperID) VALUES (76, 2979);
INSERT INTO Write (AuthorID, PaperID) VALUES (76, 3204);
INSERT INTO Paper (PaperID, Title, Year, MDate, Key, DOI) VALUES (3222, 'Ontology-Based Query Construction for GeoCLEF.', 2008, '2017-05-24', 'conf/clef/WangN08a', 'https://doi.org/10.1007/978-3-642-04447-2_116');
INSERT INTO Write (AuthorID, PaperID) VALUES (76, 3222);
INSERT INTO Write (AuthorID, PaperID) VALUES (76, 3226);
INSERT INTO Write (AuthorID, PaperID) VALUES (76, 3258);
INSERT INTO Paper (PaperID, Title, Year, MDate, Key, DOI) VALUES (3324, 'DFKI-LT at AVE 2007: Using Recognizing Textual Entailment for Answer Validation.', 2007, '2014-09-24', 'conf/clef/WangN07a', 'http://ceur-ws.org/Vol-1173/CLEF2007wn-QACLEF-WangEt2007.pdf');
INSERT INTO Write (AuthorID, PaperID) VALUES (76, 3324);
INSERT INTO Paper (PaperID, Title, Year, MDate, Key, DOI) VALUES (3352, 'Ontology-based Query Construction for GeoCLEF.', 2008, '2015-07-31', 'conf/clef/WangN08b', 'http://ceur-ws.org/Vol-1174/CLEF2008wn-GeoCLEF-WangEt2008.pdf');
INSERT INTO Write (AuthorID, PaperID) VALUES (76, 3352);
INSERT INTO Author (AuthorID, Name) VALUES (77, 'Paul McNamee');
INSERT INTO Paper (PaperID, Title, Year, MDate, Key, DOI) VALUES (143, 'N-Gram Morphemes for Retrieval.', 2007, '2014-09-23', 'conf/clef/McNameeM07', 'http://ceur-ws.org/Vol-1173/CLEF2007wn-MorphoChallenge-McNameeEt2007.pdf');
INSERT INTO Write (AuthorID, PaperID) VALUES (77, 143);
INSERT INTO Paper (PaperID, Title, Year, MDate, Key, DOI) VALUES (349, 'A Language-Independent Approach to European Text Retrieval.', 2000, '2017-05-24', 'conf/clef/McNameeMP00', 'https://doi.org/10.1007/3-540-44645-1_12');
INSERT INTO Write (AuthorID, PaperID) VALUES (77, 349);
INSERT INTO Paper (PaperID, Title, Year, MDate, Key, DOI) VALUES (371, 'Retrieval Experiments at Morpho Challenge 2008.', 2008, '2014-09-29', 'conf/clef/McNamee08b', 'http://ceur-ws.org/Vol-1174/CLEF2008wn-MorphoChallenge-McNamee2008.pdf');
INSERT INTO Write (AuthorID, PaperID) VALUES (77, 371);
INSERT INTO Paper (PaperID, Title, Year, MDate, Key, DOI) VALUES (584, 'Exploring New Languages with HAIRCUT at CLEF 2005.', 2005, '2017-05-24', 'conf/clef/McNamee05', 'https://doi.org/10.1007/11878773_17');
INSERT INTO Write (AuthorID, PaperID) VALUES (77, 584);
INSERT INTO Paper (PaperID, Title, Year, MDate, Key, DOI) VALUES (720, 'JHU/APL Experiments at CLEF: Translation Resources and Score Normalization.', 2001, '2017-05-24', 'conf/clef/McNameeM01', 'https://doi.org/10.1007/3-540-45691-0_17');
INSERT INTO Write (AuthorID, PaperID) VALUES (77, 720);
INSERT INTO Paper (PaperID, Title, Year, MDate, Key, DOI) VALUES (924, 'JHU Experiments in Monolingual Farsi Document Retrieval at CLEF 2009.', 2009, '2014-09-29', 'conf/clef/McNamee09', 'http://ceur-ws.org/Vol-1175/CLEF2009wn-adhoc-McNamee2009.pdf');
INSERT INTO Write (AuthorID, PaperID) VALUES (77, 924);
INSERT INTO Paper (PaperID, Title, Year, MDate, Key, DOI) VALUES (1364, 'JHU/APL Ad Hoc Experiments at CLEF 2006.', 2006, '2017-05-24', 'conf/clef/McNamee06', 'https://doi.org/10.1007/978-3-540-74999-8_22');
INSERT INTO Write (AuthorID, PaperID) VALUES (77, 1364);
INSERT INTO Paper (PaperID, Title, Year, MDate, Key, DOI) VALUES (1394, 'Exploring New Languages with HAIRCUT at CLEF 2005.', 2005, '2014-08-15', 'conf/clef/McNamee05a', 'http://ceur-ws.org/Vol-1171/CLEF2005wn-adhoc-McNamee2005.pdf');
INSERT INTO Write (AuthorID, PaperID) VALUES (77, 1394);
INSERT INTO Paper (PaperID, Title, Year, MDate, Key, DOI) VALUES (1448, 'JHU/APL Experiments at CLEF: Translation Resources and Score Normalization.', 2001, '2014-08-15', 'conf/clef/McNameeM01a', 'http://ceur-ws.org/Vol-1167/CLEF2001wn-adhoc-McNameeEt2001.pdf');
INSERT INTO Write (AuthorID, PaperID) VALUES (77, 1448);
INSERT INTO Paper (PaperID, Title, Year, MDate, Key, DOI) VALUES (1752, 'A Language-Independent Approach to European Text Retrieval.', 2000, '2014-08-15', 'conf/clef/McNameeM00', 'http://ceur-ws.org/Vol-1166/CLEF2000wn-adhoc-McNameeEt2000.pdf');
INSERT INTO Write (AuthorID, PaperID) VALUES (77, 1752);
INSERT INTO Paper (PaperID, Title, Year, MDate, Key, DOI) VALUES (2453, 'N-Grams for Translation and Retrieval in CL-SDR.', 2003, '2017-05-24', 'conf/clef/McNameeM03a', 'https://doi.org/10.1007/978-3-540-30222-3_63');
INSERT INTO Write (AuthorID, PaperID) VALUES (77, 2453);
INSERT INTO Paper (PaperID, Title, Year, MDate, Key, DOI) VALUES (2478, 'Scalable Multilingual Information Access.', 2002, '2017-05-24', 'conf/clef/McNameeM02', 'https://doi.org/10.1007/978-3-540-45237-9_17');
INSERT INTO Write (AuthorID, PaperID) VALUES (77, 2478);
INSERT INTO Paper (PaperID, Title, Year, MDate, Key, DOI) VALUES (2671, 'Cross-Language Retrieval Using HAIRCUT for CLEF 2004.', 2004, '2014-08-15', 'conf/clef/McNameeM04', 'http://ceur-ws.org/Vol-1170/CLEF2004wn-adhoc-McNameeEt2004.pdf');
INSERT INTO Write (AuthorID, PaperID) VALUES (77, 2671);
INSERT INTO Paper (PaperID, Title, Year, MDate, Key, DOI) VALUES (2688, 'Scalable Multilingual Information Access.', 2002, '2014-08-15', 'conf/clef/McNameeM02a', 'http://ceur-ws.org/Vol-1168/CLEF2002wn-adhoc-McNameeEt2002.pdf');
INSERT INTO Write (AuthorID, PaperID) VALUES (77, 2688);
INSERT INTO Paper (PaperID, Title, Year, MDate, Key, DOI) VALUES (3013, 'JHU Ad Hoc Experiments at CLEF 2008.', 2008, '2014-09-29', 'conf/clef/McNamee08a', 'http://ceur-ws.org/Vol-1174/CLEF2008wn-adhoc-McNamee2008.pdf');
INSERT INTO Write (AuthorID, PaperID) VALUES (77, 3013);
