INSERT INTO Paper (PaperID, Title, Year, MDate, Key, DOI) VALUES (1783, 'Comparing IR System Components Using Beanplots.', 2012, '2017-05-24', 'conf/clef/KurstenE12', 'https://doi.org/10.1007/978-3-642-33247-0_15');
INSERT INTO Write (AuthorID, PaperID) VALUES (22, 1783);
INSERT INTO Paper (PaperID, Title, Year, MDate, Key, DOI) VALUES (1789, 'Monolingual Retrieval Experiments with a Domain-Specific Document Corpus at the Chemnitz Technical University.', 2006, '2014-08-15', 'conf/clef/KurstenE06a', 'http://ceur-ws.org/Vol-1172/CLEF2006wn-DomainSpecific-KurstenEt2006.pdf');
INSERT INTO Write (AuthorID, PaperID) VALUES (22, 1789);
INSERT INTO Paper (PaperID, Title, Year, MDate, Key, DOI) VALUES (1792, 'ImageCLEF 2006 Experiments at the Chemnitz Technical University.', 2006, '2014-08-15', 'conf/clef/WilhelmE06a', 'http://ceur-ws.org/Vol-1172/CLEF2006wn-ImageCLEF-WilhelmEt2006.pdf');
INSERT INTO Write (AuthorID, PaperID) VALUES (22, 1792);
INSERT INTO Paper (PaperID, Title, Year, MDate, Key, DOI) VALUES (1838, 'Improving Transcript-Based Video Retrieval Using Unsupervised Language Model Adaptation.', 2014, '2017-05-24', 'conf/clef/Wilhelm-SteinHRE14', 'https://doi.org/10.1007/978-3-319-11382-1_11');
INSERT INTO Write (AuthorID, PaperID) VALUES (22, 1838);
INSERT INTO Paper (PaperID, Title, Year, MDate, Key, DOI) VALUES (1856, 'Large-Scale Plant Classification using Deep Convolutional Neural Networks.', 2018, '2018-08-08', 'conf/clef/HauptKKE18', 'http://ceur-ws.org/Vol-2125/paper_92.pdf');
INSERT INTO Write (AuthorID, PaperID) VALUES (22, 1856);
INSERT INTO Paper (PaperID, Title, Year, MDate, Key, DOI) VALUES (1913, 'VideoCLEF 2008: ASR Classification with Wikipedia Categories.', 2008, '2017-05-24', 'conf/clef/KurstenRE08', 'https://doi.org/10.1007/978-3-642-04447-2_123');
INSERT INTO Write (AuthorID, PaperID) VALUES (22, 1913);
INSERT INTO Paper (PaperID, Title, Year, MDate, Key, DOI) VALUES (1965, 'Domain-Specific Cross Language Retrieval: Comparing and Merging Structured and Unstructured Indices.', 2007, '2014-09-23', 'conf/clef/KurstenE07', 'http://ceur-ws.org/Vol-1173/CLEF2007wn-DomainSpecific-KurstenEt2007.pdf');
INSERT INTO Write (AuthorID, PaperID) VALUES (22, 1965);
INSERT INTO Paper (PaperID, Title, Year, MDate, Key, DOI) VALUES (2019, 'A Quantitative Look at the CLEF Working Notes.', 2013, '2017-05-24', 'conf/clef/Wilhelm-SteinE13', 'https://doi.org/10.1007/978-3-642-40802-1_2');
INSERT INTO Write (AuthorID, PaperID) VALUES (22, 2019);
INSERT INTO Paper (PaperID, Title, Year, MDate, Key, DOI) VALUES (2116, 'Chemnitz at VideoCLEF 2009: Experiments and Observations on Treating Classification as an IR Task.', 2009, '2014-09-29', 'conf/clef/KurstenE09b', 'http://ceur-ws.org/Vol-1175/CLEF2009wn-VideoCLEF-KurstenEt2009.pdf');
INSERT INTO Write (AuthorID, PaperID) VALUES (22, 2116);
INSERT INTO Paper (PaperID, Title, Year, MDate, Key, DOI) VALUES (2127, 'Experiments for the ImageCLEF 2007 Photographic Retrieval Task.', 2007, '2014-09-23', 'conf/clef/WilhelmKE07', 'http://ceur-ws.org/Vol-1173/CLEF2007wn-ImageCLEF-WilhelmEt2007.pdf');
INSERT INTO Write (AuthorID, PaperID) VALUES (22, 2127);
INSERT INTO Paper (PaperID, Title, Year, MDate, Key, DOI) VALUES (2258, 'Fusion Methods for ICD10 Code Classification of Death Certificates in Multilingual Corpora.', 2017, '2017-08-15', 'conf/clef/EbersbachHE17', 'http://ceur-ws.org/Vol-1866/paper_66.pdf');
INSERT INTO Write (AuthorID, PaperID) VALUES (22, 2258);
INSERT INTO Paper (PaperID, Title, Year, MDate, Key, DOI) VALUES (2310, 'Identifying the Most Suitable Stemmer for the CHiC Multilingual Ad-hoc Task.', 2013, '2014-09-10', 'conf/clef/Wilhelm-SteinSE13', 'http://ceur-ws.org/Vol-1179/CLEF2013wn-CHiC-WilhelmSteinEt2013.pdf');
INSERT INTO Write (AuthorID, PaperID) VALUES (22, 2310);
INSERT INTO Paper (PaperID, Title, Year, MDate, Key, DOI) VALUES (2535, 'Monolingual Retrieval Experiments with a Domain-Specific Document Corpus at the Chemnitz University of Technology.', 2006, '2017-05-24', 'conf/clef/KurstenE06', 'https://doi.org/10.1007/978-3-540-74999-8_26');
INSERT INTO Write (AuthorID, PaperID) VALUES (22, 2535);
INSERT INTO Paper (PaperID, Title, Year, MDate, Key, DOI) VALUES (2570, 'Teaching the IR Process Using Real Experiments Supported by Game Mechanics.', 2015, '2017-05-24', 'conf/clef/Wilhelm-SteinE15', 'https://doi.org/10.1007/978-3-319-24027-5_34');
INSERT INTO Write (AuthorID, PaperID) VALUES (22, 2570);
INSERT INTO Paper (PaperID, Title, Year, MDate, Key, DOI) VALUES (2629, 'Species Prediction based on Environmental Variables using Machine Learning Techniques.', 2018, '2018-08-08', 'conf/clef/TaubertMKKE18', 'http://ceur-ws.org/Vol-2125/paper_93.pdf');
INSERT INTO Write (AuthorID, PaperID) VALUES (22, 2629);
INSERT INTO Paper (PaperID, Title, Year, MDate, Key, DOI) VALUES (2655, 'The Xtrieval Framework at CLEF 2008: Domain-Specific Track.', 2008, '2017-05-24', 'conf/clef/KurstenWE08a', 'https://doi.org/10.1007/978-3-642-04447-2_27');
INSERT INTO Write (AuthorID, PaperID) VALUES (22, 2655);
INSERT INTO Paper (PaperID, Title, Year, MDate, Key, DOI) VALUES (2835, 'Chemnitz at CLEF IP 2012: Advancing Xtrieval or a Baseline Hard to Crack.', 2012, '2014-09-24', 'conf/clef/WilhelmKE12', 'http://www.clef-initiative.eu/documents/71612/a77f637c-b3eb-4b57-9b14-ab7e1cb47ebc');
INSERT INTO Write (AuthorID, PaperID) VALUES (22, 2835);
INSERT INTO Paper (PaperID, Title, Year, MDate, Key, DOI) VALUES (2876, 'The Xtrieval Framework at CLEF 2008: ImageCLEF Photographic Retrieval Task.', 2008, '2014-09-29', 'conf/clef/WilhelmKE08', 'http://ceur-ws.org/Vol-1174/CLEF2008wn-ImageCLEF-WilhelmEt2008.pdf');
INSERT INTO Write (AuthorID, PaperID) VALUES (22, 2876);
INSERT INTO Paper (PaperID, Title, Year, MDate, Key, DOI) VALUES (2934, 'Unsupervised Language Model Adaptation using Utterance-based Web Search for Clinical Speech Recognition.', 2015, '2015-09-03', 'conf/clef/HermsRER15', 'http://ceur-ws.org/Vol-1391/63-CR.pdf');
INSERT INTO Write (AuthorID, PaperID) VALUES (22, 2934);
INSERT INTO Paper (PaperID, Title, Year, MDate, Key, DOI) VALUES (2994, 'Does Patent IR Profit from Linguistics or Maximum Query Length?', 2011, '2014-09-24', 'conf/clef/BecksEJKWW11', 'http://ceur-ws.org/Vol-1177/CLEF2011wn-CLEF-IP-BecksEt2011.pdf');
INSERT INTO Write (AuthorID, PaperID) VALUES (22, 2994);
INSERT INTO Paper (PaperID, Title, Year, MDate, Key, DOI) VALUES (3079, 'VideoCLEF 2008: ASR Classification based on Wikipedia Categories.', 2008, '2014-09-29', 'conf/clef/KurstenRE08a', 'http://ceur-ws.org/Vol-1174/CLEF2008wn-VideoCLEF-KurstenEt2008.pdf');
INSERT INTO Write (AuthorID, PaperID) VALUES (22, 3079);
INSERT INTO Paper (PaperID, Title, Year, MDate, Key, DOI) VALUES (3180, 'QA Extension for Xtrieval: Contribution to the QAst track.', 2008, '2014-09-29', 'conf/clef/KurstenKE08', 'http://ceur-ws.org/Vol-1174/CLEF2008wn-QACLEF-KurstenEt2008.pdf');
INSERT INTO Write (AuthorID, PaperID) VALUES (22, 3180);
INSERT INTO Paper (PaperID, Title, Year, MDate, Key, DOI) VALUES (3181, 'Putting It All Together: The Xtrieval Framework at Grid@CLEF 2009.', 2009, '2017-05-24', 'conf/clef/KurstenE09', 'https://doi.org/10.1007/978-3-642-15754-7_70');
INSERT INTO Write (AuthorID, PaperID) VALUES (22, 3181);
INSERT INTO Author (AuthorID, Name) VALUES (23, 'Giorgio Maria Di Nunzio');
INSERT INTO Write (AuthorID, PaperID) VALUES (23, 74);
INSERT INTO Write (AuthorID, PaperID) VALUES (23, 193);
INSERT INTO Write (AuthorID, PaperID) VALUES (23, 199);
INSERT INTO Paper (PaperID, Title, Year, MDate, Key, DOI) VALUES (206, 'Interactive Sampling for Systematic Reviews. IMS Unipd At CLEF 2018 eHealth Task 2.', 2018, '2018-08-08', 'conf/clef/NunzioCV18', 'http://ceur-ws.org/Vol-2125/paper_186.pdf');
INSERT INTO Write (AuthorID, PaperID) VALUES (23, 206);
INSERT INTO Write (AuthorID, PaperID) VALUES (23, 247);
INSERT INTO Write (AuthorID, PaperID) VALUES (23, 300);
INSERT INTO Write (AuthorID, PaperID) VALUES (23, 875);
INSERT INTO Write (AuthorID, PaperID) VALUES (23, 912);
INSERT INTO Write (AuthorID, PaperID) VALUES (23, 1543);
INSERT INTO Write (AuthorID, PaperID) VALUES (23, 1650);
INSERT INTO Write (AuthorID, PaperID) VALUES (23, 1676);
INSERT INTO Paper (PaperID, Title, Year, MDate, Key, DOI) VALUES (1836, 'Cross-Lingual Image Retrieval Interactions Based on a Game Competition.', 2008, '2017-06-02', 'conf/clef/Nunzio08', 'https://doi.org/10.1007/978-3-642-04447-2_31');
INSERT INTO Write (AuthorID, PaperID) VALUES (23, 1836);
INSERT INTO Write (AuthorID, PaperID) VALUES (23, 1886);
INSERT INTO Paper (PaperID, Title, Year, MDate, Key, DOI) VALUES (1956, 'An Interactive Two-Dimensional Approach to Query Aspects Rewriting in Systematic Reviews. IMS Unipd At CLEF eHealth Task 2.', 2017, '2017-08-15', 'conf/clef/NunzioBVH17a', 'http://ceur-ws.org/Vol-1866/paper_119.pdf');
INSERT INTO Write (AuthorID, PaperID) VALUES (23, 1956);
INSERT INTO Paper (PaperID, Title, Year, MDate, Key, DOI) VALUES (1966, 'A Lexicon Based Approach to Classification of ICD10 Codes. IMS Unipd at CLEF eHealth Task 1.', 2017, '2017-08-15', 'conf/clef/NunzioBVH17', 'http://ceur-ws.org/Vol-1866/paper_110.pdf');
INSERT INTO Write (AuthorID, PaperID) VALUES (23, 1966);
INSERT INTO Write (AuthorID, PaperID) VALUES (23, 1984);
INSERT INTO Write (AuthorID, PaperID) VALUES (23, 2005);
INSERT INTO Write (AuthorID, PaperID) VALUES (23, 2040);
INSERT INTO Write (AuthorID, PaperID) VALUES (23, 2052);
INSERT INTO Paper (PaperID, Title, Year, MDate, Key, DOI) VALUES (2175, '"Interactive" Undergraduate Students: UNIPD at iCLEF 2008.', 2008, '2014-09-29', 'conf/clef/Nunzio08a', 'http://ceur-ws.org/Vol-1174/CLEF2008wn-iCLEF-DiNunzio2008.pdf');
INSERT INTO Write (AuthorID, PaperID) VALUES (23, 2175);
INSERT INTO Write (AuthorID, PaperID) VALUES (23, 2176);
INSERT INTO Write (AuthorID, PaperID) VALUES (23, 2182);
INSERT INTO Paper (PaperID, Title, Year, MDate, Key, DOI) VALUES (2274, 'Using R Markdown for Replicable Experiments in Evidence Based Medicine.', 2018, '2018-08-20', 'conf/clef/NunzioV18', 'https://doi.org/10.1007/978-3-319-98932-7_3');
INSERT INTO Write (AuthorID, PaperID) VALUES (23, 2274);
INSERT INTO Write (AuthorID, PaperID) VALUES (23, 2396);
INSERT INTO Write (AuthorID, PaperID) VALUES (23, 2425);
INSERT INTO Write (AuthorID, PaperID) VALUES (23, 2820);
INSERT INTO Write (AuthorID, PaperID) VALUES (23, 3041);
INSERT INTO Paper (PaperID, Title, Year, MDate, Key, DOI) VALUES (3137, 'Classification of ICD10 Codes with no Resources but Reproducible Code. IMS Unipd at CLEF eHealth Task 1.', 2018, '2018-08-08', 'conf/clef/Nunzio18', 'http://ceur-ws.org/Vol-2125/paper_180.pdf');
INSERT INTO Write (AuthorID, PaperID) VALUES (23, 3137);
INSERT INTO Paper (PaperID, Title, Year, MDate, Key, DOI) VALUES (3154, 'A Study on Query Expansion with MeSH Terms and Elasticsearch. IMS Unipd at CLEF eHealth Task 3.', 2018, '2018-08-08', 'conf/clef/NunzioM18', 'http://ceur-ws.org/Vol-2125/paper_200.pdf');
INSERT INTO Write (AuthorID, PaperID) VALUES (23, 3154);
INSERT INTO Write (AuthorID, PaperID) VALUES (23, 3179);
INSERT INTO Write (AuthorID, PaperID) VALUES (23, 3245);
INSERT INTO Write (AuthorID, PaperID) VALUES (23, 3490);
INSERT INTO Write (AuthorID, PaperID) VALUES (23, 3507);
INSERT INTO Write (AuthorID, PaperID) VALUES (23, 3521);
INSERT INTO Author (AuthorID, Name) VALUES (24, 'Christa Womser-Hacker');
INSERT INTO Write (AuthorID, PaperID) VALUES (24, 96);
INSERT INTO Write (AuthorID, PaperID) VALUES (24, 152);
INSERT INTO Write (AuthorID, PaperID) VALUES (24, 300);
INSERT INTO Write (AuthorID, PaperID) VALUES (24, 309);
INSERT INTO Write (AuthorID, PaperID) VALUES (24, 446);
INSERT INTO Write (AuthorID, PaperID) VALUES (24, 496);
INSERT INTO Write (AuthorID, PaperID) VALUES (24, 597);
INSERT INTO Write (AuthorID, PaperID) VALUES (24, 690);
INSERT INTO Write (AuthorID, PaperID) VALUES (24, 848);
INSERT INTO Write (AuthorID, PaperID) VALUES (24, 965);
INSERT INTO Write (AuthorID, PaperID) VALUES (24, 1099);
INSERT INTO Write (AuthorID, PaperID) VALUES (24, 1281);
INSERT INTO Paper (PaperID, Title, Year, MDate, Key, DOI) VALUES (1301, 'Multilingual Topic Generation within the CLEF 2001 Experiments.', 2001, '2017-05-24', 'conf/clef/Womser-Hacker01', 'https://doi.org/10.1007/3-540-45691-0_36');
INSERT INTO Write (AuthorID, PaperID) VALUES (24, 1301);
INSERT INTO Write (AuthorID, PaperID) VALUES (24, 1396);
INSERT INTO Write (AuthorID, PaperID) VALUES (24, 1431);
INSERT INTO Write (AuthorID, PaperID) VALUES (24, 1434);
INSERT INTO Write (AuthorID, PaperID) VALUES (24, 1543);
INSERT INTO Write (AuthorID, PaperID) VALUES (24, 1650);
INSERT INTO Write (AuthorID, PaperID) VALUES (24, 1934);
INSERT INTO Write (AuthorID, PaperID) VALUES (24, 2073);
INSERT INTO Write (AuthorID, PaperID) VALUES (24, 2092);
INSERT INTO Write (AuthorID, PaperID) VALUES (24, 2122);
INSERT INTO Write (AuthorID, PaperID) VALUES (24, 2247);
INSERT INTO Write (AuthorID, PaperID) VALUES (24, 2431);
INSERT INTO Write (AuthorID, PaperID) VALUES (24, 2741);
INSERT INTO Write (AuthorID, PaperID) VALUES (24, 2793);
INSERT INTO Write (AuthorID, PaperID) VALUES (24, 2801);
INSERT INTO Write (AuthorID, PaperID) VALUES (24, 2808);
INSERT INTO Write (AuthorID, PaperID) VALUES (24, 2820);
INSERT INTO Write (AuthorID, PaperID) VALUES (24, 2853);
INSERT INTO Write (AuthorID, PaperID) VALUES (24, 2994);
INSERT INTO Write (AuthorID, PaperID) VALUES (24, 3355);
INSERT INTO Paper (PaperID, Title, Year, MDate, Key, DOI) VALUES (3451, 'Going beyond CLEF-IP: The ''Reality'' for Patent Searchers?', 2012, '2018-11-02', 'conf/clef/JurgensHW12', 'https://doi.org/10.1007/978-3-642-33247-0_4');
INSERT INTO Write (AuthorID, PaperID) VALUES (24, 3451);
INSERT INTO Write (AuthorID, PaperID) VALUES (24, 3521);
INSERT INTO Author (AuthorID, Name) VALUES (25, 'Felisa Verdejo');
INSERT INTO Write (AuthorID, PaperID) VALUES (25, 94);
INSERT INTO Write (AuthorID, PaperID) VALUES (25, 361);
INSERT INTO Write (AuthorID, PaperID) VALUES (25, 399);
INSERT INTO Write (AuthorID, PaperID) VALUES (25, 406);
INSERT INTO Write (AuthorID, PaperID) VALUES (25, 485);
INSERT INTO Write (AuthorID, PaperID) VALUES (25, 627);
INSERT INTO Write (AuthorID, PaperID) VALUES (25, 1003);
INSERT INTO Write (AuthorID, PaperID) VALUES (25, 1028);
INSERT INTO Write (AuthorID, PaperID) VALUES (25, 1062);
INSERT INTO Write (AuthorID, PaperID) VALUES (25, 1121);
INSERT INTO Write (AuthorID, PaperID) VALUES (25, 1296);
INSERT INTO Write (AuthorID, PaperID) VALUES (25, 1304);
INSERT INTO Write (AuthorID, PaperID) VALUES (25, 1330);
INSERT INTO Write (AuthorID, PaperID) VALUES (25, 1337);
INSERT INTO Write (AuthorID, PaperID) VALUES (25, 1450);
INSERT INTO Write (AuthorID, PaperID) VALUES (25, 1495);
INSERT INTO Write (AuthorID, PaperID) VALUES (25, 1506);
INSERT INTO Write (AuthorID, PaperID) VALUES (25, 1518);
INSERT INTO Write (AuthorID, PaperID) VALUES (25, 1641);
INSERT INTO Write (AuthorID, PaperID) VALUES (25, 1735);
INSERT INTO Write (AuthorID, PaperID) VALUES (25, 1775);
INSERT INTO Write (AuthorID, PaperID) VALUES (25, 1851);
INSERT INTO Write (AuthorID, PaperID) VALUES (25, 2093);
INSERT INTO Write (AuthorID, PaperID) VALUES (25, 2325);
INSERT INTO Write (AuthorID, PaperID) VALUES (25, 2344);
INSERT INTO Write (AuthorID, PaperID) VALUES (25, 2349);
INSERT INTO Write (AuthorID, PaperID) VALUES (25, 2467);
INSERT INTO Write (AuthorID, PaperID) VALUES (25, 2485);
INSERT INTO Paper (PaperID, Title, Year, MDate, Key, DOI) VALUES (2705, 'UNED@CL-SR CLEF 2005: Mixing Different Strategies to Retrieve Automatic Speech Transcriptions.', 2005, '2017-05-24', 'conf/clef/Lopez-OsteneroPSV05', 'https://doi.org/10.1007/11878773_86');
INSERT INTO Write (AuthorID, PaperID) VALUES (25, 2705);
INSERT INTO Write (AuthorID, PaperID) VALUES (25, 2707);
INSERT INTO Write (AuthorID, PaperID) VALUES (25, 2889);
INSERT INTO Write (AuthorID, PaperID) VALUES (25, 2993);
INSERT INTO Write (AuthorID, PaperID) VALUES (25, 3175);
INSERT INTO Write (AuthorID, PaperID) VALUES (25, 3368);
INSERT INTO Author (AuthorID, Name) VALUES (26, 'Jaap Kamps');
INSERT INTO Write (AuthorID, PaperID) VALUES (26, 31);
INSERT INTO Write (AuthorID, PaperID) VALUES (26, 48);
INSERT INTO Paper (PaperID, Title, Year, MDate, Key, DOI) VALUES (154, 'Two-Way Parsimonious Classification Models for Evolving Hierarchies.', 2016, '2018-03-06', 'conf/clef/DehghaniAKM16', 'https://doi.org/10.1007/978-3-319-44564-9_6');
INSERT INTO Write (AuthorID, PaperID) VALUES (26, 154);
INSERT INTO Paper (PaperID, Title, Year, MDate, Key, DOI) VALUES (232, 'Using Collaborative Filtering in Social Book Search.', 2012, '2014-09-24', 'conf/clef/HuurdemanKKW12', 'http://www.clef-initiative.eu/documents/71612/27835108-8519-438a-929a-c2a62c8f9b04');
INSERT INTO Write (AuthorID, PaperID) VALUES (26, 232);
INSERT INTO Write (AuthorID, PaperID) VALUES (26, 270);
INSERT INTO Paper (PaperID, Title, Year, MDate, Key, DOI) VALUES (378, 'Overview of INEX 2013.', 2013, '2018-11-14', 'conf/clef/BellotDGGKKKMMMPSSTTTW13', 'https://www.wikidata.org/entity/Q57830984');
INSERT INTO Write (AuthorID, PaperID) VALUES (26, 378);
INSERT INTO Paper (PaperID, Title, Year, MDate, Key, DOI) VALUES (429, 'Overview of the CLEF 2016 Social Book Search Lab.', 2016, '2018-11-02', 'conf/clef/KoolenBGHHHKSVW16', 'https://doi.org/10.1007/978-3-319-44564-9_29');
INSERT INTO Write (AuthorID, PaperID) VALUES (26, 429);
INSERT INTO Paper (PaperID, Title, Year, MDate, Key, DOI) VALUES (463, 'Searching Digital Heritage: Putting IR Evaluation in Context.', 2011, '2014-09-24', 'conf/clef/Kamps11', 'http://www.clef-initiative.eu/documents/71612/86377/CLEF2011wn-CHiC-Kamps2011.pdf');
INSERT INTO Write (AuthorID, PaperID) VALUES (26, 463);
INSERT INTO Paper (PaperID, Title, Year, MDate, Key, DOI) VALUES (946, 'Overview of the INEX 2012 Linked Data Track.', 2012, '2014-09-24', 'conf/clef/WangKCMSTGM12', 'http://www.clef-initiative.eu/documents/71612/ebba5434-ee01-4bf6-bc12-fe8661a496cb');
INSERT INTO Write (AuthorID, PaperID) VALUES (26, 946);
INSERT INTO Paper (PaperID, Title, Year, MDate, Key, DOI) VALUES (1034, 'Overview of the INEX 2013 Linked Data Track.', 2013, '2014-09-10', 'conf/clef/GurajadaKMSTW13', 'http://ceur-ws.org/Vol-1179/CLEF2013wn-INEX-GurajadaEt2013.pdf');
INSERT INTO Write (AuthorID, PaperID) VALUES (26, 1034);
INSERT INTO Paper (PaperID, Title, Year, MDate, Key, DOI) VALUES (1210, 'Overview of the SBS 2015 Suggestion Track.', 2015, '2015-09-03', 'conf/clef/KoolenBK15', 'http://ceur-ws.org/Vol-1391/76-CR.pdf');
INSERT INTO Write (AuthorID, PaperID) VALUES (26, 1210);
INSERT INTO Write (AuthorID, PaperID) VALUES (26, 1354);
INSERT INTO Paper (PaperID, Title, Year, MDate, Key, DOI) VALUES (1438, 'Overview of the INEX 2014 Social Book Search Track.', 2014, '2014-09-10', 'conf/clef/KoolenBKKP14', 'http://ceur-ws.org/Vol-1180/CLEF2014wn-Inex-KoolenEt2014.pdf');
INSERT INTO Write (AuthorID, PaperID) VALUES (26, 1438);
INSERT INTO Write (AuthorID, PaperID) VALUES (26, 1466);
INSERT INTO Paper (PaperID, Title, Year, MDate, Key, DOI) VALUES (1470, 'Are Topically Diverse Documents Also Interesting?', 2015, '2018-03-06', 'conf/clef/AzarbonyadSDMK15', 'https://doi.org/10.1007/978-3-319-24027-5_19');
INSERT INTO Write (AuthorID, PaperID) VALUES (26, 1470);
INSERT INTO Paper (PaperID, Title, Year, MDate, Key, DOI) VALUES (1546, 'Overview of the CLEF 2015 Social Book Search Lab.', 2015, '2018-11-02', 'conf/clef/KoolenBGHHKSTW15', 'https://doi.org/10.1007/978-3-319-24027-5_51');
INSERT INTO Write (AuthorID, PaperID) VALUES (26, 1546);
INSERT INTO Write (AuthorID, PaperID) VALUES (26, 1848);
INSERT INTO Write (AuthorID, PaperID) VALUES (26, 2090);
INSERT INTO Paper (PaperID, Title, Year, MDate, Key, DOI) VALUES (2447, 'The Value of Multistage Search Systems for Book Search.', 2015, '2015-09-03', 'conf/clef/HuurdemanKKK15', 'http://ceur-ws.org/Vol-1391/85-CR.pdf');
INSERT INTO Write (AuthorID, PaperID) VALUES (26, 2447);
INSERT INTO Paper (PaperID, Title, Year, MDate, Key, DOI) VALUES (2460, 'Overview of INEX 2014.', 2014, '2018-11-14', 'conf/clef/BellotBGHHKKKMMPSSSTW14', 'https://www.wikidata.org/entity/Q57830976');
INSERT INTO Write (AuthorID, PaperID) VALUES (26, 2460);
INSERT INTO Write (AuthorID, PaperID) VALUES (26, 2490);
INSERT INTO Write (AuthorID, PaperID) VALUES (26, 2500);
INSERT INTO Paper (PaperID, Title, Year, MDate, Key, DOI) VALUES (2542, 'Effective Metadata for Social Book Search from a User Perspective.', 2014, '2014-09-10', 'conf/clef/HuurdemanKK14', 'http://ceur-ws.org/Vol-1180/CLEF2014wn-Inex-HuudermanEt2014.pdf');
INSERT INTO Write (AuthorID, PaperID) VALUES (26, 2542);
INSERT INTO Paper (PaperID, Title, Year, MDate, Key, DOI) VALUES (2584, 'Overview of the INEX 2012 Social Book Search Track.', 2012, '2014-09-24', 'conf/clef/KoolenKKPDL12', 'http://www.clef-initiative.eu/documents/71612/d80cdbec-cfab-48b9-a102-256a5a2142b6');
INSERT INTO Write (AuthorID, PaperID) VALUES (26, 2584);
INSERT INTO Paper (PaperID, Title, Year, MDate, Key, DOI) VALUES (2625, 'Overview of the SBS 2016 Suggestion Track.', 2016, '2016-08-11', 'conf/clef/KoolenBK16', 'http://ceur-ws.org/Vol-1609/16091039.pdf');
INSERT INTO Write (AuthorID, PaperID) VALUES (26, 2625);
INSERT INTO Write (AuthorID, PaperID) VALUES (26, 2631);
INSERT INTO Write (AuthorID, PaperID) VALUES (26, 2635);
INSERT INTO Paper (PaperID, Title, Year, MDate, Key, DOI) VALUES (2939, 'Overview of the SBS 2015 Interactive Track.', 2015, '2017-09-07', 'conf/clef/GadeHHKKSTW15', 'http://ceur-ws.org/Vol-1391/78-CR.pdf');
INSERT INTO Write (AuthorID, PaperID) VALUES (26, 2939);
INSERT INTO Write (AuthorID, PaperID) VALUES (26, 2957);
INSERT INTO Paper (PaperID, Title, Year, MDate, Key, DOI) VALUES (3247, 'Comparing Topic Representations for Social Book Search.', 2013, '2014-09-10', 'conf/clef/KoolenHK13', 'http://ceur-ws.org/Vol-1179/CLEF2013wn-INEX-KoolenEt2013.pdf');
INSERT INTO Write (AuthorID, PaperID) VALUES (26, 3247);
INSERT INTO Write (AuthorID, PaperID) VALUES (26, 3304);
INSERT INTO Paper (PaperID, Title, Year, MDate, Key, DOI) VALUES (3370, 'Overview of the SBS 2016 Interactive Track.', 2016, '2017-09-07', 'conf/clef/GadeHHKKSBW16', 'http://ceur-ws.org/Vol-1609/16091024.pdf');
INSERT INTO Write (AuthorID, PaperID) VALUES (26, 3370);
INSERT INTO Write (AuthorID, PaperID) VALUES (26, 3457);
INSERT INTO Author (AuthorID, Name) VALUES (27, 'Douglas W. Oard');
INSERT INTO Write (AuthorID, PaperID) VALUES (27, 44);
INSERT INTO Paper (PaperID, Title, Year, MDate, Key, DOI) VALUES (244, 'Evaluating Interactive Cross-Language Information Retrieval: Document Selection.', 2000, '2017-05-24', 'conf/clef/Oard00', 'https://doi.org/10.1007/3-540-44645-1_6');
INSERT INTO Write (AuthorID, PaperID) VALUES (27, 244);
INSERT INTO Paper (PaperID, Title, Year, MDate, Key, DOI) VALUES (342, 'Summarization Design for Interactive Cross-Language Question Answering.', 2004, '2019-03-04', 'conf/clef/HeWLO05', 'https://doi.org/10.1007/11519645_36');
INSERT INTO Write (AuthorID, PaperID) VALUES (27, 342);
INSERT INTO Write (AuthorID, PaperID) VALUES (27, 825);
INSERT INTO Write (AuthorID, PaperID) VALUES (27, 1232);
INSERT INTO Paper (PaperID, Title, Year, MDate, Key, DOI) VALUES (1284, 'CLEF-2006 CL-SR at Maryland: English and Czech.', 2006, '2019-03-04', 'conf/clef/WangO06', 'https://doi.org/10.1007/978-3-540-74999-8_99');
INSERT INTO Write (AuthorID, PaperID) VALUES (27, 1284);
INSERT INTO Write (AuthorID, PaperID) VALUES (27, 1311);
INSERT INTO Paper (PaperID, Title, Year, MDate, Key, DOI) VALUES (1312, 'The CLEF 2001 Interactive Track.', 2001, '2014-08-15', 'conf/clef/Oard01', 'http://ceur-ws.org/Vol-1167/CLEF2001wn-iCLEF-Oard2001.pdf');
INSERT INTO Write (AuthorID, PaperID) VALUES (27, 1312);
INSERT INTO Write (AuthorID, PaperID) VALUES (27, 1461);
INSERT INTO Write (AuthorID, PaperID) VALUES (27, 1652);
INSERT INTO Paper (PaperID, Title, Year, MDate, Key, DOI) VALUES (1946, 'iCLEF 2003 at Maryland: Translation Selection and Document Selection.', 2003, '2019-03-04', 'conf/clef/DorrHLOSWZ03', 'https://doi.org/10.1007/978-3-540-30222-3_42');
INSERT INTO Write (AuthorID, PaperID) VALUES (27, 1946);
INSERT INTO Paper (PaperID, Title, Year, MDate, Key, DOI) VALUES (1947, 'iCLEF 2001 at Maryland: Comparing Word-for-Word Gloss and MT.', 2001, '2019-03-04', 'conf/clef/WangO01a', 'http://ceur-ws.org/Vol-1167/CLEF2001wn-iCLEF-WangEt2001.pdf');
INSERT INTO Write (AuthorID, PaperID) VALUES (27, 1947);
INSERT INTO Paper (PaperID, Title, Year, MDate, Key, DOI) VALUES (2057, 'CLEF-2005 CL-SR at Maryland: Document and Query Expansion Using Side Collections and Thesauri.', 2005, '2019-03-04', 'conf/clef/WangO05', 'https://doi.org/10.1007/11878773_88');
INSERT INTO Write (AuthorID, PaperID) VALUES (27, 2057);
INSERT INTO Paper (PaperID, Title, Year, MDate, Key, DOI) VALUES (2087, 'Comparing User-Assisted and Automatic Query Translation.', 2002, '2019-03-04', 'conf/clef/HeWON02', 'https://doi.org/10.1007/978-3-540-45237-9_36');
INSERT INTO Write (AuthorID, PaperID) VALUES (27, 2087);
INSERT INTO Paper (PaperID, Title, Year, MDate, Key, DOI) VALUES (2220, 'CLEF-2005 CL-SR at Maryland: Document and Query Expansion using Side Collections and Thesauri.', 2005, '2019-03-04', 'conf/clef/WangO05a', 'http://ceur-ws.org/Vol-1171/CLEF2005wn-CLSR-WangEt2005.pdf');
INSERT INTO Write (AuthorID, PaperID) VALUES (27, 2220);
INSERT INTO Write (AuthorID, PaperID) VALUES (27, 2250);
INSERT INTO Paper (PaperID, Title, Year, MDate, Key, DOI) VALUES (2342, 'Comparing User-assisted and Automatic Query Translation.', 2002, '2019-03-04', 'conf/clef/HeWON02a', 'http://ceur-ws.org/Vol-1168/CLEF2002wn-iCLEF-HeEt2002.pdf');
INSERT INTO Write (AuthorID, PaperID) VALUES (27, 2342);
INSERT INTO Paper (PaperID, Title, Year, MDate, Key, DOI) VALUES (2509, 'iCLEF 2001 at Maryland: Comparing Term-for-Term Gloss and MT.', 2001, '2019-03-04', 'conf/clef/WangO01', 'https://doi.org/10.1007/3-540-45691-0_33');
INSERT INTO Write (AuthorID, PaperID) VALUES (27, 2509);
INSERT INTO Write (AuthorID, PaperID) VALUES (27, 2612);
INSERT INTO Write (AuthorID, PaperID) VALUES (27, 2800);
INSERT INTO Paper (PaperID, Title, Year, MDate, Key, DOI) VALUES (2802, 'Cross-Language Question Answering at the USC Information Sciences Institute.', 2003, '2014-08-15', 'conf/clef/EchihabiOMH03a', 'http://ceur-ws.org/Vol-1169/CLEF2003wn-QACLEF-EchihabiEt2003.pdf');
INSERT INTO Write (AuthorID, PaperID) VALUES (27, 2802);
INSERT INTO Write (AuthorID, PaperID) VALUES (27, 2804);
INSERT INTO Write (AuthorID, PaperID) VALUES (27, 2867);
INSERT INTO Write (AuthorID, PaperID) VALUES (27, 2898);
INSERT INTO Paper (PaperID, Title, Year, MDate, Key, DOI) VALUES (2908, 'CLEF Experiments at the University of Maryland: Statistical Stemming and Back-off Translation Strategies.', 2000, '2014-08-15', 'conf/clef/OardLC00a', 'http://ceur-ws.org/Vol-1166/CLEF2000wn-adhoc-OardEt2000.pdf');
INSERT INTO Write (AuthorID, PaperID) VALUES (27, 2908);
INSERT INTO Write (AuthorID, PaperID) VALUES (27, 2943);
INSERT INTO Paper (PaperID, Title, Year, MDate, Key, DOI) VALUES (2970, 'iCLEF 2003 at Maryland: Translation Selection and Document Selection.', 2003, '2019-03-04', 'conf/clef/DorrHLOSWZ03a', 'http://ceur-ws.org/Vol-1169/CLEF2003wn-iCLEF-DorrEt2003.pdf');
INSERT INTO Write (AuthorID, PaperID) VALUES (27, 2970);
INSERT INTO Paper (PaperID, Title, Year, MDate, Key, DOI) VALUES (3115, 'Building a Cross-Language Entity Linking Collection in Twenty-One Languages.', 2011, '2018-03-08', 'conf/clef/MayfieldLMO11', 'https://doi.org/10.1007/978-3-642-23708-9_3');
INSERT INTO Write (AuthorID, PaperID) VALUES (27, 3115);
INSERT INTO Paper (PaperID, Title, Year, MDate, Key, DOI) VALUES (3200, 'iCLEF 2004 at Maryland: Summarization Design for Interactive Cross-Language Question Answering.', 2004, '2019-03-04', 'conf/clef/HeWLO04', 'http://ceur-ws.org/Vol-1170/CLEF2004wn-iCLEF-HeEt2004.pdf');
INSERT INTO Write (AuthorID, PaperID) VALUES (27, 3200);
INSERT INTO Paper (PaperID, Title, Year, MDate, Key, DOI) VALUES (3492, 'Cross-Language Question Answering at the USC Information Sciences Institute.', 2003, '2017-05-24', 'conf/clef/EchihabiOMH03', 'https://doi.org/10.1007/978-3-540-30222-3_49');
INSERT INTO Write (AuthorID, PaperID) VALUES (27, 3492);
INSERT INTO Paper (PaperID, Title, Year, MDate, Key, DOI) VALUES (3493, 'CLEF Experiments at Maryland: Statistical Stemming and Backoff Translation.', 2000, '2017-05-24', 'conf/clef/OardLC00', 'https://doi.org/10.1007/3-540-44645-1_17');
INSERT INTO Write (AuthorID, PaperID) VALUES (27, 3493);
INSERT INTO Paper (PaperID, Title, Year, MDate, Key, DOI) VALUES (3529, 'CLEF-2006 CL-SR at Maryland: English and Czech.', 2006, '2019-03-04', 'conf/clef/WangO06a', 'http://ceur-ws.org/Vol-1172/CLEF2006wn-CLSR-WangEt2006.pdf');
INSERT INTO Write (AuthorID, PaperID) VALUES (27, 3529);
INSERT INTO Author (AuthorID, Name) VALUES (28, 'Davide Buscaldi');
INSERT INTO Write (AuthorID, PaperID) VALUES (28, 208);
INSERT INTO Write (AuthorID, PaperID) VALUES (28, 295);
INSERT INTO Write (AuthorID, PaperID) VALUES (28, 416);
INSERT INTO Write (AuthorID, PaperID) VALUES (28, 682);
INSERT INTO Write (AuthorID, PaperID) VALUES (28, 765);
INSERT INTO Write (AuthorID, PaperID) VALUES (28, 944);
INSERT INTO Write (AuthorID, PaperID) VALUES (28, 1193);
INSERT INTO Write (AuthorID, PaperID) VALUES (28, 1463);
INSERT INTO Write (AuthorID, PaperID) VALUES (28, 1508);
INSERT INTO Write (AuthorID, PaperID) VALUES (28, 1531);
INSERT INTO Write (AuthorID, PaperID) VALUES (28, 1572);
INSERT INTO Write (AuthorID, PaperID) VALUES (28, 1873);
INSERT INTO Write (AuthorID, PaperID) VALUES (28, 2077);
INSERT INTO Write (AuthorID, PaperID) VALUES (28, 2101);
INSERT INTO Write (AuthorID, PaperID) VALUES (28, 2190);
INSERT INTO Write (AuthorID, PaperID) VALUES (28, 2224);
INSERT INTO Write (AuthorID, PaperID) VALUES (28, 2232);
INSERT INTO Write (AuthorID, PaperID) VALUES (28, 2262);
INSERT INTO Write (AuthorID, PaperID) VALUES (28, 2272);
INSERT INTO Write (AuthorID, PaperID) VALUES (28, 2446);
INSERT INTO Write (AuthorID, PaperID) VALUES (28, 2554);
INSERT INTO Write (AuthorID, PaperID) VALUES (28, 2618);
INSERT INTO Write (AuthorID, PaperID) VALUES (28, 2736);
INSERT INTO Write (AuthorID, PaperID) VALUES (28, 2792);
INSERT INTO Write (AuthorID, PaperID) VALUES (28, 2927);
INSERT INTO Write (AuthorID, PaperID) VALUES (28, 2942);
INSERT INTO Write (AuthorID, PaperID) VALUES (28, 2953);
INSERT INTO Write (AuthorID, PaperID) VALUES (28, 2974);
INSERT INTO Write (AuthorID, PaperID) VALUES (28, 3055);
INSERT INTO Write (AuthorID, PaperID) VALUES (28, 3195);
INSERT INTO Write (AuthorID, PaperID) VALUES (28, 3205);
INSERT INTO Paper (PaperID, Title, Year, MDate, Key, DOI) VALUES (3362, 'A Random Forest Approach for Authorship Profiling.', 2015, '2015-09-03', 'conf/clef/GaribayCFHBR15', 'http://ceur-ws.org/Vol-1391/72-CR.pdf');
INSERT INTO Write (AuthorID, PaperID) VALUES (28, 3362);
INSERT INTO Author (AuthorID, Name) VALUES (29, 'Sara Lana-Serrano');
INSERT INTO Write (AuthorID, PaperID) VALUES (29, 4);
INSERT INTO Write (AuthorID, PaperID) VALUES (29, 30);
INSERT INTO Write (AuthorID, PaperID) VALUES (29, 42);
INSERT INTO Write (AuthorID, PaperID) VALUES (29, 56);
INSERT INTO Write (AuthorID, PaperID) VALUES (29, 317);
INSERT INTO Write (AuthorID, PaperID) VALUES (29, 410);
INSERT INTO Write (AuthorID, PaperID) VALUES (29, 433);
INSERT INTO Paper (PaperID, Title, Year, MDate, Key, DOI) VALUES (469, 'An Approach for Detecting Modality and Negation in Texts by Using Rule-based Techniques.', 2012, '2014-09-24', 'conf/clef/Lana-SerranoSFML12', 'http://www.clef-initiative.eu/documents/71612/6fe1f22a-93a7-4300-9d41-26cfd1886fe9');
INSERT INTO Write (AuthorID, PaperID) VALUES (29, 469);
INSERT INTO Write (AuthorID, PaperID) VALUES (29, 571);
INSERT INTO Write (AuthorID, PaperID) VALUES (29, 574);
INSERT INTO Write (AuthorID, PaperID) VALUES (29, 868);
INSERT INTO Write (AuthorID, PaperID) VALUES (29, 1119);
INSERT INTO Write (AuthorID, PaperID) VALUES (29, 1313);
INSERT INTO Write (AuthorID, PaperID) VALUES (29, 1492);
INSERT INTO Write (AuthorID, PaperID) VALUES (29, 1516);
INSERT INTO Write (AuthorID, PaperID) VALUES (29, 1585);
INSERT INTO Write (AuthorID, PaperID) VALUES (29, 1930);
INSERT INTO Write (AuthorID, PaperID) VALUES (29, 1948);
INSERT INTO Write (AuthorID, PaperID) VALUES (29, 2051);
INSERT INTO Write (AuthorID, PaperID) VALUES (29, 2129);
INSERT INTO Write (AuthorID, PaperID) VALUES (29, 2130);
INSERT INTO Write (AuthorID, PaperID) VALUES (29, 2260);
INSERT INTO Write (AuthorID, PaperID) VALUES (29, 2300);
INSERT INTO Write (AuthorID, PaperID) VALUES (29, 2355);
INSERT INTO Write (AuthorID, PaperID) VALUES (29, 2415);
INSERT INTO Write (AuthorID, PaperID) VALUES (29, 2610);
INSERT INTO Write (AuthorID, PaperID) VALUES (29, 2638);
INSERT INTO Write (AuthorID, PaperID) VALUES (29, 2753);
INSERT INTO Write (AuthorID, PaperID) VALUES (29, 2811);
INSERT INTO Write (AuthorID, PaperID) VALUES (29, 3191);
INSERT INTO Write (AuthorID, PaperID) VALUES (29, 3339);
INSERT INTO Write (AuthorID, PaperID) VALUES (29, 3342);
INSERT INTO Author (AuthorID, Name) VALUES (30, 'Alexis Joly');
INSERT INTO Write (AuthorID, PaperID) VALUES (30, 2);
INSERT INTO Paper (PaperID, Title, Year, MDate, Key, DOI) VALUES (486, 'Overview of ExpertLifeCLEF 2018: how far Automated Identification Systems are from the Best Experts?', 2018, '2018-08-08', 'conf/clef/GoeauBJ18', 'http://ceur-ws.org/Vol-2125/invited_paper_10.pdf');
INSERT INTO Write (AuthorID, PaperID) VALUES (30, 486);
INSERT INTO Write (AuthorID, PaperID) VALUES (30, 537);
INSERT INTO Paper (PaperID, Title, Year, MDate, Key, DOI) VALUES (569, 'LifeCLEF Bird Identification Task 2017.', 2017, '2018-08-08', 'conf/clef/GoeauGVPJ17', 'http://ceur-ws.org/Vol-1866/invited_paper_8.pdf');
INSERT INTO Write (AuthorID, PaperID) VALUES (30, 569);
INSERT INTO Write (AuthorID, PaperID) VALUES (30, 596);
INSERT INTO Paper (PaperID, Title, Year, MDate, Key, DOI) VALUES (837, 'The ImageCLEF 2012 Plant Identification Task.', 2012, '2016-04-05', 'conf/clef/GoeauBJYBBM12', 'http://www.clef-initiative.eu/documents/71612/bd951435-a4bb-4f05-a4bd-a839153c9ff0');
INSERT INTO Write (AuthorID, PaperID) VALUES (30, 837);
INSERT INTO Paper (PaperID, Title, Year, MDate, Key, DOI) VALUES (867, 'PlantNet Participation at LifeCLEF2014 Plant Identification Task.', 2014, '2014-09-10', 'conf/clef/GoeauJY14', 'http://ceur-ws.org/Vol-1180/CLEF2014wn-Life-GoeauEt2014b.pdf');
INSERT INTO Write (AuthorID, PaperID) VALUES (30, 867);
INSERT INTO Write (AuthorID, PaperID) VALUES (30, 1140);
INSERT INTO Paper (PaperID, Title, Year, MDate, Key, DOI) VALUES (1147, 'Plant Identification in an Open-world (LifeCLEF 2016).', 2016, '2016-08-11', 'conf/clef/GoeauBJ16', 'http://ceur-ws.org/Vol-1609/16090428.pdf');
INSERT INTO Write (AuthorID, PaperID) VALUES (30, 1147);
INSERT INTO Paper (PaperID, Title, Year, MDate, Key, DOI) VALUES (1370, 'LifeCLEF Bird Identification Task 2016: The arrival of Deep learning.', 2016, '2017-08-31', 'conf/clef/GoeauGVPJ16', 'http://ceur-ws.org/Vol-1609/16090440.pdf');
INSERT INTO Write (AuthorID, PaperID) VALUES (30, 1370);
INSERT INTO Paper (PaperID, Title, Year, MDate, Key, DOI) VALUES (1408, 'LifeCLEF Bird Identication Task 2014.', 2014, '2017-08-31', 'conf/clef/GoeauGVPRJ14', 'http://ceur-ws.org/Vol-1180/CLEF2014wn-Life-GoeauEt2014a.pdf');
INSERT INTO Write (AuthorID, PaperID) VALUES (30, 1408);
INSERT INTO Write (AuthorID, PaperID) VALUES (30, 1522);
INSERT INTO Paper (PaperID, Title, Year, MDate, Key, DOI) VALUES (1547, 'A Comparative Study of Fine-grained Classification Methods in the Context of the LifeCLEF Plant Identification Challenge 2015.', 2015, '2015-09-03', 'conf/clef/ChampLSJ15', 'http://ceur-ws.org/Vol-1391/30-CR.pdf');
INSERT INTO Write (AuthorID, PaperID) VALUES (30, 1547);
INSERT INTO Paper (PaperID, Title, Year, MDate, Key, DOI) VALUES (1601, 'Plant Identification Based on Noisy Web Data: the Amazing Performance of Deep Learning (LifeCLEF 2017).', 2017, '2017-08-15', 'conf/clef/GoeauBJ17', 'http://ceur-ws.org/Vol-1866/invited_paper_9.pdf');
INSERT INTO Write (AuthorID, PaperID) VALUES (30, 1601);
INSERT INTO Paper (PaperID, Title, Year, MDate, Key, DOI) VALUES (1811, 'Inria IMEDIA2''s Participation at ImageCLEF 2012 Plant Identification Task.', 2012, '2014-09-24', 'conf/clef/BakicYMLOVGJ12', 'http://www.clef-initiative.eu/documents/71612/e43877ac-81ed-4fdd-adbb-5608f5c95da9');
INSERT INTO Write (AuthorID, PaperID) VALUES (30, 1811);
INSERT INTO Write (AuthorID, PaperID) VALUES (30, 1876);
INSERT INTO Paper (PaperID, Title, Year, MDate, Key, DOI) VALUES (2015, 'The ImageCLEF 2013 Plant Identification Task.', 2013, '2016-04-05', 'conf/clef/GoeauBJBBBM13', 'http://ceur-ws.org/Vol-1179/CLEF2013wn-ImageCLEF-GoeauEt2013.pdf');
INSERT INTO Write (AuthorID, PaperID) VALUES (30, 2015);
INSERT INTO Paper (PaperID, Title, Year, MDate, Key, DOI) VALUES (2047, 'LifeCLEF Plant Identification Task 2014.', 2014, '2014-09-10', 'conf/clef/JolyG14', 'http://ceur-ws.org/Vol-1180/CLEF2014wn-Life-JolyEt2014a.pdf');
INSERT INTO Write (AuthorID, PaperID) VALUES (30, 2047);
INSERT INTO Paper (PaperID, Title, Year, MDate, Key, DOI) VALUES (2099, 'Plant Classification Based on Gated Recurrent Unit.', 2017, '2018-09-13', 'conf/clef/LeeCCJBG17', 'https://doi.org/10.1007/978-3-319-98932-7_16');
INSERT INTO Write (AuthorID, PaperID) VALUES (30, 2099);
INSERT INTO Paper (PaperID, Title, Year, MDate, Key, DOI) VALUES (2118, 'Floristic participation at LifeCLEF 2016 Plant Identification Task.', 2016, '2016-08-11', 'conf/clef/ChampGJ16', 'http://ceur-ws.org/Vol-1609/16090450.pdf');
INSERT INTO Write (AuthorID, PaperID) VALUES (30, 2118);
INSERT INTO Paper (PaperID, Title, Year, MDate, Key, DOI) VALUES (2209, 'Overview of BirdCLEF 2018: Monospecies vs. Sundscape Bird Identification.', 2018, '2018-08-08', 'conf/clef/GoeauKGPVJ18', 'http://ceur-ws.org/Vol-2125/invited_paper_9.pdf');
INSERT INTO Write (AuthorID, PaperID) VALUES (30, 2209);
INSERT INTO Paper (PaperID, Title, Year, MDate, Key, DOI) VALUES (2356, 'LifeCLEF Plant Identification Task 2015.', 2015, '2015-09-03', 'conf/clef/GoeauBJ15', 'http://ceur-ws.org/Vol-1391/157-CR.pdf');
INSERT INTO Write (AuthorID, PaperID) VALUES (30, 2356);
INSERT INTO Paper (PaperID, Title, Year, MDate, Key, DOI) VALUES (2402, 'LifeCLEF Bird Identification Task 2015.', 2015, '2017-08-31', 'conf/clef/GoeauGVPRJ15', 'http://ceur-ws.org/Vol-1391/156-CR.pdf');
INSERT INTO Write (AuthorID, PaperID) VALUES (30, 2402);
INSERT INTO Paper (PaperID, Title, Year, MDate, Key, DOI) VALUES (2437, 'Unsupervised Individual Whales Identification: Spot the Difference in the Ocean.', 2016, '2016-08-11', 'conf/clef/JolyLCS16', 'http://ceur-ws.org/Vol-1609/16090469.pdf');
INSERT INTO Write (AuthorID, PaperID) VALUES (30, 2437);
INSERT INTO Paper (PaperID, Title, Year, MDate, Key, DOI) VALUES (2679, 'Instance-based Bird Species Identification with Undiscriminant Features Pruning.', 2014, '2014-09-10', 'conf/clef/JolyCB14', 'http://ceur-ws.org/Vol-1180/CLEF2014wn-Life-JolyEt2014b.pdf');
INSERT INTO Write (AuthorID, PaperID) VALUES (30, 2679);
INSERT INTO Paper (PaperID, Title, Year, MDate, Key, DOI) VALUES (2700, 'Overview of GeoLifeCLEF 2018: Location-based Species Recommendation.', 2018, '2018-08-08', 'conf/clef/BotellaBMMJ18', 'http://ceur-ws.org/Vol-2125/invited_paper_8.pdf');
INSERT INTO Write (AuthorID, PaperID) VALUES (30, 2700);
INSERT INTO Paper (PaperID, Title, Year, MDate, Key, DOI) VALUES (2830, 'Inria''s Participation at ImageCLEF 2013 Plant Identification Task.', 2013, '2014-09-10', 'conf/clef/BakicMOVYGJ13', 'http://ceur-ws.org/Vol-1179/CLEF2013wn-ImageCLEF-BakicEt2013.pdf');
INSERT INTO Write (AuthorID, PaperID) VALUES (30, 2830);
INSERT INTO Paper (PaperID, Title, Year, MDate, Key, DOI) VALUES (2949, 'Location-based Species Recommendation using Co-occurrences and Environment- GeoLifeCLEF 2018 Challenge.', 2018, '2018-08-08', 'conf/clef/DeneuSBJ18', 'http://ceur-ws.org/Vol-2125/paper_119.pdf');
INSERT INTO Write (AuthorID, PaperID) VALUES (30, 2949);
INSERT INTO Paper (PaperID, Title, Year, MDate, Key, DOI) VALUES (3072, 'The CLEF 2011 Plant Images Classification Task.', 2011, '2016-04-05', 'conf/clef/GoeauBJBBMBMP11', 'http://www.clef-initiative.eu/documents/71612/86377/CLEF2011wn-ImageCLEF-GoeauEt2011.pdf');
INSERT INTO Write (AuthorID, PaperID) VALUES (30, 3072);
INSERT INTO Paper (PaperID, Title, Year, MDate, Key, DOI) VALUES (3152, 'Shared Nearest Neighbors Match Kernel for Bird Songs Identification - LifeCLEF 2015 Challenge.', 2015, '2015-09-03', 'conf/clef/JolyLCB15', 'http://ceur-ws.org/Vol-1391/138-CR.pdf');
INSERT INTO Write (AuthorID, PaperID) VALUES (30, 3152);
INSERT INTO Paper (PaperID, Title, Year, MDate, Key, DOI) VALUES (3284, 'Participation of INRIA 800Aamp; Pl@ntNet to ImageCLEF 2011 Plant Images Classification Task.', 2011, '2016-06-02', 'conf/clef/GoeauJYBM11', 'http://www.clef-initiative.eu/documents/71612/86377/CLEF2011wn-ImageCLEF-Go%C3%ABauEt2011.pdf');
INSERT INTO Write (AuthorID, PaperID) VALUES (30, 3284);
INSERT INTO Author (AuthorID, Name) VALUES (31, 'Luis Villase&ntilde;or Pineda');
INSERT INTO Write (AuthorID, PaperID) VALUES (31, 116);
INSERT INTO Write (AuthorID, PaperID) VALUES (31, 261);
INSERT INTO Write (AuthorID, PaperID) VALUES (31, 538);
INSERT INTO Write (AuthorID, PaperID) VALUES (31, 550);
INSERT INTO Write (AuthorID, PaperID) VALUES (31, 594);
INSERT INTO Write (AuthorID, PaperID) VALUES (31, 647);
INSERT INTO Write (AuthorID, PaperID) VALUES (31, 652);
INSERT INTO Write (AuthorID, PaperID) VALUES (31, 1178);
INSERT INTO Write (AuthorID, PaperID) VALUES (31, 1234);
INSERT INTO Write (AuthorID, PaperID) VALUES (31, 1344);
INSERT INTO Write (AuthorID, PaperID) VALUES (31, 1764);
INSERT INTO Write (AuthorID, PaperID) VALUES (31, 1875);
INSERT INTO Write (AuthorID, PaperID) VALUES (31, 1895);
INSERT INTO Write (AuthorID, PaperID) VALUES (31, 2010);
INSERT INTO Write (AuthorID, PaperID) VALUES (31, 2104);
INSERT INTO Write (AuthorID, PaperID) VALUES (31, 2218);
INSERT INTO Write (AuthorID, PaperID) VALUES (31, 2270);
INSERT INTO Write (AuthorID, PaperID) VALUES (31, 2317);
INSERT INTO Write (AuthorID, PaperID) VALUES (31, 2339);
INSERT INTO Write (AuthorID, PaperID) VALUES (31, 2521);
INSERT INTO Write (AuthorID, PaperID) VALUES (31, 2522);
INSERT INTO Write (AuthorID, PaperID) VALUES (31, 2611);
INSERT INTO Write (AuthorID, PaperID) VALUES (31, 2640);
INSERT INTO Write (AuthorID, PaperID) VALUES (31, 2728);
INSERT INTO Write (AuthorID, PaperID) VALUES (31, 2759);
INSERT INTO Write (AuthorID, PaperID) VALUES (31, 2769);
INSERT INTO Write (AuthorID, PaperID) VALUES (31, 2826);
INSERT INTO Write (AuthorID, PaperID) VALUES (31, 2983);
INSERT INTO Write (AuthorID, PaperID) VALUES (31, 3009);
INSERT INTO Write (AuthorID, PaperID) VALUES (31, 3122);
INSERT INTO Write (AuthorID, PaperID) VALUES (31, 3301);
INSERT INTO Author (AuthorID, Name) VALUES (32, 'Benno Stein');
INSERT INTO Write (AuthorID, PaperID) VALUES (32, 92);
INSERT INTO Paper (PaperID, Title, Year, MDate, Key, DOI) VALUES (109, 'Clustering by Authorship Within and Across Documents.', 2016, '2016-08-11', 'conf/clef/StamatatosTVDSS16', 'http://ceur-ws.org/Vol-1609/16090691.pdf');
INSERT INTO Write (AuthorID, PaperID) VALUES (32, 109);
INSERT INTO Paper (PaperID, Title, Year, MDate, Key, DOI) VALUES (187, 'Overview of the Author Identification Task at PAN 2015.', 2015, '2015-09-03', 'conf/clef/StamatatosDVJLP15', 'http://ceur-ws.org/Vol-1391/inv-pap3-CR.pdf');
INSERT INTO Write (AuthorID, PaperID) VALUES (32, 187);
INSERT INTO Write (AuthorID, PaperID) VALUES (32, 307);
INSERT INTO Write (AuthorID, PaperID) VALUES (32, 323);
INSERT INTO Write (AuthorID, PaperID) VALUES (32, 372);
INSERT INTO Write (AuthorID, PaperID) VALUES (32, 484);
INSERT INTO Paper (PaperID, Title, Year, MDate, Key, DOI) VALUES (526, 'Evaluating Cross-Language Explicit Semantic Analysis and Cross Querying.', 2009, '2017-05-24', 'conf/clef/AnderkaLS09', 'https://doi.org/10.1007/978-3-642-15754-7_4');
INSERT INTO Write (AuthorID, PaperID) VALUES (32, 526);
INSERT INTO Write (AuthorID, PaperID) VALUES (32, 532);
INSERT INTO Paper (PaperID, Title, Year, MDate, Key, DOI) VALUES (552, 'Author Obfuscation: Attacking the State of the Art in Authorship Verification.', 2016, '2016-08-11', 'conf/clef/PotthastHS16', 'http://ceur-ws.org/Vol-1609/16090716.pdf');
INSERT INTO Write (AuthorID, PaperID) VALUES (32, 552);
INSERT INTO Paper (PaperID, Title, Year, MDate, Key, DOI) VALUES (572, 'Evaluating Cross-Language Explicit Semantic Analysis and Cross Querying at TEL@CLEF 2009.', 2009, '2014-09-29', 'conf/clef/AnderkaLS09a', 'http://ceur-ws.org/Vol-1175/CLEF2009wn-adhoc-AnderkaEt2009.pdf');
INSERT INTO Write (AuthorID, PaperID) VALUES (32, 572);
INSERT INTO Paper (PaperID, Title, Year, MDate, Key, DOI) VALUES (661, 'Overview of the Author Obfuscation Task at PAN 2017: Safety Evaluation Revisited.', 2017, '2017-08-15', 'conf/clef/HagenPS17', 'http://ceur-ws.org/Vol-1866/invited_paper_4.pdf');
INSERT INTO Write (AuthorID, PaperID) VALUES (32, 661);
INSERT INTO Write (AuthorID, PaperID) VALUES (32, 744);
INSERT INTO Write (AuthorID, PaperID) VALUES (32, 1137);
INSERT INTO Paper (PaperID, Title, Year, MDate, Key, DOI) VALUES (1227, 'Overview of the Author Obfuscation Task at PAN 2018: A New Approach to Measuring Safety.', 2018, '2018-08-08', 'conf/clef/PotthastSHS18', 'http://ceur-ws.org/Vol-2125/invited_paper_16.pdf');
INSERT INTO Write (AuthorID, PaperID) VALUES (32, 1227);
INSERT INTO Paper (PaperID, Title, Year, MDate, Key, DOI) VALUES (1386, 'Overview of the Author Identification Task at PAN 2014.', 2014, '2014-09-10', 'conf/clef/StamatatosDVSPJSB14', 'http://ceur-ws.org/Vol-1180/CLEF2014wn-Pan-StamatosEt2014.pdf');
INSERT INTO Write (AuthorID, PaperID) VALUES (32, 1386);
INSERT INTO Paper (PaperID, Title, Year, MDate, Key, DOI) VALUES (1417, 'Overview of the 1st International Competition on Wikipedia Vandalism Detection.', 2010, '2014-09-24', 'conf/clef/PotthastSH10', 'http://www.clef-initiative.eu/documents/71612/86374/CLEF2010wn-PAN-PotthastEt2010b.pdf');
INSERT INTO Write (AuthorID, PaperID) VALUES (32, 1417);
INSERT INTO Paper (PaperID, Title, Year, MDate, Key, DOI) VALUES (1427, 'Overview of the 1th International Competition on Quality Flaw Prediction in Wikipedia.', 2012, '2014-09-24', 'conf/clef/AnderkaS12', 'http://www.clef-initiative.eu/documents/71612/c1f78f6f-d4fa-4377-82c2-09b07c6c3ab5');
INSERT INTO Write (AuthorID, PaperID) VALUES (32, 1427);
INSERT INTO Paper (PaperID, Title, Year, MDate, Key, DOI) VALUES (1580, 'Webis at the CLEF 2017 Dynamic Search Lab.', 2017, '2017-08-15', 'conf/clef/HagenKAS17', 'http://ceur-ws.org/Vol-1866/paper_198.pdf');
INSERT INTO Write (AuthorID, PaperID) VALUES (32, 1580);
INSERT INTO Write (AuthorID, PaperID) VALUES (32, 1720);
INSERT INTO Write (AuthorID, PaperID) VALUES (32, 2113);
INSERT INTO Write (AuthorID, PaperID) VALUES (32, 2304);
INSERT INTO Write (AuthorID, PaperID) VALUES (32, 2511);
INSERT INTO Paper (PaperID, Title, Year, MDate, Key, DOI) VALUES (2544, 'Overview of the Author Identification Task at PAN-2017: Style Breach Detection and Author Clustering.', 2017, '2017-08-15', 'conf/clef/TschuggnallSVDS17', 'http://ceur-ws.org/Vol-1866/invited_paper_3.pdf');
INSERT INTO Write (AuthorID, PaperID) VALUES (32, 2544);
INSERT INTO Write (AuthorID, PaperID) VALUES (32, 2578);
INSERT INTO Paper (PaperID, Title, Year, MDate, Key, DOI) VALUES (2719, 'Source Retrieval for Plagiarism Detection from Large Web Corpora: Recent Approaches.', 2015, '2015-09-03', 'conf/clef/HagenPS15', 'http://ceur-ws.org/Vol-1391/inv-pap10-CR.pdf');
INSERT INTO Write (AuthorID, PaperID) VALUES (32, 2719);
INSERT INTO Write (AuthorID, PaperID) VALUES (32, 3074);
INSERT INTO Write (AuthorID, PaperID) VALUES (32, 3172);
INSERT INTO Write (AuthorID, PaperID) VALUES (32, 3276);
INSERT INTO Paper (PaperID, Title, Year, MDate, Key, DOI) VALUES (3404, 'Overview of the Author Identification Task at PAN-2018: Cross-domain Authorship Attribution and Style Change Detection.', 2018, '2018-08-08', 'conf/clef/KestemontTSDSSP18', 'http://ceur-ws.org/Vol-2125/invited_paper_2.pdf');
INSERT INTO Write (AuthorID, PaperID) VALUES (32, 3404);
INSERT INTO Write (AuthorID, PaperID) VALUES (32, 3482);
INSERT INTO Author (AuthorID, Name) VALUES (33, 'Arturo Montejo-R&aacute;ez');
INSERT INTO Write (AuthorID, PaperID) VALUES (33, 47);
INSERT INTO Write (AuthorID, PaperID) VALUES (33, 200);
INSERT INTO Write (AuthorID, PaperID) VALUES (33, 283);
INSERT INTO Write (AuthorID, PaperID) VALUES (33, 392);
INSERT INTO Write (AuthorID, PaperID) VALUES (33, 613);
INSERT INTO Write (AuthorID, PaperID) VALUES (33, 616);
INSERT INTO Paper (PaperID, Title, Year, MDate, Key, DOI) VALUES (634, 'SINAI at CLEF Ad-Hoc Robust Track 2007: Applying Google Search Engine for Robust Cross-Lingual Retrieval.', 2007, '2018-05-18', 'conf/clef/Martinez-SantiagoMC07', 'https://doi.org/10.1007/978-3-540-85760-0_18');
INSERT INTO Write (AuthorID, PaperID) VALUES (33, 634);
INSERT INTO Write (AuthorID, PaperID) VALUES (33, 817);
INSERT INTO Write (AuthorID, PaperID) VALUES (33, 865);
INSERT INTO Write (AuthorID, PaperID) VALUES (33, 1014);
INSERT INTO Write (AuthorID, PaperID) VALUES (33, 1443);
INSERT INTO Write (AuthorID, PaperID) VALUES (33, 1696);
INSERT INTO Write (AuthorID, PaperID) VALUES (33, 1726);
INSERT INTO Write (AuthorID, PaperID) VALUES (33, 1911);
INSERT INTO Write (AuthorID, PaperID) VALUES (33, 2202);
INSERT INTO Write (AuthorID, PaperID) VALUES (33, 2364);
INSERT INTO Write (AuthorID, PaperID) VALUES (33, 2370);
INSERT INTO Write (AuthorID, PaperID) VALUES (33, 2395);
INSERT INTO Paper (PaperID, Title, Year, MDate, Key, DOI) VALUES (2423, 'SINAI at CLEF Ad-Hoc Robust Track 2007: Applying Google Search Engine for Robust Cross-Lingual Retrieval.', 2007, '2014-09-24', 'conf/clef/Martinez-SantiagoMC07a', 'http://ceur-ws.org/Vol-1173/CLEF2007wn-adhoc-MartinezSantiagoEt2007.pdf');
INSERT INTO Write (AuthorID, PaperID) VALUES (33, 2423);
INSERT INTO Write (AuthorID, PaperID) VALUES (33, 2507);
INSERT INTO Paper (PaperID, Title, Year, MDate, Key, DOI) VALUES (2706, 'GEOUJA System. University of Ja800Aeacute;n at GeoCLEF 2007.', 2007, '2014-09-24', 'conf/clef/Perea-OrtegaGGM07', 'http://ceur-ws.org/Vol-1173/CLEF2007wn-GeoCLEF-PereaOrtegaEt2007.pdf');
INSERT INTO Write (AuthorID, PaperID) VALUES (33, 2706);
INSERT INTO Write (AuthorID, PaperID) VALUES (33, 2799);
INSERT INTO Write (AuthorID, PaperID) VALUES (33, 2818);
INSERT INTO Write (AuthorID, PaperID) VALUES (33, 2888);
INSERT INTO Write (AuthorID, PaperID) VALUES (33, 2995);
INSERT INTO Write (AuthorID, PaperID) VALUES (33, 3075);
INSERT INTO Write (AuthorID, PaperID) VALUES (33, 3228);
INSERT INTO Write (AuthorID, PaperID) VALUES (33, 3273);
INSERT INTO Write (AuthorID, PaperID) VALUES (33, 3380);
INSERT INTO Write (AuthorID, PaperID) VALUES (33, 3454);
INSERT INTO Author (AuthorID, Name) VALUES (34, 'Mar&iacute;a Teresa Mart&iacute;n-Valdivia');
INSERT INTO Write (AuthorID, PaperID) VALUES (34, 98);
INSERT INTO Write (AuthorID, PaperID) VALUES (34, 160);
INSERT INTO Write (AuthorID, PaperID) VALUES (34, 200);
INSERT INTO Write (AuthorID, PaperID) VALUES (34, 283);
INSERT INTO Write (AuthorID, PaperID) VALUES (34, 285);
INSERT INTO Write (AuthorID, PaperID) VALUES (34, 355);
INSERT INTO Write (AuthorID, PaperID) VALUES (34, 392);
INSERT INTO Write (AuthorID, PaperID) VALUES (34, 530);
INSERT INTO Write (AuthorID, PaperID) VALUES (34, 613);
INSERT INTO Write (AuthorID, PaperID) VALUES (34, 616);
INSERT INTO Write (AuthorID, PaperID) VALUES (34, 817);
INSERT INTO Write (AuthorID, PaperID) VALUES (34, 865);
INSERT INTO Write (AuthorID, PaperID) VALUES (34, 1014);
INSERT INTO Write (AuthorID, PaperID) VALUES (34, 1167);
INSERT INTO Write (AuthorID, PaperID) VALUES (34, 1368);
INSERT INTO Write (AuthorID, PaperID) VALUES (34, 1443);
INSERT INTO Write (AuthorID, PaperID) VALUES (34, 1734);
INSERT INTO Write (AuthorID, PaperID) VALUES (34, 1911);
INSERT INTO Write (AuthorID, PaperID) VALUES (34, 2249);
INSERT INTO Write (AuthorID, PaperID) VALUES (34, 2288);
INSERT INTO Write (AuthorID, PaperID) VALUES (34, 2364);
INSERT INTO Write (AuthorID, PaperID) VALUES (34, 2429);
INSERT INTO Write (AuthorID, PaperID) VALUES (34, 2445);
INSERT INTO Write (AuthorID, PaperID) VALUES (34, 2507);
INSERT INTO Write (AuthorID, PaperID) VALUES (34, 2888);
INSERT INTO Write (AuthorID, PaperID) VALUES (34, 2956);
INSERT INTO Write (AuthorID, PaperID) VALUES (34, 2995);
INSERT INTO Write (AuthorID, PaperID) VALUES (34, 3075);
INSERT INTO Write (AuthorID, PaperID) VALUES (34, 3273);
INSERT INTO Write (AuthorID, PaperID) VALUES (34, 3380);
INSERT INTO Author (AuthorID, Name) VALUES (35, 'Allan Hanbury');
INSERT INTO Paper (PaperID, Title, Year, MDate, Key, DOI) VALUES (71, 'Overview of the ImageCLEF 2007 Object Retrieval Task.', 2007, '2015-06-01', 'conf/clef/DeselaersHVBBDBGHHLLCNRSSW07', 'http://ceur-ws.org/Vol-1173/CLEF2007wn-ImageCLEF-DeselaersEt2007a.pdf');
INSERT INTO Write (AuthorID, PaperID) VALUES (35, 71);
INSERT INTO Paper (PaperID, Title, Year, MDate, Key, DOI) VALUES (134, 'Passage Retrieval Starting from Patent Claims A Clef-Ip 2013 Task Overview.', 2013, '2014-09-10', 'conf/clef/PiroiLH13a', 'http://ceur-ws.org/Vol-1179/CLEF2013wn-CLEFIP-PiroiEt2013.pdf');
INSERT INTO Write (AuthorID, PaperID) VALUES (35, 134);
INSERT INTO Paper (PaperID, Title, Year, MDate, Key, DOI) VALUES (211, 'Using Health Statistics to Improve Medical and Health Search.', 2015, '2017-05-24', 'conf/clef/SierekH15', 'https://doi.org/10.1007/978-3-319-24027-5_30');
INSERT INTO Write (AuthorID, PaperID) VALUES (35, 211);
INSERT INTO Write (AuthorID, PaperID) VALUES (35, 246);
INSERT INTO Paper (PaperID, Title, Year, MDate, Key, DOI) VALUES (274, 'Overview of CLEF-IP 2013 Lab - Information Retrieval in the Patent Domain.', 2013, '2017-06-15', 'conf/clef/PiroiLH13', 'https://doi.org/10.1007/978-3-642-40802-1_25');
INSERT INTO Write (AuthorID, PaperID) VALUES (35, 274);
INSERT INTO Write (AuthorID, PaperID) VALUES (35, 685);
INSERT INTO Paper (PaperID, Title, Year, MDate, Key, DOI) VALUES (712, 'Replicating an Experiment in Cross-lingual Information Retrieval with Explicit Semantic Analysis.', 2018, '2018-08-08', 'conf/clef/JungwirthH18', 'http://ceur-ws.org/Vol-2125/paper_208.pdf');
INSERT INTO Write (AuthorID, PaperID) VALUES (35, 712);
INSERT INTO Paper (PaperID, Title, Year, MDate, Key, DOI) VALUES (882, 'An Information Retrieval Ontology for Information Retrieval Nanopublications.', 2014, '2017-06-15', 'conf/clef/LipaniPAH14', 'https://doi.org/10.1007/978-3-319-11382-1_5');
INSERT INTO Write (AuthorID, PaperID) VALUES (35, 882);
INSERT INTO Paper (PaperID, Title, Year, MDate, Key, DOI) VALUES (975, 'The Visual Concept Detection Task in ImageCLEF 2008.', 2008, '2014-09-29', 'conf/clef/DeselaersH08a', 'http://ceur-ws.org/Vol-1174/CLEF2008wn-ImageCLEF-DeselaersEt2008b.pdf');
INSERT INTO Write (AuthorID, PaperID) VALUES (35, 975);
INSERT INTO Paper (PaperID, Title, Year, MDate, Key, DOI) VALUES (1044, 'Overview of the ImageCLEF 2007 Object Retrieval Task.', 2007, '2018-11-02', 'conf/clef/DeselaersHVBBDBGGHLLCNRSSW07', 'https://doi.org/10.1007/978-3-540-85760-0_58');
INSERT INTO Write (AuthorID, PaperID) VALUES (35, 1044);
INSERT INTO Paper (PaperID, Title, Year, MDate, Key, DOI) VALUES (1153, 'The Visual Concept Detection Task in ImageCLEF 2008.', 2008, '2017-05-24', 'conf/clef/DeselaersH08', 'https://doi.org/10.1007/978-3-642-04447-2_65');
INSERT INTO Write (AuthorID, PaperID) VALUES (35, 1153);
INSERT INTO Paper (PaperID, Title, Year, MDate, Key, DOI) VALUES (1240, 'Report on the CLEF-IP 2011 Experiments: Exploring Patent Summarization.', 2011, '2014-09-24', 'conf/clef/MahdabiAHC11', 'http://ceur-ws.org/Vol-1177/CLEF2011wn-CLEF-IP-MahdabiEt2011.pdf');
INSERT INTO Write (AuthorID, PaperID) VALUES (35, 1240);
INSERT INTO Paper (PaperID, Title, Year, MDate, Key, DOI) VALUES (1402, 'Report on the CLEF-IP 2012 Experiments: Exploring Passage Retrieval with the PIPExtractor.', 2012, '2014-09-24', 'conf/clef/AnderssonMHR12', 'http://www.clef-initiative.eu/documents/71612/d6ebe25d-4f52-4345-bba6-49c9436ea643');
INSERT INTO Write (AuthorID, PaperID) VALUES (35, 1402);
INSERT INTO Write (AuthorID, PaperID) VALUES (35, 1551);
INSERT INTO Write (AuthorID, PaperID) VALUES (35, 1578);
INSERT INTO Write (AuthorID, PaperID) VALUES (35, 1729);
INSERT INTO Write (AuthorID, PaperID) VALUES (35, 2368);
INSERT INTO Write (AuthorID, PaperID) VALUES (35, 2452);
INSERT INTO Write (AuthorID, PaperID) VALUES (35, 2524);
INSERT INTO Write (AuthorID, PaperID) VALUES (35, 2652);
INSERT INTO Paper (PaperID, Title, Year, MDate, Key, DOI) VALUES (2735, 'Assessors Agreement: A Case Study Across Assessor Type, Payment Levels, Query Variations and Relevance Dimensions.', 2016, '2018-11-02', 'conf/clef/PalottiZBHG16', 'https://doi.org/10.1007/978-3-319-44564-9_4');
INSERT INTO Write (AuthorID, PaperID) VALUES (35, 2735);
INSERT INTO Paper (PaperID, Title, Year, MDate, Key, DOI) VALUES (2896, 'CLEF-IP 2012: Retrieval Experiments in the Intellectual Property Domain.', 2012, '2014-09-24', 'conf/clef/PiroiLHSMF12', 'http://www.clef-initiative.eu/documents/71612/c30f390b-dec6-4ba0-a423-daea1a30f256');
INSERT INTO Write (AuthorID, PaperID) VALUES (35, 2896);
INSERT INTO Write (AuthorID, PaperID) VALUES (35, 2955);
INSERT INTO Paper (PaperID, Title, Year, MDate, Key, DOI) VALUES (2997, 'CLEF 2017 Task Overview: The IR Task at the eHealth Evaluation Lab - Evaluating Retrieval Methods for Consumer Health Search.', 2017, '2017-08-15', 'conf/clef/PalottiZJPLGKH17', 'http://ceur-ws.org/Vol-1866/invited_paper_16.pdf');
INSERT INTO Write (AuthorID, PaperID) VALUES (35, 2997);
INSERT INTO Write (AuthorID, PaperID) VALUES (35, 3076);
INSERT INTO Paper (PaperID, Title, Year, MDate, Key, DOI) VALUES (3106, 'A Formative Evaluation of a Comprehensive Search System for Medical Professionals.', 2013, '2017-05-24', 'conf/clef/StefanovSKSGH13', 'https://doi.org/10.1007/978-3-642-40802-1_10');
INSERT INTO Write (AuthorID, PaperID) VALUES (35, 3106);
INSERT INTO Paper (PaperID, Title, Year, MDate, Key, DOI) VALUES (3213, 'CLEF-IP 2011: Retrieval in the Intellectual Property Domain.', 2011, '2014-09-24', 'conf/clef/PiroiLHZ11', 'http://www.clef-initiative.eu/documents/71612/86377/CLEF2011wn-CLEF-IP-PiroiEt2011.pdf');
INSERT INTO Write (AuthorID, PaperID) VALUES (35, 3213);
INSERT INTO Paper (PaperID, Title, Year, MDate, Key, DOI) VALUES (3256, 'Effects of Language and Topic Size in Patent IR: An Empirical Study.', 2012, '2017-06-15', 'conf/clef/PiroiLH12', 'https://doi.org/10.1007/978-3-642-33247-0_7');
INSERT INTO Write (AuthorID, PaperID) VALUES (35, 3256);
INSERT INTO Paper (PaperID, Title, Year, MDate, Key, DOI) VALUES (3420, 'Classifying Patent Images.', 2011, '2014-09-24', 'conf/clef/MorzingerHTBH11', 'http://ceur-ws.org/Vol-1177/CLEF2011wn-CLEF-IP-MorzingerEt2011.pdf');
INSERT INTO Write (AuthorID, PaperID) VALUES (35, 3420);
INSERT INTO Author (AuthorID, Name) VALUES (36, 'Vivien Petras');
INSERT INTO Paper (PaperID, Title, Year, MDate, Key, DOI) VALUES (83, 'Which Log for Which Information? Gathering Multilingual Data from Different Log File Types.', 2010, '2018-11-14', 'conf/clef/GadePS10', 'https://www.wikidata.org/entity/Q57563880');
INSERT INTO Write (AuthorID, PaperID) VALUES (36, 83);
INSERT INTO Write (AuthorID, PaperID) VALUES (36, 223);
INSERT INTO Paper (PaperID, Title, Year, MDate, Key, DOI) VALUES (404, 'Are Thesauri Useful in Cross-Language Information Retrieval?', 2002, '2014-08-15', 'conf/clef/PetrasPG02a', 'http://ceur-ws.org/Vol-1168/CLEF2002wn-DomainSpecific-PetrasEt2002.pdf');
INSERT INTO Write (AuthorID, PaperID) VALUES (36, 404);
INSERT INTO Paper (PaperID, Title, Year, MDate, Key, DOI) VALUES (418, 'GIRT and the Use of Subject Metadata for Retrieval.', 2004, '2014-08-15', 'conf/clef/Petras04', 'http://ceur-ws.org/Vol-1170/CLEF2004wn-DomainSpecific-Petras2004.pdf');
INSERT INTO Write (AuthorID, PaperID) VALUES (36, 418);
INSERT INTO Write (AuthorID, PaperID) VALUES (36, 507);
INSERT INTO Paper (PaperID, Title, Year, MDate, Key, DOI) VALUES (958, 'Berkeley2 at GeoCLEF: Cross-Language Geographic Information Retrieval of German and English Documents.', 2005, '2014-08-15', 'conf/clef/PetrasG05', 'http://ceur-ws.org/Vol-1171/CLEF2005wn-GeoCLEF-PetrasEt2005.pdf');
INSERT INTO Write (AuthorID, PaperID) VALUES (36, 958);
INSERT INTO Paper (PaperID, Title, Year, MDate, Key, DOI) VALUES (1047, 'The Domain -Specific Track at CLEF 2007.', 2007, '2014-09-23', 'conf/clef/PetrasBS07a', 'http://ceur-ws.org/Vol-1173/CLEF2007wn-DomainSpecific-PetrasEt2007.pdf');
INSERT INTO Write (AuthorID, PaperID) VALUES (36, 1047);
INSERT INTO Paper (PaperID, Title, Year, MDate, Key, DOI) VALUES (1171, 'Hood or Hypertext: A Comparison of Offline and Online Book Search Sessions.', 2016, '2016-08-11', 'conf/clef/GadeP16', 'http://ceur-ws.org/Vol-1609/16091097.pdf');
INSERT INTO Write (AuthorID, PaperID) VALUES (36, 1171);
INSERT INTO Write (AuthorID, PaperID) VALUES (36, 1175);
INSERT INTO Paper (PaperID, Title, Year, MDate, Key, DOI) VALUES (1238, 'How One Word Can Make all the Difference - Using Subject Metadata for Automatic Query Expansion and Reformulation.', 2005, '2014-08-15', 'conf/clef/Petras05a', 'http://ceur-ws.org/Vol-1171/CLEF2005wn-DomainSpecific-Petras2005.pdf');
INSERT INTO Write (AuthorID, PaperID) VALUES (36, 1238);
INSERT INTO Paper (PaperID, Title, Year, MDate, Key, DOI) VALUES (1980, 'This is it! Selection and Preferences for Books.', 2015, '2015-09-03', 'conf/clef/GadeP15', 'http://ceur-ws.org/Vol-1391/46-CR.pdf');
INSERT INTO Write (AuthorID, PaperID) VALUES (36, 1980);
INSERT INTO Write (AuthorID, PaperID) VALUES (36, 2071);
INSERT INTO Paper (PaperID, Title, Year, MDate, Key, DOI) VALUES (2157, 'Ambiguity of Queries and the Challenges for Query Language Detection.', 2010, '2014-09-24', 'conf/clef/StillerGP10', 'http://www.clef-initiative.eu/documents/71612/86374/CLEF2010wn-LogCLEF-StillerEt2010.pdf');
INSERT INTO Write (AuthorID, PaperID) VALUES (36, 2157);
INSERT INTO Paper (PaperID, Title, Year, MDate, Key, DOI) VALUES (2208, 'UC Berkeley at CLEF-2003 - Russian Language Experiments and Domain-Specific Retrieval.', 2003, '2017-06-15', 'conf/clef/PetrasPG03', 'https://doi.org/10.1007/978-3-540-30222-3_39');
INSERT INTO Write (AuthorID, PaperID) VALUES (36, 2208);
INSERT INTO Write (AuthorID, PaperID) VALUES (36, 2407);
INSERT INTO Paper (PaperID, Title, Year, MDate, Key, DOI) VALUES (2458, 'Using Thesauri in Cross-Language Retrieval of German and French Indexed Collections.', 2002, '2017-06-15', 'conf/clef/PetrasPG02', 'https://doi.org/10.1007/978-3-540-45237-9_31');
INSERT INTO Write (AuthorID, PaperID) VALUES (36, 2458);
INSERT INTO Paper (PaperID, Title, Year, MDate, Key, DOI) VALUES (2519, 'Cross-Language Retrieval for the CLEF Collections - Comparing Multiple Methods of Retrieval.', 2000, '2014-08-15', 'conf/clef/GeyJPC00a', 'http://ceur-ws.org/Vol-1166/CLEF2000wn-adhoc-GeyEt2000.pdf');
INSERT INTO Write (AuthorID, PaperID) VALUES (36, 2519);
INSERT INTO Paper (PaperID, Title, Year, MDate, Key, DOI) VALUES (2642, 'A Component-Level Analysis of an Academic Search Test Collection. - Part I: System and Collection Configurations.', 2017, '2017-08-31', 'conf/clef/DietzP17', 'https://doi.org/10.1007/978-3-319-65813-1_2');
INSERT INTO Write (AuthorID, PaperID) VALUES (36, 2642);
INSERT INTO Paper (PaperID, Title, Year, MDate, Key, DOI) VALUES (2775, 'The Domain-Specific Track at CLEF 2008.', 2008, '2014-09-29', 'conf/clef/PetrasB08a', 'http://ceur-ws.org/Vol-1174/CLEF2008wn-DomainSpecific-PetrasEt2008.pdf');
INSERT INTO Write (AuthorID, PaperID) VALUES (36, 2775);
INSERT INTO Paper (PaperID, Title, Year, MDate, Key, DOI) VALUES (2812, 'Interface Language, User Language and Success Rates in the European Library.', 2011, '2014-09-24', 'conf/clef/GadeSBP11', 'http://www.clef-initiative.eu/documents/71612/86377/CLEF2011wn-LogCLEF-GaedeEt2011.pdf');
INSERT INTO Write (AuthorID, PaperID) VALUES (36, 2812);
INSERT INTO Paper (PaperID, Title, Year, MDate, Key, DOI) VALUES (2828, 'The Domain-Specific Track at CLEF 2008.', 2008, '2017-06-15', 'conf/clef/PetrasB08', 'https://doi.org/10.1007/978-3-642-04447-2_23');
INSERT INTO Write (AuthorID, PaperID) VALUES (36, 2828);
INSERT INTO Write (AuthorID, PaperID) VALUES (36, 2955);
INSERT INTO Paper (PaperID, Title, Year, MDate, Key, DOI) VALUES (3027, 'The Domain-Specific Track at CLEF 2007.', 2007, '2017-06-15', 'conf/clef/PetrasBS07', 'https://doi.org/10.1007/978-3-540-85760-0_22');
INSERT INTO Write (AuthorID, PaperID) VALUES (36, 3027);
INSERT INTO Paper (PaperID, Title, Year, MDate, Key, DOI) VALUES (3138, 'UC Berkeley at CLEF 2003 - Russian Language Experiments and Domain-Specific Cross-Language Retrieval.', 2003, '2014-09-08', 'conf/clef/PetrasPG03a', 'http://ceur-ws.org/Vol-1169/CLEF2003wn-DomainSpecific-PetrasEt2003.pdf');
INSERT INTO Write (AuthorID, PaperID) VALUES (36, 3138);
INSERT INTO Write (AuthorID, PaperID) VALUES (36, 3295);
INSERT INTO Write (AuthorID, PaperID) VALUES (36, 3310);
INSERT INTO Paper (PaperID, Title, Year, MDate, Key, DOI) VALUES (3409, 'GIRT and the Use of Subject Metadata for Retrieval.', 2004, '2017-06-15', 'conf/clef/Petras05', 'https://doi.org/10.1007/11519645_31');
INSERT INTO Write (AuthorID, PaperID) VALUES (36, 3409);
INSERT INTO Paper (PaperID, Title, Year, MDate, Key, DOI) VALUES (3477, 'A Component-Level Analysis of an Academic Search Test Collection. - Part II: Query Analysis.', 2017, '2017-08-31', 'conf/clef/DietzP17a', 'https://doi.org/10.1007/978-3-319-65813-1_3');
INSERT INTO Write (AuthorID, PaperID) VALUES (36, 3477);
INSERT INTO Paper (PaperID, Title, Year, MDate, Key, DOI) VALUES (3498, 'Cross-Language Retrieval for the CLEF Collections - Comparing Multiple Methods of Retrieval.', 2000, '2017-06-15', 'conf/clef/GeyJPC00', 'https://doi.org/10.1007/3-540-44645-1_11');
INSERT INTO Write (AuthorID, PaperID) VALUES (36, 3498);
INSERT INTO Author (AuthorID, Name) VALUES (37, 'Mirna Adriani');
INSERT INTO Paper (PaperID, Title, Year, MDate, Key, DOI) VALUES (264, 'Ambiguity Problem in Multilingual Information Retrieval.', 2000, '2017-05-24', 'conf/clef/Adriani00', 'https://doi.org/10.1007/3-540-44645-1_15');
INSERT INTO Write (AuthorID, PaperID) VALUES (37, 264);
INSERT INTO Paper (PaperID, Title, Year, MDate, Key, DOI) VALUES (278, 'Contextual Approach for Paragraph Selection in Question Answering Task.', 2010, '2014-09-24', 'conf/clef/TobaSAM10', 'http://www.clef-initiative.eu/documents/71612/86374/CLEF2010wn-MLQA10-TobaEt2010.pdf');
INSERT INTO Write (AuthorID, PaperID) VALUES (37, 278);
INSERT INTO Paper (PaperID, Title, Year, MDate, Key, DOI) VALUES (293, 'Using Web-Content for Retrieving Snippets.', 2007, '2017-05-24', 'conf/clef/HendriansyahFA07', 'https://doi.org/10.1007/978-3-540-85760-0_95');
INSERT INTO Write (AuthorID, PaperID) VALUES (37, 293);
INSERT INTO Paper (PaperID, Title, Year, MDate, Key, DOI) VALUES (345, 'Applying Geo-feedback to Geographic Information Retrieval.', 2007, '2017-05-24', 'conf/clef/AdrianiN07', 'https://doi.org/10.1007/978-3-540-85760-0_107');
INSERT INTO Write (AuthorID, PaperID) VALUES (37, 345);
INSERT INTO Paper (PaperID, Title, Year, MDate, Key, DOI) VALUES (358, 'University of Indonesia''s Participation in Ad Hoc at CLEF 2005.', 2005, '2014-08-15', 'conf/clef/AdrianiW05a', 'http://ceur-ws.org/Vol-1171/CLEF2005wn-adhoc-AdrianiEt2005.pdf');
INSERT INTO Write (AuthorID, PaperID) VALUES (37, 358);
INSERT INTO Paper (PaperID, Title, Year, MDate, Key, DOI) VALUES (390, 'Applying Relevance Feedback for Retrieving Web-Page Retrieval.', 2006, '2017-05-24', 'conf/clef/WijayaWKA06', 'https://doi.org/10.1007/978-3-540-74999-8_108');
INSERT INTO Write (AuthorID, PaperID) VALUES (37, 390);
INSERT INTO Paper (PaperID, Title, Year, MDate, Key, DOI) VALUES (436, 'The University of Indonesia''s Participation in IMAGE-CLEF 2005.', 2005, '2014-08-15', 'conf/clef/AdrianiF05', 'http://ceur-ws.org/Vol-1171/CLEF2005wn-ImageCLEF-AdrianiEt2005.pdf');
INSERT INTO Write (AuthorID, PaperID) VALUES (37, 436);
INSERT INTO Paper (PaperID, Title, Year, MDate, Key, DOI) VALUES (456, 'Location Identification for Geographic Information Retrieval.', 2007, '2014-09-23', 'conf/clef/NasikhinA07', 'http://ceur-ws.org/Vol-1173/CLEF2007wn-GeoCLEF-NasikhinEt2007.pdf');
INSERT INTO Write (AuthorID, PaperID) VALUES (37, 456);
INSERT INTO Paper (PaperID, Title, Year, MDate, Key, DOI) VALUES (890, 'Finding Answers to Indonesian Questions from English Documents.', 2006, '2014-08-15', 'conf/clef/WijonoBFA06', 'http://ceur-ws.org/Vol-1172/CLEF2006wn-QACLEF-WijonoEt2006.pdf');
INSERT INTO Write (AuthorID, PaperID) VALUES (37, 890);
INSERT INTO Paper (PaperID, Title, Year, MDate, Key, DOI) VALUES (931, 'Automatic External Plagiarism Detection Using Passage Similarities - Lab Report for PAN at CLEF 2010.', 2010, '2014-09-24', 'conf/clef/VaniaA10', 'http://www.clef-initiative.eu/documents/71612/86374/CLEF2010wn-PAN-VaniaEt2010.pdf');
INSERT INTO Write (AuthorID, PaperID) VALUES (37, 931);
INSERT INTO Paper (PaperID, Title, Year, MDate, Key, DOI) VALUES (934, 'Dictionary-based CLIR for the CLEF Multilingual Track.', 2000, '2014-08-15', 'conf/clef/Adriani00a', 'http://ceur-ws.org/Vol-1166/CLEF2000wn-adhoc-Adriani2000.pdf');
INSERT INTO Write (AuthorID, PaperID) VALUES (37, 934);
INSERT INTO Paper (PaperID, Title, Year, MDate, Key, DOI) VALUES (980, 'Finding Answers to Indonesian Questions from English Documents.', 2005, '2017-05-24', 'conf/clef/AdrianiR05', 'https://doi.org/10.1007/11878773_57');
INSERT INTO Write (AuthorID, PaperID) VALUES (37, 980);
INSERT INTO Paper (PaperID, Title, Year, MDate, Key, DOI) VALUES (998, 'University of Indonesia''s Participation in WEB-CLEF 2005.', 2005, '2014-08-15', 'conf/clef/AdrianiP05a', 'http://ceur-ws.org/Vol-1171/CLEF2005wn-WebCLEF-ArianiEt2005.pdf');
INSERT INTO Write (AuthorID, PaperID) VALUES (37, 998);
INSERT INTO Paper (PaperID, Title, Year, MDate, Key, DOI) VALUES (1005, 'Evaluating Language Resources for English-Indonesian CLIR.', 2006, '2014-08-15', 'conf/clef/HayuraniSA06a', 'http://ceur-ws.org/Vol-1172/CLEF2006wn-adhoc-HayuranEt2006.pdf');
INSERT INTO Write (AuthorID, PaperID) VALUES (37, 1005);
INSERT INTO Paper (PaperID, Title, Year, MDate, Key, DOI) VALUES (1040, 'Evaluating Language Resources for CLEF 2007.', 2007, '2014-09-23', 'conf/clef/HayuraniSA07', 'http://ceur-ws.org/Vol-1173/CLEF2007wn-adhoc-HayuraniEt2007.pdf');
INSERT INTO Write (AuthorID, PaperID) VALUES (37, 1040);
INSERT INTO Paper (PaperID, Title, Year, MDate, Key, DOI) VALUES (1060, 'Finding Answers Using Resources in the Internet.', 2007, '2014-09-23', 'conf/clef/AdiwibowoA07', 'http://ceur-ws.org/Vol-1173/CLEF2007wn-QACLEF-AdiwibowoEt2007.pdf');
INSERT INTO Write (AuthorID, PaperID) VALUES (37, 1060);
INSERT INTO Paper (PaperID, Title, Year, MDate, Key, DOI) VALUES (1303, 'The Performance of a Machine Translation-Based English-Indonesian CLIR System.', 2005, '2017-05-24', 'conf/clef/AdrianiW05', 'https://doi.org/10.1007/11878773_16');
INSERT INTO Write (AuthorID, PaperID) VALUES (37, 1303);
INSERT INTO Paper (PaperID, Title, Year, MDate, Key, DOI) VALUES (1376, 'Question Answering System Using Query Expansion and Heuristic Features.', 2013, '2014-09-10', 'conf/clef/SjafrizalBAA13', 'http://ceur-ws.org/Vol-1179/CLEF2013wn-QA4MRE-SjafrizalEt2013.pdf');
INSERT INTO Write (AuthorID, PaperID) VALUES (37, 1376);
INSERT INTO Paper (PaperID, Title, Year, MDate, Key, DOI) VALUES (1400, 'Finding Answers Using Resources in the Internet.', 2007, '2017-05-24', 'conf/clef/AdrianiA07', 'https://doi.org/10.1007/978-3-540-85760-0_41');
INSERT INTO Write (AuthorID, PaperID) VALUES (37, 1400);
INSERT INTO Paper (PaperID, Title, Year, MDate, Key, DOI) VALUES (1560, 'Query and Document Translation for English-Indonesian Cross Language IR.', 2006, '2017-05-24', 'conf/clef/HayuraniSA06', 'https://doi.org/10.1007/978-3-540-74999-8_7');
INSERT INTO Write (AuthorID, PaperID) VALUES (37, 1560);
INSERT INTO Paper (PaperID, Title, Year, MDate, Key, DOI) VALUES (1708, 'Prior Art Retrieval Using Various Patent Document Fields Contents.', 2010, '2014-09-24', 'conf/clef/WanagiriA10', 'http://www.clef-initiative.eu/documents/71612/86374/CLEF2010wn-CLEF-IP-WanagiriEt2010.pdf');
INSERT INTO Write (AuthorID, PaperID) VALUES (37, 1708);
INSERT INTO Paper (PaperID, Title, Year, MDate, Key, DOI) VALUES (1835, 'Using the Web Information Structure for Retrieving Web Pages.', 2005, '2017-05-24', 'conf/clef/AdrianiP05', 'https://doi.org/10.1007/11878773_99');
INSERT INTO Write (AuthorID, PaperID) VALUES (37, 1835);
INSERT INTO Paper (PaperID, Title, Year, MDate, Key, DOI) VALUES (1893, 'University of Indonesia''s Participation in Question Answering at CLEF 2005.', 2005, '2014-08-15', 'conf/clef/AdrianiR05a', 'http://ceur-ws.org/Vol-1171/CLEF2005wn-QACLEF-AdrianiEt2005.pdf');
INSERT INTO Write (AuthorID, PaperID) VALUES (37, 1893);
INSERT INTO Paper (PaperID, Title, Year, MDate, Key, DOI) VALUES (1976, 'Retrieving Images Using Cross-Language Text and Image Features.', 2005, '2017-05-24', 'conf/clef/AdrianiA05', 'https://doi.org/10.1007/11878773_80');
INSERT INTO Write (AuthorID, PaperID) VALUES (37, 1976);
INSERT INTO Paper (PaperID, Title, Year, MDate, Key, DOI) VALUES (2133, 'Indonesian-English Transitive Translation for Cross-Language Information Retrieval.', 2007, '2017-05-24', 'conf/clef/AdrianiHS07', 'https://doi.org/10.1007/978-3-540-85760-0_16');
INSERT INTO Write (AuthorID, PaperID) VALUES (37, 2133);
INSERT INTO Paper (PaperID, Title, Year, MDate, Key, DOI) VALUES (2461, 'Using Document Structure on Retrieving Webpages at the Web-CLEF 2006.', 2006, '2014-08-15', 'conf/clef/WijayaWKA06a', 'http://ceur-ws.org/Vol-1172/CLEF2006wn-WebCLEF-WijayaEt2006.pdf');
INSERT INTO Write (AuthorID, PaperID) VALUES (37, 2461);
INSERT INTO Paper (PaperID, Title, Year, MDate, Key, DOI) VALUES (3153, 'English-Dutch CLIR Using Query Translation Techniques.', 2001, '2017-05-24', 'conf/clef/Adriani01', 'https://doi.org/10.1007/3-540-45691-0_19');
INSERT INTO Write (AuthorID, PaperID) VALUES (37, 3153);
INSERT INTO Paper (PaperID, Title, Year, MDate, Key, DOI) VALUES (3291, 'English-Dutch CLIR Using Query Translation Techniques.', 2001, '2014-08-15', 'conf/clef/Adriani01a', 'http://ceur-ws.org/Vol-1167/CLEF2001wn-adhoc-Adriani2001.pdf');
INSERT INTO Write (AuthorID, PaperID) VALUES (37, 3291);
INSERT INTO Author (AuthorID, Name) VALUES (38, 'Fredric C. Gey');
INSERT INTO Write (AuthorID, PaperID) VALUES (38, 223);
INSERT INTO Write (AuthorID, PaperID) VALUES (38, 300);
INSERT INTO Write (AuthorID, PaperID) VALUES (38, 404);
INSERT INTO Paper (PaperID, Title, Year, MDate, Key, DOI) VALUES (521, 'Research to Improve Cross-Language Retrieval - Position Paper for CLEF.', 2000, '2017-05-24', 'conf/clef/Gey00', 'https://doi.org/10.1007/3-540-44645-1_8');
INSERT INTO Write (AuthorID, PaperID) VALUES (38, 521);
INSERT INTO Write (AuthorID, PaperID) VALUES (38, 781);
INSERT INTO Write (AuthorID, PaperID) VALUES (38, 958);
INSERT INTO Paper (PaperID, Title, Year, MDate, Key, DOI) VALUES (1080, 'Working with Russian Queries for the GIRT, Bilingual and Multilingual CLEF Tasks.', 2001, '2014-08-15', 'conf/clef/GeyJP01a', 'http://ceur-ws.org/Vol-1167/CLEF2001wn-adhoc-GeyEt2001.pdf');
INSERT INTO Write (AuthorID, PaperID) VALUES (38, 1080);
INSERT INTO Write (AuthorID, PaperID) VALUES (38, 1175);
INSERT INTO Paper (PaperID, Title, Year, MDate, Key, DOI) VALUES (1237, 'Combining Query Translation and Document Translation in Cross-Language Retrieval.', 2003, '2017-05-24', 'conf/clef/ChenG03', 'https://doi.org/10.1007/978-3-540-30222-3_10');
INSERT INTO Write (AuthorID, PaperID) VALUES (38, 1237);
INSERT INTO Paper (PaperID, Title, Year, MDate, Key, DOI) VALUES (1378, 'Combining Query Translation and Document Translation in Cross-Language Retrieval.', 2003, '2014-08-15', 'conf/clef/ChenG03a', 'http://ceur-ws.org/Vol-1169/CLEF2003wn-adhoc-ChenEt2003.pdf');
INSERT INTO Write (AuthorID, PaperID) VALUES (38, 1378);
INSERT INTO Write (AuthorID, PaperID) VALUES (38, 1392);
INSERT INTO Write (AuthorID, PaperID) VALUES (38, 1543);
INSERT INTO Write (AuthorID, PaperID) VALUES (38, 1650);
INSERT INTO Write (AuthorID, PaperID) VALUES (38, 1934);
INSERT INTO Paper (PaperID, Title, Year, MDate, Key, DOI) VALUES (1972, 'Working with Russian Queries for the GIRT, Bilingual, and Multilingual CLEF Tasks.', 2001, '2017-05-24', 'conf/clef/GeyJP01', 'https://doi.org/10.1007/3-540-45691-0_21');
INSERT INTO Write (AuthorID, PaperID) VALUES (38, 1972);
INSERT INTO Paper (PaperID, Title, Year, MDate, Key, DOI) VALUES (2178, 'Searching a Russian Document Collection Using English, Chinese and Japanese Queries.', 2004, '2017-05-24', 'conf/clef/Gey05', 'https://doi.org/10.1007/11519645_21');
INSERT INTO Write (AuthorID, PaperID) VALUES (38, 2178);
INSERT INTO Write (AuthorID, PaperID) VALUES (38, 2208);
INSERT INTO Write (AuthorID, PaperID) VALUES (38, 2407);
INSERT INTO Write (AuthorID, PaperID) VALUES (38, 2458);
INSERT INTO Paper (PaperID, Title, Year, MDate, Key, DOI) VALUES (2498, 'The Domain-Specific Task of CLEF - Specific Evaluation Strategies in Cross-Language Information Retrieval.', 2000, '2017-05-24', 'conf/clef/KluckG00', 'https://doi.org/10.1007/3-540-44645-1_5');
INSERT INTO Write (AuthorID, PaperID) VALUES (38, 2498);
INSERT INTO Write (AuthorID, PaperID) VALUES (38, 2519);
INSERT INTO Paper (PaperID, Title, Year, MDate, Key, DOI) VALUES (2594, 'Searching a Russian Document Collection using English, Chinese and Japanese Queries.', 2004, '2014-08-15', 'conf/clef/Gey04', 'http://ceur-ws.org/Vol-1170/CLEF2004wn-adhoc-Gey2004.pdf');
INSERT INTO Write (AuthorID, PaperID) VALUES (38, 2594);
INSERT INTO Write (AuthorID, PaperID) VALUES (38, 2691);
INSERT INTO Write (AuthorID, PaperID) VALUES (38, 2820);
INSERT INTO Write (AuthorID, PaperID) VALUES (38, 3138);
INSERT INTO Paper (PaperID, Title, Year, MDate, Key, DOI) VALUES (3467, 'Domain-Specific Russian Retrieval: A Baseline Approach.', 2005, '2014-08-15', 'conf/clef/Gey05a', 'http://ceur-ws.org/Vol-1171/CLEF2005wn-DomainSpecific-Gey2005.pdf');
INSERT INTO Write (AuthorID, PaperID) VALUES (38, 3467);
INSERT INTO Write (AuthorID, PaperID) VALUES (38, 3498);
INSERT INTO Write (AuthorID, PaperID) VALUES (38, 3521);
INSERT INTO Author (AuthorID, Name) VALUES (39, 'Martin Potthast');
INSERT INTO Write (AuthorID, PaperID) VALUES (39, 92);
INSERT INTO Write (AuthorID, PaperID) VALUES (39, 109);
INSERT INTO Write (AuthorID, PaperID) VALUES (39, 187);
INSERT INTO Write (AuthorID, PaperID) VALUES (39, 307);
INSERT INTO Write (AuthorID, PaperID) VALUES (39, 323);
INSERT INTO Write (AuthorID, PaperID) VALUES (39, 372);
INSERT INTO Write (AuthorID, PaperID) VALUES (39, 484);
INSERT INTO Write (AuthorID, PaperID) VALUES (39, 532);
INSERT INTO Write (AuthorID, PaperID) VALUES (39, 552);
INSERT INTO Write (AuthorID, PaperID) VALUES (39, 661);
INSERT INTO Write (AuthorID, PaperID) VALUES (39, 744);
INSERT INTO Write (AuthorID, PaperID) VALUES (39, 1137);
INSERT INTO Write (AuthorID, PaperID) VALUES (39, 1227);
INSERT INTO Write (AuthorID, PaperID) VALUES (39, 1386);
INSERT INTO Write (AuthorID, PaperID) VALUES (39, 1417);
INSERT INTO Write (AuthorID, PaperID) VALUES (39, 1720);
INSERT INTO Write (AuthorID, PaperID) VALUES (39, 2113);
INSERT INTO Write (AuthorID, PaperID) VALUES (39, 2304);
INSERT INTO Write (AuthorID, PaperID) VALUES (39, 2511);
INSERT INTO Write (AuthorID, PaperID) VALUES (39, 2544);
INSERT INTO Write (AuthorID, PaperID) VALUES (39, 2578);
INSERT INTO Write (AuthorID, PaperID) VALUES (39, 2719);
INSERT INTO Paper (PaperID, Title, Year, MDate, Key, DOI) VALUES (2977, 'Overview of the 2nd International Competition on Wikipedia Vandalism Detection.', 2011, '2014-09-24', 'conf/clef/PotthastH11', 'http://www.clef-initiative.eu/documents/71612/86377/CLEF2011wn-PAN-PotthastEt2011b.pdf');
INSERT INTO Write (AuthorID, PaperID) VALUES (39, 2977);
INSERT INTO Write (AuthorID, PaperID) VALUES (39, 3074);
INSERT INTO Write (AuthorID, PaperID) VALUES (39, 3172);
INSERT INTO Write (AuthorID, PaperID) VALUES (39, 3276);
INSERT INTO Write (AuthorID, PaperID) VALUES (39, 3404);
INSERT INTO Write (AuthorID, PaperID) VALUES (39, 3482);
INSERT INTO Author (AuthorID, Name) VALUES (40, '&Aacute;lvaro Rodrigo');
INSERT INTO Write (AuthorID, PaperID) VALUES (40, 19);
INSERT INTO Write (AuthorID, PaperID) VALUES (40, 35);
INSERT INTO Write (AuthorID, PaperID) VALUES (40, 94);
INSERT INTO Write (AuthorID, PaperID) VALUES (40, 221);
INSERT INTO Write (AuthorID, PaperID) VALUES (40, 265);
INSERT INTO Write (AuthorID, PaperID) VALUES (40, 406);
INSERT INTO Write (AuthorID, PaperID) VALUES (40, 554);
INSERT INTO Write (AuthorID, PaperID) VALUES (40, 896);
INSERT INTO Write (AuthorID, PaperID) VALUES (40, 1296);
INSERT INTO Write (AuthorID, PaperID) VALUES (40, 1304);
INSERT INTO Write (AuthorID, PaperID) VALUES (40, 1330);
INSERT INTO Write (AuthorID, PaperID) VALUES (40, 1450);
INSERT INTO Write (AuthorID, PaperID) VALUES (40, 1641);
INSERT INTO Write (AuthorID, PaperID) VALUES (40, 1643);
INSERT INTO Write (AuthorID, PaperID) VALUES (40, 1659);
INSERT INTO Write (AuthorID, PaperID) VALUES (40, 1775);
INSERT INTO Write (AuthorID, PaperID) VALUES (40, 1851);
INSERT INTO Paper (PaperID, Title, Year, MDate, Key, DOI) VALUES (1932, 'Using BM25F and KLD for Pattern Retrieval.', 2010, '2014-09-24', 'conf/clef/Perez-IglesiasRF10', 'http://www.clef-initiative.eu/documents/71612/86374/CLEF2010wn-CLEF-IP-PerezEt2010.pdf');
INSERT INTO Write (AuthorID, PaperID) VALUES (40, 1932);
INSERT INTO Write (AuthorID, PaperID) VALUES (40, 2325);
INSERT INTO Write (AuthorID, PaperID) VALUES (40, 2789);
INSERT INTO Write (AuthorID, PaperID) VALUES (40, 2849);
INSERT INTO Write (AuthorID, PaperID) VALUES (40, 2889);
INSERT INTO Write (AuthorID, PaperID) VALUES (40, 2954);
INSERT INTO Write (AuthorID, PaperID) VALUES (40, 3190);
INSERT INTO Write (AuthorID, PaperID) VALUES (40, 3417);
INSERT INTO Write (AuthorID, PaperID) VALUES (40, 3431);
INSERT INTO Write (AuthorID, PaperID) VALUES (40, 3505);
INSERT INTO Author (AuthorID, Name) VALUES (41, 'Lorraine Goeuriot');
INSERT INTO Paper (PaperID, Title, Year, MDate, Key, DOI) VALUES (7, 'Task 1 of the CLEF eHealth Evaluation Lab 2014.', 2014, '2014-09-11', 'conf/clef/SuominenSLHGKMNFK14', 'http://ceur-ws.org/Vol-1180/CLEF2014wn-eHealth-SuominenEt2014.pdf');
INSERT INTO Write (AuthorID, PaperID) VALUES (41, 7);
INSERT INTO Paper (PaperID, Title, Year, MDate, Key, DOI) VALUES (144, 'Comparison of Several Word embedding Sources for Medical Information Retrieval.', 2016, '2016-08-11', 'conf/clef/BudaherAG16', 'http://ceur-ws.org/Vol-1609/16090043.pdf');
INSERT INTO Write (AuthorID, PaperID) VALUES (41, 144);
INSERT INTO Paper (PaperID, Title, Year, MDate, Key, DOI) VALUES (243, 'TimeLine Illustration Based on Microblogs: When Diversification Meets Metadata Re-ranking.', 2017, '2017-08-31', 'conf/clef/MulhemGDA17', 'https://doi.org/10.1007/978-3-319-65813-1_22');
INSERT INTO Write (AuthorID, PaperID) VALUES (41, 243);
INSERT INTO Paper (PaperID, Title, Year, MDate, Key, DOI) VALUES (531, 'Overview of the CLEF eHealth Evaluation Lab 2018.', 2018, '2018-11-02', 'conf/clef/SuominenKGNRRKS18', 'https://doi.org/10.1007/978-3-319-98932-7_26');
INSERT INTO Write (AuthorID, PaperID) VALUES (41, 531);
INSERT INTO Paper (PaperID, Title, Year, MDate, Key, DOI) VALUES (643, 'Cultural micro-blog Contextualization 2016 Workshop Overview: data and pilot tasks.', 2016, '2016-08-12', 'conf/clef/ErmakovaGMMNS16', 'http://ceur-ws.org/Vol-1609/16091197.pdf');
INSERT INTO Write (AuthorID, PaperID) VALUES (41, 643);
INSERT INTO Paper (PaperID, Title, Year, MDate, Key, DOI) VALUES (657, 'Clinical Information Extraction at the CLEF eHealth Evaluation lab 2016.', 2016, '2016-08-11', 'conf/clef/NeveolCGHLKGRRT16', 'http://ceur-ws.org/Vol-1609/16090028.pdf');
INSERT INTO Write (AuthorID, PaperID) VALUES (41, 657);
INSERT INTO Write (AuthorID, PaperID) VALUES (41, 685);
INSERT INTO Paper (PaperID, Title, Year, MDate, Key, DOI) VALUES (803, 'CLEF 2017 Microblog Cultural Contextualization Lab Overview.', 2017, '2017-08-31', 'conf/clef/ErmakovaGMMNS17', 'https://doi.org/10.1007/978-3-319-65813-1_27');
INSERT INTO Write (AuthorID, PaperID) VALUES (41, 803);
INSERT INTO Paper (PaperID, Title, Year, MDate, Key, DOI) VALUES (822, 'CLEF 2017 eHealth Evaluation Lab Overview.', 2017, '2018-11-02', 'conf/clef/GoeuriotKSNRKSP17', 'https://doi.org/10.1007/978-3-319-65813-1_26');
INSERT INTO Write (AuthorID, PaperID) VALUES (41, 822);
INSERT INTO Paper (PaperID, Title, Year, MDate, Key, DOI) VALUES (910, 'Overview of the CLEF 2018 Consumer Health Search Task.', 2018, '2018-08-08', 'conf/clef/JimmyZPGK18', 'http://ceur-ws.org/Vol-2125/invited_paper_17.pdf');
INSERT INTO Write (AuthorID, PaperID) VALUES (41, 910);
INSERT INTO Paper (PaperID, Title, Year, MDate, Key, DOI) VALUES (1046, 'CLEF eHealth Evaluation Lab 2015 Task 1b: Clinical Named Entity Recognition.', 2015, '2015-09-03', 'conf/clef/NeveolGTHKGZ15', 'http://ceur-ws.org/Vol-1391/inv-pap5-CR.pdf');
INSERT INTO Write (AuthorID, PaperID) VALUES (41, 1046);
INSERT INTO Paper (PaperID, Title, Year, MDate, Key, DOI) VALUES (1126, 'Task 2: ShARe/CLEF eHealth Evaluation Lab 2014.', 2014, '2015-07-24', 'conf/clef/MoweryVSCMKGEPSC14', 'http://ceur-ws.org/Vol-1180/CLEF2014wn-eHealth-MoweryEt2014.pdf');
INSERT INTO Write (AuthorID, PaperID) VALUES (41, 1126);
INSERT INTO Paper (PaperID, Title, Year, MDate, Key, DOI) VALUES (1398, 'LIG at CLEF 2016 Cultural Microblog Contextualization: TimeLine illustration based on Microblogs.', 2016, '2016-08-11', 'conf/clef/DograMAG16', 'http://ceur-ws.org/Vol-1609/16091201.pdf');
INSERT INTO Write (AuthorID, PaperID) VALUES (41, 1398);
INSERT INTO Paper (PaperID, Title, Year, MDate, Key, DOI) VALUES (1436, 'Overview of the CLEF 2016 Cultural Micro-blog Contextualization Workshop.', 2016, '2017-05-24', 'conf/clef/GoeuriotMMMS16', 'https://doi.org/10.1007/978-3-319-44564-9_30');
INSERT INTO Write (AuthorID, PaperID) VALUES (41, 1436);
INSERT INTO Paper (PaperID, Title, Year, MDate, Key, DOI) VALUES (1586, 'Overview of the ShARe/CLEF eHealth Evaluation Lab 2014.', 2014, '2018-11-02', 'conf/clef/KellyGSSLMVCMZP14', 'https://doi.org/10.1007/978-3-319-11382-1_17');
INSERT INTO Write (AuthorID, PaperID) VALUES (41, 1586);
INSERT INTO Write (AuthorID, PaperID) VALUES (41, 1729);
INSERT INTO Write (AuthorID, PaperID) VALUES (41, 1732);
INSERT INTO Paper (PaperID, Title, Year, MDate, Key, DOI) VALUES (1774, 'Overview of the CLEF eHealth Evaluation Lab 2016.', 2016, '2018-11-02', 'conf/clef/KellyGSNPZ16', 'https://doi.org/10.1007/978-3-319-44564-9_24');
INSERT INTO Write (AuthorID, PaperID) VALUES (41, 1774);
INSERT INTO Paper (PaperID, Title, Year, MDate, Key, DOI) VALUES (1888, 'CLEF 2017 MC2 Search and Time Line tasks Overview.', 2017, '2017-08-15', 'conf/clef/GoeuriotMS17', 'http://ceur-ws.org/Vol-1866/invited_paper_15.pdf');
INSERT INTO Write (AuthorID, PaperID) VALUES (41, 1888);
INSERT INTO Write (AuthorID, PaperID) VALUES (41, 2059);
INSERT INTO Write (AuthorID, PaperID) VALUES (41, 2189);
INSERT INTO Paper (PaperID, Title, Year, MDate, Key, DOI) VALUES (2398, 'Overview of the CLEF eHealth Evaluation Lab 2015.', 2015, '2018-11-02', 'conf/clef/GoeuriotKSHNGPZ15', 'https://doi.org/10.1007/978-3-319-24027-5_44');
INSERT INTO Write (AuthorID, PaperID) VALUES (41, 2398);
INSERT INTO Paper (PaperID, Title, Year, MDate, Key, DOI) VALUES (2472, 'Task 1 of the CLEF eHealth Evaluation Lab 2016: Handover Information Extraction.', 2016, '2016-08-11', 'conf/clef/SuominenZGK16', 'http://ceur-ws.org/Vol-1609/16090001.pdf');
INSERT INTO Write (AuthorID, PaperID) VALUES (41, 2472);
INSERT INTO Write (AuthorID, PaperID) VALUES (41, 2524);
INSERT INTO Write (AuthorID, PaperID) VALUES (41, 2652);
INSERT INTO Write (AuthorID, PaperID) VALUES (41, 2735);
INSERT INTO Write (AuthorID, PaperID) VALUES (41, 2997);
INSERT INTO Author (AuthorID, Name) VALUES (42, 'Herv&eacute; Glotin');
INSERT INTO Write (AuthorID, PaperID) VALUES (42, 2);
INSERT INTO Paper (PaperID, Title, Year, MDate, Key, DOI) VALUES (297, 'Efficient Instance-based Fish Species Visual Identification by Global Representation.', 2014, '2014-09-10', 'conf/clef/JoallandPG14', 'http://ceur-ws.org/Vol-1180/CLEF2014wn-Life-JoallandEt2014.pdf');
INSERT INTO Write (AuthorID, PaperID) VALUES (42, 297);
INSERT INTO Paper (PaperID, Title, Year, MDate, Key, DOI) VALUES (494, 'Profil Entropic Visual Features for Visual Concept Detection in CLEF 2008 Campaign.', 2008, '2014-09-29', 'conf/clef/GlotinZ08a', 'http://ceur-ws.org/Vol-1174/CLEF2008wn-ImageCLEF-GlotinEt2008a.pdf');
INSERT INTO Write (AuthorID, PaperID) VALUES (42, 494);
INSERT INTO Write (AuthorID, PaperID) VALUES (42, 569);
INSERT INTO Paper (PaperID, Title, Year, MDate, Key, DOI) VALUES (592, 'A Fast Visual Word Frequency - Inverse Image Frequency for Detector of Rare Concepts.', 2009, '2017-05-24', 'conf/clef/DumontGPZ09', 'https://doi.org/10.1007/978-3-642-15751-6_39');
INSERT INTO Write (AuthorID, PaperID) VALUES (42, 592);
INSERT INTO Write (AuthorID, PaperID) VALUES (42, 596);
INSERT INTO Paper (PaperID, Title, Year, MDate, Key, DOI) VALUES (750, 'Visual Affinity Propagation Improves Sub-topics Diversity without Loss of Precision in Web Photo Retrieval.', 2008, '2017-05-24', 'conf/clef/GlotinZ08', 'https://doi.org/10.1007/978-3-642-04447-2_78');
INSERT INTO Write (AuthorID, PaperID) VALUES (42, 750);
INSERT INTO Paper (PaperID, Title, Year, MDate, Key, DOI) VALUES (1013, 'A Comparative Study of Diversity Methods for Hybrid Text and Image Retrieval Approaches.', 2008, '2017-05-24', 'conf/clef/TollariMFGDGSZ08', 'https://doi.org/10.1007/978-3-642-04447-2_72');
INSERT INTO Write (AuthorID, PaperID) VALUES (42, 1013);
INSERT INTO Write (AuthorID, PaperID) VALUES (42, 1140);
INSERT INTO Paper (PaperID, Title, Year, MDate, Key, DOI) VALUES (1223, 'LSIS Scaled Photo Annotations: Discriminant Features SVM versus Visual Dictionary based on Image Frequency.', 2009, '2014-09-29', 'conf/clef/ZhaoGD09', 'http://ceur-ws.org/Vol-1175/CLEF2009wn-ImageCLEF-ZhaoEt2009.pdf');
INSERT INTO Write (AuthorID, PaperID) VALUES (42, 1223);
INSERT INTO Paper (PaperID, Title, Year, MDate, Key, DOI) VALUES (1229, 'Participation of LSIS/DYNI to ImageCLEF 2012 Plant Images Classification Task.', 2012, '2014-09-24', 'conf/clef/ParisHG12', 'http://www.clef-initiative.eu/documents/71612/b6a7d03e-6f78-43fd-bc30-6a789ea43825');
INSERT INTO Write (AuthorID, PaperID) VALUES (42, 1229);
INSERT INTO Paper (PaperID, Title, Year, MDate, Key, DOI) VALUES (1272, 'Linear SVM for new Pyramidal Multi-Level Visual only Concept Detection in CLEF 2010 Challenge.', 2010, '2014-09-24', 'conf/clef/ParisG10', 'http://www.clef-initiative.eu/documents/71612/86374/CLEF2010wn-ImageCLEF-ParisEt2010.pdf');
INSERT INTO Write (AuthorID, PaperID) VALUES (42, 1272);
INSERT INTO Write (AuthorID, PaperID) VALUES (42, 1370);
INSERT INTO Write (AuthorID, PaperID) VALUES (42, 1408);
INSERT INTO Paper (PaperID, Title, Year, MDate, Key, DOI) VALUES (1467, 'Audio Bird Classification with Inception-v4 extended with Time and Time-Frequency Attention Mechanisms.', 2017, '2017-08-15', 'conf/clef/SevillaG17', 'http://ceur-ws.org/Vol-1866/paper_177.pdf');
INSERT INTO Write (AuthorID, PaperID) VALUES (42, 1467);
INSERT INTO Write (AuthorID, PaperID) VALUES (42, 1522);
INSERT INTO Paper (PaperID, Title, Year, MDate, Key, DOI) VALUES (1594, 'Bag of MFCC-based Words for Bird Identification.', 2016, '2016-08-11', 'conf/clef/RicardG16', 'http://ceur-ws.org/Vol-1609/16090544.pdf');
INSERT INTO Write (AuthorID, PaperID) VALUES (42, 1594);
INSERT INTO Paper (PaperID, Title, Year, MDate, Key, DOI) VALUES (1622, 'ZhaoHFUT at ImageCLEF 2012 Plant Identification Task.', 2012, '2014-09-24', 'conf/clef/ZhengZG12', 'http://www.clef-initiative.eu/documents/71612/9f5dd230-3990-4bb1-a0d0-50f231b56ae9');
INSERT INTO Write (AuthorID, PaperID) VALUES (42, 1622);
INSERT INTO Paper (PaperID, Title, Year, MDate, Key, DOI) VALUES (1677, 'Affinity Propagation promoting Diversity in Visuo-entropic and Text Features for CLEF Photo Retrieval 2008 Campaign.', 2008, '2014-09-29', 'conf/clef/GlotinZ08b', 'http://ceur-ws.org/Vol-1174/CLEF2008wn-ImageCLEF-GlotinEt2008b.pdf');
INSERT INTO Write (AuthorID, PaperID) VALUES (42, 1677);
INSERT INTO Paper (PaperID, Title, Year, MDate, Key, DOI) VALUES (1741, 'Fast LSIS Profile Entropy Features for Robot Visual Self-Localization.', 2009, '2014-09-29', 'conf/clef/GlotinZD09', 'http://ceur-ws.org/Vol-1175/CLEF2009wn-ImageCLEF-GlotinEt2009b.pdf');
INSERT INTO Write (AuthorID, PaperID) VALUES (42, 1741);
INSERT INTO Paper (PaperID, Title, Year, MDate, Key, DOI) VALUES (1833, 'Consortium AVEIR at ImageCLEFphoto 2008: on the Fusion of Runs.', 2008, '2014-09-29', 'conf/clef/TollariDFGMAFGSZ08', 'http://ceur-ws.org/Vol-1174/CLEF2008wn-ImageCLEF-TollariEt2008b.pdf');
INSERT INTO Write (AuthorID, PaperID) VALUES (42, 1833);
INSERT INTO Write (AuthorID, PaperID) VALUES (42, 1876);
INSERT INTO Write (AuthorID, PaperID) VALUES (42, 2209);
INSERT INTO Paper (PaperID, Title, Year, MDate, Key, DOI) VALUES (2263, 'Comparison of Various AVEIR Visual Concept Detectors with an Index of Carefulness.', 2009, '2015-07-28', 'conf/clef/GlotinFMFZTQSDG09', 'http://ceur-ws.org/Vol-1175/CLEF2009wn-ImageCLEF-GlotinEt2009a.pdf');
INSERT INTO Write (AuthorID, PaperID) VALUES (42, 2263);
INSERT INTO Write (AuthorID, PaperID) VALUES (42, 2402);
INSERT INTO Paper (PaperID, Title, Year, MDate, Key, DOI) VALUES (2412, 'Concept Content Based Wikipedia WEB Image Retrieval using CLEF VCDT 2008.', 2008, '2014-09-29', 'conf/clef/ZhaoG08a', 'http://ceur-ws.org/Vol-1174/CLEF2008wn-ImageCLEF-ZhaoEt2008.pdf');
INSERT INTO Write (AuthorID, PaperID) VALUES (42, 2412);
INSERT INTO Paper (PaperID, Title, Year, MDate, Key, DOI) VALUES (3148, 'Enhancing Visual Concept Detection by a Novel Matrix Modular Scheme on SVM.', 2008, '2017-05-24', 'conf/clef/ZhaoG08', 'https://doi.org/10.1007/978-3-642-04447-2_80');
INSERT INTO Write (AuthorID, PaperID) VALUES (42, 3148);
INSERT INTO Author (AuthorID, Name) VALUES (43, 'Jos&eacute; Luis Mart&iacute;nez-Fern&aacute;ndez');
INSERT INTO Paper (PaperID, Title, Year, MDate, Key, DOI) VALUES (39, 'Image Retrieval: The MIRACLE Approach.', 2003, '2018-11-14', 'conf/clef/VillenaMFGRMGG03', 'https://www.wikidata.org/entity/Q58037829');
INSERT INTO Write (AuthorID, PaperID) VALUES (43, 39);
INSERT INTO Write (AuthorID, PaperID) VALUES (43, 68);
INSERT INTO Write (AuthorID, PaperID) VALUES (43, 202);
INSERT INTO Paper (PaperID, Title, Year, MDate, Key, DOI) VALUES (501, 'miraQA: Experiments with Learning Answer Context Patterns from the Web.', 2004, '2017-05-24', 'conf/clef/Pablo-SanchezMMV05', 'https://doi.org/10.1007/11519645_48');
INSERT INTO Write (AuthorID, PaperID) VALUES (43, 501);
INSERT INTO Paper (PaperID, Title, Year, MDate, Key, DOI) VALUES (784, 'MIRACLE at ImageCLEF 2004.', 2004, '2014-09-18', 'conf/clef/Martinez-FernandezGVSGCA04', 'http://ceur-ws.org/Vol-1170/CLEF2004wn-ImageCLEF-MartinezFernandezEt2004.pdf');
INSERT INTO Write (AuthorID, PaperID) VALUES (43, 784);
INSERT INTO Write (AuthorID, PaperID) VALUES (43, 790);
INSERT INTO Paper (PaperID, Title, Year, MDate, Key, DOI) VALUES (1094, 'MIRACLE Approach to ImageCLEF 2004: Merging Textual and Content-Based Image Retrieval.', 2004, '2017-05-24', 'conf/clef/Martinez-FernandezGVM05', 'https://doi.org/10.1007/11519645_68');
INSERT INTO Write (AuthorID, PaperID) VALUES (43, 1094);
INSERT INTO Paper (PaperID, Title, Year, MDate, Key, DOI) VALUES (1203, 'MIRACLE at the Spanish WiQA Pilot: Using Named Entities and Cosine Similarity to extend Wikipedia articles.', 2006, '2014-08-15', 'conf/clef/Pablo-SanchezMM06', 'http://ceur-ws.org/Vol-1172/CLEF2006wn-QACLEF-PabloSanchezEt2006b.pdf');
INSERT INTO Write (AuthorID, PaperID) VALUES (43, 1203);
INSERT INTO Paper (PaperID, Title, Year, MDate, Key, DOI) VALUES (1231, 'MIRACLE Question Answering System for Spanish at CLEF 2007.', 2007, '2014-09-23', 'conf/clef/Pablo-SanchezMGSMMA07a', 'http://ceur-ws.org/Vol-1173/CLEF2007wn-QACLEF-PabloSanchezEt2007.pdf');
INSERT INTO Write (AuthorID, PaperID) VALUES (43, 1231);
INSERT INTO Paper (PaperID, Title, Year, MDate, Key, DOI) VALUES (1278, 'MIRACLE''s 2005 Approach to Cross-Lingual Question Answering.', 2005, '2014-08-15', 'conf/clef/Pablo-SanchezGMGMM05a', 'http://ceur-ws.org/Vol-1171/CLEF2005wn-QACLEF-dePabloSanchezEt2005.pdf');
INSERT INTO Write (AuthorID, PaperID) VALUES (43, 1278);
INSERT INTO Write (AuthorID, PaperID) VALUES (43, 1469);
INSERT INTO Write (AuthorID, PaperID) VALUES (43, 1516);
INSERT INTO Paper (PaperID, Title, Year, MDate, Key, DOI) VALUES (1596, 'Exploiting Semantic Features for Image Retrieval at CLEF 2005.', 2005, '2014-08-15', 'conf/clef/Martinez-FernandezVGGCC05', 'http://ceur-ws.org/Vol-1171/CLEF2005wn-ImageCLEF-MartineziFernandezEt2005.pdf');
INSERT INTO Write (AuthorID, PaperID) VALUES (43, 1596);
INSERT INTO Paper (PaperID, Title, Year, MDate, Key, DOI) VALUES (1669, 'Combining Wikipedia and Newswire Texts for Question Answering in Spanish.', 2007, '2017-05-24', 'conf/clef/Pablo-SanchezMGSMMA07', 'https://doi.org/10.1007/978-3-540-85760-0_44');
INSERT INTO Write (AuthorID, PaperID) VALUES (43, 1669);
INSERT INTO Write (AuthorID, PaperID) VALUES (43, 1925);
INSERT INTO Write (AuthorID, PaperID) VALUES (43, 1930);
INSERT INTO Paper (PaperID, Title, Year, MDate, Key, DOI) VALUES (1941, 'MIRACLE''s Hybrid Approach to Bilingual and Monolingual Information Retrieval.', 2004, '2017-05-24', 'conf/clef/Goni-MenoyoGMV05', 'https://doi.org/10.1007/11519645_20');
INSERT INTO Write (AuthorID, PaperID) VALUES (43, 1941);
INSERT INTO Paper (PaperID, Title, Year, MDate, Key, DOI) VALUES (1996, 'miraQA: Initial Experiments in Question Answering.', 2004, '2018-10-05', 'conf/clef/PabloMMVGGG04', 'http://ceur-ws.org/Vol-1170/CLEF2004wn-QACLEF-dePabloEt2004.pdf');
INSERT INTO Write (AuthorID, PaperID) VALUES (43, 1996);
INSERT INTO Paper (PaperID, Title, Year, MDate, Key, DOI) VALUES (2141, 'The MIRACLE Team at the CLEF 2008 Multilingual Question Answering Track.', 2008, '2014-09-30', 'conf/clef/Martinez-GonzalezPPVMM08', 'http://ceur-ws.org/Vol-1174/CLEF2008wn-QACLEF-MartinezGonzalezEt2008.pdf');
INSERT INTO Write (AuthorID, PaperID) VALUES (43, 2141);
INSERT INTO Paper (PaperID, Title, Year, MDate, Key, DOI) VALUES (2212, 'MIRACLE at the Spanish CLEF@QA 2006 Track.', 2006, '2014-08-15', 'conf/clef/Pablo-SanchezGMMM06', 'http://ceur-ws.org/Vol-1172/CLEF2006wn-QACLEF-PabloSanchezEt2006.pdf');
INSERT INTO Write (AuthorID, PaperID) VALUES (43, 2212);
INSERT INTO Paper (PaperID, Title, Year, MDate, Key, DOI) VALUES (2525, 'MIRACLE Team Report for ImageCLEF IR in CLEF 2006.', 2006, '2014-08-15', 'conf/clef/Martinez-FernandezVGM06', 'http://ceur-ws.org/Vol-1172/CLEF2006wn-ImageCLEF-MartinezFernandezEt2006.pdf');
INSERT INTO Write (AuthorID, PaperID) VALUES (43, 2525);
INSERT INTO Paper (PaperID, Title, Year, MDate, Key, DOI) VALUES (2633, 'MIRACLE Approaches to Multilingual Information Retrieval: A Baseline for Future Research.', 2003, '2018-11-14', 'conf/clef/Martinez-FernandezVFGMGG03', 'https://www.wikidata.org/entity/Q58037833');
INSERT INTO Write (AuthorID, PaperID) VALUES (43, 2633);
INSERT INTO Paper (PaperID, Title, Year, MDate, Key, DOI) VALUES (3046, 'MIRACLE''s Cross-Lingual Question Answering Experiments with Spanish as a Target Language.', 2005, '2017-05-24', 'conf/clef/Pablo-SanchezGMGMM05', 'https://doi.org/10.1007/11878773_54');
INSERT INTO Write (AuthorID, PaperID) VALUES (43, 3046);
INSERT INTO Write (AuthorID, PaperID) VALUES (43, 3091);
INSERT INTO Write (AuthorID, PaperID) VALUES (43, 3372);
INSERT INTO Write (AuthorID, PaperID) VALUES (43, 3488);
INSERT INTO Paper (PaperID, Title, Year, MDate, Key, DOI) VALUES (3527, 'The MIRACLE Team at the CLEF 2008 Multilingual Question Answering Track.', 2008, '2017-05-24', 'conf/clef/Martinez-GonzalezPPVFM08', 'https://doi.org/10.1007/978-3-642-04447-2_48');
INSERT INTO Write (AuthorID, PaperID) VALUES (43, 3527);
INSERT INTO Author (AuthorID, Name) VALUES (44, 'V&iacute;ctor Peinado');
INSERT INTO Write (AuthorID, PaperID) VALUES (44, 196);
INSERT INTO Write (AuthorID, PaperID) VALUES (44, 210);
INSERT INTO Paper (PaperID, Title, Year, MDate, Key, DOI) VALUES (357, 'UNED at CL-SR CLEF 2005: Mixing Different Strategies to Retrieve Automatic Speech Transcriptions.', 2005, '2014-08-15', 'conf/clef/Lopez-OsteneroPS05', 'http://ceur-ws.org/Vol-1171/CLEF2005wn-CLSR-LopezOsteneroEt2005.pdf');
INSERT INTO Write (AuthorID, PaperID) VALUES (44, 357);
INSERT INTO Write (AuthorID, PaperID) VALUES (44, 399);
INSERT INTO Write (AuthorID, PaperID) VALUES (44, 432);
INSERT INTO Write (AuthorID, PaperID) VALUES (44, 485);
INSERT INTO Write (AuthorID, PaperID) VALUES (44, 508);
INSERT INTO Write (AuthorID, PaperID) VALUES (44, 627);
INSERT INTO Write (AuthorID, PaperID) VALUES (44, 801);
INSERT INTO Write (AuthorID, PaperID) VALUES (44, 1003);
INSERT INTO Write (AuthorID, PaperID) VALUES (44, 1028);
INSERT INTO Write (AuthorID, PaperID) VALUES (44, 1062);
INSERT INTO Write (AuthorID, PaperID) VALUES (44, 1121);
INSERT INTO Write (AuthorID, PaperID) VALUES (44, 1620);
INSERT INTO Write (AuthorID, PaperID) VALUES (44, 1679);
INSERT INTO Write (AuthorID, PaperID) VALUES (44, 2349);
INSERT INTO Paper (PaperID, Title, Year, MDate, Key, DOI) VALUES (2360, 'UNED at WebCLEF 2008: Applying High Restrictive Summarization, Low Restrictive Information Retrieval and Multilingual Techniques.', 2008, '2017-06-02', 'conf/clef/AmigoMAP08', 'https://doi.org/10.1007/978-3-642-04447-2_104');
INSERT INTO Write (AuthorID, PaperID) VALUES (44, 2360);
INSERT INTO Write (AuthorID, PaperID) VALUES (44, 2401);
INSERT INTO Write (AuthorID, PaperID) VALUES (44, 2467);
INSERT INTO Write (AuthorID, PaperID) VALUES (44, 2705);
INSERT INTO Write (AuthorID, PaperID) VALUES (44, 2707);
INSERT INTO Write (AuthorID, PaperID) VALUES (44, 2993);
INSERT INTO Write (AuthorID, PaperID) VALUES (44, 3175);
INSERT INTO Write (AuthorID, PaperID) VALUES (44, 3242);
INSERT INTO Write (AuthorID, PaperID) VALUES (44, 3259);
INSERT INTO Write (AuthorID, PaperID) VALUES (44, 3368);
INSERT INTO Author (AuthorID, Name) VALUES (45, 'Richard F. E. Sutcliffe');
INSERT INTO Paper (PaperID, Title, Year, MDate, Key, DOI) VALUES (5, 'Cross-Language French-English Question Answering using the DLT System at CLEF 2003.', 2003, '2014-08-15', 'conf/clef/SutcliffeGO03a', 'http://ceur-ws.org/Vol-1169/CLEF2003wn-QACLEF-SutcliffeEt2003.pdf');
INSERT INTO Write (AuthorID, PaperID) VALUES (45, 5);
INSERT INTO Write (AuthorID, PaperID) VALUES (45, 76);
INSERT INTO Write (AuthorID, PaperID) VALUES (45, 142);
INSERT INTO Write (AuthorID, PaperID) VALUES (45, 221);
INSERT INTO Write (AuthorID, PaperID) VALUES (45, 265);
INSERT INTO Write (AuthorID, PaperID) VALUES (45, 554);
INSERT INTO Write (AuthorID, PaperID) VALUES (45, 633);
INSERT INTO Paper (PaperID, Title, Year, MDate, Key, DOI) VALUES (732, 'Cross-Language French-English Question Answering using the DLT System at CLEF 2005.', 2005, '2014-08-15', 'conf/clef/SutcliffeMGOWS05', 'http://ceur-ws.org/Vol-1171/CLEF2005wn-QACLEF-SutcliffeEt2005.pdf');
INSERT INTO Write (AuthorID, PaperID) VALUES (45, 732);
INSERT INTO Write (AuthorID, PaperID) VALUES (45, 896);
INSERT INTO Write (AuthorID, PaperID) VALUES (45, 907);
INSERT INTO Paper (PaperID, Title, Year, MDate, Key, DOI) VALUES (969, 'Cross-Language French-English Question Answering using the DLT System at CLEF 2006.', 2006, '2014-08-15', 'conf/clef/SutcliffeWSGM06', 'http://ceur-ws.org/Vol-1172/CLEF2006wn-QACLEF-SutcliffeEt2006.pdf');
INSERT INTO Write (AuthorID, PaperID) VALUES (45, 969);
INSERT INTO Write (AuthorID, PaperID) VALUES (45, 1163);
INSERT INTO Write (AuthorID, PaperID) VALUES (45, 1205);
INSERT INTO Paper (PaperID, Title, Year, MDate, Key, DOI) VALUES (1372, 'Identifying Novel Information using Latent Semantic Analysis in the WiQA Task at CLEF 2006.', 2006, '2014-08-15', 'conf/clef/SutcliffeSKKP06a', 'http://ceur-ws.org/Vol-1172/CLEF2006wn-QACLEF-SutcliffeEt2006b.pdf');
INSERT INTO Write (AuthorID, PaperID) VALUES (45, 1372);
INSERT INTO Paper (PaperID, Title, Year, MDate, Key, DOI) VALUES (1452, 'Identifying Novel Information Using Latent Semantic Analysis in the WiQA Task at CLEF 2006.', 2006, '2017-06-15', 'conf/clef/SutcliffeSKKP06', 'https://doi.org/10.1007/978-3-540-74999-8_66');
INSERT INTO Write (AuthorID, PaperID) VALUES (45, 1452);
INSERT INTO Paper (PaperID, Title, Year, MDate, Key, DOI) VALUES (2131, 'Cross-Language French-English Question Answering Using the DLT System at CLEF 2005.', 2005, '2017-05-24', 'conf/clef/SutcliffeMGOS05', 'https://doi.org/10.1007/11878773_56');
INSERT INTO Write (AuthorID, PaperID) VALUES (45, 2131);
INSERT INTO Paper (PaperID, Title, Year, MDate, Key, DOI) VALUES (2414, 'Cross-Language French-English Question Answering Using the DLT System at CLEF 2004.', 2004, '2017-05-24', 'conf/clef/SutcliffeGMO05', 'https://doi.org/10.1007/11519645_40');
INSERT INTO Write (AuthorID, PaperID) VALUES (45, 2414);
INSERT INTO Write (AuthorID, PaperID) VALUES (45, 2789);
INSERT INTO Write (AuthorID, PaperID) VALUES (45, 2836);
INSERT INTO Write (AuthorID, PaperID) VALUES (45, 2849);
INSERT INTO Paper (PaperID, Title, Year, MDate, Key, DOI) VALUES (2851, 'Cross-Language French-English Question Answering using the DLT System at CLEF 2004.', 2004, '2014-08-15', 'conf/clef/SutcliffeGMO04', 'http://ceur-ws.org/Vol-1170/CLEF2004wn-QACLEF-SutcliffeEt2004.pdf');
INSERT INTO Write (AuthorID, PaperID) VALUES (45, 2851);
INSERT INTO Write (AuthorID, PaperID) VALUES (45, 2864);
INSERT INTO Write (AuthorID, PaperID) VALUES (45, 3147);
INSERT INTO Write (AuthorID, PaperID) VALUES (45, 3190);
INSERT INTO Write (AuthorID, PaperID) VALUES (45, 3286);
INSERT INTO Paper (PaperID, Title, Year, MDate, Key, DOI) VALUES (3335, 'Cross-Language French-English Question Answering Using the DLT System at CLEF 2003.', 2003, '2017-05-24', 'conf/clef/SutcliffeGO03', 'https://doi.org/10.1007/978-3-540-30222-3_55');
INSERT INTO Write (AuthorID, PaperID) VALUES (45, 3335);
INSERT INTO Author (AuthorID, Name) VALUES (46, 'Elisa Noguera');
INSERT INTO Write (AuthorID, PaperID) VALUES (46, 13);
INSERT INTO Write (AuthorID, PaperID) VALUES (46, 47);
INSERT INTO Write (AuthorID, PaperID) VALUES (46, 176);
INSERT INTO Write (AuthorID, PaperID) VALUES (46, 207);
INSERT INTO Write (AuthorID, PaperID) VALUES (46, 471);
INSERT INTO Write (AuthorID, PaperID) VALUES (46, 548);
INSERT INTO Write (AuthorID, PaperID) VALUES (46, 682);
INSERT INTO Write (AuthorID, PaperID) VALUES (46, 705);
INSERT INTO Write (AuthorID, PaperID) VALUES (46, 751);
INSERT INTO Write (AuthorID, PaperID) VALUES (46, 755);
