INSERT INTO Write (AuthorID, PaperID) VALUES (2657, 2656);
INSERT INTO Author (AuthorID, Name) VALUES (2658, 'Shu Huang');
INSERT INTO Write (AuthorID, PaperID) VALUES (2658, 3036);
INSERT INTO Author (AuthorID, Name) VALUES (2659, 'Fabian P&aacute;ez');
INSERT INTO Write (AuthorID, PaperID) VALUES (2659, 100);
INSERT INTO Author (AuthorID, Name) VALUES (2660, 'Edmundo-Pavel Soriano-Morales');
INSERT INTO Write (AuthorID, PaperID) VALUES (2660, 2230);
INSERT INTO Author (AuthorID, Name) VALUES (2661, 'Viktor Tr&oacute;n');
INSERT INTO Write (AuthorID, PaperID) VALUES (2661, 2380);
INSERT INTO Author (AuthorID, Name) VALUES (2662, 'Swen Ribeiro');
INSERT INTO Write (AuthorID, PaperID) VALUES (2662, 360);
INSERT INTO Author (AuthorID, Name) VALUES (2663, 'Joe Carthy');
INSERT INTO Write (AuthorID, PaperID) VALUES (2663, 1124);
INSERT INTO Author (AuthorID, Name) VALUES (2664, 'Motoki Taniguchi');
INSERT INTO Write (AuthorID, PaperID) VALUES (2664, 802);
INSERT INTO Author (AuthorID, Name) VALUES (2665, 'Rodrigo Ribeiro Oliveira');
INSERT INTO Write (AuthorID, PaperID) VALUES (2665, 1575);
INSERT INTO Author (AuthorID, Name) VALUES (2666, 'Shane Dyer');
INSERT INTO Write (AuthorID, PaperID) VALUES (2666, 614);
INSERT INTO Author (AuthorID, Name) VALUES (2667, 'Edson Roberto Duarte Weren');
INSERT INTO Paper (PaperID, Title, Year, MDate, Key, DOI) VALUES (3484, 'Information Retrieval Features for Personality Traits.', 2015, '2015-09-03', 'conf/clef/Weren15', 'http://ceur-ws.org/Vol-1391/169-CR.pdf');
INSERT INTO Write (AuthorID, PaperID) VALUES (2667, 3484);
INSERT INTO Author (AuthorID, Name) VALUES (2668, 'Affifa Arbab');
INSERT INTO Write (AuthorID, PaperID) VALUES (2668, 3005);
INSERT INTO Author (AuthorID, Name) VALUES (2669, 'Vide Karlsson');
INSERT INTO Write (AuthorID, PaperID) VALUES (2669, 2971);
INSERT INTO Author (AuthorID, Name) VALUES (2670, 'James Thomas');
INSERT INTO Write (AuthorID, PaperID) VALUES (2670, 3365);
INSERT INTO Author (AuthorID, Name) VALUES (2671, 'Alaa Alhamzeh');
INSERT INTO Write (AuthorID, PaperID) VALUES (2671, 1258);
INSERT INTO Author (AuthorID, Name) VALUES (2672, 'Pedro Strecht');
INSERT INTO Write (AuthorID, PaperID) VALUES (2672, 3118);
INSERT INTO Author (AuthorID, Name) VALUES (2673, 'Sandra Eliza Fontes de Avila');
INSERT INTO Write (AuthorID, PaperID) VALUES (2673, 3393);
INSERT INTO Author (AuthorID, Name) VALUES (2674, 'Johann Poignant');
INSERT INTO Write (AuthorID, PaperID) VALUES (2674, 710);
INSERT INTO Author (AuthorID, Name) VALUES (2675, 'Xavier Binefa');
INSERT INTO Paper (PaperID, Title, Year, MDate, Key, DOI) VALUES (1011, 'Medical Image Classification via 2D color feature based Covariance Descriptors.', 2015, '2015-09-03', 'conf/clef/CirujedaB15', 'http://ceur-ws.org/Vol-1391/44-CR.pdf');
INSERT INTO Write (AuthorID, PaperID) VALUES (2675, 1011);
INSERT INTO Author (AuthorID, Name) VALUES (2676, 'John R. Smith');
INSERT INTO Write (AuthorID, PaperID) VALUES (2676, 2815);
INSERT INTO Author (AuthorID, Name) VALUES (2677, 'John Osborne');
INSERT INTO Paper (PaperID, Title, Year, MDate, Key, DOI) VALUES (2868, 'Disease Template Filling using the CTAKES YTEX Branch for ShareClef 2014 Task 2a.', 2014, '2014-09-10', 'conf/clef/Osborne14', 'http://ceur-ws.org/Vol-1180/CLEF2014wn-eHealth-Osborne2014.pdf');
INSERT INTO Write (AuthorID, PaperID) VALUES (2677, 2868);
INSERT INTO Author (AuthorID, Name) VALUES (2678, 'Rabia Bounaama');
INSERT INTO Paper (PaperID, Title, Year, MDate, Key, DOI) VALUES (2322, 'Tlemcen University at CELF eHealth 2018 Team Techno: Multilingual Information Extraction - ICD10 coding.', 2018, '2018-08-08', 'conf/clef/BounaamaA18', 'http://ceur-ws.org/Vol-2125/paper_88.pdf');
INSERT INTO Write (AuthorID, PaperID) VALUES (2678, 2322);
INSERT INTO Author (AuthorID, Name) VALUES (2679, 'Enrico Motta');
INSERT INTO Write (AuthorID, PaperID) VALUES (2679, 2426);
INSERT INTO Author (AuthorID, Name) VALUES (2680, 'Salim Chikhi');
INSERT INTO Write (AuthorID, PaperID) VALUES (2680, 1482);
INSERT INTO Author (AuthorID, Name) VALUES (2681, 'Wladek Zacharski');
INSERT INTO Write (AuthorID, PaperID) VALUES (2681, 1266);
INSERT INTO Author (AuthorID, Name) VALUES (2682, 'Salud Mar&iacute;a Jim&eacute;nez Zafra');
INSERT INTO Write (AuthorID, PaperID) VALUES (2682, 2445);
INSERT INTO Author (AuthorID, Name) VALUES (2683, 'Hang Song');
INSERT INTO Write (AuthorID, PaperID) VALUES (2683, 3305);
INSERT INTO Author (AuthorID, Name) VALUES (2684, 'Piyush Arora');
INSERT INTO Write (AuthorID, PaperID) VALUES (2684, 1656);
INSERT INTO Author (AuthorID, Name) VALUES (2685, 'Daniel Braun 0002');
INSERT INTO Write (AuthorID, PaperID) VALUES (2685, 2790);
INSERT INTO Author (AuthorID, Name) VALUES (2686, 'Norbert Fuhr');
INSERT INTO Paper (PaperID, Title, Year, MDate, Key, DOI) VALUES (1067, 'IR between Science and Engineering, and the Role of Experimentation.', 2010, '2018-06-26', 'conf/clef/Fuhr10', 'https://doi.org/10.1007/978-3-642-15998-5_1');
INSERT INTO Write (AuthorID, PaperID) VALUES (2686, 1067);
INSERT INTO Author (AuthorID, Name) VALUES (2687, 'Nassir Navab');
INSERT INTO Paper (PaperID, Title, Year, MDate, Key, DOI) VALUES (1083, 'ImageCLEF 2010 Working Notes on the Modality Classification Subtask.', 2010, '2014-09-24', 'conf/clef/PaulyMN10', 'http://www.clef-initiative.eu/documents/71612/86374/CLEF2010wn-ImageCLEF-PaulyEt2010.pdf');
INSERT INTO Write (AuthorID, PaperID) VALUES (2687, 1083);
INSERT INTO Author (AuthorID, Name) VALUES (2688, 'Viviana Patti');
INSERT INTO Write (AuthorID, PaperID) VALUES (2688, 2516);
INSERT INTO Author (AuthorID, Name) VALUES (2689, 'Moshe Aboud');
INSERT INTO Write (AuthorID, PaperID) VALUES (2689, 2810);
INSERT INTO Author (AuthorID, Name) VALUES (2690, 'David Nicolay');
INSERT INTO Write (AuthorID, PaperID) VALUES (2690, 352);
INSERT INTO Author (AuthorID, Name) VALUES (2691, 'Rebecca Maessen');
INSERT INTO Paper (PaperID, Title, Year, MDate, Key, DOI) VALUES (3390, 'ZOT! to Wikipedia Vandalism - Lab Report for PAN at CLEF 2010.', 2010, '2014-09-24', 'conf/clef/WhiteM10', 'http://www.clef-initiative.eu/documents/71612/86374/CLEF2010wn-PAN-WhiteEt2010.pdf');
INSERT INTO Write (AuthorID, PaperID) VALUES (2691, 3390);
INSERT INTO Author (AuthorID, Name) VALUES (2692, 'Okky Hendriansyah');
INSERT INTO Write (AuthorID, PaperID) VALUES (2692, 293);
INSERT INTO Author (AuthorID, Name) VALUES (2693, 'Bouchra Es-Saghir');
INSERT INTO Write (AuthorID, PaperID) VALUES (2693, 3140);
INSERT INTO Author (AuthorID, Name) VALUES (2694, 'Mostafa Rahgouy');
INSERT INTO Write (AuthorID, PaperID) VALUES (2694, 1590);
INSERT INTO Author (AuthorID, Name) VALUES (2695, 'Ehsan Ullah Munir');
INSERT INTO Write (AuthorID, PaperID) VALUES (2695, 3005);
INSERT INTO Author (AuthorID, Name) VALUES (2696, 'Carl James-Reynolds');
INSERT INTO Write (AuthorID, PaperID) VALUES (2696, 1333);
INSERT INTO Author (AuthorID, Name) VALUES (2697, 'Xanadu Halkias');
INSERT INTO Write (AuthorID, PaperID) VALUES (2697, 1229);
INSERT INTO Author (AuthorID, Name) VALUES (2698, 'Zhimao Lu');
INSERT INTO Write (AuthorID, PaperID) VALUES (2698, 1109);
INSERT INTO Author (AuthorID, Name) VALUES (2699, 'F. Gediz Aksit');
INSERT INTO Paper (PaperID, Title, Year, MDate, Key, DOI) VALUES (719, 'An Empirical Research: "Wikipedia Vandalism Detection using VandalSense 2.0" - Notebook for PAN at CLEF 2011.', 2011, '2014-09-24', 'conf/clef/Aksit11', 'http://www.clef-initiative.eu/documents/71612/86377/CLEF2011wn-PAN-Aksit2011.pdf');
INSERT INTO Write (AuthorID, PaperID) VALUES (2699, 719);
INSERT INTO Author (AuthorID, Name) VALUES (2700, 'K&eacute;vin Deturck');
INSERT INTO Paper (PaperID, Title, Year, MDate, Key, DOI) VALUES (2539, 'ERTIM@MC2: Diversified Argumentative Tweets Retrieval.', 2018, '2018-08-08', 'conf/clef/DeturckNS18', 'http://ceur-ws.org/Vol-2125/paper_190.pdf');
INSERT INTO Write (AuthorID, PaperID) VALUES (2700, 2539);
INSERT INTO Author (AuthorID, Name) VALUES (2701, 'Ferenc Mogyor&oacute;si');
INSERT INTO Write (AuthorID, PaperID) VALUES (2701, 3257);
INSERT INTO Author (AuthorID, Name) VALUES (2702, 'Jarana Manotumruksa');
INSERT INTO Write (AuthorID, PaperID) VALUES (2702, 409);
INSERT INTO Author (AuthorID, Name) VALUES (2703, 'Xavier Bost');
INSERT INTO Write (AuthorID, PaperID) VALUES (2703, 2602);
INSERT INTO Author (AuthorID, Name) VALUES (2704, 'Beno&icirc;t Mathieu');
INSERT INTO Write (AuthorID, PaperID) VALUES (2704, 1940);
INSERT INTO Author (AuthorID, Name) VALUES (2705, 'Petre Lameski');
INSERT INTO Write (AuthorID, PaperID) VALUES (2705, 3169);
INSERT INTO Author (AuthorID, Name) VALUES (2706, 'Nicola Montecchio');
INSERT INTO Write (AuthorID, PaperID) VALUES (2706, 1138);
INSERT INTO Author (AuthorID, Name) VALUES (2707, 'Lotta Kauhanen');
INSERT INTO Write (AuthorID, PaperID) VALUES (2707, 1556);
INSERT INTO Author (AuthorID, Name) VALUES (2708, 'Mattias Kanhov');
INSERT INTO Paper (PaperID, Title, Year, MDate, Key, DOI) VALUES (1660, 'Natural Language Generation from SNOMED Specifications.', 2012, '2014-09-24', 'conf/clef/KanhovFD12', 'http://www.clef-initiative.eu/documents/71612/34212713-afeb-4b12-8bde-d09e00e8be87');
INSERT INTO Write (AuthorID, PaperID) VALUES (2708, 1660);
INSERT INTO Author (AuthorID, Name) VALUES (2709, 'Mateusz Wilk');
INSERT INTO Write (AuthorID, PaperID) VALUES (2709, 473);
INSERT INTO Author (AuthorID, Name) VALUES (2710, 'Jesse Davis');
INSERT INTO Write (AuthorID, PaperID) VALUES (2710, 1481);
INSERT INTO Author (AuthorID, Name) VALUES (2711, 'Andrey Filchenkov');
INSERT INTO Paper (PaperID, Title, Year, MDate, Key, DOI) VALUES (2457, 'Multi-view Personality Profiling Based on Longitudinal Data.', 2018, '2018-08-20', 'conf/clef/BurayaFF18', 'https://doi.org/10.1007/978-3-319-98932-7_2');
INSERT INTO Write (AuthorID, PaperID) VALUES (2711, 2457);
INSERT INTO Author (AuthorID, Name) VALUES (2712, 'Khaled Alrifai');
INSERT INTO Write (AuthorID, PaperID) VALUES (2712, 3052);
INSERT INTO Author (AuthorID, Name) VALUES (2713, 'Nahun Loya');
INSERT INTO Write (AuthorID, PaperID) VALUES (2713, 1348);
INSERT INTO Author (AuthorID, Name) VALUES (2714, 'Cristina Mota');
INSERT INTO Write (AuthorID, PaperID) VALUES (2714, 221);
INSERT INTO Author (AuthorID, Name) VALUES (2715, 'Nausheen Fatma');
INSERT INTO Write (AuthorID, PaperID) VALUES (2715, 3025);
INSERT INTO Author (AuthorID, Name) VALUES (2716, 'E. Mark Haacke');
INSERT INTO Write (AuthorID, PaperID) VALUES (2716, 2984);
INSERT INTO Author (AuthorID, Name) VALUES (2717, 'Chandrabose Aravindan');
INSERT INTO Write (AuthorID, PaperID) VALUES (2717, 2694);
INSERT INTO Author (AuthorID, Name) VALUES (2718, 'Haakon Lund');
INSERT INTO Write (AuthorID, PaperID) VALUES (2718, 2781);
INSERT INTO Author (AuthorID, Name) VALUES (2719, 'Nkauj Hnub Aurore Heu Mby');
INSERT INTO Write (AuthorID, PaperID) VALUES (2719, 2686);
INSERT INTO Author (AuthorID, Name) VALUES (2720, 'K. C. Santosh');
INSERT INTO Write (AuthorID, PaperID) VALUES (2720, 2000);
INSERT INTO Author (AuthorID, Name) VALUES (2721, 'Xuefeng Feng');
INSERT INTO Write (AuthorID, PaperID) VALUES (2721, 1660);
INSERT INTO Author (AuthorID, Name) VALUES (2722, 'Danchen Zhang');
INSERT INTO Write (AuthorID, PaperID) VALUES (2722, 3326);
INSERT INTO Author (AuthorID, Name) VALUES (2723, 'Fernando Giner');
INSERT INTO Write (AuthorID, PaperID) VALUES (2723, 3039);
INSERT INTO Author (AuthorID, Name) VALUES (2724, 'Valentina Bellomaria');
INSERT INTO Write (AuthorID, PaperID) VALUES (2724, 1902);
INSERT INTO Author (AuthorID, Name) VALUES (2725, 'Vamshi Krishna Thotempudi');
INSERT INTO Write (AuthorID, PaperID) VALUES (2725, 2454);
INSERT INTO Author (AuthorID, Name) VALUES (2726, 'Jan Schl&uuml;ter');
INSERT INTO Paper (PaperID, Title, Year, MDate, Key, DOI) VALUES (2296, 'Bird Identification from Timestamped, Geotagged Audio Recordings.', 2018, '2018-08-08', 'conf/clef/Schluter18', 'http://ceur-ws.org/Vol-2125/paper_181.pdf');
INSERT INTO Write (AuthorID, PaperID) VALUES (2726, 2296);
INSERT INTO Author (AuthorID, Name) VALUES (2727, 'Xiangyu Wang');
INSERT INTO Paper (PaperID, Title, Year, MDate, Key, DOI) VALUES (895, 'Automatic Image Annotation using Weakly Labelled Web Data.', 2015, '2015-09-03', 'conf/clef/KakarWC15', 'http://ceur-ws.org/Vol-1391/5-CR.pdf');
INSERT INTO Write (AuthorID, PaperID) VALUES (2727, 895);
INSERT INTO Author (AuthorID, Name) VALUES (2728, 'Dongsheng Wang');
INSERT INTO Write (AuthorID, PaperID) VALUES (2728, 1618);
INSERT INTO Author (AuthorID, Name) VALUES (2729, 'Doychin Doychev');
INSERT INTO Paper (PaperID, Title, Year, MDate, Key, DOI) VALUES (1827, 'An Analysis of Recommender Algorithms for Online News.', 2014, '2014-09-10', 'conf/clef/DoychevLR14', 'http://ceur-ws.org/Vol-1180/CLEF2014wn-Newsreel-DoychevEt2014.pdf');
INSERT INTO Write (AuthorID, PaperID) VALUES (2729, 1827);
INSERT INTO Author (AuthorID, Name) VALUES (2730, 'Ke Ren');
INSERT INTO Paper (PaperID, Title, Year, MDate, Key, DOI) VALUES (769, 'WHUIRGroup at the CLEF 2016 eHealth Lab Task 3.', 2016, '2016-08-11', 'conf/clef/WangLR16', 'http://ceur-ws.org/Vol-1609/16090193.pdf');
INSERT INTO Write (AuthorID, PaperID) VALUES (2730, 769);
INSERT INTO Author (AuthorID, Name) VALUES (2731, 'Kuan-Ta Chen');
INSERT INTO Write (AuthorID, PaperID) VALUES (2731, 1246);
INSERT INTO Author (AuthorID, Name) VALUES (2732, 'Yasuo Kuniyoshi');
INSERT INTO Write (AuthorID, PaperID) VALUES (2732, 1569);
INSERT INTO Author (AuthorID, Name) VALUES (2733, 'Jie Zhou');
INSERT INTO Write (AuthorID, PaperID) VALUES (2733, 1405);
INSERT INTO Author (AuthorID, Name) VALUES (2734, 'Ekaterina Ryzhkova');
INSERT INTO Write (AuthorID, PaperID) VALUES (2734, 38);
INSERT INTO Author (AuthorID, Name) VALUES (2735, 'Arnaud Grappy');
INSERT INTO Write (AuthorID, PaperID) VALUES (2735, 3358);
INSERT INTO Author (AuthorID, Name) VALUES (2736, 'Rachel Davey');
INSERT INTO Write (AuthorID, PaperID) VALUES (2736, 766);
INSERT INTO Author (AuthorID, Name) VALUES (2737, 'Khadim Dram&eacute;');
INSERT INTO Write (AuthorID, PaperID) VALUES (2737, 2766);
INSERT INTO Author (AuthorID, Name) VALUES (2738, 'Ritu Khare');
INSERT INTO Write (AuthorID, PaperID) VALUES (2738, 2251);
INSERT INTO Author (AuthorID, Name) VALUES (2739, 'Masao Takaku');
INSERT INTO Write (AuthorID, PaperID) VALUES (2739, 1242);
INSERT INTO Author (AuthorID, Name) VALUES (2740, 'Peter Kastner');
INSERT INTO Write (AuthorID, PaperID) VALUES (2740, 2379);
INSERT INTO Author (AuthorID, Name) VALUES (2741, 'Xiong Wei');
INSERT INTO Write (AuthorID, PaperID) VALUES (2741, 45);
INSERT INTO Author (AuthorID, Name) VALUES (2742, 'Zhongda Xie');
INSERT INTO Write (AuthorID, PaperID) VALUES (2742, 1903);
INSERT INTO Author (AuthorID, Name) VALUES (2743, 'Obdulia Pichardo-Lagunas');
INSERT INTO Write (AuthorID, PaperID) VALUES (2743, 2303);
INSERT INTO Author (AuthorID, Name) VALUES (2744, 'Victor Carneiro');
INSERT INTO Write (AuthorID, PaperID) VALUES (2744, 1822);
INSERT INTO Author (AuthorID, Name) VALUES (2745, 'Guillaume Cabanac');
INSERT INTO Write (AuthorID, PaperID) VALUES (2745, 1152);
INSERT INTO Author (AuthorID, Name) VALUES (2746, 'Jo&atilde;o Filgueiras');
INSERT INTO Write (AuthorID, PaperID) VALUES (2746, 901);
INSERT INTO Author (AuthorID, Name) VALUES (2747, 'Iryna Muzyka');
INSERT INTO Write (AuthorID, PaperID) VALUES (2747, 2597);
INSERT INTO Author (AuthorID, Name) VALUES (2748, 'Richard Dazeley');
INSERT INTO Write (AuthorID, PaperID) VALUES (2748, 1135);
INSERT INTO Author (AuthorID, Name) VALUES (2749, 'Jorge Azor&iacute;n L&oacute;pez');
INSERT INTO Write (AuthorID, PaperID) VALUES (2749, 3515);
INSERT INTO Author (AuthorID, Name) VALUES (2750, 'Ozan Polatbilek');
INSERT INTO Paper (PaperID, Title, Year, MDate, Key, DOI) VALUES (3177, 'Gender Prediction From Tweets With Convolutional Neural Networks: Notebook for PAN at CLEF 2018.', 2018, '2018-08-08', 'conf/clef/SezererPST18', 'http://ceur-ws.org/Vol-2125/paper_116.pdf');
INSERT INTO Write (AuthorID, PaperID) VALUES (2750, 3177);
INSERT INTO Author (AuthorID, Name) VALUES (2751, 'Chlo&eacute; Pou-Prom');
INSERT INTO Write (AuthorID, PaperID) VALUES (2751, 1182);
INSERT INTO Author (AuthorID, Name) VALUES (2752, 'Afshin Rahimi');
INSERT INTO Write (AuthorID, PaperID) VALUES (2752, 2385);
INSERT INTO Author (AuthorID, Name) VALUES (2753, 'Dieter Hayn');
INSERT INTO Write (AuthorID, PaperID) VALUES (2753, 2379);
INSERT INTO Author (AuthorID, Name) VALUES (2754, 'Kripabandhu Ghosh');
INSERT INTO Write (AuthorID, PaperID) VALUES (2754, 3056);
INSERT INTO Author (AuthorID, Name) VALUES (2755, 'Aldo Porco');
INSERT INTO Write (AuthorID, PaperID) VALUES (2755, 3491);
INSERT INTO Author (AuthorID, Name) VALUES (2756, 'Srinivas Phadnis');
INSERT INTO Write (AuthorID, PaperID) VALUES (2756, 2301);
INSERT INTO Author (AuthorID, Name) VALUES (2757, 'Javier Alonso');
INSERT INTO Write (AuthorID, PaperID) VALUES (2757, 784);
INSERT INTO Author (AuthorID, Name) VALUES (2758, 'Iraz&uacute; Hernandez-Farias');
INSERT INTO Write (AuthorID, PaperID) VALUES (2758, 3362);
INSERT INTO Author (AuthorID, Name) VALUES (2759, 'M&aacute;rk Jelasity');
INSERT INTO Write (AuthorID, PaperID) VALUES (2759, 1130);
INSERT INTO Author (AuthorID, Name) VALUES (2760, 'Mohammed Nezar Bellazrak');
INSERT INTO Write (AuthorID, PaperID) VALUES (2760, 3140);
INSERT INTO Author (AuthorID, Name) VALUES (2761, 'Fidel Cacheda');
INSERT INTO Write (AuthorID, PaperID) VALUES (2761, 1822);
INSERT INTO Author (AuthorID, Name) VALUES (2762, 'Guillermo Ayala');
INSERT INTO Write (AuthorID, PaperID) VALUES (2762, 1820);
INSERT INTO Author (AuthorID, Name) VALUES (2763, 'Andrew G. West');
INSERT INTO Paper (PaperID, Title, Year, MDate, Key, DOI) VALUES (2531, 'Multilingual Vandalism Detection using Language-Independent 800Aamp; Ex Post Facto Evidence - Notebook for PAN at CLEF 2011.', 2011, '2014-09-24', 'conf/clef/WestL11', 'http://www.clef-initiative.eu/documents/71612/86377/CLEF2011wn-PAN-WestEt2011.pdf');
INSERT INTO Write (AuthorID, PaperID) VALUES (2763, 2531);
INSERT INTO Author (AuthorID, Name) VALUES (2764, 'Saeed Mehrabi 0003');
INSERT INTO Write (AuthorID, PaperID) VALUES (2764, 2341);
INSERT INTO Author (AuthorID, Name) VALUES (2765, 'Mario Ezra Arag&oacute;n');
INSERT INTO Write (AuthorID, PaperID) VALUES (2765, 2464);
INSERT INTO Author (AuthorID, Name) VALUES (2766, 'Jiangping Chen');
INSERT INTO Write (AuthorID, PaperID) VALUES (2766, 422);
INSERT INTO Author (AuthorID, Name) VALUES (2767, 'Arjun Mukherjee');
INSERT INTO Paper (PaperID, Title, Year, MDate, Key, DOI) VALUES (2634, 'A Parallel Hierarchical Attention Network for Style Change Detection: Notebook for PAN at CLEF 2018.', 2018, '2018-08-08', 'conf/clef/HosseiniaM18', 'http://ceur-ws.org/Vol-2125/paper_91.pdf');
INSERT INTO Write (AuthorID, PaperID) VALUES (2767, 2634);
INSERT INTO Author (AuthorID, Name) VALUES (2768, 'Yubo Chen 0001');
INSERT INTO Write (AuthorID, PaperID) VALUES (2768, 1413);
INSERT INTO Author (AuthorID, Name) VALUES (2769, 'Eleni Mantziou');
INSERT INTO Paper (PaperID, Title, Year, MDate, Key, DOI) VALUES (1781, 'CERTH''s Participation at the Photo Annotation Task of ImageCLEF 2012.', 2012, '2014-09-24', 'conf/clef/MantziouPPSK12', 'http://www.clef-initiative.eu/documents/71612/cf7e342a-40d9-4f63-90f8-c7d169a78a24');
INSERT INTO Write (AuthorID, PaperID) VALUES (2769, 1781);
INSERT INTO Author (AuthorID, Name) VALUES (2770, 'C&eacute;line Sacca');
INSERT INTO Write (AuthorID, PaperID) VALUES (2770, 3262);
INSERT INTO Author (AuthorID, Name) VALUES (2771, 'Imane Boudraa');
INSERT INTO Write (AuthorID, PaperID) VALUES (2771, 1900);
INSERT INTO Author (AuthorID, Name) VALUES (2772, 'Aleksandr Farseev');
INSERT INTO Write (AuthorID, PaperID) VALUES (2772, 2457);
INSERT INTO Author (AuthorID, Name) VALUES (2773, 'Akhil Arora 0001');
INSERT INTO Write (AuthorID, PaperID) VALUES (2773, 649);
INSERT INTO Author (AuthorID, Name) VALUES (2774, 'Hanqing Lu');
INSERT INTO Write (AuthorID, PaperID) VALUES (2774, 3305);
INSERT INTO Author (AuthorID, Name) VALUES (2775, 'Fabrizio Silvestri');
INSERT INTO Write (AuthorID, PaperID) VALUES (2775, 2266);
INSERT INTO Author (AuthorID, Name) VALUES (2776, 'Yu-Zheng Liu');
INSERT INTO Write (AuthorID, PaperID) VALUES (2776, 1962);
INSERT INTO Author (AuthorID, Name) VALUES (2777, 'Diego Moll&aacute; Aliod');
INSERT INTO Write (AuthorID, PaperID) VALUES (2777, 3474);
INSERT INTO Author (AuthorID, Name) VALUES (2778, 'Claire Morgand');
INSERT INTO Write (AuthorID, PaperID) VALUES (2778, 190);
INSERT INTO Author (AuthorID, Name) VALUES (2779, 'William Byrne');
INSERT INTO Write (AuthorID, PaperID) VALUES (2779, 258);
INSERT INTO Author (AuthorID, Name) VALUES (2780, 'Angie K. Reyes');
INSERT INTO Write (AuthorID, PaperID) VALUES (2780, 885);
INSERT INTO Author (AuthorID, Name) VALUES (2781, 'Andrey Khazov');
INSERT INTO Paper (PaperID, Title, Year, MDate, Key, DOI) VALUES (1338, 'Author Masking using Sequence-to-Sequence Models.', 2017, '2017-08-15', 'conf/clef/BakhteevK17', 'http://ceur-ws.org/Vol-1866/paper_68.pdf');
INSERT INTO Write (AuthorID, PaperID) VALUES (2781, 1338);
INSERT INTO Author (AuthorID, Name) VALUES (2782, 'Andrew Thean');
INSERT INTO Write (AuthorID, PaperID) VALUES (2782, 2950);
INSERT INTO Author (AuthorID, Name) VALUES (2783, 'F. Peters');
INSERT INTO Write (AuthorID, PaperID) VALUES (2783, 3437);
INSERT INTO Author (AuthorID, Name) VALUES (2784, 'Jihen Majdoubi');
INSERT INTO Write (AuthorID, PaperID) VALUES (2784, 2748);
INSERT INTO Author (AuthorID, Name) VALUES (2785, 'Mario Almagro');
INSERT INTO Write (AuthorID, PaperID) VALUES (2785, 2400);
INSERT INTO Author (AuthorID, Name) VALUES (2786, 'Niko S&uuml;nderhauf');
INSERT INTO Write (AuthorID, PaperID) VALUES (2786, 1059);
INSERT INTO Author (AuthorID, Name) VALUES (2787, 'Amit Prakash');
INSERT INTO Write (AuthorID, PaperID) VALUES (2787, 1805);
INSERT INTO Author (AuthorID, Name) VALUES (2788, 'Ramon Ziai');
INSERT INTO Paper (PaperID, Title, Year, MDate, Key, DOI) VALUES (3435, 'CoMiC: Exploring Text Segmentation and Similarity in the English Entrance Exams Task.', 2015, '2015-09-03', 'conf/clef/ZiaiR15', 'http://ceur-ws.org/Vol-1391/105-CR.pdf');
INSERT INTO Write (AuthorID, PaperID) VALUES (2788, 3435);
INSERT INTO Author (AuthorID, Name) VALUES (2789, 'Max P. Rosen');
INSERT INTO Write (AuthorID, PaperID) VALUES (2789, 3253);
INSERT INTO Author (AuthorID, Name) VALUES (2790, 'Michal Stanek');
INSERT INTO Write (AuthorID, PaperID) VALUES (2790, 785);
INSERT INTO Author (AuthorID, Name) VALUES (2791, 'Anna Korhonen');
INSERT INTO Write (AuthorID, PaperID) VALUES (2791, 964);
INSERT INTO Author (AuthorID, Name) VALUES (2792, 'Sayanta Paul');
INSERT INTO Write (AuthorID, PaperID) VALUES (2792, 644);
INSERT INTO Author (AuthorID, Name) VALUES (2793, 'Mingxing Wang');
INSERT INTO Write (AuthorID, PaperID) VALUES (2793, 267);
INSERT INTO Author (AuthorID, Name) VALUES (2794, 'Hercules Dalianis');
INSERT INTO Write (AuthorID, PaperID) VALUES (2794, 1660);
INSERT INTO Author (AuthorID, Name) VALUES (2795, 'Ahmed Magdy Ezzeldin');
INSERT INTO Paper (PaperID, Title, Year, MDate, Key, DOI) VALUES (3104, 'ALQASIM: Arabic Language Question Answer Selection in Machines.', 2013, '2017-05-24', 'conf/clef/EzzeldinKE13', 'https://doi.org/10.1007/978-3-642-40802-1_12');
INSERT INTO Write (AuthorID, PaperID) VALUES (2795, 3104);
INSERT INTO Author (AuthorID, Name) VALUES (2796, 'Damien Nouvel');
INSERT INTO Write (AuthorID, PaperID) VALUES (2796, 2539);
INSERT INTO Author (AuthorID, Name) VALUES (2797, 'Elibeth Mirasol-Mel&eacute;ndez');
INSERT INTO Write (AuthorID, PaperID) VALUES (2797, 2599);
INSERT INTO Author (AuthorID, Name) VALUES (2798, 'Julien Perez');
INSERT INTO Write (AuthorID, PaperID) VALUES (2798, 737);
INSERT INTO Author (AuthorID, Name) VALUES (2799, 'Duy-Dinh Le');
INSERT INTO Write (AuthorID, PaperID) VALUES (2799, 1381);
INSERT INTO Author (AuthorID, Name) VALUES (2800, 'Timo van Kessel');
INSERT INTO Write (AuthorID, PaperID) VALUES (2800, 724);
INSERT INTO Author (AuthorID, Name) VALUES (2801, 'Yan-Tao Zheng');
INSERT INTO Write (AuthorID, PaperID) VALUES (2801, 977);
INSERT INTO Author (AuthorID, Name) VALUES (2802, 'Robin K&uuml;ppers');
INSERT INTO Write (AuthorID, PaperID) VALUES (2802, 451);
INSERT INTO Author (AuthorID, Name) VALUES (2803, 'Nicolas Fiorini');
INSERT INTO Write (AuthorID, PaperID) VALUES (2803, 1960);
INSERT INTO Author (AuthorID, Name) VALUES (2804, 'Haiwei Wu');
INSERT INTO Paper (PaperID, Title, Year, MDate, Key, DOI) VALUES (2534, 'Construction and Improvements of Bird Songs'' Classification System.', 2018, '2018-08-08', 'conf/clef/WuL18', 'http://ceur-ws.org/Vol-2125/paper_77.pdf');
INSERT INTO Write (AuthorID, PaperID) VALUES (2804, 2534);
INSERT INTO Author (AuthorID, Name) VALUES (2805, 'Linus Ericsson');
INSERT INTO Write (AuthorID, PaperID) VALUES (2805, 3255);
INSERT INTO Author (AuthorID, Name) VALUES (2806, 'Yiannis Kompatsiaris');
INSERT INTO Write (AuthorID, PaperID) VALUES (2806, 1781);
INSERT INTO Author (AuthorID, Name) VALUES (2807, 'Yuko Hara');
INSERT INTO Write (AuthorID, PaperID) VALUES (2807, 1569);
INSERT INTO Author (AuthorID, Name) VALUES (2808, 'Koki Yasumoto');
INSERT INTO Write (AuthorID, PaperID) VALUES (2808, 1569);
INSERT INTO Author (AuthorID, Name) VALUES (2809, 'Diana Ram&iacute;rez-Cifuentes');
INSERT INTO Paper (PaperID, Title, Year, MDate, Key, DOI) VALUES (114, 'UPF''s Participation at the CLEF eRisk 2018: Early Risk Prediction on the Internet.', 2018, '2018-08-08', 'conf/clef/Ramirez-Cifuentes18', 'http://ceur-ws.org/Vol-2125/paper_120.pdf');
INSERT INTO Write (AuthorID, PaperID) VALUES (2809, 114);
INSERT INTO Author (AuthorID, Name) VALUES (2810, 'Mohammed El Amine Abderrahim');
INSERT INTO Write (AuthorID, PaperID) VALUES (2810, 2322);
INSERT INTO Author (AuthorID, Name) VALUES (2811, 'Jeongmin Chae');
INSERT INTO Write (AuthorID, PaperID) VALUES (2811, 615);
INSERT INTO Author (AuthorID, Name) VALUES (2812, 'Justin van Wees');
INSERT INTO Write (AuthorID, PaperID) VALUES (2812, 232);
INSERT INTO Author (AuthorID, Name) VALUES (2813, 'Joachim Fugleberg');
INSERT INTO Write (AuthorID, PaperID) VALUES (2813, 1468);
INSERT INTO Author (AuthorID, Name) VALUES (2814, 'Jeff Z. Pan');
INSERT INTO Write (AuthorID, PaperID) VALUES (2814, 2592);
INSERT INTO Author (AuthorID, Name) VALUES (2815, 'Ming Hao');
INSERT INTO Write (AuthorID, PaperID) VALUES (2815, 343);
INSERT INTO Author (AuthorID, Name) VALUES (2816, 'Javier S&aacute;nchez-Junquera');
INSERT INTO Write (AuthorID, PaperID) VALUES (2816, 594);
INSERT INTO Author (AuthorID, Name) VALUES (2817, 'Thara S');
INSERT INTO Write (AuthorID, PaperID) VALUES (2817, 993);
INSERT INTO Author (AuthorID, Name) VALUES (2818, 'Katja Zupan');
INSERT INTO Write (AuthorID, PaperID) VALUES (2818, 1724);
INSERT INTO Author (AuthorID, Name) VALUES (2819, 'Jos&eacute; Lu&iacute;s Devezas');
INSERT INTO Write (AuthorID, PaperID) VALUES (2819, 3234);
INSERT INTO Author (AuthorID, Name) VALUES (2820, 'Daniel S&aacute;nchez-Cisneros');
INSERT INTO Write (AuthorID, PaperID) VALUES (2820, 469);
INSERT INTO Author (AuthorID, Name) VALUES (2821, 'Diana Mateus');
INSERT INTO Write (AuthorID, PaperID) VALUES (2821, 1083);
INSERT INTO Author (AuthorID, Name) VALUES (2822, 'Joana Barros');
INSERT INTO Write (AuthorID, PaperID) VALUES (2822, 1504);
INSERT INTO Author (AuthorID, Name) VALUES (2823, 'Marta Gonz&aacute;lez Rodr&iacute;guez');
INSERT INTO Write (AuthorID, PaperID) VALUES (2823, 1458);
INSERT INTO Author (AuthorID, Name) VALUES (2824, 'Belhassen Akrout');
INSERT INTO Write (AuthorID, PaperID) VALUES (2824, 1426);
INSERT INTO Author (AuthorID, Name) VALUES (2825, 'Svitlana Babych');
INSERT INTO Write (AuthorID, PaperID) VALUES (2825, 2236);
INSERT INTO Author (AuthorID, Name) VALUES (2826, 'Andreas R. Ludwig');
INSERT INTO Write (AuthorID, PaperID) VALUES (2826, 1404);
INSERT INTO Author (AuthorID, Name) VALUES (2827, 'Ismail Badache');
INSERT INTO Write (AuthorID, PaperID) VALUES (2827, 1778);
INSERT INTO Author (AuthorID, Name) VALUES (2828, 'Xing Xu');
INSERT INTO Write (AuthorID, PaperID) VALUES (2828, 3442);
INSERT INTO Author (AuthorID, Name) VALUES (2829, 'Eriks Sneiders');
INSERT INTO Write (AuthorID, PaperID) VALUES (2829, 248);
INSERT INTO Author (AuthorID, Name) VALUES (2830, 'Koki Nagatani');
INSERT INTO Write (AuthorID, PaperID) VALUES (2830, 771);
INSERT INTO Author (AuthorID, Name) VALUES (2831, 'Anh Tuan Tran 0002');
INSERT INTO Write (AuthorID, PaperID) VALUES (2831, 2624);
INSERT INTO Author (AuthorID, Name) VALUES (2832, 'Cristina G&acirc;rbacea');
INSERT INTO Write (AuthorID, PaperID) VALUES (2832, 1955);
INSERT INTO Author (AuthorID, Name) VALUES (2833, 'Sikun Chen');
INSERT INTO Write (AuthorID, PaperID) VALUES (2833, 1019);
INSERT INTO Author (AuthorID, Name) VALUES (2834, 'Ritwik Banerjee');
INSERT INTO Write (AuthorID, PaperID) VALUES (2834, 1170);
INSERT INTO Author (AuthorID, Name) VALUES (2835, 'Jos&eacute; Eleandro Cust&oacute;dio');
INSERT INTO Write (AuthorID, PaperID) VALUES (2835, 282);
INSERT INTO Author (AuthorID, Name) VALUES (2836, 'Antonia Kyriakopoulou');
INSERT INTO Write (AuthorID, PaperID) VALUES (2836, 1430);
INSERT INTO Author (AuthorID, Name) VALUES (2837, 'Juho Heimonen');
INSERT INTO Write (AuthorID, PaperID) VALUES (2837, 2372);
INSERT INTO Author (AuthorID, Name) VALUES (2838, 'Marjan Hosseinia');
INSERT INTO Write (AuthorID, PaperID) VALUES (2838, 2634);
INSERT INTO Author (AuthorID, Name) VALUES (2839, 'Yunhong Wang');
INSERT INTO Write (AuthorID, PaperID) VALUES (2839, 354);
INSERT INTO Author (AuthorID, Name) VALUES (2840, 'Cl&eacute;ment Bosc');
INSERT INTO Write (AuthorID, PaperID) VALUES (2840, 1460);
INSERT INTO Author (AuthorID, Name) VALUES (2841, 'Devanshu Jain');
INSERT INTO Paper (PaperID, Title, Year, MDate, Key, DOI) VALUES (840, 'Supervised Named Entity Recognition for Clinical Data.', 2015, '2015-09-03', 'conf/clef/Jain15', 'http://ceur-ws.org/Vol-1391/9-CR.pdf');
INSERT INTO Write (AuthorID, PaperID) VALUES (2841, 840);
INSERT INTO Author (AuthorID, Name) VALUES (2842, 'Alex Rosenthal');
INSERT INTO Write (AuthorID, PaperID) VALUES (2842, 3502);
INSERT INTO Author (AuthorID, Name) VALUES (2843, 'Jo&atilde;o Sequeira');
INSERT INTO Write (AuthorID, PaperID) VALUES (2843, 458);
INSERT INTO Author (AuthorID, Name) VALUES (2844, 'Brahim Douar');
INSERT INTO Write (AuthorID, PaperID) VALUES (2844, 1806);
INSERT INTO Author (AuthorID, Name) VALUES (2845, 'Andrei-Dumitru Balmos');
INSERT INTO Write (AuthorID, PaperID) VALUES (2845, 3440);
INSERT INTO Author (AuthorID, Name) VALUES (2846, 'Seung-Hoon Na');
INSERT INTO Write (AuthorID, PaperID) VALUES (2846, 2337);
INSERT INTO Author (AuthorID, Name) VALUES (2847, 'Modesto Castrill&oacute;n Santana');
INSERT INTO Write (AuthorID, PaperID) VALUES (2847, 1642);
INSERT INTO Author (AuthorID, Name) VALUES (2848, 'Salha Alzahrani');
INSERT INTO Write (AuthorID, PaperID) VALUES (2848, 1854);
INSERT INTO Author (AuthorID, Name) VALUES (2849, 'Pattabhi R. K. Rao');
INSERT INTO Write (AuthorID, PaperID) VALUES (2849, 3083);
INSERT INTO Author (AuthorID, Name) VALUES (2850, 'Sergio Jim&eacute;nez 0001');
INSERT INTO Write (AuthorID, PaperID) VALUES (2850, 581);
INSERT INTO Author (AuthorID, Name) VALUES (2851, 'Eduardo Valle');
INSERT INTO Write (AuthorID, PaperID) VALUES (2851, 3393);
INSERT INTO Author (AuthorID, Name) VALUES (2852, 'Syed Husnain Bukhari');
INSERT INTO Write (AuthorID, PaperID) VALUES (2852, 1945);
INSERT INTO Author (AuthorID, Name) VALUES (2853, 'Till Plumbaum');
INSERT INTO Write (AuthorID, PaperID) VALUES (2853, 126);
INSERT INTO Author (AuthorID, Name) VALUES (2854, 'L&eacute;a Delvenne');
INSERT INTO Write (AuthorID, PaperID) VALUES (2854, 1900);
INSERT INTO Author (AuthorID, Name) VALUES (2855, 'Graham McDonald');
INSERT INTO Write (AuthorID, PaperID) VALUES (2855, 640);
INSERT INTO Author (AuthorID, Name) VALUES (2856, 'Georges Linar&egrave;s');
INSERT INTO Write (AuthorID, PaperID) VALUES (2856, 328);
INSERT INTO Author (AuthorID, Name) VALUES (2857, 'Robert Leaman');
INSERT INTO Write (AuthorID, PaperID) VALUES (2857, 2251);
INSERT INTO Author (AuthorID, Name) VALUES (2858, 'S&iacute;lvia Delgado Olabarriaga');
INSERT INTO Paper (PaperID, Title, Year, MDate, Key, DOI) VALUES (754, 'Predicting Publication Inclusion for Diagnostic Accuracy Test Reviews Using Random Forests and Topic Modelling.', 2017, '2017-12-18', 'conf/clef/AltenaO17', 'http://ceur-ws.org/Vol-1866/paper_115.pdf');
INSERT INTO Write (AuthorID, PaperID) VALUES (2858, 754);
INSERT INTO Author (AuthorID, Name) VALUES (2859, 'Lynne Edwards');
INSERT INTO Write (AuthorID, PaperID) VALUES (2859, 3316);
INSERT INTO Author (AuthorID, Name) VALUES (2860, 'Ting Liu');
INSERT INTO Write (AuthorID, PaperID) VALUES (2860, 1699);
INSERT INTO Author (AuthorID, Name) VALUES (2861, 'R. Vijay Sundar Ram');
INSERT INTO Write (AuthorID, PaperID) VALUES (2861, 3083);
INSERT INTO Author (AuthorID, Name) VALUES (2862, 'Bj&ouml;rn Rudzewitz');
INSERT INTO Write (AuthorID, PaperID) VALUES (2862, 3435);
INSERT INTO Author (AuthorID, Name) VALUES (2863, 'Camille Rohrbacher');
INSERT INTO Write (AuthorID, PaperID) VALUES (2863, 1900);
INSERT INTO Author (AuthorID, Name) VALUES (2864, 'Yuanzhe Zhang');
INSERT INTO Write (AuthorID, PaperID) VALUES (2864, 897);
INSERT INTO Author (AuthorID, Name) VALUES (2865, 'Michael Kleineberg');
INSERT INTO Write (AuthorID, PaperID) VALUES (2865, 3295);
INSERT INTO Author (AuthorID, Name) VALUES (2866, 'Maxime Portaz');
INSERT INTO Write (AuthorID, PaperID) VALUES (2866, 710);
INSERT INTO Author (AuthorID, Name) VALUES (2867, 'Julio J. Castillo');
INSERT INTO Paper (PaperID, Title, Year, MDate, Key, DOI) VALUES (393, 'The Contribution of FaMAF at QA@CLEF 2008. Answer Validation Exercise.', 2008, '2014-09-29', 'conf/clef/Castillo08', 'http://ceur-ws.org/Vol-1174/CLEF2008wn-QACLEF-Castillo2008.pdf');
INSERT INTO Write (AuthorID, PaperID) VALUES (2867, 393);
INSERT INTO Author (AuthorID, Name) VALUES (2868, 'Toby P. Breckon');
INSERT INTO Write (AuthorID, PaperID) VALUES (2868, 2683);
INSERT INTO Author (AuthorID, Name) VALUES (2869, 'Francesco Grippo');
INSERT INTO Write (AuthorID, PaperID) VALUES (2869, 190);
INSERT INTO Author (AuthorID, Name) VALUES (2870, 'Jan Snajder');
INSERT INTO Paper (PaperID, Title, Year, MDate, Key, DOI) VALUES (1315, 'Evaluation of Manual Query Expansion Rules on a Domain Specific FAQ Collection.', 2015, '2018-11-02', 'conf/clef/KaranS15', 'https://doi.org/10.1007/978-3-319-24027-5_24');
INSERT INTO Write (AuthorID, PaperID) VALUES (2870, 1315);
INSERT INTO Author (AuthorID, Name) VALUES (2871, 'Ilya Sochenkov');
INSERT INTO Write (AuthorID, PaperID) VALUES (2871, 1433);
INSERT INTO Author (AuthorID, Name) VALUES (2872, 'Vladimir Salgado');
INSERT INTO Write (AuthorID, PaperID) VALUES (2872, 2393);
INSERT INTO Author (AuthorID, Name) VALUES (2873, 'Maseud Rahgozar');
INSERT INTO Write (AuthorID, PaperID) VALUES (2873, 546);
INSERT INTO Author (AuthorID, Name) VALUES (2874, 'Erik Wistrup');
INSERT INTO Write (AuthorID, PaperID) VALUES (2874, 2781);
INSERT INTO Author (AuthorID, Name) VALUES (2875, 'Barbara Kelly');
INSERT INTO Write (AuthorID, PaperID) VALUES (2875, 1156);
INSERT INTO Author (AuthorID, Name) VALUES (2876, 'Aurlie Baker');
INSERT INTO Write (AuthorID, PaperID) VALUES (2876, 783);
INSERT INTO Author (AuthorID, Name) VALUES (2877, 'Christos Sagonas');
INSERT INTO Write (AuthorID, PaperID) VALUES (2877, 1781);
INSERT INTO Author (AuthorID, Name) VALUES (2878, 'Ren&eacute; Schuster');
INSERT INTO Write (AuthorID, PaperID) VALUES (2878, 2609);
INSERT INTO Author (AuthorID, Name) VALUES (2879, 'Herman van Haagen');
INSERT INTO Write (AuthorID, PaperID) VALUES (2879, 1454);
INSERT INTO Author (AuthorID, Name) VALUES (2880, 'Vincent Ranwez');
INSERT INTO Write (AuthorID, PaperID) VALUES (2880, 1960);
INSERT INTO Author (AuthorID, Name) VALUES (2881, 'Mathias Quillot');
INSERT INTO Write (AuthorID, PaperID) VALUES (2881, 395);
INSERT INTO Author (AuthorID, Name) VALUES (2882, 'Giuseppe Tino');
INSERT INTO Write (AuthorID, PaperID) VALUES (2882, 1687);
INSERT INTO Author (AuthorID, Name) VALUES (2883, 'Marco Vanetti');
INSERT INTO Write (AuthorID, PaperID) VALUES (2883, 2013);
INSERT INTO Author (AuthorID, Name) VALUES (2884, 'Antal van den Bosch');
INSERT INTO Write (AuthorID, PaperID) VALUES (2884, 1657);
INSERT INTO Author (AuthorID, Name) VALUES (2885, 'Adeel Nawab');
INSERT INTO Write (AuthorID, PaperID) VALUES (2885, 3005);
INSERT INTO Author (AuthorID, Name) VALUES (2886, 'Shin-Jae Kang');
INSERT INTO Write (AuthorID, PaperID) VALUES (2886, 2337);
INSERT INTO Author (AuthorID, Name) VALUES (2887, 'Roberto Basili 0001');
INSERT INTO Write (AuthorID, PaperID) VALUES (2887, 1902);
INSERT INTO Author (AuthorID, Name) VALUES (2888, 'Olivier Saurer');
INSERT INTO Write (AuthorID, PaperID) VALUES (2888, 2079);
INSERT INTO Author (AuthorID, Name) VALUES (2889, 'Anita Keszler');
INSERT INTO Write (AuthorID, PaperID) VALUES (2889, 103);
INSERT INTO Author (AuthorID, Name) VALUES (2890, 'Sebastian Kastner');
INSERT INTO Write (AuthorID, PaperID) VALUES (2890, 152);
INSERT INTO Author (AuthorID, Name) VALUES (2891, 'Guangyou Zhou');
INSERT INTO Write (AuthorID, PaperID) VALUES (2891, 1413);
INSERT INTO Author (AuthorID, Name) VALUES (2892, 'Shalini Gangwar');
INSERT INTO Write (AuthorID, PaperID) VALUES (2892, 1087);
INSERT INTO Author (AuthorID, Name) VALUES (2893, 'Soonchoul Kwon');
INSERT INTO Write (AuthorID, PaperID) VALUES (2893, 2012);
INSERT INTO Author (AuthorID, Name) VALUES (2894, 'Bartosz Broda');
INSERT INTO Write (AuthorID, PaperID) VALUES (2894, 1096);
INSERT INTO Author (AuthorID, Name) VALUES (2895, 'Rim Faiz');
INSERT INTO Write (AuthorID, PaperID) VALUES (2895, 2374);
INSERT INTO Author (AuthorID, Name) VALUES (2896, 'Ivan Bilan');
INSERT INTO Paper (PaperID, Title, Year, MDate, Key, DOI) VALUES (3506, 'CAPS: A Cross-genre Author Profiling System.', 2016, '2016-08-11', 'conf/clef/BilanZ16', 'http://ceur-ws.org/Vol-1609/16090824.pdf');
INSERT INTO Write (AuthorID, PaperID) VALUES (2896, 3506);
INSERT INTO Author (AuthorID, Name) VALUES (2897, 'No&eacute;mie Petitcol');
INSERT INTO Write (AuthorID, PaperID) VALUES (2897, 1460);
INSERT INTO Author (AuthorID, Name) VALUES (2898, 'Israr Hanif');
INSERT INTO Write (AuthorID, PaperID) VALUES (2898, 3005);
INSERT INTO Author (AuthorID, Name) VALUES (2899, 'Christian Hansen');
INSERT INTO Write (AuthorID, PaperID) VALUES (2899, 2529);
INSERT INTO Author (AuthorID, Name) VALUES (2900, 'Epaminondas Kapetanios');
INSERT INTO Paper (PaperID, Title, Year, MDate, Key, DOI) VALUES (272, 'Evaluating the Impact of Personal Dictionaries for Cross-Language Information Retrieval of Socially Annotated Images.', 2008, '2014-09-29', 'conf/clef/TanaseK08', 'http://ceur-ws.org/Vol-1174/CLEF2008wn-iCLEF-TanaseEt2008.pdf');
INSERT INTO Write (AuthorID, PaperID) VALUES (2900, 272);
INSERT INTO Author (AuthorID, Name) VALUES (2901, 'Marco Turchi');
INSERT INTO Write (AuthorID, PaperID) VALUES (2901, 1074);
INSERT INTO Author (AuthorID, Name) VALUES (2902, 'Marius Kloft');
INSERT INTO Write (AuthorID, PaperID) VALUES (2902, 502);
INSERT INTO Author (AuthorID, Name) VALUES (2903, 'Fl&aacute;vio Martins');
INSERT INTO Write (AuthorID, PaperID) VALUES (2903, 1107);
INSERT INTO Author (AuthorID, Name) VALUES (2904, 'Warren Fridy III');
INSERT INTO Write (AuthorID, PaperID) VALUES (2904, 3017);
INSERT INTO Author (AuthorID, Name) VALUES (2905, 'Casper Hansen');
INSERT INTO Write (AuthorID, PaperID) VALUES (2905, 2529);
INSERT INTO Author (AuthorID, Name) VALUES (2906, 'Md Sajib Ahmed');
INSERT INTO Write (AuthorID, PaperID) VALUES (2906, 2846);
INSERT INTO Author (AuthorID, Name) VALUES (2907, 'Alexandru Calfa');
INSERT INTO Write (AuthorID, PaperID) VALUES (2907, 3302);
INSERT INTO Author (AuthorID, Name) VALUES (2908, 'Jon Dehdari');
INSERT INTO Write (AuthorID, PaperID) VALUES (2908, 1712);
INSERT INTO Author (AuthorID, Name) VALUES (2909, 'Lucas Correia Ribas');
INSERT INTO Write (AuthorID, PaperID) VALUES (2909, 1559);
INSERT INTO Author (AuthorID, Name) VALUES (2910, 'Arantza D&iacute;az de Ilarraza');
INSERT INTO Write (AuthorID, PaperID) VALUES (2910, 2400);
INSERT INTO Author (AuthorID, Name) VALUES (2911, 'Rafael E. Banchs');
INSERT INTO Write (AuthorID, PaperID) VALUES (2911, 2405);
INSERT INTO Author (AuthorID, Name) VALUES (2912, 'Sarah A. Goodman');
INSERT INTO Paper (PaperID, Title, Year, MDate, Key, DOI) VALUES (1970, 'Morphological Induction Through Linguistic Productivity.', 2008, '2014-09-29', 'conf/clef/Goodman08', 'http://ceur-ws.org/Vol-1174/CLEF2008wn-MorphoChallenge-Goodman2008.pdf');
INSERT INTO Write (AuthorID, PaperID) VALUES (2912, 1970);
INSERT INTO Author (AuthorID, Name) VALUES (2913, 'Santiago Mois&eacute;s Mola-Velasco');
INSERT INTO Paper (PaperID, Title, Year, MDate, Key, DOI) VALUES (2245, 'Wikipedia Vandalism Detection Through Machine Learning: Feature Review and New Proposals - Lab Report for PAN at CLEF 2010.', 2010, '2016-06-01', 'conf/clef/Velasco10', 'http://www.clef-initiative.eu/documents/71612/86374/CLEF2010wn-PAN-Mola%20Velasco2010.pdf');
INSERT INTO Write (AuthorID, PaperID) VALUES (2913, 2245);
INSERT INTO Author (AuthorID, Name) VALUES (2914, 'Guilherme de Oliveira da Costa Marques');
INSERT INTO Write (AuthorID, PaperID) VALUES (2914, 528);
INSERT INTO Author (AuthorID, Name) VALUES (2915, 'Daniela Grijincu');
INSERT INTO Write (AuthorID, PaperID) VALUES (2915, 40);
INSERT INTO Author (AuthorID, Name) VALUES (2916, 'Andrew D. Walker');
INSERT INTO Write (AuthorID, PaperID) VALUES (2916, 2592);
INSERT INTO Author (AuthorID, Name) VALUES (2917, 'Amal Htait');
INSERT INTO Write (AuthorID, PaperID) VALUES (2917, 3250);
INSERT INTO Author (AuthorID, Name) VALUES (2918, 'Florence Andreacola');
INSERT INTO Write (AuthorID, PaperID) VALUES (2918, 1649);
INSERT INTO Author (AuthorID, Name) VALUES (2919, 'Harry Hochheiser');
INSERT INTO Write (AuthorID, PaperID) VALUES (2919, 7);
INSERT INTO Author (AuthorID, Name) VALUES (2920, 'Marco Ferrante');
INSERT INTO Write (AuthorID, PaperID) VALUES (2920, 2540);
INSERT INTO Author (AuthorID, Name) VALUES (2921, 'Sarah H. Harvey');
INSERT INTO Paper (PaperID, Title, Year, MDate, Key, DOI) VALUES (388, 'Author Verification using PPM with Parts of Speech Tagging.', 2014, '2019-03-07', 'conf/clef/Harvey14', 'http://ceur-ws.org/Vol-1180/CLEF2014wn-Pan-Harvey2014.pdf');
INSERT INTO Write (AuthorID, PaperID) VALUES (2921, 388);
INSERT INTO Author (AuthorID, Name) VALUES (2922, 'A. Lamb');
INSERT INTO Write (AuthorID, PaperID) VALUES (2922, 3437);
INSERT INTO Author (AuthorID, Name) VALUES (2923, 'Georgios Barlas');
INSERT INTO Write (AuthorID, PaperID) VALUES (2923, 3447);
INSERT INTO Author (AuthorID, Name) VALUES (2924, 'Istv&aacute;n Heged&uuml;s');
INSERT INTO Write (AuthorID, PaperID) VALUES (2924, 1130);
INSERT INTO Author (AuthorID, Name) VALUES (2925, 'Anastasia Motrenko');
INSERT INTO Write (AuthorID, PaperID) VALUES (2925, 326);
INSERT INTO Author (AuthorID, Name) VALUES (2926, 'Tobias Strau&szlig;');
INSERT INTO Write (AuthorID, PaperID) VALUES (2926, 679);
INSERT INTO Author (AuthorID, Name) VALUES (2927, 'Mariusz Paradowski');
INSERT INTO Write (AuthorID, PaperID) VALUES (2927, 1096);
INSERT INTO Author (AuthorID, Name) VALUES (2928, 'Thi Quynh Nhi Tran');
INSERT INTO Write (AuthorID, PaperID) VALUES (2928, 447);
INSERT INTO Author (AuthorID, Name) VALUES (2929, 'Zolt&aacute;n Mikl&oacute;s 0001');
INSERT INTO Write (AuthorID, PaperID) VALUES (2929, 565);
INSERT INTO Author (AuthorID, Name) VALUES (2930, 'Cristina Serban');
INSERT INTO Write (AuthorID, PaperID) VALUES (2930, 1987);
INSERT INTO Author (AuthorID, Name) VALUES (2931, 'Helga Piorek');
INSERT INTO Write (AuthorID, PaperID) VALUES (2931, 1404);
INSERT INTO Author (AuthorID, Name) VALUES (2932, 'Yu-Cheng Liu');
INSERT INTO Paper (PaperID, Title, Year, MDate, Key, DOI) VALUES (214, 'CLEFeHealth 2014 Normalization of Information Extraction Challenge using Multi-model Method.', 2014, '2014-09-10', 'conf/clef/LiuK14', 'http://ceur-ws.org/Vol-1180/CLEF2014wn-eHealth-LiuEt2014a.pdf');
INSERT INTO Write (AuthorID, PaperID) VALUES (2932, 214);
INSERT INTO Author (AuthorID, Name) VALUES (2933, 'Manfred Gschwandtner');
INSERT INTO Write (AuthorID, PaperID) VALUES (2933, 3106);
INSERT INTO Author (AuthorID, Name) VALUES (2934, 'Nithish B. Moudhgalya');
INSERT INTO Write (AuthorID, PaperID) VALUES (2934, 2694);
INSERT INTO Author (AuthorID, Name) VALUES (2935, 'Ricardo A. Baeza-Yates');
INSERT INTO Paper (PaperID, Title, Year, MDate, Key, DOI) VALUES (884, 'Retrieval Evaluation in Practice.', 2010, '2018-06-26', 'conf/clef/Baeza-Yates10', 'https://doi.org/10.1007/978-3-642-15998-5_2');
INSERT INTO Write (AuthorID, PaperID) VALUES (2935, 884);
INSERT INTO Author (AuthorID, Name) VALUES (2936, 'Istv&aacute;n Nagy T.');
INSERT INTO Write (AuthorID, PaperID) VALUES (2936, 1397);
INSERT INTO Author (AuthorID, Name) VALUES (2937, 'Fran&ccedil;ois Munoz');
INSERT INTO Write (AuthorID, PaperID) VALUES (2937, 2700);
INSERT INTO Author (AuthorID, Name) VALUES (2938, 'Vincent Van Asch');
INSERT INTO Write (AuthorID, PaperID) VALUES (2938, 3382);
INSERT INTO Author (AuthorID, Name) VALUES (2939, 'Georgi Karadjov');
INSERT INTO Write (AuthorID, PaperID) VALUES (2939, 659);
INSERT INTO Author (AuthorID, Name) VALUES (2940, 'Pablo Su&aacute;rez');
INSERT INTO Write (AuthorID, PaperID) VALUES (2940, 1509);
INSERT INTO Author (AuthorID, Name) VALUES (2941, 'Max Pfingsthorn');
INSERT INTO Write (AuthorID, PaperID) VALUES (2941, 2226);
INSERT INTO Author (AuthorID, Name) VALUES (2942, 'Gregor Thurmair');
INSERT INTO Paper (PaperID, Title, Year, MDate, Key, DOI) VALUES (991, 'Issues When Building CLIR Applications: Outline of Invited Talk at CLEF 2004 Workshop.', 2004, '2014-08-15', 'conf/clef/Thurmair04', 'http://ceur-ws.org/Vol-1170/CLEF2004wn-other-Thurmair2004.pdf');
INSERT INTO Write (AuthorID, PaperID) VALUES (2942, 991);
INSERT INTO Author (AuthorID, Name) VALUES (2943, 'Stefan Klampfl');
INSERT INTO Write (AuthorID, PaperID) VALUES (2943, 3371);
INSERT INTO Author (AuthorID, Name) VALUES (2944, 'Maya Satratzemi');
INSERT INTO Write (AuthorID, PaperID) VALUES (2944, 1553);
INSERT INTO Author (AuthorID, Name) VALUES (2945, 'David Hern&aacute;ndez-Aranda');
INSERT INTO Write (AuthorID, PaperID) VALUES (2945, 996);
INSERT INTO Author (AuthorID, Name) VALUES (2946, 'Fr&eacute;d&eacute;rique Segond');
INSERT INTO Write (AuthorID, PaperID) VALUES (2946, 2539);
INSERT INTO Author (AuthorID, Name) VALUES (2947, 'Georgios Paltoglou');
INSERT INTO Write (AuthorID, PaperID) VALUES (2947, 1577);
INSERT INTO Author (AuthorID, Name) VALUES (2948, 'Feraena Bibyna');
INSERT INTO Write (AuthorID, PaperID) VALUES (2948, 3054);
INSERT INTO Author (AuthorID, Name) VALUES (2949, 'Navdeep Sood');
INSERT INTO Paper (PaperID, Title, Year, MDate, Key, DOI) VALUES (407, 'Disorder Concept Identification from Clinical Notes: an Experience with the ShARe/CLEF 2013 Challenge.', 2013, '2014-09-10', 'conf/clef/FanSH13', 'http://ceur-ws.org/Vol-1179/CLEF2013wn-CLEFeHealth-FanEt2013.pdf');
INSERT INTO Write (AuthorID, PaperID) VALUES (2949, 407);
INSERT INTO Author (AuthorID, Name) VALUES (2950, 'Ralf Zimmermann');
INSERT INTO Write (AuthorID, PaperID) VALUES (2950, 3211);
INSERT INTO Author (AuthorID, Name) VALUES (2951, 'Cynthia C. S. Liem');
INSERT INTO Write (AuthorID, PaperID) VALUES (2951, 490);
INSERT INTO Author (AuthorID, Name) VALUES (2952, 'Tsun-Hsien Tang');
INSERT INTO Write (AuthorID, PaperID) VALUES (2952, 1246);
INSERT INTO Author (AuthorID, Name) VALUES (2953, 'Xuanjing Huang');
INSERT INTO Write (AuthorID, PaperID) VALUES (2953, 3508);
INSERT INTO Author (AuthorID, Name) VALUES (2954, 'Rodrigo de Carvalho Gomes');
INSERT INTO Write (AuthorID, PaperID) VALUES (2954, 1559);
INSERT INTO Author (AuthorID, Name) VALUES (2955, 'Mohamed Ezzarka');
INSERT INTO Write (AuthorID, PaperID) VALUES (2955, 3176);
INSERT INTO Author (AuthorID, Name) VALUES (2956, 'Moshe Koppel');
INSERT INTO Write (AuthorID, PaperID) VALUES (2956, 3351);
INSERT INTO Author (AuthorID, Name) VALUES (2957, 'Ill&eacute;s Solt');
INSERT INTO Write (AuthorID, PaperID) VALUES (2957, 2195);
INSERT INTO Author (AuthorID, Name) VALUES (2958, 'Sergio Duarte');
INSERT INTO Write (AuthorID, PaperID) VALUES (2958, 522);
INSERT INTO Author (AuthorID, Name) VALUES (2959, 'Jos&eacute; Duarte');
INSERT INTO Write (AuthorID, PaperID) VALUES (2959, 942);
INSERT INTO Author (AuthorID, Name) VALUES (2960, 'Adrian Michalke');
INSERT INTO Write (AuthorID, PaperID) VALUES (2960, 1369);
INSERT INTO Author (AuthorID, Name) VALUES (2961, 'Anand');
INSERT INTO Write (AuthorID, PaperID) VALUES (2961, 1451);
INSERT INTO Author (AuthorID, Name) VALUES (2962, 'Sanna Kumpulainen');
INSERT INTO Write (AuthorID, PaperID) VALUES (2962, 2447);
INSERT INTO Author (AuthorID, Name) VALUES (2963, 'Mike Nachtegael');
INSERT INTO Write (AuthorID, PaperID) VALUES (2963, 2195);
INSERT INTO Author (AuthorID, Name) VALUES (2964, 'Eduard Snezhko');
INSERT INTO Write (AuthorID, PaperID) VALUES (2964, 3502);
INSERT INTO Author (AuthorID, Name) VALUES (2965, 'Jong-Hyeok Lee');
INSERT INTO Paper (PaperID, Title, Year, MDate, Key, DOI) VALUES (1307, 'Subtopic Mining Based on Head-Modifier Relation and Co-occurrence of Intents Using Web Documents.', 2013, '2017-05-24', 'conf/clef/KimL13', 'https://doi.org/10.1007/978-3-642-40802-1_22');
INSERT INTO Write (AuthorID, PaperID) VALUES (2965, 1307);
INSERT INTO Author (AuthorID, Name) VALUES (2966, 'Ingride-Paula Epure');
INSERT INTO Write (AuthorID, PaperID) VALUES (2966, 2863);
INSERT INTO Author (AuthorID, Name) VALUES (2967, 'Anjara Saloma');
INSERT INTO Write (AuthorID, PaperID) VALUES (2967, 2437);
INSERT INTO Author (AuthorID, Name) VALUES (2968, 'Juan Sebastian Ot&aacute;lora Montenegro');
INSERT INTO Write (AuthorID, PaperID) VALUES (2968, 100);
INSERT INTO Author (AuthorID, Name) VALUES (2969, 'Rodrigo Tripodi Calumby');
INSERT INTO Write (AuthorID, PaperID) VALUES (2969, 3164);
INSERT INTO Author (AuthorID, Name) VALUES (2970, 'Asem Kasem');
INSERT INTO Paper (PaperID, Title, Year, MDate, Key, DOI) VALUES (707, 'Leveraging Content and Context in Understanding Activities of Daily Living.', 2018, '2018-08-08', 'conf/clef/DaoKN18', 'http://ceur-ws.org/Vol-2125/paper_158.pdf');
INSERT INTO Write (AuthorID, PaperID) VALUES (2970, 707);
INSERT INTO Author (AuthorID, Name) VALUES (2971, 'Julia Baquero');
INSERT INTO Write (AuthorID, PaperID) VALUES (2971, 581);
INSERT INTO Author (AuthorID, Name) VALUES (2972, 'Pedro Saleiro');
INSERT INTO Write (AuthorID, PaperID) VALUES (2972, 3118);
INSERT INTO Author (AuthorID, Name) VALUES (2973, 'Eun-Bee Kang');
INSERT INTO Write (AuthorID, PaperID) VALUES (2973, 1900);
INSERT INTO Author (AuthorID, Name) VALUES (2974, 'Se-Jong Kim');
INSERT INTO Write (AuthorID, PaperID) VALUES (2974, 1307);
INSERT INTO Author (AuthorID, Name) VALUES (2975, 'Chih-Hsuan Wei');
INSERT INTO Write (AuthorID, PaperID) VALUES (2975, 1707);
INSERT INTO Author (AuthorID, Name) VALUES (2976, 'Lun-Wei Ku');
INSERT INTO Write (AuthorID, PaperID) VALUES (2976, 214);
INSERT INTO Author (AuthorID, Name) VALUES (2977, 'Charalampos Marantos');
INSERT INTO Write (AuthorID, PaperID) VALUES (2977, 783);
INSERT INTO Author (AuthorID, Name) VALUES (2978, 'V&iacute;ctor David M&eacute;ndez S&aacute;enz');
INSERT INTO Write (AuthorID, PaperID) VALUES (2978, 784);
INSERT INTO Author (AuthorID, Name) VALUES (2979, 'Claude Roux');
INSERT INTO Write (AuthorID, PaperID) VALUES (2979, 737);
INSERT INTO Author (AuthorID, Name) VALUES (2980, 'Ren&eacute; Arnulfo Garc&iacute;a-Hern&aacute;ndez');
INSERT INTO Paper (PaperID, Title, Year, MDate, Key, DOI) VALUES (1871, 'UAEMex at ImageCLEF 2016: Handwritten Retrieval.', 2016, '2016-08-11', 'conf/clef/CalderonGL16', 'http://ceur-ws.org/Vol-1609/16090299.pdf');
INSERT INTO Write (AuthorID, PaperID) VALUES (2980, 1871);
INSERT INTO Author (AuthorID, Name) VALUES (2981, 'Dawn J. Lawrie');
INSERT INTO Write (AuthorID, PaperID) VALUES (2981, 3115);
INSERT INTO Author (AuthorID, Name) VALUES (2982, 'Marco Bertini');
INSERT INTO Write (AuthorID, PaperID) VALUES (2982, 118);
INSERT INTO Author (AuthorID, Name) VALUES (2983, 'Jordan Fr&eacute;ry');
INSERT INTO Write (AuthorID, PaperID) VALUES (2983, 2439);
INSERT INTO Author (AuthorID, Name) VALUES (2984, 'Nathana&ecirc;la Andrianasolo');
INSERT INTO Write (AuthorID, PaperID) VALUES (2984, 925);
INSERT INTO Author (AuthorID, Name) VALUES (2985, 'Vincent Emonet');
INSERT INTO Write (AuthorID, PaperID) VALUES (2985, 1169);
INSERT INTO Author (AuthorID, Name) VALUES (2986, 'Xiangdong Su');
INSERT INTO Write (AuthorID, PaperID) VALUES (2986, 1050);
INSERT INTO Author (AuthorID, Name) VALUES (2987, 'Maximilian Michel');
INSERT INTO Write (AuthorID, PaperID) VALUES (2987, 2113);
INSERT INTO Author (AuthorID, Name) VALUES (2988, 'Mark A. Greenwood');
INSERT INTO Write (AuthorID, PaperID) VALUES (2988, 3032);
INSERT INTO Author (AuthorID, Name) VALUES (2989, 'Yan Liu');
INSERT INTO Write (AuthorID, PaperID) VALUES (2989, 3221);
INSERT INTO Author (AuthorID, Name) VALUES (2990, 'Marco Dussin');
INSERT INTO Write (AuthorID, PaperID) VALUES (2990, 1687);
INSERT INTO Author (AuthorID, Name) VALUES (2991, 'Binod Gyawali');
INSERT INTO Write (AuthorID, PaperID) VALUES (2991, 1777);
INSERT INTO Author (AuthorID, Name) VALUES (2992, 'Serguei A. Mokhov');
INSERT INTO Paper (PaperID, Title, Year, MDate, Key, DOI) VALUES (827, 'A MARFCLEF Approach to LifeCLEF 2015 Tasks.', 2015, '2015-09-03', 'conf/clef/Mokhov15', 'http://ceur-ws.org/Vol-1391/165-CR.pdf');
INSERT INTO Write (AuthorID, PaperID) VALUES (2992, 827);
INSERT INTO Author (AuthorID, Name) VALUES (2993, 'Bruno Tellez');
INSERT INTO Write (AuthorID, PaperID) VALUES (2993, 1252);
INSERT INTO Author (AuthorID, Name) VALUES (2994, 'Nada Ghneim');
INSERT INTO Write (AuthorID, PaperID) VALUES (2994, 3052);
INSERT INTO Author (AuthorID, Name) VALUES (2995, 'C&eacute;cile Fabre');
INSERT INTO Write (AuthorID, PaperID) VALUES (2995, 1900);
INSERT INTO Author (AuthorID, Name) VALUES (2996, 'Jorge Cabrera-G&aacute;mez');
INSERT INTO Write (AuthorID, PaperID) VALUES (2996, 1642);
INSERT INTO Author (AuthorID, Name) VALUES (2997, 'Maya Carrillo');
INSERT INTO Write (AuthorID, PaperID) VALUES (2997, 2075);
INSERT INTO Author (AuthorID, Name) VALUES (2998, 'Karolina Brodzinska');
INSERT INTO Write (AuthorID, PaperID) VALUES (2998, 473);
INSERT INTO Author (AuthorID, Name) VALUES (2999, 'Angel Israel Toledo Castro');
INSERT INTO Write (AuthorID, PaperID) VALUES (2999, 2938);
INSERT INTO Author (AuthorID, Name) VALUES (3000, 'Rhulani Maluleka');
INSERT INTO Paper (PaperID, Title, Year, MDate, Key, DOI) VALUES (153, 'Derivative Approach for Plagiarism Source Retrieval.', 2016, '2016-08-11', 'conf/clef/Maluleka16', 'http://ceur-ws.org/Vol-1609/16090929.pdf');
INSERT INTO Write (AuthorID, PaperID) VALUES (3000, 153);
INSERT INTO Author (AuthorID, Name) VALUES (3001, 'Robert Sorrentino');
INSERT INTO Write (AuthorID, PaperID) VALUES (3001, 1132);
INSERT INTO Author (AuthorID, Name) VALUES (3002, 'Xinjian Li');
INSERT INTO Write (AuthorID, PaperID) VALUES (3002, 2346);
INSERT INTO Author (AuthorID, Name) VALUES (3003, 'Ana&iuml;s Mottaz');
INSERT INTO Write (AuthorID, PaperID) VALUES (3003, 3198);
INSERT INTO Author (AuthorID, Name) VALUES (3004, 'J. Gomar');
INSERT INTO Write (AuthorID, PaperID) VALUES (3004, 1820);
INSERT INTO Author (AuthorID, Name) VALUES (3005, 'Salar Khayat Mirza Rasouli');
INSERT INTO Write (AuthorID, PaperID) VALUES (3005, 1590);
INSERT INTO Author (AuthorID, Name) VALUES (3006, 'Li Zhang');
INSERT INTO Write (AuthorID, PaperID) VALUES (3006, 354);
INSERT INTO Author (AuthorID, Name) VALUES (3007, 'Nicolas Thome');
INSERT INTO Write (AuthorID, PaperID) VALUES (3007, 3393);
INSERT INTO Author (AuthorID, Name) VALUES (3008, 'Alex Yong-Sang Chia');
INSERT INTO Write (AuthorID, PaperID) VALUES (3008, 895);
INSERT INTO Author (AuthorID, Name) VALUES (3009, 'Siddharth Divi');
INSERT INTO Write (AuthorID, PaperID) VALUES (3009, 2694);
INSERT INTO Author (AuthorID, Name) VALUES (3010, 'Tom Gedeon');
INSERT INTO Write (AuthorID, PaperID) VALUES (3010, 2195);
INSERT INTO Author (AuthorID, Name) VALUES (3011, 'Natalia Viani');
INSERT INTO Write (AuthorID, PaperID) VALUES (3011, 1259);
INSERT INTO Author (AuthorID, Name) VALUES (3012, 'Adolfo T. Camacho-Gonz&aacute;lez');
INSERT INTO Write (AuthorID, PaperID) VALUES (3012, 3362);
INSERT INTO Author (AuthorID, Name) VALUES (3013, 'April Kontostathis');
INSERT INTO Write (AuthorID, PaperID) VALUES (3013, 3316);
INSERT INTO Author (AuthorID, Name) VALUES (3014, 'Vlad Valea');
INSERT INTO Write (AuthorID, PaperID) VALUES (3014, 3374);
INSERT INTO Author (AuthorID, Name) VALUES (3015, 'Mohamed Hamed Kholief');
INSERT INTO Write (AuthorID, PaperID) VALUES (3015, 3104);
INSERT INTO Author (AuthorID, Name) VALUES (3016, 'Nikolaos Sakiotis');
INSERT INTO Write (AuthorID, PaperID) VALUES (3016, 1825);
INSERT INTO Author (AuthorID, Name) VALUES (3017, 'Wei-jiang Long');
INSERT INTO Write (AuthorID, PaperID) VALUES (3017, 1048);
INSERT INTO Author (AuthorID, Name) VALUES (3018, 'Marta R. Costa-juss&agrave;');
INSERT INTO Write (AuthorID, PaperID) VALUES (3018, 2405);
INSERT INTO Author (AuthorID, Name) VALUES (3019, 'Nikolina Koleva');
INSERT INTO Paper (PaperID, Title, Year, MDate, Key, DOI) VALUES (2110, 'CSGS: Adapting a Short Answer Scoring System for Multiple-choice Reading Comprehension Exercises.', 2014, '2014-12-03', 'conf/clef/OstermannKPH14', 'http://ceur-ws.org/Vol-1180/CLEF2014wn-QA-OstermannEt2014.pdf');
INSERT INTO Write (AuthorID, PaperID) VALUES (3019, 2110);
INSERT INTO Author (AuthorID, Name) VALUES (3020, 'Angelo Nodari');
INSERT INTO Write (AuthorID, PaperID) VALUES (3020, 2013);
INSERT INTO Author (AuthorID, Name) VALUES (3021, 'Andon Tchechmedjiev');
INSERT INTO Write (AuthorID, PaperID) VALUES (3021, 1169);
INSERT INTO Author (AuthorID, Name) VALUES (3022, 'Aadarsh Sampath');
INSERT INTO Write (AuthorID, PaperID) VALUES (3022, 215);
INSERT INTO Author (AuthorID, Name) VALUES (3023, 'Antoine Sevilla');
INSERT INTO Write (AuthorID, PaperID) VALUES (3023, 1467);
INSERT INTO Author (AuthorID, Name) VALUES (3024, 'Andreas Fritzler');
INSERT INTO Write (AuthorID, PaperID) VALUES (3024, 677);
INSERT INTO Author (AuthorID, Name) VALUES (3025, 'Yiqun Li');
INSERT INTO Write (AuthorID, PaperID) VALUES (3025, 365);
INSERT INTO Author (AuthorID, Name) VALUES (3026, 'Veronika Stefanov');
INSERT INTO Write (AuthorID, PaperID) VALUES (3026, 3106);
INSERT INTO Author (AuthorID, Name) VALUES (3027, 'Penny Chong');
INSERT INTO Write (AuthorID, PaperID) VALUES (3027, 561);
INSERT INTO Author (AuthorID, Name) VALUES (3028, 'Bashar Talafha');
INSERT INTO Write (AuthorID, PaperID) VALUES (3028, 1038);
INSERT INTO Author (AuthorID, Name) VALUES (3029, 'Karla L. Caballero Barajas');
INSERT INTO Paper (PaperID, Title, Year, MDate, Key, DOI) VALUES (1294, 'Incorporating Statistical Topic Models in the Retrieval of Healthcare Documents.', 2013, '2014-09-10', 'conf/clef/BarajasA13', 'http://ceur-ws.org/Vol-1179/CLEF2013wn-CLEFeHealth-CaballeroEt2013.pdf');
INSERT INTO Write (AuthorID, PaperID) VALUES (3029, 1294);
INSERT INTO Author (AuthorID, Name) VALUES (3030, 'Anastasia Giachanou');
INSERT INTO Write (AuthorID, PaperID) VALUES (3030, 1553);
INSERT INTO Author (AuthorID, Name) VALUES (3031, 'Carlos E. Gonz&aacute;lez-Gallardo');
INSERT INTO Write (AuthorID, PaperID) VALUES (3031, 2187);
INSERT INTO Author (AuthorID, Name) VALUES (3032, 'Ioannis Boutsis');
INSERT INTO Write (AuthorID, PaperID) VALUES (3032, 995);
INSERT INTO Author (AuthorID, Name) VALUES (3033, 'Arnd Oberl&auml;nder');
INSERT INTO Write (AuthorID, PaperID) VALUES (3033, 2113);
INSERT INTO Author (AuthorID, Name) VALUES (3034, 'Karin Verspoor');
INSERT INTO Write (AuthorID, PaperID) VALUES (3034, 3474);
INSERT INTO Author (AuthorID, Name) VALUES (3035, 'Chong Long');
INSERT INTO Write (AuthorID, PaperID) VALUES (3035, 620);
INSERT INTO Author (AuthorID, Name) VALUES (3036, 'Hai Vu');
INSERT INTO Write (AuthorID, PaperID) VALUES (3036, 687);
INSERT INTO Author (AuthorID, Name) VALUES (3037, 'Johan Oomen');
INSERT INTO Paper (PaperID, Title, Year, MDate, Key, DOI) VALUES (2501, 'User-centric Approaches to Annotating and Presenting the Audiovisual Memory of the Netherlands.', 2011, '2014-09-24', 'conf/clef/Oomen11', 'http://www.clef-initiative.eu/documents/71612/86377/CLEF2011wn-CHiC-Oomen2011.pdf');
INSERT INTO Write (AuthorID, PaperID) VALUES (3037, 2501);
INSERT INTO Author (AuthorID, Name) VALUES (3038, 'Sascha Saretz');
INSERT INTO Write (AuthorID, PaperID) VALUES (3038, 1515);
INSERT INTO Author (AuthorID, Name) VALUES (3039, 'Shahram Ebadollahi');
INSERT INTO Write (AuthorID, PaperID) VALUES (3039, 1132);
INSERT INTO Author (AuthorID, Name) VALUES (3040, 'Benno Weck');
INSERT INTO Write (AuthorID, PaperID) VALUES (3040, 2160);
INSERT INTO Author (AuthorID, Name) VALUES (3041, 'Noel C. F. Codella');
INSERT INTO Write (AuthorID, PaperID) VALUES (3041, 2815);
INSERT INTO Author (AuthorID, Name) VALUES (3042, 'Joan Mas');
INSERT INTO Write (AuthorID, PaperID) VALUES (3042, 1589);
INSERT INTO Author (AuthorID, Name) VALUES (3043, 'Beichen Wang');
INSERT INTO Write (AuthorID, PaperID) VALUES (3043, 81);
INSERT INTO Author (AuthorID, Name) VALUES (3044, 'Dani&euml;l van der Hall');
INSERT INTO Write (AuthorID, PaperID) VALUES (3044, 962);
INSERT INTO Author (AuthorID, Name) VALUES (3045, 'Shachar Seidman');
INSERT INTO Paper (PaperID, Title, Year, MDate, Key, DOI) VALUES (2142, 'Authorship Verification Using the Impostors Method Notebook for PAN at CLEF 2013.', 2013, '2014-09-10', 'conf/clef/Seidman13', 'http://ceur-ws.org/Vol-1179/CLEF2013wn-PAN-Seidman2013.pdf');
INSERT INTO Write (AuthorID, PaperID) VALUES (3045, 2142);
INSERT INTO Author (AuthorID, Name) VALUES (3046, 'Judith Liebetrau');
INSERT INTO Write (AuthorID, PaperID) VALUES (3046, 2899);
INSERT INTO Author (AuthorID, Name) VALUES (3047, 'Vania Lavielle-Castro');
INSERT INTO Write (AuthorID, PaperID) VALUES (3047, 1730);
INSERT INTO Author (AuthorID, Name) VALUES (3048, 'Anam Zahid');
INSERT INTO Write (AuthorID, PaperID) VALUES (3048, 215);
INSERT INTO Author (AuthorID, Name) VALUES (3049, 'David Feng');
INSERT INTO Write (AuthorID, PaperID) VALUES (3049, 1850);
INSERT INTO Author (AuthorID, Name) VALUES (3050, 'Iqra Ameer');
INSERT INTO Write (AuthorID, PaperID) VALUES (3050, 1885);
INSERT INTO Author (AuthorID, Name) VALUES (3051, 'Mucahid Kutlu');
INSERT INTO Write (AuthorID, PaperID) VALUES (3051, 2607);
INSERT INTO Author (AuthorID, Name) VALUES (3052, 'Aman Berhane Ghirmatsion');
INSERT INTO Write (AuthorID, PaperID) VALUES (3052, 1756);
INSERT INTO Author (AuthorID, Name) VALUES (3053, 'Hoang Thi Bich Ngoc');
INSERT INTO Write (AuthorID, PaperID) VALUES (3053, 1225);
INSERT INTO Author (AuthorID, Name) VALUES (3054, 'Wee-Yong Lim');
INSERT INTO Write (AuthorID, PaperID) VALUES (3054, 1610);
INSERT INTO Author (AuthorID, Name) VALUES (3055, 'Valentin Leveau');
INSERT INTO Write (AuthorID, PaperID) VALUES (3055, 3152);
INSERT INTO Author (AuthorID, Name) VALUES (3056, 'Rafa Haro R.');
INSERT INTO Write (AuthorID, PaperID) VALUES (3056, 686);
INSERT INTO Author (AuthorID, Name) VALUES (3057, 'Delphine Pois');
INSERT INTO Write (AuthorID, PaperID) VALUES (3057, 1621);
INSERT INTO Author (AuthorID, Name) VALUES (3058, 'Ankit Gupta');
INSERT INTO Write (AuthorID, PaperID) VALUES (3058, 649);
INSERT INTO Author (AuthorID, Name) VALUES (3059, 'Marc Pollefeys');
INSERT INTO Write (AuthorID, PaperID) VALUES (3059, 2079);
INSERT INTO Author (AuthorID, Name) VALUES (3060, 'Khyathi Raghavi Chandu');
INSERT INTO Write (AuthorID, PaperID) VALUES (3060, 2240);
INSERT INTO Author (AuthorID, Name) VALUES (3061, 'Manisha Verma');
INSERT INTO Write (AuthorID, PaperID) VALUES (3061, 3173);
INSERT INTO Author (AuthorID, Name) VALUES (3062, 'Kazunori Okada');
INSERT INTO Write (AuthorID, PaperID) VALUES (3062, 1349);
INSERT INTO Author (AuthorID, Name) VALUES (3063, 'Jo&atilde;o Loureiro');
INSERT INTO Write (AuthorID, PaperID) VALUES (3063, 1974);
INSERT INTO Author (AuthorID, Name) VALUES (3064, 'Mar&iacute;a Pel&aacute;ez Brioso');
INSERT INTO Write (AuthorID, PaperID) VALUES (3064, 1600);
INSERT INTO Author (AuthorID, Name) VALUES (3065, 'Allard J. van Altena');
INSERT INTO Write (AuthorID, PaperID) VALUES (3065, 754);
INSERT INTO Author (AuthorID, Name) VALUES (3066, 'Alonso Palomino Garibay');
INSERT INTO Write (AuthorID, PaperID) VALUES (3066, 3362);
INSERT INTO Author (AuthorID, Name) VALUES (3067, 'Harrisen Scells');
INSERT INTO Write (AuthorID, PaperID) VALUES (3067, 2952);
INSERT INTO Author (AuthorID, Name) VALUES (3068, 'Nomena Ny Hoavy');
INSERT INTO Write (AuthorID, PaperID) VALUES (3068, 1149);
INSERT INTO Author (AuthorID, Name) VALUES (3069, 'Alexander Henn');
INSERT INTO Write (AuthorID, PaperID) VALUES (3069, 2236);
INSERT INTO Author (AuthorID, Name) VALUES (3070, 'Jahna Otterbacher');
INSERT INTO Paper (PaperID, Title, Year, MDate, Key, DOI) VALUES (236, 'Addressing Social Bias in Information Retrieval.', 2018, '2018-09-13', 'conf/clef/Otterbacher18', 'https://doi.org/10.1007/978-3-319-98932-7_11');
INSERT INTO Write (AuthorID, PaperID) VALUES (3070, 236);
INSERT INTO Author (AuthorID, Name) VALUES (3071, 'Aline Bourriot');
INSERT INTO Write (AuthorID, PaperID) VALUES (3071, 1900);
INSERT INTO Author (AuthorID, Name) VALUES (3072, 'Kristiyan Mitov');
INSERT INTO Write (AuthorID, PaperID) VALUES (3072, 1568);
INSERT INTO Author (AuthorID, Name) VALUES (3073, 'Wei Song');
INSERT INTO Write (AuthorID, PaperID) VALUES (3073, 3326);
INSERT INTO Author (AuthorID, Name) VALUES (3074, 'Hyunjong Lee');
INSERT INTO Paper (PaperID, Title, Year, MDate, Key, DOI) VALUES (3415, 'Using Feature Selection Metrics for Polarity Analysis in RepLab 2012.', 2012, '2014-09-24', 'conf/clef/JeongL12', 'http://www.clef-initiative.eu/documents/71612/b3658c88-d185-4f02-bf01-f426207a3075');
INSERT INTO Write (AuthorID, PaperID) VALUES (3074, 3415);
INSERT INTO Author (AuthorID, Name) VALUES (3075, 'Bassem Bsir');
INSERT INTO Write (AuthorID, PaperID) VALUES (3075, 2374);
INSERT INTO Author (AuthorID, Name) VALUES (3076, 'Maryna Chernyshevich');
INSERT INTO Write (AuthorID, PaperID) VALUES (3076, 1142);
INSERT INTO Author (AuthorID, Name) VALUES (3077, 'William J. Byrne');
INSERT INTO Write (AuthorID, PaperID) VALUES (3077, 2387);
INSERT INTO Author (AuthorID, Name) VALUES (3078, 'Dorian Roques');
INSERT INTO Write (AuthorID, PaperID) VALUES (3078, 2326);
INSERT INTO Author (AuthorID, Name) VALUES (3079, 'Tim Kreutz');
INSERT INTO Write (AuthorID, PaperID) VALUES (3079, 294);
INSERT INTO Author (AuthorID, Name) VALUES (3080, 'Ana I. Torre-Bastida');
INSERT INTO Write (AuthorID, PaperID) VALUES (3080, 1458);
INSERT INTO Author (AuthorID, Name) VALUES (3081, 'Sivaramakrishnan Rajaraman');
INSERT INTO Write (AuthorID, PaperID) VALUES (3081, 3133);
INSERT INTO Author (AuthorID, Name) VALUES (3082, 'Dan Anton');
INSERT INTO Write (AuthorID, PaperID) VALUES (3082, 1593);
INSERT INTO Author (AuthorID, Name) VALUES (3083, 'Scott Nowson');
INSERT INTO Write (AuthorID, PaperID) VALUES (3083, 737);
INSERT INTO Author (AuthorID, Name) VALUES (3084, 'Yasmany Garc&iacute;a-Mondeja');
INSERT INTO Write (AuthorID, PaperID) VALUES (3084, 1730);
INSERT INTO Author (AuthorID, Name) VALUES (3085, 'Aftab Hassan');
INSERT INTO Write (AuthorID, PaperID) VALUES (3085, 1963);
INSERT INTO Author (AuthorID, Name) VALUES (3086, 'Lukasz Gagala');
INSERT INTO Paper (PaperID, Title, Year, MDate, Key, DOI) VALUES (1112, 'Authorship Attribution with Neural Networks and Multiple Features: Notebook for PAN at CLEF 2018.', 2018, '2018-08-08', 'conf/clef/Gagala18', 'http://ceur-ws.org/Vol-2125/paper_146.pdf');
INSERT INTO Write (AuthorID, PaperID) VALUES (3086, 1112);
INSERT INTO Author (AuthorID, Name) VALUES (3087, 'George Tsatsaronis');
INSERT INTO Write (AuthorID, PaperID) VALUES (3087, 2106);
INSERT INTO Author (AuthorID, Name) VALUES (3088, 'Merijn Vogel');
INSERT INTO Write (AuthorID, PaperID) VALUES (3088, 1442);
INSERT INTO Author (AuthorID, Name) VALUES (3089, 'Javid Dadashkarimi');
INSERT INTO Write (AuthorID, PaperID) VALUES (3089, 2887);
INSERT INTO Author (AuthorID, Name) VALUES (3090, 'Noemie Elhadad');
INSERT INTO Write (AuthorID, PaperID) VALUES (3090, 2189);
INSERT INTO Author (AuthorID, Name) VALUES (3091, 'Miaofei Han');
INSERT INTO Write (AuthorID, PaperID) VALUES (3091, 1084);
INSERT INTO Author (AuthorID, Name) VALUES (3092, 'Tri Firgantoro');
INSERT INTO Write (AuthorID, PaperID) VALUES (3092, 293);
INSERT INTO Author (AuthorID, Name) VALUES (3093, 'Marc-Andr&eacute; Weber');
INSERT INTO Write (AuthorID, PaperID) VALUES (3093, 246);
INSERT INTO Author (AuthorID, Name) VALUES (3094, 'Yulia Ledeneva');
INSERT INTO Write (AuthorID, PaperID) VALUES (3094, 1871);
INSERT INTO Author (AuthorID, Name) VALUES (3095, 'Rahayu A. Hamid');
INSERT INTO Paper (PaperID, Title, Year, MDate, Key, DOI) VALUES (3150, 'RMIT at ImageCLEF 2011 Plant Identification.', 2011, '2014-09-24', 'conf/clef/HamidT11', 'http://www.clef-initiative.eu/documents/71612/86377/CLEF2011wn-ImageCLEF-HamidEt2011.pdf');
INSERT INTO Write (AuthorID, PaperID) VALUES (3095, 3150);
INSERT INTO Author (AuthorID, Name) VALUES (3096, 'Wajih Ouertani');
INSERT INTO Write (AuthorID, PaperID) VALUES (3096, 1811);
INSERT INTO Author (AuthorID, Name) VALUES (3097, 'Jianwei Wu');
INSERT INTO Write (AuthorID, PaperID) VALUES (3097, 1127);
INSERT INTO Author (AuthorID, Name) VALUES (3098, 'James J. Masanz');
INSERT INTO Write (AuthorID, PaperID) VALUES (3098, 2573);
INSERT INTO Author (AuthorID, Name) VALUES (3099, 'Michal Meina');
INSERT INTO Write (AuthorID, PaperID) VALUES (3099, 473);
INSERT INTO Author (AuthorID, Name) VALUES (3100, 'Katy Blanc');
INSERT INTO Write (AuthorID, PaperID) VALUES (3100, 1638);
INSERT INTO Author (AuthorID, Name) VALUES (3101, 'Alexander Ogaltsov');
INSERT INTO Write (AuthorID, PaperID) VALUES (3101, 3067);
INSERT INTO Author (AuthorID, Name) VALUES (3102, 'Tinglei Zhang');
INSERT INTO Write (AuthorID, PaperID) VALUES (3102, 2514);
INSERT INTO Author (AuthorID, Name) VALUES (3103, 'Ran Tian');
INSERT INTO Write (AuthorID, PaperID) VALUES (3103, 2346);
INSERT INTO Author (AuthorID, Name) VALUES (3104, 'Peter I. Corke');
INSERT INTO Write (AuthorID, PaperID) VALUES (3104, 774);
INSERT INTO Author (AuthorID, Name) VALUES (3105, 'Ram Akella');
INSERT INTO Write (AuthorID, PaperID) VALUES (3105, 1294);
INSERT INTO Author (AuthorID, Name) VALUES (3106, 'Aymen Shabou');
INSERT INTO Write (AuthorID, PaperID) VALUES (3106, 2064);
INSERT INTO Author (AuthorID, Name) VALUES (3107, 'Markus Muhr');
INSERT INTO Write (AuthorID, PaperID) VALUES (3107, 3021);
INSERT INTO Author (AuthorID, Name) VALUES (3108, 'Luk&aacute;s Picek');
INSERT INTO Write (AuthorID, PaperID) VALUES (3108, 1204);
INSERT INTO Author (AuthorID, Name) VALUES (3109, 'Hao-Jie Pan');
INSERT INTO Write (AuthorID, PaperID) VALUES (3109, 1127);
INSERT INTO Author (AuthorID, Name) VALUES (3110, 'Konrad Herbst');
INSERT INTO Write (AuthorID, PaperID) VALUES (3110, 2571);
INSERT INTO Author (AuthorID, Name) VALUES (3111, 'David Rizo');
INSERT INTO Write (AuthorID, PaperID) VALUES (3111, 2432);
INSERT INTO Author (AuthorID, Name) VALUES (3112, 'Carlos R. del-Blanco');
INSERT INTO Write (AuthorID, PaperID) VALUES (3112, 860);
INSERT INTO Author (AuthorID, Name) VALUES (3113, 'Hichem Ben Amor');
INSERT INTO Write (AuthorID, PaperID) VALUES (3113, 3038);
INSERT INTO Author (AuthorID, Name) VALUES (3114, 'Yu Liang');
INSERT INTO Write (AuthorID, PaperID) VALUES (3114, 2483);
INSERT INTO Author (AuthorID, Name) VALUES (3115, 'Atsushi Tatsuma');
INSERT INTO Write (AuthorID, PaperID) VALUES (3115, 3236);
INSERT INTO Author (AuthorID, Name) VALUES (3116, 'Paula Sanchez');
INSERT INTO Write (AuthorID, PaperID) VALUES (3116, 1156);
INSERT INTO Author (AuthorID, Name) VALUES (3117, 'Manuel Blaser');
INSERT INTO Write (AuthorID, PaperID) VALUES (3117, 1369);
INSERT INTO Author (AuthorID, Name) VALUES (3118, 'Yong Li');
INSERT INTO Write (AuthorID, PaperID) VALUES (3118, 3305);
INSERT INTO Author (AuthorID, Name) VALUES (3119, 'Amaury Ant&ocirc;nio de Castro Junior');
INSERT INTO Write (AuthorID, PaperID) VALUES (3119, 1559);
INSERT INTO Author (AuthorID, Name) VALUES (3120, 'Jing Zheng');
INSERT INTO Write (AuthorID, PaperID) VALUES (3120, 2900);
INSERT INTO Author (AuthorID, Name) VALUES (3121, 'Konstantinos Bougiatiotis');
INSERT INTO Write (AuthorID, PaperID) VALUES (3121, 1073);
INSERT INTO Author (AuthorID, Name) VALUES (3122, 'Jonathan William Dennis');
INSERT INTO Write (AuthorID, PaperID) VALUES (3122, 3348);
INSERT INTO Author (AuthorID, Name) VALUES (3123, 'Hanen Karamti');
INSERT INTO Write (AuthorID, PaperID) VALUES (3123, 2772);
INSERT INTO Author (AuthorID, Name) VALUES (3124, 'Gjorgji Madjarov');
INSERT INTO Write (AuthorID, PaperID) VALUES (3124, 3169);
INSERT INTO Author (AuthorID, Name) VALUES (3125, 'Luciana S. Buriol');
INSERT INTO Write (AuthorID, PaperID) VALUES (3125, 259);
INSERT INTO Author (AuthorID, Name) VALUES (3126, 'Eduard Hoenkamp');
INSERT INTO Write (AuthorID, PaperID) VALUES (3126, 641);
INSERT INTO Author (AuthorID, Name) VALUES (3127, 'Yusuke Mukuta');
INSERT INTO Write (AuthorID, PaperID) VALUES (3127, 1306);
INSERT INTO Author (AuthorID, Name) VALUES (3128, 'Nicolas Vuillemenot');
INSERT INTO Write (AuthorID, PaperID) VALUES (3128, 3132);
INSERT INTO Author (AuthorID, Name) VALUES (3129, 'Arnav Kumar Dawn');
INSERT INTO Write (AuthorID, PaperID) VALUES (3129, 1451);
INSERT INTO Author (AuthorID, Name) VALUES (3130, 'Ruli Manurung');
INSERT INTO Write (AuthorID, PaperID) VALUES (3130, 278);
INSERT INTO Author (AuthorID, Name) VALUES (3131, 'Ahmed Al Zohairy');
INSERT INTO Write (AuthorID, PaperID) VALUES (3131, 1275);
INSERT INTO Author (AuthorID, Name) VALUES (3132, 'Bing Liu 0001');
