INSERT INTO Author (AuthorID, Name) VALUES (0, 'Gareth J. F. Jones');
INSERT INTO Paper (PaperID, Title, Year, MDate, Key, DOI) VALUES (44, 'Overview of the CLEF-2007 Cross-Language Speech Retrieval Track.', 2007, '2017-05-24', 'conf/clef/PecinaHJZO07', 'https://doi.org/10.1007/978-3-540-85760-0_86');
INSERT INTO Write (AuthorID, PaperID) VALUES (0, 44);
INSERT INTO Paper (PaperID, Title, Year, MDate, Key, DOI) VALUES (72, 'Dublin City University at CLEF 2005: Multi-8 Two-Years-On Merging Experiments.', 2005, '2017-05-24', 'conf/clef/Lam-AdesinaJ05', 'https://doi.org/10.1007/11878773_18');
INSERT INTO Write (AuthorID, PaperID) VALUES (0, 72);
INSERT INTO Paper (PaperID, Title, Year, MDate, Key, DOI) VALUES (74, 'CLEF 2005: Ad Hoc Track Overview.', 2005, '2017-05-24', 'conf/clef/NunzioFJP05', 'https://doi.org/10.1007/11878773_2');
INSERT INTO Write (AuthorID, PaperID) VALUES (0, 74);
INSERT INTO Paper (PaperID, Title, Year, MDate, Key, DOI) VALUES (104, 'Applying the KISS Principle for the CLEF- IP 2010 Prior Art Candidate Patent Search Task.', 2010, '2014-09-24', 'conf/clef/MagdyJ10', 'http://www.clef-initiative.eu/documents/71612/86374/CLEF2010wn-CLEF-IP-MagdyEt2010.pdf');
INSERT INTO Write (AuthorID, PaperID) VALUES (0, 104);
INSERT INTO Paper (PaperID, Title, Year, MDate, Key, DOI) VALUES (121, 'Dublin City University at CLEF 2005: Multilingual Merging Experiments.', 2005, '2014-08-15', 'conf/clef/Lam-AdesinaJ05c', 'http://ceur-ws.org/Vol-1171/CLEF2005wn-adhoc-LamAdesinaEt2005.pdf');
INSERT INTO Write (AuthorID, PaperID) VALUES (0, 121);
INSERT INTO Paper (PaperID, Title, Year, MDate, Key, DOI) VALUES (306, 'A Gamified Approach to Relevance Judgement.', 2016, '2018-11-02', 'conf/clef/GangulyJ15', 'https://doi.org/10.1007/978-3-319-44564-9_18');
INSERT INTO Write (AuthorID, PaperID) VALUES (0, 306);
INSERT INTO Paper (PaperID, Title, Year, MDate, Key, DOI) VALUES (396, 'Exeter at CLEF 2001: Experiments with Machine Translation for Bilingual Retrieval.', 2001, '2017-05-24', 'conf/clef/JonesL01', 'https://doi.org/10.1007/3-540-45691-0_5');
INSERT INTO Write (AuthorID, PaperID) VALUES (0, 396);
INSERT INTO Paper (PaperID, Title, Year, MDate, Key, DOI) VALUES (450, 'Dublin City University at CLEF 2006: Cross-Language Speech Retrieval (CL-SR) Experiments.', 2006, '2017-05-24', 'conf/clef/JonesZL06', 'https://doi.org/10.1007/978-3-540-74999-8_100');
INSERT INTO Write (AuthorID, PaperID) VALUES (0, 450);
INSERT INTO Paper (PaperID, Title, Year, MDate, Key, DOI) VALUES (467, 'Dublin City University at CLEF 2006: Experiments for the ImageCLEF Photo Collection Standard Ad Hoc Task.', 2006, '2014-08-15', 'conf/clef/McDonaldJ06a', 'http://ceur-ws.org/Vol-1172/CLEF2006wn-ImageCLEF-McDonaldEt2006.pdf');
INSERT INTO Write (AuthorID, PaperID) VALUES (0, 467);
INSERT INTO Paper (PaperID, Title, Year, MDate, Key, DOI) VALUES (542, 'The CLEF 2003 Cross-Language Spoken Document Retrieval Track.', 2003, '2017-05-24', 'conf/clef/FedericoJ03', 'https://doi.org/10.1007/978-3-540-30222-3_61');
INSERT INTO Write (AuthorID, PaperID) VALUES (0, 542);
INSERT INTO Paper (PaperID, Title, Year, MDate, Key, DOI) VALUES (545, 'CLEF 2004 Cross-Language Spoken Document Retrieval Track.', 2004, '2017-05-24', 'conf/clef/FedericoBLJ05', 'https://doi.org/10.1007/11519645_79');
INSERT INTO Write (AuthorID, PaperID) VALUES (0, 545);
INSERT INTO Paper (PaperID, Title, Year, MDate, Key, DOI) VALUES (595, 'Dublin City University at CLEF 2005: Experiments with the ImageCLEF St Andrew''s Collection.', 2005, '2014-08-15', 'conf/clef/JonesM05a', 'http://ceur-ws.org/Vol-1171/CLEF2005wn-ImageCLEF-JonesEt2005.pdf');
INSERT INTO Write (AuthorID, PaperID) VALUES (0, 595);
INSERT INTO Paper (PaperID, Title, Year, MDate, Key, DOI) VALUES (610, 'DCU at VideoCLEF 2008.', 2008, '2014-09-30', 'conf/clef/NewmanJ08a', 'http://ceur-ws.org/Vol-1174/CLEF2008wn-VideoCLEF-NewmanEt2008.pdf');
INSERT INTO Write (AuthorID, PaperID) VALUES (0, 610);
INSERT INTO Paper (PaperID, Title, Year, MDate, Key, DOI) VALUES (666, 'Examining the Robustness of Evaluation Metrics for Patent Retrieval with Incomplete Relevance Judgements.', 2010, '2018-11-02', 'conf/clef/MagdyJ10a', 'https://doi.org/10.1007/978-3-642-15998-5_10');
INSERT INTO Write (AuthorID, PaperID) VALUES (0, 666);
INSERT INTO Paper (PaperID, Title, Year, MDate, Key, DOI) VALUES (685, 'CLEF eHealth Evaluation Lab 2015, Task 2: Retrieving Information About Medical Symptoms.', 2015, '2015-09-03', 'conf/clef/PalottiZGKHJLP15', 'http://ceur-ws.org/Vol-1391/inv-pap9-CR.pdf');
INSERT INTO Write (AuthorID, PaperID) VALUES (0, 685);
INSERT INTO Paper (PaperID, Title, Year, MDate, Key, DOI) VALUES (704, 'When to Cross Over? Cross-Language Linking Using Wikipedia for VideoCLEF 2009.', 2009, '2018-11-02', 'conf/clef/GyarmatiJ09', 'https://doi.org/10.1007/978-3-642-15751-6_53');
INSERT INTO Write (AuthorID, PaperID) VALUES (0, 704);
INSERT INTO Paper (PaperID, Title, Year, MDate, Key, DOI) VALUES (736, 'Enhancing Medical Information Retrieval by Exploiting a Content-Based Recommender Method.', 2015, '2018-11-02', 'conf/clef/0054J15', 'https://doi.org/10.1007/978-3-319-24027-5_12');
INSERT INTO Write (AuthorID, PaperID) VALUES (0, 736);
INSERT INTO Paper (PaperID, Title, Year, MDate, Key, DOI) VALUES (759, 'Dublin City University at CLEF 2005: Cross-Language Speech Retrieval (CL-SR) Experiments.', 2005, '2017-05-24', 'conf/clef/Lam-AdesinaJ05a', 'https://doi.org/10.1007/11878773_87');
INSERT INTO Write (AuthorID, PaperID) VALUES (0, 759);
INSERT INTO Paper (PaperID, Title, Year, MDate, Key, DOI) VALUES (812, 'Improving the Reliability of Query Expansion for User-Generated Speech Retrieval Using Query Performance Prediction.', 2017, '2018-11-02', 'conf/clef/KhwilehWJ17', 'https://doi.org/10.1007/978-3-319-65813-1_4');
INSERT INTO Write (AuthorID, PaperID) VALUES (0, 812);
INSERT INTO Paper (PaperID, Title, Year, MDate, Key, DOI) VALUES (854, 'CLEF 2004 Cross-Language Spoken Document Retrieval Track.', 2004, '2014-08-15', 'conf/clef/FedericoBLJ04', 'http://ceur-ws.org/Vol-1170/CLEF2004wn-CLSR-FedericoEt2004.pdf');
INSERT INTO Write (AuthorID, PaperID) VALUES (0, 854);
INSERT INTO Paper (PaperID, Title, Year, MDate, Key, DOI) VALUES (863, 'Document Expansion for Text-Based Image Retrieval at CLEF 2009.', 2009, '2018-11-02', 'conf/clef/MinWLJ09', 'https://doi.org/10.1007/978-3-642-15751-6_19');
INSERT INTO Write (AuthorID, PaperID) VALUES (0, 863);
INSERT INTO Paper (PaperID, Title, Year, MDate, Key, DOI) VALUES (866, 'Exeter at CLEF 2001: Experiments with Machine Translation for Bilingual Retrieval.', 2001, '2014-08-15', 'conf/clef/JonesL01a', 'http://ceur-ws.org/Vol-1167/CLEF2001wn-adhoc-JonesEt2001.pdf');
INSERT INTO Write (AuthorID, PaperID) VALUES (0, 866);
INSERT INTO Paper (PaperID, Title, Year, MDate, Key, DOI) VALUES (886, 'Experiments with Machine Translation for Monolingual and Bilingual Retrieval.', 2002, '2017-05-24', 'conf/clef/Lam-AdesinaJ02', 'https://doi.org/10.1007/978-3-540-45237-9_10');
INSERT INTO Write (AuthorID, PaperID) VALUES (0, 886);
INSERT INTO Paper (PaperID, Title, Year, MDate, Key, DOI) VALUES (921, 'Exeter at CLEF 2003: Experiments with Machine Translation for Monolingual, Bilingual and Multilingual Retrieval.', 2003, '2017-05-24', 'conf/clef/Lam-AdesinaJ03', 'https://doi.org/10.1007/978-3-540-30222-3_26');
INSERT INTO Write (AuthorID, PaperID) VALUES (0, 921);
INSERT INTO Paper (PaperID, Title, Year, MDate, Key, DOI) VALUES (999, 'Identifying Common User Behaviour in Multilingual Search Logs.', 2009, '2018-11-02', 'conf/clef/GhorabLZJW09', 'https://doi.org/10.1007/978-3-642-15754-7_63');
INSERT INTO Write (AuthorID, PaperID) VALUES (0, 999);
INSERT INTO Paper (PaperID, Title, Year, MDate, Key, DOI) VALUES (1024, 'Document Expansion for Text-based Image Retrieval at WikipediaMM 2010.', 2010, '2014-09-24', 'conf/clef/MinLJ10', 'http://www.clef-initiative.eu/documents/71612/86374/CLEF2010wn-ImageCLEF-MinEt2010.pdf');
INSERT INTO Write (AuthorID, PaperID) VALUES (0, 1024);
INSERT INTO Paper (PaperID, Title, Year, MDate, Key, DOI) VALUES (1045, 'Dublin City University at CLEF 2004: Experiments in Monolingual, Bilingual and Multilingual Retrieval.', 2004, '2014-08-15', 'conf/clef/JonesBJKLW04', 'http://ceur-ws.org/Vol-1170/CLEF2004wn-adhoc-JonesEt2004.pdf');
INSERT INTO Write (AuthorID, PaperID) VALUES (0, 1045);
INSERT INTO Paper (PaperID, Title, Year, MDate, Key, DOI) VALUES (1111, 'Overview of VideoCLEF 2009: New Perspectives on Speech-Based Multimedia Content Enrichment.', 2009, '2018-11-02', 'conf/clef/LarsonNJ09', 'https://doi.org/10.1007/978-3-642-15751-6_46');
INSERT INTO Write (AuthorID, PaperID) VALUES (0, 1111);
INSERT INTO Paper (PaperID, Title, Year, MDate, Key, DOI) VALUES (1159, 'Overview of VideoCLEF 2008: Automatic Generation of Topic-based Feeds for Dual Language Audio-Visual Content.', 2008, '2014-09-29', 'conf/clef/LarsonNJ08a', 'http://ceur-ws.org/Vol-1174/CLEF2008wn-VideoCLEF-LarsonEt2008.pdf');
INSERT INTO Write (AuthorID, PaperID) VALUES (0, 1159);
INSERT INTO Paper (PaperID, Title, Year, MDate, Key, DOI) VALUES (1174, 'Dublin City University at CLEF 2004: Experiments in Monolingual, Bilingual and Multilingual Retrieval.', 2004, '2017-05-24', 'conf/clef/JonesBJKLW05', 'https://doi.org/10.1007/11519645_22');
INSERT INTO Write (AuthorID, PaperID) VALUES (0, 1174);
INSERT INTO Paper (PaperID, Title, Year, MDate, Key, DOI) VALUES (1189, 'EXETER at CLEF 2003: Experiments with Machine Translation for Monolingual, Bilingual and Multilingual Retrieval.', 2003, '2014-08-15', 'conf/clef/Lam-AdesinaJ03b', 'http://ceur-ws.org/Vol-1169/CLEF2003wn-adhoc-LamAdesinaEt2003.pdf');
INSERT INTO Write (AuthorID, PaperID) VALUES (0, 1189);
INSERT INTO Paper (PaperID, Title, Year, MDate, Key, DOI) VALUES (1192, 'Dublin City University at CLEF 2006: Experiments for the ImageCLEF Photo Collection Standard Ad Hoc Task.', 2006, '2017-05-24', 'conf/clef/McDonaldJ06', 'https://doi.org/10.1007/978-3-540-74999-8_77');
INSERT INTO Write (AuthorID, PaperID) VALUES (0, 1192);
INSERT INTO Paper (PaperID, Title, Year, MDate, Key, DOI) VALUES (1195, 'A Text-Based Approach to the ImageCLEF 2010 Photo Annotation Task.', 2010, '2014-10-09', 'conf/clef/LiMJ10', 'http://www.clef-initiative.eu/documents/71612/86374/CLEF2010wn-ImageCLEF-LiEt2010.pdf');
INSERT INTO Write (AuthorID, PaperID) VALUES (0, 1195);
INSERT INTO Paper (PaperID, Title, Year, MDate, Key, DOI) VALUES (1214, 'DCU @ CLEF-IP 2009: Exploring Standard IR Techniques on Patent Retrieval.', 2009, '2014-09-29', 'conf/clef/MagdyLJ09a', 'http://ceur-ws.org/Vol-1175/CLEF2009wn-CLEFIP-MagdyEt2009.pdf');
INSERT INTO Write (AuthorID, PaperID) VALUES (0, 1214);
INSERT INTO Paper (PaperID, Title, Year, MDate, Key, DOI) VALUES (1232, 'Overview of the CLEF-2005 Cross-Language Speech Retrieval Track.', 2005, '2017-05-24', 'conf/clef/WhiteOJSH05', 'https://doi.org/10.1007/11878773_82');
INSERT INTO Write (AuthorID, PaperID) VALUES (0, 1232);
INSERT INTO Paper (PaperID, Title, Year, MDate, Key, DOI) VALUES (1328, 'Evaluation of Personalised Information Retrieval at CLEF 2018 (PIR-CLEF).', 2018, '2018-08-20', 'conf/clef/PasiJCMSGS18a', 'https://doi.org/10.1007/978-3-319-98932-7_29');
INSERT INTO Write (AuthorID, PaperID) VALUES (0, 1328);
INSERT INTO Paper (PaperID, Title, Year, MDate, Key, DOI) VALUES (1382, 'Overview of the CLEF 2017 Personalised Information Retrieval Pilot Lab (PIR-CLEF 2017).', 2017, '2018-11-02', 'conf/clef/PasiJMSGS17a', 'https://doi.org/10.1007/978-3-319-65813-1_29');
INSERT INTO Write (AuthorID, PaperID) VALUES (0, 1382);
INSERT INTO Paper (PaperID, Title, Year, MDate, Key, DOI) VALUES (1519, 'Overview of the CLEF 2018 Personalised Information Retrieval Lab (PIR-CLEF 2018).', 2018, '2018-08-08', 'conf/clef/PasiJCMSGS18', 'http://ceur-ws.org/Vol-2125/invited_paper_12.pdf');
INSERT INTO Write (AuthorID, PaperID) VALUES (0, 1519);
INSERT INTO Paper (PaperID, Title, Year, MDate, Key, DOI) VALUES (1570, 'DCU at CLEF 2006: Robust Cross Language Track.', 2006, '2014-08-15', 'conf/clef/Lam-AdesinaJ06a', 'http://ceur-ws.org/Vol-1172/CLEF2006wn-adhoc-LamAdesinaEt2006.pdf');
INSERT INTO Write (AuthorID, PaperID) VALUES (0, 1570);
INSERT INTO Paper (PaperID, Title, Year, MDate, Key, DOI) VALUES (1606, 'DCU@INEX-2012: Exploring Sentence Retrieval for Tweet Contextualization.', 2012, '2014-09-24', 'conf/clef/GangulyLJ12', 'http://www.clef-initiative.eu/documents/71612/914a78cc-d5e7-4994-882a-76751b830322');
INSERT INTO Write (AuthorID, PaperID) VALUES (0, 1606);
INSERT INTO Paper (PaperID, Title, Year, MDate, Key, DOI) VALUES (1629, 'EXETER at CLEF 2003: Cross-Language Spoken Document Retrieval Experiments.', 2003, '2014-08-15', 'conf/clef/Lam-AdesinaJ03a', 'http://ceur-ws.org/Vol-1169/CLEF2003wn-CLSR-LamAdesinaEt2003.pdf');
INSERT INTO Write (AuthorID, PaperID) VALUES (0, 1629);
INSERT INTO Paper (PaperID, Title, Year, MDate, Key, DOI) VALUES (1635, 'Dublin City University at CLEF 2004: Experiments with the ImageCLEF St Andrew''s Collection.', 2004, '2014-08-15', 'conf/clef/JonesGKLMW04', 'http://ceur-ws.org/Vol-1170/CLEF2004wn-ImageCLEF-JonesEt2004.pdf');
INSERT INTO Write (AuthorID, PaperID) VALUES (0, 1635);
INSERT INTO Paper (PaperID, Title, Year, MDate, Key, DOI) VALUES (1651, 'Dublin City University at CLEF 2004: Experiments with the ImageCLEF St. Andrew''s Collection.', 2004, '2017-05-24', 'conf/clef/JonesGKLMW05', 'https://doi.org/10.1007/11519645_64');
INSERT INTO Write (AuthorID, PaperID) VALUES (0, 1651);
INSERT INTO Paper (PaperID, Title, Year, MDate, Key, DOI) VALUES (1652, 'Overview of the CLEF-2007 Cross Language Speech Retrieval Track.', 2007, '2014-09-23', 'conf/clef/PecinaHJZO07a', 'http://ceur-ws.org/Vol-1173/CLEF2007wn-CLSR-PecinaEt2007.pdf');
INSERT INTO Write (AuthorID, PaperID) VALUES (0, 1652);
INSERT INTO Paper (PaperID, Title, Year, MDate, Key, DOI) VALUES (1656, 'Query Expansion for Sentence Retrieval Using Pseudo Relevance Feedback and Word Embedding.', 2017, '2018-11-02', 'conf/clef/AroraFJ17', 'https://doi.org/10.1007/978-3-319-65813-1_8');
INSERT INTO Write (AuthorID, PaperID) VALUES (0, 1656);
INSERT INTO Paper (PaperID, Title, Year, MDate, Key, DOI) VALUES (1718, 'HITS and Misses: Combining BM25 with HITS for Expert Search.', 2010, '2014-09-24', 'conf/clef/LevelingJ10', 'http://www.clef-initiative.eu/documents/71612/86374/CLEF2010wn-CriES-LevelingEt2010.pdf');
INSERT INTO Write (AuthorID, PaperID) VALUES (0, 1718);
INSERT INTO Paper (PaperID, Title, Year, MDate, Key, DOI) VALUES (1729, 'ShARe/CLEF eHealth Evaluation Lab 2013, Task 3: Information Retrieval to Address Patients'' Questions when Reading Clinical Reports.', 2013, '2014-09-10', 'conf/clef/GoeuriotJKLHMSSZ13', 'http://ceur-ws.org/Vol-1179/CLEF2013wn-CLEFeHealth-GoeuriotEt2013.pdf');
INSERT INTO Write (AuthorID, PaperID) VALUES (0, 1729);
INSERT INTO Paper (PaperID, Title, Year, MDate, Key, DOI) VALUES (1732, 'Task 1a of the CLEF eHealth Evaluation Lab 2015: Clinical Speech Recognition.', 2015, '2015-09-03', 'conf/clef/SuominenHGKJ15', 'http://ceur-ws.org/Vol-1391/167-CR.pdf');
INSERT INTO Write (AuthorID, PaperID) VALUES (0, 1732);
INSERT INTO Paper (PaperID, Title, Year, MDate, Key, DOI) VALUES (1767, 'Overview of VideoCLEF 2009: New Perspectives on Speech-based Multimedia Content Enrichment.', 2009, '2014-09-29', 'conf/clef/LarsonNJ09a', 'http://ceur-ws.org/Vol-1175/CLEF2009wn-VideoCLEF-LarsonEt2009a.pdf');
INSERT INTO Write (AuthorID, PaperID) VALUES (0, 1767);
INSERT INTO Paper (PaperID, Title, Year, MDate, Key, DOI) VALUES (1786, 'DCU at ImageCLEFPhoto 2008.', 2008, '2014-09-29', 'conf/clef/OHareWGNJS08a', 'http://ceur-ws.org/Vol-1174/CLEF2008wn-ImageCLEF-OHareEt2008.pdf');
INSERT INTO Write (AuthorID, PaperID) VALUES (0, 1786);
INSERT INTO Paper (PaperID, Title, Year, MDate, Key, DOI) VALUES (1853, 'A Case Study in Decompounding for Bengali Information Retrieval.', 2013, '2018-11-02', 'conf/clef/GangulyLJ13', 'https://doi.org/10.1007/978-3-642-40802-1_14');
INSERT INTO Write (AuthorID, PaperID) VALUES (0, 1853);
INSERT INTO Paper (PaperID, Title, Year, MDate, Key, DOI) VALUES (1949, 'Dublin City University at CLEF 2007: Cross-Language Speech Retrieval Experiments.', 2007, '2017-05-24', 'conf/clef/ZhangJZ07', 'https://doi.org/10.1007/978-3-540-85760-0_89');
INSERT INTO Write (AuthorID, PaperID) VALUES (0, 1949);
INSERT INTO Paper (PaperID, Title, Year, MDate, Key, DOI) VALUES (2005, 'CLEF 2005: Ad Hoc Track Overview.', 2005, '2014-08-15', 'conf/clef/NunzioFJP05a', 'http://ceur-ws.org/Vol-1171/CLEF2005wn-adhoc-DiNunzioEt2005.pdf');
INSERT INTO Write (AuthorID, PaperID) VALUES (0, 2005);
INSERT INTO Paper (PaperID, Title, Year, MDate, Key, DOI) VALUES (2008, 'Evaluation of Personalised Information Retrieval at CLEF 2017 (PIR-CLEF): Towards a Reproducible Evaluation Framework for PIR.', 2017, '2017-08-15', 'conf/clef/PasiJMSGS17', 'http://ceur-ws.org/Vol-1866/invited_paper_18.pdf');
INSERT INTO Write (AuthorID, PaperID) VALUES (0, 2008);
INSERT INTO Paper (PaperID, Title, Year, MDate, Key, DOI) VALUES (2022, 'Exploring Structured Documents and Query Formulation Techniques for Patent Retrieval.', 2009, '2018-11-02', 'conf/clef/MagdyLJ09', 'https://doi.org/10.1007/978-3-642-15754-7_48');
INSERT INTO Write (AuthorID, PaperID) VALUES (0, 2022);
INSERT INTO Paper (PaperID, Title, Year, MDate, Key, DOI) VALUES (2111, 'Diversity in Image Retrieval: DCU at ImageCLEFPhoto 2008.', 2008, '2018-11-02', 'conf/clef/OHareWGNJS08', 'https://doi.org/10.1007/978-3-642-04447-2_77');
INSERT INTO Write (AuthorID, PaperID) VALUES (0, 2111);
INSERT INTO Paper (PaperID, Title, Year, MDate, Key, DOI) VALUES (2189, 'Overview of the ShARe/CLEF eHealth Evaluation Lab 2013.', 2013, '2018-11-14', 'conf/clef/SuominenSVCSEPSMJLKGMZ13', 'https://www.wikidata.org/entity/Q57418596');
INSERT INTO Write (AuthorID, PaperID) VALUES (0, 2189);
INSERT INTO Paper (PaperID, Title, Year, MDate, Key, DOI) VALUES (2250, 'Overview of the CLEF-2006 Cross-Language Speech Retrieval Track.', 2006, '2019-03-04', 'conf/clef/OardWJWPSHS06a', 'http://ceur-ws.org/Vol-1172/CLEF2006wn-CLSR-OardEt2006.pdf');
INSERT INTO Write (AuthorID, PaperID) VALUES (0, 2250);
INSERT INTO Paper (PaperID, Title, Year, MDate, Key, DOI) VALUES (2279, 'DCU at WikipediaMM 2009: Document Expansion from Wikipedia Abstracts.', 2009, '2014-09-29', 'conf/clef/MinWLJ09a', 'http://ceur-ws.org/Vol-1175/CLEF2009wn-ImageCLEF-MinEt2009.pdf');
INSERT INTO Write (AuthorID, PaperID) VALUES (0, 2279);
INSERT INTO Paper (PaperID, Title, Year, MDate, Key, DOI) VALUES (2299, 'New Challenges for Cross-Language Information Retrieval: Multimedia Data and the User Experience.', 2000, '2017-05-24', 'conf/clef/Jones00', 'https://doi.org/10.1007/3-540-44645-1_7');
INSERT INTO Write (AuthorID, PaperID) VALUES (0, 2299);
INSERT INTO Paper (PaperID, Title, Year, MDate, Key, DOI) VALUES (2421, 'Simulation of Within-Session Query Variations Using a Text Segmentation Approach.', 2011, '2018-11-02', 'conf/clef/GangulyLJ11', 'https://doi.org/10.1007/978-3-642-23708-9_11');
INSERT INTO Write (AuthorID, PaperID) VALUES (0, 2421);
INSERT INTO Paper (PaperID, Title, Year, MDate, Key, DOI) VALUES (2524, 'ShARe/CLEF eHealth Evaluation Lab 2014, Task 3: User-centred Health Information Retrieval.', 2014, '2014-10-09', 'conf/clef/GoeuriotKLPPZHJM14', 'http://ceur-ws.org/Vol-1180/CLEF2014wn-eHealth-GoueriotEt2014.pdf');
INSERT INTO Write (AuthorID, PaperID) VALUES (0, 2524);
INSERT INTO Paper (PaperID, Title, Year, MDate, Key, DOI) VALUES (2528, 'Dublin City University at CLEF 2005: Cross-Language Spoken Document Retrieval (CL-SR) Experiments.', 2005, '2014-08-15', 'conf/clef/Lam-AdesinaJ05b', 'http://ceur-ws.org/Vol-1171/CLEF2005wn-CLSR-LamAdesinaEt2005.pdf');
INSERT INTO Write (AuthorID, PaperID) VALUES (0, 2528);
INSERT INTO Paper (PaperID, Title, Year, MDate, Key, DOI) VALUES (2612, 'Overview of the CLEF-2005 Cross-Language Speech Retrieval Track.', 2005, '2014-08-15', 'conf/clef/WhiteOJSH05a', 'http://ceur-ws.org/Vol-1171/CLEF2005wn-CLSR-WhiteEt2005.pdf');
INSERT INTO Write (AuthorID, PaperID) VALUES (0, 2612);
INSERT INTO Paper (PaperID, Title, Year, MDate, Key, DOI) VALUES (2622, 'DCU-TCD@LogCLEF 2010: Re-ranking Document Collections and Query Performance Estimation.', 2010, '2014-09-24', 'conf/clef/LevelingGMJW10', 'http://www.clef-initiative.eu/documents/71612/86374/CLEF2010wn-LogCLEF-LevelingEt2010.pdf');
INSERT INTO Write (AuthorID, PaperID) VALUES (0, 2622);
INSERT INTO Paper (PaperID, Title, Year, MDate, Key, DOI) VALUES (2652, 'Considering Subjects and Scenarios in Large-Scale User-Centered Evaluation of a Multilingual Multimodal Medical Search System.', 2012, '2014-09-24', 'conf/clef/KellyGJH12', 'http://www.clef-initiative.eu/documents/71612/fc819e7c-c82f-4328-91c6-6446af5dd6c7');
INSERT INTO Write (AuthorID, PaperID) VALUES (0, 2652);
INSERT INTO Paper (PaperID, Title, Year, MDate, Key, DOI) VALUES (2653, 'Dublin City University at CLEF 2006: Cross-Language Speech Retrieval (CL-SR) Experiments.', 2006, '2014-08-15', 'conf/clef/JonesZL06a', 'http://ceur-ws.org/Vol-1172/CLEF2006wn-CLSR-GarethEt2006.pdf');
INSERT INTO Write (AuthorID, PaperID) VALUES (0, 2653);
INSERT INTO Paper (PaperID, Title, Year, MDate, Key, DOI) VALUES (2702, 'Panel Presentation: Towards Systematic Evaluation of Methods, Applications, and Resources for eHealth Document Analysis.', 2012, '2014-09-24', 'conf/clef/JonesKKMS12', 'http://www.clef-initiative.eu/documents/71612/3afe15c0-9ed2-4cfa-82ac-acba94f6e6a4');
INSERT INTO Write (AuthorID, PaperID) VALUES (0, 2702);
INSERT INTO Paper (PaperID, Title, Year, MDate, Key, DOI) VALUES (2791, 'DCU and UTA at ImageCLEFPhoto 2007.', 2007, '2017-05-24', 'conf/clef/JarvelinWAAJSS07', 'https://doi.org/10.1007/978-3-540-85760-0_66');
INSERT INTO Write (AuthorID, PaperID) VALUES (0, 2791);
INSERT INTO Paper (PaperID, Title, Year, MDate, Key, DOI) VALUES (2844, 'DCU at VideoCLEF 2009.', 2009, '2014-09-29', 'conf/clef/GyarmatiJ09a', 'http://ceur-ws.org/Vol-1175/CLEF2009wn-VideoCLEF-GyarmatiEt2009.pdf');
INSERT INTO Write (AuthorID, PaperID) VALUES (0, 2844);
INSERT INTO Paper (PaperID, Title, Year, MDate, Key, DOI) VALUES (2875, 'An Investigation of Cross-Language Information Retrieval for User-Generated Internet Video.', 2015, '2018-11-02', 'conf/clef/KhwilehGJ15', 'https://doi.org/10.1007/978-3-319-24027-5_10');
INSERT INTO Write (AuthorID, PaperID) VALUES (0, 2875);
INSERT INTO Paper (PaperID, Title, Year, MDate, Key, DOI) VALUES (2898, 'Overview of the CLEF-2006 Cross-Language Speech Retrieval Track.', 2006, '2019-03-04', 'conf/clef/OardWJWPSHS06', 'https://doi.org/10.1007/978-3-540-74999-8_94');
INSERT INTO Write (AuthorID, PaperID) VALUES (0, 2898);
INSERT INTO Paper (PaperID, Title, Year, MDate, Key, DOI) VALUES (2935, 'DCU at VideoClef 2008.', 2008, '2018-11-02', 'conf/clef/NewmanJ08', 'https://doi.org/10.1007/978-3-642-04447-2_121');
INSERT INTO Write (AuthorID, PaperID) VALUES (0, 2935);
INSERT INTO Paper (PaperID, Title, Year, MDate, Key, DOI) VALUES (2958, 'DCU and UTA at ImageCLEFPhoto 2007.', 2007, '2014-09-23', 'conf/clef/JarvelinWAAJSS07a', 'http://ceur-ws.org/Vol-1173/CLEF2007wn-ImageCLEF-JarvelinEt2007.pdf');
INSERT INTO Write (AuthorID, PaperID) VALUES (0, 2958);
INSERT INTO Paper (PaperID, Title, Year, MDate, Key, DOI) VALUES (3018, 'TCD-DCU at LogCLEF 2009: An Analysis of Queries, Actions, and Interface Languages.', 2009, '2014-09-29', 'conf/clef/GhorabLZJW09a', 'http://ceur-ws.org/Vol-1175/CLEF2009wn-LogCLEF-GhorabEt2009.pdf');
INSERT INTO Write (AuthorID, PaperID) VALUES (0, 3018);
INSERT INTO Paper (PaperID, Title, Year, MDate, Key, DOI) VALUES (3029, 'Dublin City University at CLEF 2005: Experiments with the ImageCLEF St Andrew''s Collection.', 2005, '2017-05-24', 'conf/clef/JonesM05', 'https://doi.org/10.1007/11878773_62');
INSERT INTO Write (AuthorID, PaperID) VALUES (0, 3029);
INSERT INTO Paper (PaperID, Title, Year, MDate, Key, DOI) VALUES (3053, 'Document Expansion, Query Translation and Language Modeling for Ad-Hoc IR.', 2009, '2018-11-02', 'conf/clef/LevelingZJW09', 'https://doi.org/10.1007/978-3-642-15754-7_5');
INSERT INTO Write (AuthorID, PaperID) VALUES (0, 3053);
INSERT INTO Paper (PaperID, Title, Year, MDate, Key, DOI) VALUES (3057, 'Exeter at CLEF 2002: Cross-Language Spoken Document Retrieval Experiments.', 2002, '2017-05-24', 'conf/clef/JonesL02', 'https://doi.org/10.1007/978-3-540-45237-9_40');
INSERT INTO Write (AuthorID, PaperID) VALUES (0, 3057);
INSERT INTO Paper (PaperID, Title, Year, MDate, Key, DOI) VALUES (3087, 'CLEF 2002 Cross-Language Spoken Document Retrieval Pilot Track Report.', 2002, '2017-05-24', 'conf/clef/JonesF02', 'https://doi.org/10.1007/978-3-540-45237-9_39');
INSERT INTO Write (AuthorID, PaperID) VALUES (0, 3087);
INSERT INTO Paper (PaperID, Title, Year, MDate, Key, DOI) VALUES (3108, 'Dublin City University at CLEF 2007: Cross Language Speech Retrieval (CL-SR) Experiments.', 2007, '2014-09-23', 'conf/clef/ZhangJZ07a', 'http://ceur-ws.org/Vol-1173/CLEF2007wn-CLSR-ZhangEt2007.pdf');
INSERT INTO Write (AuthorID, PaperID) VALUES (0, 3108);
INSERT INTO Paper (PaperID, Title, Year, MDate, Key, DOI) VALUES (3203, 'Dublin City University at CLEF 2006: Robust Cross Language Track.', 2006, '2017-05-24', 'conf/clef/Lam-AdesinaJ06', 'https://doi.org/10.1007/978-3-540-74999-8_21');
INSERT INTO Write (AuthorID, PaperID) VALUES (0, 3203);
INSERT INTO Paper (PaperID, Title, Year, MDate, Key, DOI) VALUES (3332, 'EXETER at CLEF 2002: Experiments with Machine Translation for Monolingual and Bilingual Retrieval.', 2002, '2014-08-15', 'conf/clef/Lam-AdesinaJ02a', 'http://ceur-ws.org/Vol-1168/CLEF2002wn-adhoc-LamAdesinaEt2002.pdf');
INSERT INTO Write (AuthorID, PaperID) VALUES (0, 3332);
INSERT INTO Paper (PaperID, Title, Year, MDate, Key, DOI) VALUES (3341, 'Exeter at CLEF 2003: Cross-Language Spoken Document Retrieval Experiments.', 2003, '2017-05-24', 'conf/clef/JonesL03', 'https://doi.org/10.1007/978-3-540-30222-3_62');
INSERT INTO Write (AuthorID, PaperID) VALUES (0, 3341);
INSERT INTO Paper (PaperID, Title, Year, MDate, Key, DOI) VALUES (3386, 'Overview of VideoCLEF 2008: Automatic Generation of Topic-Based Feeds for Dual Language Audio-Visual Content.', 2008, '2018-11-02', 'conf/clef/LarsonNJ08', 'https://doi.org/10.1007/978-3-642-04447-2_119');
INSERT INTO Write (AuthorID, PaperID) VALUES (0, 3386);
INSERT INTO Paper (PaperID, Title, Year, MDate, Key, DOI) VALUES (3460, 'The CLEF 2003 Cross-Language Spoken Document Retrieval Track.', 2003, '2014-08-15', 'conf/clef/FedericoJ03a', 'http://ceur-ws.org/Vol-1169/CLEF2003wn-CLSR-FedericoEt2003.pdf');
INSERT INTO Write (AuthorID, PaperID) VALUES (0, 3460);
INSERT INTO Author (AuthorID, Name) VALUES (1, 'Henning M&uuml;ller');
INSERT INTO Paper (PaperID, Title, Year, MDate, Key, DOI) VALUES (2, 'LifeCLEF 2016: Multimedia Life Species Identification Challenges.', 2016, '2017-08-31', 'conf/clef/JolyGGSBVCPPM16', 'https://doi.org/10.1007/978-3-319-44564-9_26');
INSERT INTO Write (AuthorID, PaperID) VALUES (1, 2);
INSERT INTO Paper (PaperID, Title, Year, MDate, Key, DOI) VALUES (33, 'General Overview of ImageCLEF at the CLEF 2016 Labs.', 2016, '2019-01-17', 'conf/clef/VillegasMHSBGPW16', 'https://doi.org/10.1007/978-3-319-44564-9_25');
INSERT INTO Write (AuthorID, PaperID) VALUES (1, 33);
INSERT INTO Paper (PaperID, Title, Year, MDate, Key, DOI) VALUES (37, 'Textured Graph-Based Model of the Lungs: Application on Tuberculosis Type Classification and Multi-drug Resistance Detection.', 2017, '2018-08-20', 'conf/clef/CidBM17a', 'https://doi.org/10.1007/978-3-319-98932-7_15');
INSERT INTO Write (AuthorID, PaperID) VALUES (1, 37);
INSERT INTO Paper (PaperID, Title, Year, MDate, Key, DOI) VALUES (52, 'The ImageCLEF Management System.', 2009, '2017-06-02', 'conf/clef/EggelM09', 'https://doi.org/10.1007/978-3-642-15751-6_43');
INSERT INTO Write (AuthorID, PaperID) VALUES (1, 52);
INSERT INTO Paper (PaperID, Title, Year, MDate, Key, DOI) VALUES (239, 'Report on the CLEF Experiment: Combining Image and Multilingual Search for Medical Image Retrieval.', 2004, '2014-08-15', 'conf/clef/MullerGR04a', 'http://ceur-ws.org/Vol-1170/CLEF2004wn-ImageCLEF-MullerEt2004b.pdf');
INSERT INTO Write (AuthorID, PaperID) VALUES (1, 239);
INSERT INTO Paper (PaperID, Title, Year, MDate, Key, DOI) VALUES (246, 'Bringing the Algorithms to the Data: Cloud-Based Benchmarking for Medical Image Analysis.', 2012, '2017-06-15', 'conf/clef/HanburyMLWMF12', 'https://doi.org/10.1007/978-3-642-33247-0_3');
INSERT INTO Write (AuthorID, PaperID) VALUES (1, 246);
INSERT INTO Paper (PaperID, Title, Year, MDate, Key, DOI) VALUES (250, 'MedGIFT at ImageCLEF 2008.', 2008, '2014-09-29', 'conf/clef/ZhouGM08a', 'http://ceur-ws.org/Vol-1174/CLEF2008wn-ImageCLEF-ZhouEt2008a.pdf');
INSERT INTO Write (AuthorID, PaperID) VALUES (1, 250);
INSERT INTO Paper (PaperID, Title, Year, MDate, Key, DOI) VALUES (331, 'Overview of the ImageCLEF 2015 Medical Classification Task.', 2015, '2015-09-03', 'conf/clef/HerreraMB15', 'http://ceur-ws.org/Vol-1391/172-CR.pdf');
INSERT INTO Write (AuthorID, PaperID) VALUES (1, 331);
INSERT INTO Paper (PaperID, Title, Year, MDate, Key, DOI) VALUES (366, 'Overview of ImageCLEFtuberculosis 2018 - Detecting Multi-Drug Resistance, Classifying Tuberculosis Types and Assessing Severity Scores.', 2018, '2018-08-08', 'conf/clef/CidLKM18', 'http://ceur-ws.org/Vol-2125/invited_paper_11.pdf');
INSERT INTO Write (AuthorID, PaperID) VALUES (1, 366);
INSERT INTO Paper (PaperID, Title, Year, MDate, Key, DOI) VALUES (383, 'Overview of ImageCLEF 2018: Challenges, Datasets and Evaluation.', 2018, '2018-08-20', 'conf/clef/IonescuMVHEACLK18', 'https://doi.org/10.1007/978-3-319-98932-7_28');
INSERT INTO Write (AuthorID, PaperID) VALUES (1, 383);
INSERT INTO Paper (PaperID, Title, Year, MDate, Key, DOI) VALUES (437, 'Overview of the ImageCLEF 2007 Medical Retrieval and Annotation Tasks.', 2007, '2014-09-23', 'conf/clef/MullerDKKDH07', 'http://ceur-ws.org/Vol-1173/CLEF2007wn-ImageCLEF-MullerEt2007.pdf');
INSERT INTO Write (AuthorID, PaperID) VALUES (1, 437);
INSERT INTO Paper (PaperID, Title, Year, MDate, Key, DOI) VALUES (537, 'ImageCLEF 2013: The Vision, the Data and the Open Challenges.', 2013, '2017-06-02', 'conf/clef/CaputoMTVPZGJBMGC13', 'https://doi.org/10.1007/978-3-642-40802-1_26');
INSERT INTO Write (AuthorID, PaperID) VALUES (1, 537);
INSERT INTO Paper (PaperID, Title, Year, MDate, Key, DOI) VALUES (557, 'Deep Multimodal Classification of Image Types in Biomedical Journal Figures.', 2018, '2018-08-20', 'conf/clef/AndrearczykM18', 'https://doi.org/10.1007/978-3-319-98932-7_1');
INSERT INTO Write (AuthorID, PaperID) VALUES (1, 557);
INSERT INTO Paper (PaperID, Title, Year, MDate, Key, DOI) VALUES (577, 'Textured Graph-model of the Lungs for Tuberculosis Type Classification and Drug Resistance Prediction: Participation in ImageCLEF 2017.', 2017, '2017-08-15', 'conf/clef/CidBM17', 'http://ceur-ws.org/Vol-1866/paper_147.pdf');
INSERT INTO Write (AuthorID, PaperID) VALUES (1, 577);
INSERT INTO Paper (PaperID, Title, Year, MDate, Key, DOI) VALUES (596, 'LifeCLEF 2014: Multimedia Life Species Identification Challenges.', 2014, '2017-08-31', 'conf/clef/JolyGGSBVPRFM14', 'https://doi.org/10.1007/978-3-319-11382-1_20');
INSERT INTO Write (AuthorID, PaperID) VALUES (1, 596);
INSERT INTO Paper (PaperID, Title, Year, MDate, Key, DOI) VALUES (631, 'Overview of the CLEF 2010 Medical Image Retrieval Track.', 2010, '2014-09-24', 'conf/clef/MullerKEBRKH10', 'http://www.clef-initiative.eu/documents/71612/86374/CLEF2010wn-ImageCLEF-MuellerEt2010.pdf');
INSERT INTO Write (AuthorID, PaperID) VALUES (1, 631);
INSERT INTO Paper (PaperID, Title, Year, MDate, Key, DOI) VALUES (693, 'The CLEF 2004 Cross-Language Image Retrieval Track.', 2004, '2017-05-24', 'conf/clef/CloughMS05', 'https://doi.org/10.1007/11519645_59');
INSERT INTO Write (AuthorID, PaperID) VALUES (1, 693);
INSERT INTO Paper (PaperID, Title, Year, MDate, Key, DOI) VALUES (743, 'Overview of the ImageCLEF 2017 Tuberculosis Task - Predicting Tuberculosis Type and Drug Resistances.', 2017, '2017-08-15', 'conf/clef/CidKLKM17', 'http://ceur-ws.org/Vol-1866/invited_paper_1.pdf');
INSERT INTO Write (AuthorID, PaperID) VALUES (1, 743);
INSERT INTO Paper (PaperID, Title, Year, MDate, Key, DOI) VALUES (762, 'ImageCLEF 2004: Combining Image and Multi-lingual Search for Medical Image Retrieval.', 2004, '2017-05-24', 'conf/clef/MullerGR05', 'https://doi.org/10.1007/11519645_70');
INSERT INTO Write (AuthorID, PaperID) VALUES (1, 762);
INSERT INTO Paper (PaperID, Title, Year, MDate, Key, DOI) VALUES (816, 'Performing Image Classification with a Frequency-based Information Retrieval Schema for ImageCLEF 2006.', 2006, '2014-08-15', 'conf/clef/MullerGG06a', 'http://ceur-ws.org/Vol-1172/CLEF2006wn-ImageCLEF-MullerEt2006b.pdf');
INSERT INTO Write (AuthorID, PaperID) VALUES (1, 816);
INSERT INTO Paper (PaperID, Title, Year, MDate, Key, DOI) VALUES (821, 'Report on the ImageCLEF Experiment: How to Visually Retrieve Images from the St. Andrews Collection using GIFT.', 2004, '2014-08-15', 'conf/clef/MullerGR04', 'http://ceur-ws.org/Vol-1170/CLEF2004wn-ImageCLEF-MullerEt2004.pdf');
INSERT INTO Write (AuthorID, PaperID) VALUES (1, 821);
INSERT INTO Paper (PaperID, Title, Year, MDate, Key, DOI) VALUES (870, 'Overview of ImageCLEF 2017: Information Extraction from Images.', 2017, '2017-08-31', 'conf/clef/IonescuMVABDCEH17', 'https://doi.org/10.1007/978-3-319-65813-1_28');
INSERT INTO Write (AuthorID, PaperID) VALUES (1, 870);
INSERT INTO Paper (PaperID, Title, Year, MDate, Key, DOI) VALUES (937, 'The CLEF Cross Language Image Retrieval Track (ImageCLEF) 2004.', 2004, '2014-09-10', 'conf/clef/CloughSM04', 'http://ceur-ws.org/Vol-1170/CLEF2004wn-ImageCLEF-CloughEt2004.pdf');
INSERT INTO Write (AuthorID, PaperID) VALUES (1, 937);
INSERT INTO Paper (PaperID, Title, Year, MDate, Key, DOI) VALUES (1068, 'ImageCLEF 2014: Overview and Analysis of the Results.', 2014, '2018-11-02', 'conf/clef/CaputoMMVAPMUPCGM14', 'https://doi.org/10.1007/978-3-319-11382-1_18');
INSERT INTO Write (AuthorID, PaperID) VALUES (1, 1068);
INSERT INTO Paper (PaperID, Title, Year, MDate, Key, DOI) VALUES (1140, 'LifeCLEF 2017 Lab Overview: Multimedia Species Identification Challenges.', 2017, '2017-08-31', 'conf/clef/JolyGGSBVLPPM17', 'https://doi.org/10.1007/978-3-319-65813-1_24');
INSERT INTO Write (AuthorID, PaperID) VALUES (1, 1140);
INSERT INTO Paper (PaperID, Title, Year, MDate, Key, DOI) VALUES (1166, 'Finding and Classifying Tuberculosis Types for a Targeted Treatment: MedGIFT-UPB Participation in the ImageCLEF 2017 Tuberculosis Task.', 2017, '2017-08-31', 'conf/clef/StefanCJIM17', 'http://ceur-ws.org/Vol-1866/paper_152.pdf');
INSERT INTO Write (AuthorID, PaperID) VALUES (1, 1166);
INSERT INTO Paper (PaperID, Title, Year, MDate, Key, DOI) VALUES (1168, 'Overview of the CLEF 2009 Medical Image Retrieval Track.', 2009, '2018-11-14', 'conf/clef/MullerKEBRBKH09', 'https://www.wikidata.org/entity/Q57832082');
INSERT INTO Write (AuthorID, PaperID) VALUES (1, 1168);
INSERT INTO Paper (PaperID, Title, Year, MDate, Key, DOI) VALUES (1179, 'Overview of ImageCLEF 2018 Medical Domain Visual Question Answering Task.', 2018, '2018-08-08', 'conf/clef/HasanLFLML18', 'http://ceur-ws.org/Vol-2125/paper_212.pdf');
INSERT INTO Write (AuthorID, PaperID) VALUES (1, 1179);
INSERT INTO Paper (PaperID, Title, Year, MDate, Key, DOI) VALUES (1280, 'Overview of the ImageCLEFmed 2008 Medical Image Retrieval Task.', 2008, '2018-11-14', 'conf/clef/MullerKKHBH08', 'https://www.wikidata.org/entity/Q57832113');
INSERT INTO Write (AuthorID, PaperID) VALUES (1, 1280);
INSERT INTO Paper (PaperID, Title, Year, MDate, Key, DOI) VALUES (1374, 'Overview of the ImageCLEFmed 2006 Medical Retrieval and Annotation Tasks.', 2006, '2014-09-10', 'conf/clef/MullerDLCKH06', 'http://ceur-ws.org/Vol-1172/CLEF2006wn-ImageCLEF-MullerEt2006.pdf');
INSERT INTO Write (AuthorID, PaperID) VALUES (1, 1374);
INSERT INTO Paper (PaperID, Title, Year, MDate, Key, DOI) VALUES (1387, 'The MedGIFT Group at ImageCLEF 2008.', 2008, '2017-06-02', 'conf/clef/ZhouGM08', 'https://doi.org/10.1007/978-3-642-04447-2_90');
INSERT INTO Write (AuthorID, PaperID) VALUES (1, 1387);
INSERT INTO Paper (PaperID, Title, Year, MDate, Key, DOI) VALUES (1505, 'Overview of the CLEF 2009 Medical Image Retrieval Track.', 2009, '2014-09-29', 'conf/clef/MullerKEBRBKH09a', 'http://ceur-ws.org/Vol-1175/CLEF2009wn-ImageCLEF-MullerEt2009.pdf');
INSERT INTO Write (AuthorID, PaperID) VALUES (1, 1505);
INSERT INTO Paper (PaperID, Title, Year, MDate, Key, DOI) VALUES (1522, 'Overview of LifeCLEF 2018: A Large-Scale Evaluation of Species Identification and Recommendation Algorithms in the Era of AI.', 2018, '2018-08-20', 'conf/clef/JolyGBGBVPM18', 'https://doi.org/10.1007/978-3-319-98932-7_24');
INSERT INTO Write (AuthorID, PaperID) VALUES (1, 1522);
INSERT INTO Paper (PaperID, Title, Year, MDate, Key, DOI) VALUES (1537, 'Overview of the ImageCLEFmed 2008 Medical Image Retrieval Task.', 2008, '2014-09-29', 'conf/clef/MullerKKHBH08a', 'http://ceur-ws.org/Vol-1174/CLEF2008wn-ImageCLEF-MullerEt2008.pdf');
INSERT INTO Write (AuthorID, PaperID) VALUES (1, 1537);
INSERT INTO Paper (PaperID, Title, Year, MDate, Key, DOI) VALUES (1551, 'Overview of the ImageCLEF 2006 Photographic Retrieval and Object Annotation Tasks.', 2006, '2017-05-24', 'conf/clef/CloughGDHM06', 'https://doi.org/10.1007/978-3-540-74999-8_71');
INSERT INTO Write (AuthorID, PaperID) VALUES (1, 1551);
INSERT INTO Paper (PaperID, Title, Year, MDate, Key, DOI) VALUES (1578, 'Overview of the ImageCLEFphoto 2007 Photographic Retrieval Task.', 2007, '2014-09-23', 'conf/clef/GrubingerCHM07a', 'http://ceur-ws.org/Vol-1173/CLEF2007wn-ImageCLEF-GrubingerEt2007.pdf');
INSERT INTO Write (AuthorID, PaperID) VALUES (1, 1578);
INSERT INTO Paper (PaperID, Title, Year, MDate, Key, DOI) VALUES (1614, 'Generating Captions for Medical Images with a Deep Learning Multi-hypothesis Approach: ImageCLEF 2017 Caption Task.', 2017, '2017-08-15', 'conf/clef/StefanIM17', 'http://ceur-ws.org/Vol-1866/paper_153.pdf');
INSERT INTO Write (AuthorID, PaperID) VALUES (1, 1614);
INSERT INTO Write (AuthorID, PaperID) VALUES (1, 1729);
INSERT INTO Paper (PaperID, Title, Year, MDate, Key, DOI) VALUES (1768, 'BatmanLab in the ImageCLEF Tuberculosis task 2017.', 2017, '2017-08-15', 'conf/clef/CidMB17', 'http://ceur-ws.org/Vol-1866/paper_159.pdf');
INSERT INTO Write (AuthorID, PaperID) VALUES (1, 1768);
INSERT INTO Paper (PaperID, Title, Year, MDate, Key, DOI) VALUES (1803, 'University and Hospitals of Geneva Participating at ImageCLEF 2007.', 2007, '2017-05-24', 'conf/clef/ZhouGRM07', 'https://doi.org/10.1007/978-3-540-85760-0_83');
INSERT INTO Write (AuthorID, PaperID) VALUES (1, 1803);
INSERT INTO Paper (PaperID, Title, Year, MDate, Key, DOI) VALUES (1876, 'LifeCLEF 2015: Multimedia Life Species Identification Challenges.', 2015, '2017-08-31', 'conf/clef/JolyGGSBVPRPFM15', 'https://doi.org/10.1007/978-3-319-24027-5_46');
INSERT INTO Write (AuthorID, PaperID) VALUES (1, 1876);
INSERT INTO Paper (PaperID, Title, Year, MDate, Key, DOI) VALUES (1985, 'Assessing the Scholarly Impact of ImageCLEF.', 2011, '2017-06-02', 'conf/clef/TsikrikaHM11', 'https://doi.org/10.1007/978-3-642-23708-9_12');
INSERT INTO Write (AuthorID, PaperID) VALUES (1, 1985);
INSERT INTO Paper (PaperID, Title, Year, MDate, Key, DOI) VALUES (2002, 'The Use of MedGIFT and EasyIR for ImageCLEF 2005.', 2005, '2017-05-24', 'conf/clef/MullerGMLR05', 'https://doi.org/10.1007/11878773_79');
INSERT INTO Write (AuthorID, PaperID) VALUES (1, 2002);
INSERT INTO Paper (PaperID, Title, Year, MDate, Key, DOI) VALUES (2055, 'The Scholarly Impact of CLEF (2000-2009).', 2013, '2018-11-02', 'conf/clef/TsikrikaLMER13', 'https://doi.org/10.1007/978-3-642-40802-1_1');
INSERT INTO Write (AuthorID, PaperID) VALUES (1, 2055);
INSERT INTO Paper (PaperID, Title, Year, MDate, Key, DOI) VALUES (2059, 'The IR Task at the CLEF eHealth Evaluation Lab 2016: User-centred Health Information Retrieval.', 2016, '2016-08-11', 'conf/clef/ZucconPGKLPMBD16', 'http://ceur-ws.org/Vol-1609/16090015.pdf');
INSERT INTO Write (AuthorID, PaperID) VALUES (1, 2059);
INSERT INTO Paper (PaperID, Title, Year, MDate, Key, DOI) VALUES (2125, 'The medGIFT Group in ImageCLEFmed 2012.', 2012, '2014-09-24', 'conf/clef/HerreraMEM12', 'http://www.clef-initiative.eu/documents/71612/7ece478d-96d0-4c5d-9c63-b5f37a1563f6');
INSERT INTO Write (AuthorID, PaperID) VALUES (1, 2125);
INSERT INTO Paper (PaperID, Title, Year, MDate, Key, DOI) VALUES (2132, 'Overview of ImageCLEFcaption 2017 - Image Caption Prediction and Concept Detection for Biomedical Images.', 2017, '2017-08-15', 'conf/clef/EickhoffSHM17', 'http://ceur-ws.org/Vol-1866/invited_paper_7.pdf');
INSERT INTO Write (AuthorID, PaperID) VALUES (1, 2132);
INSERT INTO Paper (PaperID, Title, Year, MDate, Key, DOI) VALUES (2155, 'Overview of the ImageCLEF 2013 Medical Tasks.', 2013, '2015-12-03', 'conf/clef/HerreraKDAM13', 'http://ceur-ws.org/Vol-1179/CLEF2013wn-ImageCLEF-SecoDeHerreraEt2013b.pdf');
INSERT INTO Write (AuthorID, PaperID) VALUES (1, 2155);
INSERT INTO Paper (PaperID, Title, Year, MDate, Key, DOI) VALUES (2242, 'Texture-based Graph Model of the Lungs for Drug Resistance Detection, Tuberculosis Type Classification, and Severity Scoring: Participation in ImageCLEF 2018 Tuberculosis Task.', 2018, '2018-08-08', 'conf/clef/CidM18', 'http://ceur-ws.org/Vol-2125/paper_114.pdf');
INSERT INTO Write (AuthorID, PaperID) VALUES (1, 2242);
INSERT INTO Paper (PaperID, Title, Year, MDate, Key, DOI) VALUES (2252, 'The MedGIFT Group at ImageCLEF 2009.', 2009, '2017-06-02', 'conf/clef/ZhouEM09', 'https://doi.org/10.1007/978-3-642-15751-6_25');
INSERT INTO Write (AuthorID, PaperID) VALUES (1, 2252);
INSERT INTO Paper (PaperID, Title, Year, MDate, Key, DOI) VALUES (2271, 'The Participation of MedGIFT Group at ImageCLEFmed 2010.', 2010, '2014-09-24', 'conf/clef/ZhouEM10', 'http://www.clef-initiative.eu/documents/71612/86374/CLEF2010wn-ImageCLEF-ZhouEt2010.pdf');
INSERT INTO Write (AuthorID, PaperID) VALUES (1, 2271);
INSERT INTO Paper (PaperID, Title, Year, MDate, Key, DOI) VALUES (2308, 'General Overview of ImageCLEF at the CLEF 2015 Labs.', 2015, '2018-11-02', 'conf/clef/VillegasMGPWMHB15', 'https://doi.org/10.1007/978-3-319-24027-5_45');
INSERT INTO Write (AuthorID, PaperID) VALUES (1, 2308);
INSERT INTO Paper (PaperID, Title, Year, MDate, Key, DOI) VALUES (2327, 'Overview of the ImageCLEF 2018 Caption Prediction Tasks.', 2018, '2018-08-08', 'conf/clef/HerreraEAM18', 'http://ceur-ws.org/Vol-2125/invited_paper_4.pdf');
INSERT INTO Write (AuthorID, PaperID) VALUES (1, 2327);
INSERT INTO Paper (PaperID, Title, Year, MDate, Key, DOI) VALUES (2368, 'Automated Component-Level Evaluation: Present and Future.', 2010, '2017-06-02', 'conf/clef/HanburyM10', 'https://doi.org/10.1007/978-3-642-15998-5_14');
INSERT INTO Write (AuthorID, PaperID) VALUES (1, 2368);
INSERT INTO Paper (PaperID, Title, Year, MDate, Key, DOI) VALUES (2435, 'Summarizing Citation Contexts of Scientific Publications.', 2015, '2017-05-24', 'conf/clef/MitrovicM15', 'https://doi.org/10.1007/978-3-319-24027-5_13');
INSERT INTO Write (AuthorID, PaperID) VALUES (1, 2435);
INSERT INTO Paper (PaperID, Title, Year, MDate, Key, DOI) VALUES (2452, 'Overview of the ImageCLEFphoto 2007 Photographic Retrieval Task.', 2007, '2017-05-24', 'conf/clef/GrubingerCHM07', 'https://doi.org/10.1007/978-3-540-85760-0_57');
INSERT INTO Write (AuthorID, PaperID) VALUES (1, 2452);
INSERT INTO Paper (PaperID, Title, Year, MDate, Key, DOI) VALUES (2482, 'The CLEF 2005 Cross-Language Image Retrieval Track.', 2005, '2017-05-24', 'conf/clef/CloughMDGLJH05', 'https://doi.org/10.1007/11878773_60');
INSERT INTO Write (AuthorID, PaperID) VALUES (1, 2482);
INSERT INTO Write (AuthorID, PaperID) VALUES (1, 2524);
INSERT INTO Paper (PaperID, Title, Year, MDate, Key, DOI) VALUES (2590, 'Overview of the ImageCLEFmed 2006 Medical Retrieval and Medical Annotation Tasks.', 2006, '2017-05-24', 'conf/clef/MullerDDCKH06', 'https://doi.org/10.1007/978-3-540-74999-8_72');
INSERT INTO Write (AuthorID, PaperID) VALUES (1, 2590);
INSERT INTO Paper (PaperID, Title, Year, MDate, Key, DOI) VALUES (2615, 'The MedGIFT Group at ImageCLEF 2009.', 2009, '2014-09-29', 'conf/clef/ZhouEM09a', 'http://ceur-ws.org/Vol-1175/CLEF2009wn-ImageCLEF-ZhouEt2009.pdf');
INSERT INTO Write (AuthorID, PaperID) VALUES (1, 2615);
INSERT INTO Paper (PaperID, Title, Year, MDate, Key, DOI) VALUES (2667, 'The medGIFT Group in ImageCLEFmed 2011.', 2011, '2014-09-24', 'conf/clef/MarkonisEHM11', 'http://www.clef-initiative.eu/documents/71612/86377/CLEF2011wn-ImageCLEF-MarkoniseEt2011.pdf');
INSERT INTO Write (AuthorID, PaperID) VALUES (1, 2667);
INSERT INTO Write (AuthorID, PaperID) VALUES (1, 2702);
INSERT INTO Paper (PaperID, Title, Year, MDate, Key, DOI) VALUES (2740, 'How to Visually Retrieve Images from the St. Andrews Collection Using GIFT.', 2004, '2017-05-24', 'conf/clef/MullerG05', 'https://doi.org/10.1007/11519645_62');
INSERT INTO Write (AuthorID, PaperID) VALUES (1, 2740);
INSERT INTO Paper (PaperID, Title, Year, MDate, Key, DOI) VALUES (2750, 'Overview of the ImageCLEF 2016 Medical Task.', 2016, '2016-08-11', 'conf/clef/HerreraSBM16', 'http://ceur-ws.org/Vol-1609/16090219.pdf');
INSERT INTO Write (AuthorID, PaperID) VALUES (1, 2750);
INSERT INTO Paper (PaperID, Title, Year, MDate, Key, DOI) VALUES (2817, 'The CLEF 2005 Cross-Language Image Retrieval Track.', 2005, '2014-09-10', 'conf/clef/CloughMDGLJH05a', 'http://ceur-ws.org/Vol-1171/CLEF2005wn-ImageCLEF-CloughEt2005.pdf');
INSERT INTO Write (AuthorID, PaperID) VALUES (1, 2817);
INSERT INTO Paper (PaperID, Title, Year, MDate, Key, DOI) VALUES (2880, 'Translation by Text Categorisation: Medical Image Retrieval in ImageCLEFmed 2006.', 2006, '2017-05-24', 'conf/clef/GobeillMR06', 'https://doi.org/10.1007/978-3-540-74999-8_88');
INSERT INTO Write (AuthorID, PaperID) VALUES (1, 2880);
INSERT INTO Paper (PaperID, Title, Year, MDate, Key, DOI) VALUES (2955, 'A PROMISE for Experimental Evaluation.', 2010, '2018-11-02', 'conf/clef/BraschlerCFHKMPPRS10', 'https://doi.org/10.1007/978-3-642-15998-5_16');
INSERT INTO Write (AuthorID, PaperID) VALUES (1, 2955);
INSERT INTO Paper (PaperID, Title, Year, MDate, Key, DOI) VALUES (3076, 'Overview of the ImageCLEF 2006 Photographic Retrieval and Object Annotation Tasks.', 2006, '2014-09-10', 'conf/clef/CloughGDHM06a', 'http://ceur-ws.org/Vol-1172/CLEF2006wn-ImageCLEF-CloughEt2006.pdf');
INSERT INTO Write (AuthorID, PaperID) VALUES (1, 3076);
INSERT INTO Paper (PaperID, Title, Year, MDate, Key, DOI) VALUES (3141, 'Overview of the CLEF 2011 Medical Image Classification and Retrieval Tasks.', 2011, '2014-09-24', 'conf/clef/Kalpathy-CramerMBEHT11', 'http://www.clef-initiative.eu/documents/71612/86377/CLEF2011wn-ImageCLEF-Kapalthy-CramerEt2011.pdf');
INSERT INTO Write (AuthorID, PaperID) VALUES (1, 3141);
INSERT INTO Paper (PaperID, Title, Year, MDate, Key, DOI) VALUES (3167, 'Overview of the ImageCLEF 2012 Medical Image Retrieval and Classification Tasks.', 2012, '2015-12-03', 'conf/clef/MullerHKDAE12', 'http://www.clef-initiative.eu/documents/71612/ec58b0bf-b68f-423c-abd9-ede306a69cc0');
INSERT INTO Write (AuthorID, PaperID) VALUES (1, 3167);
INSERT INTO Paper (PaperID, Title, Year, MDate, Key, DOI) VALUES (3210, 'Image Classification with a Frequency-Based Information Retrieval Scheme for ImageCLEFmed 2006.', 2006, '2017-05-24', 'conf/clef/MullerGG06', 'https://doi.org/10.1007/978-3-540-74999-8_78');
INSERT INTO Write (AuthorID, PaperID) VALUES (1, 3210);
INSERT INTO Paper (PaperID, Title, Year, MDate, Key, DOI) VALUES (3231, 'University and Hospitals of Geneva at ImageCLEF 2007.', 2007, '2014-09-23', 'conf/clef/ZhouGRM07a', 'http://ceur-ws.org/Vol-1173/CLEF2007wn-ImageCLEF-ZhouEt2007.pdf');
INSERT INTO Write (AuthorID, PaperID) VALUES (1, 3231);
INSERT INTO Paper (PaperID, Title, Year, MDate, Key, DOI) VALUES (3288, 'Overview of the ImageCLEFmed 2007 Medical Retrieval and Medical Annotation Tasks.', 2007, '2017-05-24', 'conf/clef/MullerDDKKH07', 'https://doi.org/10.1007/978-3-540-85760-0_59');
INSERT INTO Write (AuthorID, PaperID) VALUES (1, 3288);
INSERT INTO Paper (PaperID, Title, Year, MDate, Key, DOI) VALUES (3333, 'Using medGIFT and easyIR for the ImageCLEF 2005 Evaluation Tasks.', 2005, '2014-08-15', 'conf/clef/MullerGMLR05a', 'http://ceur-ws.org/Vol-1171/CLEF2005wn-ImageCLEF-MullerEt2005.pdf');
INSERT INTO Write (AuthorID, PaperID) VALUES (1, 3333);
INSERT INTO Paper (PaperID, Title, Year, MDate, Key, DOI) VALUES (3483, 'Query and Document Translation by Automatic Text Categorization: A Simple Approach to Establish a Strong Textual Baseline for ImageCLEFmed 2006.', 2006, '2014-08-15', 'conf/clef/GobeillMR06a', 'http://ceur-ws.org/Vol-1172/CLEF2006wn-ImageCLEF-GobeillEt2006.pdf');
INSERT INTO Write (AuthorID, PaperID) VALUES (1, 3483);
INSERT INTO Paper (PaperID, Title, Year, MDate, Key, DOI) VALUES (3504, 'The medGIFT Group in ImageCLEFmed 2013.', 2013, '2014-09-10', 'conf/clef/HerreraMSEM13', 'http://ceur-ws.org/Vol-1179/CLEF2013wn-ImageCLEF-SecoDeHerreraEt2013.pdf');
INSERT INTO Write (AuthorID, PaperID) VALUES (1, 3504);
INSERT INTO Author (AuthorID, Name) VALUES (2, 'Paolo Rosso');
INSERT INTO Paper (PaperID, Title, Year, MDate, Key, DOI) VALUES (92, 'Overview of the 6th Author Profiling Task at PAN 2018: Multimodal Gender Identification in Twitter.', 2018, '2018-08-08', 'conf/clef/PardoRMPS18', 'http://ceur-ws.org/Vol-2125/invited_paper_15.pdf');
INSERT INTO Write (AuthorID, PaperID) VALUES (2, 92);
INSERT INTO Paper (PaperID, Title, Year, MDate, Key, DOI) VALUES (208, 'Using the WordNet Ontology in the GeoCLEF Geographical Information Retrieval Task.', 2005, '2017-05-24', 'conf/clef/BuscaldiRA05', 'https://doi.org/10.1007/11878773_105');
INSERT INTO Write (AuthorID, PaperID) VALUES (2, 208);
INSERT INTO Paper (PaperID, Title, Year, MDate, Key, DOI) VALUES (295, 'Some Experiments in Question Answering with a Disambiguated Document Collection.', 2008, '2017-05-24', 'conf/clef/BuscaldiR08', 'https://doi.org/10.1007/978-3-642-04447-2_52');
INSERT INTO Write (AuthorID, PaperID) VALUES (2, 295);
INSERT INTO Paper (PaperID, Title, Year, MDate, Key, DOI) VALUES (307, 'Towards Data Submissions for Shared Tasks: First Experiences for the Task of Text Alignment.', 2015, '2015-09-03', 'conf/clef/PotthastGRS15', 'http://ceur-ws.org/Vol-1391/inv-pap11-CR.pdf');
INSERT INTO Write (AuthorID, PaperID) VALUES (2, 307);
INSERT INTO Paper (PaperID, Title, Year, MDate, Key, DOI) VALUES (323, 'Overview of the 6th International Competition on Plagiarism Detection.', 2014, '2014-09-10', 'conf/clef/PotthastHBBTRS14', 'http://ceur-ws.org/Vol-1180/CLEF2014wn-Pan-PotthastEt2014.pdf');
INSERT INTO Write (AuthorID, PaperID) VALUES (2, 323);
INSERT INTO Paper (PaperID, Title, Year, MDate, Key, DOI) VALUES (372, 'Overview of PAN 2018 - Author Identification, Author Profiling, and Author Obfuscation.', 2018, '2018-08-20', 'conf/clef/StamatatosPTSKR18', 'https://doi.org/10.1007/978-3-319-98932-7_25');
INSERT INTO Write (AuthorID, PaperID) VALUES (2, 372);
INSERT INTO Paper (PaperID, Title, Year, MDate, Key, DOI) VALUES (416, 'NLEL at RespubliQA 2010.', 2010, '2014-09-24', 'conf/clef/CorreaBR10', 'http://www.clef-initiative.eu/documents/71612/86374/CLEF2010wn-MLQA10-CorreaEt2010.pdf');
INSERT INTO Write (AuthorID, PaperID) VALUES (2, 416);
INSERT INTO Paper (PaperID, Title, Year, MDate, Key, DOI) VALUES (423, 'Language Variety Identification Using Distributed Representations of Words and Documents.', 2015, '2017-06-02', 'conf/clef/Franco-Salvador15', 'https://doi.org/10.1007/978-3-319-24027-5_3');
INSERT INTO Write (AuthorID, PaperID) VALUES (2, 423);
INSERT INTO Paper (PaperID, Title, Year, MDate, Key, DOI) VALUES (484, 'Overview of the PAN/CLEF 2015 Evaluation Lab.', 2015, '2017-06-15', 'conf/clef/StamatatosPPRS15', 'https://doi.org/10.1007/978-3-319-24027-5_49');
INSERT INTO Write (AuthorID, PaperID) VALUES (2, 484);
INSERT INTO Paper (PaperID, Title, Year, MDate, Key, DOI) VALUES (532, 'Overview of the 2nd International Competition on Plagiarism Detection.', 2010, '2014-09-24', 'conf/clef/PotthastBESR10', 'http://www.clef-initiative.eu/documents/71612/86374/CLEF2010wn-PAN-PotthastEt2010a.pdf');
INSERT INTO Write (AuthorID, PaperID) VALUES (2, 532);
INSERT INTO Paper (PaperID, Title, Year, MDate, Key, DOI) VALUES (594, 'Character N-Grams for Detecting Deceptive Controversial Opinions.', 2018, '2018-08-20', 'conf/clef/Sanchez-Junquera18', 'https://doi.org/10.1007/978-3-319-98932-7_13');
INSERT INTO Write (AuthorID, PaperID) VALUES (2, 594);
INSERT INTO Paper (PaperID, Title, Year, MDate, Key, DOI) VALUES (682, 'R2D2 at GeoCLEF 2006: A Combined Approach.', 2006, '2018-08-09', 'conf/clef/VegaCLPAFTKNMMBR06', 'https://doi.org/10.1007/978-3-540-74999-8_117');
INSERT INTO Write (AuthorID, PaperID) VALUES (2, 682);
INSERT INTO Paper (PaperID, Title, Year, MDate, Key, DOI) VALUES (744, 'Overview of the 5th Author Profiling Task at PAN 2017: Gender and Language Variety Identification in Twitter.', 2017, '2017-08-15', 'conf/clef/PardoRPS17', 'http://ceur-ws.org/Vol-1866/invited_paper_11.pdf');
INSERT INTO Write (AuthorID, PaperID) VALUES (2, 744);
INSERT INTO Paper (PaperID, Title, Year, MDate, Key, DOI) VALUES (765, 'Using GeoWordNet for Geographical Information Retrieval.', 2008, '2017-05-24', 'conf/clef/BuscaldiR08a', 'https://doi.org/10.1007/978-3-642-04447-2_113');
INSERT INTO Write (AuthorID, PaperID) VALUES (2, 765);
INSERT INTO Paper (PaperID, Title, Year, MDate, Key, DOI) VALUES (933, 'On the Use of PU Learning for Quality Flaw Prediction in Wikipedia.', 2012, '2014-09-24', 'conf/clef/FerrettiFGMER12', 'http://www.clef-initiative.eu/documents/71612/ee2e5cd1-1ce9-40f7-ace5-bd9c9bddb180');
INSERT INTO Write (AuthorID, PaperID) VALUES (2, 933);
INSERT INTO Paper (PaperID, Title, Year, MDate, Key, DOI) VALUES (944, 'The UPV at GeoCLEF 2007.', 2007, '2014-09-23', 'conf/clef/BuscaldiR07a', 'http://ceur-ws.org/Vol-1173/CLEF2007wn-GeoCLEF-BuscaldiEt2007.pdf');
INSERT INTO Write (AuthorID, PaperID) VALUES (2, 944);
INSERT INTO Paper (PaperID, Title, Year, MDate, Key, DOI) VALUES (1137, 'Overview of the 3rd International Competition on Plagiarism Detection.', 2011, '2014-09-24', 'conf/clef/PotthastEBSR11', 'http://www.clef-initiative.eu/documents/71612/86377/CLEF2011wn-PAN-PotthastEt2011a.pdf');
INSERT INTO Write (AuthorID, PaperID) VALUES (2, 1137);
INSERT INTO Paper (PaperID, Title, Year, MDate, Key, DOI) VALUES (1193, 'NLEL-MAAT at CLEF-IP.', 2009, '2017-05-24', 'conf/clef/CorreaBR09a', 'https://doi.org/10.1007/978-3-642-15754-7_52');
INSERT INTO Write (AuthorID, PaperID) VALUES (2, 1193);
INSERT INTO Paper (PaperID, Title, Year, MDate, Key, DOI) VALUES (1350, 'UPV-INAOE - Check That: Preliminary Approach for Checking Worthiness of Claims.', 2018, '2018-08-08', 'conf/clef/GhanemMPR18a', 'http://ceur-ws.org/Vol-2125/paper_131.pdf');
INSERT INTO Write (AuthorID, PaperID) VALUES (2, 1350);
INSERT INTO Paper (PaperID, Title, Year, MDate, Key, DOI) VALUES (1411, 'On the Multilingual and Genre Robustness of EmoGraphs for Author Profiling in Social Media.', 2015, '2017-05-24', 'conf/clef/PardoR15', 'https://doi.org/10.1007/978-3-319-24027-5_28');
INSERT INTO Write (AuthorID, PaperID) VALUES (2, 1411);
INSERT INTO Paper (PaperID, Title, Year, MDate, Key, DOI) VALUES (1463, 'The UPV at GeoCLEF 2008: The GeoWorSE System.', 2008, '2014-09-29', 'conf/clef/BuscaldiR08b', 'http://ceur-ws.org/Vol-1174/CLEF2008wn-GeoCLEF-BuscaldiEt2008.pdf');
INSERT INTO Write (AuthorID, PaperID) VALUES (2, 1463);
INSERT INTO Paper (PaperID, Title, Year, MDate, Key, DOI) VALUES (1482, 'A New Corpus for the Evaluation of Arabic Intrinsic Plagiarism Detection.', 2013, '2017-06-15', 'conf/clef/BensalemRC13', 'https://doi.org/10.1007/978-3-642-40802-1_6');
INSERT INTO Write (AuthorID, PaperID) VALUES (2, 1482);
INSERT INTO Paper (PaperID, Title, Year, MDate, Key, DOI) VALUES (1508, 'NLEL-MAAT at ResPubliQA.', 2009, '2017-05-24', 'conf/clef/CorreaBR09', 'https://doi.org/10.1007/978-3-642-15754-7_24');
INSERT INTO Write (AuthorID, PaperID) VALUES (2, 1508);
INSERT INTO Paper (PaperID, Title, Year, MDate, Key, DOI) VALUES (1531, 'A WordNet-Based Indexing Technique for Geographical Information Retrieval.', 2006, '2017-05-24', 'conf/clef/BuscaldiRS06', 'https://doi.org/10.1007/978-3-540-74999-8_122');
INSERT INTO Write (AuthorID, PaperID) VALUES (2, 1531);
INSERT INTO Paper (PaperID, Title, Year, MDate, Key, DOI) VALUES (1572, 'The UPV at QA@CLEF 2007.', 2007, '2014-09-23', 'conf/clef/BuscaldiBRS07a', 'http://ceur-ws.org/Vol-1173/CLEF2007wn-QACLEF-BuscaldiEt2007.pdf');
INSERT INTO Write (AuthorID, PaperID) VALUES (2, 1572);
INSERT INTO Paper (PaperID, Title, Year, MDate, Key, DOI) VALUES (1720, 'Recent Trends in Digital Text Forensics and Its Evaluation - Plagiarism Detection, Author Identification, and Author Profiling.', 2013, '2017-06-15', 'conf/clef/GollubPBBPRSS13', 'https://doi.org/10.1007/978-3-642-40802-1_28');
INSERT INTO Write (AuthorID, PaperID) VALUES (2, 1720);
INSERT INTO Paper (PaperID, Title, Year, MDate, Key, DOI) VALUES (1847, 'PAN 2015 Shared Task on Plagiarism Detection: Evaluation of Corpora for Text Alignment: Notebook for PAN at CLEF 2015.', 2015, '2015-09-03', 'conf/clef/Franco-Salvador15a', 'http://ceur-ws.org/Vol-1391/61-CR.pdf');
INSERT INTO Write (AuthorID, PaperID) VALUES (2, 1847);
INSERT INTO Paper (PaperID, Title, Year, MDate, Key, DOI) VALUES (1873, 'NLEL-MAAT at CLEF-ResPubliQA.', 2009, '2014-09-29', 'conf/clef/CorreaBR09b', 'http://ceur-ws.org/Vol-1175/CLEF2009wn-QACLEF-CorreaEt2009.pdf');
INSERT INTO Write (AuthorID, PaperID) VALUES (2, 1873);
INSERT INTO Paper (PaperID, Title, Year, MDate, Key, DOI) VALUES (1894, 'Counting Co-occurrences in Citations to Identify Plagiarised Text Fragments.', 2013, '2017-09-16', 'conf/clef/PertileRM13', 'https://doi.org/10.1007/978-3-642-40802-1_19');
INSERT INTO Write (AuthorID, PaperID) VALUES (2, 1894);
INSERT INTO Paper (PaperID, Title, Year, MDate, Key, DOI) VALUES (1979, 'Cross-Language High Similarity Search Using a Conceptual Thesaurus.', 2012, '2017-05-24', 'conf/clef/GuptaBR12', 'https://doi.org/10.1007/978-3-642-33247-0_8');
INSERT INTO Write (AuthorID, PaperID) VALUES (2, 1979);
INSERT INTO Paper (PaperID, Title, Year, MDate, Key, DOI) VALUES (2010, 'A Full Data-Driven System for Multiple Language Question Answering.', 2005, '2017-05-24', 'conf/clef/Montes-y-GomezPPSSR05', 'https://doi.org/10.1007/11878773_47');
INSERT INTO Write (AuthorID, PaperID) VALUES (2, 2010);
INSERT INTO Paper (PaperID, Title, Year, MDate, Key, DOI) VALUES (2033, 'A Penalisation-Based Ranking Approach for the Mixed Monolingual Task of WebCLEF 2006.', 2006, '2017-05-24', 'conf/clef/PintoRJ06', 'https://doi.org/10.1007/978-3-540-74999-8_103');
INSERT INTO Write (AuthorID, PaperID) VALUES (2, 2033);
INSERT INTO Paper (PaperID, Title, Year, MDate, Key, DOI) VALUES (2077, 'Monolingual and Cross-language QA using a QA-oriented Passage Retrieval System.', 2005, '2014-08-15', 'conf/clef/SorianoABRA05', 'http://ceur-ws.org/Vol-1171/CLEF2005wn-QACLEF-GomezSoriano2005.pdf');
INSERT INTO Write (AuthorID, PaperID) VALUES (2, 2077);
INSERT INTO Paper (PaperID, Title, Year, MDate, Key, DOI) VALUES (2085, 'UPV/BUAP Participation in WebCLEF 2006.', 2006, '2014-08-15', 'conf/clef/PintoRJ06a', 'http://ceur-ws.org/Vol-1172/CLEF2006wn-WebCLEF-PintoEt2006.pdf');
INSERT INTO Write (AuthorID, PaperID) VALUES (2, 2085);
INSERT INTO Paper (PaperID, Title, Year, MDate, Key, DOI) VALUES (2101, 'NLEL at CLEF 2009 Robust WSD Task.', 2009, '2014-09-29', 'conf/clef/BuscaldiR09a', 'http://ceur-ws.org/Vol-1175/CLEF2009wn-adhoc-BuscaldiEt2009.pdf');
INSERT INTO Write (AuthorID, PaperID) VALUES (2, 2101);
INSERT INTO Paper (PaperID, Title, Year, MDate, Key, DOI) VALUES (2113, 'Overview of the 4th International Competition on Plagiarism Detection.', 2012, '2014-09-24', 'conf/clef/PotthastGHKMOTBGRS12', 'http://www.clef-initiative.eu/documents/71612/8ea88261-89e4-43cc-bb9c-f949603bd1f2');
INSERT INTO Write (AuthorID, PaperID) VALUES (2, 2113);
INSERT INTO Paper (PaperID, Title, Year, MDate, Key, DOI) VALUES (2190, 'Overview of QAST 2009.', 2009, '2014-09-29', 'conf/clef/TurmoCRGMMRB09a', 'http://ceur-ws.org/Vol-1175/CLEF2009wn-QACLEF-TurmoEt2009.pdf');
INSERT INTO Write (AuthorID, PaperID) VALUES (2, 2190);
INSERT INTO Paper (PaperID, Title, Year, MDate, Key, DOI) VALUES (2199, 'BUAP-UPV TPIRS: A System for Document Indexing Reduction at WebCLEF.', 2005, '2017-05-24', 'conf/clef/PintoJRS05', 'https://doi.org/10.1007/11878773_96');
INSERT INTO Write (AuthorID, PaperID) VALUES (2, 2199);
INSERT INTO Paper (PaperID, Title, Year, MDate, Key, DOI) VALUES (2218, 'INAOE-UPV Joint Participation in CLEF 2005: Experiments in Monolingual Question Answering.', 2005, '2014-09-23', 'conf/clef/Montes-y-GomezPPSSR05a', 'http://ceur-ws.org/Vol-1171/CLEF2005wn-QACLEF-MontesYGomez2005.pdf');
INSERT INTO Write (AuthorID, PaperID) VALUES (2, 2218);
INSERT INTO Paper (PaperID, Title, Year, MDate, Key, DOI) VALUES (2224, 'TextMESS at GeoCLEF 2008: Result Merging with Fuzzy Borda Ranking.', 2008, '2014-09-29', 'conf/clef/Perea-OrtegaLBR08', 'http://ceur-ws.org/Vol-1174/CLEF2008wn-GeoCLEF-PereaOrtegaEt2008b.pdf');
INSERT INTO Write (AuthorID, PaperID) VALUES (2, 2224);
INSERT INTO Paper (PaperID, Title, Year, MDate, Key, DOI) VALUES (2232, 'QUASAR: The Question Answering System of the Universidad Polit800Aeacute;cnica de Valencia.', 2005, '2017-05-24', 'conf/clef/SorianoBARA05', 'https://doi.org/10.1007/11878773_49');
INSERT INTO Write (AuthorID, PaperID) VALUES (2, 2232);
INSERT INTO Paper (PaperID, Title, Year, MDate, Key, DOI) VALUES (2262, 'A Bag-of-Words Based Ranking Method for the Wikipedia Question Answering Task.', 2006, '2017-05-24', 'conf/clef/BuscaldiR06', 'https://doi.org/10.1007/978-3-540-74999-8_67');
INSERT INTO Write (AuthorID, PaperID) VALUES (2, 2262);
INSERT INTO Paper (PaperID, Title, Year, MDate, Key, DOI) VALUES (2272, 'Web-Based Anaphora Resolution for the QUASAR Question Answering System.', 2007, '2017-05-24', 'conf/clef/BuscaldiBRS07', 'https://doi.org/10.1007/978-3-540-85760-0_39');
INSERT INTO Write (AuthorID, PaperID) VALUES (2, 2272);
INSERT INTO Paper (PaperID, Title, Year, MDate, Key, DOI) VALUES (2304, 'Overview of the 4th Author Profiling Task at PAN 2016: Cross-Genre Evaluations.', 2016, '2016-08-11', 'conf/clef/PardoRVDPS16', 'http://ceur-ws.org/Vol-1609/16090750.pdf');
INSERT INTO Write (AuthorID, PaperID) VALUES (2, 2304);
INSERT INTO Paper (PaperID, Title, Year, MDate, Key, DOI) VALUES (2446, 'Overview of QAST 2009.', 2009, '2017-05-24', 'conf/clef/TurmoCRGMMRB09', 'https://doi.org/10.1007/978-3-642-15754-7_22');
INSERT INTO Write (AuthorID, PaperID) VALUES (2, 2446);
INSERT INTO Paper (PaperID, Title, Year, MDate, Key, DOI) VALUES (2451, 'UPV-INAOE - Check That: An Approach based on External Sources to Detect Claims Credibility.', 2018, '2018-08-08', 'conf/clef/GhanemMPR18', 'http://ceur-ws.org/Vol-2125/paper_130.pdf');
INSERT INTO Write (AuthorID, PaperID) VALUES (2, 2451);
INSERT INTO Paper (PaperID, Title, Year, MDate, Key, DOI) VALUES (2511, 'Improving the Reproducibility of PAN''s Shared Tasks: - Plagiarism Detection, Author Identification, and Author Profiling.', 2014, '2017-06-15', 'conf/clef/PotthastGPRSS14', 'https://doi.org/10.1007/978-3-319-11382-1_22');
INSERT INTO Write (AuthorID, PaperID) VALUES (2, 2511);
INSERT INTO Paper (PaperID, Title, Year, MDate, Key, DOI) VALUES (2516, 'Extracting Graph Topological Information and Users'' Opinion.', 2017, '2018-11-02', 'conf/clef/LaiTPRR17', 'https://doi.org/10.1007/978-3-319-65813-1_10');
INSERT INTO Write (AuthorID, PaperID) VALUES (2, 2516);
INSERT INTO Paper (PaperID, Title, Year, MDate, Key, DOI) VALUES (2554, 'WordNet-based Index Terms Expansion for Geographical Information Retrieval.', 2006, '2014-08-15', 'conf/clef/BuscaldiRS06a', 'http://ceur-ws.org/Vol-1172/CLEF2006wn-GeoCLEF-BuscaldiEt2006.pdf');
INSERT INTO Write (AuthorID, PaperID) VALUES (2, 2554);
INSERT INTO Paper (PaperID, Title, Year, MDate, Key, DOI) VALUES (2578, 'Overview of PAN''17 - Author Identification, Author Profiling, and Author Obfuscation.', 2017, '2017-10-10', 'conf/clef/PotthastRTSRS17', 'https://doi.org/10.1007/978-3-319-65813-1_25');
INSERT INTO Write (AuthorID, PaperID) VALUES (2, 2578);
INSERT INTO Paper (PaperID, Title, Year, MDate, Key, DOI) VALUES (2618, 'NLEL-MAAT at CLEF-IP.', 2009, '2014-09-29', 'conf/clef/CorreaBR09c', 'http://ceur-ws.org/Vol-1175/CLEF2009wn-CLEFIP-CorreaEt2009.pdf');
INSERT INTO Write (AuthorID, PaperID) VALUES (2, 2618);
INSERT INTO Paper (PaperID, Title, Year, MDate, Key, DOI) VALUES (2736, 'QA with a Disambiguated Document Collection.', 2008, '2014-09-29', 'conf/clef/BuscaldiR08c', 'http://ceur-ws.org/Vol-1174/CLEF2008wn-QACLEF-BuscaldiEt2008.pdf');
INSERT INTO Write (AuthorID, PaperID) VALUES (2, 2736);
INSERT INTO Paper (PaperID, Title, Year, MDate, Key, DOI) VALUES (2792, 'R2D2 at GeoCLEF 2006: a Mixed Approach.', 2006, '2018-08-09', 'conf/clef/VegaCLPAFTKNMMBR06a', 'http://ceur-ws.org/Vol-1172/CLEF2006wn-GeoCLEF-GarciaVegaEt2006b.pdf');
INSERT INTO Write (AuthorID, PaperID) VALUES (2, 2792);
INSERT INTO Paper (PaperID, Title, Year, MDate, Key, DOI) VALUES (2842, 'IDRAAQ: New Arabic Question Answering System Based on Query Expansion and Passage Retrieval.', 2012, '2014-09-24', 'conf/clef/AbouenourBR12', 'http://www.clef-initiative.eu/documents/71612/be4e94fe-233e-4aa7-9180-d04e2e3bd673');
INSERT INTO Write (AuthorID, PaperID) VALUES (2, 2842);
INSERT INTO Paper (PaperID, Title, Year, MDate, Key, DOI) VALUES (2927, 'The UPV at QA@CLEF 2006.', 2006, '2014-08-15', 'conf/clef/BuscaldiSRS06a', 'http://ceur-ws.org/Vol-1172/CLEF2006wn-QACLEF-BuscaldiEt2006.pdf');
INSERT INTO Write (AuthorID, PaperID) VALUES (2, 2927);
INSERT INTO Paper (PaperID, Title, Year, MDate, Key, DOI) VALUES (2942, '<i>N</i> -Gram vs. Keyword-Based Passage Retrieval for Question Answering.', 2006, '2017-05-24', 'conf/clef/BuscaldiSRS06', 'https://doi.org/10.1007/978-3-540-74999-8_45');
INSERT INTO Write (AuthorID, PaperID) VALUES (2, 2942);
INSERT INTO Paper (PaperID, Title, Year, MDate, Key, DOI) VALUES (2953, 'Indexing with WordNet Synonyms May Improve Retrieval Results.', 2009, '2017-05-24', 'conf/clef/BuscaldiR09', 'https://doi.org/10.1007/978-3-642-15754-7_15');
INSERT INTO Write (AuthorID, PaperID) VALUES (2, 2953);
INSERT INTO Paper (PaperID, Title, Year, MDate, Key, DOI) VALUES (2974, 'GeoTextMESS: Result Fusion with Fuzzy Borda Ranking in Geographical Information Retrieval.', 2008, '2018-11-02', 'conf/clef/BuscaldiORLFR08', 'https://doi.org/10.1007/978-3-642-04447-2_114');
INSERT INTO Write (AuthorID, PaperID) VALUES (2, 2974);
INSERT INTO Paper (PaperID, Title, Year, MDate, Key, DOI) VALUES (3038, 'Arabic QA4MRE at CLEF 2012: Arabic Question Answering for Machine Reading Evaluation.', 2012, '2014-09-24', 'conf/clef/TriguiBRAG12', 'http://www.clef-initiative.eu/documents/71612/fd39b026-547a-4974-a7de-a99b6b3e8564');
INSERT INTO Write (AuthorID, PaperID) VALUES (2, 3038);
INSERT INTO Paper (PaperID, Title, Year, MDate, Key, DOI) VALUES (3055, 'A Na800Aiuml;ve Bag-of-Words Approach to Wikipedia QA.', 2006, '2014-08-15', 'conf/clef/BuscaldiR06a', 'http://ceur-ws.org/Vol-1172/CLEF2006wn-QACLEF-BuscaldiEt2006b.pdf');
INSERT INTO Write (AuthorID, PaperID) VALUES (2, 3055);
INSERT INTO Paper (PaperID, Title, Year, MDate, Key, DOI) VALUES (3074, 'Overview of the Author Profiling Task at PAN 2014.', 2014, '2014-09-10', 'conf/clef/PardoRCPTSVD14', 'http://ceur-ws.org/Vol-1180/CLEF2014wn-Pan-RangelEt2014.pdf');
INSERT INTO Write (AuthorID, PaperID) VALUES (2, 3074);
INSERT INTO Paper (PaperID, Title, Year, MDate, Key, DOI) VALUES (3172, 'Overview of the 3rd Author Profiling Task at PAN 2015.', 2015, '2015-09-03', 'conf/clef/PardoCRPSD15', 'http://ceur-ws.org/Vol-1391/inv-pap12-CR.pdf');
INSERT INTO Write (AuthorID, PaperID) VALUES (2, 3172);
INSERT INTO Paper (PaperID, Title, Year, MDate, Key, DOI) VALUES (3195, 'On the Relative Importance of Toponyms in GeoCLEF.', 2007, '2017-05-24', 'conf/clef/BuscaldiR07', 'https://doi.org/10.1007/978-3-540-85760-0_103');
INSERT INTO Write (AuthorID, PaperID) VALUES (2, 3195);
INSERT INTO Paper (PaperID, Title, Year, MDate, Key, DOI) VALUES (3205, 'A WordNet-based Query Expansion Method for Geographical Information Retrieval.', 2005, '2014-08-15', 'conf/clef/BuscaldiRA05a', 'http://ceur-ws.org/Vol-1171/CLEF2005wn-GeoCLEF-BuscaldiEt2005.pdf');
INSERT INTO Write (AuthorID, PaperID) VALUES (2, 3205);
INSERT INTO Paper (PaperID, Title, Year, MDate, Key, DOI) VALUES (3260, 'TPIRS: A System for Document Indexing Reduction on WebCLEF.', 2005, '2014-08-15', 'conf/clef/PintoJRS05a', 'http://ceur-ws.org/Vol-1171/CLEF2005wn-WebCLEF-PintoEt2005.pdf');
INSERT INTO Write (AuthorID, PaperID) VALUES (2, 3260);
INSERT INTO Paper (PaperID, Title, Year, MDate, Key, DOI) VALUES (3276, 'Overview of the 5th International Competition on Plagiarism Detection.', 2013, '2014-09-10', 'conf/clef/PotthastHGTKRSS13', 'http://ceur-ws.org/Vol-1179/CLEF2013wn-PAN-PotthastEt2013.pdf');
INSERT INTO Write (AuthorID, PaperID) VALUES (2, 3276);
INSERT INTO Paper (PaperID, Title, Year, MDate, Key, DOI) VALUES (3351, 'Overview of the Author Profiling Task at PAN 2013.', 2013, '2014-09-10', 'conf/clef/PardoRKSI13', 'http://ceur-ws.org/Vol-1179/CLEF2013wn-PAN-RangelEt2013.pdf');
INSERT INTO Write (AuthorID, PaperID) VALUES (2, 3351);
INSERT INTO Paper (PaperID, Title, Year, MDate, Key, DOI) VALUES (3482, 'Overview of PAN''16 - New Challenges for Authorship Analysis: Cross-Genre Profiling, Clustering, Diarization, and Obfuscation.', 2016, '2017-06-15', 'conf/clef/RossoPPSTS16', 'https://doi.org/10.1007/978-3-319-44564-9_28');
INSERT INTO Write (AuthorID, PaperID) VALUES (2, 3482);
INSERT INTO Author (AuthorID, Name) VALUES (3, 'Maarten de Rijke');
INSERT INTO Paper (PaperID, Title, Year, MDate, Key, DOI) VALUES (31, 'Language-Dependent and Language-Independent Approaches to Cross-Lingual Text Retrieval.', 2003, '2017-05-24', 'conf/clef/KampsMRS03', 'https://doi.org/10.1007/978-3-540-30222-3_14');
INSERT INTO Write (AuthorID, PaperID) VALUES (3, 31);
INSERT INTO Paper (PaperID, Title, Year, MDate, Key, DOI) VALUES (48, 'The University of Amsterdam at CLEF 2003.', 2003, '2014-08-15', 'conf/clef/KampsMRS03a', 'http://ceur-ws.org/Vol-1169/CLEF2003wn-adhoc-KampsEt2003.pdf');
INSERT INTO Write (AuthorID, PaperID) VALUES (3, 48);
INSERT INTO Paper (PaperID, Title, Year, MDate, Key, DOI) VALUES (76, 'Overview of the CLEF 2004 Multilingual Question Answering Track.', 2004, '2016-08-30', 'conf/clef/MagniniVAEPRRSS04', 'http://ceur-ws.org/Vol-1170/CLEF2004wn-QACLEF-MagniniEt2004.pdf');
INSERT INTO Write (AuthorID, PaperID) VALUES (3, 76);
INSERT INTO Paper (PaperID, Title, Year, MDate, Key, DOI) VALUES (270, 'Overview of WebCLEF 2005.', 2005, '2014-08-15', 'conf/clef/SigurbjornssonKR05b', 'http://ceur-ws.org/Vol-1171/CLEF2005wn-WebCLEF-SigurbjornssonEt2005.pdf');
INSERT INTO Write (AuthorID, PaperID) VALUES (3, 270);
INSERT INTO Paper (PaperID, Title, Year, MDate, Key, DOI) VALUES (299, 'Overview of RepLab 2013: Evaluating Online Reputation Monitoring Systems.', 2013, '2017-06-02', 'conf/clef/AmigoACCGMMRS13', 'https://doi.org/10.1007/978-3-642-40802-1_31');
INSERT INTO Write (AuthorID, PaperID) VALUES (3, 299);
INSERT INTO Paper (PaperID, Title, Year, MDate, Key, DOI) VALUES (356, 'How Frogs Built the Berlin Wall: A Detailed Error Analysis of a Question Answering System for Dutch.', 2003, '2017-05-24', 'conf/clef/JijkounMR03', 'https://doi.org/10.1007/978-3-540-30222-3_50');
INSERT INTO Write (AuthorID, PaperID) VALUES (3, 356);
INSERT INTO Paper (PaperID, Title, Year, MDate, Key, DOI) VALUES (379, 'Shallow Morphological Analysis in Monolingual Information Retrieval for Dutch, German, and Italian.', 2001, '2017-05-24', 'conf/clef/MonzR01', 'https://doi.org/10.1007/3-540-45691-0_24');
INSERT INTO Write (AuthorID, PaperID) VALUES (3, 379);
INSERT INTO Paper (PaperID, Title, Year, MDate, Key, DOI) VALUES (386, 'The University of Amsterdam''s Question Answering System at QA@CLEF 2007.', 2007, '2017-05-24', 'conf/clef/JijkounHAKRRS07', 'https://doi.org/10.1007/978-3-540-85760-0_43');
INSERT INTO Write (AuthorID, PaperID) VALUES (3, 386);
INSERT INTO Paper (PaperID, Title, Year, MDate, Key, DOI) VALUES (399, 'The Multiple Language Question Answering Track at CLEF 2003.', 2003, '2017-06-02', 'conf/clef/MagniniRVHPPVR03', 'https://doi.org/10.1007/978-3-540-30222-3_46');
INSERT INTO Write (AuthorID, PaperID) VALUES (3, 399);
INSERT INTO Paper (PaperID, Title, Year, MDate, Key, DOI) VALUES (667, 'The University of Amsterdam at QA@CLEF2003.', 2003, '2014-08-15', 'conf/clef/JijkounMR03a', 'http://ceur-ws.org/Vol-1169/CLEF2003wn-QACLEF-JijkounEt2003.pdf');
INSERT INTO Write (AuthorID, PaperID) VALUES (3, 667);
INSERT INTO Paper (PaperID, Title, Year, MDate, Key, DOI) VALUES (780, 'Overview of RepLab 2012: Evaluating Online Reputation Management Systems.', 2012, '2014-09-24', 'conf/clef/AmigoCGMR12', 'http://clef2012.org/index.php?page=Pages/proceedings.php');
INSERT INTO Write (AuthorID, PaperID) VALUES (3, 780);
INSERT INTO Paper (PaperID, Title, Year, MDate, Key, DOI) VALUES (826, 'Overview of the WiQA Task at CLEF 2006.', 2006, '2017-05-24', 'conf/clef/JijkounR06', 'https://doi.org/10.1007/978-3-540-74999-8_33');
INSERT INTO Write (AuthorID, PaperID) VALUES (3, 826);
INSERT INTO Paper (PaperID, Title, Year, MDate, Key, DOI) VALUES (956, 'A Semantic Perspective on Query Log Analysis.', 2009, '2014-09-29', 'conf/clef/HofmannRHM09', 'http://ceur-ws.org/Vol-1175/CLEF2009wn-LogCLEF-HofmannEt2009.pdf');
INSERT INTO Write (AuthorID, PaperID) VALUES (3, 956);
INSERT INTO Paper (PaperID, Title, Year, MDate, Key, DOI) VALUES (1028, 'The Multiple Language Question Answering Track at CLEF 2003.', 2003, '2014-08-15', 'conf/clef/MagniniRVHPPVR03b', 'http://ceur-ws.org/Vol-1169/CLEF2003wn-QACLEF-MagniniEt2003.pdf');
INSERT INTO Write (AuthorID, PaperID) VALUES (3, 1028);
INSERT INTO Paper (PaperID, Title, Year, MDate, Key, DOI) VALUES (1082, 'The University of Amsterdam at QA@CLEF 2005.', 2005, '2019-03-14', 'conf/clef/AhnJMRS05a', 'http://ceur-ws.org/Vol-1171/CLEF2005wn-QACLEF-AhnEt2005.pdf');
INSERT INTO Write (AuthorID, PaperID) VALUES (3, 1082);
INSERT INTO Paper (PaperID, Title, Year, MDate, Key, DOI) VALUES (1128, 'Generating Pseudo Test Collections for Learning to Rank Scientific Articles.', 2012, '2017-05-24', 'conf/clef/BerendsenTRM12', 'https://doi.org/10.1007/978-3-642-33247-0_6');
INSERT INTO Write (AuthorID, PaperID) VALUES (3, 1128);
INSERT INTO Paper (PaperID, Title, Year, MDate, Key, DOI) VALUES (1163, 'Overview of the CLEF 2005 Multilingual Question Answering Track.', 2005, '2017-06-02', 'conf/clef/VallinMGAAOPRSSS05', 'https://doi.org/10.1007/11878773_36');
INSERT INTO Write (AuthorID, PaperID) VALUES (3, 1163);
INSERT INTO Paper (PaperID, Title, Year, MDate, Key, DOI) VALUES (1353, 'Concept Models for Domain-Specific Search.', 2008, '2017-05-24', 'conf/clef/MeijR08', 'https://doi.org/10.1007/978-3-642-04447-2_26');
INSERT INTO Write (AuthorID, PaperID) VALUES (3, 1353);
INSERT INTO Paper (PaperID, Title, Year, MDate, Key, DOI) VALUES (1354, 'Effective Translation, Tokenization and Combination for Cross-Lingual Retrieval.', 2004, '2017-05-24', 'conf/clef/KampsAR05', 'https://doi.org/10.1007/11519645_12');
INSERT INTO Write (AuthorID, PaperID) VALUES (3, 1354);
INSERT INTO Paper (PaperID, Title, Year, MDate, Key, DOI) VALUES (1466, 'Overview of WebCLEF 2006.', 2006, '2014-08-15', 'conf/clef/BalogAKR06a', 'http://ceur-ws.org/Vol-1172/CLEF2006wn-WebCLEF-BalogEt2006a.pdf');
INSERT INTO Write (AuthorID, PaperID) VALUES (3, 1466);
INSERT INTO Paper (PaperID, Title, Year, MDate, Key, DOI) VALUES (1491, 'A Comparative Study of Click Models for Web Search.', 2015, '2017-05-24', 'conf/clef/GrotovCMSXR15', 'https://doi.org/10.1007/978-3-319-24027-5_7');
INSERT INTO Write (AuthorID, PaperID) VALUES (3, 1491);
INSERT INTO Paper (PaperID, Title, Year, MDate, Key, DOI) VALUES (1500, 'Overview of WiQA 2006.', 2006, '2014-08-15', 'conf/clef/JijkounR06a', 'http://ceur-ws.org/Vol-1172/CLEF2006wn-QACLEF-JijkounEt2006.pdf');
INSERT INTO Write (AuthorID, PaperID) VALUES (3, 1500);
INSERT INTO Paper (PaperID, Title, Year, MDate, Key, DOI) VALUES (1615, 'Validating Query Simulators: An Experiment Using Commercial Searches and Purchases.', 2010, '2017-05-24', 'conf/clef/HuurninkHRB10', 'https://doi.org/10.1007/978-3-642-15998-5_6');
INSERT INTO Write (AuthorID, PaperID) VALUES (3, 1615);
INSERT INTO Paper (PaperID, Title, Year, MDate, Key, DOI) VALUES (1657, 'On the Evaluation of Entity Profiles.', 2010, '2018-11-14', 'conf/clef/RijkeBBB10', 'https://www.wikidata.org/entity/Q57400646');
INSERT INTO Write (AuthorID, PaperID) VALUES (3, 1657);
INSERT INTO Paper (PaperID, Title, Year, MDate, Key, DOI) VALUES (1713, 'Making Stone Soup: Evaluating a Recall-Oriented Multi-stream Question Answering System for Dutch.', 2004, '2019-03-14', 'conf/clef/AhnJMRSM05', 'https://doi.org/10.1007/11519645_42');
INSERT INTO Write (AuthorID, PaperID) VALUES (3, 1713);
INSERT INTO Paper (PaperID, Title, Year, MDate, Key, DOI) VALUES (1804, 'Hungarian Monolingual Retrieval at CLEF 2005.', 2005, '2014-08-15', 'conf/clef/TordaiR05a', 'http://ceur-ws.org/Vol-1171/CLEF2005wn-adhoc-TordaiEt2005.pdf');
INSERT INTO Write (AuthorID, PaperID) VALUES (3, 1804);
INSERT INTO Paper (PaperID, Title, Year, MDate, Key, DOI) VALUES (1848, 'EuroGOV: Engineering a Multilingual Web Corpus.', 2005, '2014-08-15', 'conf/clef/SigurbjornssonKR05c', 'http://ceur-ws.org/Vol-1171/CLEF2005wn-WebCLEF-SigurbjornssonEt2005b.pdf');
INSERT INTO Write (AuthorID, PaperID) VALUES (3, 1848);
INSERT INTO Paper (PaperID, Title, Year, MDate, Key, DOI) VALUES (1896, 'Towards an Active Learning System for Company Name Disambiguation in Microblog Streams.', 2013, '2014-09-10', 'conf/clef/PeetzSGR13', 'http://ceur-ws.org/Vol-1179/CLEF2013wn-RepLab-PeetzEt2013.pdf');
INSERT INTO Write (AuthorID, PaperID) VALUES (3, 1896);
INSERT INTO Paper (PaperID, Title, Year, MDate, Key, DOI) VALUES (1898, 'Towards an Offline XML-Based Strategy for Answering Questions.', 2005, '2019-03-14', 'conf/clef/AhnJMRS05', 'https://doi.org/10.1007/11878773_50');
INSERT INTO Write (AuthorID, PaperID) VALUES (3, 1898);
INSERT INTO Paper (PaperID, Title, Year, MDate, Key, DOI) VALUES (1919, 'Using Centrality to Rank Web Snippets.', 2007, '2017-05-24', 'conf/clef/JijkounR07a', 'https://doi.org/10.1007/978-3-540-85760-0_94');
INSERT INTO Write (AuthorID, PaperID) VALUES (3, 1919);
INSERT INTO Paper (PaperID, Title, Year, MDate, Key, DOI) VALUES (1936, 'Overview of WebCLEF 2007.', 2007, '2014-09-23', 'conf/clef/JijkounR07b', 'http://ceur-ws.org/Vol-1173/CLEF2007wn-WebCLEF-JijkounEt2007a.pdf');
INSERT INTO Write (AuthorID, PaperID) VALUES (3, 1936);
INSERT INTO Paper (PaperID, Title, Year, MDate, Key, DOI) VALUES (1955, 'Feature Selection and Data Sampling Methods for Learning Reputation Dimensions.', 2014, '2015-09-07', 'conf/clef/GarbaceaTR14', 'http://ceur-ws.org/Vol-1180/CLEF2014wn-Rep-GarbaceaEt2014.pdf');
INSERT INTO Write (AuthorID, PaperID) VALUES (3, 1955);
INSERT INTO Paper (PaperID, Title, Year, MDate, Key, DOI) VALUES (2031, 'Overview of WebCLEF 2007.', 2007, '2017-05-24', 'conf/clef/JijkounR07', 'https://doi.org/10.1007/978-3-540-85760-0_92');
INSERT INTO Write (AuthorID, PaperID) VALUES (3, 2031);
INSERT INTO Paper (PaperID, Title, Year, MDate, Key, DOI) VALUES (2076, 'The University of Amsterdam at QA@CLEF 2004.', 2004, '2019-03-14', 'conf/clef/JijkounMRSAM04', 'http://ceur-ws.org/Vol-1170/CLEF2004wn-QACLEF-JijkounEt2004.pdf');
INSERT INTO Write (AuthorID, PaperID) VALUES (3, 2076);
INSERT INTO Paper (PaperID, Title, Year, MDate, Key, DOI) VALUES (2090, 'Overview of WebCLEF 2005.', 2005, '2017-05-24', 'conf/clef/SigurbjornssonKR05', 'https://doi.org/10.1007/11878773_89');
INSERT INTO Write (AuthorID, PaperID) VALUES (3, 2090);
INSERT INTO Paper (PaperID, Title, Year, MDate, Key, DOI) VALUES (2349, 'Creating the DISEQuA Corpus: a Test Set for Multilingual Question Answering.', 2003, '2014-08-15', 'conf/clef/MagniniRVHPPVR03c', 'http://ceur-ws.org/Vol-1169/CLEF2003wn-QACLEF-MagniniEt2003b.pdf');
INSERT INTO Write (AuthorID, PaperID) VALUES (3, 2349);
INSERT INTO Paper (PaperID, Title, Year, MDate, Key, DOI) VALUES (2418, 'The University of Amsterdam at CLEF@QA 2007.', 2007, '2014-09-24', 'conf/clef/JijkounHAKRRS07a', 'http://ceur-ws.org/Vol-1173/CLEF2007wn-QACLEF-JijkounEt2007.pdf');
INSERT INTO Write (AuthorID, PaperID) VALUES (3, 2418);
INSERT INTO Paper (PaperID, Title, Year, MDate, Key, DOI) VALUES (2438, 'Four Stemmers and a Funeral: Stemming in Hungarian at CLEF 2005.', 2005, '2017-06-15', 'conf/clef/TordaiR05', 'https://doi.org/10.1007/11878773_20');
INSERT INTO Write (AuthorID, PaperID) VALUES (3, 2438);
INSERT INTO Paper (PaperID, Title, Year, MDate, Key, DOI) VALUES (2440, 'From Sentiment to Reputation.', 2012, '2014-09-24', 'conf/clef/PeetzRS12', 'http://www.clef-initiative.eu/documents/71612/13bdc150-ef06-4c5f-8b01-583701a43875');
INSERT INTO Write (AuthorID, PaperID) VALUES (3, 2440);
INSERT INTO Paper (PaperID, Title, Year, MDate, Key, DOI) VALUES (2489, 'The University of Amsterdam at WebCLEF 2007: Using Centrality to Rank Web Snippets.', 2007, '2014-09-23', 'conf/clef/JijkounR07c', 'http://ceur-ws.org/Vol-1173/CLEF2007wn-WebCLEF-JijkounEt2007b.pdf');
INSERT INTO Write (AuthorID, PaperID) VALUES (3, 2489);
INSERT INTO Paper (PaperID, Title, Year, MDate, Key, DOI) VALUES (2490, 'Overview of WebCLEF 2006.', 2006, '2017-05-24', 'conf/clef/BalogAKR06', 'https://doi.org/10.1007/978-3-540-74999-8_101');
INSERT INTO Write (AuthorID, PaperID) VALUES (3, 2490);
INSERT INTO Paper (PaperID, Title, Year, MDate, Key, DOI) VALUES (2500, 'The University of Amsterdam at CLEF 2004.', 2004, '2014-08-15', 'conf/clef/AdafreHKMR04', 'http://ceur-ws.org/Vol-1170/CLEF2004wn-adhoc-FissahaAdafreEt2004.pdf');
INSERT INTO Write (AuthorID, PaperID) VALUES (3, 2500);
INSERT INTO Paper (PaperID, Title, Year, MDate, Key, DOI) VALUES (2506, 'The University of Amsterdam at CLEF@QA 2006.', 2006, '2018-04-23', 'conf/clef/JijkounRASR06', 'https://doi.org/10.1007/978-3-642-04447-2_6');
INSERT INTO Write (AuthorID, PaperID) VALUES (3, 2506);
INSERT INTO Paper (PaperID, Title, Year, MDate, Key, DOI) VALUES (2537, 'Overview of WebCLEF 2008 (Draft).', 2008, '2014-09-29', 'conf/clef/JijkounR08a', 'http://ceur-ws.org/Vol-1174/CLEF2008wn-WebCLEF-JijkounEt2008.pdf');
INSERT INTO Write (AuthorID, PaperID) VALUES (3, 2537);
INSERT INTO Paper (PaperID, Title, Year, MDate, Key, DOI) VALUES (2548, 'The University of Amsterdam at the CLEF 2008 Domain Specific Track: Parsimonious Relevance and Concept Models.', 2008, '2014-09-29', 'conf/clef/MeijR08a', 'http://ceur-ws.org/Vol-1174/CLEF2008wn-DomainSpecific-MeijEt2008.pdf');
INSERT INTO Write (AuthorID, PaperID) VALUES (3, 2548);
INSERT INTO Paper (PaperID, Title, Year, MDate, Key, DOI) VALUES (2551, 'The University of Amsterdam at CLEF 2001.', 2001, '2014-08-15', 'conf/clef/MonzR01a', 'http://ceur-ws.org/Vol-1167/CLEF2001wn-adhoc-MonzEt2001.pdf');
INSERT INTO Write (AuthorID, PaperID) VALUES (3, 2551);
INSERT INTO Paper (PaperID, Title, Year, MDate, Key, DOI) VALUES (2596, 'The University of Amsterdam at WiQA 2006.', 2006, '2014-08-15', 'conf/clef/AdafreJR06a', 'http://ceur-ws.org/Vol-1172/CLEF2006wn-QACLEF-AdafreEt2006.pdf');
INSERT INTO Write (AuthorID, PaperID) VALUES (3, 2596);
INSERT INTO Paper (PaperID, Title, Year, MDate, Key, DOI) VALUES (2614, 'Link-Based vs. Content-Based Retrieval for Question Answering Using Wikipedia.', 2006, '2017-05-24', 'conf/clef/AdafreJR06', 'https://doi.org/10.1007/978-3-540-74999-8_65');
INSERT INTO Write (AuthorID, PaperID) VALUES (3, 2614);
INSERT INTO Paper (PaperID, Title, Year, MDate, Key, DOI) VALUES (2631, 'Combining Evidence for Cross-Language Information Retrieval.', 2002, '2017-05-24', 'conf/clef/KampsMR02', 'https://doi.org/10.1007/978-3-540-45237-9_9');
INSERT INTO Write (AuthorID, PaperID) VALUES (3, 2631);
INSERT INTO Paper (PaperID, Title, Year, MDate, Key, DOI) VALUES (2635, 'EuroGOV: Engineering a Multilingual Web Corpus.', 2005, '2017-05-24', 'conf/clef/SigurbjornssonKR05a', 'https://doi.org/10.1007/11878773_90');
INSERT INTO Write (AuthorID, PaperID) VALUES (3, 2635);
INSERT INTO Paper (PaperID, Title, Year, MDate, Key, DOI) VALUES (2648, 'Overview of RepLab 2014: Author Profiling and Reputation Dimensions for Online Reputation Management.', 2014, '2017-06-02', 'conf/clef/AmigoACCGMRS14', 'https://doi.org/10.1007/978-3-319-11382-1_24');
INSERT INTO Write (AuthorID, PaperID) VALUES (3, 2648);
INSERT INTO Paper (PaperID, Title, Year, MDate, Key, DOI) VALUES (2662, 'Index Combinations and Query Reformulations for Mixed Monolingual Web Retrieval.', 2006, '2017-05-24', 'conf/clef/BalogR06', 'https://doi.org/10.1007/978-3-540-74999-8_104');
INSERT INTO Write (AuthorID, PaperID) VALUES (3, 2662);
INSERT INTO Paper (PaperID, Title, Year, MDate, Key, DOI) VALUES (2687, 'Overview of WebCLEF 2008.', 2008, '2017-05-24', 'conf/clef/JijkounR08', 'https://doi.org/10.1007/978-3-642-04447-2_102');
INSERT INTO Write (AuthorID, PaperID) VALUES (3, 2687);
INSERT INTO Paper (PaperID, Title, Year, MDate, Key, DOI) VALUES (2762, 'The University of Amsterdam at WebCLEF 2006.', 2006, '2014-08-15', 'conf/clef/BalogR06a', 'http://ceur-ws.org/Vol-1172/CLEF2006wn-WebCLEF-BalogEt2006b.pdf');
INSERT INTO Write (AuthorID, PaperID) VALUES (3, 2762);
INSERT INTO Paper (PaperID, Title, Year, MDate, Key, DOI) VALUES (2776, 'Quartz: A Question Answering System for Dutch.', 2006, '2017-05-24', 'conf/clef/AhnJRRS06', 'https://doi.org/10.1007/978-3-540-74999-8_43');
INSERT INTO Write (AuthorID, PaperID) VALUES (3, 2776);
INSERT INTO Paper (PaperID, Title, Year, MDate, Key, DOI) VALUES (2864, 'Overview of the CLEF 2004 Multilingual Question Answering Track.', 2004, '2017-06-02', 'conf/clef/MagniniVAEPRRSS05', 'https://doi.org/10.1007/11519645_38');
INSERT INTO Write (AuthorID, PaperID) VALUES (3, 2864);
INSERT INTO Paper (PaperID, Title, Year, MDate, Key, DOI) VALUES (2931, 'RepLab 2013: Comparative Evaluation of Online Reputation Monitoring Systems and Components.', 2013, '2014-09-10', 'conf/clef/AmigoACCGMMRS13a', 'http://ceur-ws.org/Vol-1179/CLEF2013wn-RepLab-AmigoEt2013.pdf');
INSERT INTO Write (AuthorID, PaperID) VALUES (3, 2931);
INSERT INTO Write (AuthorID, PaperID) VALUES (3, 2955);
INSERT INTO Paper (PaperID, Title, Year, MDate, Key, DOI) VALUES (2957, 'The University of Amsterdam at CLEF 2002.', 2002, '2014-08-15', 'conf/clef/MonzKR02', 'http://ceur-ws.org/Vol-1168/CLEF2002wn-adhoc-MonzEt2002.pdf');
INSERT INTO Write (AuthorID, PaperID) VALUES (3, 2957);
INSERT INTO Paper (PaperID, Title, Year, MDate, Key, DOI) VALUES (3175, 'Creating the DISEQuA Corpus: A Test Set for Multilingual Question Answering.', 2003, '2017-06-02', 'conf/clef/MagniniRVHPPVR03a', 'https://doi.org/10.1007/978-3-540-30222-3_47');
INSERT INTO Write (AuthorID, PaperID) VALUES (3, 3175);
INSERT INTO Paper (PaperID, Title, Year, MDate, Key, DOI) VALUES (3286, 'Overview of the CLEF 2005 Multilingual Question Answering Track.', 2005, '2014-08-15', 'conf/clef/VallinGAAOPRSSS05', 'http://ceur-ws.org/Vol-1171/CLEF2005wn-QACLEF-VallinEt2005.pdf');
INSERT INTO Write (AuthorID, PaperID) VALUES (3, 3286);
INSERT INTO Paper (PaperID, Title, Year, MDate, Key, DOI) VALUES (3304, 'The University of Amsterdam at WebCLEF 2005.', 2005, '2014-08-15', 'conf/clef/KampsRS05a', 'http://ceur-ws.org/Vol-1171/CLEF2005wn-WebCLEF-KampsEt2005.pdf');
INSERT INTO Write (AuthorID, PaperID) VALUES (3, 3304);
INSERT INTO Paper (PaperID, Title, Year, MDate, Key, DOI) VALUES (3457, 'Combination Methods for Crosslingual Web Retrieval.', 2005, '2017-05-24', 'conf/clef/KampsRS05', 'https://doi.org/10.1007/11878773_93');
INSERT INTO Write (AuthorID, PaperID) VALUES (3, 3457);
INSERT INTO Author (AuthorID, Name) VALUES (4, 'Luis Alfonso Ure&ntilde;a L&oacute;pez');
INSERT INTO Paper (PaperID, Title, Year, MDate, Key, DOI) VALUES (98, 'SINAI at CLEF 2002: Experiments with Merging Strategies.', 2002, '2018-08-09', 'conf/clef/Martinez-SantiagoUM02', 'https://doi.org/10.1007/978-3-540-45237-9_15');
INSERT INTO Write (AuthorID, PaperID) VALUES (4, 98);
INSERT INTO Paper (PaperID, Title, Year, MDate, Key, DOI) VALUES (160, 'SINAI at CLEF eHealth 2018 Task 3. Using cTAKES to Remove Noise from Expanding Queries with Google.', 2018, '2018-08-09', 'conf/clef/Diaz-GalianoLML18', 'http://ceur-ws.org/Vol-2125/paper_192.pdf');
INSERT INTO Write (AuthorID, PaperID) VALUES (4, 160);
INSERT INTO Paper (PaperID, Title, Year, MDate, Key, DOI) VALUES (200, 'University of Ja800Aeacute;n at ImageCLEF 2009: Medical and Photo Tasks.', 2009, '2018-08-09', 'conf/clef/Garcia-CumbrerasDMRL09', 'https://doi.org/10.1007/978-3-642-15751-6_45');
INSERT INTO Write (AuthorID, PaperID) VALUES (4, 200);
INSERT INTO Paper (PaperID, Title, Year, MDate, Key, DOI) VALUES (283, 'SINAI at VideoCLEF 2009.', 2009, '2018-08-09', 'conf/clef/Perea-OrtegaMMU09', 'http://ceur-ws.org/Vol-1175/CLEF2009wn-VideoCLEF-PereaOrtegaEt2009.pdf');
INSERT INTO Write (AuthorID, PaperID) VALUES (4, 283);
INSERT INTO Paper (PaperID, Title, Year, MDate, Key, DOI) VALUES (285, 'Using Information Gain to Filter Information in CLEF CL-SR Track.', 2007, '2018-08-09', 'conf/clef/Diaz-GalianoMCL07', 'https://doi.org/10.1007/978-3-540-85760-0_91');
INSERT INTO Write (AuthorID, PaperID) VALUES (4, 285);
INSERT INTO Paper (PaperID, Title, Year, MDate, Key, DOI) VALUES (355, 'SINAI at CL-SR Task at CLEF 2007.', 2007, '2018-08-09', 'conf/clef/Diaz-GalianoMGL07', 'http://ceur-ws.org/Vol-1173/CLEF2007wn-CLSR-DiazGalianoEt2007.pdf');
INSERT INTO Write (AuthorID, PaperID) VALUES (4, 355);
INSERT INTO Paper (PaperID, Title, Year, MDate, Key, DOI) VALUES (392, 'SINAI at ImageCLEF 2007.', 2007, '2018-08-09', 'conf/clef/Diaz-GalianoCMRL07', 'http://ceur-ws.org/Vol-1173/CLEF2007wn-ImageCLEF-DiazGalianoEt2007.pdf');
INSERT INTO Write (AuthorID, PaperID) VALUES (4, 392);
INSERT INTO Paper (PaperID, Title, Year, MDate, Key, DOI) VALUES (530, 'SINAI at ImageCLEF 2009 Medical Task.', 2009, '2018-08-09', 'conf/clef/Diaz-GalianoMUC09', 'http://ceur-ws.org/Vol-1175/CLEF2009wn-ImageCLEF-DiazGalianoEt2009b.pdf');
INSERT INTO Write (AuthorID, PaperID) VALUES (4, 530);
INSERT INTO Paper (PaperID, Title, Year, MDate, Key, DOI) VALUES (613, 'Using an Information Retrieval System for Video Classification.', 2008, '2018-08-09', 'conf/clef/Perea-OrtegaRDML08', 'https://doi.org/10.1007/978-3-642-04447-2_122');
INSERT INTO Write (AuthorID, PaperID) VALUES (4, 613);
INSERT INTO Paper (PaperID, Title, Year, MDate, Key, DOI) VALUES (616, 'Using Information Gain to Improve the ImageCLEF 2006 Collection.', 2006, '2018-08-09', 'conf/clef/Diaz-GalianoCMRL06', 'https://doi.org/10.1007/978-3-540-74999-8_89');
INSERT INTO Write (AuthorID, PaperID) VALUES (4, 616);
INSERT INTO Paper (PaperID, Title, Year, MDate, Key, DOI) VALUES (671, 'Intelligent Information Access Systems (SINAI) at CLEF 2001: Calculating Translation Probabilities with SemCor.', 2001, '2015-09-03', 'conf/clef/SantiagoLDVM01', 'http://ceur-ws.org/Vol-1167/CLEF2001wn-adhoc-MartinezSantiagoEt2001.pdf');
INSERT INTO Write (AuthorID, PaperID) VALUES (4, 671);
INSERT INTO Write (AuthorID, PaperID) VALUES (4, 682);
INSERT INTO Paper (PaperID, Title, Year, MDate, Key, DOI) VALUES (746, 'Filtering for Improving the Geographic Information Search.', 2007, '2017-05-24', 'conf/clef/Perea-OrtegaCVL07', 'https://doi.org/10.1007/978-3-540-85760-0_104');
INSERT INTO Write (AuthorID, PaperID) VALUES (4, 746);
INSERT INTO Paper (PaperID, Title, Year, MDate, Key, DOI) VALUES (817, 'SINAI at VideoCLEF 2008.', 2008, '2018-08-09', 'conf/clef/Perea-OrtegaMMDU08', 'http://ceur-ws.org/Vol-1174/CLEF2008wn-VideoCLEF-PereaOrtegaEt2008.pdf');
INSERT INTO Write (AuthorID, PaperID) VALUES (4, 817);
INSERT INTO Paper (PaperID, Title, Year, MDate, Key, DOI) VALUES (865, 'Query Expansion on Medical Image Retrieval: MeSH vs. UMLS.', 2008, '2018-08-09', 'conf/clef/Diaz-GalianoCMLR08', 'https://doi.org/10.1007/978-3-642-04447-2_94');
INSERT INTO Write (AuthorID, PaperID) VALUES (4, 865);
INSERT INTO Paper (PaperID, Title, Year, MDate, Key, DOI) VALUES (1014, 'Using Support Vector Machines as Learning Algorithm for Video Categorization.', 2009, '2018-08-09', 'conf/clef/Perea-OrtegaRMU09', 'https://doi.org/10.1007/978-3-642-15751-6_48');
INSERT INTO Write (AuthorID, PaperID) VALUES (4, 1014);
INSERT INTO Paper (PaperID, Title, Year, MDate, Key, DOI) VALUES (1016, 'SINAI at QA@CLEF 2007. Answer Validation Exercise.', 2007, '2014-09-23', 'conf/clef/CumbrerasOSL07', 'http://ceur-ws.org/Vol-1173/CLEF2007wn-QACLEF-GarciaCumbreras2007.pdf');
INSERT INTO Write (AuthorID, PaperID) VALUES (4, 1016);
INSERT INTO Paper (PaperID, Title, Year, MDate, Key, DOI) VALUES (1076, 'GEOUJA System. The First Participation of the University of Ja800Aeacute;n at GEOCLEF 2006.', 2006, '2017-05-24', 'conf/clef/VegaCLP06', 'https://doi.org/10.1007/978-3-540-74999-8_116');
INSERT INTO Write (AuthorID, PaperID) VALUES (4, 1076);
INSERT INTO Paper (PaperID, Title, Year, MDate, Key, DOI) VALUES (1164, 'BRUJA System. The University of Ja800Aeacute;n at the Spanish Task of CLEFQA 2006.', 2006, '2014-08-15', 'conf/clef/CumbrerasLSO06', 'http://ceur-ws.org/Vol-1172/CLEF2006wn-QACLEF-GarciaCumbrerasEt2006.pdf');
INSERT INTO Write (AuthorID, PaperID) VALUES (4, 1164);
INSERT INTO Paper (PaperID, Title, Year, MDate, Key, DOI) VALUES (1167, 'Using WordNet in Multimedia Information Retrieval.', 2009, '2018-08-09', 'conf/clef/Diaz-GalianoMLP09', 'https://doi.org/10.1007/978-3-642-15751-6_21');
INSERT INTO Write (AuthorID, PaperID) VALUES (4, 1167);
INSERT INTO Paper (PaperID, Title, Year, MDate, Key, DOI) VALUES (1329, 'SINAI at ImageCLEF Wikipedia Retrieval Task 2011: Testing Combined Systems.', 2011, '2014-09-24', 'conf/clef/CumbrerasDLB11', 'http://www.clef-initiative.eu/documents/71612/86377/CLEF2011wn-ImageCLEF-Garcia-CumbrerasEt2011.pdf');
INSERT INTO Write (AuthorID, PaperID) VALUES (4, 1329);
INSERT INTO Paper (PaperID, Title, Year, MDate, Key, DOI) VALUES (1368, 'Text-mess in the Medical Retrieval ImageCLEF08 Task.', 2008, '2018-08-09', 'conf/clef/NavarroDMGLMLM08', 'http://ceur-ws.org/Vol-1174/CLEF2008wn-ImageCLEF-NavarroEt2008d.pdf');
INSERT INTO Write (AuthorID, PaperID) VALUES (4, 1368);
INSERT INTO Paper (PaperID, Title, Year, MDate, Key, DOI) VALUES (1443, 'Combining TEXT-MESS Systems at ImageCLEF 2008.', 2008, '2018-11-14', 'conf/clef/NavarroCLDMMLR08', 'https://www.wikidata.org/entity/Q57712970');
INSERT INTO Write (AuthorID, PaperID) VALUES (4, 1443);
INSERT INTO Paper (PaperID, Title, Year, MDate, Key, DOI) VALUES (1619, 'PIR Based in Explicit and Implicit Feedback.', 2018, '2018-08-08', 'conf/clef/Andreu-MarinSLD18', 'http://ceur-ws.org/Vol-2125/paper_73.pdf');
INSERT INTO Write (AuthorID, PaperID) VALUES (4, 1619);
INSERT INTO Paper (PaperID, Title, Year, MDate, Key, DOI) VALUES (1630, 'SINAI-GIR System. University of Ja800Aeacute;n at GeoCLEF 2008.', 2008, '2014-10-13', 'conf/clef/Perea-OrtegaGGU08', 'http://ceur-ws.org/Vol-1174/CLEF2008wn-GeoCLEF-PereaOrtegaEt2008.pdf');
INSERT INTO Write (AuthorID, PaperID) VALUES (4, 1630);
INSERT INTO Paper (PaperID, Title, Year, MDate, Key, DOI) VALUES (1696, 'SINAI at CLEF 2006 Ad Hoc Robust Multilingual Track: Query Expansion using the Google Search Engine.', 2006, '2018-05-18', 'conf/clef/SantiagoRCL06a', 'http://ceur-ws.org/Vol-1172/CLEF2006wn-adhoc-MartinezSantiagoEt2006.pdf');
INSERT INTO Write (AuthorID, PaperID) VALUES (4, 1696);
INSERT INTO Paper (PaperID, Title, Year, MDate, Key, DOI) VALUES (1734, 'Machine Learning to Detect ICD10 Codes in Causes of Death.', 2018, '2018-08-09', 'conf/clef/Lopez-UbedaDML18', 'http://ceur-ws.org/Vol-2125/paper_150.pdf');
INSERT INTO Write (AuthorID, PaperID) VALUES (4, 1734);
INSERT INTO Paper (PaperID, Title, Year, MDate, Key, DOI) VALUES (1911, 'Integrating MeSH Ontology to Improve Medical Information Retrieval.', 2007, '2018-08-09', 'conf/clef/Diaz-GalianoCMRU07', 'https://doi.org/10.1007/978-3-540-85760-0_76');
INSERT INTO Write (AuthorID, PaperID) VALUES (4, 1911);
INSERT INTO Paper (PaperID, Title, Year, MDate, Key, DOI) VALUES (2006, 'Using Query Reformulation and Keywords in the Geographic Information Retrieval Task.', 2008, '2017-06-02', 'conf/clef/Perea-OrtegaLVC08', 'https://doi.org/10.1007/978-3-642-04447-2_112');
INSERT INTO Write (AuthorID, PaperID) VALUES (4, 2006);
INSERT INTO Paper (PaperID, Title, Year, MDate, Key, DOI) VALUES (2114, 'SINAI at GeoCLEF 2006: Expanding the Topics with Geographical Information and Thesaurus.', 2006, '2014-08-15', 'conf/clef/VegaCLP06a', 'http://ceur-ws.org/Vol-1172/CLEF2006wn-GeoCLEF-GarciaVegaEt2006.pdf');
INSERT INTO Write (AuthorID, PaperID) VALUES (4, 2114);
INSERT INTO Paper (PaperID, Title, Year, MDate, Key, DOI) VALUES (2201, 'SINAI at CLEF 2005: Multi-8 Two-Years-on and Multi-8 Merging-Only Tasks.', 2005, '2017-05-24', 'conf/clef/SantiagoCL05', 'https://doi.org/10.1007/11878773_12');
INSERT INTO Write (AuthorID, PaperID) VALUES (4, 2201);
INSERT INTO Paper (PaperID, Title, Year, MDate, Key, DOI) VALUES (2202, 'SINAI at CLEF 2006 Ad Hoc Robust Multilingual Track: Query Expansion Using the Google Search Engine.', 2006, '2018-05-18', 'conf/clef/SantiagoRCL06', 'https://doi.org/10.1007/978-3-540-74999-8_16');
INSERT INTO Write (AuthorID, PaperID) VALUES (4, 2202);
INSERT INTO Paper (PaperID, Title, Year, MDate, Key, DOI) VALUES (2213, 'Combining Lexical Information with Machine Learning for Answer Validation at QA@CLEF 2007.', 2007, '2017-05-24', 'conf/clef/CumbrerasPSL07', 'https://doi.org/10.1007/978-3-540-85760-0_49');
INSERT INTO Write (AuthorID, PaperID) VALUES (4, 2213);
INSERT INTO Write (AuthorID, PaperID) VALUES (4, 2224);
INSERT INTO Paper (PaperID, Title, Year, MDate, Key, DOI) VALUES (2249, 'SINAI at ImageCLEF 2009 WikipediaMM Task.', 2009, '2018-08-09', 'conf/clef/Diaz-GalianoMLP09a', 'http://ceur-ws.org/Vol-1175/CLEF2009wn-ImageCLEF-DiazGalianoEt2009.pdf');
INSERT INTO Write (AuthorID, PaperID) VALUES (4, 2249);
INSERT INTO Paper (PaperID, Title, Year, MDate, Key, DOI) VALUES (2288, 'SINAI at ImageCLEFPhoto 2008.', 2008, '2018-08-09', 'conf/clef/Garcia-CumbrerasDMU08', 'http://ceur-ws.org/Vol-1174/CLEF2008wn-ImageCLEF-GarciaCumbrerasEt2008.pdf');
INSERT INTO Write (AuthorID, PaperID) VALUES (4, 2288);
INSERT INTO Paper (PaperID, Title, Year, MDate, Key, DOI) VALUES (2364, 'SINAI System: Combining IR Systems at ImageCLEFPhoto 2007.', 2007, '2018-08-09', 'conf/clef/CumbrerasDMRL07', 'https://doi.org/10.1007/978-3-540-85760-0_63');
INSERT INTO Write (AuthorID, PaperID) VALUES (4, 2364);
INSERT INTO Paper (PaperID, Title, Year, MDate, Key, DOI) VALUES (2370, 'Experiments with Google News for Filtering Newswire Articles.', 2009, '2018-05-18', 'conf/clef/RaezPDL09', 'https://doi.org/10.1007/978-3-642-15754-7_46');
INSERT INTO Write (AuthorID, PaperID) VALUES (4, 2370);
INSERT INTO Paper (PaperID, Title, Year, MDate, Key, DOI) VALUES (2395, 'SINAI at CLEF 2003: Decompounding and Merging.', 2003, '2018-05-18', 'conf/clef/SantiagoRLD03', 'https://doi.org/10.1007/978-3-540-30222-3_18');
INSERT INTO Write (AuthorID, PaperID) VALUES (4, 2395);
INSERT INTO Paper (PaperID, Title, Year, MDate, Key, DOI) VALUES (2429, 'Text-mess in the ImageCLEFphoto08 Task.', 2008, '2018-08-09', 'conf/clef/NavarroGLDMMLM08', 'http://ceur-ws.org/Vol-1174/CLEF2008wn-ImageCLEF-NavarroEt2008b.pdf');
INSERT INTO Write (AuthorID, PaperID) VALUES (4, 2429);
INSERT INTO Paper (PaperID, Title, Year, MDate, Key, DOI) VALUES (2445, 'SINAI at CLEF eHealth 2017 Task 3.', 2017, '2018-08-09', 'conf/clef/Diaz-GalianoMZA17', 'http://ceur-ws.org/Vol-1866/paper_75.pdf');
INSERT INTO Write (AuthorID, PaperID) VALUES (4, 2445);
INSERT INTO Paper (PaperID, Title, Year, MDate, Key, DOI) VALUES (2507, 'SINAI at ImageCLEF 2006.', 2006, '2018-08-09', 'conf/clef/Diaz-GalianoCMRL06a', 'http://ceur-ws.org/Vol-1172/CLEF2006wn-ImageCLEF-DiazGalianoEt2006.pdf');
INSERT INTO Write (AuthorID, PaperID) VALUES (4, 2507);
INSERT INTO Paper (PaperID, Title, Year, MDate, Key, DOI) VALUES (2577, 'SINAI at CLEF 2004: Using Machine Translation Resources with a Mixed 2-Step RSV Merging Algorithm.', 2004, '2017-05-24', 'conf/clef/SantiagoCDU05', 'https://doi.org/10.1007/11519645_16');
INSERT INTO Write (AuthorID, PaperID) VALUES (4, 2577);
INSERT INTO Paper (PaperID, Title, Year, MDate, Key, DOI) VALUES (2757, 'SINAI on CLEF 2002: Experimenting with Merging Strategies.', 2002, '2015-09-03', 'conf/clef/SantiagoML02', 'http://ceur-ws.org/Vol-1168/CLEF2002wn-adhoc-MartinezSantiagoEt2002.pdf');
INSERT INTO Write (AuthorID, PaperID) VALUES (4, 2757);
INSERT INTO Write (AuthorID, PaperID) VALUES (4, 2792);
INSERT INTO Paper (PaperID, Title, Year, MDate, Key, DOI) VALUES (2799, 'SINAI at LogCLEF 2010.', 2010, '2018-05-18', 'conf/clef/Perea-OrtegaRCL10', 'http://www.clef-initiative.eu/documents/71612/86374/CLEF2010wn-LogCLEF-Perea-OrtegaEt2010.pdf');
INSERT INTO Write (AuthorID, PaperID) VALUES (4, 2799);
INSERT INTO Paper (PaperID, Title, Year, MDate, Key, DOI) VALUES (2818, 'SINAI at CLEF 2003: Decompounding and Merging.', 2003, '2018-05-18', 'conf/clef/SantiagoRLD03a', 'http://ceur-ws.org/Vol-1169/CLEF2003wn-adhoc-MartinezSantiagoEt2003.pdf');
INSERT INTO Write (AuthorID, PaperID) VALUES (4, 2818);
INSERT INTO Paper (PaperID, Title, Year, MDate, Key, DOI) VALUES (2857, 'SINAI at CLEF 2004: Using Machine Translation Resources with Mixed 2-Step RSV Merging Algorithm.', 2004, '2014-08-15', 'conf/clef/SantiagoCDL04', 'http://ceur-ws.org/Vol-1170/CLEF2004wn-adhoc-MartinezSantiagoEt2004.pdf');
INSERT INTO Write (AuthorID, PaperID) VALUES (4, 2857);
INSERT INTO Paper (PaperID, Title, Year, MDate, Key, DOI) VALUES (2888, 'SINAI at ImageCLEF 2005.', 2005, '2018-08-09', 'conf/clef/Martin-ValdiviaCDLR05', 'http://ceur-ws.org/Vol-1171/CLEF2005wn-ImageCLEF-MartiinValdiviaEt2005.pdf');
INSERT INTO Write (AuthorID, PaperID) VALUES (4, 2888);
INSERT INTO Paper (PaperID, Title, Year, MDate, Key, DOI) VALUES (2956, 'University of Ja800Aeacute;n at ImagePhoto 2008: Filtering the Results with the Cluster Term.', 2008, '2018-08-09', 'conf/clef/CumbrerasDML08', 'https://doi.org/10.1007/978-3-642-04447-2_73');
INSERT INTO Write (AuthorID, PaperID) VALUES (4, 2956);
INSERT INTO Write (AuthorID, PaperID) VALUES (4, 2974);
INSERT INTO Paper (PaperID, Title, Year, MDate, Key, DOI) VALUES (3075, 'SINAI at ImageCLEFmed 2008.', 2008, '2018-08-09', 'conf/clef/Diaz-GalianoGMUM08', 'http://ceur-ws.org/Vol-1174/CLEF2008wn-ImageCLEF-DiazGalianoEt2008.pdf');
INSERT INTO Write (AuthorID, PaperID) VALUES (4, 3075);
INSERT INTO Paper (PaperID, Title, Year, MDate, Key, DOI) VALUES (3206, 'Intelligent Information Access Systems (SINAI) at CLEF 2001: Calculating Translation Probabilities with SemCor.', 2001, '2017-05-24', 'conf/clef/Martinez-SantiagoUDMV01', 'https://doi.org/10.1007/3-540-45691-0_16');
INSERT INTO Write (AuthorID, PaperID) VALUES (4, 3206);
INSERT INTO Paper (PaperID, Title, Year, MDate, Key, DOI) VALUES (3228, 'SINAI at INFILE 2009: Experiments with Google News.', 2009, '2015-05-22', 'conf/clef/Montejo-RaezPDU09', 'http://ceur-ws.org/Vol-1175/CLEF2009wn-INFILE-MontejoRaezEt2009.pdf');
INSERT INTO Write (AuthorID, PaperID) VALUES (4, 3228);
INSERT INTO Paper (PaperID, Title, Year, MDate, Key, DOI) VALUES (3273, 'The University of Ja800Aeacute;n at ImageCLEF 2005: Adhoc and Medical Tasks.', 2005, '2018-08-09', 'conf/clef/Martin-ValdiviaGDLR05', 'https://doi.org/10.1007/11878773_68');
INSERT INTO Write (AuthorID, PaperID) VALUES (4, 3273);
INSERT INTO Author (AuthorID, Name) VALUES (5, 'Thomas Mandl 0001');
INSERT INTO Paper (PaperID, Title, Year, MDate, Key, DOI) VALUES (85, 'Multilingual Web Retrieval Experiments with Field Specific Indexing Strategies for CLEF 2006 at the University of Hildesheim.', 2006, '2017-11-16', 'conf/clef/HeuwingMS06a', 'http://ceur-ws.org/Vol-1172/CLEF2006wn-WebCLEF-HeuwingEt2006.pdf');
INSERT INTO Write (AuthorID, PaperID) VALUES (5, 85);
INSERT INTO Paper (PaperID, Title, Year, MDate, Key, DOI) VALUES (96, 'Domain Specific Retrieval Experiments with MIMOR at the University of Hildesheim.', 2002, '2017-11-15', 'conf/clef/HacklKMW02a', 'http://ceur-ws.org/Vol-1168/CLEF2002wn-DomainSpecific-HacklEt2002.pdf');
INSERT INTO Write (AuthorID, PaperID) VALUES (5, 96);
INSERT INTO Paper (PaperID, Title, Year, MDate, Key, DOI) VALUES (152, 'Patent Terminlogy Analysis: Passage Retrieval Experiments for the Intellecutal Property Track at CLEF.', 2012, '2017-11-15', 'conf/clef/JurgensKWM12', 'http://www.clef-initiative.eu/documents/71612/81d6ce39-54f2-4ab4-b1a1-c6621d15ec93');
INSERT INTO Write (AuthorID, PaperID) VALUES (5, 152);
INSERT INTO Paper (PaperID, Title, Year, MDate, Key, DOI) VALUES (199, 'CLEF 2007: Ad Hoc Track Overview.', 2007, '2017-11-16', 'conf/clef/NunzioFMP07', 'https://doi.org/10.1007/978-3-540-85760-0_2');
INSERT INTO Write (AuthorID, PaperID) VALUES (5, 199);
INSERT INTO Paper (PaperID, Title, Year, MDate, Key, DOI) VALUES (227, 'Search Path Visualization and Session Performance Evaluation with Log Files from The European Library (TEL).', 2009, '2017-11-16', 'conf/clef/LammMK09a', 'http://ceur-ws.org/Vol-1175/CLEF2009wn-LogCLEF-LammEt2009.pdf');
INSERT INTO Write (AuthorID, PaperID) VALUES (5, 227);
INSERT INTO Paper (PaperID, Title, Year, MDate, Key, DOI) VALUES (300, 'GeoCLEF 2006: the CLEF 2006 Cross-Language Geographic Information Retrieval Track Overview.', 2006, '2017-11-15', 'conf/clef/GeyLSBMWSRNF06a', 'http://ceur-ws.org/Vol-1172/CLEF2006wn-GeoCLEF-GeyEt2006.pdf');
INSERT INTO Write (AuthorID, PaperID) VALUES (5, 300);
INSERT INTO Paper (PaperID, Title, Year, MDate, Key, DOI) VALUES (301, 'Robust Retrieval Experiments at the University of Hildesheim.', 2007, '2017-11-16', 'conf/clef/HeuwingM07', 'https://doi.org/10.1007/978-3-540-85760-0_17');
INSERT INTO Write (AuthorID, PaperID) VALUES (5, 301);
INSERT INTO Paper (PaperID, Title, Year, MDate, Key, DOI) VALUES (309, 'Mono- and Crosslingual Retrieval Experiments at the University of Hildesheim.', 2004, '2017-11-15', 'conf/clef/HacklMW04', 'http://ceur-ws.org/Vol-1170/CLEF2004wn-adhoc-HacklEt2004.pdf');
INSERT INTO Write (AuthorID, PaperID) VALUES (5, 309);
INSERT INTO Paper (PaperID, Title, Year, MDate, Key, DOI) VALUES (446, 'Blind Relevance Feedback and Named Entity based Query Expansion for Geographic Retrieval at GeoCLEF 2006.', 2006, '2017-11-15', 'conf/clef/BischoffMW06a', 'http://ceur-ws.org/Vol-1172/CLEF2006wn-GeoCLEF-BischoffEt2006.pdf');
INSERT INTO Write (AuthorID, PaperID) VALUES (5, 446);
INSERT INTO Paper (PaperID, Title, Year, MDate, Key, DOI) VALUES (496, 'Robust Ad-Hoc Retrieval Experiments with French and English at the University of Hildesheim.', 2006, '2017-11-15', 'conf/clef/MandlHW06', 'https://doi.org/10.1007/978-3-540-74999-8_17');
INSERT INTO Write (AuthorID, PaperID) VALUES (5, 496);
INSERT INTO Paper (PaperID, Title, Year, MDate, Key, DOI) VALUES (590, 'Robust Retrieval Experiments at the University of Hildesheim.', 2007, '2017-11-16', 'conf/clef/HeuwingM07a', 'http://ceur-ws.org/Vol-1173/CLEF2007wn-adhoc-HeuwingEt2007.pdf');
INSERT INTO Write (AuthorID, PaperID) VALUES (5, 590);
INSERT INTO Paper (PaperID, Title, Year, MDate, Key, DOI) VALUES (597, 'Monolingual Retrieval Experiments with Spatial Restrictions at GeoCLEF 2007.', 2007, '2017-11-15', 'conf/clef/KolleHMW07a', 'http://ceur-ws.org/Vol-1173/CLEF2007wn-GeoCLEF-KolleEt2007.pdf');
INSERT INTO Write (AuthorID, PaperID) VALUES (5, 597);
INSERT INTO Paper (PaperID, Title, Year, MDate, Key, DOI) VALUES (690, 'Proper Names in the Multilingual CLEF Topic Set.', 2003, '2017-11-15', 'conf/clef/MandlW03a', 'http://ceur-ws.org/Vol-1169/CLEF2003wn-other-MandlEt2003.pdf');
INSERT INTO Write (AuthorID, PaperID) VALUES (5, 690);
INSERT INTO Paper (PaperID, Title, Year, MDate, Key, DOI) VALUES (845, 'Web Retrieval Experiments with the EuroGOV Corpus at the University of Hildesheim.', 2005, '2017-11-16', 'conf/clef/JensenHMS05a', 'http://ceur-ws.org/Vol-1171/CLEF2005wn-WebCLEF-JensenEt2005.pdf');
INSERT INTO Write (AuthorID, PaperID) VALUES (5, 845);
INSERT INTO Paper (PaperID, Title, Year, MDate, Key, DOI) VALUES (848, 'Blind Relevance Feedback and Named Entity Based Query Expansion for Geographic Retrieval at GeoCLEF 2006.', 2006, '2017-11-15', 'conf/clef/BischoffMW06', 'https://doi.org/10.1007/978-3-540-74999-8_121');
INSERT INTO Write (AuthorID, PaperID) VALUES (5, 848);
INSERT INTO Paper (PaperID, Title, Year, MDate, Key, DOI) VALUES (912, 'CLEF 2006: Ad Hoc Track Overview.', 2006, '2017-11-16', 'conf/clef/NunzioFMP06a', 'http://ceur-ws.org/Vol-1172/CLEF2006wn-adhoc-DiNunzioEt2006.pdf');
INSERT INTO Write (AuthorID, PaperID) VALUES (5, 912);
INSERT INTO Paper (PaperID, Title, Year, MDate, Key, DOI) VALUES (1099, 'Mono-and Crosslingual Retrieval Experiments with Spatial Restrictions at GeoCLEF 2007.', 2007, '2017-11-15', 'conf/clef/KolleHMW07', 'https://doi.org/10.1007/978-3-540-85760-0_109');
INSERT INTO Write (AuthorID, PaperID) VALUES (5, 1099);
INSERT INTO Paper (PaperID, Title, Year, MDate, Key, DOI) VALUES (1281, 'Ad-hoc Mono- and Bilingual Retrieval Experiments at the University of Hildesheim.', 2005, '2017-11-15', 'conf/clef/HacklMW05b', 'http://ceur-ws.org/Vol-1171/CLEF2005wn-adhoc-HacklEt2005.pdf');
INSERT INTO Write (AuthorID, PaperID) VALUES (5, 1281);
INSERT INTO Paper (PaperID, Title, Year, MDate, Key, DOI) VALUES (1396, 'Ad-Hoc Mono- and Bilingual Retrieval Experiments at the University of Hildesheim.', 2005, '2017-11-15', 'conf/clef/HacklMW05a', 'https://doi.org/10.1007/11878773_3');
INSERT INTO Write (AuthorID, PaperID) VALUES (5, 1396);
INSERT INTO Paper (PaperID, Title, Year, MDate, Key, DOI) VALUES (1431, 'Analysis of the Reliability of the Multilingual Topic Set for the Cross Language Evaluation Forum.', 2003, '2017-11-15', 'conf/clef/MandlW03', 'https://doi.org/10.1007/978-3-540-30222-3_3');
INSERT INTO Write (AuthorID, PaperID) VALUES (5, 1431);
INSERT INTO Paper (PaperID, Title, Year, MDate, Key, DOI) VALUES (1434, 'Robust Ad-hoc Retrieval Experiments with French and English at the University of Hildesheim.', 2006, '2017-11-15', 'conf/clef/MandlHW06a', 'http://ceur-ws.org/Vol-1172/CLEF2006wn-adhoc-MandlEt2006.pdf');
INSERT INTO Write (AuthorID, PaperID) VALUES (5, 1434);
INSERT INTO Paper (PaperID, Title, Year, MDate, Key, DOI) VALUES (1543, 'GeoCLEF 2006: The CLEF 2006 Cross-Language Geographic Information Retrieval Track Overview.', 2006, '2017-11-15', 'conf/clef/GeyLSBMWSRNF06', 'https://doi.org/10.1007/978-3-540-74999-8_109');
INSERT INTO Write (AuthorID, PaperID) VALUES (5, 1543);
INSERT INTO Paper (PaperID, Title, Year, MDate, Key, DOI) VALUES (1624, 'Mono- and Bilingual Retrieval Experiments with a Social Science Document Corpus.', 2005, '2017-11-16', 'conf/clef/HacklM05a', 'http://ceur-ws.org/Vol-1171/CLEF2005wn-DomainSpecific-HacklEt2005.pdf');
INSERT INTO Write (AuthorID, PaperID) VALUES (5, 1624);
INSERT INTO Paper (PaperID, Title, Year, MDate, Key, DOI) VALUES (1650, 'GeoCLEF 2008: The CLEF 2008 Cross-Language Geographic Information Retrieval Track Overview.', 2008, '2017-11-15', 'conf/clef/MandlCNGLSW08', 'https://doi.org/10.1007/978-3-642-04447-2_106');
INSERT INTO Write (AuthorID, PaperID) VALUES (5, 1650);
INSERT INTO Paper (PaperID, Title, Year, MDate, Key, DOI) VALUES (1676, 'LogCLEF 2011 Multilingual Log File Analysis: Language Identification, Query Classification, and Success of a Query.', 2011, '2017-11-16', 'conf/clef/NunzioLM11', 'http://www.clef-initiative.eu/documents/71612/86377/CLEF2011wn-LogCLEF-DiNunzioEt2011.pdf');
INSERT INTO Write (AuthorID, PaperID) VALUES (5, 1676);
INSERT INTO Paper (PaperID, Title, Year, MDate, Key, DOI) VALUES (1772, 'Domain Specific Mono- and Bilingual English to German Retrieval Experiments with a Social Science Document Corpus.', 2005, '2017-11-16', 'conf/clef/HacklM05', 'https://doi.org/10.1007/11878773_29');
INSERT INTO Write (AuthorID, PaperID) VALUES (5, 1772);
INSERT INTO Paper (PaperID, Title, Year, MDate, Key, DOI) VALUES (1807, 'A Fast Forward Approach to Cross-lingual Question Answering for English and German.', 2005, '2017-11-16', 'conf/clef/StrotgenMS05a', 'http://ceur-ws.org/Vol-1171/CLEF2005wn-QACLEF-StrotgenEt2005.pdf');
INSERT INTO Write (AuthorID, PaperID) VALUES (5, 1807);
INSERT INTO Paper (PaperID, Title, Year, MDate, Key, DOI) VALUES (1864, 'Multilingual Web Retrieval Experiments with Field Specific Indexing Strategies for WebCLEF 2006 at the University of Hildesheim.', 2006, '2017-11-16', 'conf/clef/HeuwingMS06', 'https://doi.org/10.1007/978-3-540-74999-8_105');
INSERT INTO Write (AuthorID, PaperID) VALUES (5, 1864);
INSERT INTO Paper (PaperID, Title, Year, MDate, Key, DOI) VALUES (1886, 'CLEF 2009 Ad Hoc Track Overview: Robust-WSD Task.', 2009, '2018-11-14', 'conf/clef/AgirreNMO09', 'https://www.wikidata.org/entity/Q57400828');
INSERT INTO Write (AuthorID, PaperID) VALUES (5, 1886);
INSERT INTO Paper (PaperID, Title, Year, MDate, Key, DOI) VALUES (1934, 'GeoCLEF 2008: the CLEF 2008 Cross-Language Geographic Information Retrieval Track Overview.', 2008, '2017-11-15', 'conf/clef/MandlCGLSW08', 'http://ceur-ws.org/Vol-1174/CLEF2008wn-GeoCLEF-MandlEt2008.pdf');
INSERT INTO Write (AuthorID, PaperID) VALUES (5, 1934);
INSERT INTO Paper (PaperID, Title, Year, MDate, Key, DOI) VALUES (1984, 'LogCLEF 2009: the CLEF 2009 Multilingual Logfile Analysis Track Overview.', 2009, '2017-11-16', 'conf/clef/MandlANYMDS09a', 'http://ceur-ws.org/Vol-1175/CLEF2009wn-LogCLEF-MandlEt2009.pdf');
INSERT INTO Write (AuthorID, PaperID) VALUES (5, 1984);
INSERT INTO Paper (PaperID, Title, Year, MDate, Key, DOI) VALUES (2052, 'CLEF 2009 Ad Hoc Track Overview: Robust - WSD Task.', 2009, '2017-11-16', 'conf/clef/AgirreNMO09a', 'http://ceur-ws.org/Vol-1175/CLEF2009wn-adhoc-AgirreEt2009a.pdf');
INSERT INTO Write (AuthorID, PaperID) VALUES (5, 2052);
INSERT INTO Paper (PaperID, Title, Year, MDate, Key, DOI) VALUES (2062, 'A Fast Forward Approach to Cross-Lingual Question Answering for English and German.', 2005, '2017-11-15', 'conf/clef/StrotgenMS05', 'https://doi.org/10.1007/11878773_37');
INSERT INTO Write (AuthorID, PaperID) VALUES (5, 2062);
INSERT INTO Paper (PaperID, Title, Year, MDate, Key, DOI) VALUES (2073, 'Linguistic and Statistical Analysis of the CLEF Topics.', 2002, '2017-11-15', 'conf/clef/MandlW02', 'https://doi.org/10.1007/978-3-540-45237-9_43');
INSERT INTO Write (AuthorID, PaperID) VALUES (5, 2073);
INSERT INTO Paper (PaperID, Title, Year, MDate, Key, DOI) VALUES (2092, 'Multilingual Retrieval Experiments with MIMOR at the University of Hildesheim.', 2003, '2017-11-15', 'conf/clef/HacklKMPSW03', 'https://doi.org/10.1007/978-3-540-30222-3_15');
INSERT INTO Write (AuthorID, PaperID) VALUES (5, 2092);
INSERT INTO Paper (PaperID, Title, Year, MDate, Key, DOI) VALUES (2122, 'How Do Named Entities Contribute to Retrieval Effectiveness?', 2004, '2017-11-15', 'conf/clef/MandlW05', 'https://doi.org/10.1007/11519645_81');
INSERT INTO Write (AuthorID, PaperID) VALUES (5, 2122);
INSERT INTO Paper (PaperID, Title, Year, MDate, Key, DOI) VALUES (2139, 'Web Retrieval Experiments with the EuroGOV Corpus at the University of Hildesheim.', 2005, '2017-11-16', 'conf/clef/JensenHMS05', 'https://doi.org/10.1007/11878773_91');
INSERT INTO Write (AuthorID, PaperID) VALUES (5, 2139);
INSERT INTO Paper (PaperID, Title, Year, MDate, Key, DOI) VALUES (2146, 'Search Path Visualization and Session Performance Evaluation with Log Files.', 2009, '2017-11-15', 'conf/clef/LammMK09', 'https://doi.org/10.1007/978-3-642-15754-7_66');
INSERT INTO Write (AuthorID, PaperID) VALUES (5, 2146);
INSERT INTO Paper (PaperID, Title, Year, MDate, Key, DOI) VALUES (2182, 'CLEF 2006: Ad Hoc Track Overview.', 2006, '2017-11-16', 'conf/clef/NunzioFMP06', 'https://doi.org/10.1007/978-3-540-74999-8_3');
INSERT INTO Write (AuthorID, PaperID) VALUES (5, 2182);
INSERT INTO Paper (PaperID, Title, Year, MDate, Key, DOI) VALUES (2247, 'Linguistic and Statistical Analysis of the CLEF Topics.', 2002, '2017-11-15', 'conf/clef/MandlW02a', 'http://ceur-ws.org/Vol-1168/CLEF2002wn-other-MandlEt2002.pdf');
INSERT INTO Write (AuthorID, PaperID) VALUES (5, 2247);
INSERT INTO Paper (PaperID, Title, Year, MDate, Key, DOI) VALUES (2396, 'CLEF 2008: Ad Hoc Track Overview.', 2008, '2017-11-16', 'conf/clef/AgirreNFMP08a', 'http://ceur-ws.org/Vol-1174/CLEF2008wn-adhoc-AgirreEt2008.pdf');
INSERT INTO Write (AuthorID, PaperID) VALUES (5, 2396);
INSERT INTO Paper (PaperID, Title, Year, MDate, Key, DOI) VALUES (2431, 'Mono- and Crosslingual Retrieval Experiments at the University of Hildesheim.', 2004, '2017-11-15', 'conf/clef/HacklMW05', 'https://doi.org/10.1007/11519645_17');
INSERT INTO Write (AuthorID, PaperID) VALUES (5, 2431);
INSERT INTO Paper (PaperID, Title, Year, MDate, Key, DOI) VALUES (2741, 'How do Named Entities Contribute to Retrieval Effectiveness?', 2004, '2017-11-15', 'conf/clef/MandlW04', 'http://ceur-ws.org/Vol-1170/CLEF2004wn-other-Mandl2004.pdf');
INSERT INTO Write (AuthorID, PaperID) VALUES (5, 2741);
INSERT INTO Paper (PaperID, Title, Year, MDate, Key, DOI) VALUES (2793, 'Patent Retrieval Experiments in the Context of the CLEF IP Track 2009.', 2009, '2017-11-15', 'conf/clef/BecksWMK09a', 'http://ceur-ws.org/Vol-1175/CLEF2009wn-CLEFIP-BecksEt2009.pdf');
INSERT INTO Write (AuthorID, PaperID) VALUES (5, 2793);
INSERT INTO Paper (PaperID, Title, Year, MDate, Key, DOI) VALUES (2801, 'Multilingual Retrieval Experiments with MIMOR at the University of Hildesheim.', 2003, '2017-11-15', 'conf/clef/HacklKMPSW03a', 'http://ceur-ws.org/Vol-1169/CLEF2003wn-adhoc-HacklEt2003.pdf');
INSERT INTO Write (AuthorID, PaperID) VALUES (5, 2801);
INSERT INTO Paper (PaperID, Title, Year, MDate, Key, DOI) VALUES (2808, 'Phrases or Terms? The Impact of Different Query Types.', 2010, '2017-11-15', 'conf/clef/BecksMW10', 'http://www.clef-initiative.eu/documents/71612/86374/CLEF2010wn-CLEF-IP-BecksEt2010.pdf');
INSERT INTO Write (AuthorID, PaperID) VALUES (5, 2808);
INSERT INTO Paper (PaperID, Title, Year, MDate, Key, DOI) VALUES (2820, 'GeoCLEF 2007: The CLEF 2007 Cross-Language Geographic Information Retrieval Track Overview.', 2007, '2017-11-15', 'conf/clef/MandlGNFLSSWX07', 'https://doi.org/10.1007/978-3-540-85760-0_96');
INSERT INTO Write (AuthorID, PaperID) VALUES (5, 2820);
INSERT INTO Paper (PaperID, Title, Year, MDate, Key, DOI) VALUES (2853, 'Domain Specific Retrieval Experiments with MIMOR at the University of Hildesheim.', 2002, '2017-11-15', 'conf/clef/HacklKMW02', 'https://doi.org/10.1007/978-3-540-45237-9_30');
INSERT INTO Write (AuthorID, PaperID) VALUES (5, 2853);
INSERT INTO Paper (PaperID, Title, Year, MDate, Key, DOI) VALUES (3041, 'CLEF 2007: Ad Hoc Track Overview.', 2007, '2017-11-16', 'conf/clef/NunzioFMP07a', 'http://ceur-ws.org/Vol-1173/CLEF2007wn-adhoc-DiNunzioEt2007.pdf');
INSERT INTO Write (AuthorID, PaperID) VALUES (5, 3041);
INSERT INTO Paper (PaperID, Title, Year, MDate, Key, DOI) VALUES (3179, 'LogCLEF 2009: The CLEF 2009 Multilingual Logfile Analysis Track Overview.', 2009, '2017-11-15', 'conf/clef/MandlANYMDS09', 'https://doi.org/10.1007/978-3-642-15754-7_62');
INSERT INTO Write (AuthorID, PaperID) VALUES (5, 3179);
INSERT INTO Paper (PaperID, Title, Year, MDate, Key, DOI) VALUES (3245, 'LogCLEF 2010: the CLEF 2010 Multilingual Logfile Analysis Track Overview.', 2010, '2017-11-16', 'conf/clef/MandlNS10', 'http://www.clef-initiative.eu/documents/71612/86374/CLEF2010wn-LogCLEF-MandlEt2010.pdf');
INSERT INTO Write (AuthorID, PaperID) VALUES (5, 3245);
INSERT INTO Paper (PaperID, Title, Year, MDate, Key, DOI) VALUES (3355, 'Patent Retrieval Experiments in the Context of the CLEF IP Track 2009.', 2009, '2017-11-15', 'conf/clef/BecksWMK09', 'https://doi.org/10.1007/978-3-642-15754-7_59');
INSERT INTO Write (AuthorID, PaperID) VALUES (5, 3355);
INSERT INTO Paper (PaperID, Title, Year, MDate, Key, DOI) VALUES (3490, 'CLEF 2008: Ad Hoc Track Overview.', 2008, '2018-11-14', 'conf/clef/AgirreNFMP08', 'https://www.wikidata.org/entity/Q57400833');
INSERT INTO Write (AuthorID, PaperID) VALUES (5, 3490);
INSERT INTO Paper (PaperID, Title, Year, MDate, Key, DOI) VALUES (3521, 'GeoCLEF 2007: the CLEF 2007 Cross-Language Geographic Information Retrieval Track Overview.', 2007, '2017-11-15', 'conf/clef/MandlGNFLSSWX07a', 'http://ceur-ws.org/Vol-1173/CLEF2007wn-GeoCLEF-MandlEt2007.pdf');
INSERT INTO Write (AuthorID, PaperID) VALUES (5, 3521);
INSERT INTO Author (AuthorID, Name) VALUES (6, 'Fernando Llopis');
INSERT INTO Paper (PaperID, Title, Year, MDate, Key, DOI) VALUES (13, 'University of Alicante at the CLEF 2005 WebCLEF Track.', 2005, '2018-08-09', 'conf/clef/MartinezNML05', 'https://doi.org/10.1007/11878773_94');
INSERT INTO Write (AuthorID, PaperID) VALUES (6, 13);
INSERT INTO Paper (PaperID, Title, Year, MDate, Key, DOI) VALUES (47, 'Bilingual and Multilingual Experiments with the IR-n System.', 2005, '2018-08-09', 'conf/clef/NogueraLMTCSR05a', 'http://ceur-ws.org/Vol-1171/CLEF2005wn-adhoc-NogueraEt2005.pdf');
INSERT INTO Write (AuthorID, PaperID) VALUES (6, 47);
INSERT INTO Paper (PaperID, Title, Year, MDate, Key, DOI) VALUES (49, 'IR-n in the CLEF Robust WSD Task 2008.', 2008, '2018-11-14', 'conf/clef/NavarroLM08', 'https://www.wikidata.org/entity/Q57712973');
INSERT INTO Write (AuthorID, PaperID) VALUES (6, 49);
INSERT INTO Paper (PaperID, Title, Year, MDate, Key, DOI) VALUES (95, 'Evaluation of Complex Temporal Questions in CLEF-QA.', 2004, '2018-08-09', 'conf/clef/SaqueteGMML05', 'https://doi.org/10.1007/11519645_58');
INSERT INTO Write (AuthorID, PaperID) VALUES (6, 95);
INSERT INTO Paper (PaperID, Title, Year, MDate, Key, DOI) VALUES (151, 'AliQAn, Spanish QA System at CLEF-2005.', 2005, '2017-05-24', 'conf/clef/RogerFFPLAT05', 'https://doi.org/10.1007/11878773_51');
INSERT INTO Write (AuthorID, PaperID) VALUES (6, 151);
INSERT INTO Paper (PaperID, Title, Year, MDate, Key, DOI) VALUES (159, 'Question Answering in Spanish.', 2003, '2018-08-09', 'conf/clef/GonzalezILM03a', 'http://ceur-ws.org/Vol-1169/CLEF2003wn-QACLEF-VicedoEt2003.pdf');
INSERT INTO Write (AuthorID, PaperID) VALUES (6, 159);
INSERT INTO Paper (PaperID, Title, Year, MDate, Key, DOI) VALUES (171, 'IR-n System at CLEF-2002.', 2002, '2017-06-02', 'conf/clef/LlopisGF02', 'https://doi.org/10.1007/978-3-540-45237-9_24');
INSERT INTO Write (AuthorID, PaperID) VALUES (6, 171);
INSERT INTO Paper (PaperID, Title, Year, MDate, Key, DOI) VALUES (174, 'Spoken Document Retrieval Experiments with IR-n System.', 2003, '2014-08-15', 'conf/clef/LlopisM03b', 'http://ceur-ws.org/Vol-1169/CLEF2003wn-CLSR-LlopisEt2003.pdf');
INSERT INTO Write (AuthorID, PaperID) VALUES (6, 174);
INSERT INTO Paper (PaperID, Title, Year, MDate, Key, DOI) VALUES (176, 'Applying Query Expansion Techniques to Ad Hoc Monolingual tasks with the IR-n system.', 2007, '2014-09-23', 'conf/clef/NogueraL07a', 'http://ceur-ws.org/Vol-1173/CLEF2007wn-adhoc-NogueraEt2007.pdf');
INSERT INTO Write (AuthorID, PaperID) VALUES (6, 176);
INSERT INTO Paper (PaperID, Title, Year, MDate, Key, DOI) VALUES (207, 'Web Track for CLEF2005 at Alicante University.', 2005, '2018-08-09', 'conf/clef/MartinezNML05a', 'http://ceur-ws.org/Vol-1171/CLEF2005wn-WebCLEF-MartinezEt2005.pdf');
INSERT INTO Write (AuthorID, PaperID) VALUES (6, 207);
INSERT INTO Paper (PaperID, Title, Year, MDate, Key, DOI) VALUES (389, 'Evaluating Fusion Techniques at Different Domains in ImageCLEF Subtasks.', 2009, '2018-08-09', 'conf/clef/NavarroML09a', 'http://ceur-ws.org/Vol-1175/CLEF2009wn-ImageCLEF-NavarroEt2009.pdf');
INSERT INTO Write (AuthorID, PaperID) VALUES (6, 389);
INSERT INTO Paper (PaperID, Title, Year, MDate, Key, DOI) VALUES (391, 'iCLEF at Universities of Alicante and Jaen.', 2002, '2016-10-07', 'conf/clef/LlopisFGDS02', 'http://ceur-ws.org/Vol-1168/CLEF2002wn-iCLEF-LlopisEt2002.pdf');
INSERT INTO Write (AuthorID, PaperID) VALUES (6, 391);
INSERT INTO Paper (PaperID, Title, Year, MDate, Key, DOI) VALUES (471, 'Applying Query Expansion Techniques to Ad Hoc Monolingual Tasks with the IR-n System.', 2007, '2017-05-24', 'conf/clef/NogueraL07', 'https://doi.org/10.1007/978-3-540-85760-0_5');
INSERT INTO Write (AuthorID, PaperID) VALUES (6, 471);
INSERT INTO Paper (PaperID, Title, Year, MDate, Key, DOI) VALUES (548, 'The University of Alicante at GeoCLEF 2005.', 2005, '2018-08-09', 'conf/clef/FerrandezKTNMML05a', 'http://ceur-ws.org/Vol-1171/CLEF2005wn-GeoCLEF-FerrandezEt2005.pdf');
INSERT INTO Write (AuthorID, PaperID) VALUES (6, 548);
INSERT INTO Paper (PaperID, Title, Year, MDate, Key, DOI) VALUES (653, 'Does English Help Question Answering in Spanish?.', 2004, '2017-06-02', 'conf/clef/GonzalezSIL05', 'https://doi.org/10.1007/11519645_54');
INSERT INTO Write (AuthorID, PaperID) VALUES (6, 653);
INSERT INTO Paper (PaperID, Title, Year, MDate, Key, DOI) VALUES (705, 'Information Retrieval of Visual Descriptions with IR-n System based on Passages.', 2007, '2014-09-23', 'conf/clef/NavarroLGN07a', 'http://ceur-ws.org/Vol-1173/CLEF2007wn-ImageCLEF-NavarroEt2007.pdf');
INSERT INTO Write (AuthorID, PaperID) VALUES (6, 705);
INSERT INTO Paper (PaperID, Title, Year, MDate, Key, DOI) VALUES (751, 'IR-n r2: Using Normalized Passages.', 2004, '2018-08-09', 'conf/clef/LlopisMTN04', 'http://ceur-ws.org/Vol-1170/CLEF2004wn-adhoc-LlopisEt2004.pdf');
INSERT INTO Write (AuthorID, PaperID) VALUES (6, 751);
INSERT INTO Paper (PaperID, Title, Year, MDate, Key, DOI) VALUES (755, 'Monolingual and Cross-Lingual QA Using AliQAn and BRILI Systems for CLEF 2006.', 2006, '2017-05-24', 'conf/clef/FerrandezLRFPANL06', 'https://doi.org/10.1007/978-3-540-74999-8_53');
INSERT INTO Write (AuthorID, PaperID) VALUES (6, 755);
INSERT INTO Paper (PaperID, Title, Year, MDate, Key, DOI) VALUES (788, 'How much Context do you need? An Experiment about Context Size in Interactive Cross-language Question Answering.', 2005, '2014-08-15', 'conf/clef/NavarroMNVLM05a', 'http://ceur-ws.org/Vol-1171/CLEF2005wn-iCLEF-NavarroEt2005.pdf');
INSERT INTO Write (AuthorID, PaperID) VALUES (6, 788);
INSERT INTO Paper (PaperID, Title, Year, MDate, Key, DOI) VALUES (810, 'Passage Retrieval vs. Document Retrieval in the Monolingual Task with the IR-n System.', 2006, '2014-08-15', 'conf/clef/NogueraL06a', 'http://ceur-ws.org/Vol-1172/CLEF2006wn-adhoc-NogueraEt2006.pdf');
INSERT INTO Write (AuthorID, PaperID) VALUES (6, 810);
INSERT INTO Paper (PaperID, Title, Year, MDate, Key, DOI) VALUES (873, 'Improving Interaction with the User in Cross-Language Question Answering through Relevant Domains and Syntactic Semantic Patterns.', 2004, '2014-08-15', 'conf/clef/NavarroMVLMV04', 'http://ceur-ws.org/Vol-1170/CLEF2004wn-iCLEF-NavarroEt2004.pdf');
INSERT INTO Write (AuthorID, PaperID) VALUES (6, 873);
INSERT INTO Paper (PaperID, Title, Year, MDate, Key, DOI) VALUES (997, 'Comparing Syntactic-Semantic Patterns and Passages in Interactive Cross Language Information Access (iCLEF at University of Alicante).', 2003, '2017-06-02', 'conf/clef/NavarroLV03', 'https://doi.org/10.1007/978-3-540-30222-3_44');
INSERT INTO Write (AuthorID, PaperID) VALUES (6, 997);
INSERT INTO Paper (PaperID, Title, Year, MDate, Key, DOI) VALUES (1154, '"How Much Context Do You Need?": An Experiment About the Context Size in Interactive Cross-Language Question Answering.', 2005, '2017-06-02', 'conf/clef/NavarroMNVLM05', 'https://doi.org/10.1007/11878773_32');
INSERT INTO Write (AuthorID, PaperID) VALUES (6, 1154);
INSERT INTO Paper (PaperID, Title, Year, MDate, Key, DOI) VALUES (1291, 'AliQAn, Spanish QA System at CLEF-2005.', 2005, '2014-08-15', 'conf/clef/0001FFPLAT05', 'http://ceur-ws.org/Vol-1171/CLEF2005wn-QACLEF-RogerEt2005.pdf');
INSERT INTO Write (AuthorID, PaperID) VALUES (6, 1291);
INSERT INTO Paper (PaperID, Title, Year, MDate, Key, DOI) VALUES (1314, 'Comparing Syntactic Semantic Patterns and Passages in Interactive Cross Language Information Access (iCLEF at University of Alicante).', 2003, '2014-08-15', 'conf/clef/NavarroLV03a', 'http://ceur-ws.org/Vol-1169/CLEF2003wn-iCLEF-NavarroEt2003.pdf');
INSERT INTO Write (AuthorID, PaperID) VALUES (6, 1314);
INSERT INTO Paper (PaperID, Title, Year, MDate, Key, DOI) VALUES (1345, 'Spoken Document Retrieval Experiments with IR-n System.', 2003, '2017-06-02', 'conf/clef/LlopisM03a', 'https://doi.org/10.1007/978-3-540-30222-3_64');
INSERT INTO Write (AuthorID, PaperID) VALUES (6, 1345);
INSERT INTO Write (AuthorID, PaperID) VALUES (6, 1368);
INSERT INTO Paper (PaperID, Title, Year, MDate, Key, DOI) VALUES (1420, 'Combining Passages in the Monolingual Task with the IR-n System.', 2005, '2017-06-02', 'conf/clef/LlopisN05', 'https://doi.org/10.1007/11878773_23');
INSERT INTO Write (AuthorID, PaperID) VALUES (6, 1420);
INSERT INTO Write (AuthorID, PaperID) VALUES (6, 1443);
INSERT INTO Paper (PaperID, Title, Year, MDate, Key, DOI) VALUES (1591, 'A Multimodal Approach to the Medical Retrieval Task using IR-n.', 2008, '2018-08-09', 'conf/clef/NavarroML08', 'http://ceur-ws.org/Vol-1174/CLEF2008wn-ImageCLEF-NavarroEt2008c.pdf');
INSERT INTO Write (AuthorID, PaperID) VALUES (6, 1591);
INSERT INTO Paper (PaperID, Title, Year, MDate, Key, DOI) VALUES (1695, 'IR-n: A Passage Retrieval System at CLEF-2001.', 2001, '2017-06-02', 'conf/clef/LlopisG01', 'https://doi.org/10.1007/3-540-45691-0_22');
INSERT INTO Write (AuthorID, PaperID) VALUES (6, 1695);
INSERT INTO Paper (PaperID, Title, Year, MDate, Key, DOI) VALUES (1809, 'Question Answering in Spanish.', 2003, '2018-08-09', 'conf/clef/GonzalezILM03', 'https://doi.org/10.1007/978-3-540-30222-3_52');
INSERT INTO Write (AuthorID, PaperID) VALUES (6, 1809);
INSERT INTO Paper (PaperID, Title, Year, MDate, Key, DOI) VALUES (2058, 'The University of Alicante at CL-SR Track.', 2005, '2018-08-09', 'conf/clef/TerolPMLMN05a', 'http://ceur-ws.org/Vol-1171/CLEF2005wn-CLSR-TerolEt2005.pdf');
INSERT INTO Write (AuthorID, PaperID) VALUES (6, 2058);
INSERT INTO Paper (PaperID, Title, Year, MDate, Key, DOI) VALUES (2192, 'AliQAn and BRILI QA Systems at CLEF 2006.', 2006, '2014-08-15', 'conf/clef/FerrandezL0FPANL06', 'http://ceur-ws.org/Vol-1172/CLEF2006wn-QACLEF-FerrandezEt2006.pdf');
INSERT INTO Write (AuthorID, PaperID) VALUES (6, 2192);
INSERT INTO Paper (PaperID, Title, Year, MDate, Key, DOI) VALUES (2302, 'University of Alicante at GeoCLEF 2005.', 2005, '2018-08-09', 'conf/clef/FerrandezKTNMML05', 'https://doi.org/10.1007/11878773_103');
INSERT INTO Write (AuthorID, PaperID) VALUES (6, 2302);
INSERT INTO Write (AuthorID, PaperID) VALUES (6, 2429);
INSERT INTO Paper (PaperID, Title, Year, MDate, Key, DOI) VALUES (2641, 'Improving Interaction with the User in Cross-Language Question Answering Through Relevant Domains and Syntactic Semantic Patterns.', 2004, '2017-06-02', 'conf/clef/NavarroMVLMV05', 'https://doi.org/10.1007/11519645_34');
INSERT INTO Write (AuthorID, PaperID) VALUES (6, 2641);
INSERT INTO Paper (PaperID, Title, Year, MDate, Key, DOI) VALUES (2794, 'Different Multimodal Approaches using IR-n in ImageCLEFphoto 2008.', 2008, '2018-08-09', 'conf/clef/NavarroLM08a', 'http://ceur-ws.org/Vol-1174/CLEF2008wn-ImageCLEF-NavarroEt2008a.pdf');
INSERT INTO Write (AuthorID, PaperID) VALUES (6, 2794);
INSERT INTO Paper (PaperID, Title, Year, MDate, Key, DOI) VALUES (2882, 'Universities of Alicante and Jaen at iCLEF.', 2002, '2017-06-02', 'conf/clef/LlopisGFDS02', 'https://doi.org/10.1007/978-3-540-45237-9_35');
INSERT INTO Write (AuthorID, PaperID) VALUES (6, 2882);
INSERT INTO Paper (PaperID, Title, Year, MDate, Key, DOI) VALUES (2917, 'Combining Passages in the Monolingual Task with the IR-n System.', 2005, '2014-08-15', 'conf/clef/LlopisN05a', 'http://ceur-ws.org/Vol-1171/CLEF2005wn-adhoc-LlopisEt2005.pdf');
INSERT INTO Write (AuthorID, PaperID) VALUES (6, 2917);
INSERT INTO Paper (PaperID, Title, Year, MDate, Key, DOI) VALUES (3040, 'IR-n r2: Using Normalized Passages.', 2004, '2018-08-09', 'conf/clef/LlopisMTN05', 'https://doi.org/10.1007/11519645_9');
INSERT INTO Write (AuthorID, PaperID) VALUES (6, 3040);
INSERT INTO Paper (PaperID, Title, Year, MDate, Key, DOI) VALUES (3099, 'IRn in the CLEF Robust WSD Task 2008.', 2008, '2018-08-09', 'conf/clef/NavarroLM08b', 'http://ceur-ws.org/Vol-1174/CLEF2008wn-adhoc-NavarroEt2008.pdf');
INSERT INTO Write (AuthorID, PaperID) VALUES (6, 3099);
INSERT INTO Paper (PaperID, Title, Year, MDate, Key, DOI) VALUES (3110, 'Diversity Promotion: Is Reordering Top-Ranked Documents Sufficient?', 2009, '2018-11-14', 'conf/clef/NavarroML09', 'https://www.wikidata.org/entity/Q57712963');
INSERT INTO Write (AuthorID, PaperID) VALUES (6, 3110);
INSERT INTO Paper (PaperID, Title, Year, MDate, Key, DOI) VALUES (3161, 'IR-n System at Clef 2002.', 2002, '2016-12-16', 'conf/clef/LlopisGF02a', 'http://ceur-ws.org/Vol-1168/CLEF2002wn-adhoc-LlopisEt2002.pdf');
INSERT INTO Write (AuthorID, PaperID) VALUES (6, 3161);
INSERT INTO Paper (PaperID, Title, Year, MDate, Key, DOI) VALUES (3192, 'Passage Retrieval vs. Document Retrieval in the CLEF 2006 Ad Hoc Monolingual Tasks with the IR-n System.', 2006, '2017-06-02', 'conf/clef/NogueraL06', 'https://doi.org/10.1007/978-3-540-74999-8_8');
INSERT INTO Write (AuthorID, PaperID) VALUES (6, 3192);
INSERT INTO Paper (PaperID, Title, Year, MDate, Key, DOI) VALUES (3212, 'Cross-Language Experiments with the IR-n System.', 2003, '2018-08-09', 'conf/clef/LlopisM03', 'https://doi.org/10.1007/978-3-540-30222-3_11');
INSERT INTO Write (AuthorID, PaperID) VALUES (6, 3212);
INSERT INTO Paper (PaperID, Title, Year, MDate, Key, DOI) VALUES (3309, 'A Textual Approach Based on Passages Using IR-n in WikipediaMM Task 2008.', 2008, '2018-08-09', 'conf/clef/NavarroML08a', 'http://ceur-ws.org/Vol-1174/CLEF2008wn-ImageCLEF-NavarroEt2008e.pdf');
INSERT INTO Write (AuthorID, PaperID) VALUES (6, 3309);
INSERT INTO Paper (PaperID, Title, Year, MDate, Key, DOI) VALUES (3328, 'The University of Alicante at CL-SR Track.', 2005, '2018-08-09', 'conf/clef/TerolPMLMN05', 'https://doi.org/10.1007/11878773_84');
INSERT INTO Write (AuthorID, PaperID) VALUES (6, 3328);
INSERT INTO Paper (PaperID, Title, Year, MDate, Key, DOI) VALUES (3387, 'IR-n, a Passage Retrieval System from University of Alicante, at Clef 2001.', 2001, '2014-08-15', 'conf/clef/LlopisG01a', 'http://ceur-ws.org/Vol-1167/CLEF2001wn-adhoc-LlopisEt2001.pdf');
INSERT INTO Write (AuthorID, PaperID) VALUES (6, 3387);
INSERT INTO Paper (PaperID, Title, Year, MDate, Key, DOI) VALUES (3454, 'Bilingual and Multilingual Experiments with the IR-n System.', 2005, '2018-08-09', 'conf/clef/NogueraLMTCSR05', 'https://doi.org/10.1007/11878773_8');
INSERT INTO Write (AuthorID, PaperID) VALUES (6, 3454);
INSERT INTO Paper (PaperID, Title, Year, MDate, Key, DOI) VALUES (3466, 'A Textual-Based Similarity Approach for Efficient and Scalable External Plagiarism Analysis - Lab Report for PAN at CLEF 2010.', 2010, '2018-08-09', 'conf/clef/MicolFLM10', 'http://www.clef-initiative.eu/documents/71612/86374/CLEF2010wn-PAN-MicolEt2010.pdf');
INSERT INTO Write (AuthorID, PaperID) VALUES (6, 3466);
INSERT INTO Paper (PaperID, Title, Year, MDate, Key, DOI) VALUES (3471, 'Cross-Language Experiments with IR-n System.', 2003, '2018-08-09', 'conf/clef/LlopisM03c', 'http://ceur-ws.org/Vol-1169/CLEF2003wn-adhoc-LlopisEt2003.pdf');
INSERT INTO Write (AuthorID, PaperID) VALUES (6, 3471);
INSERT INTO Paper (PaperID, Title, Year, MDate, Key, DOI) VALUES (3476, 'Analysing an Approach to Information Retrieval of Visual Descriptions with IR-n, a System Based on Passages.', 2007, '2017-06-02', 'conf/clef/NavarroLGN07', 'https://doi.org/10.1007/978-3-540-85760-0_65');
INSERT INTO Write (AuthorID, PaperID) VALUES (6, 3476);
INSERT INTO Author (AuthorID, Name) VALUES (7, 'Julio Gonzalo');
INSERT INTO Paper (PaperID, Title, Year, MDate, Key, DOI) VALUES (84, 'CLEF MC2 2018 Lab Technical Overview of Cross Language Microblog Search and Argumentative Mining.', 2018, '2018-08-08', 'conf/clef/CossuGHHLS18', 'http://ceur-ws.org/Vol-2125/invited_paper_7.pdf');
INSERT INTO Write (AuthorID, PaperID) VALUES (7, 84);
INSERT INTO Paper (PaperID, Title, Year, MDate, Key, DOI) VALUES (196, 'Are Users Willing to Search Cross-Language? An Experiment with the Flickr Image Sharing Repository.', 2006, '2014-08-15', 'conf/clef/ArtilesGLP06a', 'http://ceur-ws.org/Vol-1172/CLEF2006wn-iCLEF-ArtilesEt2006.pdf');
INSERT INTO Write (AuthorID, PaperID) VALUES (7, 196);
INSERT INTO Paper (PaperID, Title, Year, MDate, Key, DOI) VALUES (210, 'Overview of iCLEF 2009: Exploring Search Behaviour in a Multilingual Folksonomy Environment.', 2009, '2017-11-06', 'conf/clef/GonzaloPCK09', 'https://doi.org/10.1007/978-3-642-15751-6_2');
INSERT INTO Write (AuthorID, PaperID) VALUES (7, 210);
INSERT INTO Write (AuthorID, PaperID) VALUES (7, 299);
INSERT INTO Paper (PaperID, Title, Year, MDate, Key, DOI) VALUES (361, 'Noun Phrase Translations for Cross-Language Document Selection.', 2001, '2017-06-02', 'conf/clef/Lopez-OsteneroGPV01', 'https://doi.org/10.1007/3-540-45691-0_31');
INSERT INTO Write (AuthorID, PaperID) VALUES (7, 361);
INSERT INTO Paper (PaperID, Title, Year, MDate, Key, DOI) VALUES (432, 'UNED at iCLEF 2008: Analysis of a Large Log of Multilingual Image Searches in Flickr.', 2008, '2014-09-29', 'conf/clef/PeinadoGAL08a', 'http://ceur-ws.org/Vol-1174/CLEF2008wn-iCLEF-PeinadoEt2008b.pdf');
INSERT INTO Write (AuthorID, PaperID) VALUES (7, 432);
INSERT INTO Paper (PaperID, Title, Year, MDate, Key, DOI) VALUES (485, 'UNED at iCLEF 2005: Automatic Highlighting of Potential Answers.', 2005, '2017-05-24', 'conf/clef/PeinadoLGV05', 'https://doi.org/10.1007/11878773_33');
INSERT INTO Write (AuthorID, PaperID) VALUES (7, 485);
INSERT INTO Paper (PaperID, Title, Year, MDate, Key, DOI) VALUES (505, 'Overview of RepLab 2014: Author Profiling and Reputation Dimensions for Online Reputation Management.', 2014, '2014-09-10', 'conf/clef/AmigoACCGMS14', 'http://ceur-ws.org/Vol-1180/CLEF2014wn-Rep-AmigoEt2014.pdf');
INSERT INTO Write (AuthorID, PaperID) VALUES (7, 505);
INSERT INTO Paper (PaperID, Title, Year, MDate, Key, DOI) VALUES (508, 'FlickLing: a Multilingual Search Interface for Flickr.', 2008, '2014-09-29', 'conf/clef/PeinadoAGBL08', 'http://ceur-ws.org/Vol-1174/CLEF2008wn-iCLEF-PeinadoEt2008a.pdf');
INSERT INTO Write (AuthorID, PaperID) VALUES (7, 508);
INSERT INTO Paper (PaperID, Title, Year, MDate, Key, DOI) VALUES (543, 'iCLEF 2006 Overview: Searching the Flickr WWW Photo-Sharing Repository.', 2006, '2014-09-10', 'conf/clef/GonzaloKC06', 'http://ceur-ws.org/Vol-1172/CLEF2006wn-iCLEF-GonzaloEt2006.pdf');
INSERT INTO Write (AuthorID, PaperID) VALUES (7, 543);
INSERT INTO Paper (PaperID, Title, Year, MDate, Key, DOI) VALUES (544, 'iCLEF 2006 Overview: Searching the Flickr WWW Photo-Sharing Repository.', 2006, '2017-05-24', 'conf/clef/KarlgrenGC06', 'https://doi.org/10.1007/978-3-540-74999-8_27');
INSERT INTO Write (AuthorID, PaperID) VALUES (7, 544);
INSERT INTO Paper (PaperID, Title, Year, MDate, Key, DOI) VALUES (627, 'UNED@ImageCLEF 2004: Using Image Captions Structure and Noun Phrase Based Query Expansion for Cross-Language Image Caption Retrieval.', 2004, '2014-08-15', 'conf/clef/PeinadoALGV04', 'http://ceur-ws.org/Vol-1170/CLEF2004wn-ImageCLEF-PeinadoEt2004.pdf');
INSERT INTO Write (AuthorID, PaperID) VALUES (7, 627);
INSERT INTO Write (AuthorID, PaperID) VALUES (7, 780);
INSERT INTO Paper (PaperID, Title, Year, MDate, Key, DOI) VALUES (801, 'Are Users Willing to Search Cross-Language? An Experiment with the Flickr Image Sharing Repository.', 2006, '2017-05-24', 'conf/clef/ArtilesGLP06', 'https://doi.org/10.1007/978-3-540-74999-8_28');
INSERT INTO Write (AuthorID, PaperID) VALUES (7, 801);
INSERT INTO Paper (PaperID, Title, Year, MDate, Key, DOI) VALUES (825, 'The CLEF 2002 Interactive Track.', 2002, '2014-08-15', 'conf/clef/OardG02', 'http://ceur-ws.org/Vol-1168/CLEF2002wn-iCLEF-OardEt2002.pdf');
INSERT INTO Write (AuthorID, PaperID) VALUES (7, 825);
INSERT INTO Paper (PaperID, Title, Year, MDate, Key, DOI) VALUES (894, 'Overview of the CLEF 2005 Interactive Track.', 2005, '2017-05-24', 'conf/clef/GonzaloCV05', 'https://doi.org/10.1007/11878773_30');
INSERT INTO Write (AuthorID, PaperID) VALUES (7, 894);
INSERT INTO Paper (PaperID, Title, Year, MDate, Key, DOI) VALUES (1003, 'UNED at WebCLEF 2005.', 2005, '2017-06-02', 'conf/clef/ArtilesPPGV05', 'https://doi.org/10.1007/11878773_98');
INSERT INTO Write (AuthorID, PaperID) VALUES (7, 1003);
INSERT INTO Paper (PaperID, Title, Year, MDate, Key, DOI) VALUES (1062, 'UNED at ImageCLEF 2004: Detecting Named Entities and Noun Phrases for Automatic Query Expansion and Structuring.', 2004, '2017-05-24', 'conf/clef/PeinadoALGV05', 'https://doi.org/10.1007/11519645_63');
INSERT INTO Write (AuthorID, PaperID) VALUES (7, 1062);
INSERT INTO Paper (PaperID, Title, Year, MDate, Key, DOI) VALUES (1081, 'UNED at RepLab 2012: Monitoring Task.', 2012, '2014-09-24', 'conf/clef/Martin-WantonSAG12', 'http://www.clef-initiative.eu/documents/71612/1bc918a9-f8ad-461e-8e7b-704057eec2c3');
INSERT INTO Write (AuthorID, PaperID) VALUES (7, 1081);
INSERT INTO Paper (PaperID, Title, Year, MDate, Key, DOI) VALUES (1311, 'iCLEF 2004 Track Overview: Pilot Experiments in Interactive Cross-Language Question Answering.', 2004, '2017-05-24', 'conf/clef/GonzaloO05', 'https://doi.org/10.1007/11519645_32');
INSERT INTO Write (AuthorID, PaperID) VALUES (7, 1311);
INSERT INTO Paper (PaperID, Title, Year, MDate, Key, DOI) VALUES (1461, 'The CLEF 2001 Interactive Track.', 2001, '2017-05-24', 'conf/clef/OardG01', 'https://doi.org/10.1007/3-540-45691-0_30');
INSERT INTO Write (AuthorID, PaperID) VALUES (7, 1461);
INSERT INTO Paper (PaperID, Title, Year, MDate, Key, DOI) VALUES (1495, 'Interactive Cross-Language Searching: Phrases are Better than Terms for Query Formulation and Refinement.', 2002, '2014-08-15', 'conf/clef/Lopez-OsteneroGPV02a', 'http://ceur-ws.org/Vol-1168/CLEF2002wn-iCLEF-LopezOsteneroEt2002.pdf');
INSERT INTO Write (AuthorID, PaperID) VALUES (7, 1495);
INSERT INTO Paper (PaperID, Title, Year, MDate, Key, DOI) VALUES (1506, 'UNED at iCLEF 2003: Searching Cross-Language Summaries.', 2003, '2017-05-24', 'conf/clef/Lopez-OsteneroGV03', 'https://doi.org/10.1007/978-3-540-30222-3_43');
INSERT INTO Write (AuthorID, PaperID) VALUES (7, 1506);
INSERT INTO Paper (PaperID, Title, Year, MDate, Key, DOI) VALUES (1518, 'A Comparison of Evaluation Metrics for Document Filtering.', 2011, '2017-05-24', 'conf/clef/AmigoGV11', 'https://doi.org/10.1007/978-3-642-23708-9_6');
INSERT INTO Write (AuthorID, PaperID) VALUES (7, 1518);
INSERT INTO Paper (PaperID, Title, Year, MDate, Key, DOI) VALUES (1620, 'Analysis of Multilingual Image Search Logs: Users'' Behavior and Search Strategies.', 2009, '2017-05-24', 'conf/clef/PeinadoLG09', 'https://doi.org/10.1007/978-3-642-15751-6_3');
INSERT INTO Write (AuthorID, PaperID) VALUES (7, 1620);
INSERT INTO Paper (PaperID, Title, Year, MDate, Key, DOI) VALUES (1663, 'Overview of iCLEF 2008: Search Log Analysis for Multilingual Image Retrieval.', 2008, '2017-11-06', 'conf/clef/GonzaloCK08', 'https://doi.org/10.1007/978-3-642-04447-2_29');
INSERT INTO Write (AuthorID, PaperID) VALUES (7, 1663);
INSERT INTO Paper (PaperID, Title, Year, MDate, Key, DOI) VALUES (1679, 'Overview of iCLEF 2009: Exploring Search Behaviour in a Multilingual Folksonomy Environment.', 2009, '2014-09-29', 'conf/clef/GonzaloPCK09a', 'http://ceur-ws.org/Vol-1175/CLEF2009wn-iCLEF-GonzaloEt2009.pdf');
INSERT INTO Write (AuthorID, PaperID) VALUES (7, 1679);
INSERT INTO Paper (PaperID, Title, Year, MDate, Key, DOI) VALUES (1754, 'WePS-3 Evaluation Campaign: Overview of the Web People Search Clustering and Attribute Extraction Tasks.', 2010, '2014-09-24', 'conf/clef/ArtilesBGSA10', 'http://www.clef-initiative.eu/documents/71612/86374/CLEF2010wn-WePS-ArtilesEt2010.pdf');
INSERT INTO Write (AuthorID, PaperID) VALUES (7, 1754);
INSERT INTO Write (AuthorID, PaperID) VALUES (7, 1896);
INSERT INTO Paper (PaperID, Title, Year, MDate, Key, DOI) VALUES (2081, 'Overview of iCLEF 2008: Search Log Analysis for Multilingual Image Retrieval.', 2008, '2014-09-29', 'conf/clef/GonzaloCK08a', 'http://ceur-ws.org/Vol-1174/CLEF2008wn-iCLEF-GonzaloEt2008.pdf');
INSERT INTO Write (AuthorID, PaperID) VALUES (7, 2081);
INSERT INTO Paper (PaperID, Title, Year, MDate, Key, DOI) VALUES (2093, 'Interactive Cross-Language Searching: Phrases Are Better than Terms of Query Formulation and Refinement.', 2002, '2017-06-02', 'conf/clef/Lopez-OsteneroGPV02', 'https://doi.org/10.1007/978-3-540-45237-9_37');
INSERT INTO Write (AuthorID, PaperID) VALUES (7, 2093);
INSERT INTO Paper (PaperID, Title, Year, MDate, Key, DOI) VALUES (2166, 'Overview of the CLEF 2005 Interactive Track.', 2005, '2014-09-10', 'conf/clef/GonzaloCV05a', 'http://ceur-ws.org/Vol-1171/CLEF2005wn-iCLEF-GonzaloEt2005.pdf');
INSERT INTO Write (AuthorID, PaperID) VALUES (7, 2166);
INSERT INTO Paper (PaperID, Title, Year, MDate, Key, DOI) VALUES (2344, 'UNED at iCLEF 2003: Searching Cross-Language Summaries.', 2003, '2014-08-15', 'conf/clef/Lopez-OsteneroGV03a', 'http://ceur-ws.org/Vol-1169/CLEF2003wn-iCLEF-LopezOsteneroEt2003.pdf');
INSERT INTO Write (AuthorID, PaperID) VALUES (7, 2344);
INSERT INTO Paper (PaperID, Title, Year, MDate, Key, DOI) VALUES (2401, 'Log Analysis of Multilingual Image Searches in Flickr.', 2008, '2017-05-24', 'conf/clef/PeinadoGAL08', 'https://doi.org/10.1007/978-3-642-04447-2_30');
INSERT INTO Write (AuthorID, PaperID) VALUES (7, 2401);
INSERT INTO Paper (PaperID, Title, Year, MDate, Key, DOI) VALUES (2467, 'Interactive Cross-Language Question Answering: Searching Passages versus Searching Documents.', 2004, '2014-08-15', 'conf/clef/Lopez-OsteneroGPV04', 'http://ceur-ws.org/Vol-1170/CLEF2004wn-iCLEF-LopezOsteneroEt2004.pdf');
INSERT INTO Write (AuthorID, PaperID) VALUES (7, 2467);
INSERT INTO Paper (PaperID, Title, Year, MDate, Key, DOI) VALUES (2485, 'Noun Phrase Translations for Cross-Language Document Selection.', 2001, '2014-08-15', 'conf/clef/Lopez-OsteneroGPV01a', 'http://ceur-ws.org/Vol-1167/CLEF2001wn-iCLEF-LopezOsteneroEt2001.pdf');
INSERT INTO Write (AuthorID, PaperID) VALUES (7, 2485);
INSERT INTO Write (AuthorID, PaperID) VALUES (7, 2648);
INSERT INTO Paper (PaperID, Title, Year, MDate, Key, DOI) VALUES (2707, 'Interactive Cross-Language Question Answering: Searching Passages Versus Searching Documents.', 2004, '2017-05-24', 'conf/clef/Lopez-OsteneroGPV05', 'https://doi.org/10.1007/11519645_33');
INSERT INTO Write (AuthorID, PaperID) VALUES (7, 2707);
INSERT INTO Paper (PaperID, Title, Year, MDate, Key, DOI) VALUES (2800, 'iCLEF 2004 Track Overview: Interactive Cross-Language Question Answering.', 2004, '2014-08-15', 'conf/clef/GonzaloO04', 'http://ceur-ws.org/Vol-1170/CLEF2004wn-iCLEF-GonzaloEt2004.pdf');
INSERT INTO Write (AuthorID, PaperID) VALUES (7, 2800);
INSERT INTO Paper (PaperID, Title, Year, MDate, Key, DOI) VALUES (2804, 'The CLEF 2003 Interactive Track.', 2003, '2017-05-24', 'conf/clef/OardG03', 'https://doi.org/10.1007/978-3-540-30222-3_41');
INSERT INTO Write (AuthorID, PaperID) VALUES (7, 2804);
INSERT INTO Paper (PaperID, Title, Year, MDate, Key, DOI) VALUES (2867, 'The CLEF 2002 Interactive Track.', 2002, '2017-05-24', 'conf/clef/GonzaloO02', 'https://doi.org/10.1007/978-3-540-45237-9_33');
INSERT INTO Write (AuthorID, PaperID) VALUES (7, 2867);
INSERT INTO Write (AuthorID, PaperID) VALUES (7, 2931);
INSERT INTO Paper (PaperID, Title, Year, MDate, Key, DOI) VALUES (2943, 'The CLEF 2003 Interactive Track.', 2003, '2014-08-15', 'conf/clef/OardG03a', 'http://ceur-ws.org/Vol-1169/CLEF2003wn-iCLEF-OardEt2003.pdf');
INSERT INTO Write (AuthorID, PaperID) VALUES (7, 2943);
INSERT INTO Paper (PaperID, Title, Year, MDate, Key, DOI) VALUES (2993, 'UNED at ImageCLEF 2005: Automatically Structured Queries with Named Entities over Metadata.', 2005, '2017-05-24', 'conf/clef/PeinadoLGV05a', 'https://doi.org/10.1007/11878773_64');
INSERT INTO Write (AuthorID, PaperID) VALUES (7, 2993);
INSERT INTO Paper (PaperID, Title, Year, MDate, Key, DOI) VALUES (3039, 'UNED Online Reputation Monitoring Team at RepLab 2013.', 2013, '2014-09-10', 'conf/clef/SpinaAMAGG13', 'http://ceur-ws.org/Vol-1179/CLEF2013wn-RepLab-SpinaEt2013.pdf');
INSERT INTO Write (AuthorID, PaperID) VALUES (7, 3039);
INSERT INTO Paper (PaperID, Title, Year, MDate, Key, DOI) VALUES (3096, 'WePS3 Evaluation Campaign: Overview of the On-line Reputation Management Task.', 2010, '2016-06-02', 'conf/clef/AmigoAGSLC10', 'http://www.clef-initiative.eu/documents/71612/86374/CLEF2010wn-WePS-Amig%C3%B2Et2010.pdf');
INSERT INTO Write (AuthorID, PaperID) VALUES (7, 3096);
INSERT INTO Paper (PaperID, Title, Year, MDate, Key, DOI) VALUES (3146, 'Language Resources in Cross-Language Text Retrieval: A CLEF Perspective.', 2000, '2017-05-24', 'conf/clef/Gonzalo00', 'https://doi.org/10.1007/3-540-44645-1_4');
INSERT INTO Write (AuthorID, PaperID) VALUES (7, 3146);
INSERT INTO Paper (PaperID, Title, Year, MDate, Key, DOI) VALUES (3242, 'UNED at ImageCLEF 2005: Automatically Structured Queries with Named Entities over Metadata.', 2005, '2014-08-15', 'conf/clef/PeinadoLG05', 'http://ceur-ws.org/Vol-1171/CLEF2005wn-ImageCLEF-PeinadoEt2005.pdf');
INSERT INTO Write (AuthorID, PaperID) VALUES (7, 3242);
INSERT INTO Paper (PaperID, Title, Year, MDate, Key, DOI) VALUES (3244, 'Filter Keywords and Majority Class Strategies for Company Name Disambiguation in Twitter.', 2011, '2017-06-02', 'conf/clef/SpinaAG11', 'https://doi.org/10.1007/978-3-642-23708-9_7');
INSERT INTO Write (AuthorID, PaperID) VALUES (7, 3244);
INSERT INTO Paper (PaperID, Title, Year, MDate, Key, DOI) VALUES (3259, 'UNED at iCLEF 2009: Analysis of Multilingual Image Search Sessions.', 2009, '2014-09-29', 'conf/clef/PeinadoLG09a', 'http://ceur-ws.org/Vol-1175/CLEF2009wn-iCLEF-PeinadoEt2009.pdf');
INSERT INTO Write (AuthorID, PaperID) VALUES (7, 3259);
INSERT INTO Paper (PaperID, Title, Year, MDate, Key, DOI) VALUES (3368, 'UNED at iCLEF 2005: Automatic Highlighting of Potential Answers.', 2005, '2014-08-15', 'conf/clef/PeinadoLGV05b', 'http://ceur-ws.org/Vol-1171/CLEF2005wn-iCLEF-PeinadoEt2005.pdf');
INSERT INTO Write (AuthorID, PaperID) VALUES (7, 3368);
