INSERT INTO Write (AuthorID, PaperID) VALUES (1495, 1828);
INSERT INTO Author (AuthorID, Name) VALUES (1496, 'Bob Planqu&eacute;');
INSERT INTO Write (AuthorID, PaperID) VALUES (1496, 569);
INSERT INTO Write (AuthorID, PaperID) VALUES (1496, 2209);
INSERT INTO Author (AuthorID, Name) VALUES (1497, 'Sebasti&aacute;n A. R&iacute;os');
INSERT INTO Write (AuthorID, PaperID) VALUES (1497, 568);
INSERT INTO Write (AuthorID, PaperID) VALUES (1497, 739);
INSERT INTO Author (AuthorID, Name) VALUES (1498, 'Adam Pawlowski');
INSERT INTO Paper (PaperID, Title, Year, MDate, Key, DOI) VALUES (290, 'Polish Monolingual Task within Cultural Heritage in CLEF (CHiC) 2013. Wroc800A#322;aw Runs.', 2013, '2014-09-10', 'conf/clef/Pawlowski13', 'http://ceur-ws.org/Vol-1179/CLEF2013wn-CHiC-Pawlowski2013.pdf');
INSERT INTO Write (AuthorID, PaperID) VALUES (1498, 290);
INSERT INTO Write (AuthorID, PaperID) VALUES (1498, 507);
INSERT INTO Author (AuthorID, Name) VALUES (1499, 'Jamie Callan');
INSERT INTO Write (AuthorID, PaperID) VALUES (1499, 607);
INSERT INTO Write (AuthorID, PaperID) VALUES (1499, 1536);
INSERT INTO Author (AuthorID, Name) VALUES (1500, 'Adamantios Minas');
INSERT INTO Write (AuthorID, PaperID) VALUES (1500, 2318);
INSERT INTO Write (AuthorID, PaperID) VALUES (1500, 2809);
INSERT INTO Author (AuthorID, Name) VALUES (1501, 'Ion Androutsopoulos');
INSERT INTO Paper (PaperID, Title, Year, MDate, Key, DOI) VALUES (683, 'Biomedical Question-focused Multi-document Summarization: ILSP and AUEB at BioASQ3.', 2015, '2015-09-03', 'conf/clef/MalakasiotisAAG15', 'http://ceur-ws.org/Vol-1391/70-CR.pdf');
INSERT INTO Write (AuthorID, PaperID) VALUES (1501, 683);
INSERT INTO Write (AuthorID, PaperID) VALUES (1501, 1279);
INSERT INTO Author (AuthorID, Name) VALUES (1502, 'Parisa Kordjamshidi');
INSERT INTO Write (AuthorID, PaperID) VALUES (1502, 742);
INSERT INTO Write (AuthorID, PaperID) VALUES (1502, 1944);
INSERT INTO Author (AuthorID, Name) VALUES (1503, 'Mark Kr&ouml;ll');
INSERT INTO Write (AuthorID, PaperID) VALUES (1503, 520);
INSERT INTO Write (AuthorID, PaperID) VALUES (1503, 3353);
INSERT INTO Author (AuthorID, Name) VALUES (1504, 'Ryo Izawa');
INSERT INTO Write (AuthorID, PaperID) VALUES (1504, 986);
INSERT INTO Write (AuthorID, PaperID) VALUES (1504, 2153);
INSERT INTO Author (AuthorID, Name) VALUES (1505, 'Douglas Teodoro');
INSERT INTO Write (AuthorID, PaperID) VALUES (1505, 2778);
INSERT INTO Write (AuthorID, PaperID) VALUES (1505, 3120);
INSERT INTO Author (AuthorID, Name) VALUES (1506, 'Indra Budi');
INSERT INTO Write (AuthorID, PaperID) VALUES (1506, 890);
INSERT INTO Write (AuthorID, PaperID) VALUES (1506, 1376);
INSERT INTO Author (AuthorID, Name) VALUES (1507, 'Marcelo Errecalde');
INSERT INTO Write (AuthorID, PaperID) VALUES (1507, 933);
INSERT INTO Write (AuthorID, PaperID) VALUES (1507, 1367);
INSERT INTO Author (AuthorID, Name) VALUES (1508, 'Ismail Fahmi');
INSERT INTO Write (AuthorID, PaperID) VALUES (1508, 115);
INSERT INTO Write (AuthorID, PaperID) VALUES (1508, 348);
INSERT INTO Author (AuthorID, Name) VALUES (1509, 'Kalina Bontcheva');
INSERT INTO Write (AuthorID, PaperID) VALUES (1509, 857);
INSERT INTO Paper (PaperID, Title, Year, MDate, Key, DOI) VALUES (3032, 'Reputation Profiling with GATE.', 2012, '2014-09-24', 'conf/clef/GreenwoodAB12', 'http://www.clef-initiative.eu/documents/71612/4899b9f8-6e21-4f55-9898-68346f1b8442');
INSERT INTO Write (AuthorID, PaperID) VALUES (1509, 3032);
INSERT INTO Author (AuthorID, Name) VALUES (1510, 'Pedro Salgueiro');
INSERT INTO Write (AuthorID, PaperID) VALUES (1510, 639);
INSERT INTO Write (AuthorID, PaperID) VALUES (1510, 2905);
INSERT INTO Author (AuthorID, Name) VALUES (1511, 'Erik Graf');
INSERT INTO Write (AuthorID, PaperID) VALUES (1511, 2550);
INSERT INTO Write (AuthorID, PaperID) VALUES (1511, 3338);
INSERT INTO Author (AuthorID, Name) VALUES (1512, 'Petr Baudis');
INSERT INTO Paper (PaperID, Title, Year, MDate, Key, DOI) VALUES (1750, 'Modeling of the Question Answering Task in the YodaQA System.', 2015, '2018-11-14', 'conf/clef/BaudisS15', 'https://www.wikidata.org/entity/Q32945480');
INSERT INTO Write (AuthorID, PaperID) VALUES (1512, 1750);
INSERT INTO Paper (PaperID, Title, Year, MDate, Key, DOI) VALUES (2646, 'Biomedical Question Answering using the YodaQA System: Prototype Notes.', 2015, '2015-09-03', 'conf/clef/BaudisS15a', 'http://ceur-ws.org/Vol-1391/131-CR.pdf');
INSERT INTO Write (AuthorID, PaperID) VALUES (1512, 2646);
INSERT INTO Author (AuthorID, Name) VALUES (1513, 'Pushpak Bhattacharyya');
INSERT INTO Write (AuthorID, PaperID) VALUES (1513, 2985);
INSERT INTO Write (AuthorID, PaperID) VALUES (1513, 3015);
INSERT INTO Author (AuthorID, Name) VALUES (1514, 'Pascha Iljin');
INSERT INTO Write (AuthorID, PaperID) VALUES (1514, 88);
INSERT INTO Write (AuthorID, PaperID) VALUES (1514, 609);
INSERT INTO Author (AuthorID, Name) VALUES (1515, 'Carmen Alvarez');
INSERT INTO Write (AuthorID, PaperID) VALUES (1515, 2181);
INSERT INTO Write (AuthorID, PaperID) VALUES (1515, 3408);
INSERT INTO Author (AuthorID, Name) VALUES (1516, 'Philipp Mayr');
INSERT INTO Write (AuthorID, PaperID) VALUES (1516, 2381);
INSERT INTO Write (AuthorID, PaperID) VALUES (1516, 2616);
INSERT INTO Author (AuthorID, Name) VALUES (1517, 'Hugo Jair Escalante Balderas');
INSERT INTO Write (AuthorID, PaperID) VALUES (1517, 71);
INSERT INTO Write (AuthorID, PaperID) VALUES (1517, 1044);
INSERT INTO Author (AuthorID, Name) VALUES (1518, 'Fabio Massimo Zanzotto');
INSERT INTO Paper (PaperID, Title, Year, MDate, Key, DOI) VALUES (1113, 'Experimenting a "General Purpose" Textual Entailment Learner in AVE.', 2006, '2014-08-15', 'conf/clef/ZanzottoM06a', 'http://ceur-ws.org/Vol-1172/CLEF2006wn-QACLEF-ZanzottoEt2006.pdf');
INSERT INTO Write (AuthorID, PaperID) VALUES (1518, 1113);
INSERT INTO Paper (PaperID, Title, Year, MDate, Key, DOI) VALUES (2097, 'Experimenting a "General Purpose" Textual Entailment Learner in AVE.', 2006, '2017-05-24', 'conf/clef/ZanzottoM06', 'https://doi.org/10.1007/978-3-540-74999-8_61');
INSERT INTO Write (AuthorID, PaperID) VALUES (1518, 2097);
INSERT INTO Author (AuthorID, Name) VALUES (1519, 'Shuai Liao');
INSERT INTO Write (AuthorID, PaperID) VALUES (1519, 279);
INSERT INTO Write (AuthorID, PaperID) VALUES (1519, 3292);
INSERT INTO Author (AuthorID, Name) VALUES (1520, 'El&iacute;as F. Combarro');
INSERT INTO Write (AuthorID, PaperID) VALUES (1520, 1244);
INSERT INTO Write (AuthorID, PaperID) VALUES (1520, 1683);
INSERT INTO Author (AuthorID, Name) VALUES (1521, 'Antti J&auml;rvelin');
INSERT INTO Write (AuthorID, PaperID) VALUES (1521, 344);
INSERT INTO Write (AuthorID, PaperID) VALUES (1521, 376);
INSERT INTO Author (AuthorID, Name) VALUES (1522, 'Mario Graff');
INSERT INTO Write (AuthorID, PaperID) VALUES (1522, 1256);
INSERT INTO Write (AuthorID, PaperID) VALUES (1522, 2393);
INSERT INTO Author (AuthorID, Name) VALUES (1523, 'Luc Plamondon');
INSERT INTO Write (AuthorID, PaperID) VALUES (1523, 889);
INSERT INTO Write (AuthorID, PaperID) VALUES (1523, 1927);
INSERT INTO Author (AuthorID, Name) VALUES (1524, 'Jo&atilde;o Figueira Silva');
INSERT INTO Write (AuthorID, PaperID) VALUES (1524, 2314);
INSERT INTO Write (AuthorID, PaperID) VALUES (1524, 2855);
INSERT INTO Author (AuthorID, Name) VALUES (1525, 'Gonzalo Le&oacute;n');
INSERT INTO Write (AuthorID, PaperID) VALUES (1525, 2007);
INSERT INTO Write (AuthorID, PaperID) VALUES (1525, 3254);
INSERT INTO Author (AuthorID, Name) VALUES (1526, 'Daniela Alderuccio');
INSERT INTO Write (AuthorID, PaperID) VALUES (1526, 165);
INSERT INTO Write (AuthorID, PaperID) VALUES (1526, 1061);
INSERT INTO Author (AuthorID, Name) VALUES (1527, 'Mehdy Eskandari');
INSERT INTO Write (AuthorID, PaperID) VALUES (1527, 1435);
INSERT INTO Write (AuthorID, PaperID) VALUES (1527, 2359);
INSERT INTO Author (AuthorID, Name) VALUES (1528, 'Christof M&uuml;ller');
INSERT INTO Write (AuthorID, PaperID) VALUES (1528, 8);
INSERT INTO Write (AuthorID, PaperID) VALUES (1528, 763);
INSERT INTO Author (AuthorID, Name) VALUES (1529, 'David Massey');
INSERT INTO Write (AuthorID, PaperID) VALUES (1529, 1043);
INSERT INTO Write (AuthorID, PaperID) VALUES (1529, 3481);
INSERT INTO Author (AuthorID, Name) VALUES (1530, 'David Cabrero Souto');
INSERT INTO Write (AuthorID, PaperID) VALUES (1530, 1935);
INSERT INTO Write (AuthorID, PaperID) VALUES (1530, 3070);
INSERT INTO Author (AuthorID, Name) VALUES (1531, 'Amal Alharbi');
INSERT INTO Write (AuthorID, PaperID) VALUES (1531, 1331);
INSERT INTO Write (AuthorID, PaperID) VALUES (1531, 1583);
INSERT INTO Author (AuthorID, Name) VALUES (1532, 'Fahad Najib');
INSERT INTO Write (AuthorID, PaperID) VALUES (1532, 1176);
INSERT INTO Write (AuthorID, PaperID) VALUES (1532, 1945);
INSERT INTO Author (AuthorID, Name) VALUES (1533, 'Mario Taschwer');
INSERT INTO Paper (PaperID, Title, Year, MDate, Key, DOI) VALUES (2669, 'AAUITEC at ImageCLEF 2015: Compound Figure Separation.', 2015, '2015-09-03', 'conf/clef/TaschwerM15', 'http://ceur-ws.org/Vol-1391/25-CR.pdf');
INSERT INTO Write (AuthorID, PaperID) VALUES (1533, 2669);
INSERT INTO Paper (PaperID, Title, Year, MDate, Key, DOI) VALUES (3268, 'Text-Based Medical Case Retrieval Using MeSH Ontology.', 2013, '2014-09-10', 'conf/clef/Taschwer13', 'http://ceur-ws.org/Vol-1179/CLEF2013wn-ImageCLEF-Taschwer2013.pdf');
INSERT INTO Write (AuthorID, PaperID) VALUES (1533, 3268);
INSERT INTO Author (AuthorID, Name) VALUES (1534, 'Iria da Cunha');
INSERT INTO Write (AuthorID, PaperID) VALUES (1534, 1739);
INSERT INTO Write (AuthorID, PaperID) VALUES (1534, 2069);
INSERT INTO Author (AuthorID, Name) VALUES (1535, 'Enrique Vidal 0001');
INSERT INTO Write (AuthorID, PaperID) VALUES (1535, 33);
INSERT INTO Write (AuthorID, PaperID) VALUES (1535, 82);
INSERT INTO Author (AuthorID, Name) VALUES (1536, 'Yansong Feng');
INSERT INTO Write (AuthorID, PaperID) VALUES (1536, 1658);
INSERT INTO Write (AuthorID, PaperID) VALUES (1536, 2284);
INSERT INTO Author (AuthorID, Name) VALUES (1537, 'Rui Hu');
INSERT INTO Write (AuthorID, PaperID) VALUES (1537, 648);
INSERT INTO Write (AuthorID, PaperID) VALUES (1537, 1173);
INSERT INTO Author (AuthorID, Name) VALUES (1538, 'Tony Valsamidis');
INSERT INTO Write (AuthorID, PaperID) VALUES (1538, 1797);
INSERT INTO Write (AuthorID, PaperID) VALUES (1538, 1931);
INSERT INTO Author (AuthorID, Name) VALUES (1539, 'Eero Sormunen');
INSERT INTO Write (AuthorID, PaperID) VALUES (1539, 2791);
INSERT INTO Write (AuthorID, PaperID) VALUES (1539, 2958);
INSERT INTO Author (AuthorID, Name) VALUES (1540, 'Mohamed Morchid');
INSERT INTO Paper (PaperID, Title, Year, MDate, Key, DOI) VALUES (328, 'INEX 2012 Benchmark a Semantic Space for Tweets Contextualization.', 2012, '2014-09-24', 'conf/clef/MorchidL12', 'http://www.clef-initiative.eu/documents/71612/6198ccf9-9024-41dd-b51e-eeb6c3c5a52d');
INSERT INTO Write (AuthorID, PaperID) VALUES (1540, 328);
INSERT INTO Write (AuthorID, PaperID) VALUES (1540, 2602);
INSERT INTO Author (AuthorID, Name) VALUES (1541, 'Matthias Becker 0005');
INSERT INTO Write (AuthorID, PaperID) VALUES (1541, 266);
INSERT INTO Write (AuthorID, PaperID) VALUES (1541, 783);
INSERT INTO Author (AuthorID, Name) VALUES (1542, 'Manuel J. Ma&ntilde;a L&oacute;pez');
INSERT INTO Write (AuthorID, PaperID) VALUES (1542, 2276);
INSERT INTO Write (AuthorID, PaperID) VALUES (1542, 3275);
INSERT INTO Author (AuthorID, Name) VALUES (1543, 'Karolin Nagel');
INSERT INTO Write (AuthorID, PaperID) VALUES (1543, 2463);
INSERT INTO Write (AuthorID, PaperID) VALUES (1543, 2899);
INSERT INTO Author (AuthorID, Name) VALUES (1544, 'Khadijeh Khoshnava');
INSERT INTO Write (AuthorID, PaperID) VALUES (1544, 459);
INSERT INTO Write (AuthorID, PaperID) VALUES (1544, 903);
INSERT INTO Author (AuthorID, Name) VALUES (1545, 'Robin Aly');
INSERT INTO Write (AuthorID, PaperID) VALUES (1545, 2041);
INSERT INTO Write (AuthorID, PaperID) VALUES (1545, 3199);
INSERT INTO Author (AuthorID, Name) VALUES (1546, 'Anthony Deacon');
INSERT INTO Write (AuthorID, PaperID) VALUES (1546, 2059);
INSERT INTO Write (AuthorID, PaperID) VALUES (1546, 2952);
INSERT INTO Author (AuthorID, Name) VALUES (1547, 'Vincent P. Wade');
INSERT INTO Write (AuthorID, PaperID) VALUES (1547, 3018);
INSERT INTO Write (AuthorID, PaperID) VALUES (1547, 3170);
INSERT INTO Author (AuthorID, Name) VALUES (1548, 'Stefan Schlobach');
INSERT INTO Write (AuthorID, PaperID) VALUES (1548, 1713);
INSERT INTO Write (AuthorID, PaperID) VALUES (1548, 2076);
INSERT INTO Author (AuthorID, Name) VALUES (1549, 'Aur&eacute;lie Rossi');
INSERT INTO Write (AuthorID, PaperID) VALUES (1549, 224);
INSERT INTO Write (AuthorID, PaperID) VALUES (1549, 1544);
INSERT INTO Author (AuthorID, Name) VALUES (1550, 'Nicu Sebe');
INSERT INTO Write (AuthorID, PaperID) VALUES (1550, 71);
INSERT INTO Write (AuthorID, PaperID) VALUES (1550, 1044);
INSERT INTO Author (AuthorID, Name) VALUES (1551, 'Lokesh Setia');
INSERT INTO Write (AuthorID, PaperID) VALUES (1551, 2637);
INSERT INTO Write (AuthorID, PaperID) VALUES (1551, 2967);
INSERT INTO Author (AuthorID, Name) VALUES (1552, 'Michael Nossal');
INSERT INTO Write (AuthorID, PaperID) VALUES (1552, 2087);
INSERT INTO Write (AuthorID, PaperID) VALUES (1552, 2342);
INSERT INTO Author (AuthorID, Name) VALUES (1553, 'Tiejun Huang');
INSERT INTO Write (AuthorID, PaperID) VALUES (1553, 26);
INSERT INTO Write (AuthorID, PaperID) VALUES (1553, 1699);
INSERT INTO Author (AuthorID, Name) VALUES (1554, 'Shizhu He');
INSERT INTO Paper (PaperID, Title, Year, MDate, Key, DOI) VALUES (897, 'CASIA@V2: A MLN-based Question Answering System over Linked Data.', 2014, '2017-02-14', 'conf/clef/HeZL014', 'http://ceur-ws.org/Vol-1180/CLEF2014wn-QA-ShizhuEt2014.pdf');
INSERT INTO Write (AuthorID, PaperID) VALUES (1554, 897);
INSERT INTO Paper (PaperID, Title, Year, MDate, Key, DOI) VALUES (1413, 'CASIA@QALD-3: A Question Answering System over Linked Data.', 2013, '2017-02-14', 'conf/clef/HeLCZL013', 'http://ceur-ws.org/Vol-1179/CLEF2013wn-QALD3-HeEt2013.pdf');
INSERT INTO Write (AuthorID, PaperID) VALUES (1554, 1413);
INSERT INTO Author (AuthorID, Name) VALUES (1555, 'Li Xing');
INSERT INTO Write (AuthorID, PaperID) VALUES (1555, 1183);
INSERT INTO Write (AuthorID, PaperID) VALUES (1555, 2217);
INSERT INTO Author (AuthorID, Name) VALUES (1556, 'Nada Naji');
INSERT INTO Write (AuthorID, PaperID) VALUES (1556, 370);
INSERT INTO Write (AuthorID, PaperID) VALUES (1556, 2248);
INSERT INTO Author (AuthorID, Name) VALUES (1557, 'Marco Angelini');
INSERT INTO Write (AuthorID, PaperID) VALUES (1557, 2268);
INSERT INTO Write (AuthorID, PaperID) VALUES (1557, 3411);
INSERT INTO Author (AuthorID, Name) VALUES (1558, 'Kuang-hua Chen');
INSERT INTO Write (AuthorID, PaperID) VALUES (1558, 756);
INSERT INTO Write (AuthorID, PaperID) VALUES (1558, 3065);
INSERT INTO Author (AuthorID, Name) VALUES (1559, 'Rithesh Sreenivasan');
INSERT INTO Write (AuthorID, PaperID) VALUES (1559, 905);
INSERT INTO Write (AuthorID, PaperID) VALUES (1559, 1995);
INSERT INTO Author (AuthorID, Name) VALUES (1560, 'Christine Swisher');
INSERT INTO Write (AuthorID, PaperID) VALUES (1560, 905);
INSERT INTO Write (AuthorID, PaperID) VALUES (1560, 1995);
INSERT INTO Author (AuthorID, Name) VALUES (1561, 'Massimo Poesio');
INSERT INTO Write (AuthorID, PaperID) VALUES (1561, 1372);
INSERT INTO Write (AuthorID, PaperID) VALUES (1561, 1452);
INSERT INTO Author (AuthorID, Name) VALUES (1562, 'Lucian Vlad Lita');
INSERT INTO Write (AuthorID, PaperID) VALUES (1562, 1703);
INSERT INTO Write (AuthorID, PaperID) VALUES (1562, 2183);
INSERT INTO Author (AuthorID, Name) VALUES (1563, 'Renata Galante');
INSERT INTO Write (AuthorID, PaperID) VALUES (1563, 691);
INSERT INTO Write (AuthorID, PaperID) VALUES (1563, 1496);
INSERT INTO Author (AuthorID, Name) VALUES (1564, 'Gaurav Singh');
INSERT INTO Paper (PaperID, Title, Year, MDate, Key, DOI) VALUES (2266, 'Improving Profiles of Weakly-Engaged Users - With Applications to Recommender Systems.', 2016, '2017-05-24', 'conf/clef/SinghMS16', 'https://doi.org/10.1007/978-3-319-44564-9_10');
INSERT INTO Write (AuthorID, PaperID) VALUES (1564, 2266);
INSERT INTO Paper (PaperID, Title, Year, MDate, Key, DOI) VALUES (3365, 'Identifying Diagnostic Test Accuracy Publications using a Deep Model.', 2017, '2017-08-18', 'conf/clef/SinghMTW17', 'http://ceur-ws.org/Vol-1866/paper_125.pdf');
INSERT INTO Write (AuthorID, PaperID) VALUES (1564, 3365);
INSERT INTO Author (AuthorID, Name) VALUES (1565, 'Gondy Leroy');
INSERT INTO Write (AuthorID, PaperID) VALUES (1565, 7);
INSERT INTO Write (AuthorID, PaperID) VALUES (1565, 1586);
INSERT INTO Author (AuthorID, Name) VALUES (1566, 'Siang Thye Hang');
INSERT INTO Write (AuthorID, PaperID) VALUES (1566, 34);
INSERT INTO Write (AuthorID, PaperID) VALUES (1566, 3236);
INSERT INTO Author (AuthorID, Name) VALUES (1567, 'Lionel Ramadier');
INSERT INTO Write (AuthorID, PaperID) VALUES (1567, 190);
INSERT INTO Write (AuthorID, PaperID) VALUES (1567, 531);
INSERT INTO Author (AuthorID, Name) VALUES (1568, 'Francisco Manuel Rangel Pardo');
INSERT INTO Write (AuthorID, PaperID) VALUES (1568, 744);
INSERT INTO Write (AuthorID, PaperID) VALUES (1568, 2304);
INSERT INTO Author (AuthorID, Name) VALUES (1569, 'Giacomo Inches');
INSERT INTO Write (AuthorID, PaperID) VALUES (1569, 2170);
INSERT INTO Write (AuthorID, PaperID) VALUES (1569, 3351);
INSERT INTO Author (AuthorID, Name) VALUES (1570, 'Asma Damankesh');
INSERT INTO Write (AuthorID, PaperID) VALUES (1570, 2320);
INSERT INTO Write (AuthorID, PaperID) VALUES (1570, 2567);
INSERT INTO Author (AuthorID, Name) VALUES (1571, 'Aris Kosmopoulos');
INSERT INTO Write (AuthorID, PaperID) VALUES (1571, 589);
INSERT INTO Write (AuthorID, PaperID) VALUES (1571, 1279);
INSERT INTO Author (AuthorID, Name) VALUES (1572, 'Rafael Mu&ntilde;oz-Terol');
INSERT INTO Write (AuthorID, PaperID) VALUES (1572, 122);
INSERT INTO Write (AuthorID, PaperID) VALUES (1572, 2207);
INSERT INTO Author (AuthorID, Name) VALUES (1573, 'Thi-Lan Le');
INSERT INTO Paper (PaperID, Title, Year, MDate, Key, DOI) VALUES (687, 'MICA at LifeCLEF 2015: Multi-organ Plant Identification.', 2015, '2015-12-10', 'conf/clef/LeNVN15', 'http://ceur-ws.org/Vol-1391/21-CR.pdf');
INSERT INTO Write (AuthorID, PaperID) VALUES (1573, 687);
INSERT INTO Paper (PaperID, Title, Year, MDate, Key, DOI) VALUES (3174, 'MICA at ImageClef 2013 Plant Identification Task.', 2013, '2014-09-10', 'conf/clef/LeP13', 'http://ceur-ws.org/Vol-1179/CLEF2013wn-ImageCLEF-LeEt2013.pdf');
INSERT INTO Write (AuthorID, PaperID) VALUES (1573, 3174);
INSERT INTO Author (AuthorID, Name) VALUES (1574, 'Satoshi Nakamura 0001');
INSERT INTO Write (AuthorID, PaperID) VALUES (1574, 281);
INSERT INTO Write (AuthorID, PaperID) VALUES (1574, 1274);
INSERT INTO Author (AuthorID, Name) VALUES (1575, 'Marc Stogaitis');
INSERT INTO Write (AuthorID, PaperID) VALUES (1575, 2470);
INSERT INTO Write (AuthorID, PaperID) VALUES (1575, 2946);
INSERT INTO Author (AuthorID, Name) VALUES (1576, 'Rama Pandugita');
INSERT INTO Write (AuthorID, PaperID) VALUES (1576, 998);
INSERT INTO Write (AuthorID, PaperID) VALUES (1576, 1835);
INSERT INTO Author (AuthorID, Name) VALUES (1577, 'Florian Dietz');
INSERT INTO Write (AuthorID, PaperID) VALUES (1577, 2642);
INSERT INTO Write (AuthorID, PaperID) VALUES (1577, 3477);
INSERT INTO Author (AuthorID, Name) VALUES (1578, 'Xixi He');
INSERT INTO Write (AuthorID, PaperID) VALUES (1578, 269);
INSERT INTO Write (AuthorID, PaperID) VALUES (1578, 279);
INSERT INTO Author (AuthorID, Name) VALUES (1579, 'Thiago Alexandre Salgueiro Pardo');
INSERT INTO Write (AuthorID, PaperID) VALUES (1579, 748);
INSERT INTO Write (AuthorID, PaperID) VALUES (1579, 2070);
INSERT INTO Author (AuthorID, Name) VALUES (1580, 'Nicolas Usunier');
INSERT INTO Write (AuthorID, PaperID) VALUES (1580, 172);
INSERT INTO Write (AuthorID, PaperID) VALUES (1580, 1445);
INSERT INTO Author (AuthorID, Name) VALUES (1581, 'Daniel Heesch');
INSERT INTO Write (AuthorID, PaperID) VALUES (1581, 2732);
INSERT INTO Write (AuthorID, PaperID) VALUES (1581, 3270);
INSERT INTO Author (AuthorID, Name) VALUES (1582, 'Iris Hendrickx');
INSERT INTO Write (AuthorID, PaperID) VALUES (1582, 429);
INSERT INTO Write (AuthorID, PaperID) VALUES (1582, 2601);
INSERT INTO Author (AuthorID, Name) VALUES (1583, 'Paolo Curtoni');
INSERT INTO Write (AuthorID, PaperID) VALUES (1583, 1115);
INSERT INTO Write (AuthorID, PaperID) VALUES (1583, 2105);
INSERT INTO Author (AuthorID, Name) VALUES (1584, 'Yannis Papanikolaou');
INSERT INTO Write (AuthorID, PaperID) VALUES (1584, 380);
INSERT INTO Write (AuthorID, PaperID) VALUES (1584, 2822);
INSERT INTO Author (AuthorID, Name) VALUES (1585, 'Roberto Navigli');
INSERT INTO Write (AuthorID, PaperID) VALUES (1585, 414);
INSERT INTO Paper (PaperID, Title, Year, MDate, Key, DOI) VALUES (2745, 'Babelplagiarism: What can BabelNet do for Cross-language Plagiarism Detection?', 2012, '2014-09-24', 'conf/clef/Navigli12', 'http://www.clef-initiative.eu/documents/71612/7ee93373-8aa4-42e0-8d4a-3957083be1f2');
INSERT INTO Write (AuthorID, PaperID) VALUES (1585, 2745);
INSERT INTO Author (AuthorID, Name) VALUES (1586, 'Soumya Gayen');
INSERT INTO Write (AuthorID, PaperID) VALUES (1586, 3133);
INSERT INTO Write (AuthorID, PaperID) VALUES (1586, 3406);
INSERT INTO Author (AuthorID, Name) VALUES (1587, 'Jun Zhao 0001');
INSERT INTO Write (AuthorID, PaperID) VALUES (1587, 897);
INSERT INTO Write (AuthorID, PaperID) VALUES (1587, 1413);
INSERT INTO Author (AuthorID, Name) VALUES (1588, 'Tapabrata Mondal');
INSERT INTO Write (AuthorID, PaperID) VALUES (1588, 2484);
INSERT INTO Write (AuthorID, PaperID) VALUES (1588, 3428);
INSERT INTO Author (AuthorID, Name) VALUES (1589, 'Peter Clark');
INSERT INTO Paper (PaperID, Title, Year, MDate, Key, DOI) VALUES (89, 'Recognizing Textual Entailment, QA4MRE, and Machine Reading.', 2012, '2014-09-24', 'conf/clef/Clark12', 'http://www.clef-initiative.eu/documents/71612/9bc6275d-baf8-44dc-b024-b1cab4cc4e8e');
INSERT INTO Write (AuthorID, PaperID) VALUES (1589, 89);
INSERT INTO Paper (PaperID, Title, Year, MDate, Key, DOI) VALUES (2045, 'An Entailment-Based Approach to the QA4MRE Challenge.', 2012, '2014-09-24', 'conf/clef/ClarkHY12', 'http://www.clef-initiative.eu/documents/71612/cd338d45-e36e-439d-9f33-62dc5bdda782');
INSERT INTO Write (AuthorID, PaperID) VALUES (1589, 2045);
INSERT INTO Author (AuthorID, Name) VALUES (1590, 'Luis Carlos Gonz&aacute;lez-Gurrola');
INSERT INTO Paper (PaperID, Title, Year, MDate, Key, DOI) VALUES (2307, 'Custom Document Embeddings Via the Centroids Method: Gender Classification in an Author Profiling Task: Notebook for PAN at CLEF 2018.', 2018, '2018-08-08', 'conf/clef/Lopez-Santillan18', 'http://ceur-ws.org/Vol-2125/paper_99.pdf');
INSERT INTO Write (AuthorID, PaperID) VALUES (1590, 2307);
INSERT INTO Write (AuthorID, PaperID) VALUES (1590, 2941);
INSERT INTO Author (AuthorID, Name) VALUES (1591, 'Anne G&ouml;hring');
INSERT INTO Write (AuthorID, PaperID) VALUES (1591, 2541);
INSERT INTO Write (AuthorID, PaperID) VALUES (1591, 2723);
INSERT INTO Author (AuthorID, Name) VALUES (1592, 'Jorge E. Camargo');
INSERT INTO Write (AuthorID, PaperID) VALUES (1592, 885);
INSERT INTO Write (AuthorID, PaperID) VALUES (1592, 1357);
INSERT INTO Author (AuthorID, Name) VALUES (1593, 'Jiquan Ngiam');
INSERT INTO Paper (PaperID, Title, Year, MDate, Key, DOI) VALUES (1236, 'I2R ImageCLEF Photo Annotation 2009 Working Notes.', 2009, '2014-09-29', 'conf/clef/NgiamG09a', 'http://ceur-ws.org/Vol-1175/CLEF2009wn-ImageCLEF-NgiamEt2009.pdf');
INSERT INTO Write (AuthorID, PaperID) VALUES (1593, 1236);
INSERT INTO Paper (PaperID, Title, Year, MDate, Key, DOI) VALUES (3376, 'Learning Global and Regional Features for Photo Annotation.', 2009, '2017-05-24', 'conf/clef/NgiamG09', 'https://doi.org/10.1007/978-3-642-15751-6_36');
INSERT INTO Write (AuthorID, PaperID) VALUES (1593, 3376);
INSERT INTO Author (AuthorID, Name) VALUES (1594, 'Jorge Miguel Silva');
INSERT INTO Write (AuthorID, PaperID) VALUES (1594, 2314);
INSERT INTO Write (AuthorID, PaperID) VALUES (1594, 2855);
INSERT INTO Author (AuthorID, Name) VALUES (1595, 'Carlos Arturo Hern&aacute;ndez-Gracidas');
INSERT INTO Write (AuthorID, PaperID) VALUES (1595, 71);
INSERT INTO Write (AuthorID, PaperID) VALUES (1595, 1044);
INSERT INTO Author (AuthorID, Name) VALUES (1596, 'Daniel Marcu');
INSERT INTO Write (AuthorID, PaperID) VALUES (1596, 2802);
INSERT INTO Write (AuthorID, PaperID) VALUES (1596, 3492);
INSERT INTO Author (AuthorID, Name) VALUES (1597, 'Hanlin Goh');
INSERT INTO Write (AuthorID, PaperID) VALUES (1597, 1236);
INSERT INTO Write (AuthorID, PaperID) VALUES (1597, 3376);
INSERT INTO Author (AuthorID, Name) VALUES (1598, 'Richard M. Schwartz');
INSERT INTO Write (AuthorID, PaperID) VALUES (1598, 1946);
INSERT INTO Write (AuthorID, PaperID) VALUES (1598, 2970);
INSERT INTO Author (AuthorID, Name) VALUES (1599, 'Florent Perronnin');
INSERT INTO Write (AuthorID, PaperID) VALUES (1599, 2424);
INSERT INTO Write (AuthorID, PaperID) VALUES (1599, 3063);
INSERT INTO Author (AuthorID, Name) VALUES (1600, 'Jos&eacute; Luis Delgado');
INSERT INTO Write (AuthorID, PaperID) VALUES (1600, 2007);
INSERT INTO Write (AuthorID, PaperID) VALUES (1600, 3254);
INSERT INTO Author (AuthorID, Name) VALUES (1601, 'Li-Ji Gaou');
INSERT INTO Write (AuthorID, PaperID) VALUES (1601, 3171);
INSERT INTO Write (AuthorID, PaperID) VALUES (1601, 3350);
INSERT INTO Author (AuthorID, Name) VALUES (1602, 'Jiayi Chen');
INSERT INTO Write (AuthorID, PaperID) VALUES (1602, 412);
INSERT INTO Write (AuthorID, PaperID) VALUES (1602, 1512);
INSERT INTO Author (AuthorID, Name) VALUES (1603, 'James Pustejovsky');
INSERT INTO Write (AuthorID, PaperID) VALUES (1603, 742);
INSERT INTO Write (AuthorID, PaperID) VALUES (1603, 1944);
INSERT INTO Author (AuthorID, Name) VALUES (1604, 'Gustavo Hern&aacute;ndez');
INSERT INTO Write (AuthorID, PaperID) VALUES (1604, 538);
INSERT INTO Write (AuthorID, PaperID) VALUES (1604, 2522);
INSERT INTO Author (AuthorID, Name) VALUES (1605, 'Abraham Duarte');
INSERT INTO Write (AuthorID, PaperID) VALUES (1605, 2744);
INSERT INTO Write (AuthorID, PaperID) VALUES (1605, 2904);
INSERT INTO Author (AuthorID, Name) VALUES (1606, 'Huu Nghia Huynh');
INSERT INTO Paper (PaperID, Title, Year, MDate, Key, DOI) VALUES (16, 'ShARe/CLEFeHealth: A Hybrid Approach for Task 2.', 2014, '2015-09-06', 'conf/clef/HuynhH14', 'http://ceur-ws.org/Vol-1180/CLEF2014wn-eHealth-HuynhEt2014.pdf');
INSERT INTO Write (AuthorID, PaperID) VALUES (1606, 16);
INSERT INTO Paper (PaperID, Title, Year, MDate, Key, DOI) VALUES (1248, 'TeamHCMUS: A Concept-based Information Retrieval Approach for Web Medical Documents.', 2015, '2015-09-03', 'conf/clef/HuynhNH15', 'http://ceur-ws.org/Vol-1391/60-CR.pdf');
INSERT INTO Write (AuthorID, PaperID) VALUES (1606, 1248);
INSERT INTO Author (AuthorID, Name) VALUES (1607, 'Claude St. Jacques');
INSERT INTO Write (AuthorID, PaperID) VALUES (1607, 340);
INSERT INTO Write (AuthorID, PaperID) VALUES (1607, 3196);
INSERT INTO Author (AuthorID, Name) VALUES (1608, 'Ovidiu Ionescu');
INSERT INTO Write (AuthorID, PaperID) VALUES (1608, 3012);
INSERT INTO Write (AuthorID, PaperID) VALUES (1608, 3440);
INSERT INTO Author (AuthorID, Name) VALUES (1609, 'Leo Joskowicz');
INSERT INTO Write (AuthorID, PaperID) VALUES (1609, 141);
INSERT INTO Write (AuthorID, PaperID) VALUES (1609, 2810);
INSERT INTO Author (AuthorID, Name) VALUES (1610, 'Hossein Nasr Esfahani');
INSERT INTO Write (AuthorID, PaperID) VALUES (1610, 1890);
INSERT INTO Write (AuthorID, PaperID) VALUES (1610, 2887);
INSERT INTO Author (AuthorID, Name) VALUES (1611, 'Marta Tatu');
INSERT INTO Write (AuthorID, PaperID) VALUES (1611, 2246);
INSERT INTO Write (AuthorID, PaperID) VALUES (1611, 3528);
INSERT INTO Author (AuthorID, Name) VALUES (1612, 'Aar&oacute;n Pancardo-Rodr&iacute;guez');
INSERT INTO Write (AuthorID, PaperID) VALUES (1612, 2521);
INSERT INTO Write (AuthorID, PaperID) VALUES (1612, 2728);
INSERT INTO Author (AuthorID, Name) VALUES (1613, 'Yuqing Mao');
INSERT INTO Write (AuthorID, PaperID) VALUES (1613, 1233);
INSERT INTO Write (AuthorID, PaperID) VALUES (1613, 1707);
INSERT INTO Author (AuthorID, Name) VALUES (1614, 'I&ntilde;aki Alegria');
INSERT INTO Write (AuthorID, PaperID) VALUES (1614, 265);
INSERT INTO Write (AuthorID, PaperID) VALUES (1614, 1205);
INSERT INTO Author (AuthorID, Name) VALUES (1615, 'Justus H. Piater');
INSERT INTO Write (AuthorID, PaperID) VALUES (1615, 864);
INSERT INTO Write (AuthorID, PaperID) VALUES (1615, 1282);
INSERT INTO Author (AuthorID, Name) VALUES (1616, 'Falk Scholer');
INSERT INTO Write (AuthorID, PaperID) VALUES (1616, 1324);
INSERT INTO Write (AuthorID, PaperID) VALUES (1616, 2709);
INSERT INTO Author (AuthorID, Name) VALUES (1617, 'Jo&atilde;o Marcelo Azevedo Arcoverde');
INSERT INTO Write (AuthorID, PaperID) VALUES (1617, 145);
INSERT INTO Write (AuthorID, PaperID) VALUES (1617, 1358);
INSERT INTO Author (AuthorID, Name) VALUES (1618, 'Vivek V. Datla');
INSERT INTO Write (AuthorID, PaperID) VALUES (1618, 905);
INSERT INTO Write (AuthorID, PaperID) VALUES (1618, 1995);
INSERT INTO Author (AuthorID, Name) VALUES (1619, 'Lucia Hervas');
INSERT INTO Write (AuthorID, PaperID) VALUES (1619, 723);
INSERT INTO Write (AuthorID, PaperID) VALUES (1619, 1605);
INSERT INTO Author (AuthorID, Name) VALUES (1620, 'Supheakmungkol Sarin');
INSERT INTO Write (AuthorID, PaperID) VALUES (1620, 183);
INSERT INTO Write (AuthorID, PaperID) VALUES (1620, 1526);
INSERT INTO Author (AuthorID, Name) VALUES (1621, 'David Mark');
INSERT INTO Write (AuthorID, PaperID) VALUES (1621, 1999);
INSERT INTO Write (AuthorID, PaperID) VALUES (1621, 2838);
INSERT INTO Author (AuthorID, Name) VALUES (1622, 'Lorenza Moreno');
INSERT INTO Write (AuthorID, PaperID) VALUES (1622, 873);
INSERT INTO Write (AuthorID, PaperID) VALUES (1622, 2641);
INSERT INTO Author (AuthorID, Name) VALUES (1623, 'C&eacute;dric Lemaitre');
INSERT INTO Write (AuthorID, PaperID) VALUES (1623, 793);
INSERT INTO Write (AuthorID, PaperID) VALUES (1623, 1849);
INSERT INTO Author (AuthorID, Name) VALUES (1624, '&Aacute;gnes Gyarmati');
INSERT INTO Write (AuthorID, PaperID) VALUES (1624, 704);
INSERT INTO Write (AuthorID, PaperID) VALUES (1624, 2844);
INSERT INTO Author (AuthorID, Name) VALUES (1625, 'David Nadeau');
INSERT INTO Write (AuthorID, PaperID) VALUES (1625, 340);
INSERT INTO Write (AuthorID, PaperID) VALUES (1625, 3196);
INSERT INTO Author (AuthorID, Name) VALUES (1626, 'Mijail Alexandrov Kabadjov');
INSERT INTO Write (AuthorID, PaperID) VALUES (1626, 1372);
INSERT INTO Write (AuthorID, PaperID) VALUES (1626, 1452);
INSERT INTO Author (AuthorID, Name) VALUES (1627, 'Matthew Lease');
INSERT INTO Write (AuthorID, PaperID) VALUES (1627, 1937);
INSERT INTO Write (AuthorID, PaperID) VALUES (1627, 2756);
INSERT INTO Author (AuthorID, Name) VALUES (1628, 'Peng Liu');
INSERT INTO Write (AuthorID, PaperID) VALUES (1628, 1486);
INSERT INTO Write (AuthorID, PaperID) VALUES (1628, 1793);
INSERT INTO Author (AuthorID, Name) VALUES (1629, 'Anilu Franco-Arcega');
INSERT INTO Write (AuthorID, PaperID) VALUES (1629, 1977);
INSERT INTO Write (AuthorID, PaperID) VALUES (1629, 2080);
INSERT INTO Author (AuthorID, Name) VALUES (1630, 'Sakriani Sakti');
INSERT INTO Write (AuthorID, PaperID) VALUES (1630, 281);
INSERT INTO Write (AuthorID, PaperID) VALUES (1630, 1274);
INSERT INTO Author (AuthorID, Name) VALUES (1631, 'Razieh Rahimi');
INSERT INTO Write (AuthorID, PaperID) VALUES (1631, 2684);
INSERT INTO Write (AuthorID, PaperID) VALUES (1631, 3344);
INSERT INTO Author (AuthorID, Name) VALUES (1632, 'Jorma Laaksonen');
INSERT INTO Write (AuthorID, PaperID) VALUES (1632, 71);
INSERT INTO Write (AuthorID, PaperID) VALUES (1632, 1044);
INSERT INTO Author (AuthorID, Name) VALUES (1633, 'Guan-Bin Chen');
INSERT INTO Write (AuthorID, PaperID) VALUES (1633, 3171);
INSERT INTO Write (AuthorID, PaperID) VALUES (1633, 3350);
INSERT INTO Author (AuthorID, Name) VALUES (1634, 'R&oacute;bert Pethes');
INSERT INTO Write (AuthorID, PaperID) VALUES (1634, 1001);
INSERT INTO Write (AuthorID, PaperID) VALUES (1634, 1475);
INSERT INTO Author (AuthorID, Name) VALUES (1635, 'Andr&eacute;s Alfonso Caurcel D&iacute;az');
INSERT INTO Paper (PaperID, Title, Year, MDate, Key, DOI) VALUES (444, 'Combining Predation Heuristics and Chat-Like Features in Sexual Predator Identification.', 2012, '2014-09-24', 'conf/clef/HidalgoD12', 'http://www.clef-initiative.eu/documents/71612/271dd606-53d1-4cad-9852-fb5336e8587e');
INSERT INTO Write (AuthorID, PaperID) VALUES (1635, 444);
INSERT INTO Paper (PaperID, Title, Year, MDate, Key, DOI) VALUES (3159, 'Experiments with SMS Translation and Stochastic Gradient Descent in Spanish Text Author Profiling Notebook for PAN at CLEF 2013.', 2013, '2014-09-10', 'conf/clef/DiazH13', 'http://ceur-ws.org/Vol-1179/CLEF2013wn-PAN-CaurcelDiazEt2013.pdf');
INSERT INTO Write (AuthorID, PaperID) VALUES (1635, 3159);
INSERT INTO Author (AuthorID, Name) VALUES (1636, 'Leili Farzinvash');
INSERT INTO Write (AuthorID, PaperID) VALUES (1636, 2684);
INSERT INTO Write (AuthorID, PaperID) VALUES (1636, 3344);
INSERT INTO Author (AuthorID, Name) VALUES (1637, 'Leticia Cecilia Cagnina');
INSERT INTO Write (AuthorID, PaperID) VALUES (1637, 1102);
INSERT INTO Write (AuthorID, PaperID) VALUES (1637, 3513);
INSERT INTO Author (AuthorID, Name) VALUES (1638, 'Fernando Batista');
INSERT INTO Write (AuthorID, PaperID) VALUES (1638, 506);
INSERT INTO Write (AuthorID, PaperID) VALUES (1638, 1974);
INSERT INTO Author (AuthorID, Name) VALUES (1639, 'Michael R. Lyu');
INSERT INTO Write (AuthorID, PaperID) VALUES (1639, 3031);
INSERT INTO Write (AuthorID, PaperID) VALUES (1639, 3085);
INSERT INTO Author (AuthorID, Name) VALUES (1640, 'Neil Cooke');
INSERT INTO Write (AuthorID, PaperID) VALUES (1640, 972);
INSERT INTO Write (AuthorID, PaperID) VALUES (1640, 2017);
INSERT INTO Author (AuthorID, Name) VALUES (1641, 'Antonia Aguilar');
INSERT INTO Write (AuthorID, PaperID) VALUES (1641, 151);
INSERT INTO Write (AuthorID, PaperID) VALUES (1641, 1291);
INSERT INTO Author (AuthorID, Name) VALUES (1642, 'Gerardo Sierra');
INSERT INTO Write (AuthorID, PaperID) VALUES (1642, 2187);
INSERT INTO Write (AuthorID, PaperID) VALUES (1642, 3208);
INSERT INTO Author (AuthorID, Name) VALUES (1643, 'Rita Kuznetsova');
INSERT INTO Write (AuthorID, PaperID) VALUES (1643, 280);
INSERT INTO Paper (PaperID, Title, Year, MDate, Key, DOI) VALUES (326, 'Methods for Intrinsic Plagiarism Detection and Author Diarization.', 2016, '2018-06-15', 'conf/clef/KuznetsovMKS16', 'http://ceur-ws.org/Vol-1609/16090912.pdf');
INSERT INTO Write (AuthorID, PaperID) VALUES (1643, 326);
INSERT INTO Author (AuthorID, Name) VALUES (1644, 'Palaniappan Mirunalini');
INSERT INTO Write (AuthorID, PaperID) VALUES (1644, 1342);
INSERT INTO Write (AuthorID, PaperID) VALUES (1644, 2694);
INSERT INTO Author (AuthorID, Name) VALUES (1645, 'Daniela Moctezuma');
INSERT INTO Write (AuthorID, PaperID) VALUES (1645, 1256);
INSERT INTO Write (AuthorID, PaperID) VALUES (1645, 2393);
INSERT INTO Author (AuthorID, Name) VALUES (1646, 'Arnau Ramisa');
INSERT INTO Write (AuthorID, PaperID) VALUES (1646, 33);
INSERT INTO Write (AuthorID, PaperID) VALUES (1646, 3423);
INSERT INTO Author (AuthorID, Name) VALUES (1647, 'Ingo Schmitt');
INSERT INTO Write (AuthorID, PaperID) VALUES (1647, 1494);
INSERT INTO Write (AuthorID, PaperID) VALUES (1647, 2831);
INSERT INTO Author (AuthorID, Name) VALUES (1648, 'Piyush Grover');
INSERT INTO Write (AuthorID, PaperID) VALUES (1648, 3278);
INSERT INTO Write (AuthorID, PaperID) VALUES (1648, 3396);
INSERT INTO Author (AuthorID, Name) VALUES (1649, 'Ludovic Bonnefoy');
INSERT INTO Write (AuthorID, PaperID) VALUES (1649, 1270);
INSERT INTO Write (AuthorID, PaperID) VALUES (1649, 2602);
INSERT INTO Author (AuthorID, Name) VALUES (1650, 'Lei Wu');
INSERT INTO Write (AuthorID, PaperID) VALUES (1650, 71);
INSERT INTO Write (AuthorID, PaperID) VALUES (1650, 1044);
INSERT INTO Author (AuthorID, Name) VALUES (1651, 'Sabrina Fontanella');
INSERT INTO Write (AuthorID, PaperID) VALUES (1651, 864);
INSERT INTO Write (AuthorID, PaperID) VALUES (1651, 1282);
INSERT INTO Author (AuthorID, Name) VALUES (1652, 'Montserrat Mateos S&aacute;nchez');
INSERT INTO Write (AuthorID, PaperID) VALUES (1652, 1602);
INSERT INTO Write (AuthorID, PaperID) VALUES (1652, 2533);
INSERT INTO Author (AuthorID, Name) VALUES (1653, 'Monica Landoni');
INSERT INTO Write (AuthorID, PaperID) VALUES (1653, 2188);
INSERT INTO Write (AuthorID, PaperID) VALUES (1653, 2584);
INSERT INTO Author (AuthorID, Name) VALUES (1654, 'Derrick Higgins');
INSERT INTO Write (AuthorID, PaperID) VALUES (1654, 1276);
INSERT INTO Write (AuthorID, PaperID) VALUES (1654, 1290);
INSERT INTO Author (AuthorID, Name) VALUES (1655, 'Fuji Ren');
INSERT INTO Paper (PaperID, Title, Year, MDate, Key, DOI) VALUES (1265, 'TUA1 at eRisk 2018.', 2018, '2018-08-08', 'conf/clef/LiuZXR18', 'http://ceur-ws.org/Vol-2125/paper_121.pdf');
INSERT INTO Write (AuthorID, PaperID) VALUES (1655, 1265);
INSERT INTO Paper (PaperID, Title, Year, MDate, Key, DOI) VALUES (2681, 'Employing Inception-Resnet-v2 and Bi-LSTM for Medical Domain Visual Question Answering.', 2018, '2018-08-08', 'conf/clef/ZhouKR18', 'http://ceur-ws.org/Vol-2125/paper_107.pdf');
INSERT INTO Write (AuthorID, PaperID) VALUES (1655, 2681);
INSERT INTO Author (AuthorID, Name) VALUES (1656, 'Septian Adiwibowo');
INSERT INTO Write (AuthorID, PaperID) VALUES (1656, 1060);
INSERT INTO Write (AuthorID, PaperID) VALUES (1656, 1400);
INSERT INTO Author (AuthorID, Name) VALUES (1657, 'Azzah Al-Maskari');
INSERT INTO Write (AuthorID, PaperID) VALUES (1657, 914);
INSERT INTO Write (AuthorID, PaperID) VALUES (1657, 3168);
INSERT INTO Author (AuthorID, Name) VALUES (1658, 'Adam Poulston');
INSERT INTO Write (AuthorID, PaperID) VALUES (1658, 857);
INSERT INTO Write (AuthorID, PaperID) VALUES (1658, 2948);
INSERT INTO Author (AuthorID, Name) VALUES (1659, 'Imane Allaouzi');
INSERT INTO Paper (PaperID, Title, Year, MDate, Key, DOI) VALUES (1771, 'Deep Neural Networks and Decision Tree Classifier for Visual Question Answering in the Medical Domain.', 2018, '2018-08-08', 'conf/clef/AllaouziA18', 'http://ceur-ws.org/Vol-2125/paper_159.pdf');
INSERT INTO Write (AuthorID, PaperID) VALUES (1659, 1771);
INSERT INTO Paper (PaperID, Title, Year, MDate, Key, DOI) VALUES (1839, 'A 3D-CNN and SVM for Multi-Drug Resistance Detection.', 2018, '2018-08-08', 'conf/clef/AllaouziA18a', 'http://ceur-ws.org/Vol-2125/paper_161.pdf');
INSERT INTO Write (AuthorID, PaperID) VALUES (1659, 1839);
INSERT INTO Author (AuthorID, Name) VALUES (1660, 'Daekeun You');
INSERT INTO Write (AuthorID, PaperID) VALUES (1660, 869);
INSERT INTO Write (AuthorID, PaperID) VALUES (1660, 1017);
INSERT INTO Author (AuthorID, Name) VALUES (1661, 'Fabiano Tarlao');
INSERT INTO Write (AuthorID, PaperID) VALUES (1661, 2011);
INSERT INTO Write (AuthorID, PaperID) VALUES (1661, 2848);
INSERT INTO Author (AuthorID, Name) VALUES (1662, 'Mahmudur Rahman');
INSERT INTO Paper (PaperID, Title, Year, MDate, Key, DOI) VALUES (1317, 'A Cross Modal Deep Learning Based Approach for Caption Prediction and Concept Detection by CS Morgan State.', 2018, '2018-08-08', 'conf/clef/Rahman18', 'http://ceur-ws.org/Vol-2125/paper_138.pdf');
INSERT INTO Write (AuthorID, PaperID) VALUES (1662, 1317);
INSERT INTO Paper (PaperID, Title, Year, MDate, Key, DOI) VALUES (1761, 'A Cross-Modal Concept Detection and Caption Prediction Approach in ImageCLEFcaption Track of ImageCLEF 2017.', 2017, '2017-08-15', 'conf/clef/RahmanLT17', 'http://ceur-ws.org/Vol-1866/paper_160.pdf');
INSERT INTO Write (AuthorID, PaperID) VALUES (1662, 1761);
INSERT INTO Author (AuthorID, Name) VALUES (1663, 'Alessandro Moschitti');
INSERT INTO Write (AuthorID, PaperID) VALUES (1663, 1113);
INSERT INTO Write (AuthorID, PaperID) VALUES (1663, 2097);
INSERT INTO Author (AuthorID, Name) VALUES (1664, 'Georgeta Bordea');
INSERT INTO Write (AuthorID, PaperID) VALUES (1664, 1316);
INSERT INTO Write (AuthorID, PaperID) VALUES (1664, 2721);
INSERT INTO Author (AuthorID, Name) VALUES (1665, 'Xiangji Huang');
INSERT INTO Write (AuthorID, PaperID) VALUES (1665, 772);
INSERT INTO Write (AuthorID, PaperID) VALUES (1665, 2604);
INSERT INTO Author (AuthorID, Name) VALUES (1666, 'Jes&uacute;s S&aacute;nchez-Oro');
INSERT INTO Write (AuthorID, PaperID) VALUES (1666, 2744);
INSERT INTO Write (AuthorID, PaperID) VALUES (1666, 2904);
INSERT INTO Author (AuthorID, Name) VALUES (1667, 'Christian Hentschel');
INSERT INTO Write (AuthorID, PaperID) VALUES (1667, 157);
INSERT INTO Write (AuthorID, PaperID) VALUES (1667, 758);
INSERT INTO Author (AuthorID, Name) VALUES (1668, 'Ivan Kitanovski');
INSERT INTO Write (AuthorID, PaperID) VALUES (1668, 489);
INSERT INTO Write (AuthorID, PaperID) VALUES (1668, 2763);
INSERT INTO Author (AuthorID, Name) VALUES (1669, 'Alexandra Balahur-Dobrescu');
INSERT INTO Write (AuthorID, PaperID) VALUES (1669, 287);
INSERT INTO Write (AuthorID, PaperID) VALUES (1669, 2107);
INSERT INTO Author (AuthorID, Name) VALUES (1670, 'Sebasti&aacute;n Sierra');
INSERT INTO Write (AuthorID, PaperID) VALUES (1670, 973);
INSERT INTO Write (AuthorID, PaperID) VALUES (1670, 1260);
INSERT INTO Author (AuthorID, Name) VALUES (1671, 'Nedim Lipka');
INSERT INTO Write (AuthorID, PaperID) VALUES (1671, 526);
INSERT INTO Write (AuthorID, PaperID) VALUES (1671, 572);
INSERT INTO Author (AuthorID, Name) VALUES (1672, 'Ralf Steinberger');
INSERT INTO Paper (PaperID, Title, Year, MDate, Key, DOI) VALUES (849, 'Cross-lingual Similarity Calculation for Plagiarism Detection and More - Tools and Resources.', 2012, '2014-09-24', 'conf/clef/Steinberger12', 'http://www.clef-initiative.eu/documents/71612/021b688d-d75d-4a60-94eb-f6e6cb5ca482');
INSERT INTO Write (AuthorID, PaperID) VALUES (1672, 849);
INSERT INTO Write (AuthorID, PaperID) VALUES (1672, 1074);
INSERT INTO Author (AuthorID, Name) VALUES (1673, 'Edson R. D. Weren');
INSERT INTO Write (AuthorID, PaperID) VALUES (1673, 1071);
INSERT INTO Write (AuthorID, PaperID) VALUES (1673, 1667);
INSERT INTO Author (AuthorID, Name) VALUES (1674, 'Jaspreet Singh');
INSERT INTO Paper (PaperID, Title, Year, MDate, Key, DOI) VALUES (2121, 'IIIT-H at CLEF eHealth 2017 Task 2: Technologically Assisted Reviews in Empirical Medicine.', 2017, '2017-08-15', 'conf/clef/SinghT17', 'http://ceur-ws.org/Vol-1866/paper_116.pdf');
INSERT INTO Write (AuthorID, PaperID) VALUES (1674, 2121);
INSERT INTO Write (AuthorID, PaperID) VALUES (1674, 2320);
INSERT INTO Author (AuthorID, Name) VALUES (1675, 'Jon D. Patrick');
INSERT INTO Write (AuthorID, PaperID) VALUES (1675, 263);
INSERT INTO Write (AuthorID, PaperID) VALUES (1675, 1870);
INSERT INTO Author (AuthorID, Name) VALUES (1676, 'Rodrigo Martinez');
INSERT INTO Write (AuthorID, PaperID) VALUES (1676, 1986);
INSERT INTO Write (AuthorID, PaperID) VALUES (1676, 2938);
INSERT INTO Author (AuthorID, Name) VALUES (1677, 'George Demetriou');
INSERT INTO Write (AuthorID, PaperID) VALUES (1677, 1646);
INSERT INTO Write (AuthorID, PaperID) VALUES (1677, 2491);
INSERT INTO Author (AuthorID, Name) VALUES (1678, 'Shreya Anand');
INSERT INTO Write (AuthorID, PaperID) VALUES (1678, 905);
INSERT INTO Write (AuthorID, PaperID) VALUES (1678, 1995);
INSERT INTO Author (AuthorID, Name) VALUES (1679, 'Andras Horti');
INSERT INTO Paper (PaperID, Title, Year, MDate, Key, DOI) VALUES (2609, 'Visual Structure Analysis of Flow Charts in Patent Images.', 2012, '2014-09-24', 'conf/clef/MorzingerSHT12', 'http://www.clef-initiative.eu/documents/71612/b6f43690-4406-4898-97db-4e3d75c69db0');
INSERT INTO Write (AuthorID, PaperID) VALUES (1679, 2609);
INSERT INTO Write (AuthorID, PaperID) VALUES (1679, 3420);
INSERT INTO Author (AuthorID, Name) VALUES (1680, 'Yang Hu');
INSERT INTO Write (AuthorID, PaperID) VALUES (1680, 2739);
INSERT INTO Write (AuthorID, PaperID) VALUES (1680, 3356);
INSERT INTO Author (AuthorID, Name) VALUES (1681, 'Alan P. Sexton');
INSERT INTO Paper (PaperID, Title, Year, MDate, Key, DOI) VALUES (715, 'MolRec at CLEF 2012 - Overview and Analysis of Results.', 2012, '2014-09-24', 'conf/clef/SadawiSS12', 'http://www.clef-initiative.eu/documents/71612/95439b4f-4804-44ad-b462-8d1d97c77f24');
INSERT INTO Write (AuthorID, PaperID) VALUES (1681, 715);
INSERT INTO Write (AuthorID, PaperID) VALUES (1681, 2896);
INSERT INTO Author (AuthorID, Name) VALUES (1682, 'Marco Gonzalez');
INSERT INTO Write (AuthorID, PaperID) VALUES (1682, 1716);
INSERT INTO Write (AuthorID, PaperID) VALUES (1682, 2807);
INSERT INTO Author (AuthorID, Name) VALUES (1683, 'Umar Manzoor');
INSERT INTO Write (AuthorID, PaperID) VALUES (1683, 742);
INSERT INTO Write (AuthorID, PaperID) VALUES (1683, 1944);
INSERT INTO Author (AuthorID, Name) VALUES (1684, 'Jos&eacute; Pina');
INSERT INTO Write (AuthorID, PaperID) VALUES (1684, 136);
INSERT INTO Write (AuthorID, PaperID) VALUES (1684, 3232);
INSERT INTO Author (AuthorID, Name) VALUES (1685, 'Jos&eacute; Mar&iacute;a G&oacute;mez Hidalgo');
INSERT INTO Write (AuthorID, PaperID) VALUES (1685, 444);
INSERT INTO Write (AuthorID, PaperID) VALUES (1685, 3159);
INSERT INTO Author (AuthorID, Name) VALUES (1686, 'Yu Zhang 0052');
INSERT INTO Write (AuthorID, PaperID) VALUES (1686, 702);
INSERT INTO Write (AuthorID, PaperID) VALUES (1686, 1252);
INSERT INTO Author (AuthorID, Name) VALUES (1687, 'Kevin Bretonnel Cohen');
INSERT INTO Write (AuthorID, PaperID) VALUES (1687, 657);
INSERT INTO Write (AuthorID, PaperID) VALUES (1687, 1422);
INSERT INTO Author (AuthorID, Name) VALUES (1688, 'Waleed Arafa');
INSERT INTO Write (AuthorID, PaperID) VALUES (1688, 86);
INSERT INTO Write (AuthorID, PaperID) VALUES (1688, 2443);
INSERT INTO Author (AuthorID, Name) VALUES (1689, 'Kirk Roberts');
INSERT INTO Write (AuthorID, PaperID) VALUES (1689, 742);
INSERT INTO Write (AuthorID, PaperID) VALUES (1689, 1944);
INSERT INTO Author (AuthorID, Name) VALUES (1690, 'Luis M. de Campos Iba&ntilde;ez');
INSERT INTO Write (AuthorID, PaperID) VALUES (1690, 1063);
INSERT INTO Write (AuthorID, PaperID) VALUES (1690, 1287);
INSERT INTO Author (AuthorID, Name) VALUES (1691, 'Viviana Beltr&aacute;n');
INSERT INTO Write (AuthorID, PaperID) VALUES (1691, 129);
INSERT INTO Write (AuthorID, PaperID) VALUES (1691, 3019);
INSERT INTO Author (AuthorID, Name) VALUES (1692, 'Dar&iacute;o Gustavo Funez');
INSERT INTO Write (AuthorID, PaperID) VALUES (1692, 1102);
INSERT INTO Write (AuthorID, PaperID) VALUES (1692, 3513);
INSERT INTO Author (AuthorID, Name) VALUES (1693, 'Reza Karimpour');
INSERT INTO Write (AuthorID, PaperID) VALUES (1693, 1909);
INSERT INTO Write (AuthorID, PaperID) VALUES (1693, 3361);
INSERT INTO Author (AuthorID, Name) VALUES (1694, 'Koen Lubbers');
INSERT INTO Write (AuthorID, PaperID) VALUES (1694, 2476);
INSERT INTO Write (AuthorID, PaperID) VALUES (1694, 2620);
INSERT INTO Author (AuthorID, Name) VALUES (1695, 'Claude Chrisment');
INSERT INTO Write (AuthorID, PaperID) VALUES (1695, 645);
INSERT INTO Write (AuthorID, PaperID) VALUES (1695, 1152);
INSERT INTO Author (AuthorID, Name) VALUES (1696, 'Ahmed Id Oumohmed');
INSERT INTO Write (AuthorID, PaperID) VALUES (1696, 2181);
INSERT INTO Write (AuthorID, PaperID) VALUES (1696, 3408);
INSERT INTO Author (AuthorID, Name) VALUES (1697, 'Paul E. van der Vet');
INSERT INTO Write (AuthorID, PaperID) VALUES (1697, 2476);
INSERT INTO Write (AuthorID, PaperID) VALUES (1697, 2620);
INSERT INTO Author (AuthorID, Name) VALUES (1698, 'Jan Sediv&yacute;');
INSERT INTO Write (AuthorID, PaperID) VALUES (1698, 1750);
INSERT INTO Write (AuthorID, PaperID) VALUES (1698, 2646);
INSERT INTO Author (AuthorID, Name) VALUES (1699, 'Yi Zhang');
INSERT INTO Write (AuthorID, PaperID) VALUES (1699, 1981);
INSERT INTO Paper (PaperID, Title, Year, MDate, Key, DOI) VALUES (2334, 'NUDT''s Participation in ImageCLEF Robot Vision Challenge 2014.', 2014, '2014-09-10', 'conf/clef/ZhangQCH14', 'http://ceur-ws.org/Vol-1180/CLEF2014wn-Image-ZhangEt2014.pdf');
INSERT INTO Write (AuthorID, PaperID) VALUES (1699, 2334);
INSERT INTO Author (AuthorID, Name) VALUES (1700, 'Syntia Wijaya');
INSERT INTO Write (AuthorID, PaperID) VALUES (1700, 390);
INSERT INTO Write (AuthorID, PaperID) VALUES (1700, 2461);
INSERT INTO Author (AuthorID, Name) VALUES (1701, 'Yi Guan');
INSERT INTO Write (AuthorID, PaperID) VALUES (1701, 844);
INSERT INTO Write (AuthorID, PaperID) VALUES (1701, 2713);
INSERT INTO Author (AuthorID, Name) VALUES (1702, 'Inderjeet Mani');
INSERT INTO Write (AuthorID, PaperID) VALUES (1702, 1984);
INSERT INTO Write (AuthorID, PaperID) VALUES (1702, 3179);
INSERT INTO Author (AuthorID, Name) VALUES (1703, 'Hiroko Mano');
INSERT INTO Write (AuthorID, PaperID) VALUES (1703, 449);
INSERT INTO Write (AuthorID, PaperID) VALUES (1703, 1325);
INSERT INTO Author (AuthorID, Name) VALUES (1704, 'Marco Fornoni');
INSERT INTO Write (AuthorID, PaperID) VALUES (1704, 493);
INSERT INTO Write (AuthorID, PaperID) VALUES (1704, 2925);
INSERT INTO Author (AuthorID, Name) VALUES (1705, 'Basilio Calderone');
INSERT INTO Write (AuthorID, PaperID) VALUES (1705, 830);
INSERT INTO Write (AuthorID, PaperID) VALUES (1705, 838);
INSERT INTO Author (AuthorID, Name) VALUES (1706, 'Marta Garrote Salazar');
INSERT INTO Write (AuthorID, PaperID) VALUES (1706, 2036);
INSERT INTO Write (AuthorID, PaperID) VALUES (1706, 2305);
INSERT INTO Author (AuthorID, Name) VALUES (1707, 'Michael Springmann');
INSERT INTO Write (AuthorID, PaperID) VALUES (1707, 231);
INSERT INTO Write (AuthorID, PaperID) VALUES (1707, 415);
INSERT INTO Author (AuthorID, Name) VALUES (1708, 'Jos&eacute; Ranilla');
INSERT INTO Write (AuthorID, PaperID) VALUES (1708, 1244);
INSERT INTO Write (AuthorID, PaperID) VALUES (1708, 1683);
INSERT INTO Author (AuthorID, Name) VALUES (1709, 'Tobias Schreck');
INSERT INTO Write (AuthorID, PaperID) VALUES (1709, 7);
INSERT INTO Write (AuthorID, PaperID) VALUES (1709, 1586);
INSERT INTO Author (AuthorID, Name) VALUES (1710, 'Yair Yigal');
INSERT INTO Write (AuthorID, PaperID) VALUES (1710, 2194);
INSERT INTO Write (AuthorID, PaperID) VALUES (1710, 2683);
INSERT INTO Author (AuthorID, Name) VALUES (1711, 'Yasuhide Miura');
INSERT INTO Write (AuthorID, PaperID) VALUES (1711, 771);
INSERT INTO Write (AuthorID, PaperID) VALUES (1711, 802);
INSERT INTO Author (AuthorID, Name) VALUES (1712, 'Izhak Shafran');
INSERT INTO Write (AuthorID, PaperID) VALUES (1712, 2250);
INSERT INTO Write (AuthorID, PaperID) VALUES (1712, 2898);
INSERT INTO Author (AuthorID, Name) VALUES (1713, 'Kang Liu 0001');
INSERT INTO Write (AuthorID, PaperID) VALUES (1713, 897);
INSERT INTO Write (AuthorID, PaperID) VALUES (1713, 1413);
INSERT INTO Author (AuthorID, Name) VALUES (1714, 'Nasikhin');
INSERT INTO Write (AuthorID, PaperID) VALUES (1714, 345);
INSERT INTO Write (AuthorID, PaperID) VALUES (1714, 456);
INSERT INTO Author (AuthorID, Name) VALUES (1715, 'Navot Akiva');
INSERT INTO Paper (PaperID, Title, Year, MDate, Key, DOI) VALUES (1528, 'Authorship and Plagiarism Detection Using Binary BOW Features.', 2012, '2014-09-24', 'conf/clef/Akiva12', 'http://www.clef-initiative.eu/documents/71612/cba1346c-92d9-445c-b66b-3e87829f3ad8');
INSERT INTO Write (AuthorID, PaperID) VALUES (1715, 1528);
INSERT INTO Paper (PaperID, Title, Year, MDate, Key, DOI) VALUES (2375, 'Using Clustering to Identify Outlier Chunks of Text - Notebook for PAN at CLEF 2011.', 2011, '2014-09-24', 'conf/clef/Akiva11', 'http://www.clef-initiative.eu/documents/71612/86377/CLEF2011wn-PAN-Akiva2011.pdf');
INSERT INTO Write (AuthorID, PaperID) VALUES (1715, 2375);
INSERT INTO Author (AuthorID, Name) VALUES (1716, 'Tomoki Toda');
INSERT INTO Write (AuthorID, PaperID) VALUES (1716, 281);
INSERT INTO Write (AuthorID, PaperID) VALUES (1716, 1274);
INSERT INTO Author (AuthorID, Name) VALUES (1717, 'Haiming Liu 0002');
INSERT INTO Write (AuthorID, PaperID) VALUES (1717, 648);
INSERT INTO Write (AuthorID, PaperID) VALUES (1717, 1173);
INSERT INTO Author (AuthorID, Name) VALUES (1718, 'K&eacute;vin S&eacute;journ&eacute;');
INSERT INTO Write (AuthorID, PaperID) VALUES (1718, 229);
INSERT INTO Write (AuthorID, PaperID) VALUES (1718, 3237);
INSERT INTO Author (AuthorID, Name) VALUES (1719, 'Mikko Sepponen');
INSERT INTO Write (AuthorID, PaperID) VALUES (1719, 478);
INSERT INTO Write (AuthorID, PaperID) VALUES (1719, 797);
INSERT INTO Author (AuthorID, Name) VALUES (1720, 'Boris Chidlovskii');
INSERT INTO Write (AuthorID, PaperID) VALUES (1720, 1087);
INSERT INTO Write (AuthorID, PaperID) VALUES (1720, 2575);
INSERT INTO Author (AuthorID, Name) VALUES (1721, 'Timothy Chappell');
INSERT INTO Write (AuthorID, PaperID) VALUES (1721, 124);
INSERT INTO Write (AuthorID, PaperID) VALUES (1721, 1744);
INSERT INTO Author (AuthorID, Name) VALUES (1722, 'Frans Wiering');
INSERT INTO Write (AuthorID, PaperID) VALUES (1722, 1603);
INSERT INTO Write (AuthorID, PaperID) VALUES (1722, 2674);
INSERT INTO Author (AuthorID, Name) VALUES (1723, 'Federica Beghini');
INSERT INTO Write (AuthorID, PaperID) VALUES (1723, 1956);
INSERT INTO Write (AuthorID, PaperID) VALUES (1723, 1966);
INSERT INTO Author (AuthorID, Name) VALUES (1724, 'Francesca Bertagna');
INSERT INTO Write (AuthorID, PaperID) VALUES (1724, 2174);
INSERT INTO Write (AuthorID, PaperID) VALUES (1724, 2585);
INSERT INTO Author (AuthorID, Name) VALUES (1725, 'Octavian Soldea');
INSERT INTO Write (AuthorID, PaperID) VALUES (1725, 760);
INSERT INTO Write (AuthorID, PaperID) VALUES (1725, 2200);
INSERT INTO Author (AuthorID, Name) VALUES (1726, 'Gareth Dwyer');
INSERT INTO Write (AuthorID, PaperID) VALUES (1726, 947);
INSERT INTO Write (AuthorID, PaperID) VALUES (1726, 1826);
INSERT INTO Author (AuthorID, Name) VALUES (1727, 'You-Heng Hu');
INSERT INTO Write (AuthorID, PaperID) VALUES (1727, 576);
INSERT INTO Write (AuthorID, PaperID) VALUES (1727, 2413);
INSERT INTO Author (AuthorID, Name) VALUES (1728, 'Mariska Leeflang');
INSERT INTO Write (AuthorID, PaperID) VALUES (1728, 2697);
INSERT INTO Write (AuthorID, PaperID) VALUES (1728, 2840);
INSERT INTO Author (AuthorID, Name) VALUES (1729, 'Eugene Mbanya');
INSERT INTO Write (AuthorID, PaperID) VALUES (1729, 157);
INSERT INTO Write (AuthorID, PaperID) VALUES (1729, 758);
INSERT INTO Author (AuthorID, Name) VALUES (1730, 'Jos&eacute; R. P&eacute;rez-Ag&uuml;era');
INSERT INTO Write (AuthorID, PaperID) VALUES (1730, 1719);
INSERT INTO Write (AuthorID, PaperID) VALUES (1730, 2856);
INSERT INTO Author (AuthorID, Name) VALUES (1731, 'Wen Gao 0001');
INSERT INTO Write (AuthorID, PaperID) VALUES (1731, 26);
INSERT INTO Write (AuthorID, PaperID) VALUES (1731, 1699);
INSERT INTO Author (AuthorID, Name) VALUES (1732, 'Richard Berendsen');
INSERT INTO Write (AuthorID, PaperID) VALUES (1732, 1128);
INSERT INTO Write (AuthorID, PaperID) VALUES (1732, 2812);
INSERT INTO Author (AuthorID, Name) VALUES (1733, 'Cosmina Croitoru');
INSERT INTO Write (AuthorID, PaperID) VALUES (1733, 733);
INSERT INTO Write (AuthorID, PaperID) VALUES (1733, 887);
INSERT INTO Author (AuthorID, Name) VALUES (1734, 'Daniel Miller');
INSERT INTO Write (AuthorID, PaperID) VALUES (1734, 2194);
INSERT INTO Write (AuthorID, PaperID) VALUES (1734, 2683);
INSERT INTO Author (AuthorID, Name) VALUES (1735, 'Wei Shen');
INSERT INTO Write (AuthorID, PaperID) VALUES (1735, 225);
INSERT INTO Write (AuthorID, PaperID) VALUES (1735, 2394);
INSERT INTO Author (AuthorID, Name) VALUES (1736, 'Michelangelo Castagnone');
INSERT INTO Write (AuthorID, PaperID) VALUES (1736, 784);
INSERT INTO Write (AuthorID, PaperID) VALUES (1736, 1596);
INSERT INTO Author (AuthorID, Name) VALUES (1737, 'Thomas D''Silva');
INSERT INTO Write (AuthorID, PaperID) VALUES (1737, 253);
INSERT INTO Write (AuthorID, PaperID) VALUES (1737, 3520);
INSERT INTO Author (AuthorID, Name) VALUES (1738, 'Kwang-Young Kim');
INSERT INTO Write (AuthorID, PaperID) VALUES (1738, 170);
INSERT INTO Write (AuthorID, PaperID) VALUES (1738, 3193);
INSERT INTO Author (AuthorID, Name) VALUES (1739, 'Kieran White');
INSERT INTO Write (AuthorID, PaperID) VALUES (1739, 732);
INSERT INTO Write (AuthorID, PaperID) VALUES (1739, 969);
INSERT INTO Author (AuthorID, Name) VALUES (1740, 'Dan Stowell');
INSERT INTO Paper (PaperID, Title, Year, MDate, Key, DOI) VALUES (794, 'Audio-only Bird Classification Using Unsupervised Feature Learning.', 2014, '2014-09-10', 'conf/clef/StowellP14', 'http://ceur-ws.org/Vol-1180/CLEF2014wn-Life-StowellEt2014.pdf');
INSERT INTO Write (AuthorID, PaperID) VALUES (1740, 794);
INSERT INTO Paper (PaperID, Title, Year, MDate, Key, DOI) VALUES (2564, 'BirdCLEF 2015 Submission: Unsupervised Feature Learning from Audio.', 2015, '2015-09-03', 'conf/clef/Stowell15', 'http://ceur-ws.org/Vol-1391/4-CR.pdf');
INSERT INTO Write (AuthorID, PaperID) VALUES (1740, 2564);
INSERT INTO Author (AuthorID, Name) VALUES (1741, 'Jae-wook Ahn');
INSERT INTO Write (AuthorID, PaperID) VALUES (1741, 302);
INSERT INTO Write (AuthorID, PaperID) VALUES (1741, 1432);
INSERT INTO Author (AuthorID, Name) VALUES (1742, 'Yue Feng');
INSERT INTO Write (AuthorID, PaperID) VALUES (1742, 681);
INSERT INTO Write (AuthorID, PaperID) VALUES (1742, 1418);
INSERT INTO Author (AuthorID, Name) VALUES (1743, 'Marek Drejak');
INSERT INTO Write (AuthorID, PaperID) VALUES (1743, 1410);
INSERT INTO Write (AuthorID, PaperID) VALUES (1743, 2645);
INSERT INTO Author (AuthorID, Name) VALUES (1744, 'Stefan Ruseti');
INSERT INTO Write (AuthorID, PaperID) VALUES (1744, 804);
INSERT INTO Write (AuthorID, PaperID) VALUES (1744, 2397);
INSERT INTO Author (AuthorID, Name) VALUES (1745, 'Joachim Wagner');
INSERT INTO Write (AuthorID, PaperID) VALUES (1745, 1045);
INSERT INTO Write (AuthorID, PaperID) VALUES (1745, 1174);
INSERT INTO Author (AuthorID, Name) VALUES (1746, 'Sagar Ranadive');
INSERT INTO Write (AuthorID, PaperID) VALUES (1746, 2985);
INSERT INTO Write (AuthorID, PaperID) VALUES (1746, 3015);
INSERT INTO Author (AuthorID, Name) VALUES (1747, 'Josef van Genabith');
INSERT INTO Write (AuthorID, PaperID) VALUES (1747, 778);
INSERT INTO Write (AuthorID, PaperID) VALUES (1747, 2701);
INSERT INTO Author (AuthorID, Name) VALUES (1748, 'Debasis Mandal');
INSERT INTO Write (AuthorID, PaperID) VALUES (1748, 1441);
INSERT INTO Write (AuthorID, PaperID) VALUES (1748, 3007);
INSERT INTO Author (AuthorID, Name) VALUES (1749, 'Mark Truran');
INSERT INTO Write (AuthorID, PaperID) VALUES (1749, 579);
INSERT INTO Write (AuthorID, PaperID) VALUES (1749, 1502);
INSERT INTO Author (AuthorID, Name) VALUES (1750, 'Marie-Jean Meurs');
INSERT INTO Paper (PaperID, Title, Year, MDate, Key, DOI) VALUES (2623, 'Using Topic Extraction on Social Media Content for the Early Detection of Depression.', 2018, '2018-08-08', 'conf/clef/MaupomeM18', 'http://ceur-ws.org/Vol-2125/paper_173.pdf');
INSERT INTO Write (AuthorID, PaperID) VALUES (1750, 2623);
INSERT INTO Paper (PaperID, Title, Year, MDate, Key, DOI) VALUES (3105, 'Detecting Early Risk of Depression from Social Media User-generated Content.', 2017, '2017-08-15', 'conf/clef/AlmeidaBM17', 'http://ceur-ws.org/Vol-1866/paper_127.pdf');
INSERT INTO Write (AuthorID, PaperID) VALUES (1750, 3105);
INSERT INTO Author (AuthorID, Name) VALUES (1751, 'Pilar L&oacute;pez-Moreno');
INSERT INTO Write (AuthorID, PaperID) VALUES (1751, 755);
INSERT INTO Write (AuthorID, PaperID) VALUES (1751, 2192);
INSERT INTO Author (AuthorID, Name) VALUES (1752, 'Gabriele Murgia');
INSERT INTO Write (AuthorID, PaperID) VALUES (1752, 1968);
INSERT INTO Write (AuthorID, PaperID) VALUES (1752, 2600);
INSERT INTO Author (AuthorID, Name) VALUES (1753, 'Sana Fakhfakh');
INSERT INTO Write (AuthorID, PaperID) VALUES (1753, 1426);
INSERT INTO Write (AuthorID, PaperID) VALUES (1753, 2772);
INSERT INTO Author (AuthorID, Name) VALUES (1754, 'Ewine Smits');
INSERT INTO Write (AuthorID, PaperID) VALUES (1754, 1191);
INSERT INTO Write (AuthorID, PaperID) VALUES (1754, 2987);
INSERT INTO Author (AuthorID, Name) VALUES (1755, 'Killian Janod');
INSERT INTO Write (AuthorID, PaperID) VALUES (1755, 291);
INSERT INTO Write (AuthorID, PaperID) VALUES (1755, 1425);
INSERT INTO Author (AuthorID, Name) VALUES (1756, 'Kyle Williams');
INSERT INTO Write (AuthorID, PaperID) VALUES (1756, 368);
INSERT INTO Write (AuthorID, PaperID) VALUES (1756, 3229);
INSERT INTO Author (AuthorID, Name) VALUES (1757, 'Joost de Wit');
INSERT INTO Paper (PaperID, Title, Year, MDate, Key, DOI) VALUES (979, 'A Cocktail Approach to the VideoCLEF''09 Linking Task.', 2009, '2017-05-24', 'conf/clef/RaaijmakersVW09', 'https://doi.org/10.1007/978-3-642-15751-6_52');
INSERT INTO Write (AuthorID, PaperID) VALUES (1757, 979);
INSERT INTO Paper (PaperID, Title, Year, MDate, Key, DOI) VALUES (1384, 'A Cocktail Approach to the VideoCLEF''09 Linking Task.', 2009, '2014-09-29', 'conf/clef/RaaijmakersVW09a', 'http://ceur-ws.org/Vol-1175/CLEF2009wn-VideoCLEF-RaaijmakersEt2009.pdf');
INSERT INTO Write (AuthorID, PaperID) VALUES (1757, 1384);
INSERT INTO Author (AuthorID, Name) VALUES (1758, 'Junwu Luo');
INSERT INTO Paper (PaperID, Title, Year, MDate, Key, DOI) VALUES (824, 'AUDR at ImageCLEF2011: Medical Retrieval Task.', 2011, '2014-09-24', 'conf/clef/LuoLWL11', 'http://www.clef-initiative.eu/documents/71612/86377/CLEF2011wn-ImageCLEF-LuoEt2011.pdf');
INSERT INTO Write (AuthorID, PaperID) VALUES (1758, 824);
INSERT INTO Paper (PaperID, Title, Year, MDate, Key, DOI) VALUES (3326, 'BUAA AUDR at ImageCLEF 2012 Medical Retrieval Task.', 2012, '2014-09-24', 'conf/clef/SongZL12', 'http://www.clef-initiative.eu/documents/71612/6c588dd3-e21f-4bc6-89a0-6bbdd2966850');
INSERT INTO Write (AuthorID, PaperID) VALUES (1758, 3326);
INSERT INTO Author (AuthorID, Name) VALUES (1759, 'Juan Martinez-Romo');
INSERT INTO Write (AuthorID, PaperID) VALUES (1759, 1297);
INSERT INTO Write (AuthorID, PaperID) VALUES (1759, 2360);
INSERT INTO Author (AuthorID, Name) VALUES (1760, 'Matej Martinc');
INSERT INTO Paper (PaperID, Title, Year, MDate, Key, DOI) VALUES (1724, 'PAN 2017: Author Profiling - Gender and Language Variety Prediction.', 2017, '2017-08-15', 'conf/clef/MartincSZP17', 'http://ceur-ws.org/Vol-1866/paper_78.pdf');
INSERT INTO Write (AuthorID, PaperID) VALUES (1760, 1724);
INSERT INTO Paper (PaperID, Title, Year, MDate, Key, DOI) VALUES (2214, 'Multilingual Gender Classification with Multi-view Deep Learning: Notebook for PAN at CLEF 2018.', 2018, '2018-08-08', 'conf/clef/MartincSP18', 'http://ceur-ws.org/Vol-2125/paper_156.pdf');
INSERT INTO Write (AuthorID, PaperID) VALUES (1760, 2214);
INSERT INTO Author (AuthorID, Name) VALUES (1761, 'Jos&eacute; Manuel Perea Ortega');
INSERT INTO Write (AuthorID, PaperID) VALUES (1761, 1016);
INSERT INTO Write (AuthorID, PaperID) VALUES (1761, 1164);
INSERT INTO Author (AuthorID, Name) VALUES (1762, 'P. Senthil Nathan');
INSERT INTO Write (AuthorID, PaperID) VALUES (1762, 2915);
INSERT INTO Write (AuthorID, PaperID) VALUES (1762, 3059);
INSERT INTO Author (AuthorID, Name) VALUES (1763, 'Shao-Hui Feng');
INSERT INTO Write (AuthorID, PaperID) VALUES (1763, 1127);
INSERT INTO Write (AuthorID, PaperID) VALUES (1763, 1565);
INSERT INTO Author (AuthorID, Name) VALUES (1764, 'Cor J. Veenman');
INSERT INTO Paper (PaperID, Title, Year, MDate, Key, DOI) VALUES (303, 'Authorship Verification with Compression Features.', 2013, '2014-09-10', 'conf/clef/VeenmanL13', 'http://ceur-ws.org/Vol-1179/CLEF2013wn-PAN-VeenmanEt2013.pdf');
INSERT INTO Write (AuthorID, PaperID) VALUES (1764, 303);
INSERT INTO Paper (PaperID, Title, Year, MDate, Key, DOI) VALUES (731, 'Bootstrapped Authorship Attribution in Compression Space.', 2012, '2014-09-24', 'conf/clef/GraaffV12', 'http://www.clef-initiative.eu/documents/71612/d43d2821-2198-4398-9644-3f0aa3539021');
INSERT INTO Write (AuthorID, PaperID) VALUES (1764, 731);
INSERT INTO Author (AuthorID, Name) VALUES (1765, 'Obioma Pelka');
INSERT INTO Write (AuthorID, PaperID) VALUES (1765, 3463);
INSERT INTO Write (AuthorID, PaperID) VALUES (1765, 3518);
INSERT INTO Author (AuthorID, Name) VALUES (1766, 'Martin Steinebach');
INSERT INTO Write (AuthorID, PaperID) VALUES (1766, 2916);
INSERT INTO Write (AuthorID, PaperID) VALUES (1766, 3211);
INSERT INTO Author (AuthorID, Name) VALUES (1767, 'Luka Stout');
INSERT INTO Write (AuthorID, PaperID) VALUES (1767, 240);
INSERT INTO Write (AuthorID, PaperID) VALUES (1767, 1491);
INSERT INTO Author (AuthorID, Name) VALUES (1768, 'Alexandra Teynor');
INSERT INTO Write (AuthorID, PaperID) VALUES (1768, 2637);
INSERT INTO Write (AuthorID, PaperID) VALUES (1768, 2967);
INSERT INTO Author (AuthorID, Name) VALUES (1769, 'Senay Kafkas');
INSERT INTO Write (AuthorID, PaperID) VALUES (1769, 672);
INSERT INTO Write (AuthorID, PaperID) VALUES (1769, 1412);
INSERT INTO Author (AuthorID, Name) VALUES (1770, 'Igor V. Filippov');
INSERT INTO Paper (PaperID, Title, Year, MDate, Key, DOI) VALUES (2881, 'Optical Structure Recognition Application Entry to CLEF-IP 2012.', 2012, '2014-09-24', 'conf/clef/FilippovKN12', 'http://www.clef-initiative.eu/documents/71612/bcde0715-aee1-4641-9a85-615140e5ff10');
INSERT INTO Write (AuthorID, PaperID) VALUES (1770, 2881);
INSERT INTO Write (AuthorID, PaperID) VALUES (1770, 2896);
INSERT INTO Author (AuthorID, Name) VALUES (1771, 'Jes&uacute;s Vilares Ferro');
INSERT INTO Write (AuthorID, PaperID) VALUES (1771, 1935);
INSERT INTO Write (AuthorID, PaperID) VALUES (1771, 3070);
INSERT INTO Author (AuthorID, Name) VALUES (1772, 'Tomasz Adamek');
INSERT INTO Write (AuthorID, PaperID) VALUES (1772, 2791);
INSERT INTO Write (AuthorID, PaperID) VALUES (1772, 2958);
INSERT INTO Author (AuthorID, Name) VALUES (1773, 'Olivier Mesnard');
INSERT INTO Write (AuthorID, PaperID) VALUES (1773, 957);
INSERT INTO Write (AuthorID, PaperID) VALUES (1773, 3077);
INSERT INTO Author (AuthorID, Name) VALUES (1774, 'Stephan Raaijmakers');
INSERT INTO Write (AuthorID, PaperID) VALUES (1774, 979);
INSERT INTO Write (AuthorID, PaperID) VALUES (1774, 1384);
INSERT INTO Author (AuthorID, Name) VALUES (1775, 'Jos&eacute; Francisco Aldana Montes');
INSERT INTO Write (AuthorID, PaperID) VALUES (1775, 54);
INSERT INTO Write (AuthorID, PaperID) VALUES (1775, 2308);
INSERT INTO Author (AuthorID, Name) VALUES (1776, 'Kisuh Ahn');
INSERT INTO Write (AuthorID, PaperID) VALUES (1776, 1114);
INSERT INTO Write (AuthorID, PaperID) VALUES (1776, 1188);
INSERT INTO Author (AuthorID, Name) VALUES (1777, 'Yaritza Adame Arcia');
INSERT INTO Write (AuthorID, PaperID) VALUES (1777, 1600);
INSERT INTO Write (AuthorID, PaperID) VALUES (1777, 2345);
INSERT INTO Author (AuthorID, Name) VALUES (1778, 'Mike Ebersbach');
INSERT INTO Write (AuthorID, PaperID) VALUES (1778, 665);
INSERT INTO Write (AuthorID, PaperID) VALUES (1778, 2258);
INSERT INTO Author (AuthorID, Name) VALUES (1779, 'Jonathon S. Hare');
INSERT INTO Write (AuthorID, PaperID) VALUES (1779, 1362);
INSERT INTO Write (AuthorID, PaperID) VALUES (1779, 2837);
INSERT INTO Author (AuthorID, Name) VALUES (1780, 'Hideo Joho');
INSERT INTO Write (AuthorID, PaperID) VALUES (1780, 223);
INSERT INTO Write (AuthorID, PaperID) VALUES (1780, 2691);
INSERT INTO Author (AuthorID, Name) VALUES (1781, 'Andrea De Lorenzo');
INSERT INTO Write (AuthorID, PaperID) VALUES (1781, 2011);
INSERT INTO Write (AuthorID, PaperID) VALUES (1781, 2848);
INSERT INTO Author (AuthorID, Name) VALUES (1782, 'Wesley Nunes Gon&ccedil;alves');
INSERT INTO Paper (PaperID, Title, Year, MDate, Key, DOI) VALUES (1559, 'CPPP/UFMS at ImageCLEF 2014: Robot Vision Task.', 2014, '2014-09-10', 'conf/clef/GomesRJG14', 'http://ceur-ws.org/Vol-1180/CLEF2014wn-Image-GomesEt2014.pdf');
INSERT INTO Write (AuthorID, PaperID) VALUES (1782, 1559);
INSERT INTO Write (AuthorID, PaperID) VALUES (1782, 2044);
INSERT INTO Author (AuthorID, Name) VALUES (1783, 'Mani Abedini');
INSERT INTO Write (AuthorID, PaperID) VALUES (1783, 2630);
INSERT INTO Write (AuthorID, PaperID) VALUES (1783, 2892);
INSERT INTO Author (AuthorID, Name) VALUES (1784, 'Oge Marques');
INSERT INTO Paper (PaperID, Title, Year, MDate, Key, DOI) VALUES (606, 'ImageCLEF 2018 Tuberculosis Task: Ensemble of 3D CNNs with Multiple Inputs for Tuberculosis Type Classification.', 2018, '2018-08-08', 'conf/clef/IshayM18', 'http://ceur-ws.org/Vol-2125/paper_123.pdf');
INSERT INTO Write (AuthorID, PaperID) VALUES (1784, 606);
INSERT INTO Write (AuthorID, PaperID) VALUES (1784, 2669);
INSERT INTO Author (AuthorID, Name) VALUES (1785, 'D&eacute;bora Myoupo');
INSERT INTO Write (AuthorID, PaperID) VALUES (1785, 480);
INSERT INTO Write (AuthorID, PaperID) VALUES (1785, 1224);
INSERT INTO Author (AuthorID, Name) VALUES (1786, 'Thyago Bohrer Borges');
INSERT INTO Write (AuthorID, PaperID) VALUES (1786, 286);
INSERT INTO Write (AuthorID, PaperID) VALUES (1786, 2796);
INSERT INTO Author (AuthorID, Name) VALUES (1787, 'Viviana Cotik');
INSERT INTO Write (AuthorID, PaperID) VALUES (1787, 624);
INSERT INTO Write (AuthorID, PaperID) VALUES (1787, 1089);
INSERT INTO Author (AuthorID, Name) VALUES (1788, 'R&eacute;mi Flicoteaux');
INSERT INTO Write (AuthorID, PaperID) VALUES (1788, 936);
INSERT INTO Paper (PaperID, Title, Year, MDate, Key, DOI) VALUES (1842, 'ECSTRA-APHP @ CLEF eHealth2018-task 1: ICD10 Code Extraction from Death Certificates.', 2018, '2018-08-08', 'conf/clef/Flicoteaux18', 'http://ceur-ws.org/Vol-2125/paper_147.pdf');
INSERT INTO Write (AuthorID, PaperID) VALUES (1788, 1842);
INSERT INTO Author (AuthorID, Name) VALUES (1789, 'Patrick Herring');
INSERT INTO Write (AuthorID, PaperID) VALUES (1789, 1646);
INSERT INTO Write (AuthorID, PaperID) VALUES (1789, 2491);
INSERT INTO Author (AuthorID, Name) VALUES (1790, 'Elise Mouysset');
INSERT INTO Write (AuthorID, PaperID) VALUES (1790, 3072);
INSERT INTO Write (AuthorID, PaperID) VALUES (1790, 3284);
INSERT INTO Author (AuthorID, Name) VALUES (1791, 'Jakob J. Verbeek');
INSERT INTO Write (AuthorID, PaperID) VALUES (1791, 1899);
INSERT INTO Write (AuthorID, PaperID) VALUES (1791, 3063);
INSERT INTO Author (AuthorID, Name) VALUES (1792, 'Mikaela Klami');
INSERT INTO Write (AuthorID, PaperID) VALUES (1792, 175);
INSERT INTO Write (AuthorID, PaperID) VALUES (1792, 701);
INSERT INTO Author (AuthorID, Name) VALUES (1793, 'Patrick H&egrave;de');
INSERT INTO Write (AuthorID, PaperID) VALUES (1793, 2066);
INSERT INTO Write (AuthorID, PaperID) VALUES (1793, 2632);
INSERT INTO Author (AuthorID, Name) VALUES (1794, 'Miguel Costa');
INSERT INTO Write (AuthorID, PaperID) VALUES (1794, 880);
INSERT INTO Write (AuthorID, PaperID) VALUES (1794, 3092);
INSERT INTO Author (AuthorID, Name) VALUES (1795, 'Genevi&egrave;ve Henrot');
INSERT INTO Write (AuthorID, PaperID) VALUES (1795, 1956);
INSERT INTO Write (AuthorID, PaperID) VALUES (1795, 1966);
INSERT INTO Author (AuthorID, Name) VALUES (1796, 'Bogdan Vrusias');
INSERT INTO Write (AuthorID, PaperID) VALUES (1796, 2921);
INSERT INTO Write (AuthorID, PaperID) VALUES (1796, 2991);
INSERT INTO Author (AuthorID, Name) VALUES (1797, 'Dagan Feng');
INSERT INTO Write (AuthorID, PaperID) VALUES (1797, 262);
INSERT INTO Write (AuthorID, PaperID) VALUES (1797, 650);
INSERT INTO Author (AuthorID, Name) VALUES (1798, 'Niels Jensen');
INSERT INTO Write (AuthorID, PaperID) VALUES (1798, 845);
INSERT INTO Write (AuthorID, PaperID) VALUES (1798, 2139);
INSERT INTO Author (AuthorID, Name) VALUES (1799, 'Yi-Hsiang Hsieh');
INSERT INTO Write (AuthorID, PaperID) VALUES (1799, 664);
INSERT INTO Write (AuthorID, PaperID) VALUES (1799, 1230);
INSERT INTO Author (AuthorID, Name) VALUES (1800, 'Tomoko Ohkuma');
INSERT INTO Write (AuthorID, PaperID) VALUES (1800, 771);
INSERT INTO Write (AuthorID, PaperID) VALUES (1800, 802);
INSERT INTO Author (AuthorID, Name) VALUES (1801, 'Fatiha Sadat');
INSERT INTO Write (AuthorID, PaperID) VALUES (1801, 2508);
INSERT INTO Write (AuthorID, PaperID) VALUES (1801, 3101);
INSERT INTO Author (AuthorID, Name) VALUES (1802, 'Joan Puigcerver');
INSERT INTO Write (AuthorID, PaperID) VALUES (1802, 33);
INSERT INTO Write (AuthorID, PaperID) VALUES (1802, 82);
INSERT INTO Author (AuthorID, Name) VALUES (1803, 'Norbert G&ouml;vert');
INSERT INTO Paper (PaperID, Title, Year, MDate, Key, DOI) VALUES (12, 'Bilingual Information Retrieval with DesIRe and Internet Translation Services.', 2000, '2014-08-15', 'conf/clef/Govert00a', 'http://ceur-ws.org/Vol-1166/CLEF2000wn-adhoc-Govert2000.pdf');
INSERT INTO Write (AuthorID, PaperID) VALUES (1803, 12);
INSERT INTO Paper (PaperID, Title, Year, MDate, Key, DOI) VALUES (3139, 'Bilingual Information Retrieval with HyREX and Internet Translation Services.', 2000, '2017-06-02', 'conf/clef/Govert00', 'https://doi.org/10.1007/3-540-44645-1_23');
INSERT INTO Write (AuthorID, PaperID) VALUES (1803, 3139);
INSERT INTO Author (AuthorID, Name) VALUES (1804, 'Mihai Dogariu');
INSERT INTO Write (AuthorID, PaperID) VALUES (1804, 775);
INSERT INTO Write (AuthorID, PaperID) VALUES (1804, 3044);
INSERT INTO Author (AuthorID, Name) VALUES (1805, 'Martin Krallinger');
INSERT INTO Write (AuthorID, PaperID) VALUES (1805, 1831);
INSERT INTO Write (AuthorID, PaperID) VALUES (1805, 2468);
INSERT INTO Author (AuthorID, Name) VALUES (1806, 'Antonio Jose Rodr&iacute;guez-S&aacute;nchez');
INSERT INTO Write (AuthorID, PaperID) VALUES (1806, 864);
INSERT INTO Write (AuthorID, PaperID) VALUES (1806, 1282);
INSERT INTO Author (AuthorID, Name) VALUES (1807, 'Matthew Smillie');
INSERT INTO Write (AuthorID, PaperID) VALUES (1807, 1114);
INSERT INTO Write (AuthorID, PaperID) VALUES (1807, 1188);
INSERT INTO Author (AuthorID, Name) VALUES (1808, 'Corn&eacute; Versloot');
INSERT INTO Write (AuthorID, PaperID) VALUES (1808, 979);
INSERT INTO Write (AuthorID, PaperID) VALUES (1808, 1384);
INSERT INTO Author (AuthorID, Name) VALUES (1809, 'Georg Thallinger');
INSERT INTO Write (AuthorID, PaperID) VALUES (1809, 2609);
