INSERT INTO Write (AuthorID, PaperID) VALUES (3620, 1726);
INSERT INTO Author (AuthorID, Name) VALUES (3621, 'Marko Tadic');
INSERT INTO Write (AuthorID, PaperID) VALUES (3621, 1813);
INSERT INTO Author (AuthorID, Name) VALUES (3622, 'Tom Burton-West');
INSERT INTO Paper (PaperID, Title, Year, MDate, Key, DOI) VALUES (62, 'Practical Relevance Ranking for 10 Million Books.', 2012, '2014-09-24', 'conf/clef/Burton-West12', 'http://www.clef-initiative.eu/documents/71612/943abea5-6e48-48dd-ba89-72c174d001ef');
INSERT INTO Write (AuthorID, PaperID) VALUES (3622, 62);
INSERT INTO Author (AuthorID, Name) VALUES (3623, 'Felix Schremmer');
INSERT INTO Write (AuthorID, PaperID) VALUES (3623, 1227);
INSERT INTO Author (AuthorID, Name) VALUES (3624, 'Marcelo G. Manzato');
INSERT INTO Paper (PaperID, Title, Year, MDate, Key, DOI) VALUES (855, 'The participation of IntermidiaLab at the ImageCLEF 2012 Photo Annotation Task.', 2012, '2014-09-24', 'conf/clef/Manzato12', 'http://www.clef-initiative.eu/documents/71612/7fa067d3-359e-4c04-9e46-313ae4144650');
INSERT INTO Write (AuthorID, PaperID) VALUES (3624, 855);
INSERT INTO Author (AuthorID, Name) VALUES (3625, 'Ilya Verbitskiy');
INSERT INTO Write (AuthorID, PaperID) VALUES (3625, 559);
INSERT INTO Author (AuthorID, Name) VALUES (3626, 'Eleftherios Spyromitros Xioufis');
INSERT INTO Write (AuthorID, PaperID) VALUES (3626, 2673);
INSERT INTO Author (AuthorID, Name) VALUES (3627, 'Deepa Gupta');
INSERT INTO Write (AuthorID, PaperID) VALUES (3627, 2785);
INSERT INTO Author (AuthorID, Name) VALUES (3628, 'Carlos Cuevas');
INSERT INTO Write (AuthorID, PaperID) VALUES (3628, 860);
INSERT INTO Author (AuthorID, Name) VALUES (3629, 'Bhanodai Guggilla');
INSERT INTO Write (AuthorID, PaperID) VALUES (3629, 179);
INSERT INTO Author (AuthorID, Name) VALUES (3630, 'James Northcott');
INSERT INTO Paper (PaperID, Title, Year, MDate, Key, DOI) VALUES (1031, 'Participation of Group SCS to LifeCLEF Bird Identification Challenge 2014.', 2014, '2014-09-10', 'conf/clef/Northcott14', 'http://ceur-ws.org/Vol-1180/CLEF2014wn-Life-Northcott2014.pdf');
INSERT INTO Write (AuthorID, PaperID) VALUES (3630, 1031);
INSERT INTO Author (AuthorID, Name) VALUES (3631, 'Fang Wang');
INSERT INTO Write (AuthorID, PaperID) VALUES (3631, 1323);
INSERT INTO Author (AuthorID, Name) VALUES (3632, 'Thanadit Phumprao');
INSERT INTO Write (AuthorID, PaperID) VALUES (3632, 1897);
INSERT INTO Author (AuthorID, Name) VALUES (3633, 'Dirk Lewandowski');
INSERT INTO Write (AuthorID, PaperID) VALUES (3633, 2616);
INSERT INTO Author (AuthorID, Name) VALUES (3634, 'Alyaa Alfalahi');
INSERT INTO Write (AuthorID, PaperID) VALUES (3634, 248);
INSERT INTO Author (AuthorID, Name) VALUES (3635, 'Christina Lohr');
INSERT INTO Write (AuthorID, PaperID) VALUES (3635, 665);
INSERT INTO Author (AuthorID, Name) VALUES (3636, 'Dimitrios Soudris');
INSERT INTO Write (AuthorID, PaperID) VALUES (3636, 783);
INSERT INTO Author (AuthorID, Name) VALUES (3637, 'Tim Menzies');
INSERT INTO Paper (PaperID, Title, Year, MDate, Key, DOI) VALUES (1675, 'Data Balancing for Technologically Assisted Reviews: Undersampling or Reweighting.', 2017, '2017-08-15', 'conf/clef/YuM17', 'http://ceur-ws.org/Vol-1866/paper_120.pdf');
INSERT INTO Write (AuthorID, PaperID) VALUES (3637, 1675);
INSERT INTO Author (AuthorID, Name) VALUES (3638, 'Heng Ji');
INSERT INTO Write (AuthorID, PaperID) VALUES (3638, 2900);
INSERT INTO Author (AuthorID, Name) VALUES (3639, 'Robert Phan');
INSERT INTO Write (AuthorID, PaperID) VALUES (3639, 766);
INSERT INTO Author (AuthorID, Name) VALUES (3640, 'Arian Pasquali');
INSERT INTO Write (AuthorID, PaperID) VALUES (3640, 3118);
INSERT INTO Author (AuthorID, Name) VALUES (3641, 'Houda Alberts');
INSERT INTO Paper (PaperID, Title, Year, MDate, Key, DOI) VALUES (3299, 'Author clustering with the Aid of a Simple Distance Measure.', 2017, '2017-08-15', 'conf/clef/Alberts17', 'http://ceur-ws.org/Vol-1866/paper_95.pdf');
INSERT INTO Write (AuthorID, PaperID) VALUES (3641, 3299);
INSERT INTO Author (AuthorID, Name) VALUES (3642, 'Teemu P&auml;&auml;kk&ouml;nen');
INSERT INTO Write (AuthorID, PaperID) VALUES (3642, 2014);
INSERT INTO Author (AuthorID, Name) VALUES (3643, 'Sunghwan Sohn');
INSERT INTO Write (AuthorID, PaperID) VALUES (3643, 276);
INSERT INTO Author (AuthorID, Name) VALUES (3644, 'Mikhail Lebedev');
INSERT INTO Write (AuthorID, PaperID) VALUES (3644, 29);
INSERT INTO Author (AuthorID, Name) VALUES (3645, 'Harris Papageorgiou');
INSERT INTO Write (AuthorID, PaperID) VALUES (3645, 683);
INSERT INTO Author (AuthorID, Name) VALUES (3646, 'Xueliang Zhang');
INSERT INTO Write (AuthorID, PaperID) VALUES (3646, 1050);
INSERT INTO Author (AuthorID, Name) VALUES (3647, 'Aravind Ashok');
INSERT INTO Write (AuthorID, PaperID) VALUES (3647, 993);
INSERT INTO Author (AuthorID, Name) VALUES (3648, 'Qiang Li');
INSERT INTO Write (AuthorID, PaperID) VALUES (3648, 1084);
INSERT INTO Author (AuthorID, Name) VALUES (3649, 'K&eacute;vin R&eacute;by');
INSERT INTO Write (AuthorID, PaperID) VALUES (3649, 1316);
INSERT INTO Author (AuthorID, Name) VALUES (3650, 'Aliaksandr Trus');
INSERT INTO Write (AuthorID, PaperID) VALUES (3650, 1252);
INSERT INTO Author (AuthorID, Name) VALUES (3651, 'Vladimir Nedovic');
INSERT INTO Write (AuthorID, PaperID) VALUES (3651, 2226);
INSERT INTO Author (AuthorID, Name) VALUES (3652, 'Diana Tanase');
INSERT INTO Paper (PaperID, Title, Year, MDate, Key, DOI) VALUES (464, 'Using the Divergence Framework for Randomness: CHiC 2013 Lab Report.', 2013, '2014-09-10', 'conf/clef/Tanase13', 'http://ceur-ws.org/Vol-1179/CLEF2013wn-CHiC-Tanase2013.pdf');
INSERT INTO Write (AuthorID, PaperID) VALUES (3652, 464);
INSERT INTO Author (AuthorID, Name) VALUES (3653, 'Mateusz Budnik');
INSERT INTO Write (AuthorID, PaperID) VALUES (3653, 710);
INSERT INTO Author (AuthorID, Name) VALUES (3654, 'Manoj Harpalani');
INSERT INTO Write (AuthorID, PaperID) VALUES (3654, 1897);
INSERT INTO Author (AuthorID, Name) VALUES (3655, 'Nam Khanh Tran');
INSERT INTO Write (AuthorID, PaperID) VALUES (3655, 2624);
INSERT INTO Author (AuthorID, Name) VALUES (3656, 'Alexandru Mirea');
INSERT INTO Write (AuthorID, PaperID) VALUES (3656, 804);
INSERT INTO Author (AuthorID, Name) VALUES (3657, 'Thanh-Dat Truong');
INSERT INTO Write (AuthorID, PaperID) VALUES (3657, 1058);
INSERT INTO Author (AuthorID, Name) VALUES (3658, 'Marc Rittberger');
INSERT INTO Write (AuthorID, PaperID) VALUES (3658, 2708);
INSERT INTO Author (AuthorID, Name) VALUES (3659, 'David Aleandri');
INSERT INTO Paper (PaperID, Title, Year, MDate, Key, DOI) VALUES (509, 'Convolutional Expectation Maximization for Population Estimation.', 2017, '2017-08-15', 'conf/clef/PomenteA17', 'http://ceur-ws.org/Vol-1866/paper_138.pdf');
INSERT INTO Write (AuthorID, PaperID) VALUES (3659, 509);
INSERT INTO Author (AuthorID, Name) VALUES (3660, 'Lo&iuml;c Lahondes');
INSERT INTO Write (AuthorID, PaperID) VALUES (3660, 1988);
INSERT INTO Author (AuthorID, Name) VALUES (3661, 'Fai&iuml;za Elkateb-Gara');
INSERT INTO Write (AuthorID, PaperID) VALUES (3661, 1940);
INSERT INTO Author (AuthorID, Name) VALUES (3662, 'Alexander Dmitruk');
INSERT INTO Write (AuthorID, PaperID) VALUES (3662, 2282);
INSERT INTO Author (AuthorID, Name) VALUES (3663, 'Roger Labahn');
INSERT INTO Write (AuthorID, PaperID) VALUES (3663, 679);
INSERT INTO Author (AuthorID, Name) VALUES (3664, 'Sascha Heising');
INSERT INTO Write (AuthorID, PaperID) VALUES (3664, 783);
INSERT INTO Author (AuthorID, Name) VALUES (3665, 'Vanessa Wei Feng');
INSERT INTO Write (AuthorID, PaperID) VALUES (3665, 2565);
INSERT INTO Author (AuthorID, Name) VALUES (3666, 'Naeem Bhatti');
INSERT INTO Write (AuthorID, PaperID) VALUES (3666, 3420);
INSERT INTO Author (AuthorID, Name) VALUES (3667, 'Mihai Sterpu');
INSERT INTO Write (AuthorID, PaperID) VALUES (3667, 525);
INSERT INTO Author (AuthorID, Name) VALUES (3668, 'Mladen Karan');
INSERT INTO Write (AuthorID, PaperID) VALUES (3668, 1315);
INSERT INTO Author (AuthorID, Name) VALUES (3669, 'Sachin Singhal');
INSERT INTO Write (AuthorID, PaperID) VALUES (3669, 1012);
INSERT INTO Author (AuthorID, Name) VALUES (3670, 'Mounica Arroju');
INSERT INTO Write (AuthorID, PaperID) VALUES (3670, 1963);
INSERT INTO Author (AuthorID, Name) VALUES (3671, 'Jon Brassey');
INSERT INTO Write (AuthorID, PaperID) VALUES (3671, 1351);
INSERT INTO Author (AuthorID, Name) VALUES (3672, 'Boudour Ammar');
INSERT INTO Write (AuthorID, PaperID) VALUES (3672, 3251);
INSERT INTO Author (AuthorID, Name) VALUES (3673, 'Mickael Rouvier');
INSERT INTO Write (AuthorID, PaperID) VALUES (3673, 2289);
INSERT INTO Author (AuthorID, Name) VALUES (3674, 'Fangmei Lu');
INSERT INTO Paper (PaperID, Title, Year, MDate, Key, DOI) VALUES (626, 'Employing Query Expansion Models to help Patients Diagnose Themselves.', 2015, '2015-09-03', 'conf/clef/Lu15', 'http://ceur-ws.org/Vol-1391/10-CR.pdf');
INSERT INTO Write (AuthorID, PaperID) VALUES (3674, 626);
INSERT INTO Author (AuthorID, Name) VALUES (3675, 'Linda Dawson');
INSERT INTO Write (AuthorID, PaperID) VALUES (3675, 1156);
INSERT INTO Author (AuthorID, Name) VALUES (3676, 'Alexandru Toma');
INSERT INTO Write (AuthorID, PaperID) VALUES (3676, 1905);
INSERT INTO Author (AuthorID, Name) VALUES (3677, 'Liliya Akhtyamova');
INSERT INTO Write (AuthorID, PaperID) VALUES (3677, 2665);
INSERT INTO Author (AuthorID, Name) VALUES (3678, 'Magdalena Rischka');
INSERT INTO Write (AuthorID, PaperID) VALUES (3678, 3149);
INSERT INTO Author (AuthorID, Name) VALUES (3679, 'Juan Manuel Cordoba Malagon');
INSERT INTO Write (AuthorID, PaperID) VALUES (3679, 2823);
INSERT INTO Author (AuthorID, Name) VALUES (3680, 'Kseniya Buraya');
INSERT INTO Write (AuthorID, PaperID) VALUES (3680, 2457);
INSERT INTO Author (AuthorID, Name) VALUES (3681, 'Daniel Kopev');
INSERT INTO Write (AuthorID, PaperID) VALUES (3681, 1568);
INSERT INTO Author (AuthorID, Name) VALUES (3682, 'Suman Sedai');
INSERT INTO Write (AuthorID, PaperID) VALUES (3682, 2892);
INSERT INTO Author (AuthorID, Name) VALUES (3683, 'Kang Xin');
INSERT INTO Write (AuthorID, PaperID) VALUES (3683, 1265);
INSERT INTO Author (AuthorID, Name) VALUES (3684, 'Djamel Eddine Yagoub');
INSERT INTO Write (AuthorID, PaperID) VALUES (3684, 2228);
INSERT INTO Author (AuthorID, Name) VALUES (3685, 'Dragos Silion');
INSERT INTO Write (AuthorID, PaperID) VALUES (3685, 3302);
INSERT INTO Author (AuthorID, Name) VALUES (3686, 'Ferran Pl&agrave;');
INSERT INTO Write (AuthorID, PaperID) VALUES (3686, 876);
INSERT INTO Author (AuthorID, Name) VALUES (3687, 'Maram Barifah');
INSERT INTO Write (AuthorID, PaperID) VALUES (3687, 2188);
INSERT INTO Author (AuthorID, Name) VALUES (3688, 'Gustavo Lacerda de Melo');
INSERT INTO Write (AuthorID, PaperID) VALUES (3688, 2500);
INSERT INTO Author (AuthorID, Name) VALUES (3689, 'Alvaro Barreiro');
INSERT INTO Write (AuthorID, PaperID) VALUES (3689, 729);
INSERT INTO Author (AuthorID, Name) VALUES (3690, 'Dimitrina Zlatkova');
INSERT INTO Write (AuthorID, PaperID) VALUES (3690, 1568);
INSERT INTO Author (AuthorID, Name) VALUES (3691, 'Zhe Yu');
INSERT INTO Write (AuthorID, PaperID) VALUES (3691, 1675);
INSERT INTO Author (AuthorID, Name) VALUES (3692, 'Anna Morou');
INSERT INTO Write (AuthorID, PaperID) VALUES (3692, 2419);
INSERT INTO Author (AuthorID, Name) VALUES (3693, 'Ralf Bierig');
INSERT INTO Write (AuthorID, PaperID) VALUES (3693, 1359);
INSERT INTO Author (AuthorID, Name) VALUES (3694, 'Thierry Joliveau');
INSERT INTO Write (AuthorID, PaperID) VALUES (3694, 3262);
INSERT INTO Author (AuthorID, Name) VALUES (3695, 'Osama Haggag');
INSERT INTO Paper (PaperID, Title, Year, MDate, Key, DOI) VALUES (3261, 'Plagiarism Candidate Retrieval Using Selective Query Formulation and Discriminative Query Scoring Notebook for PAN at CLEF 2013.', 2013, '2015-06-22', 'conf/clef/HaggagE13', 'http://ceur-ws.org/Vol-1179/CLEF2013wn-PAN-HaggagEt2013.pdf');
INSERT INTO Write (AuthorID, PaperID) VALUES (3695, 3261);
INSERT INTO Author (AuthorID, Name) VALUES (3696, 'Erhan Sezerer');
INSERT INTO Write (AuthorID, PaperID) VALUES (3696, 3177);
INSERT INTO Author (AuthorID, Name) VALUES (3697, 'Haihao Yu');
INSERT INTO Write (AuthorID, PaperID) VALUES (3697, 2514);
INSERT INTO Author (AuthorID, Name) VALUES (3698, 'Mouad Housni');
INSERT INTO Write (AuthorID, PaperID) VALUES (3698, 3140);
INSERT INTO Author (AuthorID, Name) VALUES (3699, 'Blaz Skrlj');
INSERT INTO Write (AuthorID, PaperID) VALUES (3699, 2214);
INSERT INTO Author (AuthorID, Name) VALUES (3700, 'Vineet Bansal');
INSERT INTO Write (AuthorID, PaperID) VALUES (3700, 226);
INSERT INTO Author (AuthorID, Name) VALUES (3701, 'Parikshit Sondhi');
INSERT INTO Write (AuthorID, PaperID) VALUES (3701, 1132);
INSERT INTO Author (AuthorID, Name) VALUES (3702, 'Muyun Yang');
INSERT INTO Write (AuthorID, PaperID) VALUES (3702, 1738);
INSERT INTO Author (AuthorID, Name) VALUES (3703, 'S&eacute;amus Lawless');
INSERT INTO Write (AuthorID, PaperID) VALUES (3703, 1465);
INSERT INTO Author (AuthorID, Name) VALUES (3704, 'Serge Molina');
INSERT INTO Write (AuthorID, PaperID) VALUES (3704, 2326);
INSERT INTO Author (AuthorID, Name) VALUES (3705, 'Esther van den Berg');
INSERT INTO Write (AuthorID, PaperID) VALUES (3705, 2160);
INSERT INTO Author (AuthorID, Name) VALUES (3706, 'M. Anand Kumar');
INSERT INTO Write (AuthorID, PaperID) VALUES (3706, 635);
INSERT INTO Author (AuthorID, Name) VALUES (3707, 'George Giannakopoulos');
INSERT INTO Write (AuthorID, PaperID) VALUES (3707, 1545);
INSERT INTO Author (AuthorID, Name) VALUES (3708, 'Josep Isern-Gonzalez');
INSERT INTO Write (AuthorID, PaperID) VALUES (3708, 1642);
INSERT INTO Author (AuthorID, Name) VALUES (3709, 'Klaus-Robert M&uuml;ller');
INSERT INTO Write (AuthorID, PaperID) VALUES (3709, 502);
INSERT INTO Author (AuthorID, Name) VALUES (3710, 'Sergio Burdisso');
INSERT INTO Write (AuthorID, PaperID) VALUES (3710, 1367);
INSERT INTO Author (AuthorID, Name) VALUES (3711, 'Aaron M. Cohen');
INSERT INTO Write (AuthorID, PaperID) VALUES (3711, 1527);
INSERT INTO Author (AuthorID, Name) VALUES (3712, 'Nsikan-George Emana');
INSERT INTO Write (AuthorID, PaperID) VALUES (3712, 266);
INSERT INTO Author (AuthorID, Name) VALUES (3713, 'Leila Weitzel');
INSERT INTO Write (AuthorID, PaperID) VALUES (3713, 1266);
INSERT INTO Author (AuthorID, Name) VALUES (3714, 'Diego Fern&aacute;ndez Iglesias');
INSERT INTO Write (AuthorID, PaperID) VALUES (3714, 1822);
INSERT INTO Author (AuthorID, Name) VALUES (3715, 'Selma Tekir');
INSERT INTO Write (AuthorID, PaperID) VALUES (3715, 3177);
INSERT INTO Author (AuthorID, Name) VALUES (3716, 'Mihir Shekhar');
INSERT INTO Write (AuthorID, PaperID) VALUES (3716, 1066);
INSERT INTO Author (AuthorID, Name) VALUES (3717, 'Pierre Jourlin');
INSERT INTO Paper (PaperID, Title, Year, MDate, Key, DOI) VALUES (3459, 'Entity Recognition and Language Identification with FELTS.', 2017, '2017-08-15', 'conf/clef/Jourlin17', 'http://ceur-ws.org/Vol-1866/paper_53.pdf');
INSERT INTO Write (AuthorID, PaperID) VALUES (3717, 3459);
INSERT INTO Author (AuthorID, Name) VALUES (3718, 'Fran&ccedil;ois-Marie Giraud');
INSERT INTO Write (AuthorID, PaperID) VALUES (3718, 3022);
INSERT INTO Author (AuthorID, Name) VALUES (3719, 'Jacky Montmain');
INSERT INTO Write (AuthorID, PaperID) VALUES (3719, 1960);
INSERT INTO Author (AuthorID, Name) VALUES (3720, 'Fatma Ben Abdallah');
INSERT INTO Write (AuthorID, PaperID) VALUES (3720, 3176);
INSERT INTO Author (AuthorID, Name) VALUES (3721, 'Frederik Vaassen');
INSERT INTO Write (AuthorID, PaperID) VALUES (3721, 3382);
INSERT INTO Author (AuthorID, Name) VALUES (3722, 'Travis Goodwin');
INSERT INTO Write (AuthorID, PaperID) VALUES (3722, 700);
INSERT INTO Author (AuthorID, Name) VALUES (3723, 'Md Obaidullah Sk');
INSERT INTO Write (AuthorID, PaperID) VALUES (3723, 2846);
INSERT INTO Author (AuthorID, Name) VALUES (3724, 'Christophe Marsala');
INSERT INTO Write (AuthorID, PaperID) VALUES (3724, 722);
INSERT INTO Author (AuthorID, Name) VALUES (3725, 'Andrea Pomente');
INSERT INTO Write (AuthorID, PaperID) VALUES (3725, 509);
INSERT INTO Author (AuthorID, Name) VALUES (3726, 'Stuart Mackie');
INSERT INTO Write (AuthorID, PaperID) VALUES (3726, 2924);
INSERT INTO Author (AuthorID, Name) VALUES (3727, 'Pawel Teisseyre');
INSERT INTO Write (AuthorID, PaperID) VALUES (3727, 3336);
INSERT INTO Author (AuthorID, Name) VALUES (3728, 'Stefan Taubert');
INSERT INTO Write (AuthorID, PaperID) VALUES (3728, 2629);
INSERT INTO Author (AuthorID, Name) VALUES (3729, 'Irina Rancea');
INSERT INTO Write (AuthorID, PaperID) VALUES (3729, 961);
INSERT INTO Author (AuthorID, Name) VALUES (3730, 'Pengyi Zhang');
INSERT INTO Write (AuthorID, PaperID) VALUES (3730, 2959);
INSERT INTO Author (AuthorID, Name) VALUES (3731, 'Aure S&eacute;guier');
INSERT INTO Write (AuthorID, PaperID) VALUES (3731, 1900);
INSERT INTO Author (AuthorID, Name) VALUES (3732, 'Christina M&uuml;ller');
INSERT INTO Write (AuthorID, PaperID) VALUES (3732, 502);
INSERT INTO Author (AuthorID, Name) VALUES (3733, 'James Marquardt');
INSERT INTO Write (AuthorID, PaperID) VALUES (3733, 1598);
INSERT INTO Author (AuthorID, Name) VALUES (3734, 'Yasser El-Sonbaty');
INSERT INTO Write (AuthorID, PaperID) VALUES (3734, 3104);
INSERT INTO Author (AuthorID, Name) VALUES (3735, 'Kirill Mishchenko');
INSERT INTO Write (AuthorID, PaperID) VALUES (3735, 2089);
INSERT INTO Author (AuthorID, Name) VALUES (3736, 'S&eacute;bastien Le Maguer');
INSERT INTO Write (AuthorID, PaperID) VALUES (3736, 3189);
INSERT INTO Author (AuthorID, Name) VALUES (3737, 'Yu Qiao');
INSERT INTO Write (AuthorID, PaperID) VALUES (3737, 698);
INSERT INTO Author (AuthorID, Name) VALUES (3738, 'Timothy Gollins');
INSERT INTO Write (AuthorID, PaperID) VALUES (3738, 640);
INSERT INTO Author (AuthorID, Name) VALUES (3739, 'Yu Qian');
INSERT INTO Write (AuthorID, PaperID) VALUES (3739, 1701);
INSERT INTO Author (AuthorID, Name) VALUES (3740, 'Waleed Ragheb');
INSERT INTO Write (AuthorID, PaperID) VALUES (3740, 1216);
INSERT INTO Author (AuthorID, Name) VALUES (3741, 'ChengXiang Zhai');
INSERT INTO Write (AuthorID, PaperID) VALUES (3741, 1132);
INSERT INTO Author (AuthorID, Name) VALUES (3742, 'Babak Loni');
INSERT INTO Write (AuthorID, PaperID) VALUES (3742, 2483);
INSERT INTO Author (AuthorID, Name) VALUES (3743, 'Luis Jim&eacute;nez-Cuadrado');
INSERT INTO Write (AuthorID, PaperID) VALUES (3743, 3091);
INSERT INTO Author (AuthorID, Name) VALUES (3744, 'Riitta Danielsson-Ojala');
INSERT INTO Write (AuthorID, PaperID) VALUES (3744, 1557);
INSERT INTO Author (AuthorID, Name) VALUES (3745, 'Hogyeong Jeong');
INSERT INTO Write (AuthorID, PaperID) VALUES (3745, 3415);
INSERT INTO Author (AuthorID, Name) VALUES (3746, 'Neil J. Hurley');
INSERT INTO Write (AuthorID, PaperID) VALUES (3746, 2072);
INSERT INTO Author (AuthorID, Name) VALUES (3747, 'Niklas Isenius');
INSERT INTO Write (AuthorID, PaperID) VALUES (3747, 777);
INSERT INTO Author (AuthorID, Name) VALUES (3748, 'Alexey Buslavyev');
INSERT INTO Write (AuthorID, PaperID) VALUES (3748, 1499);
INSERT INTO Author (AuthorID, Name) VALUES (3749, 'Carlos Rodriguez');
INSERT INTO Write (AuthorID, PaperID) VALUES (3749, 1025);
INSERT INTO Author (AuthorID, Name) VALUES (3750, 'Irina Muzika');
INSERT INTO Write (AuthorID, PaperID) VALUES (3750, 1592);
INSERT INTO Author (AuthorID, Name) VALUES (3751, 'Christin Seifert');
INSERT INTO Write (AuthorID, PaperID) VALUES (3751, 1668);
INSERT INTO Author (AuthorID, Name) VALUES (3752, 'P. Hrudya');
INSERT INTO Write (AuthorID, PaperID) VALUES (3752, 993);
INSERT INTO Author (AuthorID, Name) VALUES (3753, 'Framadhan Arnely');
INSERT INTO Write (AuthorID, PaperID) VALUES (3753, 1976);
INSERT INTO Author (AuthorID, Name) VALUES (3754, 'Sylvie Chevret');
INSERT INTO Write (AuthorID, PaperID) VALUES (3754, 936);
INSERT INTO Author (AuthorID, Name) VALUES (3755, 'Antoine Briand');
INSERT INTO Write (AuthorID, PaperID) VALUES (3755, 3105);
INSERT INTO Author (AuthorID, Name) VALUES (3756, 'Alina Maria Ciobanu');
INSERT INTO Write (AuthorID, PaperID) VALUES (3756, 1765);
INSERT INTO Author (AuthorID, Name) VALUES (3757, 'Beatrix Alex');
INSERT INTO Write (AuthorID, PaperID) VALUES (3757, 1188);
INSERT INTO Author (AuthorID, Name) VALUES (3758, 'Santiago A. P&eacute;rez-Rubiano');
INSERT INTO Write (AuthorID, PaperID) VALUES (3758, 100);
INSERT INTO Author (AuthorID, Name) VALUES (3759, 'Magdalena Parks');
INSERT INTO Write (AuthorID, PaperID) VALUES (3759, 1901);
INSERT INTO Author (AuthorID, Name) VALUES (3760, 'Zan-Xia Jin');
INSERT INTO Write (AuthorID, PaperID) VALUES (3760, 1127);
INSERT INTO Author (AuthorID, Name) VALUES (3761, 'Di Xu');
INSERT INTO Write (AuthorID, PaperID) VALUES (3761, 3403);
INSERT INTO Author (AuthorID, Name) VALUES (3762, 'A. Jagannathan');
INSERT INTO Write (AuthorID, PaperID) VALUES (3762, 3437);
INSERT INTO Author (AuthorID, Name) VALUES (3763, 'Emanuel Luchetti');
INSERT INTO Write (AuthorID, PaperID) VALUES (3763, 1484);
INSERT INTO Author (AuthorID, Name) VALUES (3764, 'Gemma S&aacute;nchez');
INSERT INTO Write (AuthorID, PaperID) VALUES (3764, 1589);
INSERT INTO Author (AuthorID, Name) VALUES (3765, 'Sri Hartati Wijono');
INSERT INTO Write (AuthorID, PaperID) VALUES (3765, 890);
INSERT INTO Author (AuthorID, Name) VALUES (3766, 'Sergio Davalos');
INSERT INTO Write (AuthorID, PaperID) VALUES (3766, 1598);
INSERT INTO Author (AuthorID, Name) VALUES (3767, 'Elena Deneva');
INSERT INTO Write (AuthorID, PaperID) VALUES (3767, 2704);
INSERT INTO Author (AuthorID, Name) VALUES (3768, 'Oriol Ramos Terrades');
INSERT INTO Write (AuthorID, PaperID) VALUES (3768, 1589);
INSERT INTO Author (AuthorID, Name) VALUES (3769, 'Rong Jin');
INSERT INTO Write (AuthorID, PaperID) VALUES (3769, 226);
INSERT INTO Author (AuthorID, Name) VALUES (3770, 'Luis Rom&atilde;o');
INSERT INTO Write (AuthorID, PaperID) VALUES (3770, 1974);
INSERT INTO Author (AuthorID, Name) VALUES (3771, 'Xiong Lv');
INSERT INTO Write (AuthorID, PaperID) VALUES (3771, 1323);
INSERT INTO Author (AuthorID, Name) VALUES (3772, 'Stefan Savov');
INSERT INTO Write (AuthorID, PaperID) VALUES (3772, 3263);
INSERT INTO Author (AuthorID, Name) VALUES (3773, 'Samhaa R. El-Beltagy');
INSERT INTO Write (AuthorID, PaperID) VALUES (3773, 3261);
INSERT INTO Author (AuthorID, Name) VALUES (3774, 'Martha-Alicia Rocha');
INSERT INTO Write (AuthorID, PaperID) VALUES (3774, 2654);
INSERT INTO Author (AuthorID, Name) VALUES (3775, 'Adam Ishay');
INSERT INTO Write (AuthorID, PaperID) VALUES (3775, 606);
INSERT INTO Author (AuthorID, Name) VALUES (3776, 'Dongfang Xu');
INSERT INTO Write (AuthorID, PaperID) VALUES (3776, 2981);
INSERT INTO Author (AuthorID, Name) VALUES (3777, 'Ngan L. T. Nguyen');
INSERT INTO Write (AuthorID, PaperID) VALUES (3777, 2346);
