INSERT INTO Paper (PaperID, Title, Year, MDate, Key, DOI) VALUES (3042, 'JHU Ad Hoc Experiments at CLEF 2008.', 2008, '2017-05-24', 'conf/clef/McNamee08', 'https://doi.org/10.1007/978-3-642-04447-2_21');
INSERT INTO Write (AuthorID, PaperID) VALUES (77, 3042);
INSERT INTO Write (AuthorID, PaperID) VALUES (77, 3115);
INSERT INTO Paper (PaperID, Title, Year, MDate, Key, DOI) VALUES (3318, 'Cross-Language Retrieval Using HAIRCUT at CLEF 2004.', 2004, '2017-05-24', 'conf/clef/McNameeM05', 'https://doi.org/10.1007/11519645_5');
INSERT INTO Write (AuthorID, PaperID) VALUES (77, 3318);
INSERT INTO Paper (PaperID, Title, Year, MDate, Key, DOI) VALUES (3398, 'JHU/APL Experiments in Tokenization and Non-word Translation.', 2003, '2017-05-24', 'conf/clef/McNameeM03', 'https://doi.org/10.1007/978-3-540-30222-3_8');
INSERT INTO Write (AuthorID, PaperID) VALUES (77, 3398);
INSERT INTO Paper (PaperID, Title, Year, MDate, Key, DOI) VALUES (3479, 'JHU/APL Experiments in Tokenization and Non-Word Translation.', 2003, '2014-08-15', 'conf/clef/McNameeM03b', 'http://ceur-ws.org/Vol-1169/CLEF2003wn-adhoc-McNameeEt2003.pdf');
INSERT INTO Write (AuthorID, PaperID) VALUES (77, 3479);
INSERT INTO Author (AuthorID, Name) VALUES (78, 'Noriko Kando');
INSERT INTO Paper (PaperID, Title, Year, MDate, Key, DOI) VALUES (18, 'CLIR at NTCIR Workshop 3: Cross-Language and Cross-Genre Retrieval.', 2002, '2017-05-24', 'conf/clef/Kando02', 'https://doi.org/10.1007/978-3-540-45237-9_42');
INSERT INTO Write (AuthorID, PaperID) VALUES (78, 18);
INSERT INTO Paper (PaperID, Title, Year, MDate, Key, DOI) VALUES (164, 'A Hybrid Approach to Query and Document Translation Using a Pivot Language for Cross-Language Information Retrieval.', 2005, '2017-05-24', 'conf/clef/KishidaK05', 'https://doi.org/10.1007/11878773_10');
INSERT INTO Write (AuthorID, PaperID) VALUES (78, 164);
INSERT INTO Paper (PaperID, Title, Year, MDate, Key, DOI) VALUES (578, 'CLIR at NTCIR Workshop 3.', 2002, '2014-08-15', 'conf/clef/Kando02a', 'http://ceur-ws.org/Vol-1168/CLEF2002wn-other-KandoEt2002.pdf');
INSERT INTO Write (AuthorID, PaperID) VALUES (78, 578);
INSERT INTO Write (AuthorID, PaperID) VALUES (78, 656);
INSERT INTO Paper (PaperID, Title, Year, MDate, Key, DOI) VALUES (756, 'Two-Stage Refinement of Transitive Query Translation with English Disambiguation for Cross-Language Information Retrieval: An Experiment at CLEF 2004.', 2004, '2017-05-24', 'conf/clef/KishidaKC05', 'https://doi.org/10.1007/11519645_13');
INSERT INTO Write (AuthorID, PaperID) VALUES (78, 756);
INSERT INTO Paper (PaperID, Title, Year, MDate, Key, DOI) VALUES (899, 'Two Stages Refinement of Query Translation for Pivot Language Approach to Cross Lingual Information Retrieval: A Trial at CLEF 2003.', 2003, '2014-08-15', 'conf/clef/KishidaK03a', 'http://ceur-ws.org/Vol-1169/CLEF2003wn-adhoc-KishidaEt2003.pdf');
INSERT INTO Write (AuthorID, PaperID) VALUES (78, 899);
INSERT INTO Paper (PaperID, Title, Year, MDate, Key, DOI) VALUES (1242, 'CRES at LogCLEF 2010: Towards Understanding the User Behaviors through an Analysis of Search Sessions, Search Units and Click Ranks.', 2010, '2014-09-24', 'conf/clef/TakakuESKTM10', 'http://www.clef-initiative.eu/documents/71612/86374/CLEF2010wn-LogCLEF-TakakuEt2010.pdf');
INSERT INTO Write (AuthorID, PaperID) VALUES (78, 1242);
INSERT INTO Paper (PaperID, Title, Year, MDate, Key, DOI) VALUES (1335, 'Two-Stage Refinement of Query Translation in a Pivot Language Approach to Cross-Lingual Information Retrieval: An Experiment at CLEF 2003.', 2003, '2017-05-24', 'conf/clef/KishidaK03', 'https://doi.org/10.1007/978-3-540-30222-3_24');
INSERT INTO Write (AuthorID, PaperID) VALUES (78, 1335);
INSERT INTO Paper (PaperID, Title, Year, MDate, Key, DOI) VALUES (1393, 'Evaluation of Information Access Technologies at NTCIR Workshop.', 2003, '2014-08-15', 'conf/clef/Kando03a', 'http://ceur-ws.org/Vol-1169/CLEF2003wn-other-Kando2003.pdf');
INSERT INTO Write (AuthorID, PaperID) VALUES (78, 1393);
INSERT INTO Write (AuthorID, PaperID) VALUES (78, 1654);
INSERT INTO Paper (PaperID, Title, Year, MDate, Key, DOI) VALUES (1666, 'NTCIR-4: Outline of Invited Talk at CLEF 2004 Workshop.', 2004, '2014-08-15', 'conf/clef/Kando04', 'http://ceur-ws.org/Vol-1170/CLEF2004wn-other-Kando2004.pdf');
INSERT INTO Write (AuthorID, PaperID) VALUES (78, 1666);
INSERT INTO Paper (PaperID, Title, Year, MDate, Key, DOI) VALUES (2135, 'Evaluation of Information Access Technologies at the NTCIR Workshop.', 2003, '2017-05-24', 'conf/clef/Kando03', 'https://doi.org/10.1007/978-3-540-30222-3_4');
INSERT INTO Write (AuthorID, PaperID) VALUES (78, 2135);
INSERT INTO Paper (PaperID, Title, Year, MDate, Key, DOI) VALUES (2411, 'NTCIR Workshop: Japanese- and Chinese-English Cross-Lingual Information Retrieval and Multi-grade Relevance Judgments.', 2000, '2017-05-24', 'conf/clef/Kando00', 'https://doi.org/10.1007/3-540-44645-1_3');
INSERT INTO Write (AuthorID, PaperID) VALUES (78, 2411);
INSERT INTO Paper (PaperID, Title, Year, MDate, Key, DOI) VALUES (2885, 'CLIR System Evaluation at the Second NTCIR Workshop.', 2001, '2017-05-24', 'conf/clef/Kando01', 'https://doi.org/10.1007/3-540-45691-0_35');
INSERT INTO Write (AuthorID, PaperID) VALUES (78, 2885);
INSERT INTO Write (AuthorID, PaperID) VALUES (78, 2954);
INSERT INTO Paper (PaperID, Title, Year, MDate, Key, DOI) VALUES (3065, 'Two-Stage Refinement of Transitive Query Translation with English Disambiguation for Cross-Language Information Retrieval: A Trial at CLEF 2004.', 2004, '2015-03-06', 'conf/clef/KishidaKC04', 'http://ceur-ws.org/Vol-1170/CLEF2004wn-adhoc-KishidaEt2004.pdf');
INSERT INTO Write (AuthorID, PaperID) VALUES (78, 3065);
INSERT INTO Paper (PaperID, Title, Year, MDate, Key, DOI) VALUES (3349, 'Hybrid Approach of Query and Document Translation with Pivot Language for Cross-Language Information Retrieval.', 2005, '2014-08-15', 'conf/clef/KishidaK05a', 'http://ceur-ws.org/Vol-1171/CLEF2005wn-adhoc-KishidaEt2005.pdf');
INSERT INTO Write (AuthorID, PaperID) VALUES (78, 3349);
INSERT INTO Write (AuthorID, PaperID) VALUES (78, 3417);
INSERT INTO Paper (PaperID, Title, Year, MDate, Key, DOI) VALUES (3419, 'CLIR System Evaluation at NTCIR Workshops.', 2001, '2014-08-15', 'conf/clef/Kando01a', 'http://ceur-ws.org/Vol-1167/CLEF2001wn-other-Kando2001.pdf');
INSERT INTO Write (AuthorID, PaperID) VALUES (78, 3419);
INSERT INTO Author (AuthorID, Name) VALUES (79, 'Diana Santos');
INSERT INTO Write (AuthorID, PaperID) VALUES (79, 300);
INSERT INTO Paper (PaperID, Title, Year, MDate, Key, DOI) VALUES (424, 'GikiCLEF: Crosscultural Issues in an International Setting: Asking non-English-centered Questions to Wikipedia.', 2009, '2014-09-29', 'conf/clef/SantosC09a', 'http://ceur-ws.org/Vol-1175/CLEF2009wn-QACLEF-SantosEt2009.pdf');
INSERT INTO Write (AuthorID, PaperID) VALUES (79, 424);
INSERT INTO Write (AuthorID, PaperID) VALUES (79, 850);
INSERT INTO Write (AuthorID, PaperID) VALUES (79, 1163);
INSERT INTO Write (AuthorID, PaperID) VALUES (79, 1255);
INSERT INTO Paper (PaperID, Title, Year, MDate, Key, DOI) VALUES (1383, 'Esfinge at CLEF 2007: First Steps in a Multiple Question and Multiple Answer Approach.', 2007, '2014-09-23', 'conf/clef/CabralCS07a', 'http://ceur-ws.org/Vol-1173/CLEF2007wn-QACLEF-CabralEt2007.pdf');
INSERT INTO Write (AuthorID, PaperID) VALUES (79, 1383);
INSERT INTO Paper (PaperID, Title, Year, MDate, Key, DOI) VALUES (1429, 'What Happened to Esfinge in 2007?', 2007, '2017-05-24', 'conf/clef/CabralCS07', 'https://doi.org/10.1007/978-3-540-85760-0_31');
INSERT INTO Write (AuthorID, PaperID) VALUES (79, 1429);
INSERT INTO Paper (PaperID, Title, Year, MDate, Key, DOI) VALUES (1439, 'The Key to the First CLEF with Portuguese: Topics, Questions and Answers in CHAVE.', 2004, '2017-05-24', 'conf/clef/SantosR05', 'https://doi.org/10.1007/11519645_80');
INSERT INTO Write (AuthorID, PaperID) VALUES (79, 1439);
INSERT INTO Write (AuthorID, PaperID) VALUES (79, 1543);
INSERT INTO Write (AuthorID, PaperID) VALUES (79, 1650);
INSERT INTO Paper (PaperID, Title, Year, MDate, Key, DOI) VALUES (1788, 'QolA: Fostering Collaboration Within QA.', 2006, '2017-05-24', 'conf/clef/SantosC06', 'https://doi.org/10.1007/978-3-540-74999-8_70');
INSERT INTO Write (AuthorID, PaperID) VALUES (79, 1788);
INSERT INTO Write (AuthorID, PaperID) VALUES (79, 1934);
INSERT INTO Write (AuthorID, PaperID) VALUES (79, 2777);
INSERT INTO Write (AuthorID, PaperID) VALUES (79, 2820);
INSERT INTO Write (AuthorID, PaperID) VALUES (79, 2990);
INSERT INTO Write (AuthorID, PaperID) VALUES (79, 3286);
INSERT INTO Paper (PaperID, Title, Year, MDate, Key, DOI) VALUES (3373, 'CHAVE: Topics and Questions on the Portuguese Participation in CLEF.', 2004, '2014-08-15', 'conf/clef/SantosR04', 'http://ceur-ws.org/Vol-1170/CLEF2004wn-other-Santos2004.pdf');
INSERT INTO Write (AuthorID, PaperID) VALUES (79, 3373);
INSERT INTO Paper (PaperID, Title, Year, MDate, Key, DOI) VALUES (3426, 'GikiCLEF: Expectations and Lessons Learned.', 2009, '2017-05-24', 'conf/clef/SantosC09', 'https://doi.org/10.1007/978-3-642-15754-7_23');
INSERT INTO Write (AuthorID, PaperID) VALUES (79, 3426);
INSERT INTO Write (AuthorID, PaperID) VALUES (79, 3521);
INSERT INTO Author (AuthorID, Name) VALUES (80, 'Jayashree Kalpathy-Cramer');
INSERT INTO Write (AuthorID, PaperID) VALUES (80, 163);
INSERT INTO Write (AuthorID, PaperID) VALUES (80, 382);
INSERT INTO Write (AuthorID, PaperID) VALUES (80, 437);
INSERT INTO Write (AuthorID, PaperID) VALUES (80, 452);
INSERT INTO Write (AuthorID, PaperID) VALUES (80, 631);
INSERT INTO Write (AuthorID, PaperID) VALUES (80, 1168);
INSERT INTO Write (AuthorID, PaperID) VALUES (80, 1280);
INSERT INTO Write (AuthorID, PaperID) VALUES (80, 1341);
INSERT INTO Write (AuthorID, PaperID) VALUES (80, 1505);
INSERT INTO Write (AuthorID, PaperID) VALUES (80, 1537);
INSERT INTO Write (AuthorID, PaperID) VALUES (80, 1566);
INSERT INTO Write (AuthorID, PaperID) VALUES (80, 1959);
INSERT INTO Write (AuthorID, PaperID) VALUES (80, 2155);
INSERT INTO Paper (PaperID, Title, Year, MDate, Key, DOI) VALUES (2180, 'Improving Retrieval Using External Annotations: OHSU at ImageCLEF 2010.', 2010, '2014-09-24', 'conf/clef/BedrickK10', 'http://www.clef-initiative.eu/documents/71612/86374/CLEF2010wn-ImageCLEF-BedrickEt2010.pdf');
INSERT INTO Write (AuthorID, PaperID) VALUES (80, 2180);
INSERT INTO Write (AuthorID, PaperID) VALUES (80, 2469);
INSERT INTO Write (AuthorID, PaperID) VALUES (80, 3141);
INSERT INTO Write (AuthorID, PaperID) VALUES (80, 3167);
INSERT INTO Write (AuthorID, PaperID) VALUES (80, 3215);
INSERT INTO Write (AuthorID, PaperID) VALUES (80, 3288);
INSERT INTO Author (AuthorID, Name) VALUES (81, 'Julien Gobeill');
INSERT INTO Write (AuthorID, PaperID) VALUES (81, 93);
INSERT INTO Write (AuthorID, PaperID) VALUES (81, 198);
INSERT INTO Write (AuthorID, PaperID) VALUES (81, 250);
INSERT INTO Write (AuthorID, PaperID) VALUES (81, 587);
INSERT INTO Write (AuthorID, PaperID) VALUES (81, 1387);
INSERT INTO Write (AuthorID, PaperID) VALUES (81, 1628);
INSERT INTO Write (AuthorID, PaperID) VALUES (81, 1799);
INSERT INTO Write (AuthorID, PaperID) VALUES (81, 1803);
INSERT INTO Write (AuthorID, PaperID) VALUES (81, 1821);
INSERT INTO Write (AuthorID, PaperID) VALUES (81, 2269);
INSERT INTO Write (AuthorID, PaperID) VALUES (81, 2324);
INSERT INTO Write (AuthorID, PaperID) VALUES (81, 2778);
INSERT INTO Write (AuthorID, PaperID) VALUES (81, 2880);
INSERT INTO Write (AuthorID, PaperID) VALUES (81, 2890);
INSERT INTO Write (AuthorID, PaperID) VALUES (81, 2928);
INSERT INTO Write (AuthorID, PaperID) VALUES (81, 3120);
INSERT INTO Write (AuthorID, PaperID) VALUES (81, 3198);
INSERT INTO Write (AuthorID, PaperID) VALUES (81, 3231);
INSERT INTO Write (AuthorID, PaperID) VALUES (81, 3483);
INSERT INTO Author (AuthorID, Name) VALUES (82, 'Paloma Mart&iacute;nez');
INSERT INTO Write (AuthorID, PaperID) VALUES (82, 39);
INSERT INTO Write (AuthorID, PaperID) VALUES (82, 501);
INSERT INTO Write (AuthorID, PaperID) VALUES (82, 790);
INSERT INTO Write (AuthorID, PaperID) VALUES (82, 1203);
INSERT INTO Write (AuthorID, PaperID) VALUES (82, 1231);
INSERT INTO Write (AuthorID, PaperID) VALUES (82, 1278);
INSERT INTO Write (AuthorID, PaperID) VALUES (82, 1669);
INSERT INTO Paper (PaperID, Title, Year, MDate, Key, DOI) VALUES (1704, 'Temporal Information Needs in ResPubliQA: an Attempt to Improve Accuracy. The UC3M Participation at CLEF 2010.', 2010, '2016-06-02', 'conf/clef/Vicente-DiezSM10', 'http://www.clef-initiative.eu/documents/71612/86374/CLEF2010wn-MLQA10-Vicente-D%C3%ADezEt2010.pdf');
INSERT INTO Write (AuthorID, PaperID) VALUES (82, 1704);
INSERT INTO Write (AuthorID, PaperID) VALUES (82, 1925);
INSERT INTO Write (AuthorID, PaperID) VALUES (82, 1996);
INSERT INTO Paper (PaperID, Title, Year, MDate, Key, DOI) VALUES (2036, 'Are Passages Enough? The MIRACLE Team Participation in QA@CLEF2009.', 2009, '2017-05-24', 'conf/clef/Vicente-DiezPMSS09', 'https://doi.org/10.1007/978-3-642-15754-7_32');
INSERT INTO Write (AuthorID, PaperID) VALUES (82, 2036);
INSERT INTO Write (AuthorID, PaperID) VALUES (82, 2212);
INSERT INTO Paper (PaperID, Title, Year, MDate, Key, DOI) VALUES (2305, 'Are Passages Enough? The MIRACLE Team Participation in QA@CLEF2009.', 2009, '2014-09-29', 'conf/clef/Vicente-DiezPMSS09a', 'http://ceur-ws.org/Vol-1175/CLEF2009wn-QACLEF-VicenteDiezEt2009.pdf');
INSERT INTO Write (AuthorID, PaperID) VALUES (82, 2305);
INSERT INTO Write (AuthorID, PaperID) VALUES (82, 2525);
INSERT INTO Write (AuthorID, PaperID) VALUES (82, 2633);
INSERT INTO Write (AuthorID, PaperID) VALUES (82, 3046);
INSERT INTO Write (AuthorID, PaperID) VALUES (82, 3091);
INSERT INTO Write (AuthorID, PaperID) VALUES (82, 3372);
INSERT INTO Author (AuthorID, Name) VALUES (83, 'Horacio Rodr&iacute;guez');
INSERT INTO Paper (PaperID, Title, Year, MDate, Key, DOI) VALUES (216, 'TALP-QA System for Spanish at CLEF-2004.', 2004, '2014-08-15', 'conf/clef/AgenoFGKRST04', 'http://ceur-ws.org/Vol-1170/CLEF2004wn-QACLEF-AgenoEt2004.pdf');
INSERT INTO Write (AuthorID, PaperID) VALUES (83, 216);
INSERT INTO Paper (PaperID, Title, Year, MDate, Key, DOI) VALUES (492, 'The GeoTALP-IR System at GeoCLEF-2005: Experiments Using a QA-based IR System, Linguistic Analysis, and a Geographical Thesaurus.', 2005, '2014-08-15', 'conf/clef/FerresAR05a', 'http://ceur-ws.org/Vol-1171/CLEF2005wn-GeoCLEF-FerresEt2005.pdf');
INSERT INTO Write (AuthorID, PaperID) VALUES (83, 492);
INSERT INTO Paper (PaperID, Title, Year, MDate, Key, DOI) VALUES (624, 'Semantic Tagging and Normalization of French Medical Entities.', 2016, '2016-08-11', 'conf/clef/VivaldiRC16', 'http://ceur-ws.org/Vol-1609/16090179.pdf');
INSERT INTO Write (AuthorID, PaperID) VALUES (83, 624);
INSERT INTO Paper (PaperID, Title, Year, MDate, Key, DOI) VALUES (916, 'The GeoTALP-IR System at GeoCLEF 2005: Experiments Using a QA-Based IR System, Linguistic Analysis, and a Geographical Thesaurus.', 2005, '2018-11-02', 'conf/clef/FerresAR05', 'https://doi.org/10.1007/11878773_106');
INSERT INTO Write (AuthorID, PaperID) VALUES (83, 916);
INSERT INTO Paper (PaperID, Title, Year, MDate, Key, DOI) VALUES (919, 'TALP at GikiCLEF 2009.', 2009, '2014-09-29', 'conf/clef/FerresR09a', 'http://ceur-ws.org/Vol-1175/CLEF2009wn-QACLEF-FerresEt2009.pdf');
INSERT INTO Write (AuthorID, PaperID) VALUES (83, 919);
INSERT INTO Paper (PaperID, Title, Year, MDate, Key, DOI) VALUES (1089, 'Semantic Tagging of French Medical Entities Using Distant Learning.', 2015, '2015-09-03', 'conf/clef/CotikVR15', 'http://ceur-ws.org/Vol-1391/93-CR.pdf');
INSERT INTO Write (AuthorID, PaperID) VALUES (83, 1089);
INSERT INTO Paper (PaperID, Title, Year, MDate, Key, DOI) VALUES (1597, 'TALP at GeoCLEF-2006: Experiments Using JIRS and Lucene with the ADL Feature Type Thesaurus.', 2006, '2014-08-15', 'conf/clef/FerresR06a', 'http://ceur-ws.org/Vol-1172/CLEF2006wn-GeoCLEF-FerresEt2006.pdf');
INSERT INTO Write (AuthorID, PaperID) VALUES (83, 1597);
INSERT INTO Paper (PaperID, Title, Year, MDate, Key, DOI) VALUES (1692, 'TALP at GeoQuery 2007: Linguistic and Geographical Analysis for Query Parsing.', 2007, '2018-11-02', 'conf/clef/FerresR07a', 'https://doi.org/10.1007/978-3-540-85760-0_106');
INSERT INTO Write (AuthorID, PaperID) VALUES (83, 1692);
INSERT INTO Paper (PaperID, Title, Year, MDate, Key, DOI) VALUES (1908, 'The TALP-QA System for Spanish at CLEF 2004: Structural and Hierarchical Relaxing of Semantic Constraints.', 2004, '2018-11-02', 'conf/clef/FerresKAGRST05', 'https://doi.org/10.1007/11519645_55');
INSERT INTO Write (AuthorID, PaperID) VALUES (83, 1908);
INSERT INTO Paper (PaperID, Title, Year, MDate, Key, DOI) VALUES (1950, 'The TALP-QA System for Spanish at CLEF-2005.', 2005, '2014-08-15', 'conf/clef/FerresKGART05', 'http://ceur-ws.org/Vol-1171/CLEF2005wn-QACLEF-FerresEt2005.pdf');
INSERT INTO Write (AuthorID, PaperID) VALUES (83, 1950);
INSERT INTO Paper (PaperID, Title, Year, MDate, Key, DOI) VALUES (2352, 'The TALP-QA System for Spanish at CLEF 2005.', 2005, '2018-11-02', 'conf/clef/FerresKAGRT05', 'https://doi.org/10.1007/11878773_45');
INSERT INTO Write (AuthorID, PaperID) VALUES (83, 2352);
INSERT INTO Paper (PaperID, Title, Year, MDate, Key, DOI) VALUES (2471, 'TALP at GeoCLEF 2007: Using Terrier with Geographical Knowledge Filtering.', 2007, '2014-09-23', 'conf/clef/FerresR07b', 'http://ceur-ws.org/Vol-1173/CLEF2007wn-GeoCLEF-FerresEt2007a.pdf');
INSERT INTO Write (AuthorID, PaperID) VALUES (83, 2471);
INSERT INTO Paper (PaperID, Title, Year, MDate, Key, DOI) VALUES (2495, 'TALP at GeoCLEF 2007: Results of a Geographical Knowledge Filtering Approach with Terrier.', 2007, '2018-11-02', 'conf/clef/FerresR07', 'https://doi.org/10.1007/978-3-540-85760-0_105');
INSERT INTO Write (AuthorID, PaperID) VALUES (83, 2495);
INSERT INTO Paper (PaperID, Title, Year, MDate, Key, DOI) VALUES (2752, 'TALP at GeoCLEF 2006: Experiments Using JIRS and Lucene with the ADL Feature Type Thesaurus.', 2006, '2018-11-02', 'conf/clef/FerresR06', 'https://doi.org/10.1007/978-3-540-74999-8_124');
INSERT INTO Write (AuthorID, PaperID) VALUES (83, 2752);
INSERT INTO Paper (PaperID, Title, Year, MDate, Key, DOI) VALUES (2813, 'TALP at GikiCLEF 2009.', 2009, '2018-11-02', 'conf/clef/FerresR09', 'https://doi.org/10.1007/978-3-642-15754-7_38');
INSERT INTO Write (AuthorID, PaperID) VALUES (83, 2813);
INSERT INTO Paper (PaperID, Title, Year, MDate, Key, DOI) VALUES (2861, 'TALP at WePS-3 2010.', 2010, '2016-06-02', 'conf/clef/FerresR10', 'http://www.clef-initiative.eu/documents/71612/86374/CLEF2010wn-WePS-Ferr%C3%A9sEt2010.pdf');
INSERT INTO Write (AuthorID, PaperID) VALUES (83, 2861);
INSERT INTO Write (AuthorID, PaperID) VALUES (83, 2974);
INSERT INTO Paper (PaperID, Title, Year, MDate, Key, DOI) VALUES (3429, 'TALP at GeoQuery 2007: Linguistic and Geographical Analysis for Query Parsing.', 2007, '2014-09-23', 'conf/clef/FerresR07c', 'http://ceur-ws.org/Vol-1173/CLEF2007wn-GeoCLEF-FerresEt2007b.pdf');
INSERT INTO Write (AuthorID, PaperID) VALUES (83, 3429);
INSERT INTO Author (AuthorID, Name) VALUES (84, 'Petya Osenova');
INSERT INTO Paper (PaperID, Title, Year, MDate, Key, DOI) VALUES (61, 'Bulgarian-English Question Answering: Adaptation of Language Resources.', 2004, '2016-08-30', 'conf/clef/OsenovaSSTK04', 'http://ceur-ws.org/Vol-1170/CLEF2004wn-QACLEF-OsenovaEt2004.pdf');
INSERT INTO Write (AuthorID, PaperID) VALUES (84, 61);
INSERT INTO Write (AuthorID, PaperID) VALUES (84, 142);
INSERT INTO Write (AuthorID, PaperID) VALUES (84, 265);
INSERT INTO Write (AuthorID, PaperID) VALUES (84, 554);
INSERT INTO Write (AuthorID, PaperID) VALUES (84, 633);
INSERT INTO Write (AuthorID, PaperID) VALUES (84, 907);
INSERT INTO Write (AuthorID, PaperID) VALUES (84, 1163);
INSERT INTO Write (AuthorID, PaperID) VALUES (84, 1205);
INSERT INTO Paper (PaperID, Title, Year, MDate, Key, DOI) VALUES (1574, 'Bulgarian-English Question Answering: Adaptation of Language Resources.', 2004, '2017-05-24', 'conf/clef/OsenovaSSTK05', 'https://doi.org/10.1007/11519645_45');
INSERT INTO Write (AuthorID, PaperID) VALUES (84, 1574);
INSERT INTO Paper (PaperID, Title, Year, MDate, Key, DOI) VALUES (2042, 'BulQA: Bulgarian-Bulgarian Question Answering at CLEF 2005.', 2005, '2017-05-24', 'conf/clef/SimovO05', 'https://doi.org/10.1007/11878773_58');
INSERT INTO Write (AuthorID, PaperID) VALUES (84, 2042);
INSERT INTO Write (AuthorID, PaperID) VALUES (84, 2789);
INSERT INTO Write (AuthorID, PaperID) VALUES (84, 2836);
INSERT INTO Paper (PaperID, Title, Year, MDate, Key, DOI) VALUES (2998, 'Bulgarian Question Answering for Machine Reading.', 2012, '2016-08-30', 'conf/clef/SimovOGZT12', 'http://www.clef-initiative.eu/documents/71612/6b811abc-500e-4af9-acb9-c79a02eb04c9');
INSERT INTO Write (AuthorID, PaperID) VALUES (84, 2998);
INSERT INTO Paper (PaperID, Title, Year, MDate, Key, DOI) VALUES (3117, 'Cross-Language Answer Validation.', 2012, '2016-08-30', 'conf/clef/ZhikovTOSG12', 'http://www.clef-initiative.eu/documents/71612/d3743f2e-5cf0-4571-be0f-71986037ea08');
INSERT INTO Write (AuthorID, PaperID) VALUES (84, 3117);
INSERT INTO Write (AuthorID, PaperID) VALUES (84, 3147);
INSERT INTO Write (AuthorID, PaperID) VALUES (84, 3190);
INSERT INTO Write (AuthorID, PaperID) VALUES (84, 3286);
INSERT INTO Paper (PaperID, Title, Year, MDate, Key, DOI) VALUES (3487, 'BulQA: Bulgarian-Bulgarian Question Answering at CLEF 2005.', 2005, '2016-08-30', 'conf/clef/SimovO05a', 'http://ceur-ws.org/Vol-1171/CLEF2005wn-QACLEF-SimovEt2005.pdf');
INSERT INTO Write (AuthorID, PaperID) VALUES (84, 3487);
INSERT INTO Author (AuthorID, Name) VALUES (85, 'Marijn Koolen');
INSERT INTO Write (AuthorID, PaperID) VALUES (85, 232);
INSERT INTO Write (AuthorID, PaperID) VALUES (85, 378);
INSERT INTO Write (AuthorID, PaperID) VALUES (85, 429);
INSERT INTO Paper (PaperID, Title, Year, MDate, Key, DOI) VALUES (675, 'Individual Differences and Task Behaviour.', 2016, '2016-08-11', 'conf/clef/HallK16', 'http://ceur-ws.org/Vol-1609/16091106.pdf');
INSERT INTO Write (AuthorID, PaperID) VALUES (85, 675);
INSERT INTO Write (AuthorID, PaperID) VALUES (85, 1210);
INSERT INTO Paper (PaperID, Title, Year, MDate, Key, DOI) VALUES (1245, 'Overview of the INEX 2014 Interactive Social Book Search Track.', 2014, '2017-09-07', 'conf/clef/HallHKSW14', 'http://ceur-ws.org/Vol-1180/CLEF2014wn-Inex-HallEt2014.pdf');
INSERT INTO Write (AuthorID, PaperID) VALUES (85, 1245);
INSERT INTO Write (AuthorID, PaperID) VALUES (85, 1438);
INSERT INTO Write (AuthorID, PaperID) VALUES (85, 1546);
INSERT INTO Write (AuthorID, PaperID) VALUES (85, 2447);
INSERT INTO Write (AuthorID, PaperID) VALUES (85, 2460);
INSERT INTO Write (AuthorID, PaperID) VALUES (85, 2542);
INSERT INTO Write (AuthorID, PaperID) VALUES (85, 2584);
INSERT INTO Paper (PaperID, Title, Year, MDate, Key, DOI) VALUES (2601, 'Overview of the SBS 2016 Mining Track.', 2016, '2016-08-11', 'conf/clef/BogersHKV16', 'http://ceur-ws.org/Vol-1609/16091053.pdf');
INSERT INTO Write (AuthorID, PaperID) VALUES (85, 2601);
INSERT INTO Write (AuthorID, PaperID) VALUES (85, 2625);
INSERT INTO Write (AuthorID, PaperID) VALUES (85, 2939);
INSERT INTO Write (AuthorID, PaperID) VALUES (85, 3247);
INSERT INTO Write (AuthorID, PaperID) VALUES (85, 3370);
INSERT INTO Paper (PaperID, Title, Year, MDate, Key, DOI) VALUES (3458, 'Overview of the INEX 2013 Social Book Search Track.', 2013, '2014-09-10', 'conf/clef/KoolenKPD13', 'http://ceur-ws.org/Vol-1179/CLEF2013wn-INEX-KoolenEt2013b.pdf');
INSERT INTO Write (AuthorID, PaperID) VALUES (85, 3458);
INSERT INTO Author (AuthorID, Name) VALUES (86, 'Martin Braschler');
INSERT INTO Paper (PaperID, Title, Year, MDate, Key, DOI) VALUES (55, 'Introduction to the CLEF 2010 labs.', 2010, '2014-09-24', 'conf/clef/BraschlerH10', 'http://www.clef-initiative.eu/documents/71612/86374/CLEF2010wn_all_BraschlerEt2010.pdf');
INSERT INTO Write (AuthorID, PaperID) VALUES (86, 55);
INSERT INTO Write (AuthorID, PaperID) VALUES (86, 438);
INSERT INTO Paper (PaperID, Title, Year, MDate, Key, DOI) VALUES (828, 'CLEF 2003 - Overview of Results.', 2003, '2017-05-24', 'conf/clef/Braschler03', 'https://doi.org/10.1007/978-3-540-30222-3_5');
INSERT INTO Write (AuthorID, PaperID) VALUES (86, 828);
INSERT INTO Write (AuthorID, PaperID) VALUES (86, 911);
INSERT INTO Paper (PaperID, Title, Year, MDate, Key, DOI) VALUES (1030, 'Experiments with the Eurospider Retrieval System for CLEF 2000.', 2000, '2017-05-24', 'conf/clef/BraschlerS00', 'https://doi.org/10.1007/3-540-44645-1_13');
INSERT INTO Write (AuthorID, PaperID) VALUES (86, 1030);
INSERT INTO Paper (PaperID, Title, Year, MDate, Key, DOI) VALUES (1219, 'CLEF 2000 - Overview of Results.', 2000, '2017-05-24', 'conf/clef/Braschler00', 'https://doi.org/10.1007/3-540-44645-1_9');
INSERT INTO Write (AuthorID, PaperID) VALUES (86, 1219);
INSERT INTO Paper (PaperID, Title, Year, MDate, Key, DOI) VALUES (1305, 'CLEF 2002 - Overview of Results.', 2002, '2017-05-24', 'conf/clef/Braschler02', 'https://doi.org/10.1007/978-3-540-45237-9_2');
INSERT INTO Write (AuthorID, PaperID) VALUES (86, 1305);
INSERT INTO Write (AuthorID, PaperID) VALUES (86, 2040);
INSERT INTO Write (AuthorID, PaperID) VALUES (86, 2165);
INSERT INTO Paper (PaperID, Title, Year, MDate, Key, DOI) VALUES (2229, 'Experiments with the Eurospider Retrieval System for CLEF 2000.', 2000, '2014-08-15', 'conf/clef/BraschlerS00a', 'http://ceur-ws.org/Vol-1166/CLEF2000wn-adhoc-BraschlerEt2000.pdf');
INSERT INTO Write (AuthorID, PaperID) VALUES (86, 2229);
INSERT INTO Write (AuthorID, PaperID) VALUES (86, 2311);
INSERT INTO Paper (PaperID, Title, Year, MDate, Key, DOI) VALUES (2496, 'Experiments with the Eurospider Retrieval System for CLEF 2001.', 2001, '2014-08-15', 'conf/clef/BraschlerRS01a', 'http://ceur-ws.org/Vol-1167/CLEF2001wn-adhoc-BraschlerEt2001.pdf');
INSERT INTO Write (AuthorID, PaperID) VALUES (86, 2496);
INSERT INTO Paper (PaperID, Title, Year, MDate, Key, DOI) VALUES (2541, 'Eurospider at CLEF 2002.', 2002, '2014-08-15', 'conf/clef/BraschlerGS02a', 'http://ceur-ws.org/Vol-1168/CLEF2002wn-adhoc-BraschlerEt2002.pdf');
INSERT INTO Write (AuthorID, PaperID) VALUES (86, 2541);
INSERT INTO Paper (PaperID, Title, Year, MDate, Key, DOI) VALUES (2723, 'Eurospider at CLEF 2002.', 2002, '2017-05-24', 'conf/clef/BraschlerGS02', 'https://doi.org/10.1007/978-3-540-45237-9_13');
INSERT INTO Write (AuthorID, PaperID) VALUES (86, 2723);
INSERT INTO Write (AuthorID, PaperID) VALUES (86, 2955);
INSERT INTO Paper (PaperID, Title, Year, MDate, Key, DOI) VALUES (2960, 'Experiments with the Eurospider Retrieval System for CLEF 2001.', 2001, '2017-05-24', 'conf/clef/BraschlerRS01', 'https://doi.org/10.1007/3-540-45691-0_8');
INSERT INTO Write (AuthorID, PaperID) VALUES (86, 2960);
INSERT INTO Paper (PaperID, Title, Year, MDate, Key, DOI) VALUES (3197, 'Are Test Collections "Real"? Mirroring Real-World Complexity in IR Test Collections.', 2015, '2017-05-24', 'conf/clef/ImhofB15', 'https://doi.org/10.1007/978-3-319-24027-5_23');
INSERT INTO Write (AuthorID, PaperID) VALUES (86, 3197);
INSERT INTO Paper (PaperID, Title, Year, MDate, Key, DOI) VALUES (3410, 'CLEF 2001 - Overview of Results.', 2001, '2017-05-24', 'conf/clef/Braschler01', 'https://doi.org/10.1007/3-540-45691-0_2');
INSERT INTO Write (AuthorID, PaperID) VALUES (86, 3410);
INSERT INTO Author (AuthorID, Name) VALUES (87, 'Pavel Pecina');
INSERT INTO Write (AuthorID, PaperID) VALUES (87, 44);
INSERT INTO Paper (PaperID, Title, Year, MDate, Key, DOI) VALUES (235, 'Task3 Patient-Centred Information Retrieval: Team CUNI.', 2017, '2017-08-15', 'conf/clef/SalehP17', 'http://ceur-ws.org/Vol-1866/paper_126.pdf');
INSERT INTO Write (AuthorID, PaperID) VALUES (87, 235);
INSERT INTO Paper (PaperID, Title, Year, MDate, Key, DOI) VALUES (373, 'Charles University at CLEF 2007 CL-SR Track.', 2007, '2014-09-23', 'conf/clef/CeskaP07a', 'http://ceur-ws.org/Vol-1173/CLEF2007wn-CLSR-CeskaEt2007.pdf');
INSERT INTO Write (AuthorID, PaperID) VALUES (87, 373);
INSERT INTO Write (AuthorID, PaperID) VALUES (87, 685);
INSERT INTO Paper (PaperID, Title, Year, MDate, Key, DOI) VALUES (1222, 'Charles University at CLEF 2007 Ad-Hoc Track.', 2007, '2014-09-23', 'conf/clef/CeskaP07b', 'http://ceur-ws.org/Vol-1173/CLEF2007wn-adhoc-CeskaEt2007.pdf');
INSERT INTO Write (AuthorID, PaperID) VALUES (87, 1222);
INSERT INTO Write (AuthorID, PaperID) VALUES (87, 1652);
INSERT INTO Paper (PaperID, Title, Year, MDate, Key, DOI) VALUES (1907, 'Penalty Functions for Evaluation Measures of Unsegmented Speech Retrieval.', 2012, '2017-11-06', 'conf/clef/GaluscakovaPH12', 'https://doi.org/10.1007/978-3-642-33247-0_12');
INSERT INTO Write (AuthorID, PaperID) VALUES (87, 1907);
INSERT INTO Write (AuthorID, PaperID) VALUES (87, 2059);
INSERT INTO Write (AuthorID, PaperID) VALUES (87, 2250);
INSERT INTO Paper (PaperID, Title, Year, MDate, Key, DOI) VALUES (2261, 'Task3 Patient-Centred Information Retrieval: Team CUNI.', 2016, '2016-08-11', 'conf/clef/SalehP16', 'http://ceur-ws.org/Vol-1609/16090123.pdf');
INSERT INTO Write (AuthorID, PaperID) VALUES (87, 2261);
INSERT INTO Paper (PaperID, Title, Year, MDate, Key, DOI) VALUES (2273, 'CUNI team: CLEF eHealth Consumer Health Search Task 2018.', 2018, '2018-08-08', 'conf/clef/SalehP18', 'http://ceur-ws.org/Vol-2125/paper_201.pdf');
INSERT INTO Write (AuthorID, PaperID) VALUES (87, 2273);
INSERT INTO Write (AuthorID, PaperID) VALUES (87, 2524);
INSERT INTO Paper (PaperID, Title, Year, MDate, Key, DOI) VALUES (2774, 'Charles University at CLEF 2007 Ad-Hoc Track.', 2007, '2017-05-24', 'conf/clef/CeskaP07', 'https://doi.org/10.1007/978-3-540-85760-0_3');
INSERT INTO Write (AuthorID, PaperID) VALUES (87, 2774);
INSERT INTO Write (AuthorID, PaperID) VALUES (87, 2898);
INSERT INTO Paper (PaperID, Title, Year, MDate, Key, DOI) VALUES (2973, 'CUNI at the ShARe/CLEF eHealth Evaluation Lab 2014.', 2014, '2014-09-10', 'conf/clef/SalehP14', 'http://ceur-ws.org/Vol-1180/CLEF2014wn-eHealth-SalehEt2014.pdf');
INSERT INTO Write (AuthorID, PaperID) VALUES (87, 2973);
INSERT INTO Write (AuthorID, PaperID) VALUES (87, 2997);
INSERT INTO Paper (PaperID, Title, Year, MDate, Key, DOI) VALUES (3054, 'CUNI at the CLEF 2015 eHealth Lab Task 2.', 2015, '2015-09-03', 'conf/clef/SalehBP15', 'http://ceur-ws.org/Vol-1391/124-CR.pdf');
INSERT INTO Write (AuthorID, PaperID) VALUES (87, 3054);
INSERT INTO Paper (PaperID, Title, Year, MDate, Key, DOI) VALUES (3136, 'Reranking Hypotheses of Machine-Translated Queries for Cross-Lingual Information Retrieval.', 2016, '2017-09-16', 'conf/clef/SalehP16a', 'https://doi.org/10.1007/978-3-319-44564-9_5');
INSERT INTO Write (AuthorID, PaperID) VALUES (87, 3136);
INSERT INTO Author (AuthorID, Name) VALUES (88, 'Miguel E. Ruiz');
INSERT INTO Paper (PaperID, Title, Year, MDate, Key, DOI) VALUES (117, 'CLEF 2003 Experiments at UB: Automatically Generated Phrases and Relevance Feedback for Improving CLIR.', 2003, '2017-05-24', 'conf/clef/Ruiz03', 'https://doi.org/10.1007/978-3-540-30222-3_17');
INSERT INTO Write (AuthorID, PaperID) VALUES (88, 117);
INSERT INTO Paper (PaperID, Title, Year, MDate, Key, DOI) VALUES (422, 'UNT at ImageCLEF 2010: CLIR for Wikipedia Images.', 2010, '2014-09-24', 'conf/clef/RuizCPCK10', 'http://www.clef-initiative.eu/documents/71612/86374/CLEF2010wn-ImageCLEF-RuizEt2010.pdf');
INSERT INTO Write (AuthorID, PaperID) VALUES (88, 422);
INSERT INTO Paper (PaperID, Title, Year, MDate, Key, DOI) VALUES (547, 'UB at CLEF2004: Part 1 - Monolingual and Multilingual Tasks.', 2004, '2014-08-15', 'conf/clef/RuizS04a', 'http://ceur-ws.org/Vol-1170/CLEF2004wn-adhoc-RuizEt2004.pdf');
INSERT INTO Write (AuthorID, PaperID) VALUES (88, 547);
INSERT INTO Paper (PaperID, Title, Year, MDate, Key, DOI) VALUES (575, 'UB at ImageCLEFmed 2006.', 2006, '2017-05-24', 'conf/clef/Ruiz06', 'https://doi.org/10.1007/978-3-540-74999-8_87');
INSERT INTO Write (AuthorID, PaperID) VALUES (88, 575);
INSERT INTO Paper (PaperID, Title, Year, MDate, Key, DOI) VALUES (670, 'UB at CLEF2004 Cross Language Medical Image Retrieval.', 2004, '2017-05-24', 'conf/clef/RuizS05a', 'https://doi.org/10.1007/11519645_75');
INSERT INTO Write (AuthorID, PaperID) VALUES (88, 670);
INSERT INTO Paper (PaperID, Title, Year, MDate, Key, DOI) VALUES (717, 'UB at CLEF2004: Part 2 - Cross Language Medical Image Retrieval.', 2004, '2014-08-15', 'conf/clef/RuizS04', 'http://ceur-ws.org/Vol-1170/CLEF2004wn-ImageCLEF-RuizEt2004.pdf');
INSERT INTO Write (AuthorID, PaperID) VALUES (88, 717);
INSERT INTO Paper (PaperID, Title, Year, MDate, Key, DOI) VALUES (1010, 'UNT at ImageCLEF 2011: Relevance Models and Salient Semantic Analysis for Image Retrieval.', 2011, '2018-11-16', 'conf/clef/RuizLH11', 'http://www.clef-initiative.eu/documents/71612/86377/CLEF2011wn-ImageCLEF-RuizEt2011.pdf');
INSERT INTO Write (AuthorID, PaperID) VALUES (88, 1010);
INSERT INTO Paper (PaperID, Title, Year, MDate, Key, DOI) VALUES (1327, 'UB at CLEF 2005: Bilingual CLIR and Medical Image Retrieval Tasks.', 2005, '2017-05-24', 'conf/clef/RuizS05b', 'https://doi.org/10.1007/11878773_81');
INSERT INTO Write (AuthorID, PaperID) VALUES (88, 1327);
INSERT INTO Paper (PaperID, Title, Year, MDate, Key, DOI) VALUES (1409, 'Report on CLEF 2003 Experiments at UB.', 2003, '2014-08-15', 'conf/clef/Ruiz03a', 'http://ceur-ws.org/Vol-1169/CLEF2003wn-adhoc-Ruiz2003.pdf');
INSERT INTO Write (AuthorID, PaperID) VALUES (88, 1409);
INSERT INTO Paper (PaperID, Title, Year, MDate, Key, DOI) VALUES (1419, 'UNT at ImageCLEFmed 2009.', 2009, '2014-09-29', 'conf/clef/Ruiz09', 'http://ceur-ws.org/Vol-1175/CLEF2009wn-ImageCLEF-Ruiz2009.pdf');
INSERT INTO Write (AuthorID, PaperID) VALUES (88, 1419);
INSERT INTO Paper (PaperID, Title, Year, MDate, Key, DOI) VALUES (1862, 'Users'' Image Seeking Behavior in a Multilingual Tag Environment.', 2009, '2017-05-24', 'conf/clef/RuizC09', 'https://doi.org/10.1007/978-3-642-15751-6_5');
INSERT INTO Write (AuthorID, PaperID) VALUES (88, 1862);
INSERT INTO Paper (PaperID, Title, Year, MDate, Key, DOI) VALUES (1874, 'Evaluation of Automatically Assigned MeSH Terms for Retrieval of Medical Images.', 2007, '2017-05-24', 'conf/clef/RuizN07', 'https://doi.org/10.1007/978-3-540-85760-0_82');
INSERT INTO Write (AuthorID, PaperID) VALUES (88, 1874);
INSERT INTO Paper (PaperID, Title, Year, MDate, Key, DOI) VALUES (1999, 'UB at GeoCLEF 2006.', 2006, '2014-08-15', 'conf/clef/RuizSASM06', 'http://ceur-ws.org/Vol-1172/CLEF2006wn-GeoCLEF-RuizEt2006.pdf');
INSERT INTO Write (AuthorID, PaperID) VALUES (88, 1999);
INSERT INTO Paper (PaperID, Title, Year, MDate, Key, DOI) VALUES (2315, 'Users'' Image Seeking Behavior in a Multilingual Tag Environment.', 2009, '2014-09-29', 'conf/clef/RuizC09a', 'http://ceur-ws.org/Vol-1175/CLEF2009wn-iCLEF-RuizEt2009.pdf');
INSERT INTO Write (AuthorID, PaperID) VALUES (88, 2315);
INSERT INTO Paper (PaperID, Title, Year, MDate, Key, DOI) VALUES (2556, 'UB at CLEF 2005: Medical Image Retrieval Task.', 2005, '2014-08-15', 'conf/clef/RuizS05c', 'http://ceur-ws.org/Vol-1171/CLEF2005wn-ImageCLEF-RuizEt2005.pdf');
INSERT INTO Write (AuthorID, PaperID) VALUES (88, 2556);
INSERT INTO Paper (PaperID, Title, Year, MDate, Key, DOI) VALUES (2838, 'UB at GeoCLEF 2006.', 2006, '2017-05-24', 'conf/clef/RuizAMSS06', 'https://doi.org/10.1007/978-3-540-74999-8_126');
INSERT INTO Write (AuthorID, PaperID) VALUES (88, 2838);
INSERT INTO Paper (PaperID, Title, Year, MDate, Key, DOI) VALUES (2966, 'Improving Query Expansion for Image Retrieval via Saliency and Picturability.', 2011, '2018-11-16', 'conf/clef/LeongHRM11', 'https://doi.org/10.1007/978-3-642-23708-9_16');
INSERT INTO Write (AuthorID, PaperID) VALUES (88, 2966);
INSERT INTO Paper (PaperID, Title, Year, MDate, Key, DOI) VALUES (3093, 'UB at CLEF2004: Cross Language Information Retrieval Using Statistical Language Models.', 2004, '2017-05-24', 'conf/clef/RuizS05', 'https://doi.org/10.1007/11519645_19');
INSERT INTO Write (AuthorID, PaperID) VALUES (88, 3093);
INSERT INTO Author (AuthorID, Name) VALUES (89, 'Magnus Sahlgren');
INSERT INTO Write (AuthorID, PaperID) VALUES (89, 203);
INSERT INTO Write (AuthorID, PaperID) VALUES (89, 251);
INSERT INTO Write (AuthorID, PaperID) VALUES (89, 632);
INSERT INTO Write (AuthorID, PaperID) VALUES (89, 668);
INSERT INTO Write (AuthorID, PaperID) VALUES (89, 888);
INSERT INTO Write (AuthorID, PaperID) VALUES (89, 964);
INSERT INTO Write (AuthorID, PaperID) VALUES (89, 1202);
INSERT INTO Write (AuthorID, PaperID) VALUES (89, 1293);
INSERT INTO Write (AuthorID, PaperID) VALUES (89, 1785);
INSERT INTO Write (AuthorID, PaperID) VALUES (89, 1830);
INSERT INTO Write (AuthorID, PaperID) VALUES (89, 1852);
INSERT INTO Write (AuthorID, PaperID) VALUES (89, 2016);
INSERT INTO Write (AuthorID, PaperID) VALUES (89, 2084);
INSERT INTO Write (AuthorID, PaperID) VALUES (89, 2161);
INSERT INTO Paper (PaperID, Title, Year, MDate, Key, DOI) VALUES (2385, 'STAVICTA Group Report for RepLab 2014 Reputation Dimension Task.', 2014, '2014-09-10', 'conf/clef/RahimiSKP14', 'http://ceur-ws.org/Vol-1180/CLEF2014wn-Rep-RahimiEt2014.pdf');
INSERT INTO Write (AuthorID, PaperID) VALUES (89, 2385);
INSERT INTO Write (AuthorID, PaperID) VALUES (89, 2559);
INSERT INTO Write (AuthorID, PaperID) VALUES (89, 2586);
INSERT INTO Author (AuthorID, Name) VALUES (90, 'Mohand Boughanem');
INSERT INTO Paper (PaperID, Title, Year, MDate, Key, DOI) VALUES (637, 'Evaluating a Conceptual Indexing Method by Utilizing WordNet.', 2005, '2017-05-24', 'conf/clef/BazizBA05a', 'https://doi.org/10.1007/11878773_28');
INSERT INTO Write (AuthorID, PaperID) VALUES (90, 637);
INSERT INTO Paper (PaperID, Title, Year, MDate, Key, DOI) VALUES (645, 'Investigation on Disambiguation in CLIR: Aligned Corpus and Bi-directional Translation-Based Strategies.', 2001, '2017-05-24', 'conf/clef/BoughanemCN01', 'https://doi.org/10.1007/3-540-45691-0_13');
INSERT INTO Write (AuthorID, PaperID) VALUES (90, 645);
INSERT INTO Paper (PaperID, Title, Year, MDate, Key, DOI) VALUES (853, 'Mercure at CLEF-1.', 2000, '2017-05-24', 'conf/clef/BoughanemN00', 'https://doi.org/10.1007/3-540-44645-1_19');
INSERT INTO Write (AuthorID, PaperID) VALUES (90, 853);
INSERT INTO Paper (PaperID, Title, Year, MDate, Key, DOI) VALUES (1152, 'Tie-Breaking Bias: Effect of an Uncontrolled Parameter on Information Retrieval Evaluation.', 2010, '2017-06-02', 'conf/clef/CabanacHBC10', 'https://doi.org/10.1007/978-3-642-15998-5_13');
INSERT INTO Write (AuthorID, PaperID) VALUES (90, 1152);
INSERT INTO Paper (PaperID, Title, Year, MDate, Key, DOI) VALUES (1457, 'Evaluating the Impact of Image Names in Context-Based Image Retrieval.', 2008, '2017-09-16', 'conf/clef/TorjmenPB08a', 'https://doi.org/10.1007/978-3-642-04447-2_98');
INSERT INTO Write (AuthorID, PaperID) VALUES (90, 1457);
INSERT INTO Paper (PaperID, Title, Year, MDate, Key, DOI) VALUES (1625, 'Evaluating a Conceptual Indexing Method by Utilizing WordNet.', 2005, '2014-08-15', 'conf/clef/BazizBA05b', 'http://ceur-ws.org/Vol-1171/CLEF2005wn-DomainSpecific-BazizEt2005.pdf');
INSERT INTO Write (AuthorID, PaperID) VALUES (90, 1625);
INSERT INTO Paper (PaperID, Title, Year, MDate, Key, DOI) VALUES (1778, 'Multimodal Social Book Search.', 2015, '2015-09-03', 'conf/clef/ImhofBB15', 'http://ceur-ws.org/Vol-1391/7-CR.pdf');
INSERT INTO Write (AuthorID, PaperID) VALUES (90, 1778);
INSERT INTO Paper (PaperID, Title, Year, MDate, Key, DOI) VALUES (1808, 'IRIT at CLEF 2004: The English GIRT Task.', 2004, '2017-05-24', 'conf/clef/BazizBA05', 'https://doi.org/10.1007/11519645_29');
INSERT INTO Write (AuthorID, PaperID) VALUES (90, 1808);
INSERT INTO Paper (PaperID, Title, Year, MDate, Key, DOI) VALUES (1923, 'Methods for Combining Content-Based and Textual-Based Approaches in Medical Image Retrieval.', 2008, '2017-09-16', 'conf/clef/TorjmenPB08', 'https://doi.org/10.1007/978-3-642-04447-2_87');
INSERT INTO Write (AuthorID, PaperID) VALUES (90, 1923);
INSERT INTO Paper (PaperID, Title, Year, MDate, Key, DOI) VALUES (2389, 'Some Experiments on the WikipediaMM 2008 task: Evaluating the Impact of Image names in Context-based Retrieval.', 2008, '2014-09-29', 'conf/clef/TorjmenPB08c', 'http://ceur-ws.org/Vol-1174/CLEF2008wn-ImageCLEF-TorjmenEt2008b.pdf');
INSERT INTO Write (AuthorID, PaperID) VALUES (90, 2389);
INSERT INTO Paper (PaperID, Title, Year, MDate, Key, DOI) VALUES (2456, 'Mercure at CLEF-2.', 2001, '2014-08-15', 'conf/clef/NassrB01', 'http://ceur-ws.org/Vol-1167/CLEF2001wn-adhoc-NassrEt2001.pdf');
INSERT INTO Write (AuthorID, PaperID) VALUES (90, 2456);
INSERT INTO Paper (PaperID, Title, Year, MDate, Key, DOI) VALUES (2480, 'Miracl at Clef 2015 : User-Centred Health Information Retrieval Task.', 2015, '2015-09-03', 'conf/clef/KsentiniTBG15', 'http://ceur-ws.org/Vol-1391/91-CR.pdf');
INSERT INTO Write (AuthorID, PaperID) VALUES (90, 2480);
INSERT INTO Paper (PaperID, Title, Year, MDate, Key, DOI) VALUES (2563, 'IRIT at CLEF 2004: The English GIRT Task.', 2004, '2014-08-15', 'conf/clef/BazizBA04', 'http://ceur-ws.org/Vol-1170/CLEF2004wn-DomainSpecific-BazizEt2004.pdf');
INSERT INTO Write (AuthorID, PaperID) VALUES (90, 2563);
INSERT INTO Paper (PaperID, Title, Year, MDate, Key, DOI) VALUES (2779, 'Using Pseudo-Relevance Feedback to Improve Image Retrieval Results.', 2007, '2017-09-16', 'conf/clef/TorjmenPB07', 'https://doi.org/10.1007/978-3-540-85760-0_85');
INSERT INTO Write (AuthorID, PaperID) VALUES (90, 2779);
INSERT INTO Paper (PaperID, Title, Year, MDate, Key, DOI) VALUES (3214, 'Methods for combining Content-based and Textual-based Approaches in Medical Image Retrieval.', 2008, '2014-09-29', 'conf/clef/TorjmenPB08b', 'http://ceur-ws.org/Vol-1174/CLEF2008wn-ImageCLEF-TorjmenEt2008a.pdf');
INSERT INTO Write (AuthorID, PaperID) VALUES (90, 3214);
INSERT INTO Paper (PaperID, Title, Year, MDate, Key, DOI) VALUES (3327, 'Using Pseudo-relevance Feedback to Improve Image Retrieval Results.', 2007, '2014-09-23', 'conf/clef/KhemakhemPB07', 'http://ceur-ws.org/Vol-1173/CLEF2007wn-ImageCLEF-TorjmenEt2007.pdf');
INSERT INTO Write (AuthorID, PaperID) VALUES (90, 3327);
INSERT INTO Paper (PaperID, Title, Year, MDate, Key, DOI) VALUES (3441, 'Mercure at CLEF-1.', 2000, '2014-08-15', 'conf/clef/BoughanemN00a', 'http://ceur-ws.org/Vol-1166/CLEF2000wn-adhoc-BoughanemEt2000.pdf');
INSERT INTO Write (AuthorID, PaperID) VALUES (90, 3441);
INSERT INTO Author (AuthorID, Name) VALUES (91, 'Efstathios Stamatatos');
INSERT INTO Write (AuthorID, PaperID) VALUES (91, 109);
INSERT INTO Write (AuthorID, PaperID) VALUES (91, 187);
INSERT INTO Write (AuthorID, PaperID) VALUES (91, 372);
INSERT INTO Write (AuthorID, PaperID) VALUES (91, 484);
INSERT INTO Paper (PaperID, Title, Year, MDate, Key, DOI) VALUES (971, 'An Improved Impostors Method for Authorship Verification.', 2017, '2017-08-31', 'conf/clef/PothaS17', 'https://doi.org/10.1007/978-3-319-65813-1_14');
INSERT INTO Write (AuthorID, PaperID) VALUES (91, 971);
INSERT INTO Write (AuthorID, PaperID) VALUES (91, 1386);
INSERT INTO Write (AuthorID, PaperID) VALUES (91, 1720);
INSERT INTO Write (AuthorID, PaperID) VALUES (91, 2511);
INSERT INTO Write (AuthorID, PaperID) VALUES (91, 2544);
INSERT INTO Paper (PaperID, Title, Year, MDate, Key, DOI) VALUES (2572, 'Overview of the Author Identification Task at PAN 2013.', 2013, '2014-09-10', 'conf/clef/JuolaS13', 'http://ceur-ws.org/Vol-1179/CLEF2013wn-PAN-JuolaEt2013.pdf');
INSERT INTO Write (AuthorID, PaperID) VALUES (91, 2572);
INSERT INTO Write (AuthorID, PaperID) VALUES (91, 2578);
INSERT INTO Paper (PaperID, Title, Year, MDate, Key, DOI) VALUES (3158, 'Author Identification Using Semi-supervised Learning - Notebook for PAN at CLEF 2011.', 2011, '2014-09-24', 'conf/clef/KourtisS11', 'http://www.clef-initiative.eu/documents/71612/86377/CLEF2011wn-PAN-KourtisEt2011.pdf');
INSERT INTO Write (AuthorID, PaperID) VALUES (91, 3158);
INSERT INTO Write (AuthorID, PaperID) VALUES (91, 3276);
INSERT INTO Write (AuthorID, PaperID) VALUES (91, 3351);
INSERT INTO Write (AuthorID, PaperID) VALUES (91, 3404);
INSERT INTO Paper (PaperID, Title, Year, MDate, Key, DOI) VALUES (3405, 'The Impact of Noise in Web Genre Identification.', 2015, '2017-06-15', 'conf/clef/PritsosS15', 'https://doi.org/10.1007/978-3-319-24027-5_27');
INSERT INTO Write (AuthorID, PaperID) VALUES (91, 3405);
INSERT INTO Write (AuthorID, PaperID) VALUES (91, 3482);
INSERT INTO Author (AuthorID, Name) VALUES (92, 'Romaric Besan&ccedil;on');
INSERT INTO Paper (PaperID, Title, Year, MDate, Key, DOI) VALUES (132, 'Data Fusion of Retrieval Results from Different Media: Experiments at ImageCLEF 2005.', 2005, '2017-05-24', 'conf/clef/BesanconM05', 'https://doi.org/10.1007/11878773_69');
INSERT INTO Write (AuthorID, PaperID) VALUES (92, 132);
INSERT INTO Paper (PaperID, Title, Year, MDate, Key, DOI) VALUES (566, 'Overview of CLEF 2008 INFILE Pilot Track.', 2008, '2017-05-24', 'conf/clef/BesanconCMHTC08', 'https://doi.org/10.1007/978-3-642-04447-2_125');
INSERT INTO Write (AuthorID, PaperID) VALUES (92, 566);
INSERT INTO Paper (PaperID, Title, Year, MDate, Key, DOI) VALUES (711, 'Merging Results from Different Media: Lic2m Experiments at ImageCLEF 2005.', 2005, '2014-08-15', 'conf/clef/BesanconM05a', 'http://ceur-ws.org/Vol-1171/CLEF2005wn-ImageCLEF-BesanconEt2005.pdf');
INSERT INTO Write (AuthorID, PaperID) VALUES (92, 711);
INSERT INTO Paper (PaperID, Title, Year, MDate, Key, DOI) VALUES (881, 'LIC2M Experiments at CLEF 2004.', 2004, '2014-08-15', 'conf/clef/BesanconFF04', 'http://ceur-ws.org/Vol-1170/CLEF2004wn-adhoc-BesanconEt2004.pdf');
INSERT INTO Write (AuthorID, PaperID) VALUES (92, 881);
INSERT INTO Paper (PaperID, Title, Year, MDate, Key, DOI) VALUES (957, 'The LIC2M''s CLEF 2003 System.', 2003, '2014-08-15', 'conf/clef/BesanconCFFMN03a', 'http://ceur-ws.org/Vol-1169/CLEF2003wn-adhoc-BesanconEt2003.pdf');
INSERT INTO Write (AuthorID, PaperID) VALUES (92, 957);
INSERT INTO Paper (PaperID, Title, Year, MDate, Key, DOI) VALUES (1220, 'The OEDipe System at CLEF-QA 2005.', 2005, '2017-05-24', 'conf/clef/BesanconEF05', 'https://doi.org/10.1007/11878773_38');
INSERT INTO Write (AuthorID, PaperID) VALUES (92, 1220);
INSERT INTO Paper (PaperID, Title, Year, MDate, Key, DOI) VALUES (1674, 'Finding Answers in the OEdipe System by Extracting and Applying Linguistic Patterns.', 2006, '2017-05-24', 'conf/clef/BesanconEF06', 'https://doi.org/10.1007/978-3-540-74999-8_47');
INSERT INTO Write (AuthorID, PaperID) VALUES (92, 1674);
INSERT INTO Paper (PaperID, Title, Year, MDate, Key, DOI) VALUES (1812, 'The Oedipe System at CLEF-QA 2005.', 2005, '2014-08-15', 'conf/clef/BesanconEF05a', 'http://ceur-ws.org/Vol-1171/CLEF2005wn-QACLEF-BesanconEt2005.pdf');
INSERT INTO Write (AuthorID, PaperID) VALUES (92, 1812);
INSERT INTO Paper (PaperID, Title, Year, MDate, Key, DOI) VALUES (1939, 'Integrating New Languages in a Multilingual Search System Based on a Deep Linguistic Analysis.', 2004, '2017-05-24', 'conf/clef/BesanconFF05', 'https://doi.org/10.1007/11519645_8');
INSERT INTO Write (AuthorID, PaperID) VALUES (92, 1939);
INSERT INTO Paper (PaperID, Title, Year, MDate, Key, DOI) VALUES (1998, 'Overview of CLEF 2008 INFILE Pilot Track.', 2008, '2014-09-29', 'conf/clef/BesanconCMHTC08a', 'http://ceur-ws.org/Vol-1174/CLEF2008wn-INFILE-BesanconEt2008.pdf');
INSERT INTO Write (AuthorID, PaperID) VALUES (92, 1998);
INSERT INTO Paper (PaperID, Title, Year, MDate, Key, DOI) VALUES (2066, 'LIC2M Experiments at ImageCLEF 2004.', 2004, '2014-08-15', 'conf/clef/BesanconHMF04', 'http://ceur-ws.org/Vol-1170/CLEF2004wn-ImageCLEF-BesanconEt2004.pdf');
INSERT INTO Write (AuthorID, PaperID) VALUES (92, 2066);
INSERT INTO Paper (PaperID, Title, Year, MDate, Key, DOI) VALUES (2103, 'Information Filtering Evaluation: Overview of CLEF 2009 INFILE Track.', 2009, '2017-05-24', 'conf/clef/BesanconCMTCL09', 'https://doi.org/10.1007/978-3-642-15754-7_41');
INSERT INTO Write (AuthorID, PaperID) VALUES (92, 2103);
INSERT INTO Paper (PaperID, Title, Year, MDate, Key, DOI) VALUES (2371, 'Finding Answers in the 800A#338;dipe System by Extracting and Applying Linguistic Patterns.', 2006, '2014-08-15', 'conf/clef/BesanconEF06a', 'http://ceur-ws.org/Vol-1172/CLEF2006wn-QACLEF-BesanconEt2006.pdf');
INSERT INTO Write (AuthorID, PaperID) VALUES (92, 2371);
INSERT INTO Paper (PaperID, Title, Year, MDate, Key, DOI) VALUES (2632, 'Cross-Media Feedback Strategies: Merging Text and Image Information to Improve Image Retrieval.', 2004, '2017-05-24', 'conf/clef/BesanconHMF05', 'https://doi.org/10.1007/11519645_69');
INSERT INTO Write (AuthorID, PaperID) VALUES (92, 2632);
INSERT INTO Paper (PaperID, Title, Year, MDate, Key, DOI) VALUES (3077, 'Concept-Based Searching and Merging for Multilingual Information Retrieval: First Experiments at CLEF 2003.', 2003, '2017-05-24', 'conf/clef/BesanconCFFMN03', 'https://doi.org/10.1007/978-3-540-30222-3_16');
INSERT INTO Write (AuthorID, PaperID) VALUES (92, 3077);
INSERT INTO Paper (PaperID, Title, Year, MDate, Key, DOI) VALUES (3090, 'Using Text and Image Retrieval Systems. Lic2m experiments at ImageCLEF 2006.', 2006, '2014-08-15', 'conf/clef/BesanconM06', 'http://ceur-ws.org/Vol-1172/CLEF2006wn-ImageCLEF-BesanconEt2006.pdf');
INSERT INTO Write (AuthorID, PaperID) VALUES (92, 3090);
INSERT INTO Paper (PaperID, Title, Year, MDate, Key, DOI) VALUES (3296, 'Overview of CLEF 2009 INFILE track.', 2009, '2014-09-29', 'conf/clef/BesanconCMTCL09a', 'http://ceur-ws.org/Vol-1175/CLEF2009wn-INFILE-BesanconEt2009.pdf');
INSERT INTO Write (AuthorID, PaperID) VALUES (92, 3296);
INSERT INTO Author (AuthorID, Name) VALUES (93, 'David Pinto');
INSERT INTO Paper (PaperID, Title, Year, MDate, Key, DOI) VALUES (106, 'Author Clustering using Hierarchical Clustering Analysis.', 2017, '2017-08-15', 'conf/clef/Gomez-AdornoAAS17', 'http://ceur-ws.org/Vol-1866/paper_108.pdf');
INSERT INTO Write (AuthorID, PaperID) VALUES (93, 106);
INSERT INTO Paper (PaperID, Title, Year, MDate, Key, DOI) VALUES (904, 'Text Reduction-Enrichment at WebCLEF.', 2006, '2014-08-15', 'conf/clef/LopezJP06a', 'http://ceur-ws.org/Vol-1172/CLEF2006wn-WebCLEF-RojasEt2006.pdf');
INSERT INTO Write (AuthorID, PaperID) VALUES (93, 904);
INSERT INTO Paper (PaperID, Title, Year, MDate, Key, DOI) VALUES (943, 'Two Approaches for QA4MRE: Information Retrieval and Graph-based Knowledge Representation.', 2013, '2014-09-10', 'conf/clef/Gomez-AdornoPA13', 'http://ceur-ws.org/Vol-1179/CLEF2013wn-QA4MRE-GomezAdornoEt2013.pdf');
INSERT INTO Write (AuthorID, PaperID) VALUES (93, 943);
INSERT INTO Paper (PaperID, Title, Year, MDate, Key, DOI) VALUES (1129, 'Vocabulary Reduction and Text Enrichment at WebCLEF.', 2006, '2017-05-24', 'conf/clef/LopezJP06', 'https://doi.org/10.1007/978-3-540-74999-8_106');
INSERT INTO Write (AuthorID, PaperID) VALUES (93, 1129);
INSERT INTO Paper (PaperID, Title, Year, MDate, Key, DOI) VALUES (1267, 'Lexical-Syntactic and Graph-Based Features for Authorship Verification Notebook for PAN at CLEF 2013.', 2013, '2015-06-17', 'conf/clef/AyalaPGLC13', 'http://ceur-ws.org/Vol-1179/CLEF2013wn-PAN-VilarinoEt2013.pdf');
INSERT INTO Write (AuthorID, PaperID) VALUES (93, 1267);
INSERT INTO Paper (PaperID, Title, Year, MDate, Key, DOI) VALUES (1348, 'Two Methodologies Applied to the Author Profiling Task.', 2013, '2014-09-10', 'conf/clef/AlemanLAP13', 'http://ceur-ws.org/Vol-1179/CLEF2013wn-PAN-AlemanEt2013.pdf');
INSERT INTO Write (AuthorID, PaperID) VALUES (93, 1348);
INSERT INTO Write (AuthorID, PaperID) VALUES (93, 2033);
INSERT INTO Paper (PaperID, Title, Year, MDate, Key, DOI) VALUES (2075, 'Graph-based and Lexical-Syntactic Approaches for the Authorship Attribution Task.', 2012, '2015-04-17', 'conf/clef/CastilloAPOGC12', 'http://www.clef-initiative.eu/documents/71612/38724007-41f0-4477-86d5-f07734cf9a5b');
INSERT INTO Write (AuthorID, PaperID) VALUES (93, 2075);
INSERT INTO Paper (PaperID, Title, Year, MDate, Key, DOI) VALUES (2083, 'Baseline Approaches for the Authorship Identification Task - Notebook for PAN at CLEF 2011.', 2011, '2016-06-02', 'conf/clef/AyalaCPLT11', 'http://www.clef-initiative.eu/documents/71612/86377/CLEF2011wn-PAN-Vilari%C3%B1oEt2011.pdf');
INSERT INTO Write (AuthorID, PaperID) VALUES (93, 2083);
INSERT INTO Write (AuthorID, PaperID) VALUES (93, 2085);
INSERT INTO Write (AuthorID, PaperID) VALUES (93, 2199);
INSERT INTO Paper (PaperID, Title, Year, MDate, Key, DOI) VALUES (2427, 'Information Retrieval and Classification based Approaches for the Sexual Predator Identification.', 2012, '2015-06-17', 'conf/clef/AyalaCPOL12', 'http://www.clef-initiative.eu/documents/71612/5860be8f-4b34-40c5-bd3e-54b9d8c831a7');
INSERT INTO Write (AuthorID, PaperID) VALUES (93, 2427);
INSERT INTO Paper (PaperID, Title, Year, MDate, Key, DOI) VALUES (2538, 'Hierarchical Clustering Analysis: The Best-Performing Approach at PAN 2017 Author Clustering Task.', 2017, '2018-08-20', 'conf/clef/Gomez-AdornoMSA17', 'https://doi.org/10.1007/978-3-319-98932-7_20');
INSERT INTO Write (AuthorID, PaperID) VALUES (93, 2538);
INSERT INTO Paper (PaperID, Title, Year, MDate, Key, DOI) VALUES (3201, 'A Graph Based Authorship Identification Approach: Notebook for PAN at CLEF 2015.', 2015, '2015-09-03', 'conf/clef/Gomez-AdornoSPM15', 'http://ceur-ws.org/Vol-1391/135-CR.pdf');
INSERT INTO Write (AuthorID, PaperID) VALUES (93, 3201);
INSERT INTO Write (AuthorID, PaperID) VALUES (93, 3260);
INSERT INTO Paper (PaperID, Title, Year, MDate, Key, DOI) VALUES (3497, 'Graph Based Approach for the Question Answering Task Based on Entrance Exams.', 2014, '2014-09-10', 'conf/clef/Gomez-AdornoSPG14', 'http://ceur-ws.org/Vol-1180/CLEF2014wn-QA-GomezAdornoEt2014.pdf');
INSERT INTO Write (AuthorID, PaperID) VALUES (93, 3497);
INSERT INTO Paper (PaperID, Title, Year, MDate, Key, DOI) VALUES (3501, 'Unsupervised Method for the Authorship Identification Task.', 2014, '2015-06-17', 'conf/clef/CastilloCAPL14', 'http://ceur-ws.org/Vol-1180/CLEF2014wn-Pan-CastilloEt2014.pdf');
INSERT INTO Write (AuthorID, PaperID) VALUES (93, 3501);
INSERT INTO Author (AuthorID, Name) VALUES (94, 'Ingo Gl&ouml;ckner');
INSERT INTO Paper (PaperID, Title, Year, MDate, Key, DOI) VALUES (140, 'The LogAnswer Project at ResPubliQA 2010.', 2010, '2014-09-24', 'conf/clef/GlocknerP10', 'http://www.clef-initiative.eu/documents/71612/86374/CLEF2010wn-MLQA10-GlocknerEt2010.pdf');
INSERT INTO Write (AuthorID, PaperID) VALUES (94, 140);
INSERT INTO Write (AuthorID, PaperID) VALUES (94, 351);
INSERT INTO Write (AuthorID, PaperID) VALUES (94, 474);
INSERT INTO Paper (PaperID, Title, Year, MDate, Key, DOI) VALUES (819, 'Combining Logic and Machine Learning for Answering Questions.', 2008, '2017-05-24', 'conf/clef/GlocknerP08', 'https://doi.org/10.1007/978-3-642-04447-2_47');
INSERT INTO Write (AuthorID, PaperID) VALUES (94, 819);
INSERT INTO Paper (PaperID, Title, Year, MDate, Key, DOI) VALUES (1165, 'RAVE: A Fast Logic-Based Answer Validator.', 2008, '2017-05-24', 'conf/clef/Glockner08', 'https://doi.org/10.1007/978-3-642-04447-2_56');
INSERT INTO Write (AuthorID, PaperID) VALUES (94, 1165);
INSERT INTO Write (AuthorID, PaperID) VALUES (94, 1201);
INSERT INTO Paper (PaperID, Title, Year, MDate, Key, DOI) VALUES (1289, 'The LogAnswer Project at CLEF 2009.', 2009, '2014-09-30', 'conf/clef/GloecknerP09', 'http://ceur-ws.org/Vol-1175/CLEF2009wn-QACLEF-GloecknerEt2009.pdf');
INSERT INTO Write (AuthorID, PaperID) VALUES (94, 1289);
INSERT INTO Paper (PaperID, Title, Year, MDate, Key, DOI) VALUES (1379, 'University of Hagen at CLEF 2007: Answer Validation Exercise.', 2007, '2014-09-23', 'conf/clef/Glockner07a', 'http://ceur-ws.org/Vol-1173/CLEF2007wn-QACLEF-Glockner2007.pdf');
INSERT INTO Write (AuthorID, PaperID) VALUES (94, 1379);
INSERT INTO Write (AuthorID, PaperID) VALUES (94, 1943);
INSERT INTO Paper (PaperID, Title, Year, MDate, Key, DOI) VALUES (2088, 'The LogAnswer Project at QA4MRE 2011.', 2011, '2016-06-02', 'conf/clef/GlocknerPD11', 'http://www.clef-initiative.eu/documents/71612/86377/CLEF2011wn-QA4MRE-Gl%C3%B6cknerEt2011.pdf');
INSERT INTO Write (AuthorID, PaperID) VALUES (94, 2088);
INSERT INTO Paper (PaperID, Title, Year, MDate, Key, DOI) VALUES (2244, 'Answer Validation Through Robust Logical Inference.', 2006, '2017-05-24', 'conf/clef/Glockner06', 'https://doi.org/10.1007/978-3-540-74999-8_62');
INSERT INTO Write (AuthorID, PaperID) VALUES (94, 2244);
INSERT INTO Paper (PaperID, Title, Year, MDate, Key, DOI) VALUES (2399, 'University of Hagen at QA@CLEF 2006: Answer Validation Exercise.', 2006, '2014-08-15', 'conf/clef/Glockner06a', 'http://ceur-ws.org/Vol-1172/CLEF2006wn-QACLEF-Glockner2006.pdf');
INSERT INTO Write (AuthorID, PaperID) VALUES (94, 2399);
INSERT INTO Paper (PaperID, Title, Year, MDate, Key, DOI) VALUES (2770, 'Combining Logic and Aggregation for Answer Selection.', 2007, '2017-05-24', 'conf/clef/Glockner07', 'https://doi.org/10.1007/978-3-540-85760-0_47');
INSERT INTO Write (AuthorID, PaperID) VALUES (94, 2770);
INSERT INTO Paper (PaperID, Title, Year, MDate, Key, DOI) VALUES (2832, 'University of Hagen at CLEF 2008: Answer Validation Exercise.', 2008, '2014-09-29', 'conf/clef/Glockner08a', 'http://ceur-ws.org/Vol-1174/CLEF2008wn-QACLEF-Glockner2008.pdf');
INSERT INTO Write (AuthorID, PaperID) VALUES (94, 2832);
INSERT INTO Paper (PaperID, Title, Year, MDate, Key, DOI) VALUES (2839, 'Extending a Logic-Based Question Answering System for Administrative Texts.', 2009, '2017-05-24', 'conf/clef/GlocknerP09', 'https://doi.org/10.1007/978-3-642-15754-7_30');
INSERT INTO Write (AuthorID, PaperID) VALUES (94, 2839);
INSERT INTO Paper (PaperID, Title, Year, MDate, Key, DOI) VALUES (2920, 'The LogAnswer Project at CLEF 2008: Towards Logic-Based Question Answering.', 2008, '2014-09-29', 'conf/clef/GlocknerP08a', 'http://ceur-ws.org/Vol-1174/CLEF2008wn-QACLEF-GlocknerEt2008.pdf');
INSERT INTO Write (AuthorID, PaperID) VALUES (94, 2920);
INSERT INTO Paper (PaperID, Title, Year, MDate, Key, DOI) VALUES (3486, 'The LogAnswer Project at QA4MRE 2012.', 2012, '2014-09-24', 'conf/clef/GlocknerP12', 'http://www.clef-initiative.eu/documents/71612/36719ef2-d251-461f-87be-a889bdde4bf4');
INSERT INTO Write (AuthorID, PaperID) VALUES (94, 3486);
INSERT INTO Author (AuthorID, Name) VALUES (95, 'Andreas Lommatzsch');
INSERT INTO Paper (PaperID, Title, Year, MDate, Key, DOI) VALUES (126, 'Benchmarking News Recommendations in a Living Lab.', 2014, '2018-11-14', 'conf/clef/HopfgartnerKLPBH14', 'https://www.wikidata.org/entity/Q57703122');
INSERT INTO Write (AuthorID, PaperID) VALUES (95, 126);
INSERT INTO Paper (PaperID, Title, Year, MDate, Key, DOI) VALUES (559, 'Development and Evaluation of a Highly Scalable News Recommender System.', 2015, '2015-09-03', 'conf/clef/VerbitskiyPL15', 'http://ceur-ws.org/Vol-1391/149-CR.pdf');
INSERT INTO Write (AuthorID, PaperID) VALUES (95, 559);
INSERT INTO Paper (PaperID, Title, Year, MDate, Key, DOI) VALUES (829, 'Stream-Based Recommendations: Online and Offline Evaluation as a Service.', 2015, '2018-11-14', 'conf/clef/KilleLTSLBSH15', 'https://www.wikidata.org/entity/Q57703118');
INSERT INTO Write (AuthorID, PaperID) VALUES (95, 829);
INSERT INTO Paper (PaperID, Title, Year, MDate, Key, DOI) VALUES (926, 'Development of a News Recommender System based on Apache Flink.', 2016, '2016-08-11', 'conf/clef/CiobanuL16', 'http://ceur-ws.org/Vol-1609/16090606.pdf');
INSERT INTO Write (AuthorID, PaperID) VALUES (95, 926);
INSERT INTO Paper (PaperID, Title, Year, MDate, Key, DOI) VALUES (1065, 'Clicks Pattern Analysis for Online News Recommendation Systems.', 2016, '2016-08-11', 'conf/clef/YuanLK16', 'http://ceur-ws.org/Vol-1609/16090679.pdf');
INSERT INTO Write (AuthorID, PaperID) VALUES (95, 1065);
INSERT INTO Paper (PaperID, Title, Year, MDate, Key, DOI) VALUES (1093, 'Overview of CLEF NewsREEL 2015: News Recommendation Evaluation Lab.', 2015, '2015-09-03', 'conf/clef/KilleLTSLBSH15a', 'http://ceur-ws.org/Vol-1391/inv-pap4-CR.pdf');
INSERT INTO Write (AuthorID, PaperID) VALUES (95, 1093);
INSERT INTO Paper (PaperID, Title, Year, MDate, Key, DOI) VALUES (1104, 'Overview of NewsREEL''16: Multi-dimensional Evaluation of Real-Time Stream-Recommendation Algorithms.', 2016, '2018-11-14', 'conf/clef/KilleLGHLSMSBV16', 'https://www.wikidata.org/entity/Q57703107');
INSERT INTO Write (AuthorID, PaperID) VALUES (95, 1104);
INSERT INTO Paper (PaperID, Title, Year, MDate, Key, DOI) VALUES (1320, 'CLEF NewsREEL 2016: Comparing Multi-dimensional Offline and Online Evaluation of News Recommender Systems.', 2016, '2016-08-11', 'conf/clef/KilleLHLSMSB16', 'http://ceur-ws.org/Vol-1609/16090593.pdf');
INSERT INTO Write (AuthorID, PaperID) VALUES (95, 1320);
INSERT INTO Paper (PaperID, Title, Year, MDate, Key, DOI) VALUES (1334, 'Recommender Ensembles for News Articles based on Most-Popular Strategies.', 2016, '2016-08-11', 'conf/clef/LommatzschJMHD16', 'http://ceur-ws.org/Vol-1609/16090657.pdf');
INSERT INTO Write (AuthorID, PaperID) VALUES (95, 1334);
INSERT INTO Paper (PaperID, Title, Year, MDate, Key, DOI) VALUES (1369, 'A System for Online News Recommendations in Real-Time with Apache Mahout.', 2017, '2017-08-15', 'conf/clef/BeckBML17', 'http://ceur-ws.org/Vol-1866/paper_164.pdf');
INSERT INTO Write (AuthorID, PaperID) VALUES (95, 1369);
INSERT INTO Paper (PaperID, Title, Year, MDate, Key, DOI) VALUES (1609, 'CLEF 2017 NewsREEL Overview: A Stream-Based Recommender Task for Evaluation and Education.', 2017, '2017-08-31', 'conf/clef/LommatzschKHLBS17', 'https://doi.org/10.1007/978-3-319-65813-1_23');
INSERT INTO Write (AuthorID, PaperID) VALUES (95, 1609);
INSERT INTO Paper (PaperID, Title, Year, MDate, Key, DOI) VALUES (1661, 'Optimizing a Scalable News Recommender System.', 2016, '2016-08-11', 'conf/clef/ProbstL16', 'http://ceur-ws.org/Vol-1609/16090669.pdf');
INSERT INTO Write (AuthorID, PaperID) VALUES (95, 1661);
INSERT INTO Paper (PaperID, Title, Year, MDate, Key, DOI) VALUES (2758, 'Real-time News Recommendations using Apache Spark.', 2016, '2016-08-11', 'conf/clef/DomannMHL16', 'http://ceur-ws.org/Vol-1609/16090628.pdf');
INSERT INTO Write (AuthorID, PaperID) VALUES (95, 2758);
INSERT INTO Paper (PaperID, Title, Year, MDate, Key, DOI) VALUES (2909, 'CLEF 2017 NewsREEL Overview: Offline and Online Evaluation of Stream-based News Recommender Systems.', 2017, '2017-08-15', 'conf/clef/KilleLHLB17', 'http://ceur-ws.org/Vol-1866/invited_paper_17.pdf');
INSERT INTO Write (AuthorID, PaperID) VALUES (95, 2909);
INSERT INTO Paper (PaperID, Title, Year, MDate, Key, DOI) VALUES (3264, 'Optimizing and Evaluating Stream-Based News Recommendation Algorithms.', 2015, '2017-05-24', 'conf/clef/LommatzschW15', 'https://doi.org/10.1007/978-3-319-24027-5_40');
INSERT INTO Write (AuthorID, PaperID) VALUES (95, 3264);
INSERT INTO Paper (PaperID, Title, Year, MDate, Key, DOI) VALUES (3272, 'A Highly Available Real-Time News Recommender Based on Apache Spark.', 2017, '2017-08-31', 'conf/clef/DomannL17', 'https://doi.org/10.1007/978-3-319-65813-1_17');
INSERT INTO Write (AuthorID, PaperID) VALUES (95, 3272);
INSERT INTO Paper (PaperID, Title, Year, MDate, Key, DOI) VALUES (3430, 'Optimizing and Evaluating Stream-based News Recommendation Algorithms.', 2014, '2014-09-10', 'conf/clef/WernerL14', 'http://ceur-ws.org/Vol-1180/CLEF2014wn-Newsreel-WernerEt2014.pdf');
INSERT INTO Write (AuthorID, PaperID) VALUES (95, 3430);
INSERT INTO Author (AuthorID, Name) VALUES (96, 'Hanna Suominen');
INSERT INTO Write (AuthorID, PaperID) VALUES (96, 7);
INSERT INTO Write (AuthorID, PaperID) VALUES (96, 531);
INSERT INTO Write (AuthorID, PaperID) VALUES (96, 822);
INSERT INTO Paper (PaperID, Title, Year, MDate, Key, DOI) VALUES (928, 'Task 2: ShARe/CLEF eHealth Evaluation Lab 2013.', 2013, '2015-07-24', 'conf/clef/MowerySCMSSMEPSC13', 'http://ceur-ws.org/Vol-1179/CLEF2013wn-CLEFeHealth-MoweryEt2013.pdf');
INSERT INTO Write (AuthorID, PaperID) VALUES (96, 928);
INSERT INTO Paper (PaperID, Title, Year, MDate, Key, DOI) VALUES (1156, 'Clinical Speech to Text Evaluation Setting.', 2012, '2014-09-24', 'conf/clef/SuominenBJDHKYS12', 'http://www.clef-initiative.eu/documents/71612/6815efb3-1d40-4d3a-a6d1-7ca5b61bc647');
INSERT INTO Write (AuthorID, PaperID) VALUES (96, 1156);
INSERT INTO Write (AuthorID, PaperID) VALUES (96, 1586);
INSERT INTO Write (AuthorID, PaperID) VALUES (96, 1729);
INSERT INTO Write (AuthorID, PaperID) VALUES (96, 1732);
INSERT INTO Paper (PaperID, Title, Year, MDate, Key, DOI) VALUES (1740, 'Task 1: ShARe/CLEF eHealth Evaluation Lab 2013.', 2013, '2015-07-24', 'conf/clef/PradhanESMCVSCS13', 'http://ceur-ws.org/Vol-1179/CLEF2013wn-CLEFeHealth-PradhanEt2013.pdf');
INSERT INTO Write (AuthorID, PaperID) VALUES (96, 1740);
INSERT INTO Write (AuthorID, PaperID) VALUES (96, 1774);
INSERT INTO Write (AuthorID, PaperID) VALUES (96, 2189);
INSERT INTO Paper (PaperID, Title, Year, MDate, Key, DOI) VALUES (2287, 'CLEFeHealth2012 - The CLEF 2012 Workshop on Cross-Language Evaluation of Methods, Applications, and Resources for eHealth Document Analysis.', 2012, '2014-09-24', 'conf/clef/Suominen12', 'http://www.clef-initiative.eu/documents/71612/4183b711-d669-43c1-a097-55b7bd5b8ef5');
INSERT INTO Write (AuthorID, PaperID) VALUES (96, 2287);
INSERT INTO Paper (PaperID, Title, Year, MDate, Key, DOI) VALUES (2323, 'Towards International Privacy-preserving Benchmarks of eHealth Technologies.', 2012, '2014-09-24', 'conf/clef/Suominen12a', 'http://www.clef-initiative.eu/documents/71612/9e55ccf5-c6a4-4f60-bfee-c58f75adbccc');
INSERT INTO Write (AuthorID, PaperID) VALUES (96, 2323);
INSERT INTO Write (AuthorID, PaperID) VALUES (96, 2398);
INSERT INTO Write (AuthorID, PaperID) VALUES (96, 2472);
INSERT INTO Paper (PaperID, Title, Year, MDate, Key, DOI) VALUES (2492, 'Towards Ease of Building Legos in Assessing eHealth Language Technologies A RESTful Laboratory for Data and Software.', 2012, '2014-09-24', 'conf/clef/SuominenKWH12', 'http://www.clef-initiative.eu/documents/71612/176963fc-e6ff-466e-b853-47158de827be');
INSERT INTO Write (AuthorID, PaperID) VALUES (96, 2492);
INSERT INTO Paper (PaperID, Title, Year, MDate, Key, DOI) VALUES (3421, 'Biosurveillance for Invasive Fungal Infections via Text Mining.', 2012, '2015-07-24', 'conf/clef/MartinezSAC12', 'http://www.clef-initiative.eu/documents/71612/c6a4d33a-4a09-4a86-ab70-432ae2c6ef5e');
INSERT INTO Write (AuthorID, PaperID) VALUES (96, 3421);
INSERT INTO Author (AuthorID, Name) VALUES (97, 'Martha Larson');
INSERT INTO Write (AuthorID, PaperID) VALUES (97, 829);
INSERT INTO Write (AuthorID, PaperID) VALUES (97, 1093);
INSERT INTO Write (AuthorID, PaperID) VALUES (97, 1104);
INSERT INTO Write (AuthorID, PaperID) VALUES (97, 1111);
INSERT INTO Paper (PaperID, Title, Year, MDate, Key, DOI) VALUES (1125, 'The University of Amsterdam at VideoCLEF 2008.', 2008, '2014-09-29', 'conf/clef/HeZWL08a', 'http://ceur-ws.org/Vol-1174/CLEF2008wn-VideoCLEF-ZhangEt2008.pdf');
INSERT INTO Write (AuthorID, PaperID) VALUES (97, 1125);
INSERT INTO Write (AuthorID, PaperID) VALUES (97, 1159);
INSERT INTO Paper (PaperID, Title, Year, MDate, Key, DOI) VALUES (1191, 'Exploiting Speech Recognition Transcripts for Narrative Peak Detection in Short-Form Documentaries.', 2009, '2018-11-02', 'conf/clef/LarsonJSO09', 'https://doi.org/10.1007/978-3-642-15751-6_50');
INSERT INTO Write (AuthorID, PaperID) VALUES (97, 1191);
INSERT INTO Write (AuthorID, PaperID) VALUES (97, 1320);
INSERT INTO Write (AuthorID, PaperID) VALUES (97, 1609);
INSERT INTO Write (AuthorID, PaperID) VALUES (97, 1767);
INSERT INTO Paper (PaperID, Title, Year, MDate, Key, DOI) VALUES (2065, 'Metadata and Multilinguality in Video Classification.', 2008, '2017-05-24', 'conf/clef/HeZWL08', 'https://doi.org/10.1007/978-3-642-04447-2_124');
INSERT INTO Write (AuthorID, PaperID) VALUES (97, 2065);
INSERT INTO Paper (PaperID, Title, Year, MDate, Key, DOI) VALUES (2483, 'CLEF NewsREEL 2017: Contextual Bandit News Recommendation.', 2017, '2017-08-15', 'conf/clef/LiangLL17', 'http://ceur-ws.org/Vol-1866/paper_176.pdf');
INSERT INTO Write (AuthorID, PaperID) VALUES (97, 2483);
INSERT INTO Write (AuthorID, PaperID) VALUES (97, 2909);
INSERT INTO Paper (PaperID, Title, Year, MDate, Key, DOI) VALUES (2987, 'Exploiting Speech Recognition Transcripts for Narrative Peak Detection in Short-Form Documentaries.', 2009, '2014-09-29', 'conf/clef/LarsonJSO09a', 'http://ceur-ws.org/Vol-1175/CLEF2009wn-VideoCLEF-LarsonEt2009b.pdf');
INSERT INTO Write (AuthorID, PaperID) VALUES (97, 2987);
INSERT INTO Paper (PaperID, Title, Year, MDate, Key, DOI) VALUES (3267, 'CLEF NewsREEL 2016: Image based Recommendation.', 2016, '2016-08-11', 'conf/clef/CorsiniL16', 'http://ceur-ws.org/Vol-1609/16090618.pdf');
INSERT INTO Write (AuthorID, PaperID) VALUES (97, 3267);
INSERT INTO Write (AuthorID, PaperID) VALUES (97, 3386);
INSERT INTO Author (AuthorID, Name) VALUES (98, 'M&aacute;rio J. Silva');
INSERT INTO Write (AuthorID, PaperID) VALUES (98, 36);
INSERT INTO Write (AuthorID, PaperID) VALUES (98, 51);
INSERT INTO Write (AuthorID, PaperID) VALUES (98, 315);
INSERT INTO Write (AuthorID, PaperID) VALUES (98, 477);
INSERT INTO Write (AuthorID, PaperID) VALUES (98, 562);
INSERT INTO Write (AuthorID, PaperID) VALUES (98, 619);
INSERT INTO Write (AuthorID, PaperID) VALUES (98, 880);
INSERT INTO Write (AuthorID, PaperID) VALUES (98, 2561);
INSERT INTO Write (AuthorID, PaperID) VALUES (98, 2613);
INSERT INTO Write (AuthorID, PaperID) VALUES (98, 2692);
INSERT INTO Write (AuthorID, PaperID) VALUES (98, 2696);
INSERT INTO Write (AuthorID, PaperID) VALUES (98, 2847);
INSERT INTO Write (AuthorID, PaperID) VALUES (98, 2968);
INSERT INTO Write (AuthorID, PaperID) VALUES (98, 3092);
INSERT INTO Write (AuthorID, PaperID) VALUES (98, 3461);
INSERT INTO Write (AuthorID, PaperID) VALUES (98, 3510);
INSERT INTO Author (AuthorID, Name) VALUES (99, 'Adrian Popescu 0001');
INSERT INTO Paper (PaperID, Title, Year, MDate, Key, DOI) VALUES (332, 'CEA LIST''s Participation to Visual Concept Detection Task of ImageCLEF 2011.', 2011, '2016-02-05', 'conf/clef/ZnaidiaBP11', 'http://www.clef-initiative.eu/documents/71612/86377/CLEF2011wn-ImageCLEF-ZnaidiaEt2011.pdf');
INSERT INTO Write (AuthorID, PaperID) VALUES (99, 332);
INSERT INTO Paper (PaperID, Title, Year, MDate, Key, DOI) VALUES (447, 'Image Annotation and Two Paths to Text Illustration.', 2016, '2016-08-12', 'conf/clef/BorgneGCTTG016', 'http://ceur-ws.org/Vol-1609/16090322.pdf');
INSERT INTO Write (AuthorID, PaperID) VALUES (99, 447);
INSERT INTO Paper (PaperID, Title, Year, MDate, Key, DOI) VALUES (480, 'Multimodal Image Retrieval over a Large Database.', 2009, '2017-05-24', 'conf/clef/MyoupoPBM09', 'https://doi.org/10.1007/978-3-642-15751-6_20');
INSERT INTO Write (AuthorID, PaperID) VALUES (99, 480);
INSERT INTO Paper (PaperID, Title, Year, MDate, Key, DOI) VALUES (695, 'Overview of the ImageCLEF 2012 Flickr Photo Annotation and Retrieval Task.', 2012, '2016-02-05', 'conf/clef/ThomeeP12', 'http://www.clef-initiative.eu/documents/71612/ec10fe5c-92e7-4217-b6fa-24ad439df1ba');
INSERT INTO Write (AuthorID, PaperID) VALUES (99, 695);
INSERT INTO Paper (PaperID, Title, Year, MDate, Key, DOI) VALUES (798, 'Overview of the Wikipedia Image Retrieval Task at ImageCLEF 2011.', 2011, '2016-02-05', 'conf/clef/TsikrikaPK11', 'http://www.clef-initiative.eu/documents/71612/86377/CLEF2011wn-ImageCLEF-TsikrikaEt2011.pdf');
INSERT INTO Write (AuthorID, PaperID) VALUES (99, 798);
INSERT INTO Paper (PaperID, Title, Year, MDate, Key, DOI) VALUES (871, 'Overview of the Wikipedia Retrieval Task at ImageCLEF 2010.', 2010, '2016-02-05', 'conf/clef/PopescuTK10', 'http://www.clef-initiative.eu/documents/71612/86374/CLEF2010wn-ImageCLEF-PopescuEt2010.pdf');
INSERT INTO Write (AuthorID, PaperID) VALUES (99, 871);
INSERT INTO Paper (PaperID, Title, Year, MDate, Key, DOI) VALUES (1000, 'Conceptual Image Retrieval over the Wikipedia Corpus.', 2008, '2016-02-05', 'conf/clef/PopescuBM08a', 'http://ceur-ws.org/Vol-1174/CLEF2008wn-ImageCLEF-PopescuEt2008.pdf');
INSERT INTO Write (AuthorID, PaperID) VALUES (99, 1000);
INSERT INTO Paper (PaperID, Title, Year, MDate, Key, DOI) VALUES (1224, 'Visual Reranking for Image Retrieval over the Wikipedia Corpus.', 2009, '2016-02-05', 'conf/clef/MyoupoPBM09a', 'http://ceur-ws.org/Vol-1175/CLEF2009wn-ImageCLEF-MyoupoEt2009.pdf');
INSERT INTO Write (AuthorID, PaperID) VALUES (99, 1224);
INSERT INTO Paper (PaperID, Title, Year, MDate, Key, DOI) VALUES (1273, 'CEA LIST''s participation to the Scalable Concept Image Annotation task of ImageCLEF 2015.', 2015, '2016-02-05', 'conf/clef/GadeskiBP15', 'http://ceur-ws.org/Vol-1391/23-CR.pdf');
INSERT INTO Write (AuthorID, PaperID) VALUES (99, 1273);
INSERT INTO Paper (PaperID, Title, Year, MDate, Key, DOI) VALUES (1576, 'CEA LIST@ImageCLEF 2013: Scalable Concept Image Annotation.', 2013, '2016-02-05', 'conf/clef/BorgnePZ13', 'http://ceur-ws.org/Vol-1179/CLEF2013wn-ImageCLEF-LeBorgneEt2013.pdf');
INSERT INTO Write (AuthorID, PaperID) VALUES (99, 1576);
INSERT INTO Paper (PaperID, Title, Year, MDate, Key, DOI) VALUES (1632, 'T800Aeacute;l800Aeacute;com Bretagne at ImageCLEF WikipediaMM 2010.', 2010, '2016-02-05', 'conf/clef/Popescu10', 'http://www.clef-initiative.eu/documents/71612/86374/CLEF2010wn-ImageCLEF-Popescu2010.pdf');
INSERT INTO Write (AuthorID, PaperID) VALUES (99, 1632);
INSERT INTO Paper (PaperID, Title, Year, MDate, Key, DOI) VALUES (1697, 'CEA LIST''s Participation at the CLEF CHiC 2013.', 2013, '2016-02-05', 'conf/clef/Popescu13', 'http://ceur-ws.org/Vol-1179/CLEF2013wn-CHiC-Popescu2013.pdf');
INSERT INTO Write (AuthorID, PaperID) VALUES (99, 1697);
INSERT INTO Paper (PaperID, Title, Year, MDate, Key, DOI) VALUES (2064, 'CEA LIST''s Participation to the Concept Annotation Task of ImageCLEF 2012.', 2012, '2016-02-05', 'conf/clef/ZnaidiaSPB12', 'http://www.clef-initiative.eu/documents/71612/bc06da1b-e417-46e6-bb32-0be0918a07be');
INSERT INTO Write (AuthorID, PaperID) VALUES (99, 2064);
INSERT INTO Paper (PaperID, Title, Year, MDate, Key, DOI) VALUES (2566, 'Conceptual Image Retrieval over a Large Scale Database.', 2008, '2017-05-24', 'conf/clef/PopescuBM08', 'https://doi.org/10.1007/978-3-642-04447-2_100');
INSERT INTO Write (AuthorID, PaperID) VALUES (99, 2566);
INSERT INTO Paper (PaperID, Title, Year, MDate, Key, DOI) VALUES (3030, 'XRCE''s Participation at Wikipedia Retrieval of ImageCLEF 2011.', 2011, '2016-02-05', 'conf/clef/CsurkaCP11', 'http://www.clef-initiative.eu/documents/71612/86377/CLEF2011wn-ImageCLEF-CsurkaEt2011a.pdf');
INSERT INTO Write (AuthorID, PaperID) VALUES (99, 3030);
INSERT INTO Write (AuthorID, PaperID) VALUES (99, 3086);
INSERT INTO Author (AuthorID, Name) VALUES (100, 'C&eacute;sar de Pablo-S&aacute;nchez');
INSERT INTO Write (AuthorID, PaperID) VALUES (100, 202);
INSERT INTO Paper (PaperID, Title, Year, MDate, Key, DOI) VALUES (448, 'MIRACLE Experiments in QA@CLEF 2006 in Spanish: Main Task, Real-Time QA and Exploratory QA Using Wikipedia (WiQA).', 2006, '2017-05-24', 'conf/clef/Pablo-SanchezGMV06', 'https://doi.org/10.1007/978-3-540-74999-8_55');
INSERT INTO Write (AuthorID, PaperID) VALUES (100, 448);
INSERT INTO Write (AuthorID, PaperID) VALUES (100, 501);
INSERT INTO Write (AuthorID, PaperID) VALUES (100, 1203);
INSERT INTO Write (AuthorID, PaperID) VALUES (100, 1231);
INSERT INTO Write (AuthorID, PaperID) VALUES (100, 1278);
INSERT INTO Write (AuthorID, PaperID) VALUES (100, 1485);
INSERT INTO Write (AuthorID, PaperID) VALUES (100, 1669);
INSERT INTO Write (AuthorID, PaperID) VALUES (100, 2036);
INSERT INTO Write (AuthorID, PaperID) VALUES (100, 2141);
INSERT INTO Write (AuthorID, PaperID) VALUES (100, 2212);
INSERT INTO Write (AuthorID, PaperID) VALUES (100, 2305);
INSERT INTO Write (AuthorID, PaperID) VALUES (100, 3046);
INSERT INTO Write (AuthorID, PaperID) VALUES (100, 3091);
INSERT INTO Write (AuthorID, PaperID) VALUES (100, 3488);
INSERT INTO Write (AuthorID, PaperID) VALUES (100, 3527);
INSERT INTO Author (AuthorID, Name) VALUES (101, 'Pierre Bonnet');
INSERT INTO Write (AuthorID, PaperID) VALUES (101, 2);
INSERT INTO Write (AuthorID, PaperID) VALUES (101, 486);
INSERT INTO Write (AuthorID, PaperID) VALUES (101, 537);
INSERT INTO Write (AuthorID, PaperID) VALUES (101, 596);
INSERT INTO Write (AuthorID, PaperID) VALUES (101, 837);
INSERT INTO Write (AuthorID, PaperID) VALUES (101, 1140);
INSERT INTO Write (AuthorID, PaperID) VALUES (101, 1147);
INSERT INTO Write (AuthorID, PaperID) VALUES (101, 1522);
INSERT INTO Write (AuthorID, PaperID) VALUES (101, 1601);
INSERT INTO Write (AuthorID, PaperID) VALUES (101, 1876);
INSERT INTO Write (AuthorID, PaperID) VALUES (101, 2015);
INSERT INTO Write (AuthorID, PaperID) VALUES (101, 2099);
INSERT INTO Write (AuthorID, PaperID) VALUES (101, 2356);
INSERT INTO Write (AuthorID, PaperID) VALUES (101, 2700);
INSERT INTO Write (AuthorID, PaperID) VALUES (101, 3072);
INSERT INTO Write (AuthorID, PaperID) VALUES (101, 3284);
INSERT INTO Author (AuthorID, Name) VALUES (102, 'Barbara Caputo');
INSERT INTO Paper (PaperID, Title, Year, MDate, Key, DOI) VALUES (77, 'Overview of the ImageCLEF 2013 Robot Vision Task.', 2013, '2014-09-10', 'conf/clef/Martinez-GomezGCC13', 'http://ceur-ws.org/Vol-1179/CLEF2013wn-ImageCLEF-MartinezGomezEt2013.pdf');
INSERT INTO Write (AuthorID, PaperID) VALUES (102, 77);
INSERT INTO Paper (PaperID, Title, Year, MDate, Key, DOI) VALUES (408, 'Overview of the ImageCLEF 2014 Domain Adaptation Task.', 2014, '2014-09-10', 'conf/clef/CaputoP14', 'http://ceur-ws.org/Vol-1180/CLEF2014wn-Image-CaputoEt2014.pdf');
INSERT INTO Write (AuthorID, PaperID) VALUES (102, 408);
INSERT INTO Paper (PaperID, Title, Year, MDate, Key, DOI) VALUES (430, 'Baseline Multimodal Place Classifier for the 2012 Robot Vision Task.', 2012, '2014-09-24', 'conf/clef/Martinez-GomezGC12a', 'http://www.clef-initiative.eu/documents/71612/a5b0a0c1-c4bf-49fb-86c6-1b8f84687577');
INSERT INTO Write (AuthorID, PaperID) VALUES (102, 430);
INSERT INTO Paper (PaperID, Title, Year, MDate, Key, DOI) VALUES (493, 'A Multi Cue Discriminative Approach to Semantic Place Classification.', 2010, '2014-09-24', 'conf/clef/FornoniMC10', 'http://www.clef-initiative.eu/documents/71612/86374/CLEF2010wn-ImageCLEF-FornoniEt2010.pdf');
INSERT INTO Write (AuthorID, PaperID) VALUES (102, 493);
INSERT INTO Write (AuthorID, PaperID) VALUES (102, 537);
INSERT INTO Paper (PaperID, Title, Year, MDate, Key, DOI) VALUES (874, 'Overview of the ImageCLEF 2012 Robot Vision Task.', 2012, '2014-09-24', 'conf/clef/Martinez-GomezGC12', 'http://www.clef-initiative.eu/documents/71612/95de9226-0d1f-4f04-82d8-8082d57bc905');
INSERT INTO Write (AuthorID, PaperID) VALUES (102, 874);
INSERT INTO Write (AuthorID, PaperID) VALUES (102, 1068);
INSERT INTO Paper (PaperID, Title, Year, MDate, Key, DOI) VALUES (1517, 'Overview of the CLEF 2009 Medical Image Annotation Track.', 2009, '2014-09-29', 'conf/clef/TommasiCWGD09a', 'http://ceur-ws.org/Vol-1175/CLEF2009wn-ImageCLEF-TommasiEt2009.pdf');
INSERT INTO Write (AuthorID, PaperID) VALUES (102, 1517);
INSERT INTO Paper (PaperID, Title, Year, MDate, Key, DOI) VALUES (2217, 'Overview of the CLEF 2009 Robot Vision Track.', 2009, '2017-06-02', 'conf/clef/PronobisXC09', 'https://doi.org/10.1007/978-3-642-15751-6_11');
INSERT INTO Write (AuthorID, PaperID) VALUES (102, 2217);
INSERT INTO Paper (PaperID, Title, Year, MDate, Key, DOI) VALUES (2237, 'Cue Integration for Medical Image Annotation.', 2007, '2017-05-24', 'conf/clef/TommasiOC07', 'https://doi.org/10.1007/978-3-540-85760-0_72');
INSERT INTO Write (AuthorID, PaperID) VALUES (102, 2237);
INSERT INTO Paper (PaperID, Title, Year, MDate, Key, DOI) VALUES (2581, 'CLEF2007: Image Annotation Task: an SVM-based Cue Integration Approach.', 2007, '2014-09-23', 'conf/clef/TommasiOC07a', 'http://ceur-ws.org/Vol-1173/CLEF2007wn-ImageCLEF-TommasiEt2007.pdf');
INSERT INTO Write (AuthorID, PaperID) VALUES (102, 2581);
INSERT INTO Paper (PaperID, Title, Year, MDate, Key, DOI) VALUES (2703, 'CLEF2008 Image Annotation Task: an SVM Confidence-Based Approach.', 2008, '2014-09-29', 'conf/clef/TommasiOC08a', 'http://ceur-ws.org/Vol-1174/CLEF2008wn-ImageCLEF-TommasiEt2008.pdf');
INSERT INTO Write (AuthorID, PaperID) VALUES (102, 2703);
INSERT INTO Paper (PaperID, Title, Year, MDate, Key, DOI) VALUES (2925, 'The Robot Vision Track at ImageCLEF 2010.', 2010, '2014-09-24', 'conf/clef/PronobisFCC10', 'http://www.clef-initiative.eu/documents/71612/86374/CLEF2010wn-ImageCLEF-PronobisEt2010.pdf');
INSERT INTO Write (AuthorID, PaperID) VALUES (102, 2925);
INSERT INTO Paper (PaperID, Title, Year, MDate, Key, DOI) VALUES (3081, 'An SVM Confidence-Based Approach to Medical Image Annotation.', 2008, '2018-11-24', 'conf/clef/TommasiOC08', 'https://www.wikidata.org/entity/Q58833047');
INSERT INTO Write (AuthorID, PaperID) VALUES (102, 3081);
INSERT INTO Paper (PaperID, Title, Year, MDate, Key, DOI) VALUES (3098, 'Overview of the CLEF 2009 Medical Image Annotation Track.', 2009, '2018-11-24', 'conf/clef/TommasiCWGD09', 'https://www.wikidata.org/entity/Q58833043');
INSERT INTO Write (AuthorID, PaperID) VALUES (102, 3098);
INSERT INTO Paper (PaperID, Title, Year, MDate, Key, DOI) VALUES (3290, 'Overview of the CLEF 2009 Robot Vision Track.', 2009, '2014-09-29', 'conf/clef/CaputoPJ09', 'http://ceur-ws.org/Vol-1175/CLEF2009wn-ImageCLEF-CaputoEt2009.pdf');
INSERT INTO Write (AuthorID, PaperID) VALUES (102, 3290);
INSERT INTO Author (AuthorID, Name) VALUES (103, 'Jordi Turmo');
INSERT INTO Paper (PaperID, Title, Year, MDate, Key, DOI) VALUES (65, 'Overview of QAST 2008.', 2008, '2017-05-24', 'conf/clef/TurmoCRLMM08', 'https://doi.org/10.1007/978-3-642-04447-2_36');
INSERT INTO Write (AuthorID, PaperID) VALUES (103, 65);
INSERT INTO Write (AuthorID, PaperID) VALUES (103, 216);
INSERT INTO Paper (PaperID, Title, Year, MDate, Key, DOI) VALUES (726, 'Robust Question Answering for Speech Transcripts Using Minimal Syntactic Analysis.', 2007, '2014-09-23', 'conf/clef/ComasTS07a', 'http://ceur-ws.org/Vol-1173/CLEF2007wn-QACLEF-ComasEt2007.pdf');
INSERT INTO Write (AuthorID, PaperID) VALUES (103, 726);
INSERT INTO Paper (PaperID, Title, Year, MDate, Key, DOI) VALUES (1588, 'Robust Question Answering for Speech Transcripts: UPC Experience in QAst 2009.', 2009, '2017-05-24', 'conf/clef/ComasT09', 'https://doi.org/10.1007/978-3-642-15754-7_34');
INSERT INTO Write (AuthorID, PaperID) VALUES (103, 1588);
INSERT INTO Paper (PaperID, Title, Year, MDate, Key, DOI) VALUES (1685, 'Overview of QAST 2008.', 2008, '2014-09-29', 'conf/clef/TurmoCRLMM08a', 'http://ceur-ws.org/Vol-1174/CLEF2008wn-QACLEF-TurmoEt2008.pdf');
INSERT INTO Write (AuthorID, PaperID) VALUES (103, 1685);
INSERT INTO Paper (PaperID, Title, Year, MDate, Key, DOI) VALUES (1723, 'Robust Question Answering for Speech Transcripts Using Minimal Syntactic Analysis.', 2007, '2017-05-24', 'conf/clef/ComasTS07', 'https://doi.org/10.1007/978-3-540-85760-0_56');
INSERT INTO Write (AuthorID, PaperID) VALUES (103, 1723);
INSERT INTO Write (AuthorID, PaperID) VALUES (103, 1908);
INSERT INTO Write (AuthorID, PaperID) VALUES (103, 1950);
INSERT INTO Write (AuthorID, PaperID) VALUES (103, 2190);
INSERT INTO Paper (PaperID, Title, Year, MDate, Key, DOI) VALUES (2316, 'Overview of QAST 2007.', 2007, '2017-05-24', 'conf/clef/TurmoCAMRL07', 'https://doi.org/10.1007/978-3-540-85760-0_29');
INSERT INTO Write (AuthorID, PaperID) VALUES (103, 2316);
INSERT INTO Paper (PaperID, Title, Year, MDate, Key, DOI) VALUES (2329, 'Overview of QAST 2007.', 2007, '2014-09-23', 'conf/clef/TurmoCAMRL07a', 'http://ceur-ws.org/Vol-1173/CLEF2007wn-QACLEF-TurmoEt2007.pdf');
INSERT INTO Write (AuthorID, PaperID) VALUES (103, 2329);
INSERT INTO Write (AuthorID, PaperID) VALUES (103, 2352);
INSERT INTO Write (AuthorID, PaperID) VALUES (103, 2446);
INSERT INTO Paper (PaperID, Title, Year, MDate, Key, DOI) VALUES (2543, 'Robust Question Answering for Speech Transcripts: UPC Experience in QAst 2009.', 2009, '2014-09-29', 'conf/clef/ComasT09a', 'http://ceur-ws.org/Vol-1175/CLEF2009wn-QACLEF-ComasEt2009.pdf');
INSERT INTO Write (AuthorID, PaperID) VALUES (103, 2543);
INSERT INTO Paper (PaperID, Title, Year, MDate, Key, DOI) VALUES (2902, 'Robust Question Answering for Speech Transcripts: UPC Experience in QAst 2008.', 2008, '2017-05-24', 'conf/clef/ComasT08', 'https://doi.org/10.1007/978-3-642-04447-2_61');
INSERT INTO Write (AuthorID, PaperID) VALUES (103, 2902);
INSERT INTO Paper (PaperID, Title, Year, MDate, Key, DOI) VALUES (3127, 'Robust Question Answering for Speech Transcripts: UPC Experience in QAst 2008.', 2008, '2014-09-29', 'conf/clef/ComasT08a', 'http://ceur-ws.org/Vol-1174/CLEF2008wn-QACLEF-ComasEt2008.pdf');
INSERT INTO Write (AuthorID, PaperID) VALUES (103, 3127);
INSERT INTO Author (AuthorID, Name) VALUES (104, 'Daniel Ferr&eacute;s');
INSERT INTO Write (AuthorID, PaperID) VALUES (104, 216);
INSERT INTO Write (AuthorID, PaperID) VALUES (104, 492);
INSERT INTO Write (AuthorID, PaperID) VALUES (104, 916);
INSERT INTO Write (AuthorID, PaperID) VALUES (104, 919);
INSERT INTO Write (AuthorID, PaperID) VALUES (104, 1597);
INSERT INTO Write (AuthorID, PaperID) VALUES (104, 1692);
INSERT INTO Write (AuthorID, PaperID) VALUES (104, 1908);
INSERT INTO Write (AuthorID, PaperID) VALUES (104, 1950);
INSERT INTO Write (AuthorID, PaperID) VALUES (104, 2352);
INSERT INTO Write (AuthorID, PaperID) VALUES (104, 2471);
INSERT INTO Write (AuthorID, PaperID) VALUES (104, 2495);
INSERT INTO Write (AuthorID, PaperID) VALUES (104, 2752);
INSERT INTO Write (AuthorID, PaperID) VALUES (104, 2813);
INSERT INTO Write (AuthorID, PaperID) VALUES (104, 2861);
INSERT INTO Write (AuthorID, PaperID) VALUES (104, 2974);
INSERT INTO Write (AuthorID, PaperID) VALUES (104, 3429);
INSERT INTO Author (AuthorID, Name) VALUES (105, 'Alba Garcia Seco de Herrera');
INSERT INTO Write (AuthorID, PaperID) VALUES (105, 33);
INSERT INTO Write (AuthorID, PaperID) VALUES (105, 331);
INSERT INTO Write (AuthorID, PaperID) VALUES (105, 383);
INSERT INTO Write (AuthorID, PaperID) VALUES (105, 870);
INSERT INTO Write (AuthorID, PaperID) VALUES (105, 1985);
INSERT INTO Write (AuthorID, PaperID) VALUES (105, 2125);
INSERT INTO Write (AuthorID, PaperID) VALUES (105, 2132);
INSERT INTO Write (AuthorID, PaperID) VALUES (105, 2155);
INSERT INTO Write (AuthorID, PaperID) VALUES (105, 2308);
INSERT INTO Write (AuthorID, PaperID) VALUES (105, 2327);
INSERT INTO Write (AuthorID, PaperID) VALUES (105, 2667);
INSERT INTO Write (AuthorID, PaperID) VALUES (105, 2750);
INSERT INTO Write (AuthorID, PaperID) VALUES (105, 3141);
INSERT INTO Write (AuthorID, PaperID) VALUES (105, 3167);
INSERT INTO Paper (PaperID, Title, Year, MDate, Key, DOI) VALUES (3406, 'NLM at ImageCLEF 2017 Caption Task.', 2017, '2017-08-15', 'conf/clef/AbachaHGDA17', 'http://ceur-ws.org/Vol-1866/paper_158.pdf');
INSERT INTO Write (AuthorID, PaperID) VALUES (105, 3406);
INSERT INTO Write (AuthorID, PaperID) VALUES (105, 3504);
INSERT INTO Author (AuthorID, Name) VALUES (106, 'Patrice Bellot');
INSERT INTO Write (AuthorID, PaperID) VALUES (106, 66);
INSERT INTO Paper (PaperID, Title, Year, MDate, Key, DOI) VALUES (105, 'Linking Task: Identifying Authors and Book Titles in Verbose Queries.', 2016, '2016-08-11', 'conf/clef/OllagnierFB16', 'http://ceur-ws.org/Vol-1609/16091064.pdf');
INSERT INTO Write (AuthorID, PaperID) VALUES (106, 105);
INSERT INTO Write (AuthorID, PaperID) VALUES (106, 378);
INSERT INTO Paper (PaperID, Title, Year, MDate, Key, DOI) VALUES (586, 'Book Recommendation based on Social Information.', 2013, '2014-09-10', 'conf/clef/BenkoussasB13', 'http://ceur-ws.org/Vol-1179/CLEF2013wn-INEX-BenkoussasyEt2013.pdf');
INSERT INTO Write (AuthorID, PaperID) VALUES (106, 586);
INSERT INTO Paper (PaperID, Title, Year, MDate, Key, DOI) VALUES (833, 'Combining Tags and Reviews to Improve Social Book Search Performance.', 2018, '2018-08-20', 'conf/clef/ChaaNB18', 'https://doi.org/10.1007/978-3-319-98932-7_6');
INSERT INTO Write (AuthorID, PaperID) VALUES (106, 833);
INSERT INTO Write (AuthorID, PaperID) VALUES (106, 843);
INSERT INTO Paper (PaperID, Title, Year, MDate, Key, DOI) VALUES (1042, 'Relevance Measures for Question Answering, The LIA at QA@CLEF-2006.', 2006, '2017-06-15', 'conf/clef/GillardSBBE06', 'https://doi.org/10.1007/978-3-540-74999-8_52');
INSERT INTO Write (AuthorID, PaperID) VALUES (106, 1042);
INSERT INTO Paper (PaperID, Title, Year, MDate, Key, DOI) VALUES (1209, 'Book Recommendation Using Information Retrieval Methods and Graph Analysis.', 2015, '2015-09-03', 'conf/clef/BenkoussasOB15', 'http://ceur-ws.org/Vol-1391/8-CR.pdf');
INSERT INTO Write (AuthorID, PaperID) VALUES (106, 1209);
INSERT INTO Paper (PaperID, Title, Year, MDate, Key, DOI) VALUES (1270, 'Do Social Information Help Book Search?', 2012, '2014-09-24', 'conf/clef/BonnefoyDB12', 'http://www.clef-initiative.eu/documents/71612/f1163b00-fde2-4f4e-b327-acaa04aae51b');
INSERT INTO Write (AuthorID, PaperID) VALUES (106, 1270);
INSERT INTO Write (AuthorID, PaperID) VALUES (106, 1319);
INSERT INTO Paper (PaperID, Title, Year, MDate, Key, DOI) VALUES (1806, 'SBS 2016 Track Mining: Classification with Linguistic Features for Book Search Requests Classification.', 2016, '2016-08-11', 'conf/clef/EttalebLDB16', 'http://ceur-ws.org/Vol-1609/16091079.pdf');
INSERT INTO Write (AuthorID, PaperID) VALUES (106, 1806);
INSERT INTO Paper (PaperID, Title, Year, MDate, Key, DOI) VALUES (2441, 'The LIA at QA@CLEF-2006.', 2006, '2014-08-15', 'conf/clef/GillardSBBE06a', 'http://ceur-ws.org/Vol-1172/CLEF2006wn-QACLEF-GillardEt2006.pdf');
INSERT INTO Write (AuthorID, PaperID) VALUES (106, 2441);
INSERT INTO Paper (PaperID, Title, Year, MDate, Key, DOI) VALUES (2450, 'Collaborative Filtering for Book Recommandation.', 2014, '2014-09-10', 'conf/clef/BenkoussasHAOB14', 'http://ceur-ws.org/Vol-1180/CLEF2014wn-Inex-BenkoussasEt2014.pdf');
INSERT INTO Write (AuthorID, PaperID) VALUES (106, 2450);
INSERT INTO Write (AuthorID, PaperID) VALUES (106, 2460);
INSERT INTO Paper (PaperID, Title, Year, MDate, Key, DOI) VALUES (2639, 'Verbose Query Reduction by Learning to Rank for Social Book Search Track.', 2016, '2016-08-11', 'conf/clef/ChaaNB16', 'http://ceur-ws.org/Vol-1609/16091072.pdf');
INSERT INTO Write (AuthorID, PaperID) VALUES (106, 2639);
INSERT INTO Paper (PaperID, Title, Year, MDate, Key, DOI) VALUES (3250, 'SBS 2016 : Combining Query Expansion Result and Books Information Score for Book Recommendation.', 2016, '2016-08-11', 'conf/clef/HtaitFB16', 'http://ceur-ws.org/Vol-1609/16091115.pdf');
INSERT INTO Write (AuthorID, PaperID) VALUES (106, 3250);
INSERT INTO Author (AuthorID, Name) VALUES (107, 'Aur&eacute;lie N&eacute;v&eacute;ol');
INSERT INTO Paper (PaperID, Title, Year, MDate, Key, DOI) VALUES (190, 'CLEF eHealth 2018 Multilingual Information Extraction Task Overview: ICD10 Coding of Death Certificates in French, Hungarian and Italian.', 2018, '2018-08-08', 'conf/clef/NeveolRGMOPRRZ18', 'http://ceur-ws.org/Vol-2125/invited_paper_18.pdf');
INSERT INTO Write (AuthorID, PaperID) VALUES (107, 190);
INSERT INTO Write (AuthorID, PaperID) VALUES (107, 531);
INSERT INTO Write (AuthorID, PaperID) VALUES (107, 657);
INSERT INTO Paper (PaperID, Title, Year, MDate, Key, DOI) VALUES (773, 'Multilingual Named-Entity Recognition from Parallel Corpora.', 2013, '2014-09-10', 'conf/clef/BodnariNUZS13', 'http://ceur-ws.org/Vol-1179/CLEF2013wn-CLEFER-BodnariEt2013.pdf');
INSERT INTO Write (AuthorID, PaperID) VALUES (107, 773);
INSERT INTO Write (AuthorID, PaperID) VALUES (107, 822);
INSERT INTO Write (AuthorID, PaperID) VALUES (107, 1046);
INSERT INTO Paper (PaperID, Title, Year, MDate, Key, DOI) VALUES (1133, 'A Supervised Abbreviation Resolution System for Medical Text.', 2013, '2014-09-11', 'conf/clef/ZweigenbaumDLNB13', 'http://ceur-ws.org/Vol-1179/CLEF2013wn-CLEFeHealth-ZweigenbaumEt2013.pdf');
INSERT INTO Write (AuthorID, PaperID) VALUES (107, 1133);
INSERT INTO Paper (PaperID, Title, Year, MDate, Key, DOI) VALUES (1422, 'CLEF eHealth 2017 Multilingual Information Extraction task Overview: ICD10 Coding of Death Certificates in English and French.', 2017, '2017-08-15', 'conf/clef/NeveolRACGLRRZ17', 'http://ceur-ws.org/Vol-1866/invited_paper_6.pdf');
INSERT INTO Write (AuthorID, PaperID) VALUES (107, 1422);
INSERT INTO Write (AuthorID, PaperID) VALUES (107, 1774);
INSERT INTO Write (AuthorID, PaperID) VALUES (107, 1874);
INSERT INTO Paper (PaperID, Title, Year, MDate, Key, DOI) VALUES (1914, 'A Supervised Named-Entity Extraction System for Medical Text.', 2013, '2014-09-10', 'conf/clef/BodnariDLNZ13', 'http://ceur-ws.org/Vol-1179/CLEF2013wn-CLEFeHealth-BodnariEt2013.pdf');
INSERT INTO Write (AuthorID, PaperID) VALUES (107, 1914);
INSERT INTO Write (AuthorID, PaperID) VALUES (107, 2398);
INSERT INTO Paper (PaperID, Title, Year, MDate, Key, DOI) VALUES (2697, 'LIMSI@CLEF eHealth 2017 Task 2: Logistic Regression for Automatic Article Ranking.', 2017, '2017-08-15', 'conf/clef/NormanLN17', 'http://ceur-ws.org/Vol-1866/paper_101.pdf');
INSERT INTO Write (AuthorID, PaperID) VALUES (107, 2697);
INSERT INTO Paper (PaperID, Title, Year, MDate, Key, DOI) VALUES (2840, 'LIMSI@CLEF eHealth 2018 Task 2: Technology Assisted Reviews by Stacking Active and Static Learning.', 2018, '2018-08-08', 'conf/clef/NormanLN18', 'http://ceur-ws.org/Vol-2125/paper_198.pdf');
INSERT INTO Write (AuthorID, PaperID) VALUES (107, 2840);
INSERT INTO Paper (PaperID, Title, Year, MDate, Key, DOI) VALUES (3068, 'An Overview of Terminological Resources available for French bioNLP.', 2013, '2014-09-10', 'conf/clef/NeveolRZ13', 'http://ceur-ws.org/Vol-1179/CLEF2013wn-CLEFER-NeveolEt2013.pdf');
INSERT INTO Write (AuthorID, PaperID) VALUES (107, 3068);
INSERT INTO Author (AuthorID, Name) VALUES (108, 'Eneko Agirre');
INSERT INTO Write (AuthorID, PaperID) VALUES (108, 194);
INSERT INTO Paper (PaperID, Title, Year, MDate, Key, DOI) VALUES (820, 'Elhuyar-IXA: Semantic Relatedness and Cross-lingual Passage Retrieval.', 2009, '2014-09-29', 'conf/clef/AgirreAALOSZ09a', 'http://ceur-ws.org/Vol-1175/CLEF2009wn-QACLEF-AgirreEt2009.pdf');
INSERT INTO Write (AuthorID, PaperID) VALUES (108, 820);
INSERT INTO Paper (PaperID, Title, Year, MDate, Key, DOI) VALUES (1146, 'IXA at CLEF 2008 Robust-WSD Task: Using Word Sense Disambiguation for (Cross Lingual) Information Retrieval.', 2008, '2018-11-14', 'conf/clef/AgirreOR08', 'https://www.wikidata.org/entity/Q57400835');
INSERT INTO Write (AuthorID, PaperID) VALUES (108, 1146);
INSERT INTO Write (AuthorID, PaperID) VALUES (108, 1205);
INSERT INTO Paper (PaperID, Title, Year, MDate, Key, DOI) VALUES (1332, 'Using Semantic Relatedness and Word Sense Disambiguation for (CL)IR.', 2009, '2014-09-29', 'conf/clef/AgirreOZ09a', 'http://ceur-ws.org/Vol-1175/CLEF2009wn-adhoc-AgirreEt2009b.pdf');
INSERT INTO Write (AuthorID, PaperID) VALUES (108, 1332);
INSERT INTO Paper (PaperID, Title, Year, MDate, Key, DOI) VALUES (1863, 'Using Semantic Relatedness and Word Sense Disambiguation for (CL)IR.', 2009, '2018-11-14', 'conf/clef/AgirreOZ09', 'https://www.wikidata.org/entity/Q57400832');
INSERT INTO Write (AuthorID, PaperID) VALUES (108, 1863);
INSERT INTO Write (AuthorID, PaperID) VALUES (108, 1886);
INSERT INTO Write (AuthorID, PaperID) VALUES (108, 2052);
INSERT INTO Paper (PaperID, Title, Year, MDate, Key, DOI) VALUES (2377, 'IXA at CLEF 2008 Robust-WSD Task: using Word Sense Disambiguation for (Cross Lingual) Information Retrieval.', 2008, '2014-09-29', 'conf/clef/OtegiAR08', 'http://ceur-ws.org/Vol-1174/CLEF2008wn-adhoc-OtegiEt2008.pdf');
INSERT INTO Write (AuthorID, PaperID) VALUES (108, 2377);
INSERT INTO Paper (PaperID, Title, Year, MDate, Key, DOI) VALUES (2388, 'Elhuyar-IXA: Semantic Relatedness and Cross-Lingual Passage Retrieval.', 2009, '2018-11-14', 'conf/clef/AgirreAALOSZ09', 'https://www.wikidata.org/entity/Q57400830');
INSERT INTO Write (AuthorID, PaperID) VALUES (108, 2388);
INSERT INTO Write (AuthorID, PaperID) VALUES (108, 2396);
INSERT INTO Write (AuthorID, PaperID) VALUES (108, 2530);
INSERT INTO Write (AuthorID, PaperID) VALUES (108, 2580);
INSERT INTO Paper (PaperID, Title, Year, MDate, Key, DOI) VALUES (3475, 'Document Expansion for Cross-Lingual Passage Retrieval.', 2010, '2014-09-24', 'conf/clef/AgirreAALOS10', 'http://www.clef-initiative.eu/documents/71612/86374/CLEF2010wn-MLQA10-AgirreEt2010.pdf');
INSERT INTO Write (AuthorID, PaperID) VALUES (108, 3475);
INSERT INTO Write (AuthorID, PaperID) VALUES (108, 3490);
INSERT INTO Author (AuthorID, Name) VALUES (109, 'Patricio Mart&iacute;nez-Barco');
INSERT INTO Write (AuthorID, PaperID) VALUES (109, 95);
INSERT INTO Paper (PaperID, Title, Year, MDate, Key, DOI) VALUES (122, 'AliQAn, Spanish QA System at Multilingual QA@CLEF-2008.', 2008, '2014-09-29', 'conf/clef/Munoz-TerolPPS0VFPM08', 'http://ceur-ws.org/Vol-1174/CLEF2008wn-QACLEF-MunozTerolEt2008.pdf');
INSERT INTO Write (AuthorID, PaperID) VALUES (109, 122);
INSERT INTO Write (AuthorID, PaperID) VALUES (109, 174);
INSERT INTO Paper (PaperID, Title, Year, MDate, Key, DOI) VALUES (752, 'DLSI-Volvam at RepLab 2013: Polarity Classification on Twitter Data.', 2013, '2014-09-11', 'conf/clef/LopezFGMM13', 'http://ceur-ws.org/Vol-1179/CLEF2013wn-RepLab-MosqueraEt2013.pdf');
INSERT INTO Write (AuthorID, PaperID) VALUES (109, 752);
INSERT INTO Paper (PaperID, Title, Year, MDate, Key, DOI) VALUES (1075, 'Applying Logic Forms and Statistical Methods to CL-SR Performance.', 2006, '2017-05-24', 'conf/clef/TerolMP06', 'https://doi.org/10.1007/978-3-540-74999-8_96');
INSERT INTO Write (AuthorID, PaperID) VALUES (109, 1075);
INSERT INTO Write (AuthorID, PaperID) VALUES (109, 1098);
INSERT INTO Write (AuthorID, PaperID) VALUES (109, 1345);
INSERT INTO Write (AuthorID, PaperID) VALUES (109, 2058);
INSERT INTO Paper (PaperID, Title, Year, MDate, Key, DOI) VALUES (2112, 'Applying Logic Forms and Statistical Methods to CL-SR Performance.', 2006, '2014-08-15', 'conf/clef/TerolMP06a', 'http://ceur-ws.org/Vol-1172/CLEF2006wn-CLSR-TerolEt2006.pdf');
INSERT INTO Write (AuthorID, PaperID) VALUES (109, 2112);
INSERT INTO Paper (PaperID, Title, Year, MDate, Key, DOI) VALUES (2207, 'Adapting IBQAS to work with Text Transciptions in QAst Task: IBQAst.', 2008, '2015-09-03', 'conf/clef/PardinoGLMNSMMP08', 'http://ceur-ws.org/Vol-1174/CLEF2008wn-QACLEF-PardinoEt2008.pdf');
INSERT INTO Write (AuthorID, PaperID) VALUES (109, 2207);
INSERT INTO Paper (PaperID, Title, Year, MDate, Key, DOI) VALUES (2733, 'IBQAst: A Question Answering System for Text Transcriptions.', 2008, '2017-06-02', 'conf/clef/PardinoGLTNSMMP08', 'https://doi.org/10.1007/978-3-642-04447-2_60');
INSERT INTO Write (AuthorID, PaperID) VALUES (109, 2733);
INSERT INTO Write (AuthorID, PaperID) VALUES (109, 3026);
INSERT INTO Write (AuthorID, PaperID) VALUES (109, 3078);
INSERT INTO Write (AuthorID, PaperID) VALUES (109, 3328);
INSERT INTO Paper (PaperID, Title, Year, MDate, Key, DOI) VALUES (3462, 'Integrating Logic Forms and Anaphora Resolution in the AliQAn System.', 2008, '2017-06-02', 'conf/clef/TerolPPGRVFPM08', 'https://doi.org/10.1007/978-3-642-04447-2_51');
INSERT INTO Write (AuthorID, PaperID) VALUES (109, 3462);
INSERT INTO Author (AuthorID, Name) VALUES (110, 'Arjen P. de Vries');
INSERT INTO Paper (PaperID, Title, Year, MDate, Key, DOI) VALUES (321, 'The Degree of Randomness in a Live Recommender Systems Evaluation.', 2015, '2015-09-03', 'conf/clef/GebremeskelV15', 'http://ceur-ws.org/Vol-1391/155-CR.pdf');
INSERT INTO Write (AuthorID, PaperID) VALUES (110, 321);
INSERT INTO Paper (PaperID, Title, Year, MDate, Key, DOI) VALUES (503, 'CWI at the Photo Retrieval Task of ImageCLEF 2009.', 2009, '2014-09-29', 'conf/clef/TsikrikaV09', 'http://ceur-ws.org/Vol-1175/CLEF2009wn-ImageCLEF-TsikrikaEt2009b.pdf');
INSERT INTO Write (AuthorID, PaperID) VALUES (110, 503);
INSERT INTO Paper (PaperID, Title, Year, MDate, Key, DOI) VALUES (984, 'Random Performance Differences Between Online Recommender System Algorithms.', 2016, '2017-05-24', 'conf/clef/GebremeskelV15a', 'https://doi.org/10.1007/978-3-319-44564-9_15');
INSERT INTO Write (AuthorID, PaperID) VALUES (110, 984);
INSERT INTO Write (AuthorID, PaperID) VALUES (110, 1104);
INSERT INTO Paper (PaperID, Title, Year, MDate, Key, DOI) VALUES (1162, 'Running CLEF-IP Experiments using a Graphical Query Builder.', 2009, '2014-09-29', 'conf/clef/AlinkCV09a', 'http://ceur-ws.org/Vol-1175/CLEF2009wn-CLEFIP-AlinkEt2009.pdf');
INSERT INTO Write (AuthorID, PaperID) VALUES (110, 1162);
INSERT INTO Paper (PaperID, Title, Year, MDate, Key, DOI) VALUES (1447, 'A Poor Man''s Approach to CLEF.', 2000, '2014-08-15', 'conf/clef/Vries00a', 'http://ceur-ws.org/Vol-1166/CLEF2000wn-adhoc-deVries2000.pdf');
INSERT INTO Write (AuthorID, PaperID) VALUES (110, 1447);
INSERT INTO Paper (PaperID, Title, Year, MDate, Key, DOI) VALUES (1483, 'CWI at ImageCLEF 2008.', 2008, '2014-09-29', 'conf/clef/TsikrikaRV08', 'http://ceur-ws.org/Vol-1174/CLEF2008wn-ImageCLEF-TsikrikaEt2008b.pdf');
INSERT INTO Write (AuthorID, PaperID) VALUES (110, 1483);
INSERT INTO Paper (PaperID, Title, Year, MDate, Key, DOI) VALUES (2373, 'Some Experiments with the Dutch Collection.', 2002, '2017-05-24', 'conf/clef/VriesD02', 'https://doi.org/10.1007/978-3-540-45237-9_18');
INSERT INTO Write (AuthorID, PaperID) VALUES (110, 2373);
INSERT INTO Paper (PaperID, Title, Year, MDate, Key, DOI) VALUES (2476, 'A Probabilistic Approach to Medical Image Retrieval.', 2004, '2017-05-24', 'conf/clef/LubbersVHV05', 'https://doi.org/10.1007/11519645_74');
INSERT INTO Write (AuthorID, PaperID) VALUES (110, 2476);
INSERT INTO Paper (PaperID, Title, Year, MDate, Key, DOI) VALUES (2593, 'Searching CLEF-IP by Strategy.', 2009, '2017-06-02', 'conf/clef/AlinkCV09', 'https://doi.org/10.1007/978-3-642-15754-7_56');
INSERT INTO Write (AuthorID, PaperID) VALUES (110, 2593);
INSERT INTO Paper (PaperID, Title, Year, MDate, Key, DOI) VALUES (2620, 'A Probabilistic Approach to the Medical Retrieval Task.', 2004, '2014-08-15', 'conf/clef/LubbersVHV04', 'http://ceur-ws.org/Vol-1170/CLEF2004wn-ImageCLEF-LubbersEt2004.pdf');
INSERT INTO Write (AuthorID, PaperID) VALUES (110, 2620);
INSERT INTO Paper (PaperID, Title, Year, MDate, Key, DOI) VALUES (2626, 'Some Experiments with the Dutch Collection.', 2002, '2014-08-15', 'conf/clef/VriesD02a', 'http://ceur-ws.org/Vol-1168/CLEF2002wn-adhoc-deVriesEt2002.pdf');
INSERT INTO Write (AuthorID, PaperID) VALUES (110, 2626);
INSERT INTO Paper (PaperID, Title, Year, MDate, Key, DOI) VALUES (2636, 'Recommender Systems Evaluations : Offline, Online, Time and A/A Test.', 2016, '2016-08-11', 'conf/clef/GebremeskelV16', 'http://ceur-ws.org/Vol-1609/16090642.pdf');
INSERT INTO Write (AuthorID, PaperID) VALUES (110, 2636);
INSERT INTO Paper (PaperID, Title, Year, MDate, Key, DOI) VALUES (2841, 'Building Strategies, a Year Later.', 2010, '2014-09-24', 'conf/clef/AlinkCV10', 'http://www.clef-initiative.eu/documents/71612/86374/CLEF2010wn-CLEF-IP-AlinkEt2010.pdf');
INSERT INTO Write (AuthorID, PaperID) VALUES (110, 2841);
INSERT INTO Paper (PaperID, Title, Year, MDate, Key, DOI) VALUES (2852, 'A Poor Man''s Approach to CLEF.', 2000, '2017-05-24', 'conf/clef/Vries00', 'https://doi.org/10.1007/3-540-44645-1_14');
INSERT INTO Write (AuthorID, PaperID) VALUES (110, 2852);
INSERT INTO Author (AuthorID, Name) VALUES (111, 'Toine Bogers');
INSERT INTO Paper (PaperID, Title, Year, MDate, Key, DOI) VALUES (337, 'RSLIS at INEX 2012: Social Book Search Track.', 2012, '2014-09-24', 'conf/clef/BogersL12', 'http://www.clef-initiative.eu/documents/71612/7c0674e8-9743-428a-93dc-fdc0988ad07d');
INSERT INTO Write (AuthorID, PaperID) VALUES (111, 337);
INSERT INTO Write (AuthorID, PaperID) VALUES (111, 429);
INSERT INTO Write (AuthorID, PaperID) VALUES (111, 507);
INSERT INTO Write (AuthorID, PaperID) VALUES (111, 1210);
INSERT INTO Write (AuthorID, PaperID) VALUES (111, 1438);
INSERT INTO Write (AuthorID, PaperID) VALUES (111, 1546);
INSERT INTO Write (AuthorID, PaperID) VALUES (111, 1657);
INSERT INTO Write (AuthorID, PaperID) VALUES (111, 2071);
INSERT INTO Paper (PaperID, Title, Year, MDate, Key, DOI) VALUES (2340, 'The Influence of Language Proficiency on Book Search Behaviour.', 2015, '2015-09-03', 'conf/clef/SkovB15', 'http://ceur-ws.org/Vol-1391/109-CR.pdf');
INSERT INTO Write (AuthorID, PaperID) VALUES (111, 2340);
INSERT INTO Write (AuthorID, PaperID) VALUES (111, 2460);
INSERT INTO Write (AuthorID, PaperID) VALUES (111, 2601);
INSERT INTO Write (AuthorID, PaperID) VALUES (111, 2625);
INSERT INTO Paper (PaperID, Title, Year, MDate, Key, DOI) VALUES (2781, 'RSLIS/AAU at CHiC 2013.', 2013, '2014-09-10', 'conf/clef/SkovBLJWL13', 'http://ceur-ws.org/Vol-1179/CLEF2013wn-CHiC-SkovEt2013.pdf');
INSERT INTO Write (AuthorID, PaperID) VALUES (111, 2781);
INSERT INTO Paper (PaperID, Title, Year, MDate, Key, DOI) VALUES (3321, 'RSLIS at INEX 2013: Social Book Search Track.', 2013, '2014-09-10', 'conf/clef/BogersL13', 'http://ceur-ws.org/Vol-1179/CLEF2013wn-INEX-BogersEt2013.pdf');
INSERT INTO Write (AuthorID, PaperID) VALUES (111, 3321);
INSERT INTO Write (AuthorID, PaperID) VALUES (111, 3370);
INSERT INTO Author (AuthorID, Name) VALUES (112, 'Marcello Federico');
INSERT INTO Paper (PaperID, Title, Year, MDate, Key, DOI) VALUES (32, 'ITC-irst at CLEF 2003: Cross-Language Spoken Document Retrieval.', 2003, '2017-05-24', 'conf/clef/BertoldiF03a', 'https://doi.org/10.1007/978-3-540-30222-3_65');
INSERT INTO Write (AuthorID, PaperID) VALUES (112, 32);
INSERT INTO Paper (PaperID, Title, Year, MDate, Key, DOI) VALUES (180, 'ITC-irst at CLEF 2003: Monolingual, Bilingual and Multilingual Information Retrieval.', 2003, '2014-08-15', 'conf/clef/BertoldiF03b', 'http://ceur-ws.org/Vol-1169/CLEF2003wn-adhoc-BertoldiEt2003.pdf');
INSERT INTO Write (AuthorID, PaperID) VALUES (112, 180);
INSERT INTO Write (AuthorID, PaperID) VALUES (112, 542);
INSERT INTO Write (AuthorID, PaperID) VALUES (112, 545);
INSERT INTO Write (AuthorID, PaperID) VALUES (112, 854);
INSERT INTO Paper (PaperID, Title, Year, MDate, Key, DOI) VALUES (1103, 'ITC-irst at CLEF 2002: Using N-best Query Translations for CLIR.', 2002, '2014-08-15', 'conf/clef/BertoldiF02b', 'http://ceur-ws.org/Vol-1168/CLEF2002wn-adhoc-BertoldiEt2002.pdf');
INSERT INTO Write (AuthorID, PaperID) VALUES (112, 1103);
INSERT INTO Paper (PaperID, Title, Year, MDate, Key, DOI) VALUES (1235, 'ITS-irst at CLEF 2002: Using N-Best Query Translations for CLIR.', 2002, '2017-05-24', 'conf/clef/BertoldiF02', 'https://doi.org/10.1007/978-3-540-45237-9_4');
INSERT INTO Write (AuthorID, PaperID) VALUES (112, 1235);
INSERT INTO Paper (PaperID, Title, Year, MDate, Key, DOI) VALUES (1479, 'ITC-irst at CLEF 2003: Monolingual, Bilingual, and Multilingual Information Retrieval.', 2003, '2017-05-24', 'conf/clef/BertoldiF03', 'https://doi.org/10.1007/978-3-540-30222-3_13');
INSERT INTO Write (AuthorID, PaperID) VALUES (112, 1479);
INSERT INTO Paper (PaperID, Title, Year, MDate, Key, DOI) VALUES (1521, 'ITC-irst at CLEF 2001: Monolingual and Bilingual Tracks.', 2001, '2017-05-24', 'conf/clef/BertoldiF01', 'https://doi.org/10.1007/3-540-45691-0_7');
INSERT INTO Write (AuthorID, PaperID) VALUES (112, 1521);
INSERT INTO Paper (PaperID, Title, Year, MDate, Key, DOI) VALUES (1550, 'Cross-Language Spoken Document Retrieval on the TREC SDR Collection.', 2002, '2017-05-24', 'conf/clef/BertoldiF02a', 'https://doi.org/10.1007/978-3-540-45237-9_41');
INSERT INTO Write (AuthorID, PaperID) VALUES (112, 1550);
INSERT INTO Paper (PaperID, Title, Year, MDate, Key, DOI) VALUES (1693, 'Italian Text Retrieval for CLEF 2000 at ITC-irst.', 2000, '2014-08-15', 'conf/clef/BertoldiF00a', 'http://ceur-ws.org/Vol-1166/CLEF2000wn-adhoc-BertoldiEt2000.pdf');
INSERT INTO Write (AuthorID, PaperID) VALUES (112, 1693);
INSERT INTO Paper (PaperID, Title, Year, MDate, Key, DOI) VALUES (1706, 'ITC-irst at CLEF 2001: Monolingual and Bilingual Tracks.', 2001, '2014-08-15', 'conf/clef/BertoldiF01a', 'http://ceur-ws.org/Vol-1167/CLEF2001wn-adhoc-BertoldiEt2001.pdf');
INSERT INTO Write (AuthorID, PaperID) VALUES (112, 1706);
INSERT INTO Paper (PaperID, Title, Year, MDate, Key, DOI) VALUES (2996, 'ITC-irst at CLEF 2000: Italian Monolingual Track.', 2000, '2017-05-24', 'conf/clef/BertoldiF00', 'https://doi.org/10.1007/3-540-44645-1_26');
INSERT INTO Write (AuthorID, PaperID) VALUES (112, 2996);
INSERT INTO Write (AuthorID, PaperID) VALUES (112, 3087);
INSERT INTO Write (AuthorID, PaperID) VALUES (112, 3460);
INSERT INTO Author (AuthorID, Name) VALUES (113, 'Walter Daelemans');
INSERT INTO Write (AuthorID, PaperID) VALUES (113, 109);
INSERT INTO Write (AuthorID, PaperID) VALUES (113, 187);
INSERT INTO Paper (PaperID, Title, Year, MDate, Key, DOI) VALUES (346, 'Annotating Modality and Negation for a Machine Reading Evaluation.', 2012, '2014-09-24', 'conf/clef/MoranteD12', 'http://www.clef-initiative.eu/documents/71612/463956e9-2b22-4e68-aa39-b711302c97b1');
INSERT INTO Write (AuthorID, PaperID) VALUES (113, 346);
INSERT INTO Paper (PaperID, Title, Year, MDate, Key, DOI) VALUES (1086, 'Text Mining in Biograph.', 2011, '2014-09-24', 'conf/clef/Daelemans11', 'http://www.clef-initiative.eu/documents/71612/86377/CLEF2011wn-QA4MRE-Daelemans2011.pdf');
INSERT INTO Write (AuthorID, PaperID) VALUES (113, 1086);
INSERT INTO Write (AuthorID, PaperID) VALUES (113, 1386);
INSERT INTO Paper (PaperID, Title, Year, MDate, Key, DOI) VALUES (1831, 'Machine Reading of Biomedical Texts about Alzheimer''s Disease.', 2013, '2014-09-10', 'conf/clef/MoranteKVD13', 'http://ceur-ws.org/Vol-1179/CLEF2013wn-QA4MRE-MoranteEt2013.pdf');
INSERT INTO Write (AuthorID, PaperID) VALUES (113, 1831);
INSERT INTO Paper (PaperID, Title, Year, MDate, Key, DOI) VALUES (2278, 'Intrinsic Plagiarism Detection Using Character Trigram Distance Scores - Notebook for PAN at CLEF 2011.', 2011, '2014-09-24', 'conf/clef/KestemontLD11', 'http://www.clef-initiative.eu/documents/71612/86377/CLEF2011wn-PAN-KestemontEt2011.pdf');
INSERT INTO Write (AuthorID, PaperID) VALUES (113, 2278);
INSERT INTO Write (AuthorID, PaperID) VALUES (113, 2304);
INSERT INTO Paper (PaperID, Title, Year, MDate, Key, DOI) VALUES (2468, 'Machine Reading of Biomedical Texts about Alzheimer''s Disease.', 2012, '2014-09-24', 'conf/clef/MoranteKVD12', 'http://www.clef-initiative.eu/documents/71612/3ef8a4d6-74eb-413d-9f5d-26023877d88b');
INSERT INTO Write (AuthorID, PaperID) VALUES (113, 2468);
INSERT INTO Write (AuthorID, PaperID) VALUES (113, 2544);
INSERT INTO Paper (PaperID, Title, Year, MDate, Key, DOI) VALUES (2711, 'Overview of the QA4MRE Pilot Task: Annotating Modality and Negation for a Machine Reading Evaluation.', 2011, '2014-09-24', 'conf/clef/MoranteD11', 'http://www.clef-initiative.eu/documents/71612/86377/CLEF2011wn-QA4MRE-MoranteEt2011.pdf');
INSERT INTO Write (AuthorID, PaperID) VALUES (113, 2711);
INSERT INTO Write (AuthorID, PaperID) VALUES (113, 3074);
INSERT INTO Write (AuthorID, PaperID) VALUES (113, 3172);
INSERT INTO Paper (PaperID, Title, Year, MDate, Key, DOI) VALUES (3382, 'Conversation Level Constraints on Pedophile Detection in Chat Rooms.', 2012, '2014-09-24', 'conf/clef/PeersmanVAD12', 'http://www.clef-initiative.eu/documents/71612/a12af9e3-6fac-4e0b-b474-89975af53d19');
INSERT INTO Write (AuthorID, PaperID) VALUES (113, 3382);
INSERT INTO Write (AuthorID, PaperID) VALUES (113, 3404);
INSERT INTO Author (AuthorID, Name) VALUES (114, 'Rafael M. Terol');
INSERT INTO Write (AuthorID, PaperID) VALUES (114, 47);
INSERT INTO Write (AuthorID, PaperID) VALUES (114, 751);
INSERT INTO Write (AuthorID, PaperID) VALUES (114, 1075);
INSERT INTO Paper (PaperID, Title, Year, MDate, Key, DOI) VALUES (1951, 'User Behaviour and Lexical Ambiguity in Cross-Language Image Retrieval.', 2009, '2017-06-02', 'conf/clef/Navarro-ColoradoPTVL09', 'https://doi.org/10.1007/978-3-642-15751-6_4');
INSERT INTO Write (AuthorID, PaperID) VALUES (114, 1951);
INSERT INTO Write (AuthorID, PaperID) VALUES (114, 2058);
INSERT INTO Write (AuthorID, PaperID) VALUES (114, 2112);
INSERT INTO Paper (PaperID, Title, Year, MDate, Key, DOI) VALUES (2493, 'Lexical Ambiguity in Cross-language Image Retrieval: a Preliminary Analysis.', 2009, '2014-09-29', 'conf/clef/Navarro-ColoradoPTVL09a', 'http://ceur-ws.org/Vol-1175/CLEF2009wn-iCLEF-NavarroColoradoEt2009.pdf');
INSERT INTO Write (AuthorID, PaperID) VALUES (114, 2493);
INSERT INTO Write (AuthorID, PaperID) VALUES (114, 2733);
INSERT INTO Write (AuthorID, PaperID) VALUES (114, 3026);
INSERT INTO Write (AuthorID, PaperID) VALUES (114, 3040);
INSERT INTO Write (AuthorID, PaperID) VALUES (114, 3078);
INSERT INTO Write (AuthorID, PaperID) VALUES (114, 3328);
INSERT INTO Write (AuthorID, PaperID) VALUES (114, 3454);
INSERT INTO Write (AuthorID, PaperID) VALUES (114, 3462);
INSERT INTO Author (AuthorID, Name) VALUES (115, 'Hugo Jair Escalante');
INSERT INTO Write (AuthorID, PaperID) VALUES (115, 116);
INSERT INTO Write (AuthorID, PaperID) VALUES (115, 129);
INSERT INTO Write (AuthorID, PaperID) VALUES (115, 550);
INSERT INTO Paper (PaperID, Title, Year, MDate, Key, DOI) VALUES (859, 'EPSMS and the Document Occurrence Representation for Authorship Identification - Notebook for PAN at CLEF 2011.', 2011, '2014-09-24', 'conf/clef/Escalante11', 'http://www.clef-initiative.eu/documents/71612/86377/CLEF2011wn-PAN-Escalante2011.pdf');
INSERT INTO Write (AuthorID, PaperID) VALUES (115, 859);
INSERT INTO Write (AuthorID, PaperID) VALUES (115, 1234);
INSERT INTO Write (AuthorID, PaperID) VALUES (115, 1344);
INSERT INTO Write (AuthorID, PaperID) VALUES (115, 2104);
INSERT INTO Write (AuthorID, PaperID) VALUES (115, 2270);
INSERT INTO Write (AuthorID, PaperID) VALUES (115, 2317);
INSERT INTO Write (AuthorID, PaperID) VALUES (115, 2339);
INSERT INTO Write (AuthorID, PaperID) VALUES (115, 2759);
INSERT INTO Write (AuthorID, PaperID) VALUES (115, 2983);
INSERT INTO Write (AuthorID, PaperID) VALUES (115, 3019);
INSERT INTO Write (AuthorID, PaperID) VALUES (115, 3414);
INSERT INTO Author (AuthorID, Name) VALUES (116, 'Arantxa Otegi');
INSERT INTO Write (AuthorID, PaperID) VALUES (116, 194);
INSERT INTO Write (AuthorID, PaperID) VALUES (116, 820);
INSERT INTO Write (AuthorID, PaperID) VALUES (116, 1146);
INSERT INTO Paper (PaperID, Title, Year, MDate, Key, DOI) VALUES (1155, 'Ihardetsi: A Basque Question Answering System at QA@CLEF 2008.', 2008, '2017-06-15', 'conf/clef/AnsaAOS08', 'https://doi.org/10.1007/978-3-642-04447-2_43');
INSERT INTO Write (AuthorID, PaperID) VALUES (116, 1155);
INSERT INTO Write (AuthorID, PaperID) VALUES (116, 1332);
INSERT INTO Paper (PaperID, Title, Year, MDate, Key, DOI) VALUES (1446, 'Ihardetsi Question Answering System at QA@CLEF 2008.', 2008, '2014-09-29', 'conf/clef/AnsaAOS08a', 'http://ceur-ws.org/Vol-1174/CLEF2008wn-QACLEF-AnsaEt2008.pdf');
INSERT INTO Write (AuthorID, PaperID) VALUES (116, 1446);
INSERT INTO Write (AuthorID, PaperID) VALUES (116, 1863);
INSERT INTO Write (AuthorID, PaperID) VALUES (116, 1886);
INSERT INTO Write (AuthorID, PaperID) VALUES (116, 2052);
INSERT INTO Write (AuthorID, PaperID) VALUES (116, 2377);
INSERT INTO Write (AuthorID, PaperID) VALUES (116, 2388);
INSERT INTO Write (AuthorID, PaperID) VALUES (116, 2530);
INSERT INTO Write (AuthorID, PaperID) VALUES (116, 2580);
INSERT INTO Write (AuthorID, PaperID) VALUES (116, 3475);
INSERT INTO Author (AuthorID, Name) VALUES (117, 'Jian-Yun Nie');
INSERT INTO Paper (PaperID, Title, Year, MDate, Key, DOI) VALUES (218, 'Using Statistical Translation Models for Bilingual IR.', 2001, '2017-05-24', 'conf/clef/NieS01', 'https://doi.org/10.1007/3-540-45691-0_11');
INSERT INTO Write (AuthorID, PaperID) VALUES (117, 218);
INSERT INTO Paper (PaperID, Title, Year, MDate, Key, DOI) VALUES (225, 'Mining Disorder Attributes with Rules and Statistical Learning.', 2014, '2014-09-10', 'conf/clef/LiuLSN14', 'http://ceur-ws.org/Vol-1180/CLEF2014wn-eHealth-LiuEt2014b.pdf');
INSERT INTO Write (AuthorID, PaperID) VALUES (117, 225);
