INSERT INTO Paper (PaperID, Title, Year, MDate, Key, DOI) VALUES (3383, 'Introduction.', 2003, '2017-05-24', 'conf/clef/GonzaloP03', 'https://doi.org/10.1007/978-3-540-30222-3_1');
INSERT INTO Write (AuthorID, PaperID) VALUES (7, 3383);
INSERT INTO Author (AuthorID, Name) VALUES (8, 'Anselmo Pe&ntilde;as');
INSERT INTO Paper (PaperID, Title, Year, MDate, Key, DOI) VALUES (19, 'Approaching Question Answering by means of Paragraph Validation.', 2009, '2014-09-29', 'conf/clef/RodrigoPPGA09a', 'http://ceur-ws.org/Vol-1175/CLEF2009wn-QACLEF-RodrigoEt2009.pdf');
INSERT INTO Write (AuthorID, PaperID) VALUES (8, 19);
INSERT INTO Paper (PaperID, Title, Year, MDate, Key, DOI) VALUES (35, 'Information Retrieval Baselines for the ResPubliQA Task.', 2009, '2017-06-02', 'conf/clef/Perez-IglesiasGRAP09', 'https://doi.org/10.1007/978-3-642-15754-7_28');
INSERT INTO Write (AuthorID, PaperID) VALUES (8, 35);
INSERT INTO Write (AuthorID, PaperID) VALUES (8, 76);
INSERT INTO Paper (PaperID, Title, Year, MDate, Key, DOI) VALUES (94, 'Overview of the Answer Validation Exercise 2006.', 2006, '2014-08-15', 'conf/clef/PenasRSV06a', 'http://ceur-ws.org/Vol-1172/CLEF2006wn-QACLEF-PenasEt2006.pdf');
INSERT INTO Write (AuthorID, PaperID) VALUES (8, 94);
INSERT INTO Paper (PaperID, Title, Year, MDate, Key, DOI) VALUES (142, 'Overview of the CLEF 2006 Multilingual Question Answering Track.', 2006, '2014-08-15', 'conf/clef/MagniniGFAOPJSRS06', 'http://ceur-ws.org/Vol-1172/CLEF2006wn-QACLEF-MagniniEt2006.pdf');
INSERT INTO Write (AuthorID, PaperID) VALUES (8, 142);
INSERT INTO Paper (PaperID, Title, Year, MDate, Key, DOI) VALUES (221, 'Overview of ResPubliQA 2010: Question Answering Evaluation over European Legislation.', 2010, '2014-09-24', 'conf/clef/PenasFRSFM10', 'http://www.clef-initiative.eu/documents/71612/86374/CLEF2010wn-MLQA10-PenasEt2010.pdf');
INSERT INTO Write (AuthorID, PaperID) VALUES (8, 221);
INSERT INTO Paper (PaperID, Title, Year, MDate, Key, DOI) VALUES (265, 'Overview of ResPubliQA 2009: Question Answering Evaluation over European Legislation.', 2009, '2017-06-02', 'conf/clef/PenasFSRFAGMO09', 'https://doi.org/10.1007/978-3-642-15754-7_21');
INSERT INTO Write (AuthorID, PaperID) VALUES (8, 265);
INSERT INTO Write (AuthorID, PaperID) VALUES (8, 361);
INSERT INTO Write (AuthorID, PaperID) VALUES (8, 399);
INSERT INTO Paper (PaperID, Title, Year, MDate, Key, DOI) VALUES (406, 'UNED at Answer Validation Exercise 2007.', 2007, '2014-09-24', 'conf/clef/RodrigoPV07a', 'http://ceur-ws.org/Vol-1173/CLEF2007wn-QACLEF-RodrigoEt2007b.pdf');
INSERT INTO Write (AuthorID, PaperID) VALUES (8, 406);
INSERT INTO Paper (PaperID, Title, Year, MDate, Key, DOI) VALUES (554, 'Overview of QA4MRE Main Task at CLEF 2013.', 2013, '2014-09-10', 'conf/clef/SutcliffePHFRFBO13', 'http://ceur-ws.org/Vol-1179/CLEF2013wn-QA4MRE-SutcliffeEt2013.pdf');
INSERT INTO Write (AuthorID, PaperID) VALUES (8, 554);
INSERT INTO Paper (PaperID, Title, Year, MDate, Key, DOI) VALUES (633, 'Overview of the CLEF 2006 Multilingual Question Answering Track.', 2006, '2017-06-02', 'conf/clef/MagniniGFAJOPRSS06', 'https://doi.org/10.1007/978-3-540-74999-8_31');
INSERT INTO Write (AuthorID, PaperID) VALUES (8, 633);
INSERT INTO Paper (PaperID, Title, Year, MDate, Key, DOI) VALUES (656, 'Overview of QA4MRE 2013 Entrance Exams Task.', 2013, '2014-09-10', 'conf/clef/PenasMHFK13', 'http://ceur-ws.org/Vol-1179/CLEF2013wn-QA4MRE-PenasEt2013.pdf');
INSERT INTO Write (AuthorID, PaperID) VALUES (8, 656);
INSERT INTO Paper (PaperID, Title, Year, MDate, Key, DOI) VALUES (662, 'Overview of CLEF Question Answering Track 2014.', 2014, '2017-06-02', 'conf/clef/PenasUN14', 'https://doi.org/10.1007/978-3-319-11382-1_23');
INSERT INTO Write (AuthorID, PaperID) VALUES (8, 662);
INSERT INTO Paper (PaperID, Title, Year, MDate, Key, DOI) VALUES (896, 'QA4MRE 2011-2013: Overview of Question Answering for Machine Reading Evaluation.', 2013, '2017-06-02', 'conf/clef/PenasHFRSM13', 'https://doi.org/10.1007/978-3-642-40802-1_29');
INSERT INTO Write (AuthorID, PaperID) VALUES (8, 896);
INSERT INTO Paper (PaperID, Title, Year, MDate, Key, DOI) VALUES (907, 'Overview of the CLEF 2008 Multilingual Question Answering Track.', 2008, '2014-09-29', 'conf/clef/FornerPLFMOPRSSS08', 'http://ceur-ws.org/Vol-1174/CLEF2008wn-QACLEF-FornerEt2008.pdf');
INSERT INTO Write (AuthorID, PaperID) VALUES (8, 907);
INSERT INTO Write (AuthorID, PaperID) VALUES (8, 1003);
INSERT INTO Write (AuthorID, PaperID) VALUES (8, 1028);
INSERT INTO Paper (PaperID, Title, Year, MDate, Key, DOI) VALUES (1121, 'UNED at WebCLEF 2005.', 2005, '2014-08-15', 'conf/clef/ArtilesPPV05', 'http://ceur-ws.org/Vol-1171/CLEF2005wn-WebCLEF-ArtilesEt2005.pdf');
INSERT INTO Write (AuthorID, PaperID) VALUES (8, 1121);
INSERT INTO Write (AuthorID, PaperID) VALUES (8, 1163);
INSERT INTO Paper (PaperID, Title, Year, MDate, Key, DOI) VALUES (1205, 'Overview of the Clef 2008 Multilingual Question Answering Track.', 2008, '2018-11-14', 'conf/clef/FornerPAAFMOPRSSS08', 'https://www.wikidata.org/entity/Q57400836');
INSERT INTO Write (AuthorID, PaperID) VALUES (8, 1205);
INSERT INTO Paper (PaperID, Title, Year, MDate, Key, DOI) VALUES (1296, 'Overview of the Answer Validation Exercise 2008.', 2008, '2017-06-02', 'conf/clef/RodrigoPV08', 'https://doi.org/10.1007/978-3-642-04447-2_35');
INSERT INTO Write (AuthorID, PaperID) VALUES (8, 1296);
INSERT INTO Paper (PaperID, Title, Year, MDate, Key, DOI) VALUES (1304, 'The Effect of Entity Recognition in Answer Validation.', 2006, '2014-08-15', 'conf/clef/RodrigoPV06', 'http://ceur-ws.org/Vol-1172/CLEF2006wn-QACLEF-RodrigoEt2006b.pdf');
INSERT INTO Write (AuthorID, PaperID) VALUES (8, 1304);
INSERT INTO Paper (PaperID, Title, Year, MDate, Key, DOI) VALUES (1330, 'UNED at Answer Validation Exercise 2007.', 2007, '2017-06-02', 'conf/clef/RodrigoPV07', 'https://doi.org/10.1007/978-3-540-85760-0_53');
INSERT INTO Write (AuthorID, PaperID) VALUES (8, 1330);
INSERT INTO Paper (PaperID, Title, Year, MDate, Key, DOI) VALUES (1337, 'Question Answering Pilot Task at CLEF 2004.', 2004, '2014-08-15', 'conf/clef/HerreraPV04', 'http://ceur-ws.org/Vol-1170/CLEF2004wn-QACLEF-HerreraEt2004.pdf');
INSERT INTO Write (AuthorID, PaperID) VALUES (8, 1337);
INSERT INTO Paper (PaperID, Title, Year, MDate, Key, DOI) VALUES (1385, 'UNED-READERS: Filtering Relevant Tweets using Probabilistic Signature Models.', 2013, '2015-04-10', 'conf/clef/Anaya-SanchezPC13', 'http://ceur-ws.org/Vol-1179/CLEF2013wn-RepLab-AnayaSanchezEt2013.pdf');
INSERT INTO Write (AuthorID, PaperID) VALUES (8, 1385);
INSERT INTO Paper (PaperID, Title, Year, MDate, Key, DOI) VALUES (1450, 'Overview of the Answer Validation Exercise 2006.', 2006, '2017-06-02', 'conf/clef/PenasRSV06', 'https://doi.org/10.1007/978-3-540-74999-8_32');
INSERT INTO Write (AuthorID, PaperID) VALUES (8, 1450);
INSERT INTO Write (AuthorID, PaperID) VALUES (8, 1495);
INSERT INTO Paper (PaperID, Title, Year, MDate, Key, DOI) VALUES (1641, 'Overview of the Answer Validation Exercise 2007.', 2007, '2014-09-23', 'conf/clef/PenasRV07a', 'http://ceur-ws.org/Vol-1173/CLEF2007wn-QACLEF-PenasEt2007.pdf');
INSERT INTO Write (AuthorID, PaperID) VALUES (8, 1641);
INSERT INTO Paper (PaperID, Title, Year, MDate, Key, DOI) VALUES (1643, 'Approaching Question Answering by Means of Paragraph Validation.', 2009, '2017-06-02', 'conf/clef/RodrigoPPGA09', 'https://doi.org/10.1007/978-3-642-15754-7_27');
INSERT INTO Write (AuthorID, PaperID) VALUES (8, 1643);
INSERT INTO Paper (PaperID, Title, Year, MDate, Key, DOI) VALUES (1659, 'A Question Answering System based on Information Retrieval and Validation.', 2010, '2014-09-24', 'conf/clef/RodrigoPPGA10', 'http://www.clef-initiative.eu/documents/71612/86374/CLEF2010wn-MLQA10-RodrigoEt2010a.pdf');
INSERT INTO Write (AuthorID, PaperID) VALUES (8, 1659);
INSERT INTO Paper (PaperID, Title, Year, MDate, Key, DOI) VALUES (1735, 'Question Answering Pilot Task at CLEF 2004.', 2004, '2017-06-02', 'conf/clef/HerreraPV05', 'https://doi.org/10.1007/11519645_57');
INSERT INTO Write (AuthorID, PaperID) VALUES (8, 1735);
INSERT INTO Paper (PaperID, Title, Year, MDate, Key, DOI) VALUES (1775, 'Overview of the Answer Validation Exercise 2007.', 2007, '2017-06-02', 'conf/clef/PenasRV07', 'https://doi.org/10.1007/978-3-540-85760-0_28');
INSERT INTO Write (AuthorID, PaperID) VALUES (8, 1775);
INSERT INTO Paper (PaperID, Title, Year, MDate, Key, DOI) VALUES (1851, 'Overview of the Answer Validation Exercise 2008.', 2008, '2014-09-29', 'conf/clef/RodrigoPV08a', 'http://ceur-ws.org/Vol-1174/CLEF2008wn-QACLEF-RodrigoEt2008.pdf');
INSERT INTO Write (AuthorID, PaperID) VALUES (8, 1851);
INSERT INTO Paper (PaperID, Title, Year, MDate, Key, DOI) VALUES (1891, 'Overview of the CLEF Question Answering Track 2015.', 2015, '2017-05-24', 'conf/clef/PenasUPK15', 'https://doi.org/10.1007/978-3-319-24027-5_50');
INSERT INTO Write (AuthorID, PaperID) VALUES (8, 1891);
INSERT INTO Write (AuthorID, PaperID) VALUES (8, 2093);
INSERT INTO Paper (PaperID, Title, Year, MDate, Key, DOI) VALUES (2325, 'The Effect of Entity Recognition on Answer Validation.', 2006, '2017-06-02', 'conf/clef/RodrigoPHV06', 'https://doi.org/10.1007/978-3-540-74999-8_57');
INSERT INTO Write (AuthorID, PaperID) VALUES (8, 2325);
INSERT INTO Write (AuthorID, PaperID) VALUES (8, 2349);
INSERT INTO Write (AuthorID, PaperID) VALUES (8, 2485);
INSERT INTO Paper (PaperID, Title, Year, MDate, Key, DOI) VALUES (2789, 'Overview of ResPubliQA 2009: Question Answering Evaluation over European Legislation.', 2009, '2014-09-29', 'conf/clef/PenasFSRFLGMO09', 'http://ceur-ws.org/Vol-1175/CLEF2009wn-QACLEF-PenasEt2009.pdf');
INSERT INTO Write (AuthorID, PaperID) VALUES (8, 2789);
INSERT INTO Paper (PaperID, Title, Year, MDate, Key, DOI) VALUES (2836, 'Overview of the CLEF 2007 Multilingual Question Answering Track.', 2007, '2017-06-02', 'conf/clef/GiampiccoloFHPAFJORSS07', 'https://doi.org/10.1007/978-3-540-85760-0_27');
INSERT INTO Write (AuthorID, PaperID) VALUES (8, 2836);
INSERT INTO Paper (PaperID, Title, Year, MDate, Key, DOI) VALUES (2849, 'Overview of QA4MRE at CLEF 2011: Question Answering for Machine Reading Evaluation.', 2011, '2014-09-24', 'conf/clef/PenasHFRSFS11', 'http://www.clef-initiative.eu/documents/71612/86377/CLEF2011wn-QA4MRE-PenasEt2011.pdf');
INSERT INTO Write (AuthorID, PaperID) VALUES (8, 2849);
INSERT INTO Write (AuthorID, PaperID) VALUES (8, 2864);
INSERT INTO Paper (PaperID, Title, Year, MDate, Key, DOI) VALUES (2889, 'UNED Submission to AVE 2006.', 2006, '2014-08-15', 'conf/clef/HerreraRPV06', 'http://ceur-ws.org/Vol-1172/CLEF2006wn-QACLEF-HerreraEt2006.pdf');
INSERT INTO Write (AuthorID, PaperID) VALUES (8, 2889);
INSERT INTO Paper (PaperID, Title, Year, MDate, Key, DOI) VALUES (2954, 'Overview of CLEF QA Entrance Exams Task 2015.', 2015, '2015-09-03', 'conf/clef/RodrigoPMHK15', 'http://ceur-ws.org/Vol-1391/171-CR.pdf');
INSERT INTO Write (AuthorID, PaperID) VALUES (8, 2954);
INSERT INTO Paper (PaperID, Title, Year, MDate, Key, DOI) VALUES (3147, 'Overview of the CLEF 2007 Multilingual Question Answering Track.', 2007, '2014-09-23', 'conf/clef/GiampiccoloFPACJORSS07', 'http://ceur-ws.org/Vol-1173/CLEF2007wn-QACLEF-GiampiccoloEt2007.pdf');
INSERT INTO Write (AuthorID, PaperID) VALUES (8, 3147);
INSERT INTO Write (AuthorID, PaperID) VALUES (8, 3175);
INSERT INTO Paper (PaperID, Title, Year, MDate, Key, DOI) VALUES (3190, 'Overview of QA4MRE at CLEF 2012: Question Answering for Machine Reading Evaluation.', 2012, '2014-09-24', 'conf/clef/PenasHFRSSFBO12', 'http://www.clef-initiative.eu/documents/71612/c076dd78-e36b-40d9-a6c8-fed4b7aa0b3d');
INSERT INTO Write (AuthorID, PaperID) VALUES (8, 3190);
INSERT INTO Write (AuthorID, PaperID) VALUES (8, 3286);
INSERT INTO Paper (PaperID, Title, Year, MDate, Key, DOI) VALUES (3417, 'Overview of CLEF QA Entrance Exams Task 2014.', 2014, '2014-09-11', 'conf/clef/PenasMRHK14', 'http://ceur-ws.org/Vol-1180/CLEF2014wn-QA-PenasEt2014.pdf');
INSERT INTO Write (AuthorID, PaperID) VALUES (8, 3417);
INSERT INTO Paper (PaperID, Title, Year, MDate, Key, DOI) VALUES (3431, 'Question Answering for Machine Reading Evaluation.', 2010, '2014-09-24', 'conf/clef/RodrigoPHP10', 'http://www.clef-initiative.eu/documents/71612/86374/CLEF2010wn-MLQA10-RodrigoEt2010.pdf');
INSERT INTO Write (AuthorID, PaperID) VALUES (8, 3431);
INSERT INTO Paper (PaperID, Title, Year, MDate, Key, DOI) VALUES (3505, 'Information Retrieval Baselines for the ResPubliQA Task.', 2009, '2014-09-29', 'conf/clef/Perez-IglesiasGRAP09a', 'http://ceur-ws.org/Vol-1175/CLEF2009wn-QACLEF-PerezEt2009.pdf');
INSERT INTO Write (AuthorID, PaperID) VALUES (8, 3505);
INSERT INTO Author (AuthorID, Name) VALUES (9, 'Paul D. Clough');
INSERT INTO Paper (PaperID, Title, Year, MDate, Key, DOI) VALUES (57, 'Building a Diversity Featured Search System by Fusing Existing Tools.', 2008, '2014-09-29', 'conf/clef/TangASC08a', 'http://ceur-ws.org/Vol-1174/CLEF2008wn-ImageCLEF-TangEt2008.pdf');
INSERT INTO Write (AuthorID, PaperID) VALUES (9, 57);
INSERT INTO Paper (PaperID, Title, Year, MDate, Key, DOI) VALUES (146, 'Diversity in Photo Retrieval: Overview of the ImageCLEFPhoto Task 2009.', 2009, '2017-06-02', 'conf/clef/ParamitaSC09', 'https://doi.org/10.1007/978-3-642-15751-6_6');
INSERT INTO Write (AuthorID, PaperID) VALUES (9, 146);
INSERT INTO Write (AuthorID, PaperID) VALUES (9, 210);
INSERT INTO Paper (PaperID, Title, Year, MDate, Key, DOI) VALUES (223, 'GeoCLEF: The CLEF 2005 Cross-Language Geographic Information Retrieval Track Overview.', 2005, '2017-06-15', 'conf/clef/GeyLSJCP05', 'https://doi.org/10.1007/11878773_101');
INSERT INTO Write (AuthorID, PaperID) VALUES (9, 223);
INSERT INTO Paper (PaperID, Title, Year, MDate, Key, DOI) VALUES (237, 'Towards a Topic Complexity Measure for Cross Language Image Retrieval.', 2005, '2014-09-10', 'conf/clef/GrubingerLC05a', 'http://ceur-ws.org/Vol-1171/CLEF2005wn-ImageCLEF-GrubingerEt2005.pdf');
INSERT INTO Write (AuthorID, PaperID) VALUES (9, 237);
INSERT INTO Paper (PaperID, Title, Year, MDate, Key, DOI) VALUES (318, 'The Short Stories Corpus: Notebook for PAN at CLEF 2015.', 2015, '2015-09-03', 'conf/clef/AlviSC15', 'http://ceur-ws.org/Vol-1391/90-CR.pdf');
INSERT INTO Write (AuthorID, PaperID) VALUES (9, 318);
INSERT INTO Paper (PaperID, Title, Year, MDate, Key, DOI) VALUES (387, 'Using Concept Hierarchies in Text-Based Image Retrieval: A User Evaluation.', 2005, '2017-05-24', 'conf/clef/PetrelliC05', 'https://doi.org/10.1007/11878773_35');
INSERT INTO Write (AuthorID, PaperID) VALUES (9, 387);
INSERT INTO Paper (PaperID, Title, Year, MDate, Key, DOI) VALUES (517, 'Assessing Translation Quality for Cross Language Image Retrieval.', 2003, '2017-05-24', 'conf/clef/CloughS03a', 'https://doi.org/10.1007/978-3-540-30222-3_57');
INSERT INTO Write (AuthorID, PaperID) VALUES (9, 517);
INSERT INTO Write (AuthorID, PaperID) VALUES (9, 543);
INSERT INTO Write (AuthorID, PaperID) VALUES (9, 544);
INSERT INTO Paper (PaperID, Title, Year, MDate, Key, DOI) VALUES (663, 'Overview of the ImageCLEFphoto 2008 Photographic Retrieval Task.', 2008, '2014-09-29', 'conf/clef/ArniCSG08a', 'http://ceur-ws.org/Vol-1174/CLEF2008wn-ImageCLEF-ArniEt2008.pdf');
INSERT INTO Write (AuthorID, PaperID) VALUES (9, 663);
INSERT INTO Paper (PaperID, Title, Year, MDate, Key, DOI) VALUES (684, 'Caption vs. Query Translation for Cross-Language Image Retrieval.', 2004, '2014-09-10', 'conf/clef/Clough04', 'http://ceur-ws.org/Vol-1170/CLEF2004wn-ImageCLEF-Clough2004.pdf');
INSERT INTO Write (AuthorID, PaperID) VALUES (9, 684);
INSERT INTO Write (AuthorID, PaperID) VALUES (9, 693);
INSERT INTO Paper (PaperID, Title, Year, MDate, Key, DOI) VALUES (834, 'University of Sheffield - Lab Report for PAN at CLEF 2010.', 2010, '2014-09-24', 'conf/clef/NawabSC10', 'http://www.clef-initiative.eu/documents/71612/86374/CLEF2010wn-PAN-NawabEt2010.pdf');
INSERT INTO Write (AuthorID, PaperID) VALUES (9, 834);
INSERT INTO Write (AuthorID, PaperID) VALUES (9, 894);
INSERT INTO Paper (PaperID, Title, Year, MDate, Key, DOI) VALUES (914, 'Providing Multilingual Access to FLICKR for Arabic Users.', 2006, '2017-05-24', 'conf/clef/CloughAD06', 'https://doi.org/10.1007/978-3-540-74999-8_29');
INSERT INTO Write (AuthorID, PaperID) VALUES (9, 914);
INSERT INTO Write (AuthorID, PaperID) VALUES (9, 937);
INSERT INTO Paper (PaperID, Title, Year, MDate, Key, DOI) VALUES (938, 'External Plagiarism Detection using Information Retrieval and Sequence Alignment - Notebook for PAN at CLEF 2011.', 2011, '2014-09-24', 'conf/clef/NawabSC11', 'http://www.clef-initiative.eu/documents/71612/86377/CLEF2011wn-PAN-NawabEt2011.pdf');
INSERT INTO Write (AuthorID, PaperID) VALUES (9, 938);
INSERT INTO Paper (PaperID, Title, Year, MDate, Key, DOI) VALUES (1015, 'The CLEF 2003 Cross Language Image Retrieval Track.', 2003, '2017-05-24', 'conf/clef/CloughS03', 'https://doi.org/10.1007/978-3-540-30222-3_56');
INSERT INTO Write (AuthorID, PaperID) VALUES (9, 1015);
INSERT INTO Paper (PaperID, Title, Year, MDate, Key, DOI) VALUES (1078, 'Selecting Success Criteria: Experiences with an Academic Library Catalogue.', 2013, '2017-05-24', 'conf/clef/CloughG13', 'https://doi.org/10.1007/978-3-642-40802-1_7');
INSERT INTO Write (AuthorID, PaperID) VALUES (9, 1078);
INSERT INTO Paper (PaperID, Title, Year, MDate, Key, DOI) VALUES (1158, 'The CLEF 2003 Cross Language Image Retrieval Task.', 2003, '2014-09-10', 'conf/clef/CloughS03b', 'http://ceur-ws.org/Vol-1169/CLEF2003wn-ImageCLEF-CloughEt2003.pdf');
INSERT INTO Write (AuthorID, PaperID) VALUES (9, 1158);
INSERT INTO Write (AuthorID, PaperID) VALUES (9, 1374);
INSERT INTO Paper (PaperID, Title, Year, MDate, Key, DOI) VALUES (1414, 'Linguistic Estimation of Topic Difficulty in Cross-Language Image Retrieval.', 2005, '2017-05-24', 'conf/clef/GrubingerLC05', 'https://doi.org/10.1007/11878773_61');
INSERT INTO Write (AuthorID, PaperID) VALUES (9, 1414);
INSERT INTO Paper (PaperID, Title, Year, MDate, Key, DOI) VALUES (1437, 'Sheffield Submission to the CHiC Interactive Task: Exploring Digital Cultural Heritage.', 2013, '2014-09-10', 'conf/clef/HallVRBCT13', 'http://ceur-ws.org/Vol-1179/CLEF2013wn-CHiC-HallEt2013.pdf');
INSERT INTO Write (AuthorID, PaperID) VALUES (9, 1437);
INSERT INTO Write (AuthorID, PaperID) VALUES (9, 1551);
INSERT INTO Write (AuthorID, PaperID) VALUES (9, 1578);
INSERT INTO Paper (PaperID, Title, Year, MDate, Key, DOI) VALUES (1599, 'Integrating Mixed-Methods for Evaluating Information Access Systems.', 2015, '2017-06-02', 'conf/clef/WakelingC15', 'https://doi.org/10.1007/978-3-319-24027-5_33');
INSERT INTO Write (AuthorID, PaperID) VALUES (9, 1599);
INSERT INTO Write (AuthorID, PaperID) VALUES (9, 1663);
INSERT INTO Write (AuthorID, PaperID) VALUES (9, 1679);
INSERT INTO Paper (PaperID, Title, Year, MDate, Key, DOI) VALUES (1769, 'Building a Diversity Featured Search System by Fusing Existing Tools.', 2008, '2017-06-02', 'conf/clef/TangASC08', 'https://doi.org/10.1007/978-3-642-04447-2_68');
INSERT INTO Write (AuthorID, PaperID) VALUES (9, 1769);
INSERT INTO Write (AuthorID, PaperID) VALUES (9, 2081);
INSERT INTO Write (AuthorID, PaperID) VALUES (9, 2166);
INSERT INTO Paper (PaperID, Title, Year, MDate, Key, DOI) VALUES (2286, 'Sheffield at ImageCLEF 2003.', 2003, '2014-09-10', 'conf/clef/CloughS03c', 'http://ceur-ws.org/Vol-1169/CLEF2003wn-ImageCLEF-CloughEt2003b.pdf');
INSERT INTO Write (AuthorID, PaperID) VALUES (9, 2286);
INSERT INTO Paper (PaperID, Title, Year, MDate, Key, DOI) VALUES (2422, 'Concept Hierarchy across Languages in Text-Based Image Retrieval: A User Evaluation.', 2005, '2014-09-10', 'conf/clef/PetrelliC05a', 'http://ceur-ws.org/Vol-1171/CLEF2005wn-iCLEF-PetrelliEt2005.pdf');
INSERT INTO Write (AuthorID, PaperID) VALUES (9, 2422);
INSERT INTO Write (AuthorID, PaperID) VALUES (9, 2452);
INSERT INTO Write (AuthorID, PaperID) VALUES (9, 2482);
INSERT INTO Paper (PaperID, Title, Year, MDate, Key, DOI) VALUES (2530, 'The Sheffield and Basque Country Universities Entry to CHiC: Using Random Walks and Similarity to Access Cultural Heritage.', 2012, '2014-09-24', 'conf/clef/AgirreCFHOS12', 'http://www.clef-initiative.eu/documents/71612/b5103bb3-06dc-497d-b5dd-bb07d0444303');
INSERT INTO Write (AuthorID, PaperID) VALUES (9, 2530);
INSERT INTO Write (AuthorID, PaperID) VALUES (9, 2590);
INSERT INTO Paper (PaperID, Title, Year, MDate, Key, DOI) VALUES (2691, 'GeoCLEF: the CLEF 2005 Cross-Language Geographic Information Retrieval Track.', 2005, '2014-09-10', 'conf/clef/GeyLSJC05', 'http://ceur-ws.org/Vol-1171/CLEF2005wn-GeoCLEF-GeyEt2005.pdf');
INSERT INTO Write (AuthorID, PaperID) VALUES (9, 2691);
INSERT INTO Paper (PaperID, Title, Year, MDate, Key, DOI) VALUES (2695, 'Overview of the ImageCLEFphoto 2008 Photographic Retrieval Task.', 2008, '2017-06-02', 'conf/clef/ArniCSG08', 'https://doi.org/10.1007/978-3-642-04447-2_62');
INSERT INTO Write (AuthorID, PaperID) VALUES (9, 2695);
INSERT INTO Paper (PaperID, Title, Year, MDate, Key, DOI) VALUES (2698, 'Hashing and Merging Heuristics for Text Reuse Detection.', 2014, '2014-09-10', 'conf/clef/AlviSC14', 'http://ceur-ws.org/Vol-1180/CLEF2014wn-Pan-AlviEt2014.pdf');
INSERT INTO Write (AuthorID, PaperID) VALUES (9, 2698);
INSERT INTO Write (AuthorID, PaperID) VALUES (9, 2817);
INSERT INTO Paper (PaperID, Title, Year, MDate, Key, DOI) VALUES (2886, 'Unfair Means: Use Cases Beyond Plagiarism.', 2015, '2017-07-14', 'conf/clef/CloughWL15', 'https://doi.org/10.1007/978-3-319-24027-5_21');
INSERT INTO Write (AuthorID, PaperID) VALUES (9, 2886);
INSERT INTO Write (AuthorID, PaperID) VALUES (9, 3076);
INSERT INTO Paper (PaperID, Title, Year, MDate, Key, DOI) VALUES (3168, 'Providing Multilingual Access to FLICKR for Arabic Users.', 2006, '2014-09-10', 'conf/clef/CloughAD06a', 'http://ceur-ws.org/Vol-1172/CLEF2006wn-iCLEF-CloughEt2006.pdf');
INSERT INTO Write (AuthorID, PaperID) VALUES (9, 3168);
INSERT INTO Paper (PaperID, Title, Year, MDate, Key, DOI) VALUES (3310, 'Introduction to the CLEF 2011 Labs.', 2011, '2014-09-24', 'conf/clef/PetrasC11', 'http://www.clef-initiative.eu/documents/71612/86377/CLEF2011wn-all-petrasEt2011.pdf');
INSERT INTO Write (AuthorID, PaperID) VALUES (9, 3310);
INSERT INTO Paper (PaperID, Title, Year, MDate, Key, DOI) VALUES (3363, 'Diversity in Photo Retrieval: Overview of the ImageCLEFPhoto Task 2009.', 2009, '2014-09-29', 'conf/clef/ParamitaSC09a', 'http://ceur-ws.org/Vol-1175/CLEF2009wn-ImageCLEF-ParamitaEt2009.pdf');
INSERT INTO Write (AuthorID, PaperID) VALUES (9, 3363);
INSERT INTO Paper (PaperID, Title, Year, MDate, Key, DOI) VALUES (3455, 'Caption and Query Translation for Cross-Language Image Retrieval.', 2004, '2017-05-24', 'conf/clef/Clough05', 'https://doi.org/10.1007/11519645_60');
INSERT INTO Write (AuthorID, PaperID) VALUES (9, 3455);
INSERT INTO Author (AuthorID, Name) VALUES (10, 'Manuel Montes-y-G&oacute;mez');
INSERT INTO Write (AuthorID, PaperID) VALUES (10, 92);
INSERT INTO Paper (PaperID, Title, Year, MDate, Key, DOI) VALUES (116, 'TIA-INAOE''s Participation at ImageCLEF 2007.', 2007, '2014-09-24', 'conf/clef/EscalanteHLMMMSP07', 'http://ceur-ws.org/Vol-1173/CLEF2007wn-ImageCLEF-EscalanteEt2007.pdf');
INSERT INTO Write (AuthorID, PaperID) VALUES (10, 116);
INSERT INTO Paper (PaperID, Title, Year, MDate, Key, DOI) VALUES (129, 'A Two-Step Retrieval Method for Image Captioning.', 2016, '2018-11-02', 'conf/clef/PellegrinVOBEMG15', 'https://doi.org/10.1007/978-3-319-44564-9_12');
INSERT INTO Write (AuthorID, PaperID) VALUES (10, 129);
INSERT INTO Paper (PaperID, Title, Year, MDate, Key, DOI) VALUES (261, 'INAOE at CLEF 2006: Experiments in Spanish Question Answering.', 2006, '2014-08-15', 'conf/clef/Juarez-GonzalezTDMP06a', 'http://ceur-ws.org/Vol-1172/CLEF2006wn-QACLEF-JuarezGonzalezEt2006.pdf');
INSERT INTO Write (AuthorID, PaperID) VALUES (10, 261);
INSERT INTO Paper (PaperID, Title, Year, MDate, Key, DOI) VALUES (341, 'Authorship Identification with Modality Specific Meta Features - Notebook for PAN at CLEF 2011.', 2011, '2014-09-24', 'conf/clef/SolorioPM11', 'http://www.clef-initiative.eu/documents/71612/86377/CLEF2011wn-PAN-SolorioEt2011.pdf');
INSERT INTO Write (AuthorID, PaperID) VALUES (10, 341);
INSERT INTO Paper (PaperID, Title, Year, MDate, Key, DOI) VALUES (512, 'Author Profiling for English and Spanish Text Notebook for PAN at CLEF 2013.', 2013, '2014-09-10', 'conf/clef/SapkotaSMR13', 'http://ceur-ws.org/Vol-1179/CLEF2013wn-PAN-SapkotaEt2013.pdf');
INSERT INTO Write (AuthorID, PaperID) VALUES (10, 512);
INSERT INTO Paper (PaperID, Title, Year, MDate, Key, DOI) VALUES (538, 'A Lexical Approach for Spanish Question Answering.', 2007, '2017-05-24', 'conf/clef/TellezJHDVMP07', 'https://doi.org/10.1007/978-3-540-85760-0_40');
INSERT INTO Write (AuthorID, PaperID) VALUES (10, 538);
INSERT INTO Paper (PaperID, Title, Year, MDate, Key, DOI) VALUES (550, 'Annotation-Based Expansion and Late Fusion of Mixed Methods for Multimedia Image Retrieval.', 2008, '2017-11-06', 'conf/clef/EscalanteGHLMMSP08', 'https://doi.org/10.1007/978-3-642-04447-2_84');
INSERT INTO Write (AuthorID, PaperID) VALUES (10, 550);
INSERT INTO Write (AuthorID, PaperID) VALUES (10, 594);
INSERT INTO Paper (PaperID, Title, Year, MDate, Key, DOI) VALUES (647, 'The Role of Lexical Features in Question Answering for Spanish.', 2005, '2017-05-24', 'conf/clef/Perez-CoutinoMLP05', 'https://doi.org/10.1007/11878773_55');
INSERT INTO Write (AuthorID, PaperID) VALUES (10, 647);
INSERT INTO Paper (PaperID, Title, Year, MDate, Key, DOI) VALUES (652, 'INAOE at QAST 2009: Evaluating the Usefulness of a Phonetic Codification of Transcriptions.', 2009, '2014-09-30', 'conf/clef/Reyes-BarraganVM09', 'http://ceur-ws.org/Vol-1175/CLEF2009wn-QACLEF-BarraganEt2009.pdf');
INSERT INTO Write (AuthorID, PaperID) VALUES (10, 652);
INSERT INTO Write (AuthorID, PaperID) VALUES (10, 933);
INSERT INTO Paper (PaperID, Title, Year, MDate, Key, DOI) VALUES (1178, 'A Ranking Approach Based on Example Texts for Geographic Information Retrieval.', 2008, '2017-09-16', 'conf/clef/Villatoro-TelloMP08', 'https://doi.org/10.1007/978-3-642-04447-2_115');
INSERT INTO Write (AuthorID, PaperID) VALUES (10, 1178);
INSERT INTO Paper (PaperID, Title, Year, MDate, Key, DOI) VALUES (1234, 'INAOE''s Participation at PAN''13: Author Profiling Task Notebook for PAN at CLEF 2013.', 2013, '2014-09-10', 'conf/clef/Lopez-MonroyMEPV13', 'http://ceur-ws.org/Vol-1179/CLEF2013wn-PAN-LopezMonroyEt2013.pdf');
INSERT INTO Write (AuthorID, PaperID) VALUES (10, 1234);
INSERT INTO Paper (PaperID, Title, Year, MDate, Key, DOI) VALUES (1260, 'Convolutional Neural Networks for Author Profiling in PAN 2017.', 2017, '2017-08-16', 'conf/clef/SierraMSG17', 'http://ceur-ws.org/Vol-1866/paper_93.pdf');
INSERT INTO Write (AuthorID, PaperID) VALUES (10, 1260);
INSERT INTO Paper (PaperID, Title, Year, MDate, Key, DOI) VALUES (1344, 'INAOE''s Participation at PAN''15: Author Profiling task.', 2015, '2015-09-03', 'conf/clef/CarmonaLMPE15', 'http://ceur-ws.org/Vol-1391/122-CR.pdf');
INSERT INTO Write (AuthorID, PaperID) VALUES (10, 1344);
INSERT INTO Write (AuthorID, PaperID) VALUES (10, 1350);
INSERT INTO Paper (PaperID, Title, Year, MDate, Key, DOI) VALUES (1367, 'UNSL''s participation at eRisk 2018 Lab.', 2018, '2018-08-08', 'conf/clef/FunezUVBCME18', 'http://ceur-ws.org/Vol-2125/paper_137.pdf');
INSERT INTO Write (AuthorID, PaperID) VALUES (10, 1367);
INSERT INTO Paper (PaperID, Title, Year, MDate, Key, DOI) VALUES (1764, 'INAOE at AVE 2007: Experiments in Spanish Answer Validation.', 2007, '2014-09-30', 'conf/clef/Tellez-ValeroMV07', 'http://ceur-ws.org/Vol-1173/CLEF2007wn-QACLEF-TellezValeroEt2007.pdf');
INSERT INTO Write (AuthorID, PaperID) VALUES (10, 1764);
INSERT INTO Paper (PaperID, Title, Year, MDate, Key, DOI) VALUES (1875, 'Analyzing the Use of Non-overlap Features for Supervised Answer Validation.', 2008, '2017-09-16', 'conf/clef/Tellez-ValeroJMP08', 'https://doi.org/10.1007/978-3-642-04447-2_58');
INSERT INTO Write (AuthorID, PaperID) VALUES (10, 1875);
INSERT INTO Paper (PaperID, Title, Year, MDate, Key, DOI) VALUES (1895, 'A Supervised Learning Approach to Spanish Answer Validation.', 2007, '2017-05-24', 'conf/clef/Tellez-ValeroMP07', 'https://doi.org/10.1007/978-3-540-85760-0_51');
INSERT INTO Write (AuthorID, PaperID) VALUES (10, 1895);
INSERT INTO Paper (PaperID, Title, Year, MDate, Key, DOI) VALUES (1977, 'PEIMEX at eRisk2018: Emphasizing Personal Information for Depression and Anorexia Detection.', 2018, '2018-08-08', 'conf/clef/Ortega-MendozaL18', 'http://ceur-ws.org/Vol-2125/paper_122.pdf');
INSERT INTO Write (AuthorID, PaperID) VALUES (10, 1977);
INSERT INTO Write (AuthorID, PaperID) VALUES (10, 2010);
INSERT INTO Paper (PaperID, Title, Year, MDate, Key, DOI) VALUES (2080, 'I, Me, Mine: The Role of Personal Phrases in Author Profiling.', 2016, '2017-05-24', 'conf/clef/Ortega-MendozaF16', 'https://doi.org/10.1007/978-3-319-44564-9_9');
INSERT INTO Write (AuthorID, PaperID) VALUES (10, 2080);
INSERT INTO Paper (PaperID, Title, Year, MDate, Key, DOI) VALUES (2104, 'TIA-INAOE Participation at ImageCLEF 2008.', 2008, '2015-04-20', 'conf/clef/EscalanteGHLMMSV08', 'http://ceur-ws.org/Vol-1174/CLEF2008wn-ImageCLEF-EscalanteEt2008.pdf');
INSERT INTO Write (AuthorID, PaperID) VALUES (10, 2104);
INSERT INTO Write (AuthorID, PaperID) VALUES (10, 2218);
INSERT INTO Paper (PaperID, Title, Year, MDate, Key, DOI) VALUES (2270, 'Using Intra-Profile Information for Author Profiling.', 2014, '2014-09-10', 'conf/clef/Lopez-MonroyMEP14', 'http://ceur-ws.org/Vol-1180/CLEF2014wn-Pan-LopezMonroyEt2014.pdf');
INSERT INTO Write (AuthorID, PaperID) VALUES (10, 2270);
INSERT INTO Paper (PaperID, Title, Year, MDate, Key, DOI) VALUES (2317, 'TIA-INAOE''s Participation in ImageCLEF 2009.', 2009, '2014-09-30', 'conf/clef/EscalanteGHLMMRSP09', 'http://ceur-ws.org/Vol-1175/CLEF2009wn-ImageCLEF-EscalanteEt2009.pdf');
INSERT INTO Write (AuthorID, PaperID) VALUES (10, 2317);
INSERT INTO Paper (PaperID, Title, Year, MDate, Key, DOI) VALUES (2339, 'A Two-step Approach for Effective Detection of Misbehaving Users in Chats.', 2012, '2014-09-24', 'conf/clef/Villatoro-TelloJEMP12', 'http://www.clef-initiative.eu/documents/71612/1af63cb2-8f22-4db1-a3c3-a0108f272ae5');
INSERT INTO Write (AuthorID, PaperID) VALUES (10, 2339);
INSERT INTO Write (AuthorID, PaperID) VALUES (10, 2451);
INSERT INTO Paper (PaperID, Title, Year, MDate, Key, DOI) VALUES (2521, 'Applying Dependency Trees and Term Density for Answer Selection Reinforcement.', 2006, '2017-05-24', 'conf/clef/Perez-CoutinoMLPP06', 'https://doi.org/10.1007/978-3-540-74999-8_50');
INSERT INTO Write (AuthorID, PaperID) VALUES (10, 2521);
INSERT INTO Paper (PaperID, Title, Year, MDate, Key, DOI) VALUES (2522, 'INAOE''s Participation at QA@CLEF 2007.', 2007, '2014-09-24', 'conf/clef/TellezJHDVMP07a', 'http://ceur-ws.org/Vol-1173/CLEF2007wn-QACLEF-TellezEt2007.pdf');
INSERT INTO Write (AuthorID, PaperID) VALUES (10, 2522);
INSERT INTO Paper (PaperID, Title, Year, MDate, Key, DOI) VALUES (2611, 'INAOE at QA@CLEF 2008: Evaluating Answer Validation in Spanish Question Answering.', 2008, '2014-09-30', 'conf/clef/Tellez-ValeroJMV08', 'http://ceur-ws.org/Vol-1174/CLEF2008wn-QACLEF-TellezValero2008.pdf');
INSERT INTO Write (AuthorID, PaperID) VALUES (10, 2611);
INSERT INTO Paper (PaperID, Title, Year, MDate, Key, DOI) VALUES (2640, 'The Use of Lexical Context in Question Answering for Spanish.', 2004, '2014-08-15', 'conf/clef/Perez-CoutinoSMLP04', 'http://ceur-ws.org/Vol-1170/CLEF2004wn-QACLEF-Perez-CoutinoEt2004.pdf');
INSERT INTO Write (AuthorID, PaperID) VALUES (10, 2640);
INSERT INTO Paper (PaperID, Title, Year, MDate, Key, DOI) VALUES (2728, 'A Shallow Approach for Answer Selection based on Dependency Trees and Term Density.', 2006, '2014-08-15', 'conf/clef/Perez-CoutinoMLPP06a', 'http://ceur-ws.org/Vol-1172/CLEF2006wn-QACLEF-PerezCoutinoEt2006.pdf');
INSERT INTO Write (AuthorID, PaperID) VALUES (10, 2728);
INSERT INTO Paper (PaperID, Title, Year, MDate, Key, DOI) VALUES (2759, 'Towards Annotation-Based Query and Document Expansion for Image Retrieval.', 2007, '2017-05-24', 'conf/clef/EscalanteHLMMMSV07', 'https://doi.org/10.1007/978-3-540-85760-0_68');
INSERT INTO Write (AuthorID, PaperID) VALUES (10, 2759);
INSERT INTO Paper (PaperID, Title, Year, MDate, Key, DOI) VALUES (2769, 'Optimized Fuzzy Text Alignment for Plagiarism Detection.', 2012, '2014-09-24', 'conf/clef/Sanchez-VegaMP12', 'http://www.clef-initiative.eu/documents/71612/be84d34e-de8c-4ecc-ab54-65284b9cdfad');
INSERT INTO Write (AuthorID, PaperID) VALUES (10, 2769);
INSERT INTO Paper (PaperID, Title, Year, MDate, Key, DOI) VALUES (2826, 'Experiments for Tuning the Values of Lexical Features in Question Answering for Spanish.', 2005, '2014-08-15', 'conf/clef/Perez-CoutinoMLP05a', 'http://ceur-ws.org/Vol-1171/CLEF2005wn-QACLEF-PerezCoutinoEt2005.pdf');
INSERT INTO Write (AuthorID, PaperID) VALUES (10, 2826);
INSERT INTO Paper (PaperID, Title, Year, MDate, Key, DOI) VALUES (2941, 'UACH-INAOE participation at eRisk2017.', 2017, '2017-08-15', 'conf/clef/Farias-Anzaldua17', 'http://ceur-ws.org/Vol-1866/paper_136.pdf');
INSERT INTO Write (AuthorID, PaperID) VALUES (10, 2941);
INSERT INTO Paper (PaperID, Title, Year, MDate, Key, DOI) VALUES (2983, 'Social-Media Users can be profiled by their Similarity with other Users.', 2017, '2017-08-15', 'conf/clef/Lopez-MonroyMEP17', 'http://ceur-ws.org/Vol-1866/paper_109.pdf');
INSERT INTO Write (AuthorID, PaperID) VALUES (10, 2983);
INSERT INTO Paper (PaperID, Title, Year, MDate, Key, DOI) VALUES (3009, 'Using Machine Learning and Text Mining in Question Answering.', 2006, '2017-05-24', 'conf/clef/Juarez-GonzalezTDMP06', 'https://doi.org/10.1007/978-3-540-74999-8_49');
INSERT INTO Write (AuthorID, PaperID) VALUES (10, 3009);
INSERT INTO Paper (PaperID, Title, Year, MDate, Key, DOI) VALUES (3019, 'INAOE-UNAL at ImageCLEF 2015: Scalable Concept Image Annotation.', 2015, '2016-04-04', 'conf/clef/PellegrinVABEMG15', 'http://ceur-ws.org/Vol-1391/58-CR.pdf');
INSERT INTO Write (AuthorID, PaperID) VALUES (10, 3019);
INSERT INTO Paper (PaperID, Title, Year, MDate, Key, DOI) VALUES (3122, 'Question Answering for Spanish Supported by Lexical Context Annotation.', 2004, '2017-05-24', 'conf/clef/Perez-CoutinoSMLP05', 'https://doi.org/10.1007/11519645_49');
INSERT INTO Write (AuthorID, PaperID) VALUES (10, 3122);
INSERT INTO Paper (PaperID, Title, Year, MDate, Key, DOI) VALUES (3301, 'INAOE at GeoCLEF 2008: A Ranking Approach based on Sample Documents.', 2008, '2015-01-28', 'conf/clef/Villatoro-TelloMV08', 'http://ceur-ws.org/Vol-1174/CLEF2008wn-GeoCLEF-VillatoroTelloEt2008.pdf');
INSERT INTO Write (AuthorID, PaperID) VALUES (10, 3301);
INSERT INTO Paper (PaperID, Title, Year, MDate, Key, DOI) VALUES (3414, 'INAOE''s participation at ImageCLEF 2016: Text Illustration Task.', 2016, '2016-08-11', 'conf/clef/PellegrinLEM16', 'http://ceur-ws.org/Vol-1609/16090356.pdf');
INSERT INTO Write (AuthorID, PaperID) VALUES (10, 3414);
INSERT INTO Author (AuthorID, Name) VALUES (11, 'Julio Villena-Rom&aacute;n');
INSERT INTO Paper (PaperID, Title, Year, MDate, Key, DOI) VALUES (4, 'MIRACLE at ImageCLEFmed 2008: Semantic vs. Statistical Strategies for Topic Expansion.', 2008, '2017-05-24', 'conf/clef/Lana-SerranoVC08', 'https://doi.org/10.1007/978-3-642-04447-2_91');
INSERT INTO Write (AuthorID, PaperID) VALUES (11, 4);
INSERT INTO Paper (PaperID, Title, Year, MDate, Key, DOI) VALUES (42, 'MIRACLE-GSI at ImageCLEFphoto 2008: Different Strategies for Automatic Topic Expansion.', 2008, '2017-05-24', 'conf/clef/Villena-RomanLC08', 'https://doi.org/10.1007/978-3-642-04447-2_70');
INSERT INTO Write (AuthorID, PaperID) VALUES (11, 42);
INSERT INTO Paper (PaperID, Title, Year, MDate, Key, DOI) VALUES (56, 'DAEDALUS at RepLab 2012: Polarity Classification and Filtering on Twitter Data.', 2012, '2014-09-24', 'conf/clef/Villena-RomanLMGC12', 'http://www.clef-initiative.eu/documents/71612/c71f3491-8055-4b78-ba09-21e07e851cbc');
INSERT INTO Write (AuthorID, PaperID) VALUES (11, 56);
INSERT INTO Paper (PaperID, Title, Year, MDate, Key, DOI) VALUES (68, 'MIRACLE''s Naive Approach to Medical Images Annotation.', 2005, '2014-09-18', 'conf/clef/Villena-RomanCGM05', 'http://ceur-ws.org/Vol-1171/CLEF2005wn-ImageCLEF-VillenaRomanEt2005b.pdf');
INSERT INTO Write (AuthorID, PaperID) VALUES (11, 68);
INSERT INTO Paper (PaperID, Title, Year, MDate, Key, DOI) VALUES (135, 'MIRACLE at Ad-Hoc CLEF 2005: Merging and Combining Without Using a Single Approach.', 2005, '2017-05-24', 'conf/clef/Goni-MenoyoGV05', 'https://doi.org/10.1007/11878773_4');
INSERT INTO Write (AuthorID, PaperID) VALUES (11, 135);
INSERT INTO Paper (PaperID, Title, Year, MDate, Key, DOI) VALUES (202, 'MIRACLE at WebCLEF 2005: Combining Web Specific and Linguistic Information.', 2005, '2017-05-24', 'conf/clef/Martinez-GonzalezMPV05', 'https://doi.org/10.1007/11878773_95');
INSERT INTO Write (AuthorID, PaperID) VALUES (11, 202);
INSERT INTO Paper (PaperID, Title, Year, MDate, Key, DOI) VALUES (317, 'MIRACLE at ImageCLEFannot 2008: Classification of Image Features for Medical Image Annotation.', 2008, '2014-09-29', 'conf/clef/Lana-SerranoVCG08a', 'http://ceur-ws.org/Vol-1174/CLEF2008wn-ImageCLEF-LanaSerranoEt2008b.pdf');
INSERT INTO Write (AuthorID, PaperID) VALUES (11, 317);
INSERT INTO Paper (PaperID, Title, Year, MDate, Key, DOI) VALUES (410, 'MIRACLE at ImageCLEFannot 2008: Nearest Neighbour Classification of Image Feature Vectors for Medical Image Annotation.', 2008, '2017-06-02', 'conf/clef/Lana-SerranoVCG08', 'https://doi.org/10.1007/978-3-642-04447-2_93');
INSERT INTO Write (AuthorID, PaperID) VALUES (11, 410);
INSERT INTO Paper (PaperID, Title, Year, MDate, Key, DOI) VALUES (433, 'Report of MIRACLE team for the Ad-Hoc Track in CLEF 2007.', 2007, '2014-09-23', 'conf/clef/Goni-MenoyoCVL07', 'http://ceur-ws.org/Vol-1173/CLEF2007wn-adhoc-GoniMenoyoEt2007.pdf');
INSERT INTO Write (AuthorID, PaperID) VALUES (11, 433);
INSERT INTO Paper (PaperID, Title, Year, MDate, Key, DOI) VALUES (483, 'Effect of Connective Functions in Interactive Image Retrieval.', 2005, '2017-05-24', 'conf/clef/Villena-RomanGC05', 'https://doi.org/10.1007/11878773_34');
INSERT INTO Write (AuthorID, PaperID) VALUES (11, 483);
INSERT INTO Paper (PaperID, Title, Year, MDate, Key, DOI) VALUES (498, 'MIRACLE''s 2005 Approach to Cross-lingual Information Retrieval.', 2005, '2014-08-15', 'conf/clef/GonzalezGV05', 'http://ceur-ws.org/Vol-1171/CLEF2005wn-adhoc-GonzalezEt2005.pdf');
INSERT INTO Write (AuthorID, PaperID) VALUES (11, 498);
INSERT INTO Paper (PaperID, Title, Year, MDate, Key, DOI) VALUES (571, 'MIRACLE at VideoCLEF 2008: Classification of Multilingual Speech Transcripts.', 2008, '2014-09-29', 'conf/clef/Villena-RomanL08a', 'http://ceur-ws.org/Vol-1174/CLEF2008wn-VideoCLEF-VillenaRomanEt2008.pdf');
INSERT INTO Write (AuthorID, PaperID) VALUES (11, 571);
INSERT INTO Paper (PaperID, Title, Year, MDate, Key, DOI) VALUES (574, 'DAEDALUS at WebPS-3 2010: k-Medoids Clustering Using a Cost Function Minimization.', 2010, '2014-09-24', 'conf/clef/Lana-SerranoVC10a', 'http://www.clef-initiative.eu/documents/71612/86374/CLEF2010wn-WePS-Lana-SerranoEt2010.pdf');
INSERT INTO Write (AuthorID, PaperID) VALUES (11, 574);
INSERT INTO Paper (PaperID, Title, Year, MDate, Key, DOI) VALUES (585, 'DAEDALUS at PAN 2014: Guessing Tweet Author''s Gender and Age.', 2014, '2014-09-18', 'conf/clef/Villena-RomanG14', 'http://ceur-ws.org/Vol-1180/CLEF2014wn-Pan-VillenaRomanEt2014.pdf');
INSERT INTO Write (AuthorID, PaperID) VALUES (11, 585);
INSERT INTO Paper (PaperID, Title, Year, MDate, Key, DOI) VALUES (721, 'MIRACLE''s Combination of Visual and Textual Queries for Medical Image Retrieval.', 2005, '2014-08-15', 'conf/clef/Villena-RomanCGF05', 'http://ceur-ws.org/Vol-1171/CLEF2005wn-ImageCLEF-VillenaRomanEt2005.pdf');
INSERT INTO Write (AuthorID, PaperID) VALUES (11, 721);
INSERT INTO Paper (PaperID, Title, Year, MDate, Key, DOI) VALUES (790, 'Expanding Queries Through Word Sense Disambiguation.', 2006, '2018-10-05', 'conf/clef/Martinez-FernandezGVM06', 'https://doi.org/10.1007/978-3-540-74999-8_74');
INSERT INTO Write (AuthorID, PaperID) VALUES (11, 790);
INSERT INTO Paper (PaperID, Title, Year, MDate, Key, DOI) VALUES (868, 'MIRACLE at ImageCLEFanot 2007: Machine Learning Experiments on Medical Image Annotation.', 2007, '2017-05-24', 'conf/clef/Lana-SerranoVCG07', 'https://doi.org/10.1007/978-3-540-85760-0_75');
INSERT INTO Write (AuthorID, PaperID) VALUES (11, 868);
INSERT INTO Paper (PaperID, Title, Year, MDate, Key, DOI) VALUES (1119, 'DAEDALUS at LogCLEF 2011: Analyzing Query Success and User Context.', 2011, '2014-09-24', 'conf/clef/Lana-SerranoVC11a', 'http://www.clef-initiative.eu/documents/71612/86377/CLEF2011wn-LogCLEF-Lana-SerranoEt2011.pdf');
INSERT INTO Write (AuthorID, PaperID) VALUES (11, 1119);
INSERT INTO Paper (PaperID, Title, Year, MDate, Key, DOI) VALUES (1469, 'Combining Textual and Visual Features for Image Retrieval.', 2005, '2017-05-24', 'conf/clef/FernandezRGC05', 'https://doi.org/10.1007/11878773_75');
INSERT INTO Write (AuthorID, PaperID) VALUES (11, 1469);
INSERT INTO Paper (PaperID, Title, Year, MDate, Key, DOI) VALUES (1485, 'DAEDALUS at RepLab 2014: Detecting RepTrak Reputation Dimensions on Tweets.', 2014, '2014-09-18', 'conf/clef/Pablo-SanchezGVG14', 'http://ceur-ws.org/Vol-1180/CLEF2014wn-Rep-PabloSanchezEt2014.pdf');
INSERT INTO Write (AuthorID, PaperID) VALUES (11, 1485);
INSERT INTO Paper (PaperID, Title, Year, MDate, Key, DOI) VALUES (1492, 'MIRACLE at ImageCLEFmed 2007: Merging Textual and Visual Strategies to Improve Medical Image Retrieval.', 2007, '2014-09-23', 'conf/clef/Villena-RomanLC07a', 'http://ceur-ws.org/Vol-1173/CLEF2007wn-ImageCLEF-VillenaRomanEt2007a.pdf');
INSERT INTO Write (AuthorID, PaperID) VALUES (11, 1492);
INSERT INTO Paper (PaperID, Title, Year, MDate, Key, DOI) VALUES (1509, 'A Plagiarism Detector for Intrinsic Plagiarism - Lab Report for PAN at CLEF 2010.', 2010, '2016-06-02', 'conf/clef/SuarezCV10', 'http://www.clef-initiative.eu/documents/71612/86374/CLEF2010wn-PAN-Su%C3%A1rezEt2010.pdf');
INSERT INTO Write (AuthorID, PaperID) VALUES (11, 1509);
INSERT INTO Paper (PaperID, Title, Year, MDate, Key, DOI) VALUES (1516, 'MIRACLE at ImageCLEFphoto 2007: Evaluation of Merging Strategies for Multilingual and Multimedia Information Retrieval.', 2007, '2017-05-24', 'conf/clef/Villena-RomanLMC07', 'https://doi.org/10.1007/978-3-540-85760-0_61');
INSERT INTO Write (AuthorID, PaperID) VALUES (11, 1516);
INSERT INTO Paper (PaperID, Title, Year, MDate, Key, DOI) VALUES (1585, 'MIRACLE at VideoCLEF 2008: Topic Identification and Keyframe Extraction in Dual Language Videos.', 2008, '2017-05-24', 'conf/clef/Villena-RomanL08', 'https://doi.org/10.1007/978-3-642-04447-2_120');
INSERT INTO Write (AuthorID, PaperID) VALUES (11, 1585);
INSERT INTO Paper (PaperID, Title, Year, MDate, Key, DOI) VALUES (1925, 'MIRACLE Evaluation of Results for ImageCLEF 2003.', 2003, '2014-08-15', 'conf/clef/Villena-RomanMFGRMGG03', 'http://ceur-ws.org/Vol-1169/CLEF2003wn-ImageCLEF-VillenaRomanEt2003.pdf');
INSERT INTO Write (AuthorID, PaperID) VALUES (11, 1925);
INSERT INTO Paper (PaperID, Title, Year, MDate, Key, DOI) VALUES (1930, 'MIRACLE at ImageCLEFphoto 2007: Evaluation of Merging Strategies for Multilingual and Multimedia Information Retrieval.', 2007, '2014-09-23', 'conf/clef/Villena-RomanLMC07a', 'http://ceur-ws.org/Vol-1173/CLEF2007wn-ImageCLEF-VillenaRomanEt2007.pdf');
INSERT INTO Write (AuthorID, PaperID) VALUES (11, 1930);
INSERT INTO Paper (PaperID, Title, Year, MDate, Key, DOI) VALUES (1948, 'MIRACLE at ImageCLEFmed 2007: Merging Textual and Visual Strategies to Improve Medical Image Retrieval.', 2007, '2017-05-24', 'conf/clef/Villena-RomanLC07', 'https://doi.org/10.1007/978-3-540-85760-0_74');
INSERT INTO Write (AuthorID, PaperID) VALUES (11, 1948);
INSERT INTO Paper (PaperID, Title, Year, MDate, Key, DOI) VALUES (2051, 'DAEDALUS at ImageCLEF Medical Retrieval 2011: Textual, Visual and Multimodal Experiments.', 2011, '2014-09-24', 'conf/clef/Lana-SerranoVC11', 'http://www.clef-initiative.eu/documents/71612/86377/CLEF2011wn-ImageCLEF-Lana-SerranoEt2011.pdf');
INSERT INTO Write (AuthorID, PaperID) VALUES (11, 2051);
INSERT INTO Paper (PaperID, Title, Year, MDate, Key, DOI) VALUES (2129, 'DAEDALUS at ImageCLEF 2011 Plant Identification Task: Using SIFT Keypoints for Object Detection.', 2011, '2016-06-02', 'conf/clef/Villena-RomanLC11', 'http://www.clef-initiative.eu/documents/71612/86377/CLEF2011wn-ImageCLEF-Villena-Rom%C3%A1nEt2011.pdf');
INSERT INTO Write (AuthorID, PaperID) VALUES (11, 2129);
INSERT INTO Paper (PaperID, Title, Year, MDate, Key, DOI) VALUES (2130, 'MIRACLE at GeoCLEF Query Parsing 2007: Extraction and Classification of Geographical Information.', 2007, '2017-05-24', 'conf/clef/Lana-SerranoVCG07a', 'https://doi.org/10.1007/978-3-540-85760-0_99');
INSERT INTO Write (AuthorID, PaperID) VALUES (11, 2130);
INSERT INTO Paper (PaperID, Title, Year, MDate, Key, DOI) VALUES (2300, 'MIRACLE at ImageCLEFanot 2007: Machine Learning Experiments on Medical Image Annotation.', 2007, '2014-09-23', 'conf/clef/Lana-SerranoVCG07b', 'http://ceur-ws.org/Vol-1173/CLEF2007wn-ImageCLEF-LanaSerranoEt2007.pdf');
INSERT INTO Write (AuthorID, PaperID) VALUES (11, 2300);
INSERT INTO Paper (PaperID, Title, Year, MDate, Key, DOI) VALUES (2355, 'MIRACLE-GSI at ImageCLEFphoto 2008: Experiments on Semantic and Statistical Topic Expansion.', 2008, '2014-09-29', 'conf/clef/Villena-RomanLG08', 'http://ceur-ws.org/Vol-1174/CLEF2008wn-ImageCLEF-VillenaRomanEt2008.pdf');
INSERT INTO Write (AuthorID, PaperID) VALUES (11, 2355);
INSERT INTO Paper (PaperID, Title, Year, MDate, Key, DOI) VALUES (2415, 'MIRACLE at GeoCLEF Query Parsing 2007: Extraction and Classification of Geographical Information.', 2007, '2014-09-23', 'conf/clef/Lana-SerranoVG07', 'http://ceur-ws.org/Vol-1173/CLEF2007wn-GeoCLEF-LanaSerranoEt2007.pdf');
INSERT INTO Write (AuthorID, PaperID) VALUES (11, 2415);
INSERT INTO Paper (PaperID, Title, Year, MDate, Key, DOI) VALUES (2588, 'Boolean Operators in Interactive Search.', 2005, '2014-08-15', 'conf/clef/Villena-RomanGC05a', 'http://ceur-ws.org/Vol-1171/CLEF2005wn-iCLEF-VillenaRomanEt2005.pdf');
INSERT INTO Write (AuthorID, PaperID) VALUES (11, 2588);
INSERT INTO Paper (PaperID, Title, Year, MDate, Key, DOI) VALUES (2610, 'DAEDALUS at ImageCLEF Wikipedia Retrieval 2010: Expanding with Semantic Information from Context.', 2010, '2014-09-24', 'conf/clef/Lana-SerranoVC10', 'http://www.clef-initiative.eu/documents/71612/86374/CLEF2010wn-ImageCLEF-Lana-SerranoEt2010.pdf');
INSERT INTO Write (AuthorID, PaperID) VALUES (11, 2610);
INSERT INTO Paper (PaperID, Title, Year, MDate, Key, DOI) VALUES (2638, 'MIRACLE at ImageCLEFmed 2009: Reevaluating Strategies for Automatic Topic Expansion.', 2009, '2014-09-29', 'conf/clef/Lana-SerranoVG09', 'http://ceur-ws.org/Vol-1175/CLEF2009wn-ImageCLEF-LanaSerranoEt2009.pdf');
INSERT INTO Write (AuthorID, PaperID) VALUES (11, 2638);
INSERT INTO Paper (PaperID, Title, Year, MDate, Key, DOI) VALUES (2811, 'DAEDALUS at LogCLEF 2010: Analyzing the Success of Search Queries.', 2010, '2014-09-24', 'conf/clef/Lana-SerranoVC10b', 'http://www.clef-initiative.eu/documents/71612/86374/CLEF2010wn-LogCLEF-Lana-SerranoEt2010.pdf');
INSERT INTO Write (AuthorID, PaperID) VALUES (11, 2811);
INSERT INTO Paper (PaperID, Title, Year, MDate, Key, DOI) VALUES (3091, 'MIRACLE''s Approach to Multilingual Web Retrieval.', 2005, '2014-08-15', 'conf/clef/Martinez-GonzalezMPVJMC05', 'http://ceur-ws.org/Vol-1171/CLEF2005wn-WebCLEF-MartinezGonzalezEt2005.pdf');
INSERT INTO Write (AuthorID, PaperID) VALUES (11, 3091);
INSERT INTO Paper (PaperID, Title, Year, MDate, Key, DOI) VALUES (3191, 'MIRACLE-GSI at ImageCLEFphoto 2009: Comparing Clustering vs. Classification for Result Reranking.', 2009, '2014-09-29', 'conf/clef/Villena-RomanLG09', 'http://ceur-ws.org/Vol-1175/CLEF2009wn-ImageCLEF-VillenaRomanEt2009.pdf');
INSERT INTO Write (AuthorID, PaperID) VALUES (11, 3191);
INSERT INTO Paper (PaperID, Title, Year, MDate, Key, DOI) VALUES (3339, 'MIRACLE at ImageCLEFmed 2008: Evaluating Strategies for Automatic Topic Expansion.', 2008, '2014-09-29', 'conf/clef/Lana-SerranoVG08', 'http://ceur-ws.org/Vol-1174/CLEF2008wn-ImageCLEF-LanaSerranoEt2008a.pdf');
INSERT INTO Write (AuthorID, PaperID) VALUES (11, 3339);
INSERT INTO Paper (PaperID, Title, Year, MDate, Key, DOI) VALUES (3342, 'MIRACLE Progress in Monolingual Information Retrieval at Ad-Hoc CLEF 2007.', 2007, '2017-05-24', 'conf/clef/CristobalGVL07', 'https://doi.org/10.1007/978-3-540-85760-0_21');
INSERT INTO Write (AuthorID, PaperID) VALUES (11, 3342);
INSERT INTO Paper (PaperID, Title, Year, MDate, Key, DOI) VALUES (3372, 'Evaluation of MIRACLE Approach Results for CLEF 2003.', 2003, '2014-08-15', 'conf/clef/Martinez-FernandezVFGRMGG03', 'http://ceur-ws.org/Vol-1169/CLEF2003wn-adhoc-MartinezEt2003.pdf');
INSERT INTO Write (AuthorID, PaperID) VALUES (11, 3372);
INSERT INTO Paper (PaperID, Title, Year, MDate, Key, DOI) VALUES (3433, 'MIRACLE''s 2005 Approach to Monolingual Information Retrieval.', 2005, '2014-08-15', 'conf/clef/Goni-MenoyoGV05a', 'http://ceur-ws.org/Vol-1171/CLEF2005wn-adhoc-GoniMenoyoEt2005.pdf');
INSERT INTO Write (AuthorID, PaperID) VALUES (11, 3433);
INSERT INTO Paper (PaperID, Title, Year, MDate, Key, DOI) VALUES (3488, 'MIRACLE''s Hybrid Approach to Bilingual and Monolingual Information Retrieval.', 2004, '2018-10-05', 'conf/clef/Goni-MenoyoGMVGFPA04', 'http://ceur-ws.org/Vol-1170/CLEF2004wn-adhoc-GoniMenoyoEt2004.pdf');
INSERT INTO Write (AuthorID, PaperID) VALUES (11, 3488);
INSERT INTO Paper (PaperID, Title, Year, MDate, Key, DOI) VALUES (3495, 'Report of MIRACLE Team for the Ad-Hoc Track in CLEF 2006.', 2006, '2014-08-15', 'conf/clef/Goni-MenoyoCV06', 'http://ceur-ws.org/Vol-1172/CLEF2006wn-adhoc-GoniMenoyoEt2006.pdf');
INSERT INTO Write (AuthorID, PaperID) VALUES (11, 3495);
INSERT INTO Author (AuthorID, Name) VALUES (12, 'Johannes Leveling');
INSERT INTO Paper (PaperID, Title, Year, MDate, Key, DOI) VALUES (333, 'University of Hagen at CLEF 2003: Natural Language Access to the GIRT4 Data.', 2003, '2014-08-15', 'conf/clef/Leveling03a', 'http://ceur-ws.org/Vol-1169/CLEF2003wn-DomainSpecific-Leveling2003.pdf');
INSERT INTO Write (AuthorID, PaperID) VALUES (12, 333);
INSERT INTO Paper (PaperID, Title, Year, MDate, Key, DOI) VALUES (351, 'University of Hagen at QA@CLEF 2008: Efficient Question Answering with Question Decomposition and Multiple Answer Streams.', 2008, '2014-09-29', 'conf/clef/HartrumpfGL08a', 'http://ceur-ws.org/Vol-1174/CLEF2008wn-QACLEF-HartrumpfEt2008.pdf');
INSERT INTO Write (AuthorID, PaperID) VALUES (12, 351);
INSERT INTO Paper (PaperID, Title, Year, MDate, Key, DOI) VALUES (364, 'Integrating Methods from IR and QA for Geographic Information Retrieval.', 2008, '2017-06-02', 'conf/clef/LevelingH08', 'https://doi.org/10.1007/978-3-642-04447-2_111');
INSERT INTO Write (AuthorID, PaperID) VALUES (12, 364);
INSERT INTO Paper (PaperID, Title, Year, MDate, Key, DOI) VALUES (474, 'University of Hagen at QA@CLEF 2007: Coreference Resolution for Questions and Answer Merging.', 2007, '2014-09-23', 'conf/clef/HartrumpfGL07a', 'http://ceur-ws.org/Vol-1173/CLEF2007wn-QACLEF-HartrumpfEt2007.pdf');
INSERT INTO Write (AuthorID, PaperID) VALUES (12, 474);
INSERT INTO Paper (PaperID, Title, Year, MDate, Key, DOI) VALUES (510, 'Recursive Question Decomposition for Answering Complex Geographic Questions.', 2009, '2017-06-02', 'conf/clef/HartrumpfL09', 'https://doi.org/10.1007/978-3-642-15754-7_36');
INSERT INTO Write (AuthorID, PaperID) VALUES (12, 510);
INSERT INTO Paper (PaperID, Title, Year, MDate, Key, DOI) VALUES (604, 'Using Semantic Networks for Geographic Information Retrieval.', 2005, '2017-06-02', 'conf/clef/LevelingHV05', 'https://doi.org/10.1007/11878773_109');
INSERT INTO Write (AuthorID, PaperID) VALUES (12, 604);
INSERT INTO Paper (PaperID, Title, Year, MDate, Key, DOI) VALUES (823, 'GIRSA-WP at GikiCLEF: Integration of Structured Information and Decomposition of Questions.', 2009, '2014-09-29', 'conf/clef/HartrumpfL09a', 'http://ceur-ws.org/Vol-1175/CLEF2009wn-QACLEF-HartrumpfEt2009.pdf');
INSERT INTO Write (AuthorID, PaperID) VALUES (12, 823);
INSERT INTO Paper (PaperID, Title, Year, MDate, Key, DOI) VALUES (850, 'Getting Geographical Answers fromWikipedia: the GikiP pilot at CLEF.', 2008, '2014-09-29', 'conf/clef/SantosCCDHLS08a', 'http://ceur-ws.org/Vol-1174/CLEF2008wn-GeoCLEF-SantosEt2008.pdf');
INSERT INTO Write (AuthorID, PaperID) VALUES (12, 850);
INSERT INTO Write (AuthorID, PaperID) VALUES (12, 863);
INSERT INTO Paper (PaperID, Title, Year, MDate, Key, DOI) VALUES (879, 'University of Hagen at GeoCLEF 2005: Using Semantic Networks for Interpreting Geographical Queries.', 2005, '2014-08-15', 'conf/clef/LevelingHV05a', 'http://ceur-ws.org/Vol-1171/CLEF2005wn-GeoCLEF-LevelingEt2005.pdf');
INSERT INTO Write (AuthorID, PaperID) VALUES (12, 879);
INSERT INTO Write (AuthorID, PaperID) VALUES (12, 999);
INSERT INTO Write (AuthorID, PaperID) VALUES (12, 1024);
INSERT INTO Paper (PaperID, Title, Year, MDate, Key, DOI) VALUES (1201, 'Coreference Resolution for Questions and Answer Merging by Validation.', 2007, '2017-06-02', 'conf/clef/HartrumpfGL07', 'https://doi.org/10.1007/978-3-540-85760-0_32');
INSERT INTO Write (AuthorID, PaperID) VALUES (12, 1201);
INSERT INTO Write (AuthorID, PaperID) VALUES (12, 1214);
INSERT INTO Paper (PaperID, Title, Year, MDate, Key, DOI) VALUES (1255, 'GikiP at GeoCLEF 2008: Joining GIR and QA Forces for Querying Wikipedia.', 2008, '2017-06-02', 'conf/clef/SantosCCDHLS08', 'https://doi.org/10.1007/978-3-642-04447-2_118');
INSERT INTO Write (AuthorID, PaperID) VALUES (12, 1255);
INSERT INTO Paper (PaperID, Title, Year, MDate, Key, DOI) VALUES (1310, 'Reranking Documents with Antagonistic Terms.', 2006, '2017-06-02', 'conf/clef/Leveling06', 'https://doi.org/10.1007/978-3-540-74999-8_24');
INSERT INTO Write (AuthorID, PaperID) VALUES (12, 1310);
INSERT INTO Paper (PaperID, Title, Year, MDate, Key, DOI) VALUES (1567, 'University of Hagen at CLEF 2003: Natural Language Access to the GIRT4 Data.', 2003, '2017-06-02', 'conf/clef/Leveling03', 'https://doi.org/10.1007/978-3-540-30222-3_40');
INSERT INTO Write (AuthorID, PaperID) VALUES (12, 1567);
INSERT INTO Write (AuthorID, PaperID) VALUES (12, 1606);
INSERT INTO Write (AuthorID, PaperID) VALUES (12, 1676);
INSERT INTO Write (AuthorID, PaperID) VALUES (12, 1718);
INSERT INTO Write (AuthorID, PaperID) VALUES (12, 1729);
INSERT INTO Write (AuthorID, PaperID) VALUES (12, 1853);
INSERT INTO Paper (PaperID, Title, Year, MDate, Key, DOI) VALUES (1943, 'Efficient Question Answering with Question Decomposition and Multiple Answer Streams.', 2008, '2017-06-02', 'conf/clef/HartrumpfGL08', 'https://doi.org/10.1007/978-3-642-04447-2_49');
INSERT INTO Write (AuthorID, PaperID) VALUES (12, 1943);
INSERT INTO Paper (PaperID, Title, Year, MDate, Key, DOI) VALUES (1993, 'University of Hagen at QA@CLEF 2006: Interpretation and Normalization of Temporal Expressions.', 2006, '2014-08-15', 'conf/clef/HartrumpfL06a', 'http://ceur-ws.org/Vol-1172/CLEF2006wn-QACLEF-HartrumpfEt2006.pdf');
INSERT INTO Write (AuthorID, PaperID) VALUES (12, 1993);
INSERT INTO Write (AuthorID, PaperID) VALUES (12, 2022);
INSERT INTO Paper (PaperID, Title, Year, MDate, Key, DOI) VALUES (2120, 'University of Hagen at GeoCLEF 2007: Exploring Location Indicators for Geographic Information Retrieval.', 2007, '2014-09-23', 'conf/clef/LevelingH07a', 'http://ceur-ws.org/Vol-1173/CLEF2007wn-GeoCLEF-LevelingEt2007.pdf');
INSERT INTO Write (AuthorID, PaperID) VALUES (12, 2120);
INSERT INTO Paper (PaperID, Title, Year, MDate, Key, DOI) VALUES (2134, 'University of Hagen at CLEF 2004: Indexing and Translating Concepts for the GIRT Task.', 2004, '2014-08-15', 'conf/clef/LevelingH04', 'http://ceur-ws.org/Vol-1170/CLEF2004wn-DomainSpecific-LevelingEt2004.pdf');
INSERT INTO Write (AuthorID, PaperID) VALUES (12, 2134);
INSERT INTO Write (AuthorID, PaperID) VALUES (12, 2189);
INSERT INTO Paper (PaperID, Title, Year, MDate, Key, DOI) VALUES (2196, 'University of Hagen at GeoCLEF 2008: Combining IR and QA for Geographic Information Retrieval.', 2008, '2014-09-29', 'conf/clef/LevelingH08a', 'http://ceur-ws.org/Vol-1174/CLEF2008wn-GeoCLEF-LevelingEt2008.pdf');
INSERT INTO Write (AuthorID, PaperID) VALUES (12, 2196);
INSERT INTO Write (AuthorID, PaperID) VALUES (12, 2279);
INSERT INTO Write (AuthorID, PaperID) VALUES (12, 2421);
INSERT INTO Paper (PaperID, Title, Year, MDate, Key, DOI) VALUES (2574, 'University of Hagen at GeoCLEF2006: Experiments with Metonymy Recognition in Documents.', 2006, '2014-08-15', 'conf/clef/LevelingV06a', 'http://ceur-ws.org/Vol-1172/CLEF2006wn-GeoCLEF-LevelingEt2006.pdf');
INSERT INTO Write (AuthorID, PaperID) VALUES (12, 2574);
INSERT INTO Write (AuthorID, PaperID) VALUES (12, 2622);
INSERT INTO Paper (PaperID, Title, Year, MDate, Key, DOI) VALUES (2798, 'University of Hagen at CLEF 2004: Indexing and Translating Concepts for the GIRT Task.', 2004, '2017-06-02', 'conf/clef/LevelingH05', 'https://doi.org/10.1007/11519645_28');
INSERT INTO Write (AuthorID, PaperID) VALUES (12, 2798);
INSERT INTO Paper (PaperID, Title, Year, MDate, Key, DOI) VALUES (2933, 'Experiments on the Exclusion of Metonymic Location Names from GIR.', 2006, '2017-06-02', 'conf/clef/LevelingV06', 'https://doi.org/10.1007/978-3-540-74999-8_114');
INSERT INTO Write (AuthorID, PaperID) VALUES (12, 2933);
INSERT INTO Paper (PaperID, Title, Year, MDate, Key, DOI) VALUES (2947, 'Interpretation and Normalization of Temporal Expressions for Question Answering.', 2006, '2017-06-02', 'conf/clef/HartrumpfL06', 'https://doi.org/10.1007/978-3-540-74999-8_51');
INSERT INTO Write (AuthorID, PaperID) VALUES (12, 2947);
INSERT INTO Write (AuthorID, PaperID) VALUES (12, 3018);
INSERT INTO Write (AuthorID, PaperID) VALUES (12, 3053);
INSERT INTO Paper (PaperID, Title, Year, MDate, Key, DOI) VALUES (3080, 'University of Hagen at CLEF 2005: Towards a Better Baseline for NLP Methods in Domain-Specific Information Retrieval.', 2005, '2014-08-15', 'conf/clef/Leveling05a', 'http://ceur-ws.org/Vol-1171/CLEF2005wn-DomainSpecific-Leveling2005.pdf');
INSERT INTO Write (AuthorID, PaperID) VALUES (12, 3080);
INSERT INTO Paper (PaperID, Title, Year, MDate, Key, DOI) VALUES (3279, 'A Baseline for NLP in Domain-Specific IR.', 2005, '2017-06-02', 'conf/clef/Leveling05', 'https://doi.org/10.1007/11878773_26');
INSERT INTO Write (AuthorID, PaperID) VALUES (12, 3279);
INSERT INTO Paper (PaperID, Title, Year, MDate, Key, DOI) VALUES (3331, 'Revamping Question Answering with a Semantic Approach over World Knowledge.', 2010, '2014-09-24', 'conf/clef/CardosoDHL10', 'http://www.clef-initiative.eu/documents/71612/86374/CLEF2010wn-MLQA10-CardosoEt2010.pdf');
INSERT INTO Write (AuthorID, PaperID) VALUES (12, 3331);
INSERT INTO Paper (PaperID, Title, Year, MDate, Key, DOI) VALUES (3470, 'University of Hagen at CLEF2006: Reranking Documents for the Domain-specific Task.', 2006, '2014-08-15', 'conf/clef/Leveling06a', 'http://ceur-ws.org/Vol-1172/CLEF2006wn-DomainSpecific-Leveling2006.pdf');
INSERT INTO Write (AuthorID, PaperID) VALUES (12, 3470);
INSERT INTO Paper (PaperID, Title, Year, MDate, Key, DOI) VALUES (3494, 'Inferring Location Names for Geographic Information Retrieval.', 2007, '2017-06-02', 'conf/clef/LevelingH07', 'https://doi.org/10.1007/978-3-540-85760-0_97');
INSERT INTO Write (AuthorID, PaperID) VALUES (12, 3494);
INSERT INTO Author (AuthorID, Name) VALUES (13, 'Rafael Mu&ntilde;oz 0001');
INSERT INTO Write (AuthorID, PaperID) VALUES (13, 13);
INSERT INTO Write (AuthorID, PaperID) VALUES (13, 47);
INSERT INTO Write (AuthorID, PaperID) VALUES (13, 49);
INSERT INTO Write (AuthorID, PaperID) VALUES (13, 95);
INSERT INTO Write (AuthorID, PaperID) VALUES (13, 159);
INSERT INTO Write (AuthorID, PaperID) VALUES (13, 207);
INSERT INTO Paper (PaperID, Title, Year, MDate, Key, DOI) VALUES (217, 'Author Masking by Sentence Transformation.', 2017, '2018-08-12', 'conf/clef/Castro-CastroBM17', 'http://ceur-ws.org/Vol-1866/paper_170.pdf');
INSERT INTO Write (AuthorID, PaperID) VALUES (13, 217);
INSERT INTO Paper (PaperID, Title, Year, MDate, Key, DOI) VALUES (254, 'On the Application of Lexical-Syntactic Knowledge to the Answer Validation Exercise.', 2007, '2018-08-09', 'conf/clef/FerrandezMMP07', 'https://doi.org/10.1007/978-3-540-85760-0_48');
INSERT INTO Write (AuthorID, PaperID) VALUES (13, 254);
INSERT INTO Write (AuthorID, PaperID) VALUES (13, 389);
INSERT INTO Write (AuthorID, PaperID) VALUES (13, 548);
INSERT INTO Write (AuthorID, PaperID) VALUES (13, 682);
INSERT INTO Write (AuthorID, PaperID) VALUES (13, 751);
INSERT INTO Paper (PaperID, Title, Year, MDate, Key, DOI) VALUES (1098, 'Evaluation of Complex Temporal Questions in CLEF-QA.', 2004, '2018-08-09', 'conf/clef/SaqueteGMM04', 'http://ceur-ws.org/Vol-1170/CLEF2004wn-QACLEF-SaqueteEt2004.pdf');
INSERT INTO Write (AuthorID, PaperID) VALUES (13, 1098);
INSERT INTO Paper (PaperID, Title, Year, MDate, Key, DOI) VALUES (1199, 'GIR with Geographic Query Expansion.', 2006, '2018-08-09', 'conf/clef/ToralFNKMM06', 'https://doi.org/10.1007/978-3-540-74999-8_112');
INSERT INTO Write (AuthorID, PaperID) VALUES (13, 1199);
INSERT INTO Write (AuthorID, PaperID) VALUES (13, 1368);
INSERT INTO Write (AuthorID, PaperID) VALUES (13, 1443);
INSERT INTO Write (AuthorID, PaperID) VALUES (13, 1591);
INSERT INTO Paper (PaperID, Title, Year, MDate, Key, DOI) VALUES (1600, 'Authorship Verification, combining Linguistic Features and Different Similarity Functions.', 2015, '2018-08-12', 'conf/clef/CastroAPM15', 'http://ceur-ws.org/Vol-1391/83-CR.pdf');
INSERT INTO Write (AuthorID, PaperID) VALUES (13, 1600);
INSERT INTO Paper (PaperID, Title, Year, MDate, Key, DOI) VALUES (1730, 'Discovering Author Groups using a B-compact graph-based Clustering.', 2017, '2018-08-12', 'conf/clef/Garcia-MondejaC17', 'http://ceur-ws.org/Vol-1866/paper_139.pdf');
INSERT INTO Write (AuthorID, PaperID) VALUES (13, 1730);
INSERT INTO Write (AuthorID, PaperID) VALUES (13, 1809);
INSERT INTO Paper (PaperID, Title, Year, MDate, Key, DOI) VALUES (1824, 'Studying the Influence of Semantic Constraints in AVE.', 2008, '2018-11-14', 'conf/clef/FerrandezMP08', 'https://www.wikidata.org/entity/Q57712976');
INSERT INTO Write (AuthorID, PaperID) VALUES (13, 1824);
INSERT INTO Write (AuthorID, PaperID) VALUES (13, 2058);
INSERT INTO Paper (PaperID, Title, Year, MDate, Key, DOI) VALUES (2265, 'The Contribution of the University of Alicante to AVE 2007.', 2007, '2018-08-09', 'conf/clef/FerrandezMMP07a', 'http://ceur-ws.org/Vol-1173/CLEF2007wn-QACLEF-FerrandezEt2007.pdf');
INSERT INTO Write (AuthorID, PaperID) VALUES (13, 2265);
INSERT INTO Write (AuthorID, PaperID) VALUES (13, 2302);
INSERT INTO Paper (PaperID, Title, Year, MDate, Key, DOI) VALUES (2345, 'Author Profiling, instance-based Similarity Classification.', 2017, '2018-08-12', 'conf/clef/ArciaCBM17', 'http://ceur-ws.org/Vol-1866/paper_172.pdf');
INSERT INTO Write (AuthorID, PaperID) VALUES (13, 2345);
INSERT INTO Write (AuthorID, PaperID) VALUES (13, 2429);
INSERT INTO Write (AuthorID, PaperID) VALUES (13, 2792);
INSERT INTO Write (AuthorID, PaperID) VALUES (13, 2794);
INSERT INTO Paper (PaperID, Title, Year, MDate, Key, DOI) VALUES (2930, 'Geographic IR Helped by Structured Geospatial Knowledge Resources.', 2006, '2018-08-09', 'conf/clef/ToralFNKMM06a', 'http://ceur-ws.org/Vol-1172/CLEF2006wn-GeoCLEF-ToralEt2006.pdf');
INSERT INTO Write (AuthorID, PaperID) VALUES (13, 2930);
INSERT INTO Paper (PaperID, Title, Year, MDate, Key, DOI) VALUES (3026, 'A Knowledge-Based Textual Entailment Approach Applied to the AVE Task.', 2006, '2018-08-09', 'conf/clef/FerrandezTMMP06', 'https://doi.org/10.1007/978-3-540-74999-8_58');
INSERT INTO Write (AuthorID, PaperID) VALUES (13, 3026);
INSERT INTO Write (AuthorID, PaperID) VALUES (13, 3040);
INSERT INTO Paper (PaperID, Title, Year, MDate, Key, DOI) VALUES (3078, 'A Knowledge-based Textual Entailment Approach applied to the QA Answer Validation at CLEF 2006.', 2006, '2018-08-09', 'conf/clef/FerrandezTMMP06a', 'http://ceur-ws.org/Vol-1172/CLEF2006wn-QACLEF-FerrandezEt2006b.pdf');
INSERT INTO Write (AuthorID, PaperID) VALUES (13, 3078);
INSERT INTO Write (AuthorID, PaperID) VALUES (13, 3099);
INSERT INTO Write (AuthorID, PaperID) VALUES (13, 3110);
INSERT INTO Write (AuthorID, PaperID) VALUES (13, 3212);
INSERT INTO Write (AuthorID, PaperID) VALUES (13, 3309);
INSERT INTO Write (AuthorID, PaperID) VALUES (13, 3328);
INSERT INTO Paper (PaperID, Title, Year, MDate, Key, DOI) VALUES (3400, 'A Lexical-Semantic Approach to AVE.', 2008, '2018-08-09', 'conf/clef/FerrandezMP08a', 'http://ceur-ws.org/Vol-1174/CLEF2008wn-QACLEF-FerrandezEt2008.pdf');
INSERT INTO Write (AuthorID, PaperID) VALUES (13, 3400);
INSERT INTO Write (AuthorID, PaperID) VALUES (13, 3454);
INSERT INTO Write (AuthorID, PaperID) VALUES (13, 3466);
INSERT INTO Write (AuthorID, PaperID) VALUES (13, 3471);
INSERT INTO Author (AuthorID, Name) VALUES (14, 'Adrian Iftene');
INSERT INTO Paper (PaperID, Title, Year, MDate, Key, DOI) VALUES (40, 'UAIC Participation at ImageCLEF 2012 Photo Annotation Task.', 2012, '2014-09-24', 'conf/clef/PituGI12', 'http://www.clef-initiative.eu/documents/71612/cbfdcac6-ebc9-40da-9825-e53e38a594b3');
INSERT INTO Write (AuthorID, PaperID) VALUES (14, 40);
INSERT INTO Paper (PaperID, Title, Year, MDate, Key, DOI) VALUES (287, 'Answer Validation on English and Romanian Languages.', 2008, '2014-09-29', 'conf/clef/IfteneB08a', 'http://ceur-ws.org/Vol-1174/CLEF2008wn-QACLEF-IfteneEt2008b.pdf');
INSERT INTO Write (AuthorID, PaperID) VALUES (14, 287);
INSERT INTO Paper (PaperID, Title, Year, MDate, Key, DOI) VALUES (327, 'UAIC Participation at QA@CLEF2008.', 2008, '2018-11-02', 'conf/clef/IfteneTPMHC08', 'https://doi.org/10.1007/978-3-642-04447-2_45');
INSERT INTO Write (AuthorID, PaperID) VALUES (14, 327);
INSERT INTO Paper (PaperID, Title, Year, MDate, Key, DOI) VALUES (525, 'Question Answering on English and Romanian Languages.', 2009, '2014-09-30', 'conf/clef/IfteneTPMHST09', 'http://ceur-ws.org/Vol-1175/CLEF2009wn-QACLEF-IfteneEt2009.pdf');
INSERT INTO Write (AuthorID, PaperID) VALUES (14, 525);
INSERT INTO Paper (PaperID, Title, Year, MDate, Key, DOI) VALUES (605, 'UAIC''s Participation at Wikipedia Retrieval @ ImageCLEF 2011.', 2011, '2014-09-24', 'conf/clef/BorosGI11', 'http://www.clef-initiative.eu/documents/71612/86377/CLEF2011wn-ImageCLEF-BorosEt2011.pdf');
INSERT INTO Write (AuthorID, PaperID) VALUES (14, 605);
INSERT INTO Paper (PaperID, Title, Year, MDate, Key, DOI) VALUES (733, 'UAIC at ImageCLEF 2009 Photo Annotation Task.', 2009, '2014-09-29', 'conf/clef/IfteneVC09a', 'http://ceur-ws.org/Vol-1175/CLEF2009wn-ImageCLEF-IfteneEt2009.pdf');
INSERT INTO Write (AuthorID, PaperID) VALUES (14, 733);
INSERT INTO Paper (PaperID, Title, Year, MDate, Key, DOI) VALUES (887, 'UAIC at ImageCLEF 2009 Photo Annotation Task.', 2009, '2018-11-02', 'conf/clef/IfteneVC09', 'https://doi.org/10.1007/978-3-642-15751-6_35');
INSERT INTO Write (AuthorID, PaperID) VALUES (14, 887);
INSERT INTO Paper (PaperID, Title, Year, MDate, Key, DOI) VALUES (1117, 'Using SIFT Method for Global Topological Localization for Indoor Environments.', 2009, '2018-11-02', 'conf/clef/BorosRI09', 'https://doi.org/10.1007/978-3-642-15751-6_34');
INSERT INTO Write (AuthorID, PaperID) VALUES (14, 1117);
INSERT INTO Paper (PaperID, Title, Year, MDate, Key, DOI) VALUES (1118, 'UAIC: Participation in VideoCLEF Task.', 2009, '2014-09-29', 'conf/clef/DobrilaDLI09a', 'http://ceur-ws.org/Vol-1175/CLEF2009wn-VideoCLEF-DobrilaEt2009.pdf');
INSERT INTO Write (AuthorID, PaperID) VALUES (14, 1118);
INSERT INTO Paper (PaperID, Title, Year, MDate, Key, DOI) VALUES (1208, 'Using Machine Learning Techniques, Textual and Visual Processing in Scalable Concept Image Annotation Challenge.', 2016, '2016-08-11', 'conf/clef/CristeaI16', 'http://ceur-ws.org/Vol-1609/16090288.pdf');
INSERT INTO Write (AuthorID, PaperID) VALUES (14, 1208);
INSERT INTO Paper (PaperID, Title, Year, MDate, Key, DOI) VALUES (1343, 'UAIC Participation at QA@CLEF2008.', 2008, '2014-09-29', 'conf/clef/IftenePT08', 'http://ceur-ws.org/Vol-1174/CLEF2008wn-QACLEF-IfteneEt2008a.pdf');
INSERT INTO Write (AuthorID, PaperID) VALUES (14, 1343);
INSERT INTO Paper (PaperID, Title, Year, MDate, Key, DOI) VALUES (1424, 'Question Answering on English and Romanian Languages.', 2009, '2018-11-02', 'conf/clef/IfteneTMPHC09', 'https://doi.org/10.1007/978-3-642-15754-7_25');
INSERT INTO Write (AuthorID, PaperID) VALUES (14, 1424);
INSERT INTO Paper (PaperID, Title, Year, MDate, Key, DOI) VALUES (1593, 'UAIC: Participation in INFILE@CLEF Task.', 2009, '2014-09-29', 'conf/clef/DragusanuGAEAI09', 'http://ceur-ws.org/Vol-1175/CLEF2009wn-INFILE-DragusanuEt2009.pdf');
INSERT INTO Write (AuthorID, PaperID) VALUES (14, 1593);
INSERT INTO Paper (PaperID, Title, Year, MDate, Key, DOI) VALUES (1647, 'Identify Experts from a Domain of Interest.', 2010, '2014-09-24', 'conf/clef/IfteneLCM10', 'http://www.clef-initiative.eu/documents/71612/86374/CLEF2010wn-CriES-IfteneEt2010.pdf');
INSERT INTO Write (AuthorID, PaperID) VALUES (14, 1647);
INSERT INTO Paper (PaperID, Title, Year, MDate, Key, DOI) VALUES (1731, 'UAIC Participation at Robot Vision @ 2012 - An Updated Vision.', 2012, '2014-09-24', 'conf/clef/BorosGI12', 'http://www.clef-initiative.eu/documents/71612/c45bbff0-72da-4a68-81ef-6f26e55f77c0');
INSERT INTO Write (AuthorID, PaperID) VALUES (14, 1731);
INSERT INTO Paper (PaperID, Title, Year, MDate, Key, DOI) VALUES (1840, 'UAIC: Participation in ImageCLEF 2009 Robot Vision Task.', 2009, '2014-09-29', 'conf/clef/BorosRI09a', 'http://ceur-ws.org/Vol-1175/CLEF2009wn-ImageCLEF-BorosEt2009.pdf');
INSERT INTO Write (AuthorID, PaperID) VALUES (14, 1840);
INSERT INTO Paper (PaperID, Title, Year, MDate, Key, DOI) VALUES (1841, 'UAIC: Participation in INFILE@CLEF Task.', 2009, '2018-11-02', 'conf/clef/DragusanuGI09', 'https://doi.org/10.1007/978-3-642-15754-7_43');
INSERT INTO Write (AuthorID, PaperID) VALUES (14, 1841);
INSERT INTO Paper (PaperID, Title, Year, MDate, Key, DOI) VALUES (1920, 'Detecting Wikipedia Vandalism using Machine Learning - Notebook for PAN at CLEF 2011.', 2011, '2014-09-24', 'conf/clef/DragusanuCI11', 'http://www.clef-initiative.eu/documents/71612/86377/CLEF2011wn-PAN-DragusanuEt2011.pdf');
INSERT INTO Write (AuthorID, PaperID) VALUES (14, 1920);
INSERT INTO Paper (PaperID, Title, Year, MDate, Key, DOI) VALUES (1987, 'Combining Image Retrieval, Metadata Processing and Naive Bayes Classification at Plant Identification 2013.', 2013, '2014-09-10', 'conf/clef/SerbanSGIAB13', 'http://ceur-ws.org/Vol-1179/CLEF2013wn-ImageCLEF-SerbanEt2013.pdf');
INSERT INTO Write (AuthorID, PaperID) VALUES (14, 1987);
INSERT INTO Paper (PaperID, Title, Year, MDate, Key, DOI) VALUES (2038, 'Using Anaphora Resolution in a Question Answering System for Machine Reading Evaluation.', 2013, '2014-09-10', 'conf/clef/IfteneMI13', 'http://ceur-ws.org/Vol-1179/CLEF2013wn-QA4MRE-IfteneEt2013.pdf');
INSERT INTO Write (AuthorID, PaperID) VALUES (14, 2038);
INSERT INTO Paper (PaperID, Title, Year, MDate, Key, DOI) VALUES (2107, 'UAIC Participation at AVE 2007.', 2007, '2017-05-24', 'conf/clef/IfteneB07', 'https://doi.org/10.1007/978-3-540-85760-0_52');
INSERT INTO Write (AuthorID, PaperID) VALUES (14, 2107);
INSERT INTO Paper (PaperID, Title, Year, MDate, Key, DOI) VALUES (2159, 'Music Identification Using Chroma Features.', 2011, '2014-09-24', 'conf/clef/IfteneRL11', 'http://www.clef-initiative.eu/documents/71612/86377/CLEF2011wn-MusiCLEF-IfteneEt2011.pdf');
INSERT INTO Write (AuthorID, PaperID) VALUES (14, 2159);
INSERT INTO Paper (PaperID, Title, Year, MDate, Key, DOI) VALUES (2221, 'Methods for Classifying Videos by Subject and Detecting Narrative Peak Points.', 2009, '2018-11-02', 'conf/clef/DobrilaDLI09', 'https://doi.org/10.1007/978-3-642-15751-6_47');
INSERT INTO Write (AuthorID, PaperID) VALUES (14, 2221);
INSERT INTO Paper (PaperID, Title, Year, MDate, Key, DOI) VALUES (2347, 'Cross-Lingual Romanian to English Question Answering at CLEF 2006.', 2006, '2017-05-24', 'conf/clef/PuscasuIPTTCSIDMC06', 'https://doi.org/10.1007/978-3-540-74999-8_46');
INSERT INTO Write (AuthorID, PaperID) VALUES (14, 2347);
INSERT INTO Paper (PaperID, Title, Year, MDate, Key, DOI) VALUES (2465, 'Adapting Statistical Language Identification Methods for Short Queries.', 2011, '2014-09-24', 'conf/clef/GinscaBI11', 'http://www.clef-initiative.eu/documents/71612/86377/CLEF2011wn-LogCLEF-GinscaEt2011.pdf');
INSERT INTO Write (AuthorID, PaperID) VALUES (14, 2465);
INSERT INTO Paper (PaperID, Title, Year, MDate, Key, DOI) VALUES (2545, 'Developing a Question Answering System for the Romanian-English Track at CLEF 2006.', 2006, '2014-08-15', 'conf/clef/PuscasuIPTTCSIODMC06', 'http://ceur-ws.org/Vol-1172/CLEF2006wn-QACLEF-PuscasuEt2006.pdf');
INSERT INTO Write (AuthorID, PaperID) VALUES (14, 2545);
INSERT INTO Paper (PaperID, Title, Year, MDate, Key, DOI) VALUES (2680, 'Question Answering on Romanian, English and French Languages.', 2010, '2014-09-24', 'conf/clef/IfteneTHM10', 'http://www.clef-initiative.eu/documents/71612/86374/CLEF2010wn-MLQA10-IfteneEt2010.pdf');
INSERT INTO Write (AuthorID, PaperID) VALUES (14, 2680);
INSERT INTO Paper (PaperID, Title, Year, MDate, Key, DOI) VALUES (2863, 'UAIC: Participation in TEL@CLEF Task.', 2009, '2014-09-29', 'conf/clef/IfteneME09', 'http://ceur-ws.org/Vol-1175/CLEF2009wn-adhoc-IfteneEt2009.pdf');
INSERT INTO Write (AuthorID, PaperID) VALUES (14, 2863);
INSERT INTO Paper (PaperID, Title, Year, MDate, Key, DOI) VALUES (2940, 'UAIC at iCLEF 2009: Analysis of Logs of Multilingual Image Searches in Flickr.', 2009, '2014-09-29', 'conf/clef/CristeaAI09', 'http://ceur-ws.org/Vol-1175/CLEF2009wn-iCLEF-CristeaEt2009.pdf');
INSERT INTO Write (AuthorID, PaperID) VALUES (14, 2940);
INSERT INTO Paper (PaperID, Title, Year, MDate, Key, DOI) VALUES (3012, 'UAIC: Participation in CLEF-IP Track.', 2009, '2018-11-02', 'conf/clef/IfteneIO09', 'https://doi.org/10.1007/978-3-642-15754-7_50');
INSERT INTO Write (AuthorID, PaperID) VALUES (14, 3012);
INSERT INTO Paper (PaperID, Title, Year, MDate, Key, DOI) VALUES (3045, 'UAIC: Participation in LAGI Task.', 2009, '2014-09-29', 'conf/clef/Iftene09a', 'http://ceur-ws.org/Vol-1175/CLEF2009wn-LogCLEF-IfteneEt2009.pdf');
INSERT INTO Write (AuthorID, PaperID) VALUES (14, 3045);
INSERT INTO Paper (PaperID, Title, Year, MDate, Key, DOI) VALUES (3073, 'UAIC Romanian QA System for QA@CLEF.', 2007, '2017-05-24', 'conf/clef/IfteneTPMBCDDC07', 'https://doi.org/10.1007/978-3-540-85760-0_42');
INSERT INTO Write (AuthorID, PaperID) VALUES (14, 3073);
INSERT INTO Paper (PaperID, Title, Year, MDate, Key, DOI) VALUES (3086, 'Evaluating User Image Tagging Credibility.', 2015, '2018-11-02', 'conf/clef/GinscaPLIK15', 'https://doi.org/10.1007/978-3-319-24027-5_4');
INSERT INTO Write (AuthorID, PaperID) VALUES (14, 3086);
INSERT INTO Paper (PaperID, Title, Year, MDate, Key, DOI) VALUES (3126, 'Question Answering for Machine Reading Evaluation on Romanian and English Languages.', 2011, '2014-09-24', 'conf/clef/IfteneGMTH11', 'http://www.clef-initiative.eu/documents/71612/86377/CLEF2011wn-QA4MRE-IfteneEt2011.pdf');
INSERT INTO Write (AuthorID, PaperID) VALUES (14, 3126);
INSERT INTO Paper (PaperID, Title, Year, MDate, Key, DOI) VALUES (3302, 'Using Textual and Visual Processing in Scalable Concept Image Annotation Challenge.', 2015, '2015-09-03', 'conf/clef/CalfaSBALCPI15', 'http://ceur-ws.org/Vol-1391/113-CR.pdf');
INSERT INTO Write (AuthorID, PaperID) VALUES (14, 3302);
INSERT INTO Paper (PaperID, Title, Year, MDate, Key, DOI) VALUES (3319, 'Answer Validation on English and Romanian Languages.', 2008, '2018-11-02', 'conf/clef/IfteneB08', 'https://doi.org/10.1007/978-3-642-04447-2_53');
INSERT INTO Write (AuthorID, PaperID) VALUES (14, 3319);
INSERT INTO Paper (PaperID, Title, Year, MDate, Key, DOI) VALUES (3385, 'Identifying Geographical Entities in Users'' Queries.', 2009, '2018-11-02', 'conf/clef/Iftene09', 'https://doi.org/10.1007/978-3-642-15754-7_65');
INSERT INTO Write (AuthorID, PaperID) VALUES (14, 3385);
INSERT INTO Paper (PaperID, Title, Year, MDate, Key, DOI) VALUES (3389, 'UAIC at GikiCLEF 2009.', 2009, '2014-09-29', 'conf/clef/IftenePC09', 'http://ceur-ws.org/Vol-1175/CLEF2009wn-QACLEF-IfteneEt2009b.pdf');
INSERT INTO Write (AuthorID, PaperID) VALUES (14, 3389);
INSERT INTO Paper (PaperID, Title, Year, MDate, Key, DOI) VALUES (3397, 'Enhancing a Question Answering System with Textual Entailment for Machine Reading Evaluation.', 2012, '2014-09-24', 'conf/clef/IfteneGMTHB12', 'http://www.clef-initiative.eu/documents/71612/11cdc084-9404-4559-a815-563e7f075afe');
INSERT INTO Write (AuthorID, PaperID) VALUES (14, 3397);
INSERT INTO Paper (PaperID, Title, Year, MDate, Key, DOI) VALUES (3440, 'UAIC: Participation in CLEF-IP Track.', 2009, '2014-09-29', 'conf/clef/IfteneIOB09', 'http://ceur-ws.org/Vol-1175/CLEF2009wn-CLEFIP-IfteneEt2009.pdf');
INSERT INTO Write (AuthorID, PaperID) VALUES (14, 3440);
INSERT INTO Author (AuthorID, Name) VALUES (15, 'Nicola Ferro');
INSERT INTO Paper (PaperID, Title, Year, MDate, Key, DOI) VALUES (46, 'Overview of CENTRE@CLEF 2018: A First Tale in the Systematic Reproducibility Realm.', 2018, '2018-08-20', 'conf/clef/FerroMSS18a', 'https://doi.org/10.1007/978-3-319-98932-7_23');
INSERT INTO Write (AuthorID, PaperID) VALUES (15, 46);
INSERT INTO Write (AuthorID, PaperID) VALUES (15, 74);
INSERT INTO Paper (PaperID, Title, Year, MDate, Key, DOI) VALUES (193, 'Experiments on Statistical Approaches to Compensate for Limited Linguistic Resources.', 2004, '2017-05-24', 'conf/clef/NunzioFO05', 'https://doi.org/10.1007/11519645_6');
INSERT INTO Write (AuthorID, PaperID) VALUES (15, 193);
INSERT INTO Write (AuthorID, PaperID) VALUES (15, 199);
INSERT INTO Paper (PaperID, Title, Year, MDate, Key, DOI) VALUES (247, 'The University of Padua at CLEF 2004: Experiments on Statistical Approaches to Compensate for Limited Linguistic Resources.', 2004, '2014-09-24', 'conf/clef/NunzioFO04', 'http://ceur-ws.org/Vol-1170/CLEF2004wn-adhoc-DiNunzioEt2004.pdf');
INSERT INTO Write (AuthorID, PaperID) VALUES (15, 247);
INSERT INTO Paper (PaperID, Title, Year, MDate, Key, DOI) VALUES (277, 'University of Padua at CLEF 2002: Experiments to Evaluate a Statistical Stemming Algorithm.', 2002, '2014-08-15', 'conf/clef/BacchinFM02', 'http://ceur-ws.org/Vol-1168/CLEF2002wn-adhoc-BacchinEt2002.pdf');
INSERT INTO Write (AuthorID, PaperID) VALUES (15, 277);
INSERT INTO Write (AuthorID, PaperID) VALUES (15, 300);
INSERT INTO Paper (PaperID, Title, Year, MDate, Key, DOI) VALUES (507, 'Cultural Heritage in CLEF (CHiC) 2013.', 2013, '2017-06-15', 'conf/clef/PetrasBTHSMPFM13', 'https://doi.org/10.1007/978-3-642-40802-1_23');
INSERT INTO Write (AuthorID, PaperID) VALUES (15, 507);
INSERT INTO Paper (PaperID, Title, Year, MDate, Key, DOI) VALUES (699, 'Preface.', 2014, '2014-09-10', 'conf/clef/CappellatoFHK14', 'http://ceur-ws.org/Vol-1180/CLEF2014wn-All-CappellatoEt2014.pdf');
INSERT INTO Write (AuthorID, PaperID) VALUES (15, 699);
INSERT INTO Paper (PaperID, Title, Year, MDate, Key, DOI) VALUES (770, 'CLEF 2009 Ad Hoc Track Overview: TEL and Persian Tasks.', 2009, '2014-09-29', 'conf/clef/FerroP09a', 'http://ceur-ws.org/Vol-1175/CLEF2009wn-adhoc-FerroEt2009.pdf');
INSERT INTO Write (AuthorID, PaperID) VALUES (15, 770);
INSERT INTO Paper (PaperID, Title, Year, MDate, Key, DOI) VALUES (875, 'Experiments to Evaluate Probabilistic Models for Automatic Stemmer Generation and Query Word Translation.', 2003, '2017-06-02', 'conf/clef/NunzioFMO03', 'https://doi.org/10.1007/978-3-540-30222-3_21');
INSERT INTO Write (AuthorID, PaperID) VALUES (15, 875);
INSERT INTO Write (AuthorID, PaperID) VALUES (15, 912);
INSERT INTO Paper (PaperID, Title, Year, MDate, Key, DOI) VALUES (913, 'CLEF 15th Birthday: What Can We Learn From Ad Hoc Retrieval?', 2014, '2017-06-02', 'conf/clef/FerroS14', 'https://doi.org/10.1007/978-3-319-11382-1_4');
INSERT INTO Write (AuthorID, PaperID) VALUES (15, 913);
INSERT INTO Paper (PaperID, Title, Year, MDate, Key, DOI) VALUES (959, 'Grid@CLEF 2009 Track Overview.', 2009, '2014-09-29', 'conf/clef/FerroH09a', 'http://ceur-ws.org/Vol-1175/CLEF2009wn-GridCLEF-FerroEt2009.pdf');
INSERT INTO Write (AuthorID, PaperID) VALUES (15, 959);
INSERT INTO Paper (PaperID, Title, Year, MDate, Key, DOI) VALUES (1072, 'CENTRE@CLEF2018: Overview of the Replicability Task.', 2018, '2018-08-08', 'conf/clef/FerroMSS18', 'http://ceur-ws.org/Vol-2125/invited_paper_5.pdf');
INSERT INTO Write (AuthorID, PaperID) VALUES (15, 1072);
INSERT INTO Paper (PaperID, Title, Year, MDate, Key, DOI) VALUES (1194, 'DIRECTions: Design and Specification of an IR Evaluation Infrastructure.', 2012, '2017-06-02', 'conf/clef/AgostiBFMPS12', 'https://doi.org/10.1007/978-3-642-33247-0_11');
INSERT INTO Write (AuthorID, PaperID) VALUES (15, 1194);
INSERT INTO Paper (PaperID, Title, Year, MDate, Key, DOI) VALUES (1391, 'CLEF 2009 Ad Hoc Track Overview: TEL and Persian Tasks.', 2009, '2017-06-02', 'conf/clef/FerroP09', 'https://doi.org/10.1007/978-3-642-15754-7_2');
INSERT INTO Write (AuthorID, PaperID) VALUES (15, 1391);
INSERT INTO Write (AuthorID, PaperID) VALUES (15, 1543);
INSERT INTO Paper (PaperID, Title, Year, MDate, Key, DOI) VALUES (1687, 'To Re-rank or to Re-query: Can Visual Analytics Solve This Dilemma?', 2011, '2017-06-02', 'conf/clef/BuccioDFMST11', 'https://doi.org/10.1007/978-3-642-23708-9_14');
INSERT INTO Write (AuthorID, PaperID) VALUES (15, 1687);
INSERT INTO Write (AuthorID, PaperID) VALUES (15, 2005);
INSERT INTO Paper (PaperID, Title, Year, MDate, Key, DOI) VALUES (2040, 'CLEF 2004: Ad Hoc Track Overview and Results Analysis.', 2004, '2017-05-24', 'conf/clef/BraschlerNFP05', 'https://doi.org/10.1007/11519645_2');
INSERT INTO Write (AuthorID, PaperID) VALUES (15, 2040);
INSERT INTO Paper (PaperID, Title, Year, MDate, Key, DOI) VALUES (2071, 'Cultural Heritage in CLEF (CHiC) 2013 - Multilingual Task Overview.', 2013, '2014-09-10', 'conf/clef/PetrasBFM13', 'http://ceur-ws.org/Vol-1179/CLEF2013wn-CHiC-PetrasEt2013.pdf');
INSERT INTO Write (AuthorID, PaperID) VALUES (15, 2071);
INSERT INTO Paper (PaperID, Title, Year, MDate, Key, DOI) VALUES (2137, 'CHiC 2011 - Cultural Heritage in CLEF: From Use Cases to Evaluation in Practice for Multilingual Information Access to Cultural Heritage.', 2011, '2014-09-24', 'conf/clef/GadeFP11', 'http://www.clef-initiative.eu/documents/71612/86377/CLEF2011wn-CHiC-GaedeEt2011.pdf');
INSERT INTO Write (AuthorID, PaperID) VALUES (15, 2137);
INSERT INTO Paper (PaperID, Title, Year, MDate, Key, DOI) VALUES (2176, 'The University of Padova at CLEF 2003: Experiments to Evaluate Probabilistic Models for Automatic Stemmer Generation and Query Word Translation.', 2003, '2014-08-15', 'conf/clef/NunzioFMO03a', 'http://ceur-ws.org/Vol-1169/CLEF2003wn-adhoc-DiNunzioEt2003.pdf');
INSERT INTO Write (AuthorID, PaperID) VALUES (15, 2176);
INSERT INTO Write (AuthorID, PaperID) VALUES (15, 2182);
INSERT INTO Paper (PaperID, Title, Year, MDate, Key, DOI) VALUES (2268, 'Cumulated Relative Position: A Metric for Ranking Evaluation.', 2012, '2018-11-02', 'conf/clef/AngeliniFJKPSS12', 'https://doi.org/10.1007/978-3-642-33247-0_13');
INSERT INTO Write (AuthorID, PaperID) VALUES (15, 2268);
INSERT INTO Write (AuthorID, PaperID) VALUES (15, 2396);
INSERT INTO Paper (PaperID, Title, Year, MDate, Key, DOI) VALUES (2425, 'Scientific Data of an Evaluation Campaign: Do We Properly Deal with Them?', 2006, '2017-06-02', 'conf/clef/AgostiNF06', 'https://doi.org/10.1007/978-3-540-74999-8_2');
INSERT INTO Write (AuthorID, PaperID) VALUES (15, 2425);
INSERT INTO Paper (PaperID, Title, Year, MDate, Key, DOI) VALUES (2540, 'Rethinking How to Extend Average Precision to Graded Relevance.', 2014, '2017-06-02', 'conf/clef/FerranteFM14', 'https://doi.org/10.1007/978-3-319-11382-1_3');
INSERT INTO Write (AuthorID, PaperID) VALUES (15, 2540);
INSERT INTO Paper (PaperID, Title, Year, MDate, Key, DOI) VALUES (2720, 'CLEF 2009: Grid@CLEF Pilot Track Overview.', 2009, '2017-06-02', 'conf/clef/FerroH09', 'https://doi.org/10.1007/978-3-642-15754-7_68');
INSERT INTO Write (AuthorID, PaperID) VALUES (15, 2720);
INSERT INTO Write (AuthorID, PaperID) VALUES (15, 2820);
INSERT INTO Paper (PaperID, Title, Year, MDate, Key, DOI) VALUES (2821, 'The CLEF Monolingual Grid of Points.', 2016, '2018-11-02', 'conf/clef/FerroS16', 'https://doi.org/10.1007/978-3-319-44564-9_2');
INSERT INTO Write (AuthorID, PaperID) VALUES (15, 2821);
INSERT INTO Write (AuthorID, PaperID) VALUES (15, 2955);
INSERT INTO Write (AuthorID, PaperID) VALUES (15, 3041);
INSERT INTO Paper (PaperID, Title, Year, MDate, Key, DOI) VALUES (3287, 'Improving the Automatic Retrieval of Text Documents.', 2002, '2017-06-02', 'conf/clef/AgostiBFM02', 'https://doi.org/10.1007/978-3-540-45237-9_23');
INSERT INTO Write (AuthorID, PaperID) VALUES (15, 3287);
INSERT INTO Paper (PaperID, Title, Year, MDate, Key, DOI) VALUES (3295, 'Cultural Heritage in CLEF (CHiC) Overview 2012.', 2012, '2014-09-24', 'conf/clef/PetrasFGIKMNS12', 'http://www.clef-initiative.eu/documents/71612/0cadb163-3e32-4f16-a659-b457480c2a29');
INSERT INTO Write (AuthorID, PaperID) VALUES (15, 3295);
INSERT INTO Paper (PaperID, Title, Year, MDate, Key, DOI) VALUES (3411, 'Improving Ranking Evaluation Employing Visual Analytics.', 2013, '2018-11-02', 'conf/clef/AngeliniFSS13', 'https://doi.org/10.1007/978-3-642-40802-1_4');
INSERT INTO Write (AuthorID, PaperID) VALUES (15, 3411);
INSERT INTO Write (AuthorID, PaperID) VALUES (15, 3490);
INSERT INTO Paper (PaperID, Title, Year, MDate, Key, DOI) VALUES (3507, 'Scientific Data of an Evaluation Campaign: Do We Properly Deal With Them?', 2006, '2014-08-15', 'conf/clef/AgostiNF06a', 'http://ceur-ws.org/Vol-1172/CLEF2006wn-all-AgostiEt2006.pdf');
INSERT INTO Write (AuthorID, PaperID) VALUES (15, 3507);
INSERT INTO Write (AuthorID, PaperID) VALUES (15, 3521);
INSERT INTO Author (AuthorID, Name) VALUES (16, 'Jussi Karlgren');
INSERT INTO Paper (PaperID, Title, Year, MDate, Key, DOI) VALUES (50, 'SICS at iCLEF 2008: User Confidence and Satisfaction inferred from iCLEF Logs.', 2008, '2014-09-29', 'conf/clef/Karlgren08a', 'http://ceur-ws.org/Vol-1174/CLEF2008wn-iCLEF-Karlgren2008.pdf');
INSERT INTO Write (AuthorID, PaperID) VALUES (16, 50);
INSERT INTO Paper (PaperID, Title, Year, MDate, Key, DOI) VALUES (158, 'Continued Experiments on Cross-Language Relevance Assessment.', 2003, '2017-05-24', 'conf/clef/KarlgrenH03', 'https://doi.org/10.1007/978-3-540-30222-3_45');
INSERT INTO Write (AuthorID, PaperID) VALUES (16, 158);
INSERT INTO Paper (PaperID, Title, Year, MDate, Key, DOI) VALUES (203, 'Dictionary-based Amharic-French Information Retrieval.', 2005, '2014-08-15', 'conf/clef/ArgawACKS05a', 'http://ceur-ws.org/Vol-1171/CLEF2005wn-adhoc-ArgawEt2005.pdf');
INSERT INTO Write (AuthorID, PaperID) VALUES (16, 203);
INSERT INTO Write (AuthorID, PaperID) VALUES (16, 210);
INSERT INTO Paper (PaperID, Title, Year, MDate, Key, DOI) VALUES (251, 'Dictionary-Based Amharic-French Information Retrieval.', 2005, '2017-05-24', 'conf/clef/ArgawACKS05', 'https://doi.org/10.1007/11878773_9');
INSERT INTO Write (AuthorID, PaperID) VALUES (16, 251);
INSERT INTO Paper (PaperID, Title, Year, MDate, Key, DOI) VALUES (403, 'Trusting the Results in Crosslingual Keyword-based Image Retrieval.', 2006, '2014-08-15', 'conf/clef/KarlgrenO06a', 'http://ceur-ws.org/Vol-1172/CLEF2006wn-iCLEF-KarlgrenEt2006.pdf');
INSERT INTO Write (AuthorID, PaperID) VALUES (16, 403);
INSERT INTO Write (AuthorID, PaperID) VALUES (16, 543);
INSERT INTO Write (AuthorID, PaperID) VALUES (16, 544);
INSERT INTO Paper (PaperID, Title, Year, MDate, Key, DOI) VALUES (632, 'Selective Compound Splitting of Swedish Queries for Boolean Combinations of Truncated Terms.', 2003, '2017-05-24', 'conf/clef/CosterSK03', 'https://doi.org/10.1007/978-3-540-30222-3_32');
INSERT INTO Write (AuthorID, PaperID) VALUES (16, 632);
INSERT INTO Paper (PaperID, Title, Year, MDate, Key, DOI) VALUES (668, 'Cooperation, Bookmarking, and Thesaurus in Interactive Bilingual Question Answering.', 2004, '2017-05-24', 'conf/clef/HansenKS05', 'https://doi.org/10.1007/11519645_35');
INSERT INTO Write (AuthorID, PaperID) VALUES (16, 668);
INSERT INTO Paper (PaperID, Title, Year, MDate, Key, DOI) VALUES (796, 'Dictionary-Based Amharic - English Information Retrieval.', 2004, '2017-05-24', 'conf/clef/ArgawACK05', 'https://doi.org/10.1007/11519645_14');
INSERT INTO Write (AuthorID, PaperID) VALUES (16, 796);
INSERT INTO Paper (PaperID, Title, Year, MDate, Key, DOI) VALUES (799, 'Cross-Language Relevance Assessment and Task Context.', 2002, '2014-08-15', 'conf/clef/KarlgrenH02a', 'http://ceur-ws.org/Vol-1168/CLEF2002wn-iCLEF-KarlgrenEt2002.pdf');
INSERT INTO Write (AuthorID, PaperID) VALUES (16, 799);
INSERT INTO Paper (PaperID, Title, Year, MDate, Key, DOI) VALUES (888, 'Vector-Based Semantic Analysis Using Random Indexing for Cross-Lingual Query Expansion.', 2001, '2017-05-24', 'conf/clef/SahlgrenK01', 'https://doi.org/10.1007/3-540-45691-0_14');
INSERT INTO Write (AuthorID, PaperID) VALUES (16, 888);
INSERT INTO Paper (PaperID, Title, Year, MDate, Key, DOI) VALUES (964, 'Evaluating Learning Language Representations.', 2015, '2017-11-06', 'conf/clef/KarlgrenCCGEJKO15', 'https://doi.org/10.1007/978-3-319-24027-5_25');
INSERT INTO Write (AuthorID, PaperID) VALUES (16, 964);
INSERT INTO Paper (PaperID, Title, Year, MDate, Key, DOI) VALUES (965, 'Introduction to the CLEF 2012 Labs.', 2012, '2014-09-24', 'conf/clef/KarlgrenW12', 'http://www.clef-initiative.eu/documents/71612/7266a7ac-3aeb-411f-a688-4a68dc08e508');
INSERT INTO Write (AuthorID, PaperID) VALUES (16, 965);
INSERT INTO Paper (PaperID, Title, Year, MDate, Key, DOI) VALUES (1202, 'Dynamic Lexica for Query Translation.', 2004, '2017-05-24', 'conf/clef/KarlgrenSJC05', 'https://doi.org/10.1007/11519645_15');
INSERT INTO Write (AuthorID, PaperID) VALUES (16, 1202);
INSERT INTO Paper (PaperID, Title, Year, MDate, Key, DOI) VALUES (1293, 'Bookmarking, Thesaurus, and Cooperation in Bilingual Question Answering.', 2004, '2014-08-15', 'conf/clef/KarlgrenHS04', 'http://ceur-ws.org/Vol-1170/CLEF2004wn-iCLEF-KarlgrenEt2004.pdf');
INSERT INTO Write (AuthorID, PaperID) VALUES (16, 1293);
INSERT INTO Paper (PaperID, Title, Year, MDate, Key, DOI) VALUES (1535, 'Trusting the Results in Cross-Lingual Keyword-Based Image Retrieval.', 2006, '2017-11-06', 'conf/clef/KarlgrenO06', 'https://doi.org/10.1007/978-3-540-74999-8_30');
INSERT INTO Write (AuthorID, PaperID) VALUES (16, 1535);
INSERT INTO Write (AuthorID, PaperID) VALUES (16, 1663);
INSERT INTO Write (AuthorID, PaperID) VALUES (16, 1679);
INSERT INTO Paper (PaperID, Title, Year, MDate, Key, DOI) VALUES (1785, 'Vector-based Semantic Analysis using Random Indexing and Morphological Analysis for Cross-Lingual Information Retrieval.', 2001, '2014-08-15', 'conf/clef/KarlgrenS01', 'http://ceur-ws.org/Vol-1167/CLEF2001wn-adhoc-KarlgrenEt2001.pdf');
INSERT INTO Write (AuthorID, PaperID) VALUES (16, 1785);
INSERT INTO Paper (PaperID, Title, Year, MDate, Key, DOI) VALUES (1830, 'Automatic Query Expansion Using Random Indexing.', 2002, '2017-05-24', 'conf/clef/SahlgrenKCJ02', 'https://doi.org/10.1007/978-3-540-45237-9_26');
INSERT INTO Write (AuthorID, PaperID) VALUES (16, 1830);
INSERT INTO Paper (PaperID, Title, Year, MDate, Key, DOI) VALUES (1852, 'Weighting Query Terms Based on Distributional Statistics.', 2005, '2017-05-24', 'conf/clef/KarlgrenSC05', 'https://doi.org/10.1007/11878773_24');
INSERT INTO Write (AuthorID, PaperID) VALUES (16, 1852);
INSERT INTO Paper (PaperID, Title, Year, MDate, Key, DOI) VALUES (1901, 'Plausibility Testing for Lexical Resources.', 2017, '2017-11-06', 'conf/clef/ParksKS17', 'https://doi.org/10.1007/978-3-319-65813-1_13');
INSERT INTO Write (AuthorID, PaperID) VALUES (16, 1901);
INSERT INTO Paper (PaperID, Title, Year, MDate, Key, DOI) VALUES (2016, 'Principled Query Processing.', 2005, '2014-08-15', 'conf/clef/KarlgrenSC05a', 'http://ceur-ws.org/Vol-1171/CLEF2005wn-adhoc-KarlgrenEt2005.pdf');
INSERT INTO Write (AuthorID, PaperID) VALUES (16, 2016);
INSERT INTO Write (AuthorID, PaperID) VALUES (16, 2081);
INSERT INTO Paper (PaperID, Title, Year, MDate, Key, DOI) VALUES (2084, 'Selective Compound Splitting of Swedish Queries for Boolean Combinations of Truncated Terms.', 2003, '2014-08-15', 'conf/clef/CosterSK03a', 'http://ceur-ws.org/Vol-1169/CLEF2003wn-adhoc-CosterEt2003.pdf');
INSERT INTO Write (AuthorID, PaperID) VALUES (16, 2084);
INSERT INTO Paper (PaperID, Title, Year, MDate, Key, DOI) VALUES (2095, 'SICS at iCLEF 2008: User Confidence and Satisfaction Tentatively Inferred from iCLEF Logs.', 2008, '2017-11-06', 'conf/clef/Karlgren08', 'https://doi.org/10.1007/978-3-642-04447-2_33');
INSERT INTO Write (AuthorID, PaperID) VALUES (16, 2095);
INSERT INTO Paper (PaperID, Title, Year, MDate, Key, DOI) VALUES (2161, 'SICS at CLEF 2002: Automatic Query Expansion using Random Indexing.', 2002, '2014-08-15', 'conf/clef/SahlgrenKCJ02a', 'http://ceur-ws.org/Vol-1168/CLEF2002wn-adhoc-SahlgrenEt2002.pdf');
INSERT INTO Write (AuthorID, PaperID) VALUES (16, 2161);
INSERT INTO Paper (PaperID, Title, Year, MDate, Key, DOI) VALUES (2559, 'Dynamic Lexica for Query Translation.', 2004, '2014-08-15', 'conf/clef/KarlgrenSJC04', 'http://ceur-ws.org/Vol-1170/CLEF2004wn-adhoc-KarlgrenEt2004.pdf');
INSERT INTO Write (AuthorID, PaperID) VALUES (16, 2559);
INSERT INTO Paper (PaperID, Title, Year, MDate, Key, DOI) VALUES (2582, 'Features for Modelling Characteristics of Conversations.', 2012, '2014-09-24', 'conf/clef/ErikssonK12', 'http://www.clef-initiative.eu/documents/71612/bb5b5bec-a682-4dbd-83a7-758f4960825c');
INSERT INTO Write (AuthorID, PaperID) VALUES (16, 2582);
INSERT INTO Paper (PaperID, Title, Year, MDate, Key, DOI) VALUES (2586, 'Profiling Reputation of Corporate Entities in Semantic Space.', 2012, '2014-09-24', 'conf/clef/KarlgrenSOEH12', 'http://www.clef-initiative.eu/documents/71612/260c975d-0a49-4880-b7e4-41d16ef39fc8');
INSERT INTO Write (AuthorID, PaperID) VALUES (16, 2586);
INSERT INTO Paper (PaperID, Title, Year, MDate, Key, DOI) VALUES (2663, 'Authorship Profiling Without Using Topical Information: Notebook for PAN at CLEF 2018.', 2018, '2018-08-08', 'conf/clef/KarlgrenEGK18', 'http://ceur-ws.org/Vol-2125/paper_166.pdf');
INSERT INTO Write (AuthorID, PaperID) VALUES (16, 2663);
INSERT INTO Write (AuthorID, PaperID) VALUES (16, 2702);
INSERT INTO Write (AuthorID, PaperID) VALUES (16, 2955);
INSERT INTO Paper (PaperID, Title, Year, MDate, Key, DOI) VALUES (2971, 'Evaluating Categorisation in Real Life - An Argument Against Simple but Impractical Metrics.', 2016, '2017-11-06', 'conf/clef/KarlssonHK15', 'https://doi.org/10.1007/978-3-319-44564-9_19');
INSERT INTO Write (AuthorID, PaperID) VALUES (16, 2971);
INSERT INTO Paper (PaperID, Title, Year, MDate, Key, DOI) VALUES (3094, 'Dictionary-based Amharic - English Information Retrieval.', 2004, '2014-08-15', 'conf/clef/ArgawACK04', 'http://ceur-ws.org/Vol-1170/CLEF2004wn-adhoc-ArgawEt2004.pdf');
INSERT INTO Write (AuthorID, PaperID) VALUES (16, 3094);
INSERT INTO Paper (PaperID, Title, Year, MDate, Key, DOI) VALUES (3255, 'Semantic Space Models for Profiling Reputation of Corporate Entities.', 2013, '2014-09-10', 'conf/clef/KarlgrenE13', 'http://ceur-ws.org/Vol-1179/CLEF2013wn-RepLab-KarlgrenEt2013.pdf');
INSERT INTO Write (AuthorID, PaperID) VALUES (16, 3255);
INSERT INTO Paper (PaperID, Title, Year, MDate, Key, DOI) VALUES (3369, 'SICS at iCLEF 2002: Cross-Language Relevance Assessment and Task Context.', 2002, '2017-05-24', 'conf/clef/KarlgrenH02', 'https://doi.org/10.1007/978-3-540-45237-9_34');
INSERT INTO Write (AuthorID, PaperID) VALUES (16, 3369);
INSERT INTO Author (AuthorID, Name) VALUES (17, 'Ray R. Larson');
INSERT INTO Paper (PaperID, Title, Year, MDate, Key, DOI) VALUES (182, 'Decomposing Text Processing for Retrieval: Cheshire tries GRID@CLEF.', 2009, '2014-09-29', 'conf/clef/Larson09c', 'http://ceur-ws.org/Vol-1175/CLEF2009wn-GridCLEF-LarsonEt2009.pdf');
INSERT INTO Write (AuthorID, PaperID) VALUES (17, 182);
INSERT INTO Paper (PaperID, Title, Year, MDate, Key, DOI) VALUES (197, 'Text Retrieval and Blind Feedback for the ImageCLEF Photo Task.', 2006, '2014-08-15', 'conf/clef/Larson06b', 'http://ceur-ws.org/Vol-1172/CLEF2006wn-ImageCLEF-Larson2006.pdf');
INSERT INTO Write (AuthorID, PaperID) VALUES (17, 197);
INSERT INTO Paper (PaperID, Title, Year, MDate, Key, DOI) VALUES (201, 'Domain Specific Retrieval: Back to Basics.', 2006, '2015-05-22', 'conf/clef/Larson06c', 'http://ceur-ws.org/Vol-1172/CLEF2006wn-DomainSpecific-Larson2006.pdf');
INSERT INTO Write (AuthorID, PaperID) VALUES (17, 201);
INSERT INTO Write (AuthorID, PaperID) VALUES (17, 223);
INSERT INTO Write (AuthorID, PaperID) VALUES (17, 300);
INSERT INTO Paper (PaperID, Title, Year, MDate, Key, DOI) VALUES (535, 'Back to Basics - Again - for Domain Specific Retrieval.', 2008, '2014-09-29', 'conf/clef/Larson08d', 'http://ceur-ws.org/Vol-1174/CLEF2008wn-DomainSpecific-Larson2008.pdf');
INSERT INTO Write (AuthorID, PaperID) VALUES (17, 535);
INSERT INTO Paper (PaperID, Title, Year, MDate, Key, DOI) VALUES (678, 'Cheshire II at GeoCLEF: Fusion and Query Expansion for GIR.', 2005, '2014-08-15', 'conf/clef/Larson05', 'http://ceur-ws.org/Vol-1171/CLEF2005wn-GeoCLEF-Larson2005.pdf');
INSERT INTO Write (AuthorID, PaperID) VALUES (17, 678);
INSERT INTO Paper (PaperID, Title, Year, MDate, Key, DOI) VALUES (738, 'Cheshire at GeoCLEF 2007: Retesting Text Retrieval Baselines.', 2007, '2017-05-24', 'conf/clef/Larson07a', 'https://doi.org/10.1007/978-3-540-85760-0_102');
INSERT INTO Write (AuthorID, PaperID) VALUES (17, 738);
INSERT INTO Paper (PaperID, Title, Year, MDate, Key, DOI) VALUES (781, 'GeoCLEF Text Retrieval and Manual Expansion Approaches.', 2006, '2017-05-24', 'conf/clef/LarsonG06', 'https://doi.org/10.1007/978-3-540-74999-8_125');
INSERT INTO Write (AuthorID, PaperID) VALUES (17, 781);
INSERT INTO Paper (PaperID, Title, Year, MDate, Key, DOI) VALUES (872, 'Fusion of Probabilistic Algorithms for the CLEF Domain Specific Task.', 2005, '2014-08-15', 'conf/clef/Larson05a', 'http://ceur-ws.org/Vol-1171/CLEF2005wn-DomainSpecific-Larson2005.pdf');
INSERT INTO Write (AuthorID, PaperID) VALUES (17, 872);
INSERT INTO Paper (PaperID, Title, Year, MDate, Key, DOI) VALUES (1101, 'Multilingual Query Expansion for CLEF Adhoc-TEL.', 2009, '2017-05-24', 'conf/clef/Larson09', 'https://doi.org/10.1007/978-3-642-15754-7_9');
INSERT INTO Write (AuthorID, PaperID) VALUES (17, 1101);
INSERT INTO Paper (PaperID, Title, Year, MDate, Key, DOI) VALUES (1175, 'Berkeley at GeoCLEF: Logistic Regression and Fusion for Geographic Information Retrieval.', 2005, '2017-06-15', 'conf/clef/LarsonGP05', 'https://doi.org/10.1007/11878773_108');
INSERT INTO Write (AuthorID, PaperID) VALUES (17, 1175);
INSERT INTO Paper (PaperID, Title, Year, MDate, Key, DOI) VALUES (1318, 'Cheshire at GeoCLEF 2007: Retesting Text Retrieval Baselines.', 2007, '2014-09-23', 'conf/clef/Larson07b', 'http://ceur-ws.org/Vol-1173/CLEF2007wn-GeoCLEF-Larson2007.pdf');
INSERT INTO Write (AuthorID, PaperID) VALUES (17, 1318);
INSERT INTO Paper (PaperID, Title, Year, MDate, Key, DOI) VALUES (1392, 'GeoCLEF Text Retrieval and Manual Expansion Approaches.', 2006, '2014-08-15', 'conf/clef/LarsonG06a', 'http://ceur-ws.org/Vol-1172/CLEF2006wn-GeoCLEF-LarsonEt2006.pdf');
INSERT INTO Write (AuthorID, PaperID) VALUES (17, 1392);
INSERT INTO Paper (PaperID, Title, Year, MDate, Key, DOI) VALUES (1493, 'Interactive Probabilistic Search for GikiCLEF.', 2009, '2014-09-29', 'conf/clef/Larson09e', 'http://ceur-ws.org/Vol-1175/CLEF2009wn-QACLEF-LarsonEt2009.pdf');
INSERT INTO Write (AuthorID, PaperID) VALUES (17, 1493);
INSERT INTO Write (AuthorID, PaperID) VALUES (17, 1543);
INSERT INTO Write (AuthorID, PaperID) VALUES (17, 1650);
INSERT INTO Paper (PaperID, Title, Year, MDate, Key, DOI) VALUES (1867, 'Text Retrieval and Blind Feedback for the ImageCLEFphoto Task.', 2006, '2017-05-24', 'conf/clef/Larson06a', 'https://doi.org/10.1007/978-3-540-74999-8_73');
INSERT INTO Write (AuthorID, PaperID) VALUES (17, 1867);
INSERT INTO Write (AuthorID, PaperID) VALUES (17, 1934);
INSERT INTO Paper (PaperID, Title, Year, MDate, Key, DOI) VALUES (1967, 'Blind Relevance Feedback for the ImageCLEF Wikipedia Retrieval Task.', 2010, '2014-09-24', 'conf/clef/Larson10', 'http://www.clef-initiative.eu/documents/71612/86374/CLEF2010wn-ImageCLEF-Larson2010.pdf');
INSERT INTO Write (AuthorID, PaperID) VALUES (17, 1967);
INSERT INTO Paper (PaperID, Title, Year, MDate, Key, DOI) VALUES (2020, 'Logistic Regression for Metadata: Cheshire Takes on Adhoc-TEL.', 2008, '2017-05-24', 'conf/clef/Larson08', 'https://doi.org/10.1007/978-3-642-04447-2_3');
INSERT INTO Write (AuthorID, PaperID) VALUES (17, 2020);
INSERT INTO Paper (PaperID, Title, Year, MDate, Key, DOI) VALUES (2032, 'Experiments in Classification Clustering and Thesaurus Expansion for Domain Specific Cross-Language Retrieval.', 2007, '2017-05-24', 'conf/clef/Larson07', 'https://doi.org/10.1007/978-3-540-85760-0_25');
INSERT INTO Write (AuthorID, PaperID) VALUES (17, 2032);
INSERT INTO Paper (PaperID, Title, Year, MDate, Key, DOI) VALUES (2094, 'Decomposing Text Processing for Retrieval: Cheshire Tries GRID@CLEF.', 2009, '2017-05-24', 'conf/clef/Larson09b', 'https://doi.org/10.1007/978-3-642-15754-7_69');
INSERT INTO Write (AuthorID, PaperID) VALUES (17, 2094);
INSERT INTO Paper (PaperID, Title, Year, MDate, Key, DOI) VALUES (2152, 'Interactive Probabilistic Search for GikiCLEF.', 2009, '2017-05-24', 'conf/clef/Larson09a', 'https://doi.org/10.1007/978-3-642-15754-7_40');
INSERT INTO Write (AuthorID, PaperID) VALUES (17, 2152);
INSERT INTO Paper (PaperID, Title, Year, MDate, Key, DOI) VALUES (2167, 'Multilingual Query Expansion for CLEF Adhoc-TEL.', 2009, '2014-09-29', 'conf/clef/Larson09d', 'http://ceur-ws.org/Vol-1175/CLEF2009wn-adhoc-Larson2009.pdf');
INSERT INTO Write (AuthorID, PaperID) VALUES (17, 2167);
INSERT INTO Paper (PaperID, Title, Year, MDate, Key, DOI) VALUES (2382, 'Linked Relevance Feedback for the ImageCLEF Photo Task.', 2007, '2014-09-23', 'conf/clef/Larson07c', 'http://ceur-ws.org/Vol-1173/CLEF2007wn-ImageCLEF-Larson2007.pdf');
INSERT INTO Write (AuthorID, PaperID) VALUES (17, 2382);
INSERT INTO Paper (PaperID, Title, Year, MDate, Key, DOI) VALUES (2407, 'Domain-Specific CLIR of English, German and Russian Using Fusion and Subject Metadata for Query Expansion.', 2005, '2017-06-15', 'conf/clef/PetrasGL05', 'https://doi.org/10.1007/11878773_27');
INSERT INTO Write (AuthorID, PaperID) VALUES (17, 2407);
INSERT INTO Paper (PaperID, Title, Year, MDate, Key, DOI) VALUES (2416, 'Logistic Regression for Metadata: Cheshire takes on AdHoc-TEL.', 2008, '2014-09-29', 'conf/clef/Larson08e', 'http://ceur-ws.org/Vol-1174/CLEF2008wn-adhoc-Larson2008.pdf');
INSERT INTO Write (AuthorID, PaperID) VALUES (17, 2416);
INSERT INTO Paper (PaperID, Title, Year, MDate, Key, DOI) VALUES (2558, 'Cheshire at GeoCLEF 2008: Text and Fusion Approaches for GIR.', 2008, '2017-05-24', 'conf/clef/Larson08b', 'https://doi.org/10.1007/978-3-642-04447-2_108');
INSERT INTO Write (AuthorID, PaperID) VALUES (17, 2558);
INSERT INTO Write (AuthorID, PaperID) VALUES (17, 2691);
INSERT INTO Write (AuthorID, PaperID) VALUES (17, 2820);
INSERT INTO Paper (PaperID, Title, Year, MDate, Key, DOI) VALUES (3000, 'Cheshire at GeoCLEF 2008: Text and Fusion Approaches for GIR.', 2008, '2014-09-29', 'conf/clef/Larson08c', 'http://ceur-ws.org/Vol-1174/CLEF2008wn-GeoCLEF-Larson2008.pdf');
INSERT INTO Write (AuthorID, PaperID) VALUES (17, 3000);
INSERT INTO Paper (PaperID, Title, Year, MDate, Key, DOI) VALUES (3323, 'Back to Basics - Again - for Domain-Specific Retrieval.', 2008, '2017-05-24', 'conf/clef/Larson08a', 'https://doi.org/10.1007/978-3-642-04447-2_25');
INSERT INTO Write (AuthorID, PaperID) VALUES (17, 3323);
INSERT INTO Paper (PaperID, Title, Year, MDate, Key, DOI) VALUES (3345, 'Domain Specific Retrieval: Back to Basics.', 2006, '2017-05-24', 'conf/clef/Larson06', 'https://doi.org/10.1007/978-3-540-74999-8_25');
INSERT INTO Write (AuthorID, PaperID) VALUES (17, 3345);
INSERT INTO Paper (PaperID, Title, Year, MDate, Key, DOI) VALUES (3388, 'Pseudo-Relevance Feedback for CLEF-CHiC Adhoc.', 2013, '2014-09-10', 'conf/clef/Larson13', 'http://ceur-ws.org/Vol-1179/CLEF2013wn-CHiC-Larson2013.pdf');
INSERT INTO Write (AuthorID, PaperID) VALUES (17, 3388);
INSERT INTO Paper (PaperID, Title, Year, MDate, Key, DOI) VALUES (3445, 'Experiments in Classification Clustering and Thesaurus Expansion for Domain Specific Cross-Language Retrieval.', 2007, '2014-09-23', 'conf/clef/Larson07d', 'http://ceur-ws.org/Vol-1173/CLEF2007wn-DomainSpecific-Larson2007.pdf');
INSERT INTO Write (AuthorID, PaperID) VALUES (17, 3445);
INSERT INTO Write (AuthorID, PaperID) VALUES (17, 3521);
INSERT INTO Author (AuthorID, Name) VALUES (18, 'Carol Peters');
INSERT INTO Paper (PaperID, Title, Year, MDate, Key, DOI) VALUES (43, 'What Happened in CLEF2009: Introduction to the Working Notes.', 2009, '2014-09-29', 'conf/clef/Peters09b', 'http://ceur-ws.org/Vol-1175/CLEF2009wn-all-Peters2009.pdf');
INSERT INTO Write (AuthorID, PaperID) VALUES (18, 43);
INSERT INTO Write (AuthorID, PaperID) VALUES (18, 74);
INSERT INTO Paper (PaperID, Title, Year, MDate, Key, DOI) VALUES (166, 'Foreword.', 2001, '2014-08-15', 'conf/clef/Peters01a', 'http://ceur-ws.org/Vol-1167/CLEF2001wn-all-Peters2001.pdf');
INSERT INTO Write (AuthorID, PaperID) VALUES (18, 166);
INSERT INTO Write (AuthorID, PaperID) VALUES (18, 199);
INSERT INTO Paper (PaperID, Title, Year, MDate, Key, DOI) VALUES (271, 'What Happened in CLEF 2005.', 2005, '2014-08-15', 'conf/clef/Peters05b', 'http://ceur-ws.org/Vol-1171/CLEF2005wn-all-Peters2005.pdf');
INSERT INTO Write (AuthorID, PaperID) VALUES (18, 271);
INSERT INTO Paper (PaperID, Title, Year, MDate, Key, DOI) VALUES (438, 'CLEF 2002 Methodology and Metrics.', 2002, '2017-05-24', 'conf/clef/BraschlerP02', 'https://doi.org/10.1007/978-3-540-45237-9_44');
INSERT INTO Write (AuthorID, PaperID) VALUES (18, 438);
INSERT INTO Paper (PaperID, Title, Year, MDate, Key, DOI) VALUES (673, 'What Happened in CLEF 2004?', 2004, '2017-05-24', 'conf/clef/Peters05', 'https://doi.org/10.1007/11519645_1');
INSERT INTO Write (AuthorID, PaperID) VALUES (18, 673);
INSERT INTO Paper (PaperID, Title, Year, MDate, Key, DOI) VALUES (708, 'What Happened in CLEF 2008.', 2008, '2017-05-24', 'conf/clef/Peters08', 'https://doi.org/10.1007/978-3-642-04447-2_1');
INSERT INTO Write (AuthorID, PaperID) VALUES (18, 708);
INSERT INTO Paper (PaperID, Title, Year, MDate, Key, DOI) VALUES (735, 'Introduction.', 2001, '2017-05-24', 'conf/clef/Peters01', 'https://doi.org/10.1007/3-540-45691-0_1');
INSERT INTO Write (AuthorID, PaperID) VALUES (18, 735);
INSERT INTO Write (AuthorID, PaperID) VALUES (18, 770);
INSERT INTO Paper (PaperID, Title, Year, MDate, Key, DOI) VALUES (911, 'CLEF 2003 Methodology and Metrics.', 2003, '2017-05-24', 'conf/clef/BraschlerP03', 'https://doi.org/10.1007/978-3-540-30222-3_2');
INSERT INTO Write (AuthorID, PaperID) VALUES (18, 911);
INSERT INTO Write (AuthorID, PaperID) VALUES (18, 912);
INSERT INTO Paper (PaperID, Title, Year, MDate, Key, DOI) VALUES (1207, 'What happened in CLEF 2008: Introduction to the Working Notes.', 2008, '2014-09-29', 'conf/clef/Peters08a', 'http://ceur-ws.org/Vol-1174/CLEF2008wn-all-Peters2008.pdf');
INSERT INTO Write (AuthorID, PaperID) VALUES (18, 1207);
INSERT INTO Paper (PaperID, Title, Year, MDate, Key, DOI) VALUES (1340, 'What Happened in CLEF 2006.', 2006, '2017-05-24', 'conf/clef/Peters06', 'https://doi.org/10.1007/978-3-540-74999-8_1');
INSERT INTO Write (AuthorID, PaperID) VALUES (18, 1340);
INSERT INTO Paper (PaperID, Title, Year, MDate, Key, DOI) VALUES (1356, 'What Happened in CLEF 2009.', 2009, '2017-05-24', 'conf/clef/Peters09a', 'https://doi.org/10.1007/978-3-642-15751-6_1');
INSERT INTO Write (AuthorID, PaperID) VALUES (18, 1356);
INSERT INTO Write (AuthorID, PaperID) VALUES (18, 1391);
INSERT INTO Paper (PaperID, Title, Year, MDate, Key, DOI) VALUES (1648, 'What Happened in CLEF 2007.', 2007, '2017-05-24', 'conf/clef/Peters07', 'https://doi.org/10.1007/978-3-540-85760-0_1');
INSERT INTO Write (AuthorID, PaperID) VALUES (18, 1648);
INSERT INTO Paper (PaperID, Title, Year, MDate, Key, DOI) VALUES (1654, 'The Four Ladies of Experimental Evaluation.', 2010, '2017-05-24', 'conf/clef/HarmanKLP10', 'https://doi.org/10.1007/978-3-642-15998-5_15');
INSERT INTO Write (AuthorID, PaperID) VALUES (18, 1654);
INSERT INTO Paper (PaperID, Title, Year, MDate, Key, DOI) VALUES (1662, 'Introduction.', 2002, '2017-05-24', 'conf/clef/Peters02', 'https://doi.org/10.1007/978-3-540-45237-9_1');
INSERT INTO Write (AuthorID, PaperID) VALUES (18, 1662);
INSERT INTO Paper (PaperID, Title, Year, MDate, Key, DOI) VALUES (1928, 'What Happened in CLEF 2006: Introduction to the Working Notes.', 2006, '2014-08-15', 'conf/clef/Peters06a', 'http://ceur-ws.org/Vol-1172/CLEF2006wn-all-Peters2006.pdf');
INSERT INTO Write (AuthorID, PaperID) VALUES (18, 1928);
INSERT INTO Write (AuthorID, PaperID) VALUES (18, 2005);
INSERT INTO Paper (PaperID, Title, Year, MDate, Key, DOI) VALUES (2025, 'What happened in CLEF 2007: Introduction to the Working Notes.', 2007, '2014-09-23', 'conf/clef/Peters07a', 'http://ceur-ws.org/Vol-1173/CLEF2007wn-all-Peters2007.pdf');
INSERT INTO Write (AuthorID, PaperID) VALUES (18, 2025);
INSERT INTO Write (AuthorID, PaperID) VALUES (18, 2040);
INSERT INTO Paper (PaperID, Title, Year, MDate, Key, DOI) VALUES (2165, 'CLIR Evaluation at TREC.', 2000, '2017-12-30', 'conf/clef/HarmanBHKPSS00', 'https://doi.org/10.1007/3-540-44645-1_2');
INSERT INTO Write (AuthorID, PaperID) VALUES (18, 2165);
INSERT INTO Write (AuthorID, PaperID) VALUES (18, 2182);
INSERT INTO Paper (PaperID, Title, Year, MDate, Key, DOI) VALUES (2311, 'CLEF Methodology and Metrics.', 2001, '2017-05-24', 'conf/clef/BraschlerP01', 'https://doi.org/10.1007/3-540-45691-0_37');
INSERT INTO Write (AuthorID, PaperID) VALUES (18, 2311);
INSERT INTO Write (AuthorID, PaperID) VALUES (18, 2396);
INSERT INTO Paper (PaperID, Title, Year, MDate, Key, DOI) VALUES (2803, 'Introduction.', 2002, '2014-08-15', 'conf/clef/Peters02a', 'http://ceur-ws.org/Vol-1168/CLEF2002wn-all-Peters2002.pdf');
INSERT INTO Write (AuthorID, PaperID) VALUES (18, 2803);
INSERT INTO Paper (PaperID, Title, Year, MDate, Key, DOI) VALUES (3014, 'What Happened in CLEF 2005.', 2005, '2017-05-24', 'conf/clef/Peters05a', 'https://doi.org/10.1007/11878773_1');
INSERT INTO Write (AuthorID, PaperID) VALUES (18, 3014);
INSERT INTO Paper (PaperID, Title, Year, MDate, Key, DOI) VALUES (3028, 'Introduction.', 2000, '2017-05-24', 'conf/clef/Peters00', 'https://doi.org/10.1007/3-540-44645-1_1');
INSERT INTO Write (AuthorID, PaperID) VALUES (18, 3028);
INSERT INTO Write (AuthorID, PaperID) VALUES (18, 3041);
INSERT INTO Paper (PaperID, Title, Year, MDate, Key, DOI) VALUES (3165, 'What Happened in CLEF 2009.', 2009, '2017-05-24', 'conf/clef/Peters09', 'https://doi.org/10.1007/978-3-642-15754-7_1');
INSERT INTO Write (AuthorID, PaperID) VALUES (18, 3165);
INSERT INTO Paper (PaperID, Title, Year, MDate, Key, DOI) VALUES (3233, 'Introduction.', 2004, '2014-08-15', 'conf/clef/Peters04', 'http://ceur-ws.org/Vol-1170/CLEF2004wn-all-Peters2004.pdf');
INSERT INTO Write (AuthorID, PaperID) VALUES (18, 3233);
INSERT INTO Paper (PaperID, Title, Year, MDate, Key, DOI) VALUES (3246, 'Introduction.', 2003, '2014-08-15', 'conf/clef/Peters03', 'http://ceur-ws.org/Vol-1169/CLEF2003wn-all-Peters2003.pdf');
INSERT INTO Write (AuthorID, PaperID) VALUES (18, 3246);
INSERT INTO Write (AuthorID, PaperID) VALUES (18, 3383);
INSERT INTO Write (AuthorID, PaperID) VALUES (18, 3490);
INSERT INTO Author (AuthorID, Name) VALUES (19, 'Manuel Carlos D&iacute;az-Galiano');
INSERT INTO Write (AuthorID, PaperID) VALUES (19, 160);
INSERT INTO Write (AuthorID, PaperID) VALUES (19, 200);
INSERT INTO Write (AuthorID, PaperID) VALUES (19, 285);
INSERT INTO Write (AuthorID, PaperID) VALUES (19, 355);
INSERT INTO Write (AuthorID, PaperID) VALUES (19, 392);
INSERT INTO Write (AuthorID, PaperID) VALUES (19, 530);
INSERT INTO Write (AuthorID, PaperID) VALUES (19, 613);
INSERT INTO Write (AuthorID, PaperID) VALUES (19, 616);
INSERT INTO Write (AuthorID, PaperID) VALUES (19, 671);
INSERT INTO Write (AuthorID, PaperID) VALUES (19, 817);
INSERT INTO Write (AuthorID, PaperID) VALUES (19, 865);
INSERT INTO Write (AuthorID, PaperID) VALUES (19, 1167);
INSERT INTO Write (AuthorID, PaperID) VALUES (19, 1329);
INSERT INTO Write (AuthorID, PaperID) VALUES (19, 1443);
INSERT INTO Write (AuthorID, PaperID) VALUES (19, 1619);
INSERT INTO Paper (PaperID, Title, Year, MDate, Key, DOI) VALUES (1726, 'Complexity Measures and POS n-grams for Author Identification in Several Languages: SINAI at PAN@CLEF 2018.', 2018, '2018-08-08', 'conf/clef/Lopez-AnguitaMD18', 'http://ceur-ws.org/Vol-2125/paper_95.pdf');
INSERT INTO Write (AuthorID, PaperID) VALUES (19, 1726);
INSERT INTO Write (AuthorID, PaperID) VALUES (19, 1734);
INSERT INTO Write (AuthorID, PaperID) VALUES (19, 1911);
INSERT INTO Write (AuthorID, PaperID) VALUES (19, 2249);
INSERT INTO Write (AuthorID, PaperID) VALUES (19, 2288);
INSERT INTO Write (AuthorID, PaperID) VALUES (19, 2364);
INSERT INTO Write (AuthorID, PaperID) VALUES (19, 2370);
INSERT INTO Write (AuthorID, PaperID) VALUES (19, 2395);
INSERT INTO Write (AuthorID, PaperID) VALUES (19, 2445);
INSERT INTO Write (AuthorID, PaperID) VALUES (19, 2507);
INSERT INTO Write (AuthorID, PaperID) VALUES (19, 2577);
INSERT INTO Write (AuthorID, PaperID) VALUES (19, 2818);
INSERT INTO Write (AuthorID, PaperID) VALUES (19, 2857);
INSERT INTO Write (AuthorID, PaperID) VALUES (19, 2888);
INSERT INTO Write (AuthorID, PaperID) VALUES (19, 2956);
INSERT INTO Paper (PaperID, Title, Year, MDate, Key, DOI) VALUES (2995, 'SINAI at ImageCLEF 2010 Medical Task.', 2010, '2018-08-09', 'conf/clef/Diaz-GalianoMRC10', 'http://www.clef-initiative.eu/documents/71612/86374/CLEF2010wn-ImageCLEF-Diaz-GalianoEt2010.pdf');
INSERT INTO Write (AuthorID, PaperID) VALUES (19, 2995);
INSERT INTO Write (AuthorID, PaperID) VALUES (19, 3075);
INSERT INTO Write (AuthorID, PaperID) VALUES (19, 3206);
INSERT INTO Write (AuthorID, PaperID) VALUES (19, 3228);
INSERT INTO Write (AuthorID, PaperID) VALUES (19, 3273);
INSERT INTO Paper (PaperID, Title, Year, MDate, Key, DOI) VALUES (3380, 'SINAI at ImagePhoto 2009.', 2009, '2018-08-09', 'conf/clef/Garcia-CumbrerasDMM09', 'http://ceur-ws.org/Vol-1175/CLEF2009wn-ImageCLEF-GarciaCumbrerasEt2009.pdf');
INSERT INTO Write (AuthorID, PaperID) VALUES (19, 3380);
INSERT INTO Author (AuthorID, Name) VALUES (20, 'Jacques Savoy');
INSERT INTO Paper (PaperID, Title, Year, MDate, Key, DOI) VALUES (99, 'UniNE at CLEF 2015 Author Identification: Notebook for PAN at CLEF 2015.', 2015, '2015-09-03', 'conf/clef/KocherS15', 'http://ceur-ws.org/Vol-1391/28-CR.pdf');
INSERT INTO Write (AuthorID, PaperID) VALUES (20, 99);
INSERT INTO Paper (PaperID, Title, Year, MDate, Key, DOI) VALUES (369, 'UniNE at CLEF 2017: Author Profiling Reasoning.', 2017, '2017-08-15', 'conf/clef/KocherS17a', 'http://ceur-ws.org/Vol-1866/paper_56.pdf');
INSERT INTO Write (AuthorID, PaperID) VALUES (20, 369);
INSERT INTO Paper (PaperID, Title, Year, MDate, Key, DOI) VALUES (370, 'UniNE at CLEF - CHiC 2013.', 2013, '2014-09-10', 'conf/clef/AkaserehNS13', 'http://ceur-ws.org/Vol-1179/CLEF2013wn-CHiC-AkaserehEt2013.pdf');
INSERT INTO Write (AuthorID, PaperID) VALUES (20, 370);
INSERT INTO Paper (PaperID, Title, Year, MDate, Key, DOI) VALUES (431, 'Report on CLEF-2003 Monolingual Tracks: Fusion of Probabilistic Models for Effective Monolingual Retrieval.', 2003, '2014-08-15', 'conf/clef/Savoy03c', 'http://ceur-ws.org/Vol-1169/CLEF2003wn-adhoc-Savoy2003b.pdf');
INSERT INTO Write (AuthorID, PaperID) VALUES (20, 431);
INSERT INTO Write (AuthorID, PaperID) VALUES (20, 507);
INSERT INTO Paper (PaperID, Title, Year, MDate, Key, DOI) VALUES (583, 'Data Fusion for Effective European Monolingual Information Retrieval.', 2004, '2017-05-24', 'conf/clef/Savoy05', 'https://doi.org/10.1007/11519645_24');
INSERT INTO Write (AuthorID, PaperID) VALUES (20, 583);
INSERT INTO Paper (PaperID, Title, Year, MDate, Key, DOI) VALUES (813, 'UniNE at CLEF-IP 2009.', 2009, '2017-05-24', 'conf/clef/FautschS09', 'https://doi.org/10.1007/978-3-642-15754-7_57');
INSERT INTO Write (AuthorID, PaperID) VALUES (20, 813);
INSERT INTO Paper (PaperID, Title, Year, MDate, Key, DOI) VALUES (987, 'Selection and Merging Strategies for Multilingual Information Retrieval.', 2004, '2014-08-15', 'conf/clef/SavoyB04', 'http://ceur-ws.org/Vol-1170/CLEF2004wn-adhoc-SavoyEt2004.pdf');
INSERT INTO Write (AuthorID, PaperID) VALUES (20, 987);
INSERT INTO Paper (PaperID, Title, Year, MDate, Key, DOI) VALUES (1027, 'Monolingual, Bilingual, and GIRT Information Retrieval at CLEF-2005.', 2005, '2017-05-24', 'conf/clef/SavoyB05a', 'https://doi.org/10.1007/11878773_14');
INSERT INTO Write (AuthorID, PaperID) VALUES (20, 1027);
INSERT INTO Paper (PaperID, Title, Year, MDate, Key, DOI) VALUES (1366, 'Report on CLEF-2003 Monolingual Tracks: Fusion of Probabilistic Models for Effective Monolingual Retrieval.', 2003, '2017-05-24', 'conf/clef/Savoy03a', 'https://doi.org/10.1007/978-3-540-30222-3_31');
INSERT INTO Write (AuthorID, PaperID) VALUES (20, 1366);
INSERT INTO Paper (PaperID, Title, Year, MDate, Key, DOI) VALUES (1375, 'UniNE at CLEF 2016: Author Profiling.', 2016, '2016-08-11', 'conf/clef/KocherS16', 'http://ceur-ws.org/Vol-1609/16090903.pdf');
INSERT INTO Write (AuthorID, PaperID) VALUES (20, 1375);
INSERT INTO Paper (PaperID, Title, Year, MDate, Key, DOI) VALUES (1459, 'Report on CLEF-2003 Multilingual Tracks.', 2003, '2017-05-24', 'conf/clef/Savoy03', 'https://doi.org/10.1007/978-3-540-30222-3_6');
INSERT INTO Write (AuthorID, PaperID) VALUES (20, 1459);
INSERT INTO Paper (PaperID, Title, Year, MDate, Key, DOI) VALUES (1653, 'Stemming Approaches for East European Languages.', 2007, '2014-09-23', 'conf/clef/DolamicS07a', 'http://ceur-ws.org/Vol-1173/CLEF2007wn-adhoc-DolamicEt2007.pdf');
INSERT INTO Write (AuthorID, PaperID) VALUES (20, 1653);
INSERT INTO Paper (PaperID, Title, Year, MDate, Key, DOI) VALUES (1865, 'Report on CLEF-2001 Experiments.', 2001, '2014-08-15', 'conf/clef/Savoy01a', 'http://ceur-ws.org/Vol-1167/CLEF2001wn-adhoc-Savoy2001.pdf');
INSERT INTO Write (AuthorID, PaperID) VALUES (20, 1865);
INSERT INTO Paper (PaperID, Title, Year, MDate, Key, DOI) VALUES (1889, 'Author Clustering with an Adaptive Threshold.', 2017, '2017-09-21', 'conf/clef/KocherS17b', 'https://doi.org/10.1007/978-3-319-65813-1_19');
INSERT INTO Write (AuthorID, PaperID) VALUES (20, 1889);
INSERT INTO Paper (PaperID, Title, Year, MDate, Key, DOI) VALUES (1929, 'UniNE at Domain-Specific IR - CLEF 2008.', 2008, '2017-05-24', 'conf/clef/FautschDS08', 'https://doi.org/10.1007/978-3-642-04447-2_24');
INSERT INTO Write (AuthorID, PaperID) VALUES (20, 1929);
INSERT INTO Paper (PaperID, Title, Year, MDate, Key, DOI) VALUES (2003, 'Report on CLEF-2005 Evaluation Campaign: Monolingual, Bilingual and GIRT Information Retrieval.', 2005, '2014-08-15', 'conf/clef/SavoyB05b', 'http://ceur-ws.org/Vol-1171/CLEF2005wn-adhoc-SavoyEt2005.pdf');
INSERT INTO Write (AuthorID, PaperID) VALUES (20, 2003);
INSERT INTO Paper (PaperID, Title, Year, MDate, Key, DOI) VALUES (2035, 'Report on CLEF 2002 Experiments: Combining Multiple Sources of Evidence.', 2002, '2017-05-24', 'conf/clef/Savoy02', 'https://doi.org/10.1007/978-3-540-45237-9_6');
INSERT INTO Write (AuthorID, PaperID) VALUES (20, 2035);
INSERT INTO Paper (PaperID, Title, Year, MDate, Key, DOI) VALUES (2086, 'Experiments with Monolingual, Bilingual, and Robust Retrieval.', 2006, '2017-05-24', 'conf/clef/SavoyA06', 'https://doi.org/10.1007/978-3-540-74999-8_19');
INSERT INTO Write (AuthorID, PaperID) VALUES (20, 2086);
INSERT INTO Paper (PaperID, Title, Year, MDate, Key, DOI) VALUES (2098, 'Report on CLEF-2003 Multilingual Tracks.', 2003, '2014-08-15', 'conf/clef/Savoy03b', 'http://ceur-ws.org/Vol-1169/CLEF2003wn-adhoc-Savoy2003.pdf');
INSERT INTO Write (AuthorID, PaperID) VALUES (20, 2098);
INSERT INTO Paper (PaperID, Title, Year, MDate, Key, DOI) VALUES (2148, 'Report on CLEF-2002 Experiments: Combining Multiple Sources of Evidence.', 2002, '2014-08-15', 'conf/clef/Savoy02a', 'http://ceur-ws.org/Vol-1168/CLEF2002wn-adhoc-Savoy2002.pdf');
INSERT INTO Write (AuthorID, PaperID) VALUES (20, 2148);
INSERT INTO Paper (PaperID, Title, Year, MDate, Key, DOI) VALUES (2171, 'Selection and Merging Strategies for Multilingual Information Retrieval.', 2004, '2017-05-24', 'conf/clef/SavoyB05', 'https://doi.org/10.1007/11519645_3');
INSERT INTO Write (AuthorID, PaperID) VALUES (20, 2171);
INSERT INTO Paper (PaperID, Title, Year, MDate, Key, DOI) VALUES (2197, 'UniNE at CLEF 2008: TEL, and Persian IR.', 2008, '2017-05-24', 'conf/clef/DolamicFS08', 'https://doi.org/10.1007/978-3-642-04447-2_22');
INSERT INTO Write (AuthorID, PaperID) VALUES (20, 2197);
INSERT INTO Paper (PaperID, Title, Year, MDate, Key, DOI) VALUES (2248, 'UniNE at CLEF 2012.', 2012, '2014-09-24', 'conf/clef/AkaserehNS12', 'http://www.clef-initiative.eu/documents/71612/901619ab-eeeb-46ad-9188-933ed11a1641');
INSERT INTO Write (AuthorID, PaperID) VALUES (20, 2248);
INSERT INTO Paper (PaperID, Title, Year, MDate, Key, DOI) VALUES (2365, 'UniNE at CLEF 2009: Persian Ad Hoc Retrieval and IP.', 2009, '2014-09-29', 'conf/clef/DolamicFS09', 'http://ceur-ws.org/Vol-1175/CLEF2009wn-Miscellaneous-DolamicEt2009.pdf');
INSERT INTO Write (AuthorID, PaperID) VALUES (20, 2365);
INSERT INTO Paper (PaperID, Title, Year, MDate, Key, DOI) VALUES (2555, 'UniNE at CLEF 2008: TEL, Persian and Robust IR.', 2008, '2014-09-29', 'conf/clef/DolamicFS08a', 'http://ceur-ws.org/Vol-1174/CLEF2008wn-adhoc-DolamicEt2008.pdf');
INSERT INTO Write (AuthorID, PaperID) VALUES (20, 2555);
INSERT INTO Paper (PaperID, Title, Year, MDate, Key, DOI) VALUES (2557, 'UniNE at CLEF 2006: Experiments with Monolingual, Bilingual, Domain-Specific and Robust Retrieval.', 2006, '2014-08-15', 'conf/clef/SavoyA06a', 'http://ceur-ws.org/Vol-1172/CLEF2006wn-adhoc-SavoyEt2006.pdf');
INSERT INTO Write (AuthorID, PaperID) VALUES (20, 2557);
INSERT INTO Paper (PaperID, Title, Year, MDate, Key, DOI) VALUES (2710, 'Report on CLEF-2001 Experiments: Effective Combined Query-Translation Approach.', 2001, '2017-05-24', 'conf/clef/Savoy01', 'https://doi.org/10.1007/3-540-45691-0_3');
INSERT INTO Write (AuthorID, PaperID) VALUES (20, 2710);
INSERT INTO Paper (PaperID, Title, Year, MDate, Key, DOI) VALUES (2730, 'Ad Hoc Retrieval with the Persian Language.', 2009, '2017-05-24', 'conf/clef/DolamicS09', 'https://doi.org/10.1007/978-3-642-15754-7_12');
INSERT INTO Write (AuthorID, PaperID) VALUES (20, 2730);
INSERT INTO Paper (PaperID, Title, Year, MDate, Key, DOI) VALUES (2873, 'Stemming Approaches for East European Languages.', 2007, '2017-05-24', 'conf/clef/DolamicS07', 'https://doi.org/10.1007/978-3-540-85760-0_4');
INSERT INTO Write (AuthorID, PaperID) VALUES (20, 2873);
INSERT INTO Paper (PaperID, Title, Year, MDate, Key, DOI) VALUES (3024, 'Data Fusion for Effective European Monolingual Information Retrieval.', 2004, '2014-08-15', 'conf/clef/Savoy04', 'http://ceur-ws.org/Vol-1170/CLEF2004wn-adhoc-Savoy2004.pdf');
INSERT INTO Write (AuthorID, PaperID) VALUES (20, 3024);
INSERT INTO Paper (PaperID, Title, Year, MDate, Key, DOI) VALUES (3088, 'UniNE at Domain-Specific IR - CLEF 2008: Scientific Data Retrieval: Various Query Expansion Approaches.', 2008, '2014-09-29', 'conf/clef/FautschDS08a', 'http://ceur-ws.org/Vol-1174/CLEF2008wn-DomainSpecific-FautschEt2008.pdf');
INSERT INTO Write (AuthorID, PaperID) VALUES (20, 3088);
INSERT INTO Paper (PaperID, Title, Year, MDate, Key, DOI) VALUES (3163, 'UniNE at CLEF 2017: Author Clustering.', 2017, '2017-08-15', 'conf/clef/KocherS17', 'http://ceur-ws.org/Vol-1866/paper_55.pdf');
INSERT INTO Write (AuthorID, PaperID) VALUES (20, 3163);
INSERT INTO Paper (PaperID, Title, Year, MDate, Key, DOI) VALUES (3238, 'UniNE at CLEF 2018: Author Masking: Notebook for PAN at CLEF 2018.', 2018, '2018-08-08', 'conf/clef/KocherS18', 'http://ceur-ws.org/Vol-2125/paper_87.pdf');
INSERT INTO Write (AuthorID, PaperID) VALUES (20, 3238);
INSERT INTO Paper (PaperID, Title, Year, MDate, Key, DOI) VALUES (3522, 'Domain-Specific IR for German, English and Russian Languages.', 2007, '2017-05-24', 'conf/clef/FautschDAS07', 'https://doi.org/10.1007/978-3-540-85760-0_26');
INSERT INTO Write (AuthorID, PaperID) VALUES (20, 3522);
INSERT INTO Paper (PaperID, Title, Year, MDate, Key, DOI) VALUES (3525, 'Domain-Specific IR for German, English and Russian Languages.', 2007, '2014-09-23', 'conf/clef/FautschDAS07a', 'http://ceur-ws.org/Vol-1173/CLEF2007wn-DomainSpecific-FautschEt2007.pdf');
INSERT INTO Write (AuthorID, PaperID) VALUES (20, 3525);
INSERT INTO Author (AuthorID, Name) VALUES (21, 'Jos&eacute; Carlos Gonz&aacute;lez Crist&oacute;bal');
INSERT INTO Write (AuthorID, PaperID) VALUES (21, 4);
INSERT INTO Paper (PaperID, Title, Year, MDate, Key, DOI) VALUES (30, 'Report of MIRACLE Team for Geographical IR in CLEF 2006.', 2006, '2014-08-15', 'conf/clef/Lana-SerranoGC06', 'http://ceur-ws.org/Vol-1172/CLEF2006wn-GeoCLEF-LanaSerranoEt2006.pdf');
INSERT INTO Write (AuthorID, PaperID) VALUES (21, 30);
INSERT INTO Write (AuthorID, PaperID) VALUES (21, 42);
INSERT INTO Write (AuthorID, PaperID) VALUES (21, 56);
INSERT INTO Write (AuthorID, PaperID) VALUES (21, 68);
INSERT INTO Write (AuthorID, PaperID) VALUES (21, 135);
INSERT INTO Write (AuthorID, PaperID) VALUES (21, 317);
INSERT INTO Write (AuthorID, PaperID) VALUES (21, 410);
INSERT INTO Write (AuthorID, PaperID) VALUES (21, 433);
INSERT INTO Write (AuthorID, PaperID) VALUES (21, 483);
INSERT INTO Write (AuthorID, PaperID) VALUES (21, 574);
INSERT INTO Write (AuthorID, PaperID) VALUES (21, 585);
INSERT INTO Write (AuthorID, PaperID) VALUES (21, 721);
INSERT INTO Write (AuthorID, PaperID) VALUES (21, 868);
INSERT INTO Write (AuthorID, PaperID) VALUES (21, 1119);
INSERT INTO Paper (PaperID, Title, Year, MDate, Key, DOI) VALUES (1313, 'MIRACLE at GeoCLEF 2005: First Experiments in Geographical IR.', 2005, '2017-05-24', 'conf/clef/Lana-SerranoGC05', 'https://doi.org/10.1007/11878773_102');
INSERT INTO Write (AuthorID, PaperID) VALUES (21, 1313);
INSERT INTO Write (AuthorID, PaperID) VALUES (21, 1469);
INSERT INTO Write (AuthorID, PaperID) VALUES (21, 1485);
INSERT INTO Write (AuthorID, PaperID) VALUES (21, 1492);
INSERT INTO Write (AuthorID, PaperID) VALUES (21, 1509);
INSERT INTO Write (AuthorID, PaperID) VALUES (21, 1516);
INSERT INTO Write (AuthorID, PaperID) VALUES (21, 1930);
INSERT INTO Write (AuthorID, PaperID) VALUES (21, 1948);
INSERT INTO Write (AuthorID, PaperID) VALUES (21, 2051);
INSERT INTO Write (AuthorID, PaperID) VALUES (21, 2129);
INSERT INTO Write (AuthorID, PaperID) VALUES (21, 2130);
INSERT INTO Paper (PaperID, Title, Year, MDate, Key, DOI) VALUES (2260, 'MIRACLE''s Ad-Hoc and Geographical IR Approaches for CLEF 2006.', 2006, '2017-05-24', 'conf/clef/Goni-MenoyoGLM06', 'https://doi.org/10.1007/978-3-540-74999-8_110');
INSERT INTO Write (AuthorID, PaperID) VALUES (21, 2260);
INSERT INTO Write (AuthorID, PaperID) VALUES (21, 2300);
INSERT INTO Write (AuthorID, PaperID) VALUES (21, 2588);
INSERT INTO Write (AuthorID, PaperID) VALUES (21, 2610);
INSERT INTO Paper (PaperID, Title, Year, MDate, Key, DOI) VALUES (2753, 'MIRACLE''s 2005 Approach to Geographical Information Retrieval.', 2005, '2014-08-15', 'conf/clef/Lana-SerranoGC05a', 'http://ceur-ws.org/Vol-1171/CLEF2005wn-GeoCLEF-LanaSerranoEt2005.pdf');
INSERT INTO Write (AuthorID, PaperID) VALUES (21, 2753);
INSERT INTO Write (AuthorID, PaperID) VALUES (21, 2811);
INSERT INTO Write (AuthorID, PaperID) VALUES (21, 3091);
INSERT INTO Write (AuthorID, PaperID) VALUES (21, 3342);
INSERT INTO Write (AuthorID, PaperID) VALUES (21, 3495);
INSERT INTO Author (AuthorID, Name) VALUES (22, 'Maximilian Eibl');
INSERT INTO Paper (PaperID, Title, Year, MDate, Key, DOI) VALUES (79, 'The Importance of being Grid: Chemnitz University of Technology at Grid@CLEF.', 2009, '2014-09-29', 'conf/clef/EiblK09', 'http://ceur-ws.org/Vol-1175/CLEF2009wn-GridCLEF-EiblEt2009.pdf');
INSERT INTO Write (AuthorID, PaperID) VALUES (22, 79);
INSERT INTO Paper (PaperID, Title, Year, MDate, Key, DOI) VALUES (90, 'Large-Scale Bird Sound Classification using Convolutional Neural Networks.', 2017, '2017-08-15', 'conf/clef/KahlWHKKRE17', 'http://ceur-ws.org/Vol-1866/paper_143.pdf');
INSERT INTO Write (AuthorID, PaperID) VALUES (22, 90);
INSERT INTO Paper (PaperID, Title, Year, MDate, Key, DOI) VALUES (204, 'CLEF 2008 Ad-Hoc Track: Comparing and Combining Different IR Approaches.', 2008, '2017-05-24', 'conf/clef/KurstenWE08', 'https://doi.org/10.1007/978-3-642-04447-2_8');
INSERT INTO Write (AuthorID, PaperID) VALUES (22, 204);
INSERT INTO Paper (PaperID, Title, Year, MDate, Key, DOI) VALUES (536, 'The Xtrieval Framework at CLEF 2008: Domain-Specific Track.', 2008, '2014-09-29', 'conf/clef/KurstenWE08b', 'http://ceur-ws.org/Vol-1174/CLEF2008wn-DomainSpecific-KurstenEt2008.pdf');
INSERT INTO Write (AuthorID, PaperID) VALUES (22, 536);
INSERT INTO Paper (PaperID, Title, Year, MDate, Key, DOI) VALUES (665, 'Wrappers for Feature Subset Selection in CRF-based Clinical Information Extraction.', 2016, '2016-08-11', 'conf/clef/EbersbachHLE16', 'http://ceur-ws.org/Vol-1609/16090069.pdf');
INSERT INTO Write (AuthorID, PaperID) VALUES (22, 665);
INSERT INTO Paper (PaperID, Title, Year, MDate, Key, DOI) VALUES (806, 'The Xtrieval Framework at CLEF 2008: ImageCLEF Wikipedia MM task.', 2008, '2014-09-29', 'conf/clef/WilhelmKE08a', 'http://ceur-ws.org/Vol-1174/CLEF2008wn-ImageCLEF-WilhelmEt2008b.pdf');
INSERT INTO Write (AuthorID, PaperID) VALUES (22, 806);
INSERT INTO Paper (PaperID, Title, Year, MDate, Key, DOI) VALUES (955, 'Video Classification as IR Task: Experiments and Observations.', 2009, '2017-05-24', 'conf/clef/KurstenE09a', 'https://doi.org/10.1007/978-3-642-15751-6_49');
INSERT INTO Write (AuthorID, PaperID) VALUES (22, 955);
INSERT INTO Paper (PaperID, Title, Year, MDate, Key, DOI) VALUES (974, 'ImageCLEF 2006 Experiments at the Chemnitz Technical University.', 2006, '2017-05-24', 'conf/clef/WilhelmE06', 'https://doi.org/10.1007/978-3-540-74999-8_93');
INSERT INTO Write (AuthorID, PaperID) VALUES (22, 974);
INSERT INTO Paper (PaperID, Title, Year, MDate, Key, DOI) VALUES (1143, 'The XTRIEVAL Framework at CLEF 2007: Domain-Specific Track.', 2007, '2017-05-24', 'conf/clef/KurstenWE07', 'https://doi.org/10.1007/978-3-540-85760-0_23');
INSERT INTO Write (AuthorID, PaperID) VALUES (22, 1143);
INSERT INTO Paper (PaperID, Title, Year, MDate, Key, DOI) VALUES (1626, 'Chemnitz at the CHiC Evaluation Lab 2012: Creating an Xtrieval Module for Semantic Enrichment.', 2012, '2014-09-24', 'conf/clef/KurstenWRE12', 'http://www.clef-initiative.eu/documents/71612/fd9ccc73-42d7-48b2-9008-a4cfee57189f');
INSERT INTO Write (AuthorID, PaperID) VALUES (22, 1626);
INSERT INTO Paper (PaperID, Title, Year, MDate, Key, DOI) VALUES (1689, 'CLEF 2008 Ad-Hoc Track: On-line Processing Experiments with Xtrieval.', 2008, '2014-09-29', 'conf/clef/KurstenWE08c', 'http://ceur-ws.org/Vol-1174/CLEF2008wn-adhoc-KurstenEt2008.pdf');
INSERT INTO Write (AuthorID, PaperID) VALUES (22, 1689);
INSERT INTO Paper (PaperID, Title, Year, MDate, Key, DOI) VALUES (1776, 'A Baseline for Large-Scale Bird Species Identification in Field Recordings.', 2018, '2018-08-08', 'conf/clef/KahlWKKE18', 'http://ceur-ws.org/Vol-2125/paper_85.pdf');
INSERT INTO Write (AuthorID, PaperID) VALUES (22, 1776);
