INSERT INTO Paper (PaperID, Title, Year, MDate, Key, DOI) VALUES (2195, 'Multi-disciplinary Modality Classification for Medical Images.', 2011, '2014-09-24', 'conf/clef/GalSGN11', 'http://www.clef-initiative.eu/documents/71612/86377/CLEF2011wn-ImageCLEF-GalEt2011.pdf');
INSERT INTO Write (AuthorID, PaperID) VALUES (2202, 2195);
INSERT INTO Author (AuthorID, Name) VALUES (2203, 'Newton Spola&ocirc;r');
INSERT INTO Write (AuthorID, PaperID) VALUES (2203, 612);
INSERT INTO Author (AuthorID, Name) VALUES (2204, 'Abhimanshu Mishra');
INSERT INTO Write (AuthorID, PaperID) VALUES (2204, 1722);
INSERT INTO Author (AuthorID, Name) VALUES (2205, 'Paul David Beck');
INSERT INTO Write (AuthorID, PaperID) VALUES (2205, 1369);
INSERT INTO Author (AuthorID, Name) VALUES (2206, 'Johannes Bernhardt-Melischnig');
INSERT INTO Write (AuthorID, PaperID) VALUES (2206, 2735);
INSERT INTO Author (AuthorID, Name) VALUES (2207, 'Yi Ren Leng');
INSERT INTO Write (AuthorID, PaperID) VALUES (2207, 3348);
INSERT INTO Author (AuthorID, Name) VALUES (2208, 'Thierry Arti&egrave;res');
INSERT INTO Paper (PaperID, Title, Year, MDate, Key, DOI) VALUES (3022, 'Feature Bagging for Author Attribution.', 2012, '2014-09-24', 'conf/clef/GiraudA12', 'http://www.clef-initiative.eu/documents/71612/d63f32f1-83f3-4969-b6e0-eb8d81e6483d');
INSERT INTO Write (AuthorID, PaperID) VALUES (2208, 3022);
INSERT INTO Author (AuthorID, Name) VALUES (2209, 'Hideki Nakayama');
INSERT INTO Paper (PaperID, Title, Year, MDate, Key, DOI) VALUES (2436, 'NLab-UTokyo at ImageCLEF 2013 Plant Identification Task.', 2013, '2014-09-10', 'conf/clef/Nakayama13', 'http://ceur-ws.org/Vol-1179/CLEF2013wn-ImageCLEF-Nakayama2013.pdf');
INSERT INTO Write (AuthorID, PaperID) VALUES (2209, 2436);
INSERT INTO Author (AuthorID, Name) VALUES (2210, 'Michael Hart');
INSERT INTO Paper (PaperID, Title, Year, MDate, Key, DOI) VALUES (1897, 'Wiki Vandalysis - Wikipedia Vandalism Analysis - Lab Report for PAN at CLEF 2010.', 2010, '2014-09-24', 'conf/clef/HarpalaniPBHJ10', 'http://www.clef-initiative.eu/documents/71612/86374/CLEF2010wn-PAN-HarpalaniEt2010.pdf');
INSERT INTO Write (AuthorID, PaperID) VALUES (2210, 1897);
INSERT INTO Author (AuthorID, Name) VALUES (2211, 'Mar&ccedil;al Rusi&ntilde;ol');
INSERT INTO Write (AuthorID, PaperID) VALUES (2211, 1589);
INSERT INTO Author (AuthorID, Name) VALUES (2212, 'Petra Galusc&aacute;kov&aacute;');
INSERT INTO Write (AuthorID, PaperID) VALUES (2212, 1907);
INSERT INTO Author (AuthorID, Name) VALUES (2213, 'Leszek Kaliciak');
INSERT INTO Write (AuthorID, PaperID) VALUES (2213, 3307);
INSERT INTO Author (AuthorID, Name) VALUES (2214, 'Ronghui You');
INSERT INTO Write (AuthorID, PaperID) VALUES (2214, 81);
INSERT INTO Author (AuthorID, Name) VALUES (2215, 'C&eacute;dric Lespagnol');
INSERT INTO Write (AuthorID, PaperID) VALUES (2215, 1460);
INSERT INTO Author (AuthorID, Name) VALUES (2216, 'Kesha Shah');
INSERT INTO Write (AuthorID, PaperID) VALUES (2216, 1794);
INSERT INTO Author (AuthorID, Name) VALUES (2217, 'Irene Llopis');
INSERT INTO Paper (PaperID, Title, Year, MDate, Key, DOI) VALUES (3515, 'Tuberculosis Detection using Optical Flow and the Activity Description Vector.', 2018, '2018-08-09', 'conf/clef/PascualLRGL18', 'http://ceur-ws.org/Vol-2125/paper_128.pdf');
INSERT INTO Write (AuthorID, PaperID) VALUES (2217, 3515);
INSERT INTO Author (AuthorID, Name) VALUES (2218, 'Matthieu Cord');
INSERT INTO Paper (PaperID, Title, Year, MDate, Key, DOI) VALUES (3393, 'BossaNova at ImageCLEF 2012 Flickr Photo Annotation Task.', 2012, '2014-09-24', 'conf/clef/AvilaTCVA12', 'http://www.clef-initiative.eu/documents/71612/6affc8f5-8b43-4659-9327-511a39cc847c');
INSERT INTO Write (AuthorID, PaperID) VALUES (2218, 3393);
INSERT INTO Author (AuthorID, Name) VALUES (2219, 'Hayda Almeida');
INSERT INTO Write (AuthorID, PaperID) VALUES (2219, 3105);
INSERT INTO Author (AuthorID, Name) VALUES (2220, 'Jiawei Han 0001');
INSERT INTO Paper (PaperID, Title, Year, MDate, Key, DOI) VALUES (2900, 'Analysis and Refinement of Cross-Lingual Entity Linking.', 2012, '2017-06-05', 'conf/clef/CassidyJDZH12', 'https://doi.org/10.1007/978-3-642-33247-0_1');
INSERT INTO Write (AuthorID, PaperID) VALUES (2220, 2900);
INSERT INTO Author (AuthorID, Name) VALUES (2221, 'Stefan Trausan-Matu');
INSERT INTO Write (AuthorID, PaperID) VALUES (2221, 804);
INSERT INTO Author (AuthorID, Name) VALUES (2222, 'Liviu P. Dinu');
INSERT INTO Paper (PaperID, Title, Year, MDate, Key, DOI) VALUES (1765, 'Including Dialects and Language Varieties in Author Profiling.', 2017, '2017-08-15', 'conf/clef/CiobanuZMD17', 'http://ceur-ws.org/Vol-1866/paper_83.pdf');
INSERT INTO Write (AuthorID, PaperID) VALUES (2222, 1765);
INSERT INTO Author (AuthorID, Name) VALUES (2223, 'Tetsuaki Mano');
INSERT INTO Write (AuthorID, PaperID) VALUES (2223, 1306);
INSERT INTO Author (AuthorID, Name) VALUES (2224, 'Mihir Atmakuri');
INSERT INTO Write (AuthorID, PaperID) VALUES (2224, 1373);
INSERT INTO Author (AuthorID, Name) VALUES (2225, 'Graciela Ramirez Alonso');
INSERT INTO Write (AuthorID, PaperID) VALUES (2225, 2307);
INSERT INTO Author (AuthorID, Name) VALUES (2226, 'Chaoyuan Zuo');
INSERT INTO Paper (PaperID, Title, Year, MDate, Key, DOI) VALUES (1170, 'A Hybrid Recognition System for Check-worthy Claims Using Heuristics and Supervised Learning.', 2018, '2018-08-08', 'conf/clef/ZuoKB18', 'http://ceur-ws.org/Vol-2125/paper_143.pdf');
INSERT INTO Write (AuthorID, PaperID) VALUES (2226, 1170);
INSERT INTO Author (AuthorID, Name) VALUES (2227, 'Yaoyun Zhang');
INSERT INTO Write (AuthorID, PaperID) VALUES (2227, 2185);
INSERT INTO Author (AuthorID, Name) VALUES (2228, 'Meena Ghanekar');
INSERT INTO Paper (PaperID, Title, Year, MDate, Key, DOI) VALUES (2729, 'CLEF 2001 Experiments using KCSL Retrieval System.', 2001, '2014-08-15', 'conf/clef/KaufmanG01', 'http://ceur-ws.org/Vol-1167/CLEF2001wn-adhoc-KaufmanEt2001.pdf');
INSERT INTO Write (AuthorID, PaperID) VALUES (2228, 2729);
INSERT INTO Author (AuthorID, Name) VALUES (2229, 'Ben Upcroft');
INSERT INTO Write (AuthorID, PaperID) VALUES (2229, 1059);
INSERT INTO Author (AuthorID, Name) VALUES (2230, 'Luca Soldaini');
INSERT INTO Paper (PaperID, Title, Year, MDate, Key, DOI) VALUES (3425, 'Team GU-IRLAB at CLEF eHealth 2016: Task 3.', 2016, '2016-08-11', 'conf/clef/SoldainiEG16', 'http://ceur-ws.org/Vol-1609/16090143.pdf');
INSERT INTO Write (AuthorID, PaperID) VALUES (2230, 3425);
INSERT INTO Author (AuthorID, Name) VALUES (2231, 'Javier Lorenzo-Navarro');
INSERT INTO Paper (PaperID, Title, Year, MDate, Key, DOI) VALUES (1642, 'Exploring the Use of Local Descriptors for Fish Recognition in LifeCLEF 2015.', 2015, '2015-09-03', 'conf/clef/Cabrera-GamezSD15', 'http://ceur-ws.org/Vol-1391/49-CR.pdf');
INSERT INTO Write (AuthorID, PaperID) VALUES (2231, 1642);
INSERT INTO Author (AuthorID, Name) VALUES (2232, 'Hyung-Kook Seo');
INSERT INTO Write (AuthorID, PaperID) VALUES (2232, 989);
INSERT INTO Author (AuthorID, Name) VALUES (2233, 'Songde Ma');
INSERT INTO Write (AuthorID, PaperID) VALUES (2233, 2739);
INSERT INTO Author (AuthorID, Name) VALUES (2234, 'Jaume Nualart');
INSERT INTO Write (AuthorID, PaperID) VALUES (2234, 7);
INSERT INTO Author (AuthorID, Name) VALUES (2235, 'Yuka Egusa');
INSERT INTO Write (AuthorID, PaperID) VALUES (2235, 1242);
INSERT INTO Author (AuthorID, Name) VALUES (2236, 'Ra&uacute;l Cabido');
INSERT INTO Write (AuthorID, PaperID) VALUES (2236, 2744);
INSERT INTO Author (AuthorID, Name) VALUES (2237, 'Yannic Kilcher');
INSERT INTO Paper (PaperID, Title, Year, MDate, Key, DOI) VALUES (2203, 'Audio Based Bird Species Identification using Deep Learning Techniques.', 2016, '2016-08-11', 'conf/clef/SprengelJKH16', 'http://ceur-ws.org/Vol-1609/16090547.pdf');
INSERT INTO Write (AuthorID, PaperID) VALUES (2237, 2203);
INSERT INTO Author (AuthorID, Name) VALUES (2238, 'Homa Baradaran Hashemi');
INSERT INTO Write (AuthorID, PaperID) VALUES (2238, 2912);
INSERT INTO Author (AuthorID, Name) VALUES (2239, 'William Briggs');
INSERT INTO Write (AuthorID, PaperID) VALUES (2239, 1331);
INSERT INTO Author (AuthorID, Name) VALUES (2240, 'Alessandro Suglia');
INSERT INTO Write (AuthorID, PaperID) VALUES (2240, 3499);
INSERT INTO Author (AuthorID, Name) VALUES (2241, 'Saloua Ouertani-Litayem');
INSERT INTO Write (AuthorID, PaperID) VALUES (2241, 2830);
INSERT INTO Author (AuthorID, Name) VALUES (2242, 'Anastasia Giahanou');
INSERT INTO Write (AuthorID, PaperID) VALUES (2242, 1577);
INSERT INTO Author (AuthorID, Name) VALUES (2243, 'Colin Morris');
INSERT INTO Write (AuthorID, PaperID) VALUES (2243, 1709);
INSERT INTO Author (AuthorID, Name) VALUES (2244, 'Catherine Roussey');
INSERT INTO Write (AuthorID, PaperID) VALUES (2244, 3343);
INSERT INTO Author (AuthorID, Name) VALUES (2245, 'Z. Zhao');
INSERT INTO Write (AuthorID, PaperID) VALUES (2245, 2263);
INSERT INTO Author (AuthorID, Name) VALUES (2246, 'Ganesh Iyer');
INSERT INTO Write (AuthorID, PaperID) VALUES (2246, 1794);
INSERT INTO Author (AuthorID, Name) VALUES (2247, 'Yan Li');
INSERT INTO Write (AuthorID, PaperID) VALUES (2247, 1565);
INSERT INTO Author (AuthorID, Name) VALUES (2248, 'Ion-Catalin Condrea');
INSERT INTO Write (AuthorID, PaperID) VALUES (2248, 3389);
INSERT INTO Author (AuthorID, Name) VALUES (2249, 'Cheng Cai');
INSERT INTO Write (AuthorID, PaperID) VALUES (2249, 3394);
INSERT INTO Author (AuthorID, Name) VALUES (2250, 'Lled&oacute; Museros Cabedo');
INSERT INTO Write (AuthorID, PaperID) VALUES (2250, 102);
INSERT INTO Author (AuthorID, Name) VALUES (2251, 'Lei Shi');
INSERT INTO Paper (PaperID, Title, Year, MDate, Key, DOI) VALUES (620, 'Web Person Name Disambiguation by Relevance Weighting of Extended Feature Sets.', 2010, '2014-09-24', 'conf/clef/LongS10', 'http://www.clef-initiative.eu/documents/71612/86374/CLEF2010wn-WePS-LongEt2010.pdf');
INSERT INTO Write (AuthorID, PaperID) VALUES (2251, 620);
INSERT INTO Author (AuthorID, Name) VALUES (2252, '&Ograve;scar Garibo i Orts');
INSERT INTO Paper (PaperID, Title, Year, MDate, Key, DOI) VALUES (2929, 'A Big Data approach to gender classification in Twitter: Notebook for PAN at CLEF 2018.', 2018, '2018-08-08', 'conf/clef/Orts18', 'http://ceur-ws.org/Vol-2125/paper_204.pdf');
INSERT INTO Write (AuthorID, PaperID) VALUES (2252, 2929);
INSERT INTO Author (AuthorID, Name) VALUES (2253, 'Ayla Karakas');
INSERT INTO Write (AuthorID, PaperID) VALUES (2253, 1170);
INSERT INTO Author (AuthorID, Name) VALUES (2254, 'Shervin Malmasi');
INSERT INTO Write (AuthorID, PaperID) VALUES (2254, 1765);
INSERT INTO Author (AuthorID, Name) VALUES (2255, 'Quoc-An Luong');
INSERT INTO Write (AuthorID, PaperID) VALUES (2255, 1058);
INSERT INTO Author (AuthorID, Name) VALUES (2256, 'Alexander Beloborodov');
INSERT INTO Write (AuthorID, PaperID) VALUES (2256, 3280);
INSERT INTO Author (AuthorID, Name) VALUES (2257, 'Zhikai Xie');
INSERT INTO Write (AuthorID, PaperID) VALUES (2257, 81);
INSERT INTO Author (AuthorID, Name) VALUES (2258, 'Ondrej Vesel&yacute;');
INSERT INTO Paper (PaperID, Title, Year, MDate, Key, DOI) VALUES (3392, 'Source Retrieval via Na800Aiuml;ve Approach and Passage Selection Heuristics Notebook for PAN at CLEF2013.', 2013, '2014-09-10', 'conf/clef/VeselyFR13', 'http://ceur-ws.org/Vol-1179/CLEF2013wn-PAN-VeselyEt2013.pdf');
INSERT INTO Write (AuthorID, PaperID) VALUES (2258, 3392);
INSERT INTO Author (AuthorID, Name) VALUES (2259, 'Martin S. Kohn');
INSERT INTO Write (AuthorID, PaperID) VALUES (2259, 1132);
INSERT INTO Author (AuthorID, Name) VALUES (2260, 'Andy Garron');
INSERT INTO Write (AuthorID, PaperID) VALUES (2260, 3316);
INSERT INTO Author (AuthorID, Name) VALUES (2261, 'Asma Ouertatani');
INSERT INTO Write (AuthorID, PaperID) VALUES (2261, 1843);
INSERT INTO Author (AuthorID, Name) VALUES (2262, 'Yunze Gao');
INSERT INTO Write (AuthorID, PaperID) VALUES (2262, 3305);
INSERT INTO Author (AuthorID, Name) VALUES (2263, 'Nitesh Bagmar');
INSERT INTO Write (AuthorID, PaperID) VALUES (2263, 649);
INSERT INTO Author (AuthorID, Name) VALUES (2264, 'Paolo Remagnino');
INSERT INTO Write (AuthorID, PaperID) VALUES (2264, 655);
INSERT INTO Author (AuthorID, Name) VALUES (2265, 'Carolina F&oacute;cil Arias');
INSERT INTO Write (AuthorID, PaperID) VALUES (2265, 3217);
INSERT INTO Author (AuthorID, Name) VALUES (2266, 'Jean-Marc Deltorn');
INSERT INTO Write (AuthorID, PaperID) VALUES (2266, 2950);
INSERT INTO Author (AuthorID, Name) VALUES (2267, 'Javier Arias Buend&iacute;a');
INSERT INTO Write (AuthorID, PaperID) VALUES (2267, 1329);
INSERT INTO Author (AuthorID, Name) VALUES (2268, 'Christiane Glimm');
INSERT INTO Write (AuthorID, PaperID) VALUES (2268, 1990);
INSERT INTO Author (AuthorID, Name) VALUES (2269, 'Namik Taright');
INSERT INTO Write (AuthorID, PaperID) VALUES (2269, 936);
INSERT INTO Author (AuthorID, Name) VALUES (2270, 'Keyvan Minoukadeh');
INSERT INTO Write (AuthorID, PaperID) VALUES (2270, 2424);
INSERT INTO Author (AuthorID, Name) VALUES (2271, 'Empar Bisbal');
INSERT INTO Write (AuthorID, PaperID) VALUES (2271, 2225);
INSERT INTO Author (AuthorID, Name) VALUES (2272, 'Michael P. O''Mahony');
INSERT INTO Write (AuthorID, PaperID) VALUES (2272, 2072);
INSERT INTO Author (AuthorID, Name) VALUES (2273, 'Vilmos Bilicki');
INSERT INTO Write (AuthorID, PaperID) VALUES (2273, 3322);
INSERT INTO Author (AuthorID, Name) VALUES (2274, 'Rodolfo Delmonte');
INSERT INTO Paper (PaperID, Title, Year, MDate, Key, DOI) VALUES (119, 'VENSES GetAsk: a System for Hybrid Question Answering And Answer Recovery using Text Entailment.', 2013, '2014-09-10', 'conf/clef/Delmonte13', 'http://ceur-ws.org/Vol-1179/CLEF2013wn-QA4MRE-Delmonte2013.pdf');
INSERT INTO Write (AuthorID, PaperID) VALUES (2274, 119);
INSERT INTO Author (AuthorID, Name) VALUES (2275, 'Rami Suleiman Alkhawaldeh');
INSERT INTO Write (AuthorID, PaperID) VALUES (2275, 1399);
INSERT INTO Author (AuthorID, Name) VALUES (2276, 'Andrey Ignatov');
INSERT INTO Paper (PaperID, Title, Year, MDate, Key, DOI) VALUES (2665, 'Twitter Author Profiling Using Word Embeddings and Logistic Regression.', 2017, '2017-08-15', 'conf/clef/AkhtyamovaCI17', 'http://ceur-ws.org/Vol-1866/paper_81.pdf');
INSERT INTO Write (AuthorID, PaperID) VALUES (2276, 2665);
INSERT INTO Author (AuthorID, Name) VALUES (2277, 'Nazli Goharian');
INSERT INTO Write (AuthorID, PaperID) VALUES (2277, 3425);
INSERT INTO Author (AuthorID, Name) VALUES (2278, 'Pinar Yolum');
INSERT INTO Write (AuthorID, PaperID) VALUES (2278, 479);
INSERT INTO Author (AuthorID, Name) VALUES (2279, 'Mahmoud Khonji');
INSERT INTO Paper (PaperID, Title, Year, MDate, Key, DOI) VALUES (1139, 'A Slightly-modified GI-based Author-verifier with Lots of Features (ASGALF).', 2014, '2014-09-10', 'conf/clef/KhonjiI14', 'http://ceur-ws.org/Vol-1180/CLEF2014wn-Pan-KonijEt2014.pdf');
INSERT INTO Write (AuthorID, PaperID) VALUES (2279, 1139);
INSERT INTO Author (AuthorID, Name) VALUES (2280, 'Marcella Tambuscio');
INSERT INTO Write (AuthorID, PaperID) VALUES (2280, 2516);
INSERT INTO Author (AuthorID, Name) VALUES (2281, 'Pierre Geurts');
INSERT INTO Write (AuthorID, PaperID) VALUES (2281, 2936);
INSERT INTO Author (AuthorID, Name) VALUES (2282, '&Aacute;rp&aacute;d S&aacute;rosi');
INSERT INTO Write (AuthorID, PaperID) VALUES (2282, 3322);
INSERT INTO Author (AuthorID, Name) VALUES (2283, 'Jing Zhang');
INSERT INTO Write (AuthorID, PaperID) VALUES (2283, 1109);
INSERT INTO Author (AuthorID, Name) VALUES (2284, 'Josef V. Psutka');
INSERT INTO Write (AuthorID, PaperID) VALUES (2284, 3277);
INSERT INTO Author (AuthorID, Name) VALUES (2285, 'Nishikant Johri');
INSERT INTO Write (AuthorID, PaperID) VALUES (2285, 815);
INSERT INTO Author (AuthorID, Name) VALUES (2286, 'Adrian Espino Gamez');
INSERT INTO Write (AuthorID, PaperID) VALUES (2286, 2871);
INSERT INTO Author (AuthorID, Name) VALUES (2287, 'Sebastian S&uuml;nkler');
INSERT INTO Write (AuthorID, PaperID) VALUES (2287, 2616);
INSERT INTO Author (AuthorID, Name) VALUES (2288, 'Ioannis Kourtis');
INSERT INTO Write (AuthorID, PaperID) VALUES (2288, 3158);
INSERT INTO Author (AuthorID, Name) VALUES (2289, 'Philipp Duzak');
INSERT INTO Write (AuthorID, PaperID) VALUES (2289, 266);
INSERT INTO Author (AuthorID, Name) VALUES (2290, 'Sandra Mitrovic');
INSERT INTO Write (AuthorID, PaperID) VALUES (2290, 2435);
INSERT INTO Author (AuthorID, Name) VALUES (2291, 'Suzanne Little');
INSERT INTO Write (AuthorID, PaperID) VALUES (2291, 1971);
INSERT INTO Author (AuthorID, Name) VALUES (2292, 'Sara Riaz');
INSERT INTO Write (AuthorID, PaperID) VALUES (2292, 3005);
INSERT INTO Author (AuthorID, Name) VALUES (2293, 'Tatiana Lesnikova');
INSERT INTO Write (AuthorID, PaperID) VALUES (2293, 814);
INSERT INTO Author (AuthorID, Name) VALUES (2294, 'Cees G. M. Snoek');
INSERT INTO Write (AuthorID, PaperID) VALUES (2294, 1613);
INSERT INTO Author (AuthorID, Name) VALUES (2295, 'Lu&iacute;s Rato');
INSERT INTO Write (AuthorID, PaperID) VALUES (2295, 2846);
INSERT INTO Author (AuthorID, Name) VALUES (2296, 'Dimitar Alexandrov');
INSERT INTO Write (AuthorID, PaperID) VALUES (2296, 1520);
INSERT INTO Author (AuthorID, Name) VALUES (2297, 'Pascale Fung');
INSERT INTO Paper (PaperID, Title, Year, MDate, Key, DOI) VALUES (1308, 'CLEF 2001 Bilingual Task: Simple Dictionary-Based Query Translation.', 2001, '2014-08-15', 'conf/clef/CarpuatF01', 'http://ceur-ws.org/Vol-1167/CLEF2001wn-adhoc-CarpuatEt2001.pdf');
INSERT INTO Write (AuthorID, PaperID) VALUES (2297, 1308);
INSERT INTO Author (AuthorID, Name) VALUES (2298, 'Erik Rodner');
INSERT INTO Paper (PaperID, Title, Year, MDate, Key, DOI) VALUES (1172, 'SeaCLEF 2016: Object Proposal Classification for Fish Detection in Underwater Videos.', 2016, '2016-08-11', 'conf/clef/JagerRDWF16', 'http://ceur-ws.org/Vol-1609/16090481.pdf');
INSERT INTO Write (AuthorID, PaperID) VALUES (2298, 1172);
INSERT INTO Author (AuthorID, Name) VALUES (2299, 'Vincent Claveau');
INSERT INTO Write (AuthorID, PaperID) VALUES (2299, 3189);
INSERT INTO Author (AuthorID, Name) VALUES (2300, 'Minh-Triet Tran');
INSERT INTO Write (AuthorID, PaperID) VALUES (2300, 1058);
INSERT INTO Author (AuthorID, Name) VALUES (2301, 'Nam-Duong Duong');
INSERT INTO Write (AuthorID, PaperID) VALUES (2301, 687);
INSERT INTO Author (AuthorID, Name) VALUES (2302, 'Pawel Herman');
INSERT INTO Write (AuthorID, PaperID) VALUES (2302, 2971);
INSERT INTO Author (AuthorID, Name) VALUES (2303, 'Madalina Merchez');
INSERT INTO Write (AuthorID, PaperID) VALUES (2303, 1647);
INSERT INTO Author (AuthorID, Name) VALUES (2304, 'Nerea Ezeiza');
INSERT INTO Write (AuthorID, PaperID) VALUES (2304, 2786);
INSERT INTO Author (AuthorID, Name) VALUES (2305, 'Nick Evans');
INSERT INTO Paper (PaperID, Title, Year, MDate, Key, DOI) VALUES (724, 'A News Recommender Engine with a Killer Sequence.', 2017, '2017-08-15', 'conf/clef/BonsEKK17', 'http://ceur-ws.org/Vol-1866/paper_171.pdf');
INSERT INTO Write (AuthorID, PaperID) VALUES (2305, 724);
INSERT INTO Author (AuthorID, Name) VALUES (2306, 'Chunye Wang');
INSERT INTO Paper (PaperID, Title, Year, MDate, Key, DOI) VALUES (2999, 'UCSC''s System for CLEF eHealth 2013 Task 1.', 2013, '2014-09-10', 'conf/clef/WangA13', 'http://ceur-ws.org/Vol-1179/CLEF2013wn-CLEFeHealth-WangEt2013.pdf');
INSERT INTO Write (AuthorID, PaperID) VALUES (2306, 2999);
INSERT INTO Author (AuthorID, Name) VALUES (2307, 'Alberto Del Bimbo');
INSERT INTO Paper (PaperID, Title, Year, MDate, Key, DOI) VALUES (118, 'MICC-UNIFI at ImageCLEF 2013 Scalable Concept Image Annotation.', 2013, '2014-09-10', 'conf/clef/UricchioBBB13', 'http://ceur-ws.org/Vol-1179/CLEF2013wn-ImageCLEF-UricchioEt2013.pdf');
INSERT INTO Write (AuthorID, PaperID) VALUES (2307, 118);
INSERT INTO Author (AuthorID, Name) VALUES (2308, 'Laura Silva');
INSERT INTO Write (AuthorID, PaperID) VALUES (2308, 1986);
INSERT INTO Author (AuthorID, Name) VALUES (2309, 'Nitish Aggarwal');
INSERT INTO Write (AuthorID, PaperID) VALUES (2309, 2714);
INSERT INTO Author (AuthorID, Name) VALUES (2310, 'Tanmay Basu');
INSERT INTO Paper (PaperID, Title, Year, MDate, Key, DOI) VALUES (644, 'Early Detection of Signs of Anorexia and Depression Over Social Media using Effective Machine Learning Frameworks.', 2018, '2018-08-08', 'conf/clef/PaulJB18', 'http://ceur-ws.org/Vol-2125/paper_182.pdf');
INSERT INTO Write (AuthorID, PaperID) VALUES (2310, 644);
INSERT INTO Author (AuthorID, Name) VALUES (2311, 'Franck Derieux');
INSERT INTO Write (AuthorID, PaperID) VALUES (2311, 1621);
INSERT INTO Author (AuthorID, Name) VALUES (2312, 'Hitesh Sabnani');
INSERT INTO Write (AuthorID, PaperID) VALUES (2312, 2760);
INSERT INTO Author (AuthorID, Name) VALUES (2313, 'Thomas Hofmann');
INSERT INTO Write (AuthorID, PaperID) VALUES (2313, 2203);
INSERT INTO Author (AuthorID, Name) VALUES (2314, 'Feiyan Hu');
INSERT INTO Paper (PaperID, Title, Year, MDate, Key, DOI) VALUES (2348, 'Automatic Coding of Death Certificates to ICD-10 Terminology.', 2017, '2017-08-15', 'conf/clef/JonnagaddalaH17', 'http://ceur-ws.org/Vol-1866/paper_92.pdf');
INSERT INTO Write (AuthorID, PaperID) VALUES (2314, 2348);
INSERT INTO Author (AuthorID, Name) VALUES (2315, 'S&eacute;bastien Harispe');
INSERT INTO Paper (PaperID, Title, Year, MDate, Key, DOI) VALUES (1960, 'USI at BioASQ 2015: a Semantic Similarity-based Approach for Semantic Indexing.', 2015, '2015-09-03', 'conf/clef/FioriniRHRM15', 'http://ceur-ws.org/Vol-1391/94-CR.pdf');
INSERT INTO Write (AuthorID, PaperID) VALUES (2315, 1960);
INSERT INTO Author (AuthorID, Name) VALUES (2316, 'Naomie Salim');
INSERT INTO Paper (PaperID, Title, Year, MDate, Key, DOI) VALUES (1854, 'Fuzzy Semantic-Based String Similarity for Extrinsic Plagiarism Detection - Lab Report for PAN at CLEF 2010.', 2010, '2014-09-24', 'conf/clef/AlzahraniS10', 'http://www.clef-initiative.eu/documents/71612/86374/CLEF2010wn-PAN-AlzahraniEt2010.pdf');
INSERT INTO Write (AuthorID, PaperID) VALUES (2316, 1854);
INSERT INTO Author (AuthorID, Name) VALUES (2317, 'Harald Hammarstr&ouml;m');
INSERT INTO Paper (PaperID, Title, Year, MDate, Key, DOI) VALUES (20, 'Automatic Annotation of Bibliographical References for Descriptive Language Materials.', 2011, '2017-05-24', 'conf/clef/Hammarstrom11', 'https://doi.org/10.1007/978-3-642-23708-9_8');
INSERT INTO Write (AuthorID, PaperID) VALUES (2317, 20);
INSERT INTO Author (AuthorID, Name) VALUES (2318, 'Atsushi Shimada');
INSERT INTO Write (AuthorID, PaperID) VALUES (2318, 3442);
INSERT INTO Author (AuthorID, Name) VALUES (2319, 'Kamalakar Karlapalem');
INSERT INTO Write (AuthorID, PaperID) VALUES (2319, 1737);
INSERT INTO Author (AuthorID, Name) VALUES (2320, 'Benjamin Sch&uuml;rer');
INSERT INTO Write (AuthorID, PaperID) VALUES (2320, 2310);
INSERT INTO Author (AuthorID, Name) VALUES (2321, 'Shingo Ono');
INSERT INTO Paper (PaperID, Title, Year, MDate, Key, DOI) VALUES (2313, 'ITC-UT: Tweet Categorization by Query Categorization for On-line Reputation Management.', 2010, '2014-09-24', 'conf/clef/YoshidaMOSN10', 'http://www.clef-initiative.eu/documents/71612/86374/CLEF2010wn-WePS-YoshidaEt2010.pdf');
INSERT INTO Write (AuthorID, PaperID) VALUES (2321, 2313);
INSERT INTO Author (AuthorID, Name) VALUES (2322, 'Elias Ruiz');
INSERT INTO Write (AuthorID, PaperID) VALUES (2322, 2317);
INSERT INTO Author (AuthorID, Name) VALUES (2323, 'Fernando S&aacute;nchez-Vega');
INSERT INTO Write (AuthorID, PaperID) VALUES (2323, 2769);
INSERT INTO Author (AuthorID, Name) VALUES (2324, 'Cong Xu');
INSERT INTO Paper (PaperID, Title, Year, MDate, Key, DOI) VALUES (1884, 'ECNU at 2018 eHealth Task1 Multilingual Information Extraction.', 2018, '2018-08-08', 'conf/clef/LiXWBLY18', 'http://ceur-ws.org/Vol-2125/paper_127.pdf');
INSERT INTO Write (AuthorID, PaperID) VALUES (2324, 1884);
INSERT INTO Author (AuthorID, Name) VALUES (2325, 'Jun Wang');
INSERT INTO Write (AuthorID, PaperID) VALUES (2325, 3307);
INSERT INTO Author (AuthorID, Name) VALUES (2326, 'Omar Alonso');
INSERT INTO Paper (PaperID, Title, Year, MDate, Key, DOI) VALUES (2657, 'Crowdsourcing for Information Retrieval Experimentation and Evaluation.', 2011, '2018-06-26', 'conf/clef/Alonso11', 'https://doi.org/10.1007/978-3-642-23708-9_2');
INSERT INTO Write (AuthorID, PaperID) VALUES (2326, 2657);
INSERT INTO Author (AuthorID, Name) VALUES (2327, 'Alexandru Eduard Cozma');
INSERT INTO Write (AuthorID, PaperID) VALUES (2327, 3302);
INSERT INTO Author (AuthorID, Name) VALUES (2328, 'Rada Mihalcea');
INSERT INTO Write (AuthorID, PaperID) VALUES (2328, 2966);
INSERT INTO Author (AuthorID, Name) VALUES (2329, 'Rodwan Bakkar Deyab');
INSERT INTO Write (AuthorID, PaperID) VALUES (2329, 942);
INSERT INTO Author (AuthorID, Name) VALUES (2330, 'Samuel Fernando');
INSERT INTO Write (AuthorID, PaperID) VALUES (2330, 2530);
INSERT INTO Author (AuthorID, Name) VALUES (2331, 'Marlene Kritz');
INSERT INTO Write (AuthorID, PaperID) VALUES (2331, 3106);
INSERT INTO Author (AuthorID, Name) VALUES (2332, 'Herman H. H. B. M. van Haagen');
INSERT INTO Write (AuthorID, PaperID) VALUES (2332, 891);
INSERT INTO Author (AuthorID, Name) VALUES (2333, 'Marilia Santos');
INSERT INTO Write (AuthorID, PaperID) VALUES (2333, 442);
INSERT INTO Author (AuthorID, Name) VALUES (2334, 'Renata Vieira');
INSERT INTO Write (AuthorID, PaperID) VALUES (2334, 2281);
INSERT INTO Author (AuthorID, Name) VALUES (2335, 'Jos&eacute; M. Chenlo');
INSERT INTO Paper (PaperID, Title, Year, MDate, Key, DOI) VALUES (1025, 'FBM-Yahoo! at RepLab 2012.', 2012, '2014-10-21', 'conf/clef/ChenloARB12', 'http://www.clef-initiative.eu/documents/71612/bd18de7e-435a-4ae6-bbc0-5b9bc135d52e');
INSERT INTO Write (AuthorID, PaperID) VALUES (2335, 1025);
INSERT INTO Author (AuthorID, Name) VALUES (2336, 'Ghaida Rebdawi');
INSERT INTO Paper (PaperID, Title, Year, MDate, Key, DOI) VALUES (3052, 'Arabic Tweeps Gender and Dialect Prediction.', 2017, '2017-08-15', 'conf/clef/AlrifaiRG17', 'http://ceur-ws.org/Vol-1866/paper_67.pdf');
INSERT INTO Write (AuthorID, PaperID) VALUES (2336, 3052);
INSERT INTO Author (AuthorID, Name) VALUES (2337, 'Khaled Hossain Ansary');
INSERT INTO Paper (PaperID, Title, Year, MDate, Key, DOI) VALUES (2624, 'A Pipeline Tweet Contextualization System at INEX 2013.', 2013, '2019-02-14', 'conf/clef/AnsaryTT13', 'http://ceur-ws.org/Vol-1179/CLEF2013wn-INEX-AnsaryEt2013.pdf');
INSERT INTO Write (AuthorID, PaperID) VALUES (2337, 2624);
INSERT INTO Author (AuthorID, Name) VALUES (2338, 'Mihai Pitu');
INSERT INTO Write (AuthorID, PaperID) VALUES (2338, 40);
INSERT INTO Author (AuthorID, Name) VALUES (2339, 'Konstantinos Anastasakis');
INSERT INTO Write (AuthorID, PaperID) VALUES (2339, 2693);
INSERT INTO Author (AuthorID, Name) VALUES (2340, 'Mamitiana Ignace Randrianarivony');
INSERT INTO Write (AuthorID, PaperID) VALUES (2340, 1149);
INSERT INTO Author (AuthorID, Name) VALUES (2341, 'Andrei Gabrielian');
INSERT INTO Write (AuthorID, PaperID) VALUES (2341, 3502);
INSERT INTO Author (AuthorID, Name) VALUES (2342, 'Mikhail P. Kuznetsov');
INSERT INTO Write (AuthorID, PaperID) VALUES (2342, 326);
INSERT INTO Author (AuthorID, Name) VALUES (2343, 'Tam&aacute;s Szir&aacute;nyi');
INSERT INTO Paper (PaperID, Title, Year, MDate, Key, DOI) VALUES (103, 'The Appearance of the Giant Component in Descriptor Graphs and Its Application for Descriptor Selection.', 2012, '2017-05-24', 'conf/clef/KeszlerKS12', 'https://doi.org/10.1007/978-3-642-33247-0_9');
INSERT INTO Write (AuthorID, PaperID) VALUES (2343, 103);
INSERT INTO Author (AuthorID, Name) VALUES (2344, 'Yan Gao');
INSERT INTO Paper (PaperID, Title, Year, MDate, Key, DOI) VALUES (365, 'Topological Localization of Mobile Robots Using Probabilistic Support Vector Classification.', 2009, '2017-05-24', 'conf/clef/GaoL09', 'https://doi.org/10.1007/978-3-642-15751-6_31');
INSERT INTO Write (AuthorID, PaperID) VALUES (2344, 365);
INSERT INTO Author (AuthorID, Name) VALUES (2345, 'Narciso Garc&iacute;a');
INSERT INTO Write (AuthorID, PaperID) VALUES (2345, 860);
INSERT INTO Author (AuthorID, Name) VALUES (2346, 'Bo Du');
INSERT INTO Write (AuthorID, PaperID) VALUES (2346, 573);
INSERT INTO Author (AuthorID, Name) VALUES (2347, 'V. M&eacute;ndez-S&aacute;enz');
INSERT INTO Write (AuthorID, PaperID) VALUES (2347, 1094);
INSERT INTO Author (AuthorID, Name) VALUES (2348, 'Gaurav Arora');
INSERT INTO Write (AuthorID, PaperID) VALUES (2348, 1395);
INSERT INTO Author (AuthorID, Name) VALUES (2349, 'Jos&eacute; Casillas');
INSERT INTO Write (AuthorID, PaperID) VALUES (2349, 1110);
INSERT INTO Author (AuthorID, Name) VALUES (2350, 'Sree Kalyani Jandhyala');
INSERT INTO Write (AuthorID, PaperID) VALUES (2350, 644);
INSERT INTO Author (AuthorID, Name) VALUES (2351, 'Jingtian Jiang');
INSERT INTO Write (AuthorID, PaperID) VALUES (2351, 1926);
INSERT INTO Author (AuthorID, Name) VALUES (2352, 'Rita Cucchiara');
INSERT INTO Write (AuthorID, PaperID) VALUES (2352, 504);
INSERT INTO Author (AuthorID, Name) VALUES (2353, 'Dimitrios A. Pritsos');
INSERT INTO Write (AuthorID, PaperID) VALUES (2353, 3405);
INSERT INTO Author (AuthorID, Name) VALUES (2354, 'Bilel Gafsaoui');
INSERT INTO Write (AuthorID, PaperID) VALUES (2354, 3038);
INSERT INTO Author (AuthorID, Name) VALUES (2355, 'Sabine Rosenberg');
INSERT INTO Write (AuthorID, PaperID) VALUES (2355, 1954);
INSERT INTO Author (AuthorID, Name) VALUES (2356, 'Omar Trigui');
INSERT INTO Write (AuthorID, PaperID) VALUES (2356, 3038);
INSERT INTO Author (AuthorID, Name) VALUES (2357, 'Laura Perret');
INSERT INTO Paper (PaperID, Title, Year, MDate, Key, DOI) VALUES (1002, 'A Question Answering System for French.', 2004, '2017-05-24', 'conf/clef/Perret05', 'https://doi.org/10.1007/11519645_39');
INSERT INTO Write (AuthorID, PaperID) VALUES (2357, 1002);
INSERT INTO Author (AuthorID, Name) VALUES (2358, 'Fidelia Ibekwe-Sanjuan');
INSERT INTO Write (AuthorID, PaperID) VALUES (2358, 925);
INSERT INTO Author (AuthorID, Name) VALUES (2359, 'Luis Rei');
INSERT INTO Write (AuthorID, PaperID) VALUES (2359, 3118);
INSERT INTO Author (AuthorID, Name) VALUES (2360, 'Chedi Bechikh Ali');
INSERT INTO Paper (PaperID, Title, Year, MDate, Key, DOI) VALUES (1670, 'Monolingual and Cross-lingual Information Retrieval in Cultural Microblog at CLEF 2018.', 2018, '2018-08-08', 'conf/clef/AliH18', 'http://ceur-ws.org/Vol-2125/paper_187.pdf');
INSERT INTO Write (AuthorID, PaperID) VALUES (2360, 1670);
INSERT INTO Author (AuthorID, Name) VALUES (2361, 'Dimitris Katsios');
INSERT INTO Write (AuthorID, PaperID) VALUES (2361, 470);
INSERT INTO Author (AuthorID, Name) VALUES (2362, 'Maria Leonor Pacheco');
INSERT INTO Paper (PaperID, Title, Year, MDate, Key, DOI) VALUES (3491, 'Random Forest with Increased Generalization: A Universal Background Approach for Authorship Verification.', 2015, '2015-09-03', 'conf/clef/PachecoFP15', 'http://ceur-ws.org/Vol-1391/87-CR.pdf');
INSERT INTO Write (AuthorID, PaperID) VALUES (2362, 3491);
INSERT INTO Author (AuthorID, Name) VALUES (2363, 'Riya Ravi N');
INSERT INTO Paper (PaperID, Title, Year, MDate, Key, DOI) VALUES (2785, 'Efficient Paragraph based Chunking and Download Filtering for Plagiarism Source Retrieval.', 2015, '2015-09-03', 'conf/clef/NG15', 'http://ceur-ws.org/Vol-1391/128-CR.pdf');
INSERT INTO Write (AuthorID, PaperID) VALUES (2363, 2785);
INSERT INTO Author (AuthorID, Name) VALUES (2364, 'Laszlo Pelikan');
INSERT INTO Write (AuthorID, PaperID) VALUES (2364, 190);
INSERT INTO Author (AuthorID, Name) VALUES (2365, 'Jean Beney');
INSERT INTO Paper (PaperID, Title, Year, MDate, Key, DOI) VALUES (2034, 'LCI-INSA Linguistic Experiment for CLEF-IP Classification Track.', 2010, '2014-09-24', 'conf/clef/Beney10', 'http://www.clef-initiative.eu/documents/71612/86374/CLEF2010wn-CLEF-IP-Beney2010.pdf');
INSERT INTO Write (AuthorID, PaperID) VALUES (2365, 2034);
INSERT INTO Author (AuthorID, Name) VALUES (2366, 'Lesly Miculicich Werlen');
INSERT INTO Paper (PaperID, Title, Year, MDate, Key, DOI) VALUES (2668, 'Statistical Learning Methods for Profiling Analysis: Notebook for PAN at CLEF 2015.', 2015, '2015-09-03', 'conf/clef/Werlen15', 'http://ceur-ws.org/Vol-1391/16-CR.pdf');
INSERT INTO Write (AuthorID, PaperID) VALUES (2366, 2668);
INSERT INTO Author (AuthorID, Name) VALUES (2367, 'Hiroshi Nakagawa');
INSERT INTO Write (AuthorID, PaperID) VALUES (2367, 2313);
INSERT INTO Author (AuthorID, Name) VALUES (2368, 'Clara Vania');
INSERT INTO Write (AuthorID, PaperID) VALUES (2368, 931);
INSERT INTO Author (AuthorID, Name) VALUES (2369, 'Yolanda Sjafrizal');
INSERT INTO Write (AuthorID, PaperID) VALUES (2369, 1376);
INSERT INTO Author (AuthorID, Name) VALUES (2370, 'Dirk Weissenborn');
INSERT INTO Paper (PaperID, Title, Year, MDate, Key, DOI) VALUES (2106, 'Answering Factoid Questions in the Biomedical Domain.', 2013, '2017-10-11', 'conf/clef/WeissenbornTS13', 'http://ceur-ws.org/Vol-1094/bioasq2013_submission_5.pdf');
INSERT INTO Write (AuthorID, PaperID) VALUES (2370, 2106);
INSERT INTO Author (AuthorID, Name) VALUES (2371, 'Akiko Aizawa');
INSERT INTO Write (AuthorID, PaperID) VALUES (2371, 2346);
INSERT INTO Author (AuthorID, Name) VALUES (2372, 'Adolfo Jonathan Salinas-L&oacute;pez');
INSERT INTO Write (AuthorID, PaperID) VALUES (2372, 2187);
INSERT INTO Author (AuthorID, Name) VALUES (2373, 'Ludovic Dos Santos');
INSERT INTO Write (AuthorID, PaperID) VALUES (2373, 2162);
INSERT INTO Author (AuthorID, Name) VALUES (2374, 'Nicholas J. Belkin');
INSERT INTO Write (AuthorID, PaperID) VALUES (2374, 2381);
INSERT INTO Author (AuthorID, Name) VALUES (2375, 'Olga Litvinova');
INSERT INTO Write (AuthorID, PaperID) VALUES (2375, 38);
INSERT INTO Author (AuthorID, Name) VALUES (2376, 'Laura Florea');
INSERT INTO Write (AuthorID, PaperID) VALUES (2376, 2988);
INSERT INTO Author (AuthorID, Name) VALUES (2377, 'Andrew James McMinn');
INSERT INTO Write (AuthorID, PaperID) VALUES (2377, 1004);
INSERT INTO Author (AuthorID, Name) VALUES (2378, 'Peidong Wang');
INSERT INTO Write (AuthorID, PaperID) VALUES (2378, 1738);
INSERT INTO Author (AuthorID, Name) VALUES (2379, 'Issei Sato');
INSERT INTO Write (AuthorID, PaperID) VALUES (2379, 2313);
INSERT INTO Author (AuthorID, Name) VALUES (2380, 'Peter Willett 0002');
INSERT INTO Write (AuthorID, PaperID) VALUES (2380, 2886);
INSERT INTO Author (AuthorID, Name) VALUES (2381, 'Shin''ichi Satoh');
INSERT INTO Paper (PaperID, Title, Year, MDate, Key, DOI) VALUES (1381, 'NII, Japan at ImageCLEF 2011 Photo Annotation Task.', 2011, '2014-09-24', 'conf/clef/LeS11', 'http://www.clef-initiative.eu/documents/71612/86377/CLEF2011wn-ImageCLEF-LeEt2011.pdf');
INSERT INTO Write (AuthorID, PaperID) VALUES (2381, 1381);
INSERT INTO Author (AuthorID, Name) VALUES (2382, 'Robert Veenhoven');
INSERT INTO Paper (PaperID, Title, Year, MDate, Key, DOI) VALUES (962, 'Using Translated Data to Improve Deep Learning Author Profiling Models: Notebook for PAN at CLEF 2018.', 2018, '2018-08-08', 'conf/clef/VeenhovenSHN18', 'http://ceur-ws.org/Vol-2125/paper_178.pdf');
INSERT INTO Write (AuthorID, PaperID) VALUES (2382, 962);
INSERT INTO Author (AuthorID, Name) VALUES (2383, 'Hui Yang 0001');
INSERT INTO Paper (PaperID, Title, Year, MDate, Key, DOI) VALUES (3037, 'Query Formulation for Prior Art Search - Georgetown University at CLEF-IP 2013.', 2013, '2015-11-24', 'conf/clef/LuoY13', 'http://ceur-ws.org/Vol-1179/CLEF2013wn-CLEFIP-LuoEt2013.pdf');
INSERT INTO Write (AuthorID, PaperID) VALUES (2383, 3037);
INSERT INTO Author (AuthorID, Name) VALUES (2384, 'Golnar Sheikshabbafghi');
INSERT INTO Write (AuthorID, PaperID) VALUES (2384, 623);
INSERT INTO Author (AuthorID, Name) VALUES (2385, 'Jesse Lingeman');
INSERT INTO Write (AuthorID, PaperID) VALUES (2385, 1501);
INSERT INTO Author (AuthorID, Name) VALUES (2386, 'Nathalie Hernandez');
INSERT INTO Write (AuthorID, PaperID) VALUES (2386, 753);
INSERT INTO Author (AuthorID, Name) VALUES (2387, 'Daniele Sartiano');
INSERT INTO Write (AuthorID, PaperID) VALUES (2387, 2962);
INSERT INTO Author (AuthorID, Name) VALUES (2388, 'Shereen Albitar');
INSERT INTO Write (AuthorID, PaperID) VALUES (2388, 2450);
INSERT INTO Author (AuthorID, Name) VALUES (2389, 'S&eacute;rgio Nunes');
INSERT INTO Paper (PaperID, Title, Year, MDate, Key, DOI) VALUES (3234, 'Index-Based Semantic Tagging for Efficient Query Interpretation.', 2016, '2017-06-02', 'conf/clef/DevezasN15', 'https://doi.org/10.1007/978-3-319-44564-9_17');
INSERT INTO Write (AuthorID, PaperID) VALUES (2389, 3234);
INSERT INTO Author (AuthorID, Name) VALUES (2390, 'Arthur Sultan');
INSERT INTO Write (AuthorID, PaperID) VALUES (2390, 1258);
INSERT INTO Author (AuthorID, Name) VALUES (2391, 'Kelvin W. C. Foong');
INSERT INTO Write (AuthorID, PaperID) VALUES (2391, 2862);
INSERT INTO Author (AuthorID, Name) VALUES (2392, 'Fatima Jahedpari');
INSERT INTO Write (AuthorID, PaperID) VALUES (2392, 2320);
INSERT INTO Author (AuthorID, Name) VALUES (2393, 'Vrizlynn L. L. Thing');
INSERT INTO Paper (PaperID, Title, Year, MDate, Key, DOI) VALUES (1610, 'Content-centric Age and Gender Profiling Notebook for PAN at CLEF 2013.', 2013, '2014-09-10', 'conf/clef/LimGT13', 'http://ceur-ws.org/Vol-1179/CLEF2013wn-PAN-LimEt2013.pdf');
INSERT INTO Write (AuthorID, PaperID) VALUES (2393, 1610);
INSERT INTO Author (AuthorID, Name) VALUES (2394, 'Maree Johnson');
INSERT INTO Write (AuthorID, PaperID) VALUES (2394, 1156);
INSERT INTO Author (AuthorID, Name) VALUES (2395, 'Tsun Ku');
INSERT INTO Write (AuthorID, PaperID) VALUES (2395, 664);
INSERT INTO Author (AuthorID, Name) VALUES (2396, 'Nenghai Yu');
INSERT INTO Write (AuthorID, PaperID) VALUES (2396, 1926);
INSERT INTO Author (AuthorID, Name) VALUES (2397, 'Neha Pawar');
INSERT INTO Write (AuthorID, PaperID) VALUES (2397, 2486);
INSERT INTO Author (AuthorID, Name) VALUES (2398, 'Alessandra Laderchi');
INSERT INTO Write (AuthorID, PaperID) VALUES (2398, 2011);
INSERT INTO Author (AuthorID, Name) VALUES (2399, 'Alexandros Stougiannis');
INSERT INTO Write (AuthorID, PaperID) VALUES (2399, 2980);
INSERT INTO Author (AuthorID, Name) VALUES (2400, 'Gilad Gressel');
INSERT INTO Paper (PaperID, Title, Year, MDate, Key, DOI) VALUES (993, 'Ensemble Learning Approach for Author Profiling.', 2014, '2015-02-19', 'conf/clef/KGSPAP14', 'http://ceur-ws.org/Vol-1180/CLEF2014wn-Pan-SurendranEt2014.pdf');
INSERT INTO Write (AuthorID, PaperID) VALUES (2400, 993);
INSERT INTO Author (AuthorID, Name) VALUES (2401, 'Botond Fazekas');
INSERT INTO Write (AuthorID, PaperID) VALUES (2401, 697);
INSERT INTO Author (AuthorID, Name) VALUES (2402, 'David Maxwell');
INSERT INTO Write (AuthorID, PaperID) VALUES (2402, 2014);
INSERT INTO Author (AuthorID, Name) VALUES (2403, 'Murat Can Ozdemir');
INSERT INTO Write (AuthorID, PaperID) VALUES (2403, 500);
INSERT INTO Author (AuthorID, Name) VALUES (2404, 'Lidia Moreno');
INSERT INTO Write (AuthorID, PaperID) VALUES (2404, 2225);
INSERT INTO Author (AuthorID, Name) VALUES (2405, 'Rajib Chakravorty');
INSERT INTO Write (AuthorID, PaperID) VALUES (2405, 2892);
INSERT INTO Author (AuthorID, Name) VALUES (2406, 'Tiago Almeida Fernandes');
INSERT INTO Write (AuthorID, PaperID) VALUES (2406, 1587);
INSERT INTO Author (AuthorID, Name) VALUES (2407, 'Christopher G. Harris 0001');
INSERT INTO Write (AuthorID, PaperID) VALUES (2407, 563);
INSERT INTO Author (AuthorID, Name) VALUES (2408, 'Hatem Haddad');
INSERT INTO Write (AuthorID, PaperID) VALUES (2408, 1670);
INSERT INTO Author (AuthorID, Name) VALUES (2409, 'Michael F&auml;rber 0001');
INSERT INTO Write (AuthorID, PaperID) VALUES (2409, 1813);
INSERT INTO Author (AuthorID, Name) VALUES (2410, 'Alexander Prus');
INSERT INTO Write (AuthorID, PaperID) VALUES (2410, 2282);
INSERT INTO Author (AuthorID, Name) VALUES (2411, 'Patric Jensfelt');
INSERT INTO Write (AuthorID, PaperID) VALUES (2411, 3290);
INSERT INTO Author (AuthorID, Name) VALUES (2412, 'Catarina F&eacute;lix');
INSERT INTO Write (AuthorID, PaperID) VALUES (2412, 3118);
INSERT INTO Author (AuthorID, Name) VALUES (2413, 'Jeroen Wilkens');
INSERT INTO Paper (PaperID, Title, Year, MDate, Key, DOI) VALUES (767, 'Twitter Text and Image Gender Classification with a Logistic Regression N-Gram Model: Notebook for PAN at CLEF 2018.', 2018, '2018-08-08', 'conf/clef/NieuwenhuisW18', 'http://ceur-ws.org/Vol-2125/paper_183.pdf');
INSERT INTO Write (AuthorID, PaperID) VALUES (2413, 767);
INSERT INTO Author (AuthorID, Name) VALUES (2414, 'Christos Papatheodorou');
INSERT INTO Paper (PaperID, Title, Year, MDate, Key, DOI) VALUES (1428, 'Evaluation of Cultural Heritage Digital Collections: the DiLEO Perspective.', 2011, '2014-09-24', 'conf/clef/TsakonasP11', 'http://www.clef-initiative.eu/documents/71612/86377/CLEF2011wn-CHiC-TsakonasEt2011.pdf');
INSERT INTO Write (AuthorID, PaperID) VALUES (2414, 1428);
INSERT INTO Author (AuthorID, Name) VALUES (2415, 'Aleksandr Chuklin');
INSERT INTO Write (AuthorID, PaperID) VALUES (2415, 1491);
INSERT INTO Author (AuthorID, Name) VALUES (2416, 'Laura Perrot');
INSERT INTO Paper (PaperID, Title, Year, MDate, Key, DOI) VALUES (1705, 'Question Answering System for the French Language.', 2004, '2014-08-15', 'conf/clef/Perrot04', 'http://ceur-ws.org/Vol-1170/CLEF2004wn-QACLEF-Perrot2004.pdf');
INSERT INTO Write (AuthorID, PaperID) VALUES (2416, 1705);
INSERT INTO Author (AuthorID, Name) VALUES (2417, 'Yen-Wei Chen');
INSERT INTO Paper (PaperID, Title, Year, MDate, Key, DOI) VALUES (3225, 'ImageCLEF 2010 Modality Classification in Medical Image Retrieval: Multiple Feature Fusion with Normalized Kernel Function.', 2010, '2014-09-24', 'conf/clef/Chen10', 'http://www.clef-initiative.eu/documents/71612/86374/CLEF2010wn-ImageCLEF-HanEt2010.pdf');
INSERT INTO Write (AuthorID, PaperID) VALUES (2417, 3225);
INSERT INTO Author (AuthorID, Name) VALUES (2418, 'M&aacute;rton J&oacute;zsef T&oacute;th');
INSERT INTO Write (AuthorID, PaperID) VALUES (2418, 3526);
INSERT INTO Author (AuthorID, Name) VALUES (2419, 'Matthieu-P. Schapranow');
INSERT INTO Write (AuthorID, PaperID) VALUES (2419, 2571);
INSERT INTO Author (AuthorID, Name) VALUES (2420, 'Stephan Neuhaus');
INSERT INTO Write (AuthorID, PaperID) VALUES (2420, 1097);
INSERT INTO Author (AuthorID, Name) VALUES (2421, 'Feza Baskaya');
INSERT INTO Write (AuthorID, PaperID) VALUES (2421, 2014);
INSERT INTO Author (AuthorID, Name) VALUES (2422, 'Alicia P&eacute;rez');
INSERT INTO Write (AuthorID, PaperID) VALUES (2422, 2400);
INSERT INTO Author (AuthorID, Name) VALUES (2423, 'Surender Reddy Yerva');
INSERT INTO Paper (PaperID, Title, Year, MDate, Key, DOI) VALUES (565, 'It Was Easy, when Apples and Blackberries Were only Fruits.', 2010, '2018-01-19', 'conf/clef/YervaMA10', 'http://www.clef-initiative.eu/documents/71612/86374/CLEF2010wn-WePS-YervaEt2010.pdf');
INSERT INTO Write (AuthorID, PaperID) VALUES (2423, 565);
INSERT INTO Author (AuthorID, Name) VALUES (2424, 'Bilel Moulahi');
INSERT INTO Write (AuthorID, PaperID) VALUES (2424, 1216);
INSERT INTO Author (AuthorID, Name) VALUES (2425, 'Chie Kamada');
INSERT INTO Write (AuthorID, PaperID) VALUES (2425, 1257);
INSERT INTO Author (AuthorID, Name) VALUES (2426, 'F. Javier Ortega');
INSERT INTO Paper (PaperID, Title, Year, MDate, Key, DOI) VALUES (686, 'ITALICA at PAN 2013: An Ensemble Learning Approach to Author Profiling Notebook for PAN at CLEF 2013.', 2013, '2014-09-10', 'conf/clef/CruzRO13', 'http://ceur-ws.org/Vol-1179/CLEF2013wn-PAN-CruzEt2013.pdf');
INSERT INTO Write (AuthorID, PaperID) VALUES (2426, 686);
INSERT INTO Author (AuthorID, Name) VALUES (2427, 'D. Ganesan');
INSERT INTO Write (AuthorID, PaperID) VALUES (2427, 3437);
INSERT INTO Author (AuthorID, Name) VALUES (2428, 'Georgina Ram&iacute;rez Camps');
INSERT INTO Write (AuthorID, PaperID) VALUES (2428, 946);
INSERT INTO Author (AuthorID, Name) VALUES (2429, 'Takuji Tahara');
INSERT INTO Write (AuthorID, PaperID) VALUES (2429, 771);
INSERT INTO Author (AuthorID, Name) VALUES (2430, 'Martine De Cock');
INSERT INTO Write (AuthorID, PaperID) VALUES (2430, 1598);
INSERT INTO Author (AuthorID, Name) VALUES (2431, 'M. Umut Sen');
INSERT INTO Write (AuthorID, PaperID) VALUES (2431, 322);
INSERT INTO Author (AuthorID, Name) VALUES (2432, 'Ke Liu 0002');
INSERT INTO Write (AuthorID, PaperID) VALUES (2432, 3249);
INSERT INTO Author (AuthorID, Name) VALUES (2433, 'Benjamin Murauer');
INSERT INTO Write (AuthorID, PaperID) VALUES (2433, 1957);
INSERT INTO Author (AuthorID, Name) VALUES (2434, 'Jing Yuan');
INSERT INTO Write (AuthorID, PaperID) VALUES (2434, 1065);
INSERT INTO Author (AuthorID, Name) VALUES (2435, 'Ngoc-Hai Pham');
INSERT INTO Write (AuthorID, PaperID) VALUES (2435, 3174);
INSERT INTO Author (AuthorID, Name) VALUES (2436, 'Edgardo Ferretti');
INSERT INTO Write (AuthorID, PaperID) VALUES (2436, 933);
INSERT INTO Author (AuthorID, Name) VALUES (2437, 'Edward Currie');
INSERT INTO Paper (PaperID, Title, Year, MDate, Key, DOI) VALUES (1333, 'Analysing TB Severity Levels with an Enhanced Deep re-sidual Learning - Depth-Resnet.', 2018, '2018-08-08', 'conf/clef/GaoJC18', 'http://ceur-ws.org/Vol-2125/paper_175.pdf');
INSERT INTO Write (AuthorID, PaperID) VALUES (2437, 1333);
INSERT INTO Author (AuthorID, Name) VALUES (2438, 'Qingchun Bai');
INSERT INTO Write (AuthorID, PaperID) VALUES (2438, 2386);
INSERT INTO Author (AuthorID, Name) VALUES (2439, 'Violaine Antoine');
INSERT INTO Write (AuthorID, PaperID) VALUES (2439, 2024);
INSERT INTO Author (AuthorID, Name) VALUES (2440, 'Esther Villar-Rodriguez');
INSERT INTO Write (AuthorID, PaperID) VALUES (2440, 1458);
INSERT INTO Author (AuthorID, Name) VALUES (2441, 'Heidy M. Mar&iacute;n');
INSERT INTO Write (AuthorID, PaperID) VALUES (2441, 116);
INSERT INTO Author (AuthorID, Name) VALUES (2442, 'R. Kavi');
INSERT INTO Write (AuthorID, PaperID) VALUES (2442, 3437);
INSERT INTO Author (AuthorID, Name) VALUES (2443, 'Graham Spinks');
INSERT INTO Write (AuthorID, PaperID) VALUES (2443, 1);
INSERT INTO Author (AuthorID, Name) VALUES (2444, 'Wei Shenwei');
INSERT INTO Write (AuthorID, PaperID) VALUES (2444, 3216);
INSERT INTO Author (AuthorID, Name) VALUES (2445, 'Maximiliano Saiz');
INSERT INTO Write (AuthorID, PaperID) VALUES (2445, 1285);
INSERT INTO Author (AuthorID, Name) VALUES (2446, 'Michael Schroeder 0001');
INSERT INTO Write (AuthorID, PaperID) VALUES (2446, 2106);
INSERT INTO Author (AuthorID, Name) VALUES (2447, 'Bidhan Chandra Pal');
INSERT INTO Write (AuthorID, PaperID) VALUES (2447, 3379);
INSERT INTO Author (AuthorID, Name) VALUES (2448, 'Johannes Bjerva');
INSERT INTO Write (AuthorID, PaperID) VALUES (2448, 294);
INSERT INTO Author (AuthorID, Name) VALUES (2449, 'Igor Safonov');
INSERT INTO Write (AuthorID, PaperID) VALUES (2449, 2282);
INSERT INTO Author (AuthorID, Name) VALUES (2450, 'Max Mauermann');
INSERT INTO Write (AuthorID, PaperID) VALUES (2450, 2629);
INSERT INTO Author (AuthorID, Name) VALUES (2451, 'Frine A. Sonalo Hernandez');
INSERT INTO Write (AuthorID, PaperID) VALUES (2451, 2871);
INSERT INTO Author (AuthorID, Name) VALUES (2452, 'Nicolas Vuillenemot');
INSERT INTO Write (AuthorID, PaperID) VALUES (2452, 45);
INSERT INTO Author (AuthorID, Name) VALUES (2453, 'Cherif Chiraz Latiri');
INSERT INTO Write (AuthorID, PaperID) VALUES (2453, 1817);
INSERT INTO Author (AuthorID, Name) VALUES (2454, 'George Anderson');
INSERT INTO Write (AuthorID, PaperID) VALUES (2454, 1912);
INSERT INTO Author (AuthorID, Name) VALUES (2455, 'Mar&iacute;a-Dolores Olvera-Lobo');
INSERT INTO Write (AuthorID, PaperID) VALUES (2455, 1472);
INSERT INTO Author (AuthorID, Name) VALUES (2456, 'Kay Wolter');
INSERT INTO Write (AuthorID, PaperID) VALUES (2456, 2463);
INSERT INTO Author (AuthorID, Name) VALUES (2457, 'Shlomo Argamon');
INSERT INTO Write (AuthorID, PaperID) VALUES (2457, 2328);
INSERT INTO Author (AuthorID, Name) VALUES (2458, 'Philippe Birnbaum');
INSERT INTO Write (AuthorID, PaperID) VALUES (2458, 3072);
INSERT INTO Author (AuthorID, Name) VALUES (2459, 'Chlo&eacute; Monnin');
INSERT INTO Write (AuthorID, PaperID) VALUES (2459, 1070);
INSERT INTO Author (AuthorID, Name) VALUES (2460, 'Rob Johnson');
INSERT INTO Write (AuthorID, PaperID) VALUES (2460, 1897);
INSERT INTO Author (AuthorID, Name) VALUES (2461, 'Olivier Bodenreider');
INSERT INTO Paper (PaperID, Title, Year, MDate, Key, DOI) VALUES (835, 'Multi-lingual Features of the Unified Medical Language System.', 2013, '2014-09-10', 'conf/clef/Bodenreider13', 'http://ceur-ws.org/Vol-1179/CLEF2013wn-CLEFER-Bodenreider2013.pdf');
INSERT INTO Write (AuthorID, PaperID) VALUES (2461, 835);
INSERT INTO Author (AuthorID, Name) VALUES (2462, 'Masatoshi Hidaka');
INSERT INTO Write (AuthorID, PaperID) VALUES (2462, 3100);
INSERT INTO Author (AuthorID, Name) VALUES (2463, 'Carlos-Francisco M&eacute;ndez-Cruz');
INSERT INTO Paper (PaperID, Title, Year, MDate, Key, DOI) VALUES (2230, 'Testing a Statistical Word Stemmer based on Affixality Measurements in INEX 2012 Tweet Contextualization Track.', 2012, '2014-09-24', 'conf/clef/Mendez-CruzSU12', 'http://www.clef-initiative.eu/documents/71612/59f02571-8d2d-4151-b189-c8633640e40f');
INSERT INTO Write (AuthorID, PaperID) VALUES (2463, 2230);
INSERT INTO Author (AuthorID, Name) VALUES (2464, 'Tuan Nguyen');
INSERT INTO Write (AuthorID, PaperID) VALUES (2464, 1248);
INSERT INTO Author (AuthorID, Name) VALUES (2465, 'Maria De-Arteaga');
INSERT INTO Paper (PaperID, Title, Year, MDate, Key, DOI) VALUES (581, 'Author Profiling Using Corpus Statistics, Lexicons and Stylistic Features Notebook for PAN at CLEF-2013.', 2013, '2016-10-06', 'conf/clef/De-ArteagaJDMB13', 'http://ceur-ws.org/Vol-1179/CLEF2013wn-PAN-DeArteagaEt2013.pdf');
INSERT INTO Write (AuthorID, PaperID) VALUES (2465, 581);
INSERT INTO Author (AuthorID, Name) VALUES (2466, 'Noureddin M. Sadawi');
INSERT INTO Write (AuthorID, PaperID) VALUES (2466, 715);
INSERT INTO Author (AuthorID, Name) VALUES (2467, 'Sebastian Pad&oacute;');
INSERT INTO Paper (PaperID, Title, Year, MDate, Key, DOI) VALUES (2236, 'Dependency-Based Answer Validation for German.', 2011, '2014-09-24', 'conf/clef/BabychHPP11', 'http://www.clef-initiative.eu/documents/71612/86377/CLEF2011wn-QA4MRE-BabychEt2011.pdf');
INSERT INTO Write (AuthorID, PaperID) VALUES (2467, 2236);
INSERT INTO Author (AuthorID, Name) VALUES (2468, 'V. Jagannathan');
INSERT INTO Write (AuthorID, PaperID) VALUES (2468, 3437);
INSERT INTO Author (AuthorID, Name) VALUES (2469, 'Chen Zhang');
INSERT INTO Paper (PaperID, Title, Year, MDate, Key, DOI) VALUES (226, 'MSU at ImageCLEF: Cross Language and Interactive Image Retrieval.', 2004, '2017-05-24', 'conf/clef/BansalZCJ05', 'https://doi.org/10.1007/11519645_78');
INSERT INTO Write (AuthorID, PaperID) VALUES (2469, 226);
INSERT INTO Author (AuthorID, Name) VALUES (2470, 'Ricardo Silva');
INSERT INTO Write (AuthorID, PaperID) VALUES (2470, 2336);
INSERT INTO Author (AuthorID, Name) VALUES (2471, 'Yuhang Wang');
INSERT INTO Write (AuthorID, PaperID) VALUES (2471, 3305);
INSERT INTO Author (AuthorID, Name) VALUES (2472, 'Aditya Mogadala');
INSERT INTO Write (AuthorID, PaperID) VALUES (2472, 1745);
INSERT INTO Author (AuthorID, Name) VALUES (2473, 'Maria Ntonti');
INSERT INTO Write (AuthorID, PaperID) VALUES (2473, 3447);
INSERT INTO Author (AuthorID, Name) VALUES (2474, 'Owen Conlan');
INSERT INTO Write (AuthorID, PaperID) VALUES (2474, 1465);
INSERT INTO Author (AuthorID, Name) VALUES (2475, 'Amr Zamel');
INSERT INTO Write (AuthorID, PaperID) VALUES (2475, 1275);
INSERT INTO Author (AuthorID, Name) VALUES (2476, 'Victor Mijangos');
INSERT INTO Write (AuthorID, PaperID) VALUES (2476, 3208);
INSERT INTO Author (AuthorID, Name) VALUES (2477, 'Esa&uacute; Villatoro');
INSERT INTO Write (AuthorID, PaperID) VALUES (2477, 2522);
INSERT INTO Author (AuthorID, Name) VALUES (2478, 'Karim Gasmi');
INSERT INTO Write (AuthorID, PaperID) VALUES (2478, 985);
INSERT INTO Author (AuthorID, Name) VALUES (2479, 'Bappaditya Mandal');
INSERT INTO Write (AuthorID, PaperID) VALUES (2479, 1380);
INSERT INTO Author (AuthorID, Name) VALUES (2480, 'Mohammed Amine Chikh');
INSERT INTO Write (AuthorID, PaperID) VALUES (2480, 3294);
INSERT INTO Author (AuthorID, Name) VALUES (2481, 'Daniel Bell');
INSERT INTO Write (AuthorID, PaperID) VALUES (2481, 1437);
INSERT INTO Author (AuthorID, Name) VALUES (2482, 'Ali Taylan Cemgil');
INSERT INTO Write (AuthorID, PaperID) VALUES (2482, 1640);
INSERT INTO Author (AuthorID, Name) VALUES (2483, 'Jiaxin Chen');
INSERT INTO Write (AuthorID, PaperID) VALUES (2483, 354);
INSERT INTO Author (AuthorID, Name) VALUES (2484, 'Jonas J&auml;ger');
INSERT INTO Write (AuthorID, PaperID) VALUES (2484, 1172);
INSERT INTO Author (AuthorID, Name) VALUES (2485, 'Byungsoo Kim');
INSERT INTO Write (AuthorID, PaperID) VALUES (2485, 2012);
INSERT INTO Author (AuthorID, Name) VALUES (2486, 'Prodromos Malakasiotis');
INSERT INTO Write (AuthorID, PaperID) VALUES (2486, 683);
INSERT INTO Author (AuthorID, Name) VALUES (2487, 'Mahmoud Al-Ayyoub');
INSERT INTO Paper (PaperID, Title, Year, MDate, Key, DOI) VALUES (1038, 'JUST at VQA-Med: A VGG-Seq2Seq Model.', 2018, '2018-08-08', 'conf/clef/TalafhaA18', 'http://ceur-ws.org/Vol-2125/paper_171.pdf');
INSERT INTO Write (AuthorID, PaperID) VALUES (2487, 1038);
INSERT INTO Author (AuthorID, Name) VALUES (2488, 'Aitziber Atutxa');
INSERT INTO Write (AuthorID, PaperID) VALUES (2488, 2786);
INSERT INTO Author (AuthorID, Name) VALUES (2489, 'Elias Sprengel');
INSERT INTO Write (AuthorID, PaperID) VALUES (2489, 2203);
INSERT INTO Author (AuthorID, Name) VALUES (2490, 'John Collins');
INSERT INTO Paper (PaperID, Title, Year, MDate, Key, DOI) VALUES (1349, 'A Comparative Study of Similarity Measures for Content-Based Medical Image Retrieval.', 2012, '2014-09-24', 'conf/clef/CollinsO12', 'http://www.clef-initiative.eu/documents/71612/1d5c2a45-fbb2-4bcd-a081-e4a914a13b9d');
INSERT INTO Write (AuthorID, PaperID) VALUES (2490, 1349);
INSERT INTO Author (AuthorID, Name) VALUES (2491, 'Aleksandr Ogaltsov');
INSERT INTO Write (AuthorID, PaperID) VALUES (2491, 1798);
INSERT INTO Author (AuthorID, Name) VALUES (2492, 'Alfonso Medina Urrea');
INSERT INTO Write (AuthorID, PaperID) VALUES (2492, 2230);
INSERT INTO Author (AuthorID, Name) VALUES (2493, 'Tomas Salas Fernandez');
INSERT INTO Write (AuthorID, PaperID) VALUES (2493, 246);
INSERT INTO Author (AuthorID, Name) VALUES (2494, 'Iza Skrjanec');
INSERT INTO Write (AuthorID, PaperID) VALUES (2494, 1724);
INSERT INTO Author (AuthorID, Name) VALUES (2495, 'Fernando L&oacute;pez Osterno');
INSERT INTO Paper (PaperID, Title, Year, MDate, Key, DOI) VALUES (2054, 'UNED at CLEf RepLab: Author Profiling.', 2014, '2014-09-10', 'conf/clef/LomenaO14', 'http://ceur-ws.org/Vol-1180/CLEF2014wn-Rep-LomenaEt2014.pdf');
INSERT INTO Write (AuthorID, PaperID) VALUES (2495, 2054);
INSERT INTO Author (AuthorID, Name) VALUES (2496, 'Andrei-Cristian Prodan');
INSERT INTO Write (AuthorID, PaperID) VALUES (2496, 3389);
INSERT INTO Author (AuthorID, Name) VALUES (2497, 'Ricardo A. Fierro-Villaneda');
INSERT INTO Write (AuthorID, PaperID) VALUES (2497, 3362);
INSERT INTO Author (AuthorID, Name) VALUES (2498, 'Andreea-Loredana Andresan');
INSERT INTO Write (AuthorID, PaperID) VALUES (2498, 1593);
INSERT INTO Author (AuthorID, Name) VALUES (2499, 'Neil R. Smalheiser');
INSERT INTO Paper (PaperID, Title, Year, MDate, Key, DOI) VALUES (1527, 'OHSU CLEF 2018 Task 2 Diagnostic Test Accuracy Ranking using Publication Type Cluster Similarity Measures.', 2018, '2018-08-09', 'conf/clef/CohenS18', 'http://ceur-ws.org/Vol-2125/paper_174.pdf');
INSERT INTO Write (AuthorID, PaperID) VALUES (2499, 1527);
INSERT INTO Author (AuthorID, Name) VALUES (2500, 'Nestor Mariyasagayam');
INSERT INTO Write (AuthorID, PaperID) VALUES (2500, 1737);
INSERT INTO Author (AuthorID, Name) VALUES (2501, 'Yang Liu 0088');
INSERT INTO Write (AuthorID, PaperID) VALUES (2501, 2222);
INSERT INTO Author (AuthorID, Name) VALUES (2502, 'Byron C. Wallace');
INSERT INTO Write (AuthorID, PaperID) VALUES (2502, 3365);
INSERT INTO Author (AuthorID, Name) VALUES (2503, 'Sanda M. Harabagiu');
INSERT INTO Paper (PaperID, Title, Year, MDate, Key, DOI) VALUES (700, 'The Impact of Belief Values on the Identification of Patient Cohorts.', 2013, '2017-06-02', 'conf/clef/GoodwinH13', 'https://doi.org/10.1007/978-3-642-40802-1_20');
INSERT INTO Write (AuthorID, PaperID) VALUES (2503, 700);
INSERT INTO Author (AuthorID, Name) VALUES (2504, 'Denis Savenkov');
INSERT INTO Write (AuthorID, PaperID) VALUES (2504, 29);
INSERT INTO Author (AuthorID, Name) VALUES (2505, 'Chul-Kyu Kim');
INSERT INTO Write (AuthorID, PaperID) VALUES (2505, 2337);
INSERT INTO Author (AuthorID, Name) VALUES (2506, 'Jian-Lin Jin');
INSERT INTO Write (AuthorID, PaperID) VALUES (2506, 1127);
INSERT INTO Author (AuthorID, Name) VALUES (2507, 'Andrea Buzzelli');
INSERT INTO Write (AuthorID, PaperID) VALUES (2507, 2962);
INSERT INTO Author (AuthorID, Name) VALUES (2508, 'Mike Wu');
INSERT INTO Write (AuthorID, PaperID) VALUES (2508, 2492);
INSERT INTO Author (AuthorID, Name) VALUES (2509, 'J&aacute;n Grman');
INSERT INTO Paper (PaperID, Title, Year, MDate, Key, DOI) VALUES (150, 'Improved Implementation for Finding Text Similarities in Large Sets of Data - Notebook for PAN at CLEF 2011.', 2011, '2014-09-24', 'conf/clef/GrmanR11', 'http://www.clef-initiative.eu/documents/71612/86377/CLEF2011wn-PAN-GrmanEt2011.pdf');
INSERT INTO Write (AuthorID, PaperID) VALUES (2509, 150);
INSERT INTO Author (AuthorID, Name) VALUES (2510, 'John David Osborne');
INSERT INTO Write (AuthorID, PaperID) VALUES (2510, 1777);
INSERT INTO Author (AuthorID, Name) VALUES (2511, 'Sujoy Roy');
INSERT INTO Paper (PaperID, Title, Year, MDate, Key, DOI) VALUES (977, 'I2R At ImageCLEF Wikipedia Retrieval 2010.', 2010, '2014-09-24', 'conf/clef/WanZR10', 'http://www.clef-initiative.eu/documents/71612/86374/CLEF2010wn-ImageCLEF-WanEt2010.pdf');
INSERT INTO Write (AuthorID, PaperID) VALUES (2511, 977);
INSERT INTO Author (AuthorID, Name) VALUES (2512, 'Steven Bethard');
INSERT INTO Paper (PaperID, Title, Year, MDate, Key, DOI) VALUES (2981, 'UArizona at the CLEF eRisk 2017 Pilot Task: Linear and Recurrent Models for Early Depression Detection.', 2017, '2017-08-15', 'conf/clef/SadequeXB17', 'http://ceur-ws.org/Vol-1866/paper_58.pdf');
INSERT INTO Write (AuthorID, PaperID) VALUES (2512, 2981);
INSERT INTO Author (AuthorID, Name) VALUES (2513, '&Ouml;zlem Uzuner');
INSERT INTO Write (AuthorID, PaperID) VALUES (2513, 773);
INSERT INTO Author (AuthorID, Name) VALUES (2514, 'Sasa Milic');
INSERT INTO Write (AuthorID, PaperID) VALUES (2514, 1182);
INSERT INTO Author (AuthorID, Name) VALUES (2515, 'Liangliang Cao');
INSERT INTO Paper (PaperID, Title, Year, MDate, Key, DOI) VALUES (2815, 'IBM T.J. Watson Research Center, Multimedia Analytics: Modality Classification and Case-Based Retrieval Tasks of ImageCLEF2012.', 2012, '2014-09-24', 'conf/clef/CaoCCMNS12', 'http://www.clef-initiative.eu/documents/71612/421f7233-c817-40f4-84e7-de375f1a915a');
INSERT INTO Write (AuthorID, PaperID) VALUES (2515, 2815);
INSERT INTO Author (AuthorID, Name) VALUES (2516, 'Mandy Neumann');
INSERT INTO Write (AuthorID, PaperID) VALUES (2516, 2512);
INSERT INTO Author (AuthorID, Name) VALUES (2517, 'Sreekanth Madisetty');
INSERT INTO Paper (PaperID, Title, Year, MDate, Key, DOI) VALUES (133, 'IITH at CLEF 2017: Finding Relevant Tweets for Cultural Events.', 2017, '2017-08-15', 'conf/clef/MadisettyD17', 'http://ceur-ws.org/Vol-1866/paper_94.pdf');
INSERT INTO Write (AuthorID, PaperID) VALUES (2517, 133);
INSERT INTO Author (AuthorID, Name) VALUES (2518, 'Vadim Stankevitch');
INSERT INTO Paper (PaperID, Title, Year, MDate, Key, DOI) VALUES (1142, 'IHS-RD-BELARUS: Clinical Named Entities Identification in French Medical Texts.', 2015, '2015-09-03', 'conf/clef/ChernyshevichS15', 'http://ceur-ws.org/Vol-1391/158-CR.pdf');
INSERT INTO Write (AuthorID, PaperID) VALUES (2518, 1142);
INSERT INTO Author (AuthorID, Name) VALUES (2519, 'Valeriu Cornea');
INSERT INTO Write (AuthorID, PaperID) VALUES (2519, 1673);
INSERT INTO Author (AuthorID, Name) VALUES (2520, 'Du Zou');
INSERT INTO Paper (PaperID, Title, Year, MDate, Key, DOI) VALUES (1048, 'A Cluster-Based Plagiarism Detection Method - Lab Report for PAN at CLEF 2010.', 2010, '2014-09-24', 'conf/clef/ZouLL10', 'http://www.clef-initiative.eu/documents/71612/86374/CLEF2010wn-PAN-ZouEt2010.pdf');
INSERT INTO Write (AuthorID, PaperID) VALUES (2520, 1048);
INSERT INTO Author (AuthorID, Name) VALUES (2521, 'Ilya Markov');
INSERT INTO Write (AuthorID, PaperID) VALUES (2521, 1491);
INSERT INTO Author (AuthorID, Name) VALUES (2522, 'Zhang Ling');
INSERT INTO Write (AuthorID, PaperID) VALUES (2522, 1048);
INSERT INTO Author (AuthorID, Name) VALUES (2523, 'Taylor Cassidy');
INSERT INTO Write (AuthorID, PaperID) VALUES (2523, 2900);
INSERT INTO Author (AuthorID, Name) VALUES (2524, 'Aditya Pavan');
INSERT INTO Write (AuthorID, PaperID) VALUES (2524, 1745);
INSERT INTO Author (AuthorID, Name) VALUES (2525, 'Carlos Soares');
INSERT INTO Write (AuthorID, PaperID) VALUES (2525, 3118);
INSERT INTO Author (AuthorID, Name) VALUES (2526, 'Ramon de Graaff');
INSERT INTO Write (AuthorID, PaperID) VALUES (2526, 731);
INSERT INTO Author (AuthorID, Name) VALUES (2527, 'Kerem Yildirir');
INSERT INTO Write (AuthorID, PaperID) VALUES (2527, 322);
INSERT INTO Author (AuthorID, Name) VALUES (2528, 'Ollivier Haemmerl&eacute;');
INSERT INTO Write (AuthorID, PaperID) VALUES (2528, 753);
INSERT INTO Author (AuthorID, Name) VALUES (2529, 'Shuang Wang');
INSERT INTO Write (AuthorID, PaperID) VALUES (2529, 1323);
INSERT INTO Author (AuthorID, Name) VALUES (2530, 'Kelwin Fernandes');
INSERT INTO Write (AuthorID, PaperID) VALUES (2530, 3491);
INSERT INTO Author (AuthorID, Name) VALUES (2531, 'Paul Kalmar');
INSERT INTO Paper (PaperID, Title, Year, MDate, Key, DOI) VALUES (741, 'Bootstrapping Websites for Classification of Organization Names on Twitter.', 2010, '2014-09-24', 'conf/clef/Kalmar10', 'http://www.clef-initiative.eu/documents/71612/86374/CLEF2010wn-WePS-Kalmar2010.pdf');
INSERT INTO Write (AuthorID, PaperID) VALUES (2531, 741);
INSERT INTO Author (AuthorID, Name) VALUES (2532, 'Moritz Schubotz');
INSERT INTO Paper (PaperID, Title, Year, MDate, Key, DOI) VALUES (2598, 'Evaluating and Improving the Extraction of Mathematical Identifier Definitions.', 2017, '2018-11-14', 'conf/clef/SchubotzKMHG17', 'https://www.wikidata.org/entity/Q51230137');
INSERT INTO Write (AuthorID, PaperID) VALUES (2532, 2598);
INSERT INTO Author (AuthorID, Name) VALUES (2533, 'Veronika Laippala');
INSERT INTO Write (AuthorID, PaperID) VALUES (2533, 1557);
INSERT INTO Author (AuthorID, Name) VALUES (2534, 'Manon Cassier');
INSERT INTO Write (AuthorID, PaperID) VALUES (2534, 1900);
INSERT INTO Author (AuthorID, Name) VALUES (2535, 'Rosalvo Ferreira Oliveira Neto');
INSERT INTO Paper (PaperID, Title, Year, MDate, Key, DOI) VALUES (1575, 'Using Character n-grams and Style Features for Gender and Language Variety Classification.', 2017, '2017-08-15', 'conf/clef/OliveiraN17', 'http://ceur-ws.org/Vol-1866/paper_118.pdf');
INSERT INTO Write (AuthorID, PaperID) VALUES (2535, 1575);
INSERT INTO Author (AuthorID, Name) VALUES (2536, 'Heshaam Feili');
INSERT INTO Write (AuthorID, PaperID) VALUES (2536, 2912);
INSERT INTO Author (AuthorID, Name) VALUES (2537, 'Yujia Huo');
INSERT INTO Write (AuthorID, PaperID) VALUES (2537, 279);
INSERT INTO Author (AuthorID, Name) VALUES (2538, 'Abdulkadir Yazici');
INSERT INTO Write (AuthorID, PaperID) VALUES (2538, 479);
INSERT INTO Author (AuthorID, Name) VALUES (2539, 'Cristhian Mayor');
INSERT INTO Write (AuthorID, PaperID) VALUES (2539, 2938);
INSERT INTO Author (AuthorID, Name) VALUES (2540, 'Claudio Andr&eacute; Alves');
INSERT INTO Write (AuthorID, PaperID) VALUES (2540, 1266);
INSERT INTO Author (AuthorID, Name) VALUES (2541, 'Claudio Cifarelli');
INSERT INTO Write (AuthorID, PaperID) VALUES (2541, 1213);
INSERT INTO Author (AuthorID, Name) VALUES (2542, 'Zhenyuan Hao');
INSERT INTO Write (AuthorID, PaperID) VALUES (2542, 1109);
INSERT INTO Author (AuthorID, Name) VALUES (2543, 'Roi Blanco');
INSERT INTO Write (AuthorID, PaperID) VALUES (2543, 1025);
INSERT INTO Author (AuthorID, Name) VALUES (2544, 'Angel Toledo');
INSERT INTO Write (AuthorID, PaperID) VALUES (2544, 1286);
INSERT INTO Author (AuthorID, Name) VALUES (2545, 'Neil Newbold');
INSERT INTO Write (AuthorID, PaperID) VALUES (2545, 2017);
INSERT INTO Author (AuthorID, Name) VALUES (2546, 'Thi Thanh-Nhan Nguyen');
INSERT INTO Write (AuthorID, PaperID) VALUES (2546, 687);
INSERT INTO Author (AuthorID, Name) VALUES (2547, 'Pentti Kanerva');
INSERT INTO Write (AuthorID, PaperID) VALUES (2547, 2663);
INSERT INTO Author (AuthorID, Name) VALUES (2548, 'Harvey S. Hyman');
INSERT INTO Paper (PaperID, Title, Year, MDate, Key, DOI) VALUES (3017, 'An eHealth Process Model of Visualization and Exploration to Support Improved Patient Discharge Record Understanding and Medical Knowledge Enhancement.', 2014, '2014-09-10', 'conf/clef/HymanF14', 'http://ceur-ws.org/Vol-1180/CLEF2014wn-eHealth-HymanEt2014.pdf');
INSERT INTO Write (AuthorID, PaperID) VALUES (2548, 3017);
INSERT INTO Author (AuthorID, Name) VALUES (2549, 'Georgios Georgiadis');
INSERT INTO Write (AuthorID, PaperID) VALUES (2549, 1743);
INSERT INTO Author (AuthorID, Name) VALUES (2550, 'Bogdan Luca');
INSERT INTO Write (AuthorID, PaperID) VALUES (2550, 1647);
INSERT INTO Author (AuthorID, Name) VALUES (2551, 'Miguel Penalver');
INSERT INTO Write (AuthorID, PaperID) VALUES (2551, 783);
INSERT INTO Author (AuthorID, Name) VALUES (2552, 'Kong-Wah Wan');
INSERT INTO Write (AuthorID, PaperID) VALUES (2552, 977);
INSERT INTO Author (AuthorID, Name) VALUES (2553, 'Hui Wu');
INSERT INTO Write (AuthorID, PaperID) VALUES (2553, 3305);
INSERT INTO Author (AuthorID, Name) VALUES (2554, 'Xiaolong Wang 0001');
INSERT INTO Write (AuthorID, PaperID) VALUES (2554, 466);
INSERT INTO Author (AuthorID, Name) VALUES (2555, 'Talvany Carlotto');
INSERT INTO Write (AuthorID, PaperID) VALUES (2555, 294);
INSERT INTO Author (AuthorID, Name) VALUES (2556, 'Surya Ganesh');
INSERT INTO Write (AuthorID, PaperID) VALUES (2556, 1503);
INSERT INTO Author (AuthorID, Name) VALUES (2557, 'Juan Ram&oacute;n Rico-Juan');
INSERT INTO Write (AuthorID, PaperID) VALUES (2557, 3515);
INSERT INTO Author (AuthorID, Name) VALUES (2558, 'Ra&uacute;l Ramos-Poll&aacute;n');
INSERT INTO Write (AuthorID, PaperID) VALUES (2558, 1357);
INSERT INTO Author (AuthorID, Name) VALUES (2559, 'Martina Taylor');
INSERT INTO Write (AuthorID, PaperID) VALUES (2559, 1761);
INSERT INTO Author (AuthorID, Name) VALUES (2560, 'Thoai Man Luu');
INSERT INTO Write (AuthorID, PaperID) VALUES (2560, 766);
INSERT INTO Author (AuthorID, Name) VALUES (2561, 'Lucie Flekova');
INSERT INTO Write (AuthorID, PaperID) VALUES (2561, 1355);
INSERT INTO Author (AuthorID, Name) VALUES (2562, 'Mohamed Dermouche');
INSERT INTO Write (AuthorID, PaperID) VALUES (2562, 936);
INSERT INTO Author (AuthorID, Name) VALUES (2563, 'Jens Grivolla');
INSERT INTO Paper (PaperID, Title, Year, MDate, Key, DOI) VALUES (2405, 'Plagiarism Detection Using Information Retrieval and Similarity Measures Based on Image Processing Techniques - Lab Report for PAN at CLEF 2010.', 2010, '2019-04-03', 'conf/clef/Costa-JussaBGC10', 'http://www.clef-initiative.eu/documents/71612/86374/CLEF2010wn-PAN-Costa-juss%C3%A0Et2010.pdf');
INSERT INTO Write (AuthorID, PaperID) VALUES (2563, 2405);
INSERT INTO Author (AuthorID, Name) VALUES (2564, 'Josef Haupt');
INSERT INTO Write (AuthorID, PaperID) VALUES (2564, 1856);
INSERT INTO Author (AuthorID, Name) VALUES (2565, 'Ramakrishna Akella');
INSERT INTO Write (AuthorID, PaperID) VALUES (2565, 2999);
INSERT INTO Author (AuthorID, Name) VALUES (2566, 'Aleh Tarasau');
INSERT INTO Write (AuthorID, PaperID) VALUES (2566, 3502);
INSERT INTO Author (AuthorID, Name) VALUES (2567, 'Hussein Hussein');
INSERT INTO Write (AuthorID, PaperID) VALUES (2567, 90);
INSERT INTO Author (AuthorID, Name) VALUES (2568, 'Olivier Stern');
INSERT INTO Write (AuthorID, PaperID) VALUES (2568, 2936);
INSERT INTO Author (AuthorID, Name) VALUES (2569, 'Friedrich Fraundorfer');
INSERT INTO Paper (PaperID, Title, Year, MDate, Key, DOI) VALUES (2079, 'Visual Localization Using Global Visual Features and Vanishing Points.', 2010, '2014-09-24', 'conf/clef/SaurerFP10', 'http://www.clef-initiative.eu/documents/71612/86374/CLEF2010wn-ImageCLEF-SaurerEt2010.pdf');
INSERT INTO Write (AuthorID, PaperID) VALUES (2569, 2079);
INSERT INTO Author (AuthorID, Name) VALUES (2570, 'Ot&aacute;vio Costa Acosta');
INSERT INTO Write (AuthorID, PaperID) VALUES (2570, 2717);
INSERT INTO Author (AuthorID, Name) VALUES (2571, 'AmirHossein Habibian');
INSERT INTO Write (AuthorID, PaperID) VALUES (2571, 108);
INSERT INTO Author (AuthorID, Name) VALUES (2572, 'Klaus Fricke-Neuderth');
INSERT INTO Write (AuthorID, PaperID) VALUES (2572, 1172);
INSERT INTO Author (AuthorID, Name) VALUES (2573, 'Baden Hughes');
INSERT INTO Paper (PaperID, Title, Year, MDate, Key, DOI) VALUES (10, 'NICTA i2d2 in GeoCLEF 2005.', 2005, '2014-08-15', 'conf/clef/Hughes05', 'http://ceur-ws.org/Vol-1171/CLEF2005wn-GeoCLEF-HughesEt2005.pdf');
INSERT INTO Write (AuthorID, PaperID) VALUES (2573, 10);
INSERT INTO Author (AuthorID, Name) VALUES (2574, 'Ghislain Auguste Atemezing');
INSERT INTO Paper (PaperID, Title, Year, MDate, Key, DOI) VALUES (630, 'NoNLP: Annotating Medical Domain by using Semantic Technologies.', 2017, '2017-08-15', 'conf/clef/Atemezing17', 'http://ceur-ws.org/Vol-1866/paper_112.pdf');
INSERT INTO Write (AuthorID, PaperID) VALUES (2574, 630);
INSERT INTO Author (AuthorID, Name) VALUES (2575, 'Xiaohong W. Gao');
INSERT INTO Paper (PaperID, Title, Year, MDate, Key, DOI) VALUES (1701, 'Application of Deep Learning Neural Network for Classification of TB lung CT Images based on Patches.', 2017, '2017-08-15', 'conf/clef/GaoQ17', 'http://ceur-ws.org/Vol-1866/paper_87.pdf');
INSERT INTO Write (AuthorID, PaperID) VALUES (2575, 1701);
INSERT INTO Author (AuthorID, Name) VALUES (2576, 'Ludmila Himmelspach');
INSERT INTO Write (AuthorID, PaperID) VALUES (2576, 2117);
INSERT INTO Author (AuthorID, Name) VALUES (2577, 'Idriss Abdou Malam');
INSERT INTO Write (AuthorID, PaperID) VALUES (2577, 3140);
INSERT INTO Author (AuthorID, Name) VALUES (2578, 'Girija Chetty');
INSERT INTO Write (AuthorID, PaperID) VALUES (2578, 766);
INSERT INTO Author (AuthorID, Name) VALUES (2579, 'Dongyang Bao');
INSERT INTO Write (AuthorID, PaperID) VALUES (2579, 1884);
INSERT INTO Author (AuthorID, Name) VALUES (2580, 'Mihaela Breaban');
INSERT INTO Write (AuthorID, PaperID) VALUES (2580, 1987);
INSERT INTO Author (AuthorID, Name) VALUES (2581, 'Charles-Edmond Bichot');
INSERT INTO Write (AuthorID, PaperID) VALUES (2581, 1252);
INSERT INTO Author (AuthorID, Name) VALUES (2582, 'Shashwat Mishra');
INSERT INTO Write (AuthorID, PaperID) VALUES (2582, 649);
INSERT INTO Author (AuthorID, Name) VALUES (2583, 'Dimosthenis Karatzas');
INSERT INTO Write (AuthorID, PaperID) VALUES (2583, 1589);
INSERT INTO Author (AuthorID, Name) VALUES (2584, 'Zhaolong He');
INSERT INTO Write (AuthorID, PaperID) VALUES (2584, 3140);
INSERT INTO Author (AuthorID, Name) VALUES (2585, 'Dmitry Katsubo');
INSERT INTO Write (AuthorID, PaperID) VALUES (2585, 2881);
INSERT INTO Author (AuthorID, Name) VALUES (2586, 'Yi Xiang Marcus Tan');
INSERT INTO Write (AuthorID, PaperID) VALUES (2586, 561);
INSERT INTO Author (AuthorID, Name) VALUES (2587, 'Kevyn Collins-Thompson');
INSERT INTO Write (AuthorID, PaperID) VALUES (2587, 964);
INSERT INTO Author (AuthorID, Name) VALUES (2588, 'Lydia Mennes');
INSERT INTO Write (AuthorID, PaperID) VALUES (2588, 1514);
INSERT INTO Author (AuthorID, Name) VALUES (2589, 'Alexey Romanov');
INSERT INTO Paper (PaperID, Title, Year, MDate, Key, DOI) VALUES (3067, 'Language Variety and Gender Classification for Author Profiling in PAN 2017.', 2017, '2017-08-15', 'conf/clef/OgaltsovR17', 'http://ceur-ws.org/Vol-1866/paper_65.pdf');
INSERT INTO Write (AuthorID, PaperID) VALUES (2589, 3067);
INSERT INTO Author (AuthorID, Name) VALUES (2590, 'Xiaoyong Du');
INSERT INTO Write (AuthorID, PaperID) VALUES (2590, 3292);
INSERT INTO Author (AuthorID, Name) VALUES (2591, 'Xiaohong Gao');
INSERT INTO Write (AuthorID, PaperID) VALUES (2591, 1333);
INSERT INTO Author (AuthorID, Name) VALUES (2592, 'Andrei Rusu');
INSERT INTO Write (AuthorID, PaperID) VALUES (2592, 2159);
INSERT INTO Author (AuthorID, Name) VALUES (2593, 'Luis G. de Figueiredo');
INSERT INTO Write (AuthorID, PaperID) VALUES (2593, 1266);
INSERT INTO Author (AuthorID, Name) VALUES (2594, 'Parth Mehta 0001');
INSERT INTO Write (AuthorID, PaperID) VALUES (2594, 1347);
INSERT INTO Author (AuthorID, Name) VALUES (2595, 'Hristo Georgiev');
INSERT INTO Write (AuthorID, PaperID) VALUES (2595, 1520);
INSERT INTO Author (AuthorID, Name) VALUES (2596, 'Michael Singhof');
INSERT INTO Write (AuthorID, PaperID) VALUES (2596, 2790);
INSERT INTO Author (AuthorID, Name) VALUES (2597, 'Conrad Sanderson');
INSERT INTO Write (AuthorID, PaperID) VALUES (2597, 950);
INSERT INTO Author (AuthorID, Name) VALUES (2598, 'Mihaela Bobeica');
INSERT INTO Write (AuthorID, PaperID) VALUES (2598, 1621);
INSERT INTO Author (AuthorID, Name) VALUES (2599, 'Sobha Lalitha Devi');
INSERT INTO Paper (PaperID, Title, Year, MDate, Key, DOI) VALUES (3083, 'External Plagiarism Detection - Lab Report for PAN at CLEF 2010.', 2010, '2014-09-24', 'conf/clef/DeviRRA10', 'http://www.clef-initiative.eu/documents/71612/86374/CLEF2010wn-PAN-DeviEt2010.pdf');
INSERT INTO Write (AuthorID, PaperID) VALUES (2599, 3083);
INSERT INTO Author (AuthorID, Name) VALUES (2600, 'Chengxiang Zhai');
INSERT INTO Write (AuthorID, PaperID) VALUES (2600, 3249);
INSERT INTO Author (AuthorID, Name) VALUES (2601, 'Yashwant Keswani');
INSERT INTO Write (AuthorID, PaperID) VALUES (2601, 1347);
INSERT INTO Author (AuthorID, Name) VALUES (2602, 'Scott Sorensen');
INSERT INTO Write (AuthorID, PaperID) VALUES (2602, 69);
INSERT INTO Author (AuthorID, Name) VALUES (2603, 'Piotr Sobecki');
INSERT INTO Write (AuthorID, PaperID) VALUES (2603, 3465);
INSERT INTO Author (AuthorID, Name) VALUES (2604, 'Lionel Valet');
INSERT INTO Write (AuthorID, PaperID) VALUES (2604, 2024);
INSERT INTO Author (AuthorID, Name) VALUES (2605, 'Bahjat Safadi');
INSERT INTO Write (AuthorID, PaperID) VALUES (2605, 2716);
INSERT INTO Author (AuthorID, Name) VALUES (2606, 'Andreas N&uuml;rnberger');
INSERT INTO Write (AuthorID, PaperID) VALUES (2606, 758);
INSERT INTO Author (AuthorID, Name) VALUES (2607, 'Vassil Kalphov');
INSERT INTO Write (AuthorID, PaperID) VALUES (2607, 1743);
INSERT INTO Author (AuthorID, Name) VALUES (2608, 'Metti Zakaria Wanagiri');
INSERT INTO Write (AuthorID, PaperID) VALUES (2608, 1708);
INSERT INTO Author (AuthorID, Name) VALUES (2609, 'Philippe Beaune');
INSERT INTO Write (AuthorID, PaperID) VALUES (2609, 1961);
INSERT INTO Author (AuthorID, Name) VALUES (2610, 'Benjamin Deneu');
INSERT INTO Write (AuthorID, PaperID) VALUES (2610, 2949);
INSERT INTO Author (AuthorID, Name) VALUES (2611, 'Bin Geng');
INSERT INTO Write (AuthorID, PaperID) VALUES (2611, 728);
INSERT INTO Author (AuthorID, Name) VALUES (2612, 'Alan Alexis Farias-Anzaldua');
INSERT INTO Write (AuthorID, PaperID) VALUES (2612, 2941);
INSERT INTO Author (AuthorID, Name) VALUES (2613, 'Binayak Goswami');
INSERT INTO Write (AuthorID, PaperID) VALUES (2613, 3119);
INSERT INTO Author (AuthorID, Name) VALUES (2614, 'Bas Boom');
INSERT INTO Write (AuthorID, PaperID) VALUES (2614, 1269);
INSERT INTO Author (AuthorID, Name) VALUES (2615, 'Shin Matsushima');
INSERT INTO Write (AuthorID, PaperID) VALUES (2615, 2313);
INSERT INTO Author (AuthorID, Name) VALUES (2616, 'Julian Brooke');
INSERT INTO Write (AuthorID, PaperID) VALUES (2616, 1444);
INSERT INTO Author (AuthorID, Name) VALUES (2617, '&Ouml;zlem &Ouml;zg&ouml;bek');
INSERT INTO Write (AuthorID, PaperID) VALUES (2617, 1609);
INSERT INTO Author (AuthorID, Name) VALUES (2618, 'Erhard Rahm');
INSERT INTO Write (AuthorID, PaperID) VALUES (2618, 2055);
INSERT INTO Author (AuthorID, Name) VALUES (2619, 'Ricardo da Silva Torres');
INSERT INTO Paper (PaperID, Title, Year, MDate, Key, DOI) VALUES (3164, 'RECOD at ImageCLEF 2011: Medical Modality Classification using Genetic Programming.', 2011, '2014-09-24', 'conf/clef/FariaCT11', 'http://www.clef-initiative.eu/documents/71612/86377/CLEF2011wn-ImageCLEF-FariaEt2011.pdf');
INSERT INTO Write (AuthorID, PaperID) VALUES (2619, 3164);
INSERT INTO Author (AuthorID, Name) VALUES (2620, 'Grace Eunkyung Lee');
INSERT INTO Paper (PaperID, Title, Year, MDate, Key, DOI) VALUES (2897, 'A Study of Convolutional Neural Networks for Clinical Document Classification in Systematic Reviews: SysReview at CLEF eHealth 2017.', 2017, '2017-08-15', 'conf/clef/Lee17', 'http://ceur-ws.org/Vol-1866/paper_88.pdf');
INSERT INTO Write (AuthorID, PaperID) VALUES (2620, 2897);
INSERT INTO Author (AuthorID, Name) VALUES (2621, 'Siddhartha Jonnalagadda');
INSERT INTO Write (AuthorID, PaperID) VALUES (2621, 276);
INSERT INTO Author (AuthorID, Name) VALUES (2622, 'Meriem Hafsi');
INSERT INTO Write (AuthorID, PaperID) VALUES (2622, 2479);
INSERT INTO Author (AuthorID, Name) VALUES (2623, 'Martin Jaggi');
INSERT INTO Write (AuthorID, PaperID) VALUES (2623, 2203);
INSERT INTO Author (AuthorID, Name) VALUES (2624, 'Rudolf Berend Trieschnigg');
INSERT INTO Write (AuthorID, PaperID) VALUES (2624, 2605);
INSERT INTO Author (AuthorID, Name) VALUES (2625, 'Mohan Jayatilake');
INSERT INTO Write (AuthorID, PaperID) VALUES (2625, 2846);
INSERT INTO Author (AuthorID, Name) VALUES (2626, 'Kirill Bogomasov');
INSERT INTO Write (AuthorID, PaperID) VALUES (2626, 2117);
INSERT INTO Author (AuthorID, Name) VALUES (2627, 'Julien Ricard');
INSERT INTO Write (AuthorID, PaperID) VALUES (2627, 1594);
INSERT INTO Author (AuthorID, Name) VALUES (2628, 'Yassine Rkha Chaham');
INSERT INTO Write (AuthorID, PaperID) VALUES (2628, 2712);
INSERT INTO Author (AuthorID, Name) VALUES (2629, 'Teruko Mitamura');
INSERT INTO Write (AuthorID, PaperID) VALUES (2629, 718);
INSERT INTO Author (AuthorID, Name) VALUES (2630, 'Chantal Gratton');
INSERT INTO Write (AuthorID, PaperID) VALUES (2630, 2663);
INSERT INTO Author (AuthorID, Name) VALUES (2631, 'Stan Snijders');
INSERT INTO Write (AuthorID, PaperID) VALUES (2631, 962);
INSERT INTO Author (AuthorID, Name) VALUES (2632, 'Caitlin McCollister');
INSERT INTO Paper (PaperID, Title, Year, MDate, Key, DOI) VALUES (3036, 'Building Topic Models to Predict Author Attributes from Twitter Messages.', 2015, '2015-09-03', 'conf/clef/McCollisterLH15', 'http://ceur-ws.org/Vol-1391/119-CR.pdf');
INSERT INTO Write (AuthorID, PaperID) VALUES (2632, 3036);
INSERT INTO Author (AuthorID, Name) VALUES (2633, 'Siwar Zayani');
INSERT INTO Write (AuthorID, PaperID) VALUES (2633, 384);
INSERT INTO Author (AuthorID, Name) VALUES (2634, 'Paula Goodale');
INSERT INTO Write (AuthorID, PaperID) VALUES (2634, 1078);
INSERT INTO Author (AuthorID, Name) VALUES (2635, 'Ronald Cornet');
INSERT INTO Paper (PaperID, Title, Year, MDate, Key, DOI) VALUES (186, 'A Dutch Treat for Healthcare Terminology.', 2013, '2014-09-10', 'conf/clef/Cornet13', 'http://ceur-ws.org/Vol-1179/CLEF2013wn-CLEFER-Cornet2013.pdf');
INSERT INTO Write (AuthorID, PaperID) VALUES (2635, 186);
INSERT INTO Author (AuthorID, Name) VALUES (2636, 'Natalia Shepeleva');
INSERT INTO Write (AuthorID, PaperID) VALUES (2636, 2144);
INSERT INTO Author (AuthorID, Name) VALUES (2637, 'Mart Busger Op Vollenbroek');
INSERT INTO Write (AuthorID, PaperID) VALUES (2637, 294);
INSERT INTO Author (AuthorID, Name) VALUES (2638, 'Francisco J. N&oacute;voa');
INSERT INTO Paper (PaperID, Title, Year, MDate, Key, DOI) VALUES (1822, 'Analysis and Experiments on Early Detection of Depression.', 2018, '2018-08-08', 'conf/clef/CachedaINC18', 'http://ceur-ws.org/Vol-2125/paper_69.pdf');
INSERT INTO Write (AuthorID, PaperID) VALUES (2638, 1822);
INSERT INTO Author (AuthorID, Name) VALUES (2639, 'Ruihan Xu');
INSERT INTO Write (AuthorID, PaperID) VALUES (2639, 1323);
INSERT INTO Author (AuthorID, Name) VALUES (2640, 'Scott Notley');
INSERT INTO Write (AuthorID, PaperID) VALUES (2640, 1561);
INSERT INTO Author (AuthorID, Name) VALUES (2641, 'Yi Xie');
INSERT INTO Write (AuthorID, PaperID) VALUES (2641, 1323);
INSERT INTO Author (AuthorID, Name) VALUES (2642, 'Vincent Bouvier');
INSERT INTO Write (AuthorID, PaperID) VALUES (2642, 2602);
INSERT INTO Author (AuthorID, Name) VALUES (2643, 'Bo Lang');
INSERT INTO Write (AuthorID, PaperID) VALUES (2643, 824);
INSERT INTO Author (AuthorID, Name) VALUES (2644, 'Marine Carpuat');
INSERT INTO Write (AuthorID, PaperID) VALUES (2644, 1308);
INSERT INTO Author (AuthorID, Name) VALUES (2645, 'Zouheyr Bouafia');
INSERT INTO Write (AuthorID, PaperID) VALUES (2645, 3294);
INSERT INTO Author (AuthorID, Name) VALUES (2646, 'Daniel Abril');
INSERT INTO Write (AuthorID, PaperID) VALUES (2646, 1106);
INSERT INTO Author (AuthorID, Name) VALUES (2647, 'Junwei Liang');
INSERT INTO Write (AuthorID, PaperID) VALUES (2647, 279);
INSERT INTO Author (AuthorID, Name) VALUES (2648, 'Harish Yenala');
INSERT INTO Write (AuthorID, PaperID) VALUES (2648, 2951);
INSERT INTO Author (AuthorID, Name) VALUES (2649, 'Viviane Wolff');
INSERT INTO Write (AuthorID, PaperID) VALUES (2649, 1172);
INSERT INTO Author (AuthorID, Name) VALUES (2650, 'Francesco Corsini');
INSERT INTO Write (AuthorID, PaperID) VALUES (2650, 3267);
INSERT INTO Author (AuthorID, Name) VALUES (2651, 'Gibran Fuentes Pineda');
INSERT INTO Write (AuthorID, PaperID) VALUES (2651, 1110);
INSERT INTO Author (AuthorID, Name) VALUES (2652, 'Darnes Vilari&ntilde;o');
INSERT INTO Write (AuthorID, PaperID) VALUES (2652, 2538);
INSERT INTO Author (AuthorID, Name) VALUES (2653, 'Giuseppe Serra');
INSERT INTO Write (AuthorID, PaperID) VALUES (2653, 504);
INSERT INTO Author (AuthorID, Name) VALUES (2654, 'Prabaharan Poornachandran');
INSERT INTO Write (AuthorID, PaperID) VALUES (2654, 993);
INSERT INTO Author (AuthorID, Name) VALUES (2655, 'Youssef Iraqi');
INSERT INTO Write (AuthorID, PaperID) VALUES (2655, 1139);
INSERT INTO Author (AuthorID, Name) VALUES (2656, 'Cristian Padurariu');
INSERT INTO Write (AuthorID, PaperID) VALUES (2656, 3302);
INSERT INTO Author (AuthorID, Name) VALUES (2657, 'Mohamed Zarka');
